Shimmer_F5D4_Timestamp_FormattedUnix_CAL,Shimmer_F5D4_Accel_LN_X_CAL,Shimmer_F5D4_Accel_LN_Y_CAL,Shimmer_F5D4_Accel_LN_Z_CAL,Shimmer_F5D4_Accel_WR_X_CAL,Shimmer_F5D4_Accel_WR_Y_CAL,Shimmer_F5D4_Accel_WR_Z_CAL,Shimmer_F5D4_GSR_Range_CAL,Shimmer_F5D4_GSR_Skin_Conductance_CAL,Shimmer_F5D4_GSR_Skin_Resistance_CAL,Shimmer_F5D4_Gyro_X_CAL,Shimmer_F5D4_Gyro_Y_CAL,Shimmer_F5D4_Gyro_Z_CAL,Shimmer_F5D4_PPG_A13_CAL,Shimmer_F5D4_PPG_IBI_CAL,Shimmer_F5D4_PPGtoHR_CAL,Shimmer_F5D4_GSR_Skin_Conductance_LPF_CAL,
yyyy/mm/dd hh:mm:ss.000,m/(s^2),m/(s^2),m/(s^2),m/(s^2),m/(s^2),m/(s^2),no_units,uS,kOhms,deg/s,deg/s,deg/s,mV,ms,BPM,uS,
2023-08-12 10:35:34.598000,-6.228915662650603,-0.43373493975903615,-7.698795180722892,-0.3654199877375843,-5.972409564684242,-7.381974248927039,3.0,0.32434232434232435,3083.1622176591372,-0.019229648621874467,-0.05943709574034115,0.04207214031816311,1316.4835164835165,-1.0,-1.0,0.32416017102844397,
2023-08-12 10:35:34.606000,-6.216867469879518,-0.44578313253012053,-7.746987951807229,-0.42918454935622313,-5.916002452483139,-7.4408338442673205,3.0,0.32434232434232435,3083.1622176591372,0.043936833517860395,-0.029368917895228067,-0.0013985198997726411,1319.4139194139193,-1.0,-1.0,0.32416299684509875,
2023-08-12 10:35:34.613000,-6.253012048192772,-0.43373493975903615,-7.734939759036145,-0.41201716738197425,-5.906192519926425,-7.467811158798283,3.0,0.32434232434232435,3083.1622176591372,-0.04754967659227327,0.3207272303478816,0.23052269681254017,1323.8095238095236,-1.0,-1.0,0.3241657948151571,
2023-08-12 10:35:34.621000,-6.240963855421687,-0.43373493975903615,-7.710843373493976,-0.2918454935622317,-5.940527283874923,-7.423666462293071,3.0,0.32434232434232435,3083.1622176591372,-0.229706893537673,0.4372705553289437,0.15360410232503927,1326.7399267399267,-1.0,-1.0,0.32416856424204005,
2023-08-12 10:35:34.629000,-6.265060240963856,-0.43373493975903615,-7.686746987951808,-0.37768240343347637,-5.982219497240957,-7.4481912936848556,3.0,0.32389832389832396,3087.388622344071,-0.2283083736378995,0.3730551832643778,0.09311811665986841,1327.4725274725274,-1.0,-1.0,0.32417130429039787,
2023-08-12 10:35:34.636000,-6.240963855421687,-0.43373493975903615,-7.710843373493976,-0.43899448191293683,-5.925812385039853,-7.443286327406499,3.0,0.32434232434232435,3083.1622176591372,0.06386574208962162,-0.008391119398635847,0.3857584056873142,1327.4725274725274,-1.0,-1.0,0.32417401398689116,
2023-08-12 10:35:34.644000,-6.216867469879518,-0.43373493975903615,-7.72289156626506,-0.3825873697118332,-5.950337216431636,-7.359901900674433,3.0,0.32434232434232435,3083.1622176591372,0.033681020919527696,-0.4625604568498338,-0.08927218693549344,1325.2747252747251,-1.0,-1.0,0.3241766923485187,
2023-08-12 10:35:34.652000,-6.228915662650603,-0.43373493975903615,-7.698795180722892,-0.3948497854077253,-5.920907418761495,-7.431023911710606,3.0,0.32434232434232435,3083.1622176591372,0.44694365130237224,-0.4866849251209138,-0.08414428063632665,1320.8791208791208,-1.0,-1.0,0.32417933854259134,
2023-08-12 10:35:34.659000,-6.216867469879518,-0.43373493975903615,-7.698795180722892,-0.3261802575107296,-5.849785407725322,-7.416309012875536,3.0,0.32434232434232435,3083.1622176591372,0.06118524561505717,-0.6506613833692684,0.298350911951518,1317.216117216117,-1.0,-1.0,0.32418195174895853,
2023-08-12 10:35:34.667000,-6.216867469879518,-0.43373493975903615,-7.710843373493976,-0.35806253832004903,-5.969957081545064,-7.433476394849785,3.0,0.32434232434232435,3083.1622176591372,-0.07575316123768949,-0.7342229473806895,0.07027562496358021,1311.3553113553112,-1.0,-1.0,0.3241845311611154,
2023-08-12 10:35:34.675000,-6.204819277108434,-0.42168674698795183,-7.686746987951808,-0.35806253832004903,-5.916002452483139,-7.42611894543225,3.0,0.32434232434232435,3083.1622176591372,-0.1505739758755323,-0.4812073888468041,0.0271545947205874,1306.227106227106,-1.0,-1.0,0.32418707598743546,
2023-08-12 10:35:34.682000,-6.216867469879518,-0.43373493975903615,-7.686746987951808,-0.40465971796443895,-5.859595340282035,-7.423666462293071,3.0,0.32434232434232435,3083.1622176591372,-0.04347066021793532,-0.04871510984208337,-0.22959035021269172,1301.098901098901,-1.0,-1.0,0.32418958545253085,
2023-08-12 10:35:34.690000,-6.228915662650603,-0.42168674698795183,-7.698795180722892,-0.34580012262415694,-5.916002452483139,-7.416309012875536,3.0,0.32434232434232435,3083.1622176591372,-0.25709457490822163,-0.031816327719829104,-0.06083561564011423,1297.4358974358975,-1.0,-1.0,0.32419205879873,
2023-08-12 10:35:34.698000,-6.204819277108434,-0.42168674698795183,-7.686746987951808,-0.3408951563458001,-5.928264868179031,-7.389331698344574,3.0,0.32389832389832396,3087.388622344071,-0.1188741914806823,-0.03123361109492492,-0.058621292465474,1294.5054945054944,-1.0,-1.0,0.32419449528767263,
2023-08-12 10:35:34.705000,-6.204819277108434,-0.42168674698795183,-7.698795180722892,-0.3139178418148375,-5.874310239117106,-7.399141630901287,3.0,0.32434232434232435,3083.1622176591372,0.09544898315948905,-0.22993998018763467,-0.18087524037060793,1294.5054945054944,-1.0,-1.0,0.32419689405271734,
2023-08-12 10:35:34.713000,-6.204819277108434,-0.4096385542168675,-7.686746987951808,-0.43654199877375843,-5.901287553648069,-7.406499080318822,3.0,0.32434232434232435,3083.1622176591372,0.2932230056523521,-0.13950236000233027,0.004661732999242571,1293.7728937728937,-1.0,-1.0,0.3241992542281637,
2023-08-12 10:35:34.721000,-6.19277108433735,-0.43373493975903615,-7.710843373493976,-0.3114653586756591,-5.89883507050889,-7.340282035561005,3.0,0.32434232434232435,3083.1622176591372,0.1665404113979364,-0.0340306508944702,-0.08752403706077741,1293.7728937728937,-1.0,-1.0,0.32420157511008535,
2023-08-12 10:35:34.728000,-6.216867469879518,-0.42168674698795183,-7.698795180722892,-0.37522992029429797,-5.879215205395463,-7.389331698344574,3.0,0.32389832389832396,3087.388622344071,0.22504516053843088,-0.4327253656546824,0.13985198997727408,1293.7728937728937,-1.0,-1.0,0.3242038560193759,
2023-08-12 10:35:34.736000,-6.216867469879518,-0.42168674698795183,-7.698795180722892,-0.31882280809319435,-5.982219497240957,-7.431023911710606,3.0,0.32434232434232435,3083.1622176591372,0.05244449624147708,-0.30837363789988864,0.1816910436454751,1295.2380952380952,-1.0,-1.0,0.32420609629308056,
2023-08-12 10:35:34.743000,-6.216867469879518,-0.44578313253012053,-7.698795180722892,-0.40220723482526055,-5.920907418761495,-7.423666462293071,3.0,0.32434232434232435,3083.1622176591372,0.5841151448050805,-0.276207680205117,0.20872909504108164,1297.4358974358975,-1.0,-1.0,0.32420829525463585,
2023-08-12 10:35:34.751000,-6.240963855421687,-0.42168674698795183,-7.698795180722892,-0.39239730226854685,-6.026364193746168,-7.433476394849785,3.0,0.32389832389832396,3087.388622344071,0.5758405687314255,0.01759804207214102,0.14428063632655455,1298.168498168498,-1.0,-1.0,0.32421045224720624,
2023-08-12 10:35:34.759000,-6.265060240963856,-0.44578313253012053,-7.710843373493976,-0.34334763948497854,-5.957694665849172,-7.443286327406499,3.0,0.32434232434232435,3083.1622176591372,0.39939397471009896,0.3074412913000402,0.111648505331857,1297.4358974358975,-1.0,-1.0,0.3242125664966202,
2023-08-12 10:35:34.766000,-6.253012048192772,-0.43373493975903615,-7.710843373493976,-0.3801348865726548,-6.00674432863274,-7.433476394849785,3.0,0.32434232434232435,3083.1622176591372,0.3925179185362157,0.30720820465007853,0.11129887535691405,1298.168498168498,-1.0,-1.0,0.3242146372405244,
2023-08-12 10:35:34.774000,-6.265060240963856,-0.44578313253012053,-7.72289156626506,-0.3801348865726548,-5.94543225015328,-7.462906192519926,3.0,0.32434232434232435,3083.1622176591372,0.0654973486393568,0.6118524561505735,0.38377716916263604,1303.2967032967033,-1.0,-1.0,0.3242166638891007,
2023-08-12 10:35:34.782000,-6.253012048192772,-0.43373493975903615,-7.734939759036145,-0.34334763948497854,-6.016554261189454,-7.396689147762109,3.0,0.32434232434232435,3083.1622176591372,0.15080706252549397,0.13658877687780416,0.14952508595070219,1308.4249084249084,-1.0,-1.0,0.32421864588794924,
2023-08-12 10:35:34.789000,-6.253012048192772,-0.43373493975903615,-7.72289156626506,-0.3654199877375843,-5.984671980380135,-7.399141630901287,3.0,0.32434232434232435,3083.1622176591372,0.1604801584989225,0.1658411514480514,0.054425732766155636,1315.7509157509157,-1.0,-1.0,0.3242205827197573,
2023-08-12 10:35:34.797000,-6.253012048192772,-0.4096385542168675,-7.710843373493976,-0.3703249540159411,-5.967504598405886,-7.4408338442673205,3.0,0.32389832389832396,3087.388622344071,0.20068760561738744,-0.02051162519666714,0.02191014509643978,1327.4725274725274,-1.0,-1.0,0.32422247390599557,
2023-08-12 10:35:34.805000,-6.240963855421687,-0.42168674698795183,-7.72289156626506,-0.3678724708767627,-5.977314530962599,-7.372164316370324,3.0,0.32434232434232435,3083.1622176591372,0.028786201270322147,0.20430044869180033,0.21886836431443396,1344.3223443223442,-1.0,-1.0,0.32422431885934644,
2023-08-12 10:35:34.812000,-6.228915662650603,-0.43373493975903615,-7.72289156626506,-0.31882280809319435,-5.938074800735745,-7.428571428571428,3.0,0.32389832389832396,3087.388622344071,0.2872792960783173,0.042654856943067726,0.24707184895985063,1368.4981684981683,-1.0,-1.0,0.32422611701285586,
2023-08-12 10:35:34.820000,-6.216867469879518,-0.42168674698795183,-7.698795180722892,-0.34334763948497854,-5.886572654812998,-7.4849785407725316,3.0,0.32389832389832396,3087.388622344071,0.08344502068644033,-0.268632364081347,0.22702639706310812,1398.5347985347985,-1.0,-1.0,0.32422786783131663,
2023-08-12 10:35:34.828000,-6.228915662650603,-0.3855421686746988,-7.710843373493976,-0.33353770692826484,-5.933169834457388,-7.4776210913549965,3.0,0.32434232434232435,3083.1622176591372,0.11328011188159173,-0.19777402249286133,0.1339082804032397,1432.9670329670328,-1.0,-1.0,0.3242295706521961,
2023-08-12 10:35:34.835000,-6.240963855421687,-0.4096385542168675,-7.734939759036145,-0.38994481912936846,-5.947884733292458,-7.401594114040465,3.0,0.32434232434232435,3083.1622176591372,-0.21059378824077765,-0.6413379173707824,0.43587203542917063,1472.5274725274724,819.610595703125,73.2054957739137,0.32423122497353934,
2023-08-12 10:35:34.843000,-6.204819277108434,-0.43373493975903615,-7.686746987951808,-0.34334763948497854,-5.938074800735745,-7.406499080318822,3.0,0.32434232434232435,3083.1622176591372,0.03531262746926114,-0.3763183963638482,-0.06969290833867473,1513.5531135531135,-1.0,73.2054957739137,0.32423283047551005,
2023-08-12 10:35:34.851000,-6.204819277108434,-0.42168674698795183,-7.710843373493976,-0.33108522378908645,-5.920907418761495,-7.396689147762109,3.0,0.32434232434232435,3083.1622176591372,-0.024940271545947603,-0.29473806887710474,-0.1441640930015733,1554.5787545787546,-1.0,73.2054957739137,0.324234386882797,
2023-08-12 10:35:34.858000,-6.216867469879518,-0.42168674698795183,-7.698795180722892,-0.34580012262415694,-5.891477621091354,-7.42611894543225,3.0,0.32434232434232435,3083.1622176591372,-0.14649495950119434,-0.16723967134782317,0.02389138162111747,1597.8021978021977,-1.0,73.2054957739137,0.32423589396576324,
2023-08-12 10:35:34.866000,-6.216867469879518,-0.43373493975903615,-7.662650602409639,-0.40220723482526055,-5.901287553648069,-7.386879215205395,3.0,0.32434232434232435,3083.1622176591372,-0.2673503875065561,-0.05384301614125059,0.09999417283375078,1641.0256410256409,-1.0,73.2054957739137,0.3242373514028325,
2023-08-12 10:35:34.874000,-6.204819277108434,-0.43373493975903615,-7.698795180722892,-0.4095646842427958,-5.925812385039853,-7.460453709380747,3.0,0.32434232434232435,3083.1622176591372,-0.18751820989452864,0.5275916321892655,-0.05291066954140216,1682.051282051282,-1.0,73.2054957739137,0.3242387589407386,
2023-08-12 10:35:34.881000,-6.204819277108434,-0.43373493975903615,-7.698795180722892,-0.37768240343347637,-5.859595340282035,-7.458001226241569,3.0,0.32389832389832396,3087.388622344071,-0.10838529223238792,-0.024007924946099175,0.02400792494609874,1715.018315018315,-1.0,73.2054957739137,0.3242401165232366,
2023-08-12 10:35:34.889000,-6.216867469879518,-0.43373493975903615,-7.710843373493976,-0.33108522378908645,-5.950337216431636,-7.431023911710606,3.0,0.32389832389832396,3087.388622344071,-0.2591923547578819,0.052211409591515406,-0.31000524444962424,1740.6593406593406,-1.0,73.2054957739137,0.32424142399378314,
2023-08-12 10:35:34.897000,-6.228915662650603,-0.44578313253012053,-7.698795180722892,-0.49540159411404044,-5.955242182709994,-7.401594114040465,3.0,0.32434232434232435,3083.1622176591372,0.006642969523919828,-0.25254938523396037,-0.01643260882232962,1760.4395604395604,-1.0,73.2054957739137,0.32424268107489634,
2023-08-12 10:35:34.904000,-6.228915662650603,-0.44578313253012053,-7.710843373493976,-0.3703249540159411,-5.925812385039853,-7.391784181483752,3.0,0.32434232434232435,3083.1622176591372,-0.14299865975176232,0.1438144630266299,-0.07621933453761415,1771.4285714285713,-1.0,73.2054957739137,0.3242438876557064,
2023-08-12 10:35:34.912000,-6.240963855421687,-0.44578313253012053,-7.710843373493976,-0.42427958307786634,-5.933169834457388,-7.421213979153893,3.0,0.32434232434232435,3083.1622176591372,-0.048831653167064205,-0.2708466872559881,-0.2256278771633355,1775.091575091575,-1.0,73.2054957739137,0.3242450438131037,
2023-08-12 10:35:34.920000,-6.240963855421687,-0.45783132530120485,-7.686746987951808,-0.38994481912936846,-5.938074800735745,-7.386879215205395,3.0,0.32434232434232435,3083.1622176591372,-0.07505390128780448,-0.4801584989219748,-0.22376318396363862,1769.9633699633698,-1.0,73.2054957739137,0.32424614967371723,
2023-08-12 10:35:34.927000,-6.216867469879518,-0.44578313253012053,-7.698795180722892,-0.40465971796443895,-5.884120171673819,-7.401594114040465,3.0,0.32434232434232435,3083.1622176591372,0.1551191655497936,-0.16747275799778483,-0.2049997086416875,1758.974358974359,-1.0,73.2054957739137,0.324247205414593,
2023-08-12 10:35:34.935000,-6.253012048192772,-0.45783132530120485,-7.686746987951808,-0.41201716738197425,-5.942979767014101,-7.389331698344574,3.0,0.32434232434232435,3083.1622176591372,-0.3028961016257789,-0.17667968067129,-0.1743488141716685,1742.124542124542,-1.0,73.2054957739137,0.32424821126382575,
2023-08-12 10:35:34.943000,-6.216867469879518,-0.45783132530120485,-7.674698795180723,-0.4414469650521152,-5.965052115266707,-7.367259350091968,3.0,0.32434232434232435,3083.1622176591372,-0.22189849076394133,-0.0019812365246776914,0.012120505798030423,1720.14652014652,-1.0,73.2054957739137,0.32424916750113186,
2023-08-12 10:35:34.950000,-6.228915662650603,-0.46987951807228917,-7.650602409638554,-0.47332924586143466,-5.950337216431636,-7.39423666462293,3.0,0.32434232434232435,3083.1622176591372,-0.01934619194685704,-0.2407785094108733,-0.0928850300099063,1694.5054945054944,-1.0,73.2054957739137,0.32425007445836346,
2023-08-12 10:35:34.958000,-6.228915662650603,-0.44578313253012053,-7.650602409638554,-0.3973022685469037,-5.918454935622317,-7.396689147762109,3.0,0.32434232434232435,3083.1622176591372,-0.2631548278072373,0.2666511275566693,0.12027271138045581,1667.3992673992673,-1.0,73.2054957739137,0.32425093251995896,
2023-08-12 10:35:34.966000,-6.253012048192772,-0.44578313253012053,-7.662650602409639,-0.4316370324954016,-5.911097486204782,-7.354996934396076,3.0,0.32434232434232435,3083.1622176591372,-0.382961365887768,0.4643086067245498,-0.06351611211467867,1638.095238095238,-1.0,73.2054957739137,0.32425174198457396,
2023-08-12 10:35:34.973000,-6.228915662650603,-0.44578313253012053,-7.674698795180723,-0.42427958307786634,-5.972409564684242,-7.401594114040465,3.0,0.32434232434232435,3083.1622176591372,-0.1363556902278425,-0.1794767204708353,-0.3694423401899654,1610.2564102564102,-1.0,73.2054957739137,0.32425250308576686,
2023-08-12 10:35:34.981000,-6.216867469879518,-0.46987951807228917,-7.686746987951808,-0.40465971796443895,-5.916002452483139,-7.443286327406499,3.0,0.32389832389832396,3087.388622344071,0.13740458015267176,0.27947089330458563,-0.22993998018763467,1583.8827838827838,-1.0,73.2054957739137,0.3242532161402225,
2023-08-12 10:35:34.989000,-6.228915662650603,-0.46987951807228917,-7.674698795180723,-0.39975475168608215,-5.920907418761495,-7.315757204169221,3.0,0.32434232434232435,3083.1622176591372,0.2271429403880894,-0.13822038342753934,0.35312627469261704,1562.6373626373625,-1.0,73.2054957739137,0.32425388153624835,
2023-08-12 10:35:34.996000,-6.228915662650603,-0.4819277108433735,-7.674698795180723,-0.3703249540159411,-5.940527283874923,-7.396689147762109,3.0,0.32434232434232435,3083.1622176591372,0.2104772449157968,0.013519025697803066,0.5047491404929781,1541.3919413919414,-1.0,73.2054957739137,0.32425449983996596,
2023-08-12 10:35:35.004000,-6.228915662650603,-0.46987951807228917,-7.674698795180723,-0.4095646842427958,-5.969957081545064,-7.369711833231146,3.0,0.32434232434232435,3083.1622176591372,0.5582425266592863,0.07353883806305013,0.45684983392576195,1520.14652014652,-1.0,73.2054957739137,0.32425507166676265,
2023-08-12 10:35:35.012000,-6.204819277108434,-0.45783132530120485,-7.650602409638554,-0.3825873697118332,-5.886572654812998,-7.389331698344574,3.0,0.32389832389832396,3087.388622344071,0.5675659926577705,0.2548802517335823,0.5598741332090206,1500.3663003663003,-1.0,73.2054957739137,0.3242555977019384,
2023-08-12 10:35:35.019000,-6.216867469879518,-0.45783132530120485,-7.674698795180723,-0.3825873697118332,-5.960147148988351,-7.421213979153893,3.0,0.32434232434232435,3083.1622176591372,0.4993881475438493,-0.0078084027737316646,0.44939106112697413,1481.3186813186812,-1.0,73.2054957739137,0.3242560786791897,
2023-08-12 10:35:35.027000,-6.204819277108434,-0.45783132530120485,-7.686746987951808,-0.42427958307786634,-5.938074800735745,-7.34763948497854,3.0,0.32434232434232435,3083.1622176591372,0.5393625080123543,0.08530971388613719,0.642386807295612,1462.2710622710622,-1.0,73.2054957739137,0.3242565153589817,
2023-08-12 10:35:35.035000,-6.204819277108434,-0.43373493975903615,-7.674698795180723,-0.42918454935622313,-5.962599632127529,-7.389331698344574,3.0,0.32389832389832396,3087.388622344071,0.6708233785909913,0.068877105063808,0.4220033797564246,1441.0256410256409,-1.0,73.2054957739137,0.32425690868761287,
2023-08-12 10:35:35.042000,-6.216867469879518,-0.43373493975903615,-7.686746987951808,-0.3850398528510116,-5.869405272838749,-7.4114040465971796,3.0,0.32389832389832396,3087.388622344071,0.6919177204125626,0.32771982984674564,-0.10279121263329649,1422.7106227106226,-1.0,73.2054957739137,0.32425725950898426,
2023-08-12 10:35:35.050000,-6.216867469879518,-0.44578313253012053,-7.710843373493976,-0.41692213366033104,-5.938074800735745,-7.401594114040465,3.0,0.32434232434232435,3083.1622176591372,0.6842258609638134,0.32573859332206795,-0.10477244915797462,1404.3956043956043,-1.0,73.2054957739137,0.32425756854240456,
2023-08-12 10:35:35.058000,-6.204819277108434,-0.42168674698795183,-7.698795180722892,-0.43654199877375843,-5.950337216431636,-7.4481912936848556,3.0,0.32434232434232435,3083.1622176591372,0.4626770001748146,0.2929899190023887,0.3974127381854204,1388.278388278388,-1.0,73.2054957739137,0.32425783666849184,
2023-08-12 10:35:35.065000,-6.204819277108434,-0.42168674698795183,-7.746987951807229,-0.4463519313304721,-5.979767014101777,-7.423666462293071,3.0,0.32434232434232435,3083.1622176591372,0.15197249577530408,0.35172775479284485,0.05594079599090955,1375.091575091575,-1.0,73.2054957739137,0.324258064809833,
2023-08-12 10:35:35.073000,-6.216867469879518,-0.44578313253012053,-7.72289156626506,-0.4463519313304721,-5.947884733292458,-7.445738810545677,3.0,0.32434232434232435,3083.1622176591372,0.23903035953615728,0.5609230231338507,0.5141891498164441,1364.102564102564,-1.0,73.2054957739137,0.32425825381151047,
2023-08-12 10:35:35.081000,-6.228915662650603,-0.43373493975903615,-7.746987951807229,-0.3605150214592274,-5.974862047823421,-7.453096259963212,3.0,0.32434232434232435,3083.1622176591372,0.23518442981178272,0.801118815919818,0.18961598974418759,1356.7765567765566,-1.0,73.2054957739137,0.32425840458786476,
2023-08-12 10:35:35.088000,-6.253012048192772,-0.43373493975903615,-7.72289156626506,-0.3850398528510116,-5.920907418761495,-7.4923359901900675,3.0,0.32434232434232435,3083.1622176591372,0.24893654215954747,0.6582366994930366,0.5527649903851757,1350.18315018315,-1.0,73.2054957739137,0.3242585181200323,
2023-08-12 10:35:35.096000,-6.216867469879518,-0.4096385542168675,-7.72289156626506,-0.3678724708767627,-5.879215205395463,-7.450643776824034,3.0,0.32434232434232435,3083.1622176591372,0.3553405978672577,0.3204941436979199,0.3020802983509117,1345.054945054945,-1.0,73.2054957739137,0.3242585954535538,
2023-08-12 10:35:35.104000,-6.253012048192772,-0.4096385542168675,-7.746987951807229,-0.37522992029429797,-5.942979767014101,-7.42611894543225,3.0,0.32434232434232435,3083.1622176591372,0.3539420779674842,0.3355282326204773,0.39018705203659465,1343.5897435897434,-1.0,73.2054957739137,0.3242586378348068,
2023-08-12 10:35:35.111000,-6.253012048192772,-0.4096385542168675,-7.734939759036145,-0.3654199877375843,-5.982219497240957,-7.406499080318822,3.0,0.32389832389832396,3087.388622344071,0.04789930656721578,-0.14078433657712294,0.4302779558300796,1345.7875457875457,-1.0,73.2054957739137,0.32425864668837795,
2023-08-12 10:35:35.119000,-6.216867469879518,-0.39759036144578314,-7.734939759036145,-0.39239730226854685,-5.91354996934396,-7.428571428571428,3.0,0.32434232434232435,3083.1622176591372,0.0791329176621407,-0.2767903968300212,-0.1256337043295847,1350.9157509157508,-1.0,73.2054957739137,0.3242586233175989,
2023-08-12 10:35:35.126000,-6.216867469879518,-0.3855421686746988,-7.710843373493976,-0.3727774371551195,-5.886572654812998,-7.438381361128142,3.0,0.32434232434232435,3083.1622176591372,0.0779674844123306,-0.5365654682128073,-0.3418215721694538,1357.5091575091574,-1.0,73.2054957739137,0.3242585690309537,
2023-08-12 10:35:35.134000,-6.1807228915662655,-0.42168674698795183,-7.710843373493976,-0.3654199877375843,-5.886572654812998,-7.399141630901287,3.0,0.32389832389832396,3087.388622344071,0.0020977798496585277,-0.6092885030009898,-0.236233319736612,1364.102564102564,-1.0,73.2054957739137,0.3242584852998703,
2023-08-12 10:35:35.142000,-6.1807228915662655,-0.42168674698795183,-7.734939759036145,-0.39239730226854685,-5.881667688534641,-7.438381361128142,3.0,0.32434232434232435,3083.1622176591372,-0.10197540935842977,-0.6193112289493626,-0.28156867315424505,1368.4981684981683,-1.0,73.2054957739137,0.32425837346920333,
2023-08-12 10:35:35.149000,-6.19277108433735,-0.4096385542168675,-7.72289156626506,-0.3727774371551195,-5.889025137952176,-7.4481912936848556,3.0,0.32434232434232435,3083.1622176591372,-0.11794184488083388,-0.7177903385583586,-0.3562729444671057,1369.9633699633698,-1.0,73.2054957739137,0.32425823488304395,
2023-08-12 10:35:35.157000,-6.1807228915662655,-0.43373493975903615,-7.734939759036145,-0.3678724708767627,-5.920907418761495,-7.408951563458001,3.0,0.32434232434232435,3083.1622176591372,-0.37387098653924544,-0.5392459646873717,-0.5050987704679215,1370.6959706959706,-1.0,73.2054957739137,0.3242580709031645,
2023-08-12 10:35:35.165000,-6.19277108433735,-0.42168674698795183,-7.734939759036145,-0.39975475168608215,-5.916002452483139,-7.467811158798283,3.0,0.32434232434232435,3083.1622176591372,-0.41256337043295777,-0.28599731950352464,-0.5275916321892664,1371.4285714285713,-1.0,73.2054957739137,0.3242578827885879,
2023-08-12 10:35:35.172000,-6.19277108433735,-0.4096385542168675,-7.72289156626506,-0.3605150214592274,-5.962599632127529,-7.421213979153893,3.0,0.32434232434232435,3083.1622176591372,-0.454169337451198,0.17842783054600603,0.15208903910028534,1372.161172161172,-1.0,73.2054957739137,0.3242576719801472,
2023-08-12 10:35:35.180000,-6.216867469879518,-0.44578313253012053,-7.72289156626506,-0.43899448191293683,-5.952789699570815,-7.374616799509503,3.0,0.32434232434232435,3083.1622176591372,-0.43330808227958656,-0.11164850533185655,-0.12167123128022846,1375.091575091575,-1.0,73.2054957739137,0.3242574400767043,
2023-08-12 10:35:35.188000,-6.216867469879518,-0.43373493975903615,-7.72289156626506,-0.4071122011036174,-5.935622317596566,-7.386879215205395,3.0,0.32389832389832396,3087.388622344071,-0.24555678573509626,-0.04685041664238651,-0.08530971388613719,1374.3589743589744,-1.0,73.2054957739137,0.32425718854509455,
2023-08-12 10:35:35.195000,-6.240963855421687,-0.45783132530120485,-7.698795180722892,-0.45616186388718577,-5.923359901900674,-7.4114040465971796,3.0,0.32434232434232435,3083.1622176591372,-0.3618670240661967,-0.04603461336751892,-0.06561389196433763,1372.161172161172,-1.0,73.2054957739137,0.3242569187278455,
2023-08-12 10:35:35.203000,-6.228915662650603,-0.44578313253012053,-7.698795180722892,-0.3973022685469037,-5.903740036787247,-7.391784181483752,3.0,0.32434232434232435,3083.1622176591372,-0.5080123535924486,-0.047083503292348186,-0.5367985548627703,1371.4285714285713,-1.0,73.2054957739137,0.32425663209599537,
2023-08-12 10:35:35.211000,-6.228915662650603,-0.43373493975903615,-7.674698795180723,-0.42918454935622313,-5.974862047823421,-7.401594114040465,3.0,0.32389832389832396,3087.388622344071,-0.2710797739059498,-0.4721170094982815,-0.36244974069110175,1370.6959706959706,-1.0,73.2054957739137,0.3242563302566242,
2023-08-12 10:35:35.218000,-6.253012048192772,-0.43373493975903615,-7.698795180722892,-0.4095646842427958,-5.925812385039853,-7.460453709380747,3.0,0.32434232434232435,3083.1622176591372,-0.20499970864168707,-0.25557951168346904,-0.32818600314666985,1368.4981684981683,-1.0,73.2054957739137,0.3242560146624295,
2023-08-12 10:35:35.226000,-6.228915662650603,-0.44578313253012053,-7.698795180722892,-0.45616186388718577,-5.938074800735745,-7.37952176578786,3.0,0.32434232434232435,3083.1622176591372,-0.1851873433949067,-0.31548278072373354,-0.5689645125575432,1365.5677655677655,-1.0,73.2054957739137,0.32425568673668653,
2023-08-12 10:35:35.234000,-6.228915662650603,-0.45783132530120485,-7.686746987951808,-0.38749233599019006,-5.889025137952176,-7.413856529736358,3.0,0.32434232434232435,3083.1622176591372,0.0017481498747160184,-0.13006235067886518,-0.23098887011246438,1360.4395604395604,-1.0,73.2054957739137,0.32425534802966427,
2023-08-12 10:35:35.241000,-6.228915662650603,-0.44578313253012053,-7.710843373493976,-0.3973022685469037,-5.916002452483139,-7.396689147762109,3.0,0.32434232434232435,3083.1622176591372,-0.2283083736378995,-0.3150166074238102,-0.18577006001981217,1353.8461538461538,-1.0,73.2054957739137,0.3242550000771133,
2023-08-12 10:35:35.249000,-6.204819277108434,-0.45783132530120485,-7.674698795180723,-0.34580012262415694,-5.950337216431636,-7.399141630901287,3.0,0.32434232434232435,3083.1622176591372,-0.24264320261057015,-0.23634986306159284,-0.047782763242235377,1346.5201465201465,-1.0,73.2054957739137,0.32425464439746277,
2023-08-12 10:35:35.257000,-6.228915662650603,-0.43373493975903615,-7.686746987951808,-0.3703249540159411,-5.947884733292458,-7.391784181483752,3.0,0.32434232434232435,3083.1622176591372,0.26222248120738884,0.16222830837363852,-0.23436862653691515,1341.3919413919414,-1.0,73.2054957739137,0.32425428248899457,
2023-08-12 10:35:35.264000,-6.253012048192772,-0.43373493975903615,-7.686746987951808,-0.3629675045984059,-5.928264868179031,-7.389331698344574,3.0,0.32434232434232435,3083.1622176591372,-0.04626770001748233,-0.24963580210943423,0.10418973253306914,1339.194139194139,-1.0,73.2054957739137,0.3242539156882547,
2023-08-12 10:35:35.272000,-6.253012048192772,-0.44578313253012053,-7.686746987951808,-0.40465971796443895,-5.908645003065604,-7.374616799509503,3.0,0.32434232434232435,3083.1622176591372,-0.1389196433774261,-0.11048307208204645,0.13204358720354287,1340.6593406593406,-1.0,73.2054957739137,0.32425354518759464,
2023-08-12 10:35:35.280000,-6.228915662650603,-0.44578313253012053,-7.674698795180723,-0.41446965052115264,-5.928264868179031,-7.404046597179644,3.0,0.32434232434232435,3083.1622176591372,0.012703222422935475,0.1513897791503999,0.1903152496940739,1341.3919413919414,-1.0,73.2054957739137,0.32425317218034383,
2023-08-12 10:35:35.287000,-6.240963855421687,-0.45783132530120485,-7.686746987951808,-0.40465971796443895,-5.874310239117106,-7.438381361128142,3.0,0.32434232434232435,3083.1622176591372,-0.20057106229240662,0.32037760037293905,0.004894819649204678,1339.9267399267399,-1.0,73.2054957739137,0.3242527978569136,
2023-08-12 10:35:35.295000,-6.253012048192772,-0.44578313253012053,-7.674698795180723,-0.3825873697118332,-5.94543225015328,-7.423666462293071,3.0,0.32434232434232435,3083.1622176591372,-0.23157158673736986,-0.04521881009265133,0.3975292815104017,1337.7289377289376,-1.0,73.2054957739137,0.32425242340114796,
2023-08-12 10:35:35.303000,-6.216867469879518,-0.44578313253012053,-7.710843373493976,-0.4193746167995095,-5.91354996934396,-7.428571428571428,3.0,0.32434232434232435,3083.1622176591372,-0.10885146553231127,0.16980362449740677,0.1778451139211001,1334.7985347985348,-1.0,73.2054957739137,0.32425204998692553,
2023-08-12 10:35:35.310000,-6.228915662650603,-0.46987951807228917,-7.710843373493976,-0.34334763948497854,-5.955242182709994,-7.431023911710606,3.0,0.32434232434232435,3083.1622176591372,-0.15558533884971695,0.01759804207214102,-0.1308781539537323,1331.8681318681317,-1.0,73.2054957739137,0.32425167877503036,
2023-08-12 10:35:35.318000,-6.216867469879518,-0.44578313253012053,-7.72289156626506,-0.43899448191293683,-5.925812385039853,-7.4481912936848556,3.0,0.32434232434232435,3083.1622176591372,-0.06479808868947004,0.12446827107977461,-0.040906707068352574,1331.135531135531,-1.0,73.2054957739137,0.3242513109102942,
2023-08-12 10:35:35.326000,-6.216867469879518,-0.44578313253012053,-7.698795180722892,-0.4071122011036174,-5.89883507050889,-7.418761496014715,3.0,0.32389832389832396,3087.388622344071,-0.06491463201445088,0.12085542800536173,-0.04382029019287913,1330.4029304029302,-1.0,73.2054957739137,0.32425094751902106,
2023-08-12 10:35:35.333000,-6.228915662650603,-0.45783132530120485,-7.710843373493976,-0.40220723482526055,-5.925812385039853,-7.418761496014715,3.0,0.32434232434232435,3083.1622176591372,-0.049997086416876044,-0.15441990559990684,-0.011421245848144104,1326.7399267399267,-1.0,73.2054957739137,0.3242505895574009,
2023-08-12 10:35:35.341000,-6.216867469879518,-0.45783132530120485,-7.698795180722892,-0.3629675045984059,-5.928264868179031,-7.391784181483752,3.0,0.32389832389832396,3087.388622344071,0.16351028494842945,0.015150632247538248,0.11083270205698983,1320.8791208791208,-1.0,73.2054957739137,0.3242502380756697,
2023-08-12 10:35:35.349000,-6.253012048192772,-0.44578313253012053,-7.698795180722892,-0.4218270999386879,-5.928264868179031,-7.421213979153893,3.0,0.32434232434232435,3083.1622176591372,0.268632364081347,0.07552007458772783,0.18681894994464188,1315.018315018315,-1.0,73.2054957739137,0.32424989420565037,
2023-08-12 10:35:35.356000,-6.240963855421687,-0.44578313253012053,-7.686746987951808,-0.3825873697118332,-5.89883507050889,-7.381974248927039,3.0,0.32389832389832396,3087.388622344071,0.10092651943359877,0.002214323174639364,0.018297302022026906,1309.1575091575091,-1.0,73.2054957739137,0.32424955899980423,
2023-08-12 10:35:35.364000,-6.204819277108434,-0.44578313253012053,-7.698795180722892,-0.39239730226854685,-5.920907418761495,-7.428571428571428,3.0,0.32434232434232435,3083.1622176591372,-0.18949944641920632,0.03158324106986743,0.07831711438727354,1303.2967032967033,-1.0,73.2054957739137,0.32424923330188843,
2023-08-12 10:35:35.372000,-6.228915662650603,-0.45783132530120485,-7.698795180722892,-0.37522992029429797,-5.952789699570815,-7.482526057633353,3.0,0.32434232434232435,3083.1622176591372,-0.0033797564244512,-0.16689004137288066,-0.3806304993881474,1298.9010989010987,-1.0,73.2054957739137,0.32424891775566794,
2023-08-12 10:35:35.379000,-6.228915662650603,-0.44578313253012053,-7.72289156626506,-0.3825873697118332,-5.925812385039853,-7.416309012875536,3.0,0.32434232434232435,3083.1622176591372,0.027853854670473722,-0.30161412505098795,0.09544898315948948,1295.2380952380952,-1.0,73.2054957739137,0.32424861311159653,
2023-08-12 10:35:35.387000,-6.216867469879518,-0.45783132530120485,-7.710843373493976,-0.40465971796443895,-5.94543225015328,-7.389331698344574,3.0,0.32434232434232435,3083.1622176591372,-0.0026804964745644456,-0.5879610745294568,-0.28762892605326024,1293.040293040293,-1.0,73.2054957739137,0.3242483200866194,
2023-08-12 10:35:35.395000,-6.19277108433735,-0.43373493975903615,-7.710843373493976,-0.40465971796443895,-5.908645003065604,-7.404046597179644,3.0,0.32434232434232435,3083.1622176591372,0.05827166249053105,-0.27748965677990794,-0.19474389604335393,1291.5750915750914,-1.0,73.2054957739137,0.3242480393630139,
2023-08-12 10:35:35.402000,-6.204819277108434,-0.44578313253012053,-7.710843373493976,-0.4071122011036174,-5.916002452483139,-7.433476394849785,3.0,0.32389832389832396,3087.388622344071,-0.3408892255696062,-0.16642386807295556,-0.40766855078375397,1294.5054945054944,-1.0,73.2054957739137,0.3242477715875236,
2023-08-12 10:35:35.410000,-6.204819277108434,-0.43373493975903615,-7.686746987951808,-0.40220723482526055,-5.91354996934396,-7.450643776824034,3.0,0.32434232434232435,3083.1622176591372,-0.23075578346250228,0.05174523629159206,-0.16048015849892205,1296.7032967032967,-1.0,73.2054957739137,0.32424751736023144,
2023-08-12 10:35:35.418000,-6.19277108433735,-0.43373493975903615,-7.698795180722892,-0.41692213366033104,-5.947884733292458,-7.460453709380747,3.0,0.32434232434232435,3083.1622176591372,-0.1513897791503999,0.17481498747159316,0.02552298817085265,1297.4358974358975,-1.0,73.2054957739137,0.32424727734129943,
2023-08-12 10:35:35.425000,-6.228915662650603,-0.45783132530120485,-7.72289156626506,-0.3629675045984059,-5.893930104230533,-7.413856529736358,3.0,0.32434232434232435,3083.1622176591372,-0.4081347240836773,0.0848435405862121,-0.07948254763708408,1300.3663003663003,-1.0,73.2054957739137,0.32424705212313787,
2023-08-12 10:35:35.433000,-6.204819277108434,-0.44578313253012053,-7.710843373493976,-0.3727774371551195,-5.960147148988351,-7.428571428571428,3.0,0.32389832389832396,3087.388622344071,-0.29788473865159426,-0.28308373637899853,-0.031117067769943652,1306.227106227106,-1.0,73.2054957739137,0.32424684225194356,
2023-08-12 10:35:35.441000,-6.228915662650603,-0.45783132530120485,-7.710843373493976,-0.49294911097486205,-5.896382587369711,-7.467811158798283,3.0,0.32434232434232435,3083.1622176591372,-0.40219101450964423,0.31723093059844953,-0.10488899248295545,1311.3553113553112,-1.0,73.2054957739137,0.3242466480684932,
2023-08-12 10:35:35.448000,-6.216867469879518,-0.45783132530120485,-7.710843373493976,-0.3948497854077253,-5.960147148988351,-7.42611894543225,3.0,0.32434232434232435,3083.1622176591372,-0.27504224695530516,-0.15978089854903574,-0.011421245848144104,1319.4139194139193,-1.0,73.2054957739137,0.3242464697081268,
2023-08-12 10:35:35.456000,-6.228915662650603,-0.43373493975903615,-7.710843373493976,-0.41446965052115264,-5.891477621091354,-7.4481912936848556,3.0,0.32389832389832396,3087.388622344071,-0.25627877163335405,-0.3883223588368969,-0.05594079599090955,1326.7399267399267,-1.0,73.2054957739137,0.3242463074092077,
2023-08-12 10:35:35.464000,-6.240963855421687,-0.44578313253012053,-7.674698795180723,-0.37522992029429797,-5.942979767014101,-7.4114040465971796,3.0,0.32389832389832396,3087.388622344071,0.08064798088689504,-0.3869238389371251,-0.17481498747159271,1332.6007326007325,-1.0,73.2054957739137,0.32424616122536454,
2023-08-12 10:35:35.471000,-6.228915662650603,-0.45783132530120485,-7.686746987951808,-0.3727774371551195,-5.942979767014101,-7.467811158798283,3.0,0.32434232434232435,3083.1622176591372,-0.2576772915331276,-0.8861954431559936,-0.2204999708641687,1337.7289377289376,-1.0,73.2054957739137,0.3242460311428872,
2023-08-12 10:35:35.479000,-6.204819277108434,-0.44578313253012053,-7.674698795180723,-0.39239730226854685,-5.94543225015328,-7.369711833231146,3.0,0.32434232434232435,3083.1622176591372,-0.3059262280752876,-0.542509177786842,0.024241011596060846,1341.3919413919414,-1.0,73.2054957739137,0.32424591720871265,
2023-08-12 10:35:35.487000,-6.228915662650603,-0.45783132530120485,-7.710843373493976,-0.3605150214592274,-5.974862047823421,-7.389331698344574,3.0,0.32434232434232435,3083.1622176591372,-0.5359827515879031,-0.2016199522172376,-0.05687314259075798,1343.5897435897434,-1.0,73.2054957739137,0.3242458194237951,
2023-08-12 10:35:35.494000,-6.216867469879518,-0.43373493975903615,-7.686746987951808,-0.3507050889025138,-5.93071735131821,-7.433476394849785,3.0,0.32389832389832396,3087.388622344071,-0.15313792902511592,0.3647806071907228,-0.30464425150049534,1345.054945054945,-1.0,73.2054957739137,0.3242457378930371,
2023-08-12 10:35:35.502000,-6.216867469879518,-0.44578313253012053,-7.686746987951808,-0.3678724708767627,-5.920907418761495,-7.421213979153893,3.0,0.32389832389832396,3087.388622344071,-0.0632830254647157,0.3009148651011012,-0.291008682477711,1343.5897435897434,-1.0,73.2054957739137,0.32424567265647464,
2023-08-12 10:35:35.509000,-6.216867469879518,-0.42168674698795183,-7.686746987951808,-0.3237277743715512,-5.891477621091354,-7.389331698344574,3.0,0.32389832389832396,3087.388622344071,-0.07889983101217903,0.2371656663364604,-0.29019287920284387,1341.3919413919414,-1.0,73.2054957739137,0.3242456235204836,
2023-08-12 10:35:35.517000,-6.19277108433735,-0.42168674698795183,-7.698795180722892,-0.3825873697118332,-5.901287553648069,-7.408951563458001,3.0,0.32389832389832396,3087.388622344071,-0.0632830254647157,-0.2235300973136765,-0.1659576947730318,1335.5311355311355,-1.0,73.2054957739137,0.3242455901972272,
2023-08-12 10:35:35.525000,-6.216867469879518,-0.44578313253012053,-7.698795180722892,-0.37522992029429797,-5.933169834457388,-7.377069282648681,3.0,0.32389832389832396,3087.388622344071,-0.18530388671988754,0.09649787308431831,0.06468154536448921,1332.6007326007325,-1.0,73.2054957739137,0.3242455721664233,
2023-08-12 10:35:35.532000,-6.216867469879518,-0.42168674698795183,-7.674698795180723,-0.4071122011036174,-5.947884733292458,-7.428571428571428,3.0,0.32434232434232435,3083.1622176591372,-0.018064215372064367,-0.3192121671231272,0.03531262746926157,1327.4725274725274,-1.0,73.2054957739137,0.32424556869605925,
2023-08-12 10:35:35.540000,-6.216867469879518,-0.42168674698795183,-7.698795180722892,-0.34334763948497854,-5.974862047823421,-7.418761496014715,3.0,0.32434232434232435,3083.1622176591372,0.07283957811316338,-0.042654856943067726,0.06619660858924312,1320.8791208791208,-1.0,73.2054957739137,0.3242455791398374,
2023-08-12 10:35:35.548000,-6.253012048192772,-0.42168674698795183,-7.698795180722892,-0.37768240343347637,-5.925812385039853,-7.435928877988964,3.0,0.32389832389832396,3087.388622344071,-0.20325155876697107,0.2617563079074638,0.018880018646931958,1312.087912087912,-1.0,73.2054957739137,0.3242456029579378,
2023-08-12 10:35:35.555000,-6.228915662650603,-0.43373493975903615,-7.710843373493976,-0.33108522378908645,-5.972409564684242,-7.438381361128142,3.0,0.32434232434232435,3083.1622176591372,0.07283957811316338,-0.014334828972670657,0.2179360177145855,1306.9597069597069,-1.0,73.2054957739137,0.32424563942958917,
2023-08-12 10:35:35.563000,-6.240963855421687,-0.43373493975903615,-7.72289156626506,-0.39975475168608215,-5.933169834457388,-7.399141630901287,3.0,0.32434232434232435,3083.1622176591372,-0.06619660858924355,0.15616805547462287,-0.08775712371073952,1304.0293040293038,-1.0,73.2054957739137,0.32424568778133755,
2023-08-12 10:35:35.571000,-6.240963855421687,-0.42168674698795183,-7.72289156626506,-0.35806253832004903,-5.982219497240957,-7.391784181483752,3.0,0.32389832389832396,3087.388622344071,-0.020977798496590483,-0.030534351145038167,-0.02575607482081476,1304.0293040293038,-1.0,73.2054957739137,0.32424574734707434,
2023-08-12 10:35:35.578000,-6.228915662650603,-0.42168674698795183,-7.72289156626506,-0.39975475168608215,-5.935622317596566,-7.445738810545677,3.0,0.32434232434232435,3083.1622176591372,-0.023075578346250746,-0.4448458714527119,-0.3463667618437155,1305.4945054945053,-1.0,73.2054957739137,0.3242458174198889,
2023-08-12 10:35:35.586000,-6.253012048192772,-0.42168674698795183,-7.710843373493976,-0.299202942979767,-5.933169834457388,-7.416309012875536,3.0,0.32434232434232435,3083.1622176591372,-0.0374104073189214,-0.4863352951459713,-0.25289901520890373,1308.4249084249084,-1.0,73.2054957739137,0.32424589722175584,
2023-08-12 10:35:35.594000,-6.240963855421687,-0.43373493975903615,-7.72289156626506,-0.42427958307786634,-5.947884733292458,-7.423666462293071,3.0,0.32389832389832396,3087.388622344071,0.05279412621642132,-0.13274284715342963,-0.3121030242992832,1311.3553113553112,-1.0,73.2054957739137,0.32424598593650855,
2023-08-12 10:35:35.601000,-6.240963855421687,-0.46987951807228917,-7.710843373493976,-0.29429797670141017,-5.974862047823421,-7.413856529736358,3.0,0.32389832389832396,3087.388622344071,0.051395606316647816,-0.13029543732882684,-0.3096556144746809,1314.2857142857142,-1.0,73.2054957739137,0.32424608257260756,
2023-08-12 10:35:35.609000,-6.240963855421687,-0.44578313253012053,-7.674698795180723,-0.3727774371551195,-5.89883507050889,-7.462906192519926,3.0,0.32389832389832396,3087.388622344071,-0.11735912825592969,0.13064506730376935,0.04405337684284123,1316.4835164835165,-1.0,73.2054957739137,0.3242461859430407,
2023-08-12 10:35:35.617000,-6.265060240963856,-0.44578313253012053,-7.698795180722892,-0.35806253832004903,-5.947884733292458,-7.435928877988964,3.0,0.32389832389832396,3087.388622344071,-0.1927626595186767,0.35930307091661307,0.21152613484062693,1315.7509157509157,-1.0,73.2054957739137,0.3242462948044178,
2023-08-12 10:35:35.624000,-6.253012048192772,-0.42168674698795183,-7.698795180722892,-0.39239730226854685,-5.940527283874923,-7.421213979153893,3.0,0.32434232434232435,3083.1622176591372,-0.03927510051861826,0.39042013868655717,0.36419789056581775,1316.4835164835165,-1.0,73.2054957739137,0.32424640785738823,
2023-08-12 10:35:35.632000,-6.216867469879518,-0.43373493975903615,-7.674698795180723,-0.4512568976088289,-5.955242182709994,-7.404046597179644,3.0,0.32389832389832396,3087.388622344071,-0.1936950061185251,0.13216013052852368,0.25557951168346815,1325.2747252747251,-1.0,73.2054957739137,0.3242465238964297,
2023-08-12 10:35:35.640000,-6.240963855421687,-0.43373493975903615,-7.698795180722892,-0.3825873697118332,-5.969957081545064,-7.416309012875536,3.0,0.32389832389832396,3087.388622344071,-0.3011479517510629,0.07388846803799265,0.2541809917836955,1342.8571428571427,-1.0,73.2054957739137,0.3242466416830085,
2023-08-12 10:35:35.647000,-6.216867469879518,-0.44578313253012053,-7.698795180722892,-0.4071122011036174,-5.967504598405886,-7.408951563458001,3.0,0.32389832389832396,3087.388622344071,-0.11549443505623284,-0.3074412913000402,0.0870578637608532,1366.3003663003662,-1.0,73.2054957739137,0.3242467597873093,
2023-08-12 10:35:35.655000,-6.19277108433735,-0.44578313253012053,-7.710843373493976,-0.35561005518087063,-5.957694665849172,-7.445738810545677,3.0,0.32389832389832396,3087.388622344071,-0.14521298292640342,-0.46034613367519445,0.009206922673503872,1396.3369963369962,-1.0,73.2054957739137,0.3242468768666816,
2023-08-12 10:35:35.663000,-6.216867469879518,-0.44578313253012053,-7.72289156626506,-0.40220723482526055,-5.906192519926425,-7.389331698344574,3.0,0.32434232434232435,3083.1622176591372,-0.14101742322708463,-0.2917079424275978,0.26781656080647986,1433.6996336996335,-1.0,73.2054957739137,0.32424699164630294,
2023-08-12 10:35:35.670000,-6.216867469879518,-0.45783132530120485,-7.674698795180723,-0.3801348865726548,-5.923359901900674,-7.391784181483752,3.0,0.32434232434232435,3083.1622176591372,-0.36874308024007996,-0.003496299749432037,0.20674785851640354,1475.4578754578754,-1.0,73.2054957739137,0.3242471027828711,
2023-08-12 10:35:35.678000,-6.216867469879518,-0.45783132530120485,-7.686746987951808,-0.46842427958307786,-5.938074800735745,-7.386879215205395,3.0,0.32434232434232435,3083.1622176591372,-0.25989161470776695,-0.06934327836373134,0.11386282850649722,1521.6117216117216,-1.0,73.2054957739137,0.3242472089092067,
2023-08-12 10:35:35.686000,-6.240963855421687,-0.44578313253012053,-7.710843373493976,-0.4193746167995095,-5.950337216431636,-7.4776210913549965,3.0,0.32434232434232435,3083.1622176591372,-0.16770584464774824,0.11141541868189489,0.1129304819066488,1567.7655677655678,-1.0,73.2054957739137,0.32424730864744145,
2023-08-12 10:35:35.693000,-6.228915662650603,-0.45783132530120485,-7.686746987951808,-0.42427958307786634,-5.920907418761495,-7.421213979153893,3.0,0.32389832389832396,3087.388622344071,-0.38074704271312865,0.18716857991958438,-0.2258609638132976,1611.7216117216117,827.2705078125,72.52766710934041,0.32424740061196405,
2023-08-12 10:35:35.701000,-6.228915662650603,-0.45783132530120485,-7.710843373493976,-0.3654199877375843,-5.847332924586143,-7.389331698344574,3.0,0.32434232434232435,3083.1622176591372,-0.08997144688537932,-0.13449099702814563,-0.3165316706485637,1652.7472527472526,-1.0,72.52766710934041,0.32424748326337,
2023-08-12 10:35:35.709000,-6.253012048192772,-0.45783132530120485,-7.674698795180723,-0.4316370324954016,-5.93071735131821,-7.413856529736358,3.0,0.32434232434232435,3083.1622176591372,-0.44158265835324334,0.050113629741856874,-0.26909853738127165,1687.179487179487,-1.0,72.52766710934041,0.3242475550394229,
2023-08-12 10:35:35.716000,-6.204819277108434,-0.46987951807228917,-7.72289156626506,-0.3850398528510116,-5.925812385039853,-7.386879215205395,3.0,0.32389832389832396,3087.388622344071,-0.43773672862886703,-0.012470135772973802,-0.25348173183380923,1717.216117216117,-1.0,72.52766710934041,0.32424761451783,
2023-08-12 10:35:35.724000,-6.228915662650603,-0.45783132530120485,-7.72289156626506,-0.38994481912936846,-5.940527283874923,-7.389331698344574,3.0,0.32434232434232435,3083.1622176591372,-0.32550550667210454,-0.10442281918303081,-0.2060485985665172,1736.9963369963368,-1.0,72.52766710934041,0.32424766013213624,
2023-08-12 10:35:35.732000,-6.228915662650603,-0.44578313253012053,-7.72289156626506,-0.37768240343347637,-5.91354996934396,-7.428571428571428,3.0,0.32434232434232435,3083.1622176591372,0.0597867257152854,-0.14905891265077795,-0.5413437445370316,1747.2527472527472,-1.0,72.52766710934041,0.32424769030336664,
2023-08-12 10:35:35.739000,-6.216867469879518,-0.45783132530120485,-7.698795180722892,-0.45616186388718577,-5.967504598405886,-7.39423666462293,3.0,0.32434232434232435,3083.1622176591372,-0.24439135248528618,-0.5627877163335475,-0.29217411572752156,1749.4505494505493,-1.0,72.52766710934041,0.32424770360346467,
2023-08-12 10:35:35.747000,-6.228915662650603,-0.45783132530120485,-7.710843373493976,-0.43654199877375843,-5.974862047823421,-7.438381361128142,3.0,0.32434232434232435,3083.1622176591372,-0.07423809801293689,-0.10220849600839145,-0.0750539012878036,1743.5897435897434,-1.0,72.52766710934041,0.32424769875986953,
2023-08-12 10:35:35.755000,-6.228915662650603,-0.45783132530120485,-7.698795180722892,-0.4193746167995095,-5.925812385039853,-7.450643776824034,3.0,0.32434232434232435,3083.1622176591372,-0.2829671930540177,-0.45405279412621713,0.018530388671988578,1731.8681318681317,-1.0,72.52766710934041,0.3242476745012231,
2023-08-12 10:35:35.762000,-6.253012048192772,-0.43373493975903615,-7.710843373493976,-0.42918454935622313,-5.940527283874923,-7.367259350091968,3.0,0.32434232434232435,3083.1622176591372,-0.3679272769652123,-0.03764349396888308,-0.194394266068411,1715.7509157509157,-1.0,72.52766710934041,0.3242476294348346,
2023-08-12 10:35:35.770000,-6.253012048192772,-0.45783132530120485,-7.698795180722892,-0.42427958307786634,-5.987124463519313,-7.4408338442673205,3.0,0.32389832389832396,3087.388622344071,-0.2549967950585631,0.39310063516112165,-0.4364547520540761,1694.5054945054944,-1.0,72.52766710934041,0.32424756220107676,
2023-08-12 10:35:35.778000,-6.240963855421687,-0.44578313253012053,-7.698795180722892,-0.3678724708767627,-5.969957081545064,-7.4408338442673205,3.0,0.32434232434232435,3083.1622176591372,-0.3260882232970105,0.2556960550084499,-0.29497115552706726,1671.0622710622708,-1.0,72.52766710934041,0.32424747146814964,
2023-08-12 10:35:35.785000,-6.216867469879518,-0.45783132530120485,-7.686746987951808,-0.40220723482526055,-5.955242182709994,-7.362354383813611,3.0,0.32434232434232435,3083.1622176591372,-0.6127848027504219,0.16747275799778483,-0.24404172251034323,1646.153846153846,-1.0,72.52766710934041,0.32424735590586196,
2023-08-12 10:35:35.793000,-6.253012048192772,-0.43373493975903615,-7.686746987951808,-0.41692213366033104,-5.938074800735745,-7.453096259963212,3.0,0.32434232434232435,3083.1622176591372,-0.5912242876289254,0.04580152671755725,-0.4852864052211412,1619.047619047619,-1.0,72.52766710934041,0.32424721422260744,
2023-08-12 10:35:35.801000,-6.240963855421687,-0.44578313253012053,-7.662650602409639,-0.3850398528510116,-5.942979767014101,-7.4114040465971796,3.0,0.32434232434232435,3083.1622176591372,-0.3864576656372001,-0.22737602703805107,-0.14521298292640297,1591.9413919413919,-1.0,72.52766710934041,0.32424704518131753,
2023-08-12 10:35:35.808000,-6.253012048192772,-0.44578313253012053,-7.650602409638554,-0.37522992029429797,-5.881667688534641,-7.4114040465971796,3.0,0.32434232434232435,3083.1622176591372,-0.19812365246780558,-0.2708466872559881,-0.021677058446477673,1567.032967032967,-1.0,72.52766710934041,0.32424684774373663,
2023-08-12 10:35:35.816000,-6.240963855421687,-0.44578313253012053,-7.686746987951808,-0.41446965052115264,-5.925812385039853,-7.374616799509503,3.0,0.32434232434232435,3083.1622176591372,-0.027737311345492885,-0.11374628518151682,0.10244158265835313,1543.5897435897434,-1.0,72.52766710934041,0.32424662091691575,
2023-08-12 10:35:35.824000,-6.228915662650603,-0.45783132530120485,-7.698795180722892,-0.3850398528510116,-5.984671980380135,-7.39423666462293,3.0,0.32434232434232435,3083.1622176591372,-0.29939980187634685,-0.4475263679272764,0.3174640172484121,1522.3443223443223,-1.0,72.52766710934041,0.32424636363128856,
2023-08-12 10:35:35.831000,-6.228915662650603,-0.43373493975903615,-7.686746987951808,-0.3948497854077253,-5.940527283874923,-7.458001226241569,3.0,0.32434232434232435,3083.1622176591372,-0.18880018646931956,0.15022434590058806,0.16432608822329706,1499.6336996336995,-1.0,72.52766710934041,0.32424607489550084,
2023-08-12 10:35:35.839000,-6.240963855421687,-0.44578313253012053,-7.674698795180723,-0.3605150214592274,-5.857142857142857,-7.438381361128142,3.0,0.32434232434232435,3083.1622176591372,0.07388846803799265,-0.18728512324456695,0.07272303478818254,1476.1904761904761,-1.0,72.52766710934041,0.32424575380195453,
2023-08-12 10:35:35.847000,-6.228915662650603,-0.44578313253012053,-7.686746987951808,-0.37522992029429797,-5.891477621091354,-7.413856529736358,3.0,0.32434232434232435,3083.1622176591372,0.1642095448983162,-0.43400734222947335,0.16735621467280443,1454.9450549450548,-1.0,72.52766710934041,0.32424539953233944,
2023-08-12 10:35:35.854000,-6.216867469879518,-0.42168674698795183,-7.674698795180723,-0.41201716738197425,-5.89883507050889,-7.421213979153893,3.0,0.32434232434232435,3083.1622176591372,0.2556960550084499,0.010139269273351865,0.08950527358545554,1435.164835164835,-1.0,72.52766710934041,0.32424501136311634,
2023-08-12 10:35:35.862000,-6.228915662650603,-0.42168674698795183,-7.710843373493976,-0.38994481912936846,-5.942979767014101,-7.39423666462293,3.0,0.32434232434232435,3083.1622176591372,0.05594079599090911,-0.052327952916496244,0.14905891265077795,1416.117216117216,-1.0,72.52766710934041,0.32424458867092226,
2023-08-12 10:35:35.870000,-6.240963855421687,-0.43373493975903615,-7.698795180722892,-0.38994481912936846,-5.918454935622317,-7.389331698344574,3.0,0.32434232434232435,3083.1622176591372,-0.0363615173940904,0.4514888409766335,-0.11118233203193277,1397.8021978021977,-1.0,72.52766710934041,0.32424413093786847,
2023-08-12 10:35:35.877000,-6.216867469879518,-0.43373493975903615,-7.698795180722892,-0.37522992029429797,-5.901287553648069,-7.384426732066217,3.0,0.32434232434232435,3083.1622176591372,-0.037293863993940565,0.4484587145271248,-0.10931763883223593,1383.150183150183,-1.0,72.52766710934041,0.32424363775669474,
2023-08-12 10:35:35.885000,-6.216867469879518,-0.43373493975903615,-7.698795180722892,-0.3629675045984059,-5.99202942979767,-7.443286327406499,3.0,0.32434232434232435,3083.1622176591372,-0.15978089854903574,-0.09976108618378868,0.10512207913291756,1369.9633699633698,-1.0,72.52766710934041,0.3242431088357492,
2023-08-12 10:35:35.892000,-6.228915662650603,-0.43373493975903615,-7.710843373493976,-0.39239730226854685,-5.960147148988351,-7.4481912936848556,3.0,0.32434232434232435,3083.1622176591372,-0.12808111415418746,-0.022026688421421484,-0.07843365771225438,1360.4395604395604,-1.0,72.52766710934041,0.3242425440037592,
2023-08-12 10:35:35.900000,-6.228915662650603,-0.43373493975903615,-7.734939759036145,-0.3850398528510116,-5.911097486204782,-7.386879215205395,3.0,0.32434232434232435,3083.1622176591372,-0.11304702523163007,0.07097488491346653,0.026921508070625294,1353.8461538461538,-1.0,72.52766710934041,0.3242419432143597,
2023-08-12 10:35:35.908000,-6.228915662650603,-0.43373493975903615,-7.710843373493976,-0.38994481912936846,-5.89883507050889,-7.435928877988964,3.0,0.32434232434232435,3083.1622176591372,-0.14194976982693305,-0.11386282850649766,0.2405454227609112,1350.18315018315,-1.0,72.52766710934041,0.3242413065503444,
2023-08-12 10:35:35.915000,-6.228915662650603,-0.42168674698795183,-7.734939759036145,-0.33353770692826484,-5.886572654812998,-7.4702636419374615,3.0,0.32434232434232435,3083.1622176591372,-0.2481207388846799,-0.15686731542450963,-0.1280811141541866,1349.4505494505493,-1.0,72.52766710934041,0.32424063422760774,
2023-08-12 10:35:35.923000,-6.216867469879518,-0.43373493975903615,-7.746987951807229,-0.39975475168608215,-5.979767014101777,-7.42611894543225,3.0,0.32434232434232435,3083.1622176591372,-0.09323465998484969,0.1942777227434293,0.22248120738884683,1350.18315018315,-1.0,72.52766710934041,0.32423992659874556,
2023-08-12 10:35:35.931000,-6.216867469879518,-0.44578313253012053,-7.710843373493976,-0.42673206621704474,-5.928264868179031,-7.428571428571428,3.0,0.32434232434232435,3083.1622176591372,-0.1687547345725775,-0.32911834974651744,0.036011887419147896,1353.113553113553,-1.0,72.52766710934041,0.3242391842950253,
2023-08-12 10:35:35.938000,-6.240963855421687,-0.42168674698795183,-7.734939759036145,-0.3801348865726548,-5.925812385039853,-7.399141630901287,3.0,0.32389832389832396,3087.388622344071,-0.07400501136297348,-0.0981294796340535,0.18693549326962314,1358.974358974359,-1.0,72.52766710934041,0.32423840807007714,
2023-08-12 10:35:35.946000,-6.240963855421687,-0.43373493975903615,-7.734939759036145,-0.4095646842427958,-5.977314530962599,-7.428571428571428,3.0,0.32389832389832396,3087.388622344071,-0.4261989394557434,-0.22015034088922533,0.1842549967950587,1367.032967032967,-1.0,72.52766710934041,0.3242375985253678,
2023-08-12 10:35:35.954000,-6.228915662650603,-0.42168674698795183,-7.698795180722892,-0.39239730226854685,-5.955242182709994,-7.433476394849785,3.0,0.32389832389832396,3087.388622344071,-0.3171143872734687,-0.2483538255346433,0.07610279121263332,1372.8937728937728,-1.0,72.52766710934041,0.3242367562393373,
2023-08-12 10:35:35.961000,-6.240963855421687,-0.43373493975903615,-7.710843373493976,-0.39239730226854685,-5.960147148988351,-7.39423666462293,3.0,0.32389832389832396,3087.388622344071,-0.3142008041489426,-0.1713186877221611,0.10535516578287968,1377.2893772893772,-1.0,72.52766710934041,0.3242358820444381,
2023-08-12 10:35:35.969000,-6.240963855421687,-0.43373493975903615,-7.686746987951808,-0.33108522378908645,-5.901287553648069,-7.408951563458001,3.0,0.32434232434232435,3083.1622176591372,-0.2673503875065561,0.18378882349513492,-0.18460462677000164,1380.952380952381,-1.0,72.52766710934041,0.32423497700559695,
2023-08-12 10:35:35.977000,-6.253012048192772,-0.45783132530120485,-7.686746987951808,-0.43654199877375843,-5.977314530962599,-7.438381361128142,3.0,0.32434232434232435,3083.1622176591372,-0.11491171843132691,-0.10349047258318238,0.01480100227259487,1383.8827838827838,-1.0,72.52766710934041,0.3242340422808983,
2023-08-12 10:35:35.984000,-6.240963855421687,-0.45783132530120485,-7.710843373493976,-0.4218270999386879,-5.91354996934396,-7.4481912936848556,3.0,0.32434232434232435,3083.1622176591372,-0.19078142299399725,-0.4850533185711786,-0.6446011304702522,1385.3479853479853,-1.0,72.52766710934041,0.324233079162354,
2023-08-12 10:35:35.992000,-6.216867469879518,-0.45783132530120485,-7.662650602409639,-0.32127529123237275,-5.928264868179031,-7.42611894543225,3.0,0.32434232434232435,3083.1622176591372,-0.38610803566225754,-0.5243284190897969,-0.519317056115611,1385.3479853479853,-1.0,72.52766710934041,0.3242320890844341,
2023-08-12 10:35:36,-6.253012048192772,-0.44578313253012053,-7.686746987951808,-0.3531575720416922,-5.91354996934396,-7.42611894543225,3.0,0.32389832389832396,3087.388622344071,-0.5028844472932813,-0.38319445253773143,-0.43633820872909485,1382.4175824175823,-1.0,72.52766710934041,0.32423107362151854,
2023-08-12 10:35:36.007000,-6.216867469879518,-0.43373493975903615,-7.698795180722892,-0.3703249540159411,-5.86695278969957,-7.433476394849785,3.0,0.32434232434232435,3083.1622176591372,-0.5883107045043994,-0.2419439426606834,-0.44437969815278816,1379.4871794871794,-1.0,72.52766710934041,0.32423003433552633,
2023-08-12 10:35:36.015000,-6.216867469879518,-0.45783132530120485,-7.686746987951808,-0.35561005518087063,-5.925812385039853,-7.423666462293071,3.0,0.32389832389832396,3087.388622344071,-0.38028086941320355,-0.284482256278772,-0.34578404521881,1375.8241758241757,-1.0,72.52766710934041,0.32422897289973057,
2023-08-12 10:35:36.023000,-6.216867469879518,-0.45783132530120485,-7.698795180722892,-0.3408951563458001,-5.879215205395463,-7.384426732066217,3.0,0.32434232434232435,3083.1622176591372,-0.15838237864926225,-0.11153196200687572,-0.1554687955247361,1371.4285714285713,-1.0,72.52766710934041,0.32422789110428263,
2023-08-12 10:35:36.030000,-6.216867469879518,-0.45783132530120485,-7.686746987951808,-0.4095646842427958,-5.916002452483139,-7.369711833231146,3.0,0.32434232434232435,3083.1622176591372,-0.16758930132276742,0.012353592447992964,0.27690694015500245,1368.4981684981683,-1.0,72.52766710934041,0.32422679084006284,
2023-08-12 10:35:36.038000,-6.228915662650603,-0.45783132530120485,-7.710843373493976,-0.4414469650521152,-5.962599632127529,-7.359901900674433,3.0,0.32389832389832396,3087.388622344071,-0.20686440184138394,-0.24567332906007885,-0.0710914282384478,1365.5677655677655,-1.0,72.52766710934041,0.32422567425231447,
2023-08-12 10:35:36.046000,-6.216867469879518,-0.43373493975903615,-7.686746987951808,-0.38994481912936846,-5.957694665849172,-7.367259350091968,3.0,0.32434232434232435,3083.1622176591372,-0.3974127381854212,-0.2728279237806658,0.20791329176621406,1362.6373626373625,-1.0,72.52766710934041,0.3242245434466377,
2023-08-12 10:35:36.053000,-6.204819277108434,-0.43373493975903615,-7.674698795180723,-0.40465971796443895,-5.974862047823421,-7.359901900674433,3.0,0.32389832389832396,3087.388622344071,-0.1281976574791683,-0.221432317464018,0.12971272070392179,1358.2417582417581,-1.0,72.52766710934041,0.3242234006099987,
2023-08-12 10:35:36.061000,-6.228915662650603,-0.44578313253012053,-7.650602409638554,-0.4316370324954016,-5.989576946658492,-7.364806866952789,3.0,0.32434232434232435,3083.1622176591372,-0.12050579803041749,-0.20092069226735085,0.28110249985432084,1352.3809523809523,-1.0,72.52766710934041,0.32422224815229184,
2023-08-12 10:35:36.069000,-6.240963855421687,-0.45783132530120485,-7.674698795180723,-0.42427958307786634,-5.987124463519313,-7.374616799509503,3.0,0.32434232434232435,3083.1622176591372,0.14509643960142257,-0.08915564361051173,-0.1907814229939981,1341.3919413919414,-1.0,72.52766710934041,0.3242210885284641,
2023-08-12 10:35:36.076000,-6.228915662650603,-0.45783132530120485,-7.662650602409639,-0.41446965052115264,-5.938074800735745,-7.404046597179644,3.0,0.32389832389832396,3087.388622344071,-0.326437853271953,0.05279412621642132,-0.09673095973428128,1330.4029304029302,-1.0,72.52766710934041,0.3242199242620631,
2023-08-12 10:35:36.084000,-6.253012048192772,-0.46987951807228917,-7.662650602409639,-0.4095646842427958,-5.994481912936848,-7.445738810545677,3.0,0.32434232434232435,3083.1622176591372,-0.12190431793019099,-0.09474972320960402,-0.2594254414078431,1320.8791208791208,-1.0,72.52766710934041,0.3242187579367465,
2023-08-12 10:35:36.092000,-6.240963855421687,-0.46987951807228917,-7.650602409638554,-0.3531575720416922,-6.009196811771918,-7.4408338442673205,3.0,0.32434232434232435,3083.1622176591372,-0.13262630382844878,0.020278538546705464,-0.423285356331216,1314.2857142857142,-1.0,72.52766710934041,0.32421759215578916,
2023-08-12 10:35:36.099000,-6.253012048192772,-0.44578313253012053,-7.662650602409639,-0.4071122011036174,-5.952789699570815,-7.335377069282648,3.0,0.32434232434232435,3083.1622176591372,-0.020977798496590483,-0.30930598449973706,-0.048715109842083805,1308.4249084249084,-1.0,72.52766710934041,0.3242164295643774,
2023-08-12 10:35:36.107000,-6.253012048192772,-0.44578313253012053,-7.674698795180723,-0.3850398528510116,-5.947884733292458,-7.305947271612507,3.0,0.32389832389832396,3087.388622344071,0.38074704271312865,0.2924072023774845,-0.12155468795524718,1304.0293040293038,-1.0,72.52766710934041,0.3242152728505262,
2023-08-12 10:35:36.115000,-6.253012048192772,-0.45783132530120485,-7.674698795180723,-0.35561005518087063,-5.952789699570815,-7.396689147762109,3.0,0.32389832389832396,3087.388622344071,0.10768603228250118,0.3095390711497005,-0.025173358195909275,1301.8315018315018,-1.0,72.52766710934041,0.3242141247247476,
2023-08-12 10:35:36.122000,-6.240963855421687,-0.42168674698795183,-7.72289156626506,-0.42427958307786634,-5.979767014101777,-7.421213979153893,3.0,0.32434232434232435,3083.1622176591372,0.2160713245148891,0.18553697336985095,-0.18868364314433872,1301.098901098901,-1.0,72.52766710934041,0.3242129878678924,
2023-08-12 10:35:36.130000,-6.228915662650603,-0.44578313253012053,-7.710843373493976,-0.3654199877375843,-5.982219497240957,-7.421213979153893,3.0,0.32434232434232435,3083.1622176591372,-0.14940854262572048,0.030883981119980676,0.22504516053843,1299.6336996336995,-1.0,72.52766710934041,0.3242118650595408,
2023-08-12 10:35:36.138000,-6.228915662650603,-0.45783132530120485,-7.698795180722892,-0.4218270999386879,-5.940527283874923,-7.364806866952789,3.0,0.32434232434232435,3083.1622176591372,-0.06934327836373134,0.07388846803799265,0.2523162985839987,1301.098901098901,-1.0,72.52766710934041,0.3242107590503646,
2023-08-12 10:35:36.145000,-6.240963855421687,-0.45783132530120485,-7.686746987951808,-0.3605150214592274,-5.918454935622317,-7.381974248927039,3.0,0.32434232434232435,3083.1622176591372,0.4675718198240202,0.1006934327836371,0.38704038226210596,1306.227106227106,-1.0,72.52766710934041,0.32420967243433313,
2023-08-12 10:35:36.153000,-6.240963855421687,-0.42168674698795183,-7.686746987951808,-0.40465971796443895,-5.952789699570815,-7.325567136725935,3.0,0.32389832389832396,3087.388622344071,0.46524095332439824,0.09661441640930088,0.3829613658877689,1313.5531135531135,-1.0,72.52766710934041,0.324208607787179,
2023-08-12 10:35:36.161000,-6.253012048192772,-0.45783132530120485,-7.650602409638554,-0.33108522378908645,-5.933169834457388,-7.354996934396076,3.0,0.32434232434232435,3083.1622176591372,0.46279354349979546,0.09171959676009533,0.3782996328885263,1323.076923076923,-1.0,72.52766710934041,0.3242075675064228,
2023-08-12 10:35:36.168000,-6.228915662650603,-0.43373493975903615,-7.662650602409639,-0.3850398528510116,-5.974862047823421,-7.42611894543225,3.0,0.32434232434232435,3083.1622176591372,0.25989161470776695,0.10337392925820155,0.4946098712196259,1332.6007326007325,-1.0,72.52766710934041,0.32420655406706606,
2023-08-12 10:35:36.176000,-6.253012048192772,-0.43373493975903615,-7.686746987951808,-0.4463519313304721,-5.967504598405886,-7.433476394849785,3.0,0.32434232434232435,3083.1622176591372,0.11922382145562654,0.1778451139211001,0.1517394091253424,1342.8571428571427,-1.0,72.52766710934041,0.3242055700111844,
2023-08-12 10:35:36.184000,-6.253012048192772,-0.43373493975903615,-7.686746987951808,-0.40220723482526055,-5.962599632127529,-7.509503372164316,3.0,0.32434232434232435,3083.1622176591372,0.2540644484587147,0.07202377483829579,0.32037760037293866,1350.18315018315,-1.0,72.52766710934041,0.32420461767147696,
2023-08-12 10:35:36.191000,-6.253012048192772,-0.43373493975903615,-7.710843373493976,-0.4218270999386879,-5.938074800735745,-7.396689147762109,3.0,0.32434232434232435,3083.1622176591372,0.32690402657187806,0.010605442573276946,0.24136122603577878,1355.3113553113553,-1.0,72.52766710934041,0.324203699310648,
2023-08-12 10:35:36.199000,-6.228915662650603,-0.44578313253012053,-7.662650602409639,-0.35806253832004903,-5.940527283874923,-7.4481912936848556,3.0,0.32389832389832396,3087.388622344071,0.20208612551716096,0.34706602179360097,-0.3101217877746051,1356.7765567765566,-1.0,72.52766710934041,0.3242028171119184,
2023-08-12 10:35:36.207000,-6.240963855421687,-0.44578313253012053,-7.72289156626506,-0.38994481912936846,-5.982219497240957,-7.377069282648681,3.0,0.32434232434232435,3083.1622176591372,0.2146728046151156,0.4214206631315187,0.15034088922556976,1356.0439560439559,-1.0,72.52766710934041,0.32420197302071696,
2023-08-12 10:35:36.214000,-6.228915662650603,-0.43373493975903615,-7.72289156626506,-0.40220723482526055,-5.987124463519313,-7.386879215205395,3.0,0.32434232434232435,3083.1622176591372,0.30231338500087473,0.3119864809743015,-0.2207330575141308,1354.5787545787546,-1.0,72.52766710934041,0.3242011688636064,
2023-08-12 10:35:36.222000,-6.228915662650603,-0.42168674698795183,-7.686746987951808,-0.3703249540159411,-5.916002452483139,-7.408951563458001,3.0,0.32434232434232435,3083.1622176591372,-0.05174523629159206,-0.028902744595302985,-0.35872035429170807,1351.6483516483515,-1.0,72.52766710934041,0.3242004064992956,
2023-08-12 10:35:36.230000,-6.204819277108434,-0.39759036144578314,-7.686746987951808,-0.3163703249540159,-5.962599632127529,-7.438381361128142,3.0,0.32389832389832396,3087.388622344071,0.20802983509119577,0.3214264902977683,0.09999417283375078,1346.5201465201465,-1.0,72.52766710934041,0.32419968767238494,
2023-08-12 10:35:36.237000,-6.216867469879518,-0.4096385542168675,-7.686746987951808,-0.34580012262415694,-5.952789699570815,-7.367259350091968,3.0,0.32434232434232435,3083.1622176591372,0.17586387739642242,0.11899073480566313,-0.07260649146320128,1342.1245421245421,-1.0,72.52766710934041,0.3241990139959738,
2023-08-12 10:35:36.245000,-6.216867469879518,-0.43373493975903615,-7.662650602409639,-0.4512568976088289,-5.874310239117106,-7.423666462293071,3.0,0.32434232434232435,3083.1622176591372,0.32853563312161327,-0.06526426198939513,-0.05815511916554978,1336.9963369963368,-1.0,72.52766710934041,0.3241983869137838,
2023-08-12 10:35:36.252000,-6.216867469879518,-0.44578313253012053,-7.662650602409639,-0.4193746167995095,-5.837522992029429,-7.384426732066217,3.0,0.32434232434232435,3083.1622176591372,0.31035487442456805,-0.17318338092185798,0.13973544665229282,1334.7985347985348,-1.0,72.52766710934041,0.3241978077260431,
2023-08-12 10:35:36.260000,-6.240963855421687,-0.44578313253012053,-7.686746987951808,-0.4414469650521152,-5.965052115266707,-7.428571428571428,3.0,0.32389832389832396,3087.388622344071,-0.028436571295379638,0.31571586737369695,-0.1666569547229181,1330.4029304029302,-1.0,72.52766710934041,0.3241972775949498,
2023-08-12 10:35:36.268000,-6.228915662650603,-0.42168674698795183,-7.710843373493976,-0.33108522378908645,-5.91354996934396,-7.377069282648681,3.0,0.32389832389832396,3087.388622344071,0.036128430744128734,0.5749082221315771,-0.01410174232270855,1326.007326007326,-1.0,72.52766710934041,0.3241967975298252,
2023-08-12 10:35:36.275000,-6.240963855421687,-0.44578313253012053,-7.710843373493976,-0.3654199877375843,-5.925812385039853,-7.4849785407725316,3.0,0.32389832389832396,3087.388622344071,0.08262921741157274,0.85950702173533,-0.3181632771982984,1322.3443223443223,-1.0,72.52766710934041,0.32419636820260683,
2023-08-12 10:35:36.283000,-6.228915662650603,-0.42168674698795183,-7.72289156626506,-0.38994481912936846,-5.935622317596566,-7.413856529736358,3.0,0.32434232434232435,3083.1622176591372,0.14334828972670657,0.5475205407610285,-0.32958452304644253,1320.14652014652,-1.0,72.52766710934041,0.3241959899546098,
2023-08-12 10:35:36.291000,-6.253012048192772,-0.4096385542168675,-7.698795180722892,-0.35806253832004903,-5.987124463519313,-7.443286327406499,3.0,0.32389832389832396,3087.388622344071,0.5101101334421071,0.7131286055591165,-0.2946215255521239,1319.4139194139193,-1.0,72.52766710934041,0.32419566322993554,
2023-08-12 10:35:36.298000,-6.228915662650603,-0.44578313253012053,-7.710843373493976,-0.46106683016554256,-5.94543225015328,-7.416309012875536,3.0,0.32389832389832396,3087.388622344071,0.21595478118990652,0.5428588077617846,-0.13915273002738776,1318.6813186813185,-1.0,72.52766710934041,0.3241953882856554,
2023-08-12 10:35:36.306000,-6.216867469879518,-0.42168674698795183,-7.674698795180723,-0.3384426732066217,-6.023911710606989,-7.4481912936848556,3.0,0.32434232434232435,3083.1622176591372,0.24439135248528618,0.5542800536099292,0.1250509877046792,1320.14652014652,-1.0,72.52766710934041,0.3241951649026683,
2023-08-12 10:35:36.314000,-6.265060240963856,-0.43373493975903615,-7.710843373493976,-0.34334763948497854,-5.942979767014101,-7.460453709380747,3.0,0.32434232434232435,3083.1622176591372,0.1361226035778808,0.30767437795000363,0.03449682419439442,1320.8791208791208,-1.0,72.52766710934041,0.32419499282111863,
2023-08-12 10:35:36.321000,-6.253012048192772,-0.4096385542168675,-7.698795180722892,-0.3727774371551195,-5.933169834457388,-7.453096259963212,3.0,0.32434232434232435,3083.1622176591372,0.45580094400093313,0.15337101567507758,0.07971563428704619,1323.8095238095236,-1.0,72.52766710934041,0.3241948717610417,
2023-08-12 10:35:36.329000,-6.253012048192772,-0.4096385542168675,-7.662650602409639,-0.39239730226854685,-5.896382587369711,-7.433476394849785,3.0,0.32389832389832396,3087.388622344071,0.37678456966377327,-0.1210885146553234,0.27795583007983216,1323.076923076923,-1.0,72.52766710934041,0.32419480128476874,
2023-08-12 10:35:36.337000,-6.240963855421687,-0.42168674698795183,-7.698795180722892,-0.3408951563458001,-5.984671980380135,-7.418761496014715,3.0,0.32389832389832396,3087.388622344071,0.3899539653866321,0.26303828448225647,0.2151389779150398,1320.14652014652,-1.0,72.52766710934041,0.3241947807884168,
2023-08-12 10:35:36.344000,-6.253012048192772,-0.4096385542168675,-7.698795180722892,-0.4537093807480073,-6.00674432863274,-7.391784181483752,3.0,0.32389832389832396,3087.388622344071,0.31152030767437816,0.27574150690519195,-0.33552823262047643,1317.9487179487178,-1.0,72.52766710934041,0.32419480932379535,
2023-08-12 10:35:36.352000,-6.253012048192772,-0.4096385542168675,-7.674698795180723,-0.3948497854077253,-6.001839362354383,-7.47271612507664,3.0,0.32389832389832396,3087.388622344071,0.5253773090146262,-0.22947380688771132,-0.17877746052094853,1316.4835164835165,-1.0,72.52766710934041,0.32419488575037336,
2023-08-12 10:35:36.360000,-6.253012048192772,-0.43373493975903615,-7.698795180722892,-0.3531575720416922,-5.960147148988351,-7.413856529736358,3.0,0.32434232434232435,3083.1622176591372,0.3414719421945104,-0.01281976574791631,-0.007342229473807017,1317.9487179487178,-1.0,72.52766710934041,0.3241950088667359,
2023-08-12 10:35:36.367000,-6.240963855421687,-0.44578313253012053,-7.698795180722892,-0.40220723482526055,-5.869405272838749,-7.413856529736358,3.0,0.32389832389832396,3087.388622344071,0.3866907522871635,0.8581085018355582,0.008857292698560493,1317.216117216117,-1.0,72.52766710934041,0.32419517727631897,
2023-08-12 10:35:36.375000,-6.240963855421687,-0.43373493975903615,-7.686746987951808,-0.40220723482526055,-5.93071735131821,-7.374616799509503,3.0,0.32389832389832396,3087.388622344071,0.1392692733523686,0.5470543674611034,-0.29520424217702934,1318.6813186813185,-1.0,72.52766710934041,0.32419538928528213,
2023-08-12 10:35:36.383000,-6.228915662650603,-0.45783132530120485,-7.72289156626506,-0.33353770692826484,-5.911097486204782,-7.396689147762109,3.0,0.32434232434232435,3083.1622176591372,-0.1048889924829559,0.8169687081172431,-0.4019579278596817,1320.8791208791208,-1.0,72.52766710934041,0.3241956428968877,
2023-08-12 10:35:36.390000,-6.216867469879518,-0.43373493975903615,-7.698795180722892,-0.38749233599019006,-5.962599632127529,-7.377069282648681,3.0,0.32434232434232435,3083.1622176591372,0.09579861313443329,0.35091195151797727,-0.07680205116251963,1324.5421245421244,-1.0,72.52766710934041,0.3241959361043362,
2023-08-12 10:35:36.398000,-6.240963855421687,-0.44578313253012053,-7.698795180722892,-0.41201716738197425,-5.891477621091354,-7.42611894543225,3.0,0.32389832389832396,3087.388622344071,0.2184021910145093,0.45102266767670846,-0.1844880834450208,1333.3333333333333,-1.0,72.52766710934041,0.32419626691799774,
2023-08-12 10:35:36.406000,-6.240963855421687,-0.44578313253012053,-7.72289156626506,-0.40220723482526055,-5.911097486204782,-7.458001226241569,3.0,0.32434232434232435,3083.1622176591372,-0.20907872501602504,0.07936600431210238,-0.07691859448750091,1347.985347985348,-1.0,72.52766710934041,0.3241966330849499,
2023-08-12 10:35:36.413000,-6.240963855421687,-0.44578313253012053,-7.710843373493976,-0.40465971796443895,-5.896382587369711,-7.406499080318822,3.0,0.32389832389832396,3087.388622344071,-0.2851815162286588,0.32200920692267426,0.22667676708816517,1369.230769230769,-1.0,72.52766710934041,0.3241970322246709,
2023-08-12 10:35:36.421000,-6.253012048192772,-0.44578313253012053,-7.72289156626506,-0.4316370324954016,-5.952789699570815,-7.443286327406499,3.0,0.32389832389832396,3087.388622344071,-0.20721403181632816,0.5338849717382428,0.23972961948604404,1394.8717948717947,-1.0,72.52766710934041,0.3241974619863668,
2023-08-12 10:35:36.429000,-6.253012048192772,-0.45783132530120485,-7.686746987951808,-0.4218270999386879,-5.916002452483139,-7.450643776824034,3.0,0.32389832389832396,3087.388622344071,-0.20558242526659298,0.531321018588661,0.2387972728861956,1424.1758241758241,-1.0,72.52766710934041,0.32419791987733676,
2023-08-12 10:35:36.436000,-6.253012048192772,-0.45783132530120485,-7.710843373493976,-0.43654199877375843,-5.974862047823421,-7.408951563458001,3.0,0.32434232434232435,3083.1622176591372,-0.12959617737894008,0.3601188741914807,0.2370491230114796,1460.8058608058607,-1.0,72.52766710934041,0.3241984031232407,
2023-08-12 10:35:36.444000,-6.253012048192772,-0.45783132530120485,-7.710843373493976,-0.34825260576333533,-5.965052115266707,-7.386879215205395,3.0,0.32389832389832396,3087.388622344071,-0.17551424742147817,0.24847036885962412,-0.0849600839111938,1502.5641025641025,-1.0,72.52766710934041,0.32419890884749175,
2023-08-12 10:35:36.452000,-6.240963855421687,-0.44578313253012053,-7.698795180722892,-0.3825873697118332,-5.928264868179031,-7.374616799509503,3.0,0.32434232434232435,3083.1622176591372,-0.14556261290134592,-0.4074354641337923,-0.023425208321193255,1549.4505494505493,-1.0,72.52766710934041,0.32419943410165863,
2023-08-12 10:35:36.459000,-6.253012048192772,-0.44578313253012053,-7.698795180722892,-0.42673206621704474,-5.942979767014101,-7.396689147762109,3.0,0.32434232434232435,3083.1622176591372,-0.3286521764465941,-0.39018705203659376,-0.17539770409649777,1596.3369963369962,-1.0,72.52766710934041,0.3241999758646236,
2023-08-12 10:35:36.467000,-6.216867469879518,-0.45783132530120485,-7.698795180722892,-0.38994481912936846,-5.947884733292458,-7.428571428571428,3.0,0.32434232434232435,3083.1622176591372,-0.2354175164617444,-0.008391119398635847,-0.3112872210244156,1641.7582417582416,-1.0,72.52766710934041,0.3242005312124234,
2023-08-12 10:35:36.475000,-6.19277108433735,-0.44578313253012053,-7.674698795180723,-0.46842427958307786,-5.896382587369711,-7.4114040465971796,3.0,0.32434232434232435,3083.1622176591372,-0.15558533884971695,0.5078958102674677,-0.3096556144746809,1682.7838827838827,-1.0,72.52766710934041,0.32420109719058854,
2023-08-12 10:35:36.482000,-6.19277108433735,-0.46987951807228917,-7.710843373493976,-0.463519313304721,-5.903740036787247,-7.408951563458001,3.0,0.32389832389832396,3087.388622344071,-0.03309830429462177,0.13087815395373276,-0.06409882873958372,1716.4835164835163,-1.0,72.52766710934041,0.32420167082556195,
2023-08-12 10:35:36.490000,-6.240963855421687,-0.46987951807228917,-7.710843373493976,-0.40220723482526055,-5.911097486204782,-7.42611894543225,3.0,0.32434232434232435,3083.1622176591372,-0.26303828448225647,0.40044286463492823,-0.33762601247013585,1744.3223443223442,-1.0,72.52766710934041,0.32420224898709876,
2023-08-12 10:35:36.498000,-6.204819277108434,-0.46987951807228917,-7.72289156626506,-0.4218270999386879,-5.906192519926425,-7.421213979153893,3.0,0.32434232434232435,3083.1622176591372,-0.29450498222714305,0.27352718373055257,-0.014218285647689385,1764.102564102564,-1.0,72.52766710934041,0.32420282852760374,
2023-08-12 10:35:36.505000,-6.228915662650603,-0.45783132530120485,-7.734939759036145,-0.4095646842427958,-5.911097486204782,-7.399141630901287,3.0,0.32434232434232435,3083.1622176591372,-0.0632830254647157,0.472466639473224,0.21327428471534296,1777.2893772893772,-1.0,72.52766710934041,0.3242034064531604,
2023-08-12 10:35:36.513000,-6.240963855421687,-0.4819277108433735,-7.698795180722892,-0.4782342121397915,-5.928264868179031,-7.47271612507664,3.0,0.32434232434232435,3083.1622176591372,-0.1537206456500201,0.4862187518209887,0.2559291416584115,1780.2197802197802,-1.0,72.52766710934041,0.32420397979680105,
2023-08-12 10:35:36.521000,-6.253012048192772,-0.4819277108433735,-7.686746987951808,-0.3948497854077253,-5.994481912936848,-7.396689147762109,3.0,0.32434232434232435,3083.1622176591372,0.046500786667444005,0.5299224986888874,0.344035895344094,1774.3589743589741,857.91015625,69.93739328400683,0.3242045457693419,
2023-08-12 10:35:36.528000,-6.253012048192772,-0.49397590361445787,-7.674698795180723,-0.43899448191293683,-5.965052115266707,-7.399141630901287,3.0,0.32434232434232435,3083.1622176591372,-0.10582133908280432,0.17283375094691372,0.06596352193928101,1763.3699633699632,-1.0,69.93739328400683,0.3242051016123487,
2023-08-12 10:35:36.536000,-6.240963855421687,-0.45783132530120485,-7.674698795180723,-0.4095646842427958,-5.977314530962599,-7.357449417535254,3.0,0.32434232434232435,3083.1622176591372,0.06270030883981152,-0.08752403706077655,0.34135539886952954,1745.7875457875457,-1.0,69.93739328400683,0.3242056444825738,
2023-08-12 10:35:36.544000,-6.265060240963856,-0.46987951807228917,-7.674698795180723,-0.4095646842427958,-5.933169834457388,-7.418761496014715,3.0,0.32434232434232435,3083.1622176591372,-0.47106811957345224,-0.05897092244041781,0.23273701998718038,1723.0769230769229,-1.0,69.93739328400683,0.32420617161299353,
2023-08-12 10:35:36.551000,-6.240963855421687,-0.46987951807228917,-7.674698795180723,-0.3825873697118332,-5.967504598405886,-7.391784181483752,3.0,0.32434232434232435,3083.1622176591372,-0.11456208845638441,0.03251558766971586,0.29310646232737,1698.9010989010987,-1.0,69.93739328400683,0.32420668046314427,
2023-08-12 10:35:36.559000,-6.265060240963856,-0.43373493975903615,-7.662650602409639,-0.37768240343347637,-5.889025137952176,-7.423666462293071,3.0,0.32434232434232435,3083.1622176591372,-0.05291066954140216,-0.17970980712079695,-0.10535516578287968,1673.9926739926739,-1.0,69.93739328400683,0.3242071685713603,
2023-08-12 10:35:36.567000,-6.216867469879518,-0.44578313253012053,-7.686746987951808,-0.4218270999386879,-5.940527283874923,-7.450643776824034,3.0,0.32434232434232435,3083.1622176591372,0.010372355923315273,0.23355282326204754,-0.3160654973486394,1647.6190476190475,-1.0,69.93739328400683,0.32420763343825776,
2023-08-12 10:35:36.574000,-6.216867469879518,-0.43373493975903615,-7.674698795180723,-0.37768240343347637,-5.881667688534641,-7.364806866952789,3.0,0.32434232434232435,3083.1622176591372,-0.2637375444321432,0.15640114212458453,-0.3442689819940561,1619.7802197802196,-1.0,69.93739328400683,0.3242080728253506,
2023-08-12 10:35:36.582000,-6.1807228915662655,-0.44578313253012053,-7.698795180722892,-0.3825873697118332,-5.923359901900674,-7.47271612507664,3.0,0.32434232434232435,3083.1622176591372,-0.1689878212225392,0.23110541343744478,-0.3717732066895869,1593.4065934065934,-1.0,69.93739328400683,0.32420848474486863,
2023-08-12 10:35:36.590000,-6.204819277108434,-0.43373493975903615,-7.686746987951808,-0.3237277743715512,-5.957694665849172,-7.428571428571428,3.0,0.32434232434232435,3083.1622176591372,-0.30394499155060817,0.2257444204883159,0.2702639706310822,1565.5677655677655,-1.0,69.93739328400683,0.32420886718278275,
2023-08-12 10:35:36.597000,-6.204819277108434,-0.42168674698795183,-7.710843373493976,-0.42918454935622313,-5.886572654812998,-7.406499080318822,3.0,0.32434232434232435,3083.1622176591372,0.12691568090437563,0.43377425557951166,0.23634986306159328,1539.9267399267399,-1.0,69.93739328400683,0.3242092181295839,
2023-08-12 10:35:36.605000,-6.216867469879518,-0.44578313253012053,-7.746987951807229,-0.42673206621704474,-5.933169834457388,-7.421213979153893,3.0,0.32434232434232435,3083.1622176591372,0.0666627818891669,0.337509469145155,0.6296835848726766,1517.216117216117,-1.0,69.93739328400683,0.3242095357379544,
2023-08-12 10:35:36.613000,-6.228915662650603,-0.4096385542168675,-7.698795180722892,-0.42673206621704474,-5.952789699570815,-7.418761496014715,3.0,0.32434232434232435,3083.1622176591372,0.28168521647922673,0.2419439426606834,0.5161703863411223,1497.4358974358972,-1.0,69.93739328400683,0.32420981833058715,
2023-08-12 10:35:36.620000,-6.216867469879518,-0.44578313253012053,-7.710843373493976,-0.3727774371551195,-5.952789699570815,-7.389331698344574,3.0,0.32434232434232435,3083.1622176591372,0.21898490763941522,-0.1562845987996037,0.7267641745819008,1476.923076923077,-1.0,69.93739328400683,0.3242100644074024,
2023-08-12 10:35:36.628000,-6.240963855421687,-0.44578313253012053,-7.686746987951808,-0.42918454935622313,-5.942979767014101,-7.423666462293071,3.0,0.32434232434232435,3083.1622176591372,0.5378474447875999,-0.06118524561505717,0.219451080939339,1455.6776556776556,-1.0,69.93739328400683,0.3242102726521353,
2023-08-12 10:35:36.635000,-6.253012048192772,-0.43373493975903615,-7.698795180722892,-0.4071122011036174,-5.91354996934396,-7.431023911710606,3.0,0.32434232434232435,3083.1622176591372,-0.04533535341763217,0.5983334304527703,0.4347066021793601,1435.8974358974358,-1.0,69.93739328400683,0.3242104419382544,
2023-08-12 10:35:36.643000,-6.265060240963856,-0.4096385542168675,-7.710843373493976,-0.3727774371551195,-5.955242182709994,-7.453096259963212,3.0,0.32434232434232435,3083.1622176591372,-0.07563661791270866,-0.0010488899248292638,0.09789639298409182,1416.117216117216,-1.0,69.93739328400683,0.32421057133418696,
2023-08-12 10:35:36.651000,-6.265060240963856,-0.42168674698795183,-7.698795180722892,-0.3948497854077253,-5.994481912936848,-7.4481912936848556,3.0,0.32434232434232435,3083.1622176591372,0.1988229124176906,0.1517394091253424,-0.06841093176388335,1401.4652014652013,-1.0,69.93739328400683,0.32421066024657286,
2023-08-12 10:35:36.658000,-6.216867469879518,-0.43373493975903615,-7.710843373493976,-0.3801348865726548,-6.011649294911098,-7.42611894543225,3.0,0.32434232434232435,3083.1622176591372,-0.21443971796515393,0.20884563836606335,-0.219451080939339,1389.7435897435896,-1.0,69.93739328400683,0.3242107082648949,
2023-08-12 10:35:36.666000,-6.204819277108434,-0.43373493975903615,-7.710843373493976,-0.4193746167995095,-5.916002452483139,-7.418761496014715,3.0,0.32434232434232435,3083.1622176591372,0.06223413553988644,0.03531262746926114,-0.2172367577646992,1380.2197802197802,-1.0,69.93739328400683,0.3242107150368586,
2023-08-12 10:35:36.674000,-6.19277108433735,-0.43373493975903615,-7.734939759036145,-0.3727774371551195,-5.879215205395463,-7.399141630901287,3.0,0.32434232434232435,3083.1622176591372,-0.060136355690227905,-0.028786201270322147,-0.41151448050812894,1372.161172161172,-1.0,69.93739328400683,0.3242106805584514,
2023-08-12 10:35:36.681000,-6.204819277108434,-0.44578313253012053,-7.710843373493976,-0.3948497854077253,-5.911097486204782,-7.467811158798283,3.0,0.32434232434232435,3083.1622176591372,0.015150632247538248,-0.04440300681778374,0.08227958743662936,1366.3003663003662,-1.0,69.93739328400683,0.32421060501603227,
2023-08-12 10:35:36.689000,-6.19277108433735,-0.42168674698795183,-7.710843373493976,-0.3678724708767627,-5.93071735131821,-7.480073574494175,3.0,0.32434232434232435,3083.1622176591372,0.12120505798030425,-0.10617096905774683,-0.06957636501369388,1360.4395604395604,-1.0,69.93739328400683,0.32421048865913443,
2023-08-12 10:35:36.697000,-6.216867469879518,-0.4096385542168675,-7.72289156626506,-0.3531575720416922,-5.974862047823421,-7.443286327406499,3.0,0.32434232434232435,3083.1622176591372,0.18134141367053214,0.35300973136763575,0.11561097838121324,1359.7069597069597,-1.0,69.93739328400683,0.32421033194917054,
2023-08-12 10:35:36.704000,-6.216867469879518,-0.4096385542168675,-7.734939759036145,-0.33353770692826484,-5.94543225015328,-7.502145922746781,3.0,0.32434232434232435,3083.1622176591372,0.17831128722102518,0.35126158149291975,0.11362974185653511,1361.904761904762,-1.0,69.93739328400683,0.32421013555803513,
2023-08-12 10:35:36.712000,-6.216867469879518,-0.4096385542168675,-7.72289156626506,-0.3041079092581238,-5.984671980380135,-7.4481912936848556,3.0,0.32434232434232435,3083.1622176591372,-0.31105413437445306,0.07225686148825747,0.2788881766796806,1370.6959706959706,-1.0,69.93739328400683,0.32420990036590286,
2023-08-12 10:35:36.720000,-6.216867469879518,-0.39759036144578314,-7.72289156626506,-0.38994481912936846,-5.923359901900674,-7.413856529736358,3.0,0.32389832389832396,3087.388622344071,-0.21921799428937688,-0.09638132975933747,0.24474098246022954,1378.7545787545787,-1.0,69.93739328400683,0.3242096274582331,
2023-08-12 10:35:36.727000,-6.216867469879518,-0.4096385542168675,-7.72289156626506,-0.41692213366033104,-5.835070508890251,-7.467811158798283,3.0,0.32434232434232435,3083.1622176591372,-0.3723559233144928,-0.1420663131519139,0.08880601363556921,1386.8131868131868,-1.0,69.93739328400683,0.32420931811144504,
2023-08-12 10:35:36.735000,-6.228915662650603,-0.43373493975903615,-7.710843373493976,-0.33353770692826484,-5.901287553648069,-7.4776210913549965,3.0,0.32434232434232435,3083.1622176591372,-0.11129887535691405,-0.4629100868247763,-0.21828564768952846,1393.4065934065934,-1.0,69.93739328400683,0.3242089737566594,
2023-08-12 10:35:36.743000,-6.216867469879518,-0.4096385542168675,-7.698795180722892,-0.3825873697118332,-5.903740036787247,-7.399141630901287,3.0,0.32434232434232435,3083.1622176591372,-0.6432026105704792,-0.36944234018996497,-0.08286230406153484,1399.2673992673992,-1.0,69.93739328400683,0.3242085960057239,
2023-08-12 10:35:36.750000,-6.228915662650603,-0.44578313253012053,-7.686746987951808,-0.3703249540159411,-5.928264868179031,-7.4776210913549965,3.0,0.32434232434232435,3083.1622176591372,-0.10465590583299422,-0.23401899656197264,-0.37410407318920796,1403.6630036630036,-1.0,69.93739328400683,0.32420818679409946,
2023-08-12 10:35:36.758000,-6.228915662650603,-0.43373493975903615,-7.686746987951808,-0.3948497854077253,-5.896382587369711,-7.450643776824034,3.0,0.32434232434232435,3083.1622176591372,-0.33226501952100695,-0.3556902278422002,-0.4019579278596817,1404.3956043956043,-1.0,69.93739328400683,0.32420774821462667,
2023-08-12 10:35:36.766000,-6.228915662650603,-0.42168674698795183,-7.698795180722892,-0.4537093807480073,-5.989576946658492,-7.467811158798283,3.0,0.32434232434232435,3083.1622176591372,-0.4376201853038862,-0.3111706776994339,-0.4441466115028261,1406.5934065934066,-1.0,69.93739328400683,0.3242072823821479,
2023-08-12 10:35:36.773000,-6.204819277108434,-0.44578313253012053,-7.686746987951808,-0.4071122011036174,-5.989576946658492,-7.431023911710606,3.0,0.32434232434232435,3083.1622176591372,-0.40545422760911287,-0.27912126332964315,-0.258609638132976,1405.8608058608058,-1.0,69.93739328400683,0.3242067915742094,
2023-08-12 10:35:36.781000,-6.204819277108434,-0.44578313253012053,-7.686746987951808,-0.41201716738197425,-5.93071735131821,-7.39423666462293,3.0,0.32434232434232435,3083.1622176591372,-0.32690402657187806,-0.2898432492279009,-0.3969465648854962,1403.6630036630036,-1.0,69.93739328400683,0.3242062782218803,
2023-08-12 10:35:36.789000,-6.216867469879518,-0.43373493975903615,-7.698795180722892,-0.3261802575107296,-5.947884733292458,-7.364806866952789,3.0,0.32434232434232435,3083.1622176591372,-0.539595594662316,-0.24042887943593078,-0.4873841850708001,1398.5347985347985,-1.0,69.93739328400683,0.3242057449000247,
2023-08-12 10:35:36.796000,-6.216867469879518,-0.44578313253012053,-7.698795180722892,-0.43654199877375843,-5.89883507050889,-7.445738810545677,3.0,0.32434232434232435,3083.1622176591372,-0.47806071907231457,-0.46687255987413345,-0.25616222830837365,1389.7435897435896,-1.0,69.93739328400683,0.3242051943170685,
2023-08-12 10:35:36.804000,-6.19277108433735,-0.42168674698795183,-7.650602409638554,-0.3973022685469037,-5.916002452483139,-7.423666462293071,3.0,0.32434232434232435,3083.1622176591372,-0.2336693665870284,-0.17341646757181964,-0.08962181691043637,1380.952380952381,-1.0,69.93739328400683,0.32420462930430954,
2023-08-12 10:35:36.812000,-6.216867469879518,-0.44578313253012053,-7.662650602409639,-0.42427958307786634,-5.837522992029429,-7.386879215205395,3.0,0.32434232434232435,3083.1622176591372,-0.14229939980187556,-0.2354175164617444,-0.3187459938232039,1371.4285714285713,-1.0,69.93739328400683,0.32420405280481673,
2023-08-12 10:35:36.819000,-6.204819277108434,-0.44578313253012053,-7.638554216867471,-0.38749233599019006,-5.893930104230533,-7.399141630901287,3.0,0.32434232434232435,3083.1622176591372,-0.1418332265019522,-0.2973020220266883,-0.026105704795757703,1365.5677655677655,-1.0,69.93739328400683,0.3242034678619696,
2023-08-12 10:35:36.827000,-6.228915662650603,-0.45783132530120485,-7.674698795180723,-0.3408951563458001,-5.918454935622317,-7.342734518700183,3.0,0.32434232434232435,3083.1622176591372,0.058388205815511886,-0.12854728745411081,0.11258085193170542,1358.2417582417581,-1.0,69.93739328400683,0.3242028776076874,
2023-08-12 10:35:36.835000,-6.216867469879518,-0.45783132530120485,-7.662650602409639,-0.42918454935622313,-5.918454935622317,-7.384426732066217,3.0,0.32434232434232435,3083.1622176591372,0.13285939047841044,-0.07050871161354318,0.06864401841384546,1349.4505494505493,-1.0,69.93739328400683,0.3242022852503982,
2023-08-12 10:35:36.842000,-6.228915662650603,-0.44578313253012053,-7.674698795180723,-0.3973022685469037,-5.918454935622317,-7.367259350091968,3.0,0.32434232434232435,3083.1622176591372,0.039624730493560766,0.20534933861663132,0.14602878620127013,1337.7289377289376,-1.0,69.93739328400683,0.3242016940628009,
2023-08-12 10:35:36.850000,-6.228915662650603,-0.44578313253012053,-7.650602409638554,-0.38749233599019006,-5.950337216431636,-7.431023911710606,3.0,0.32434232434232435,3083.1622176591372,0.13227667385350453,0.35440825126740927,-0.26641804090670723,1331.8681318681317,-1.0,69.93739328400683,0.3242011073694729,
2023-08-12 10:35:36.858000,-6.228915662650603,-0.43373493975903615,-7.710843373493976,-0.39239730226854685,-5.942979767014101,-7.396689147762109,3.0,0.32434232434232435,3083.1622176591372,-0.004079016374337954,0.3019637550259305,-0.17120214439717985,1330.4029304029302,-1.0,69.93739328400683,0.3242005285343748,
2023-08-12 10:35:36.865000,-6.253012048192772,-0.44578313253012053,-7.686746987951808,-0.38749233599019006,-5.925812385039853,-7.4408338442673205,3.0,0.32434232434232435,3083.1622176591372,-0.031816327719829104,0.3601188741914807,0.060136355690227905,1327.4725274725274,-1.0,69.93739328400683,0.32419996108705396,
2023-08-12 10:35:36.873000,-6.253012048192772,-0.42168674698795183,-7.72289156626506,-0.46842427958307786,-5.94543225015328,-7.431023911710606,3.0,0.32389832389832396,3087.388622344071,0.3513781248179006,-0.1628110249985427,-0.030417807820056895,1326.007326007326,-1.0,69.93739328400683,0.32419940855097246,
2023-08-12 10:35:36.881000,-6.240963855421687,-0.45783132530120485,-7.72289156626506,-0.4316370324954016,-5.957694665849172,-7.445738810545677,3.0,0.32434232434232435,3083.1622176591372,-0.16980362449740677,0.0090903793485226,0.16782238797272864,1327.4725274725274,-1.0,69.93739328400683,0.3241988742928575,
2023-08-12 10:35:36.888000,-6.228915662650603,-0.44578313253012053,-7.698795180722892,-0.3703249540159411,-5.947884733292458,-7.462906192519926,3.0,0.32389832389832396,3087.388622344071,0.3969465648854962,-0.15616805547462287,0.028669657945341313,1329.6703296703297,-1.0,69.93739328400683,0.32419836162770005,
2023-08-12 10:35:36.896000,-6.240963855421687,-0.44578313253012053,-7.698795180722892,-0.4414469650521152,-5.935622317596566,-7.369711833231146,3.0,0.32389832389832396,3087.388622344071,0.24089505273585413,-0.06479808868947004,0.27387681370549505,1332.6007326007325,-1.0,69.93739328400683,0.32419787382710347,
2023-08-12 10:35:36.904000,-6.240963855421687,-0.44578313253012053,-7.710843373493976,-0.40465971796443895,-5.967504598405886,-7.39423666462293,3.0,0.32434232434232435,3083.1622176591372,0.4984558009440009,-0.0651477186644143,0.16467571819823998,1334.7985347985348,-1.0,69.93739328400683,0.3241974139362122,
2023-08-12 10:35:36.911000,-6.240963855421687,-0.44578313253012053,-7.710843373493976,-0.3825873697118332,-5.918454935622317,-7.384426732066217,3.0,0.32434232434232435,3083.1622176591372,0.1281976574791683,-0.2022026688421418,0.19451080939339183,1333.3333333333333,-1.0,69.93739328400683,0.32419698492010657,
2023-08-12 10:35:36.919000,-6.240963855421687,-0.43373493975903615,-7.710843373493976,-0.3408951563458001,-5.969957081545064,-7.399141630901287,3.0,0.32434232434232435,3083.1622176591372,0.21851873433949015,-0.2938057222772563,-0.09486626653458444,1333.3333333333333,-1.0,69.93739328400683,0.324196589820867,
2023-08-12 10:35:36.927000,-6.216867469879518,-0.43373493975903615,-7.710843373493976,-0.3948497854077253,-5.965052115266707,-7.443286327406499,3.0,0.32434232434232435,3083.1622176591372,0.07831711438727311,-0.23238739001223746,-0.018413845347007744,1328.937728937729,-1.0,69.93739328400683,0.32419623160659583,
2023-08-12 10:35:36.934000,-6.228915662650603,-0.43373493975903615,-7.72289156626506,-0.40220723482526055,-5.918454935622317,-7.467811158798283,3.0,0.32389832389832396,3087.388622344071,-0.013868655672745575,-0.03135015441990576,-0.15360410232503927,1326.007326007326,-1.0,69.93739328400683,0.3241959131596185,
2023-08-12 10:35:36.942000,-6.253012048192772,-0.43373493975903615,-7.759036144578314,-0.40465971796443895,-5.89883507050889,-7.4702636419374615,3.0,0.32434232434232435,3083.1622176591372,0.18413845347007743,0.31688130062350706,0.107802575607482,1323.076923076923,-1.0,69.93739328400683,0.32419563725462625,
2023-08-12 10:35:36.950000,-6.216867469879518,-0.44578313253012053,-7.710843373493976,-0.3973022685469037,-5.928264868179031,-7.458001226241569,3.0,0.32434232434232435,3083.1622176591372,-0.22935726356272876,0.3283025464716516,0.2157216945399453,1323.076923076923,-1.0,69.93739328400683,0.324195406516183,
2023-08-12 10:35:36.957000,-6.216867469879518,-0.46987951807228917,-7.698795180722892,-0.43654199877375843,-5.942979767014101,-7.421213979153893,3.0,0.32434232434232435,3083.1622176591372,-0.16910436454752,0.3692092535400033,0.2312219567624265,1324.5421245421244,-1.0,69.93739328400683,0.32419522343984325,
2023-08-12 10:35:36.965000,-6.204819277108434,-0.45783132530120485,-7.698795180722892,-0.3948497854077253,-5.942979767014101,-7.381974248927039,3.0,0.32434232434232435,3083.1622176591372,-0.016898782122254267,0.4095332439834508,0.03204941436979208,1325.2747252747251,-1.0,69.93739328400683,0.3241950903927312,
2023-08-12 10:35:36.973000,-6.216867469879518,-0.44578313253012053,-7.674698795180723,-0.38994481912936846,-5.906192519926425,-7.423666462293071,3.0,0.32434232434232435,3083.1622176591372,0.04253831361808689,0.23634986306159284,0.20103723559233125,1323.8095238095236,-1.0,69.93739328400683,0.3241950097429845,
2023-08-12 10:35:36.980000,-6.240963855421687,-0.42168674698795183,-7.686746987951808,-0.3605150214592274,-5.940527283874923,-7.386879215205395,3.0,0.32478632478632485,3078.947368421052,0.04079016374337087,0.2350678864868019,0.19858982576772935,1320.14652014652,-1.0,69.93739328400683,0.3241949836920287,
2023-08-12 10:35:36.988000,-6.240963855421687,-0.43373493975903615,-7.698795180722892,-0.34580012262415694,-5.896382587369711,-7.384426732066217,3.0,0.32434232434232435,3083.1622176591372,-0.17353301089680048,0.06363265543965994,-0.19928908571761567,1315.018315018315,-1.0,69.93739328400683,0.32419501428839975,
2023-08-12 10:35:36.996000,-6.228915662650603,-0.44578313253012053,-7.674698795180723,-0.29675045984058857,-5.91354996934396,-7.431023911710606,3.0,0.32434232434232435,3083.1622176591372,-0.1119981353068008,-0.17050288444729353,0.07260649146320128,1311.3553113553112,-1.0,69.93739328400683,0.32419510358108145,
2023-08-12 10:35:37.003000,-6.216867469879518,-0.46987951807228917,-7.72289156626506,-0.40220723482526055,-5.982219497240957,-7.362354383813611,3.0,0.32434232434232435,3083.1622176591372,-0.2051162519666679,-0.17423227084668724,-0.1299458073538839,1308.4249084249084,-1.0,69.93739328400683,0.3241952534336993,
2023-08-12 10:35:37.011000,-6.216867469879518,-0.42168674698795183,-7.698795180722892,-0.3727774371551195,-5.928264868179031,-7.362354383813611,3.0,0.32434232434232435,3083.1622176591372,0.08321193403647865,-0.4975234543441524,-0.5441407843365773,1308.4249084249084,-1.0,69.93739328400683,0.3241954653710419,
2023-08-12 10:35:37.018000,-6.228915662650603,-0.44578313253012053,-7.686746987951808,-0.3531575720416922,-5.918454935622317,-7.389331698344574,3.0,0.32434232434232435,3083.1622176591372,-0.3031291882757423,-0.5730435289318803,-0.46675601654915216,1311.3553113553112,-1.0,69.93739328400683,0.32419574059588974,
2023-08-12 10:35:37.026000,-6.216867469879518,-0.43373493975903615,-7.698795180722892,-0.4316370324954016,-5.940527283874923,-7.401594114040465,3.0,0.32389832389832396,3087.388622344071,-0.31862945049822305,-0.3124526542742266,-0.32818600314666985,1315.018315018315,-1.0,69.93739328400683,0.32419608013410506,
2023-08-12 10:35:37.034000,-6.204819277108434,-0.44578313253012053,-7.698795180722892,-0.3605150214592274,-5.996934396076027,-7.445738810545677,3.0,0.32389832389832396,3087.388622344071,-0.10337392925820155,-0.022026688421421484,-0.4793426956471068,1317.9487179487178,-1.0,69.93739328400683,0.32419648482073493,
2023-08-12 10:35:37.041000,-6.228915662650603,-0.42168674698795183,-7.710843373493976,-0.3678724708767627,-5.957694665849172,-7.433476394849785,3.0,0.32434232434232435,3083.1622176591372,-0.3784161762135067,-0.007691859448750828,-0.19858982576772935,1320.14652014652,-1.0,69.93739328400683,0.32419695525526915,
2023-08-12 10:35:37.049000,-6.228915662650603,-0.43373493975903615,-7.674698795180723,-0.37522992029429797,-5.962599632127529,-7.396689147762109,3.0,0.32434232434232435,3083.1622176591372,0.14218285647689471,0.14194976982693305,0.15372064565002053,1320.8791208791208,-1.0,69.93739328400683,0.3241974919383799,
2023-08-12 10:35:37.057000,-6.228915662650603,-0.4096385542168675,-7.674698795180723,-0.3016554261189454,-5.908645003065604,-7.357449417535254,3.0,0.32434232434232435,3083.1622176591372,0.0924188567099821,0.2291241769127671,0.047433133267291996,1317.216117216117,-1.0,69.93739328400683,0.3241980952922688,
2023-08-12 10:35:37.064000,-6.240963855421687,-0.43373493975903615,-7.698795180722892,-0.3850398528510116,-5.906192519926425,-7.423666462293071,3.0,0.32434232434232435,3083.1622176591372,-0.12295320785502026,0.11747567158091053,0.15511916554979316,1313.5531135531135,-1.0,69.93739328400683,0.3241987655225637,
2023-08-12 10:35:37.072000,-6.216867469879518,-0.42168674698795183,-7.674698795180723,-0.3507050889025138,-5.923359901900674,-7.389331698344574,3.0,0.32434232434232435,3083.1622176591372,0.25872618145795684,0.2510343220092077,0.04941436979197012,1312.087912087912,-1.0,69.93739328400683,0.32419950248088464,
2023-08-12 10:35:37.080000,-6.216867469879518,-0.43373493975903615,-7.686746987951808,-0.37522992029429797,-5.918454935622317,-7.37952176578786,3.0,0.32434232434232435,3083.1622176591372,-0.1086183788823496,-0.16525843482314548,-0.1659576947730318,1308.4249084249084,-1.0,69.93739328400683,0.32420030568720665,
2023-08-12 10:35:37.087000,-6.228915662650603,-0.43373493975903615,-7.698795180722892,-0.40220723482526055,-5.93071735131821,-7.391784181483752,3.0,0.32434232434232435,3083.1622176591372,0.10337392925820155,-0.05827166249053105,0.06374919876464077,1307.6923076923076,-1.0,69.93739328400683,0.32420117461924114,
2023-08-12 10:35:37.095000,-6.228915662650603,-0.44578313253012053,-7.686746987951808,-0.33108522378908645,-5.925812385039853,-7.438381361128142,3.0,0.32434232434232435,3083.1622176591372,0.11677641163102377,0.24520715576015376,-0.04545189674261387,1309.1575091575091,-1.0,69.93739328400683,0.32420210855549053,
2023-08-12 10:35:37.103000,-6.228915662650603,-0.44578313253012053,-7.698795180722892,-0.3801348865726548,-5.928264868179031,-7.433476394849785,3.0,0.32434232434232435,3083.1622176591372,0.2673503875065561,0.3944991550608934,0.07388846803799308,1309.89010989011,-1.0,69.93739328400683,0.3242031064506478,
2023-08-12 10:35:37.110000,-6.228915662650603,-0.45783132530120485,-7.698795180722892,-0.40220723482526055,-5.940527283874923,-7.399141630901287,3.0,0.32434232434232435,3083.1622176591372,0.47864343569722045,0.4637258900996439,-0.07971563428704619,1309.89010989011,-1.0,69.93739328400683,0.3242041672272661,
2023-08-12 10:35:37.118000,-6.228915662650603,-0.45783132530120485,-7.686746987951808,-0.40465971796443895,-5.967504598405886,-7.4114040465971796,3.0,0.32434232434232435,3083.1622176591372,0.27912126332964315,0.613250976050347,0.07260649146320128,1309.1575091575091,-1.0,69.93739328400683,0.32420528962104983,
2023-08-12 10:35:37.126000,-6.253012048192772,-0.43373493975903615,-7.698795180722892,-0.45616186388718577,-5.972409564684242,-7.374616799509503,3.0,0.32434232434232435,3083.1622176591372,0.5370316415127324,0.42584930948079913,-0.20301847211700938,1309.89010989011,-1.0,69.93739328400683,0.32420647205842357,
2023-08-12 10:35:37.133000,-6.228915662650603,-0.43373493975903615,-7.710843373493976,-0.3801348865726548,-5.916002452483139,-7.357449417535254,3.0,0.32434232434232435,3083.1622176591372,0.2288910902628054,0.055707709340947445,-0.05034671639181855,1311.3553113553112,-1.0,69.93739328400683,0.32420771295029926,
2023-08-12 10:35:37.141000,-6.253012048192772,-0.43373493975903615,-7.698795180722892,-0.40220723482526055,-5.960147148988351,-7.37952176578786,3.0,0.32434232434232435,3083.1622176591372,0.5157042130411976,0.03834275391876983,0.10430627585805041,1318.6813186813185,-1.0,69.93739328400683,0.3242090106781266,
2023-08-12 10:35:37.149000,-6.253012048192772,-0.45783132530120485,-7.686746987951808,-0.35806253832004903,-5.925812385039853,-7.431023911710606,3.0,0.32434232434232435,3083.1622176591372,0.3428704620942839,0.3420546588194163,0.21222539479051325,1328.937728937729,-1.0,69.93739328400683,0.3242103634529976,
2023-08-12 10:35:37.156000,-6.240963855421687,-0.43373493975903615,-7.698795180722892,-0.3825873697118332,-5.950337216431636,-7.435928877988964,3.0,0.32434232434232435,3083.1622176591372,0.4044053376842836,0.2619893945574272,0.30511042480041956,1343.5897435897434,-1.0,69.93739328400683,0.32421176932448376,
2023-08-12 10:35:37.164000,-6.253012048192772,-0.44578313253012053,-7.734939759036145,-0.4095646842427958,-5.972409564684242,-7.396689147762109,3.0,0.32434232434232435,3083.1622176591372,0.1906648796690164,0.15197249577530408,0.2598916147077678,1366.3003663003662,-1.0,69.93739328400683,0.32421322605111785,
2023-08-12 10:35:37.172000,-6.228915662650603,-0.44578313253012053,-7.698795180722892,-0.3727774371551195,-5.881667688534641,-7.4408338442673205,3.0,0.32434232434232435,3083.1622176591372,0.5892430511042478,0.36338208729095106,0.23028961016257807,1394.139194139194,-1.0,69.93739328400683,0.32421473126910594,
2023-08-12 10:35:37.179000,-6.204819277108434,-0.42168674698795183,-7.698795180722892,-0.38749233599019006,-5.891477621091354,-7.416309012875536,3.0,0.32389832389832396,3087.388622344071,0.3573218343919354,0.22213157741390302,0.30872326787483245,1430.03663003663,-1.0,69.93739328400683,0.32421628262983554,
2023-08-12 10:35:37.187000,-6.204819277108434,-0.43373493975903615,-7.710843373493976,-0.3948497854077253,-5.869405272838749,-7.467811158798283,3.0,0.32434232434232435,3083.1622176591372,0.06503117533943172,-0.1922964862187516,0.0023308664996210685,1472.5274725274724,-1.0,69.93739328400683,0.3242178775116462,
2023-08-12 10:35:37.195000,-6.204819277108434,-0.42168674698795183,-7.698795180722892,-0.43408951563458,-5.901287553648069,-7.362354383813611,3.0,0.32434232434232435,3083.1622176591372,0.2645533477070108,-0.10057688945865627,0.29497115552706726,1521.6117216117216,-1.0,69.93739328400683,0.3242195131578306,
2023-08-12 10:35:37.202000,-6.204819277108434,-0.43373493975903615,-7.734939759036145,-0.4316370324954016,-5.884120171673819,-7.359901900674433,3.0,0.32434232434232435,3083.1622176591372,0.08146378416176263,-0.10162577938348553,0.26420371773206697,1575.091575091575,-1.0,69.93739328400683,0.32422118670758227,
2023-08-12 10:35:37.210000,-6.1807228915662655,-0.44578313253012053,-7.734939759036145,-0.41201716738197425,-5.864500306560392,-7.455548743102391,3.0,0.32434232434232435,3083.1622176591372,-0.05535807936600493,0.12889691742905507,0.061534875590000544,1629.3040293040292,-1.0,69.93739328400683,0.3242228950883359,
2023-08-12 10:35:37.218000,-6.19277108433735,-0.4096385542168675,-7.710843373493976,-0.38749233599019006,-5.893930104230533,-7.386879215205395,3.0,0.32434232434232435,3083.1622176591372,0.31280228424916906,0.34298700541926475,0.3676941903152498,1682.051282051282,-1.0,69.93739328400683,0.3242246351745636,
2023-08-12 10:35:37.225000,-6.204819277108434,-0.43373493975903615,-7.710843373493976,-0.3359901900674433,-5.89883507050889,-7.489883507050888,3.0,0.32434232434232435,3083.1622176591372,0.08344502068644033,0.23401899656197264,0.31758056057339334,1728.2051282051282,-1.0,69.93739328400683,0.32422640379753104,
2023-08-12 10:35:37.233000,-6.216867469879518,-0.44578313253012053,-7.698795180722892,-0.3654199877375843,-5.947884733292458,-7.4702636419374615,3.0,0.32434232434232435,3083.1622176591372,0.06689586853912857,0.3828448225627872,-0.26758347415651773,1767.032967032967,-1.0,69.93739328400683,0.3242281978940111,
2023-08-12 10:35:37.241000,-6.216867469879518,-0.44578313253012053,-7.698795180722892,-0.43408951563458,-5.879215205395463,-7.428571428571428,3.0,0.32434232434232435,3083.1622176591372,-0.10022725948371375,-0.03169978439484827,-0.11199813530680036,1797.069597069597,-1.0,69.93739328400683,0.3242300143572882,
2023-08-12 10:35:37.248000,-6.228915662650603,-0.45783132530120485,-7.698795180722892,-0.4218270999386879,-5.947884733292458,-7.450643776824034,3.0,0.32434232434232435,3083.1622176591372,0.2985839986014793,-0.01713186877221594,-0.1573334887244334,1816.8498168498168,-1.0,69.93739328400683,0.3242318499197978,
2023-08-12 10:35:37.256000,-6.216867469879518,-0.45783132530120485,-7.771084337349398,-0.40220723482526055,-5.89883507050889,-7.438381361128142,3.0,0.32434232434232435,3083.1622176591372,0.2985839986014793,-0.01934619194685704,-0.15640114212458497,1825.6410256410254,-1.0,69.93739328400683,0.32423370145130437,
2023-08-12 10:35:37.264000,-6.228915662650603,-0.45783132530120485,-7.72289156626506,-0.41692213366033104,-5.901287553648069,-7.404046597179644,3.0,0.32434232434232435,3083.1622176591372,-0.327486743196784,0.2371656663364604,-0.0928850300099063,1824.9084249084249,-1.0,69.93739328400683,0.32423556580993707,
2023-08-12 10:35:37.271000,-6.240963855421687,-0.45783132530120485,-7.759036144578314,-0.41446965052115264,-5.969957081545064,-7.450643776824034,3.0,0.32434232434232435,3083.1622176591372,0.3158324106986778,0.20534933861663132,0.05943709574034159,1818.3150183150183,-1.0,69.93739328400683,0.32423743972473024,
2023-08-12 10:35:37.279000,-6.216867469879518,-0.44578313253012053,-7.734939759036145,-0.40220723482526055,-5.874310239117106,-7.462906192519926,3.0,0.32434232434232435,3083.1622176591372,0.008158032748674174,0.19101450964396066,0.12015616805547454,1804.3956043956043,-1.0,69.93739328400683,0.3242393199548168,
2023-08-12 10:35:37.287000,-6.228915662650603,-0.45783132530120485,-7.698795180722892,-0.41201716738197425,-5.871857755977928,-7.467811158798283,3.0,0.32434232434232435,3083.1622176591372,-0.0983625662840169,0.2858807761785438,-0.11199813530680036,1785.3479853479853,-1.0,69.93739328400683,0.3242412032992267,
2023-08-12 10:35:37.294000,-6.228915662650603,-0.4819277108433735,-7.710843373493976,-0.43408951563458,-5.999386879215205,-7.389331698344574,3.0,0.32434232434232435,3083.1622176591372,-0.4020744711846634,-0.1719014043470653,-0.08297884738651612,1764.102564102564,827.2705078125,72.52766710934041,0.3242430866065454,
2023-08-12 10:35:37.302000,-6.253012048192772,-0.45783132530120485,-7.710843373493976,-0.37522992029429797,-5.955242182709994,-7.431023911710606,3.0,0.32434232434232435,3083.1622176591372,-0.18157450032049383,-0.25849309480799515,-0.35930307091661307,1738.4615384615383,-1.0,72.52766710934041,0.3242449667843869,
2023-08-12 10:35:37.310000,-6.228915662650603,-0.4819277108433735,-7.686746987951808,-0.3605150214592274,-6.016554261189454,-7.399141630901287,3.0,0.32434232434232435,3083.1622176591372,-0.13285939047841044,0.3108210477244914,-0.22015034088922575,1709.1575091575091,-1.0,72.52766710934041,0.3242468409473952,
2023-08-12 10:35:37.317000,-6.253012048192772,-0.45783132530120485,-7.710843373493976,-0.3629675045984059,-5.955242182709994,-7.406499080318822,3.0,0.32434232434232435,3083.1622176591372,-0.13006235067886518,-0.10115960608356218,0.01153778917312494,1680.5860805860805,-1.0,72.52766710934041,0.3242487062671018,
2023-08-12 10:35:37.325000,-6.240963855421687,-0.45783132530120485,-7.698795180722892,-0.4438994481912937,-5.874310239117106,-7.4849785407725316,3.0,0.32434232434232435,3083.1622176591372,-0.17388264087174474,0.09882873958394024,-0.18670240661966103,1652.0146520146518,-1.0,72.52766710934041,0.3242505598529985,
2023-08-12 10:35:37.333000,-6.216867469879518,-0.45783132530120485,-7.674698795180723,-0.3605150214592274,-5.987124463519313,-7.335377069282648,3.0,0.32389832389832396,3087.388622344071,-0.550783753860497,0.1281976574791683,-0.24567332906007797,1625.6410256410256,-1.0,72.52766710934041,0.3242523989099808,
2023-08-12 10:35:37.340000,-6.216867469879518,-0.44578313253012053,-7.698795180722892,-0.3507050889025138,-5.950337216431636,-7.406499080318822,3.0,0.32389832389832396,3087.388622344071,-0.6658120156168048,0.06363265543965994,-0.10418973253306914,1602.9304029304028,-1.0,72.52766710934041,0.3242542205968278,
2023-08-12 10:35:37.348000,-6.228915662650603,-0.43373493975903615,-7.72289156626506,-0.3654199877375843,-5.955242182709994,-7.443286327406499,3.0,0.32434232434232435,3083.1622176591372,-0.30650894470019174,-0.37923197948837434,-0.19322883281860045,1580.9523809523807,-1.0,72.52766710934041,0.32425602201169607,
2023-08-12 10:35:37.356000,-6.19277108433735,-0.43373493975903615,-7.686746987951808,-0.34825260576333533,-5.91354996934396,-7.42611894543225,3.0,0.32434232434232435,3083.1622176591372,-0.1794767204708353,0.005827166249052237,0.1722510343220091,1559.7069597069597,-1.0,72.52766710934041,0.3242578004854066,
2023-08-12 10:35:37.363000,-6.19277108433735,-0.45783132530120485,-7.698795180722892,-0.39239730226854685,-5.896382587369711,-7.423666462293071,3.0,0.32434232434232435,3083.1622176591372,0.024590641571003356,-0.08915564361051173,0.20022143231746412,1542.1245421245421,-1.0,72.52766710934041,0.3242595536079176,
2023-08-12 10:35:37.371000,-6.216867469879518,-0.44578313253012053,-7.698795180722892,-0.42673206621704474,-5.928264868179031,-7.404046597179644,3.0,0.32434232434232435,3083.1622176591372,0.08833984033564414,-0.090204533535341,0.5651185828331682,1523.8095238095236,-1.0,72.52766710934041,0.32426127909519087,
2023-08-12 10:35:37.379000,-6.19277108433735,-0.43373493975903615,-7.698795180722892,-0.3850398528510116,-5.884120171673819,-7.42611894543225,3.0,0.32434232434232435,3083.1622176591372,0.029835091195151413,0.32760328652176485,0.6830604277140025,1506.9597069597069,-1.0,72.52766710934041,0.32426297479431737,
2023-08-12 10:35:37.386000,-6.216867469879518,-0.4096385542168675,-7.674698795180723,-0.3654199877375843,-5.918454935622317,-7.381974248927039,3.0,0.32434232434232435,3083.1622176591372,-0.030068177845113085,-0.053959559466231426,0.370258143464833,1487.9120879120878,-1.0,72.52766710934041,0.32426463868812944,
2023-08-12 10:35:37.394000,-6.204819277108434,-0.43373493975903615,-7.72289156626506,-0.3408951563458001,-5.896382587369711,-7.4408338442673205,3.0,0.32434232434232435,3083.1622176591372,-0.09136996678515283,-0.26257211118233137,0.18110832702057003,1469.5970695970695,-1.0,72.52766710934041,0.3242662688992885,
2023-08-12 10:35:37.401000,-6.204819277108434,-0.43373493975903615,-7.746987951807229,-0.37768240343347637,-5.876762722256284,-7.467811158798283,3.0,0.32434232434232435,3083.1622176591372,0.13938581667734945,-0.01503408892255741,0.22481207388846788,1452.014652014652,-1.0,72.52766710934041,0.324267863693837,
2023-08-12 10:35:37.409000,-6.228915662650603,-0.42168674698795183,-7.710843373493976,-0.3850398528510116,-5.884120171673819,-7.416309012875536,3.0,0.32434232434232435,3083.1622176591372,0.4151273235825414,0.048248936542160024,0.1299458073538839,1435.164835164835,-1.0,72.52766710934041,0.3242694214842009,
2023-08-12 10:35:37.417000,-6.216867469879518,-0.44578313253012053,-7.710843373493976,-0.3629675045984059,-5.86695278969957,-7.406499080318822,3.0,0.32434232434232435,3083.1622176591372,0.25802692150807005,0.06246722218984984,0.18926635976924422,1419.047619047619,-1.0,72.52766710934041,0.32427094083164015,
2023-08-12 10:35:37.424000,-6.216867469879518,-0.43373493975903615,-7.734939759036145,-0.39239730226854685,-5.911097486204782,-7.4481912936848556,3.0,0.32434232434232435,3083.1622176591372,0.2999825185012528,0.276906940155002,0.03671114736903465,1407.3260073260071,-1.0,72.52766710934041,0.3242724204481407,
2023-08-12 10:35:37.432000,-6.216867469879518,-0.42168674698795183,-7.698795180722892,-0.3801348865726548,-5.896382587369711,-7.413856529736358,3.0,0.32389832389832396,3087.388622344071,0.05209486626653457,0.1554687955247361,0.03810966726880729,1396.3369963369962,-1.0,72.52766710934041,0.324273859197743,
2023-08-12 10:35:37.440000,-6.204819277108434,-0.42168674698795183,-7.72289156626506,-0.3727774371551195,-5.984671980380135,-7.354996934396076,3.0,0.32434232434232435,3083.1622176591372,-0.14812656605092953,0.1571004020744713,0.07004253831361809,1388.278388278388,-1.0,72.52766710934041,0.32427525594802104,
2023-08-12 10:35:37.447000,-6.228915662650603,-0.39759036144578314,-7.734939759036145,-0.38994481912936846,-5.977314530962599,-7.431023911710606,3.0,0.32434232434232435,3083.1622176591372,-0.0867082337859107,-0.22422935726356327,-0.005127906299166785,1385.3479853479853,-1.0,72.52766710934041,0.3242766096977119,
2023-08-12 10:35:37.455000,-6.228915662650603,-0.43373493975903615,-7.72289156626506,-0.40220723482526055,-5.91354996934396,-7.401594114040465,3.0,0.32434232434232435,3083.1622176591372,0.004428646349280464,0.053027212866383,-0.2653691509818775,1386.080586080586,-1.0,72.52766710934041,0.3242779197353166,
2023-08-12 10:35:37.463000,-6.228915662650603,-0.4096385542168675,-7.746987951807229,-0.37768240343347637,-5.969957081545064,-7.421213979153893,3.0,0.32434232434232435,3083.1622176591372,-0.21024415826583512,-0.3333139094458362,-0.3399568789697569,1390.4761904761904,-1.0,72.52766710934041,0.3242791854992843,
2023-08-12 10:35:37.470000,-6.216867469879518,-0.4096385542168675,-7.72289156626506,-0.38994481912936846,-5.89883507050889,-7.453096259963212,3.0,0.32434232434232435,3083.1622176591372,-0.10407318920808831,-0.12120505798030425,-0.39986014801002273,1395.6043956043954,-1.0,72.52766710934041,0.3242804065764234,
2023-08-12 10:35:37.478000,-6.240963855421687,-0.39759036144578314,-7.72289156626506,-0.31882280809319435,-5.989576946658492,-7.480073574494175,3.0,0.32434232434232435,3083.1622176591372,-0.24229357263562765,-0.5490356039857811,-0.03286521764465924,1400.0,-1.0,72.52766710934041,0.32428158283855146,
2023-08-12 10:35:37.486000,-6.228915662650603,-0.4096385542168675,-7.72289156626506,-0.34580012262415694,-5.952789699570815,-7.4408338442673205,3.0,0.32389832389832396,3087.388622344071,-0.45521822737602724,-0.4200221432317469,-0.20301847211700938,1402.9304029304028,-1.0,72.52766710934041,0.3242827144195247,
2023-08-12 10:35:37.493000,-6.228915662650603,-0.4096385542168675,-7.746987951807229,-0.3629675045984059,-5.94543225015328,-7.404046597179644,3.0,0.32389832389832396,3087.388622344071,-0.5434415243866905,-0.6458831070450436,-0.5074296369675426,1402.9304029304028,-1.0,72.52766710934041,0.3242838014148872,
2023-08-12 10:35:37.501000,-6.228915662650603,-0.44578313253012053,-7.734939759036145,-0.35806253832004903,-5.911097486204782,-7.467811158798283,3.0,0.32434232434232435,3083.1622176591372,-0.3731717265893604,-0.04347066021793532,0.241827399335703,1401.4652014652013,-1.0,72.52766710934041,0.3242848438575836,
2023-08-12 10:35:37.509000,-6.204819277108434,-0.43373493975903615,-7.734939759036145,-0.34825260576333533,-5.891477621091354,-7.423666462293071,3.0,0.32434232434232435,3083.1622176591372,-0.34182157216945463,-0.3167647572985262,-0.3556902278422002,1397.069597069597,-1.0,72.52766710934041,0.3242858418625255,
2023-08-12 10:35:37.516000,-6.204819277108434,-0.44578313253012053,-7.710843373493976,-0.37522992029429797,-5.918454935622317,-7.377069282648681,3.0,0.32434232434232435,3083.1622176591372,-0.20208612551716096,-0.2200337975642445,-0.38202901928792043,1392.6739926739926,-1.0,72.52766710934041,0.32428679566333884,
2023-08-12 10:35:37.524000,-6.204819277108434,-0.44578313253012053,-7.734939759036145,-0.37522992029429797,-5.925812385039853,-7.37952176578786,3.0,0.32434232434232435,3083.1622176591372,-0.35417516461744586,-0.3070916613250977,-0.25511333838354394,1386.8131868131868,-1.0,72.52766710934041,0.32428770561704007,
2023-08-12 10:35:37.532000,-6.253012048192772,-0.45783132530120485,-7.686746987951808,-0.3973022685469037,-5.928264868179031,-7.4408338442673205,3.0,0.32434232434232435,3083.1622176591372,-0.35091195151797727,-0.3014975817260071,-0.2505681487092827,1381.6849816849815,-1.0,72.52766710934041,0.32428857219785445,
2023-08-12 10:35:37.539000,-6.204819277108434,-0.4819277108433735,-7.662650602409639,-0.3801348865726548,-5.940527283874923,-7.389331698344574,3.0,0.32434232434232435,3083.1622176591372,-0.11980653808053073,-0.252782471883922,-0.0801818075869704,1377.2893772893772,-1.0,72.52766710934041,0.32428939612950586,
2023-08-12 10:35:37.547000,-6.204819277108434,-0.46987951807228917,-7.674698795180723,-0.3801348865726548,-5.925812385039853,-7.374616799509503,3.0,0.32434232434232435,3083.1622176591372,-0.24031233611094996,0.053143756191363835,-0.015849892197424567,1370.6959706959706,-1.0,72.52766710934041,0.3242901782193994,
2023-08-12 10:35:37.555000,-6.204819277108434,-0.4819277108433735,-7.698795180722892,-0.3825873697118332,-5.903740036787247,-7.416309012875536,3.0,0.32434232434232435,3083.1622176591372,-0.37923197948837434,0.0363615173940904,0.03193287104481081,1364.102564102564,-1.0,72.52766710934041,0.3242909193628757,
2023-08-12 10:35:37.562000,-6.216867469879518,-0.46987951807228917,-7.698795180722892,-0.42673206621704474,-5.901287553648069,-7.42611894543225,3.0,0.32434232434232435,3083.1622176591372,-0.2396130761610632,-0.13227667385350453,-0.04230522696812521,1356.7765567765566,-1.0,72.52766710934041,0.3242916205261524,
2023-08-12 10:35:37.570000,-6.216867469879518,-0.46987951807228917,-7.674698795180723,-0.40465971796443895,-5.933169834457388,-7.4114040465971796,3.0,0.32434232434232435,3083.1622176591372,-0.13111124060369442,0.37049123011479596,-0.14952508595070219,1349.4505494505493,-1.0,72.52766710934041,0.3242922826113822,
2023-08-12 10:35:37.578000,-6.228915662650603,-0.45783132530120485,-7.698795180722892,-0.3973022685469037,-5.86695278969957,-7.342734518700183,3.0,0.32434232434232435,3083.1622176591372,0.06864401841384458,-0.0587378357904544,0.032515587669716295,1344.3223443223442,-1.0,72.52766710934041,0.32429290673710975,
2023-08-12 10:35:37.585000,-6.228915662650603,-0.4819277108433735,-7.686746987951808,-0.42673206621704474,-5.879215205395463,-7.39423666462293,3.0,0.32434232434232435,3083.1622176591372,-0.17796165724608096,-0.07307266476312506,0.16712312802284232,1344.3223443223442,-1.0,72.52766710934041,0.3242934940715401,
2023-08-12 10:35:37.593000,-6.216867469879518,-0.45783132530120485,-7.698795180722892,-0.46106683016554256,-5.982219497240957,-7.369711833231146,3.0,0.32434232434232435,3083.1622176591372,0.14288211642678147,0.1117650486568374,0.010372355923314406,1346.5201465201465,-1.0,72.52766710934041,0.32429404583610166,
2023-08-12 10:35:37.601000,-6.240963855421687,-0.46987951807228917,-7.710843373493976,-0.3973022685469037,-5.91354996934396,-7.396689147762109,3.0,0.32434232434232435,3083.1622176591372,0.0632830254647157,-0.13227667385350453,0.3176971038983742,1347.985347985348,-1.0,72.52766710934041,0.3242945632879109,
2023-08-12 10:35:37.608000,-6.253012048192772,-0.46987951807228917,-7.710843373493976,-0.44880441446965047,-5.972409564684242,-7.433476394849785,3.0,0.32389832389832396,3087.388622344071,0.30814055124992695,-0.11328011188159173,0.10337392925820155,1348.7179487179487,-1.0,72.52766710934041,0.32429504758457345,
2023-08-12 10:35:37.616000,-6.228915662650603,-0.46987951807228917,-7.686746987951808,-0.38749233599019006,-5.969957081545064,-7.455548743102391,3.0,0.32389832389832396,3087.388622344071,0.1537206456500201,0.057572402540644295,0.04638424334246274,1345.7875457875457,-1.0,72.52766710934041,0.3242954999153067,
2023-08-12 10:35:37.624000,-6.228915662650603,-0.43373493975903615,-7.710843373493976,-0.3654199877375843,-5.960147148988351,-7.396689147762109,3.0,0.32389832389832396,3087.388622344071,0.032632130994696695,0.2722452071557599,0.1875182098945282,1339.194139194139,-1.0,72.52766710934041,0.3242959213125053,
2023-08-12 10:35:37.631000,-6.204819277108434,-0.45783132530120485,-7.72289156626506,-0.4071122011036174,-5.928264868179031,-7.381974248927039,3.0,0.32389832389832396,3087.388622344071,0.14101742322708463,-0.12843074412913,-0.006642969523920696,1335.5311355311355,-1.0,72.52766710934041,0.32429631265399467,
2023-08-12 10:35:37.639000,-6.228915662650603,-0.43373493975903615,-7.710843373493976,-0.3948497854077253,-5.876762722256284,-7.384426732066217,3.0,0.32389832389832396,3087.388622344071,0.06782821513897873,0.024241011596060846,0.28541460287862,1330.4029304029302,-1.0,72.52766710934041,0.3242966748033392,
2023-08-12 10:35:37.647000,-6.228915662650603,-0.44578313253012053,-7.698795180722892,-0.45616186388718577,-5.960147148988351,-7.438381361128142,3.0,0.32389832389832396,3087.388622344071,0.46407552007458813,0.22656022376318347,0.07307266476312549,1323.8095238095236,-1.0,72.52766710934041,0.32429700873973405,
2023-08-12 10:35:37.654000,-6.253012048192772,-0.43373493975903615,-7.686746987951808,-0.3507050889025138,-5.938074800735745,-7.431023911710606,3.0,0.32434232434232435,3083.1622176591372,0.3837771691626356,-0.18786783986947114,0.07353883806305013,1320.8791208791208,-1.0,72.52766710934041,0.32429731552895086,
2023-08-12 10:35:37.662000,-6.240963855421687,-0.42168674698795183,-7.698795180722892,-0.3237277743715512,-5.965052115266707,-7.428571428571428,3.0,0.32434232434232435,3083.1622176591372,0.3519608414428065,0.08903910028553089,-0.07994872093700829,1317.216117216117,-1.0,72.52766710934041,0.32429759617743703,
2023-08-12 10:35:37.670000,-6.216867469879518,-0.42168674698795183,-7.734939759036145,-0.39239730226854685,-5.94543225015328,-7.42611894543225,3.0,0.32389832389832396,3087.388622344071,-0.0949828098595657,0.013169395722860555,0.041372880368276785,1315.018315018315,-1.0,72.52766710934041,0.3242978516674872,
2023-08-12 10:35:37.677000,-6.216867469879518,-0.4096385542168675,-7.698795180722892,-0.299202942979767,-5.947884733292458,-7.467811158798283,3.0,0.32434232434232435,3083.1622176591372,0.2421770293106468,-0.032865217644660105,0.1770293106462325,1312.087912087912,-1.0,72.52766710934041,0.3242980828119068,
2023-08-12 10:35:37.685000,-6.228915662650603,-0.42168674698795183,-7.72289156626506,-0.3973022685469037,-5.903740036787247,-7.465358675659105,3.0,0.32389832389832396,3087.388622344071,0.28576423285356295,0.10418973253306914,0.050579803041780655,1311.3553113553112,-1.0,72.52766710934041,0.32429829037537833,
2023-08-12 10:35:37.693000,-6.204819277108434,-0.43373493975903615,-7.710843373493976,-0.3727774371551195,-5.960147148988351,-7.435928877988964,3.0,0.32389832389832396,3087.388622344071,-0.03682769069401549,0.14847619602587203,0.11199813530680036,1312.087912087912,-1.0,72.52766710934041,0.3242984752173691,
2023-08-12 10:35:37.700000,-6.228915662650603,-0.43373493975903615,-7.72289156626506,-0.40220723482526055,-5.91354996934396,-7.450643776824034,3.0,0.32434232434232435,3083.1622176591372,0.025522988170851784,0.16141250509877092,-0.14882582600081584,1317.216117216117,-1.0,72.52766710934041,0.3242986379673054,
2023-08-12 10:35:37.708000,-6.216867469879518,-0.43373493975903615,-7.698795180722892,-0.3727774371551195,-5.876762722256284,-7.465358675659105,3.0,0.32389832389832396,3087.388622344071,-0.04953091311695096,0.025056814870928437,0.06701241186411028,1323.8095238095236,-1.0,72.52766710934041,0.3242987791788715,
2023-08-12 10:35:37.716000,-6.228915662650603,-0.44578313253012053,-7.734939759036145,-0.3973022685469037,-5.918454935622317,-7.42611894543225,3.0,0.32434232434232435,3083.1622176591372,-0.20033797564244493,-0.11024998543208478,0.082745760736554,1330.4029304029302,-1.0,72.52766710934041,0.32429889934602346,
2023-08-12 10:35:37.723000,-6.216867469879518,-0.44578313253012053,-7.734939759036145,-0.39975475168608215,-5.94543225015328,-7.431023911710606,3.0,0.32389832389832396,3087.388622344071,-0.23157158673736986,0.28774546937824064,0.17598042072140324,1336.9963369963368,-1.0,72.52766710934041,0.3242989988879793,
2023-08-12 10:35:37.731000,-6.240963855421687,-0.45783132530120485,-7.710843373493976,-0.43408951563458,-5.933169834457388,-7.443286327406499,3.0,0.32389832389832396,3087.388622344071,0.0587378357904544,0.00967309597342852,0.08507662723617508,1342.1245421245421,-1.0,72.52766710934041,0.3242990781558851,
2023-08-12 10:35:37.739000,-6.204819277108434,-0.44578313253012053,-7.710843373493976,-0.40465971796443895,-5.957694665849172,-7.4408338442673205,3.0,0.32434232434232435,3083.1622176591372,-0.35662257444204865,-0.0071091428238449095,-0.15896509527416816,1344.3223443223442,-1.0,72.52766710934041,0.3242991374084943,
2023-08-12 10:35:37.746000,-6.204819277108434,-0.43373493975903615,-7.710843373493976,-0.37768240343347637,-5.923359901900674,-7.460453709380747,3.0,0.32434232434232435,3083.1622176591372,-0.15616805547462287,0.43179301905483397,-0.4645416933745119,1343.5897435897434,-1.0,72.52766710934041,0.3242991769376856,
2023-08-12 10:35:37.754000,-6.204819277108434,-0.42168674698795183,-7.698795180722892,-0.3654199877375843,-5.86695278969957,-7.37952176578786,3.0,0.32389832389832396,3087.388622344071,-0.15978089854903574,0.24206048598566596,-0.07971563428704619,1342.8571428571427,-1.0,72.52766710934041,0.32429919695988274,
2023-08-12 10:35:37.761000,-6.204819277108434,-0.4096385542168675,-7.674698795180723,-0.40465971796443895,-5.908645003065604,-7.389331698344574,3.0,0.32389832389832396,3087.388622344071,0.06969290833867559,-0.03682769069401549,-0.20383427539187698,1339.9267399267399,-1.0,72.52766710934041,0.3242991974765178,
2023-08-12 10:35:37.769000,-6.216867469879518,-0.42168674698795183,-7.686746987951808,-0.3948497854077253,-5.911097486204782,-7.443286327406499,3.0,0.32389832389832396,3087.388622344071,-0.08600897383602393,-0.10080997610861794,0.2681661907814228,1337.7289377289376,-1.0,72.52766710934041,0.32429917839087463,
2023-08-12 10:35:37.777000,-6.1807228915662655,-0.43373493975903615,-7.710843373493976,-0.3973022685469037,-5.906192519926425,-7.357449417535254,3.0,0.32389832389832396,3087.388622344071,0.10978381213215971,-0.16397645824835452,-0.3324981061709691,1336.9963369963368,-1.0,72.52766710934041,0.32429913948674205,
2023-08-12 10:35:37.784000,-6.19277108433735,-0.44578313253012053,-7.698795180722892,-0.3654199877375843,-5.901287553648069,-7.391784181483752,3.0,0.32389832389832396,3087.388622344071,0.2126915680904379,0.07889983101217903,-0.02645533477070108,1338.4615384615383,-1.0,72.52766710934041,0.3242990803003934,
2023-08-12 10:35:37.792000,-6.204819277108434,-0.42168674698795183,-7.674698795180723,-0.3654199877375843,-5.89883507050889,-7.421213979153893,3.0,0.32389832389832396,3087.388622344071,0.10162577938348553,0.289260532602995,-0.19707476254297543,1340.6593406593406,-1.0,72.52766710934041,0.32429900026983227,
2023-08-12 10:35:37.800000,-6.19277108433735,-0.42168674698795183,-7.686746987951808,-0.3727774371551195,-5.950337216431636,-7.435928877988964,3.0,0.32389832389832396,3087.388622344071,0.09661441640930088,-0.11234776528174331,-0.04650078666744357,1342.8571428571427,-1.0,72.52766710934041,0.32429889887403807,
2023-08-12 10:35:37.807000,-6.204819277108434,-0.43373493975903615,-7.686746987951808,-0.40220723482526055,-5.908645003065604,-7.406499080318822,3.0,0.32389832389832396,3087.388622344071,0.09206922673503957,-0.1157275217061945,-0.04801584989219748,1343.5897435897434,-1.0,72.52766710934041,0.3242987756136236,
2023-08-12 10:35:37.815000,-6.204819277108434,-0.42168674698795183,-7.686746987951808,-0.41446965052115264,-5.938074800735745,-7.433476394849785,3.0,0.32389832389832396,3087.388622344071,-0.1396189033273111,-0.16269448167356187,-0.20092069226735043,1342.1245421245421,-1.0,72.52766710934041,0.3242986298644073,
2023-08-12 10:35:37.823000,-6.240963855421687,-0.43373493975903615,-7.698795180722892,-0.41201716738197425,-5.91354996934396,-7.443286327406499,3.0,0.32389832389832396,3087.388622344071,0.3028961016257789,-0.2097779849659118,-0.4002097779849661,1336.9963369963368,-1.0,72.52766710934041,0.32429846074184576,
2023-08-12 10:35:37.830000,-6.216867469879518,-0.42168674698795183,-7.698795180722892,-0.34580012262415694,-5.916002452483139,-7.350091968117718,3.0,0.32389832389832396,3087.388622344071,0.20768020511625152,-0.30277955830079806,-0.19882291241769146,1334.065934065934,-1.0,72.52766710934041,0.3242982672636478,
2023-08-12 10:35:37.838000,-6.204819277108434,-0.4096385542168675,-7.698795180722892,-0.39975475168608215,-5.957694665849172,-7.406499080318822,3.0,0.32389832389832396,3087.388622344071,0.19101450964396066,0.06421537206456586,-0.3032457316007227,1332.6007326007325,-1.0,72.52766710934041,0.324298048481157,
2023-08-12 10:35:37.846000,-6.216867469879518,-0.4096385542168675,-7.698795180722892,-0.38994481912936846,-5.925812385039853,-7.416309012875536,3.0,0.32434232434232435,3083.1622176591372,0.40405570770934107,0.6426198939455751,-0.19346191946856256,1332.6007326007325,-1.0,72.52766710934041,0.32429780319554635,
2023-08-12 10:35:37.853000,-6.19277108433735,-0.39759036144578314,-7.662650602409639,-0.3384426732066217,-5.896382587369711,-7.352544451256898,3.0,0.32389832389832396,3087.388622344071,0.4468271079773914,0.42480041955596987,-0.2060485985665172,1332.6007326007325,-1.0,72.52766710934041,0.3242975301319824,
2023-08-12 10:35:37.861000,-6.204819277108434,-0.42168674698795183,-7.698795180722892,-0.38994481912936846,-5.950337216431636,-7.384426732066217,3.0,0.32434232434232435,3083.1622176591372,0.5052153137929033,0.7593963055765988,-0.2521997552590174,1331.8681318681317,-1.0,72.52766710934041,0.3242972279649276,
2023-08-12 10:35:37.869000,-6.216867469879518,-0.39759036144578314,-7.698795180722892,-0.30901287553648066,-5.940527283874923,-7.438381361128142,3.0,0.32434232434232435,3083.1622176591372,0.6994930365363325,0.770467921449799,0.08437736728628875,1328.2051282051282,-1.0,72.52766710934041,0.3242968954510859,
2023-08-12 10:35:37.876000,-6.253012048192772,-0.42168674698795183,-7.698795180722892,-0.4095646842427958,-5.94543225015328,-7.465358675659105,3.0,0.32389832389832396,3087.388622344071,0.7851523803974122,0.8276906940155009,0.4506730377017655,1322.3443223443223,-1.0,72.52766710934041,0.3242965315740743,
2023-08-12 10:35:37.884000,-6.228915662650603,-0.42168674698795183,-7.734939759036145,-0.3801348865726548,-5.999386879215205,-7.453096259963212,3.0,0.32389832389832396,3087.388622344071,0.6592855894178659,0.4682710797739052,0.1875182098945282,1316.4835164835165,-1.0,72.52766710934041,0.32429613511486494,
2023-08-12 10:35:37.892000,-6.253012048192772,-0.42168674698795183,-7.746987951807229,-0.3629675045984059,-5.972409564684242,-7.462906192519926,3.0,0.32389832389832396,3087.388622344071,0.7441291300040797,0.3723559233144928,0.15686731542450918,1311.3553113553112,-1.0,72.52766710934041,0.3242957046380243,
2023-08-12 10:35:37.899000,-6.240963855421687,-0.42168674698795183,-7.759036144578314,-0.42427958307786634,-5.960147148988351,-7.423666462293071,3.0,0.32389832389832396,3087.388622344071,0.6035778800769184,0.4132626303828445,0.201736495542218,1312.087912087912,-1.0,72.52766710934041,0.3242952384984387,
2023-08-12 10:35:37.907000,-6.228915662650603,-0.43373493975903615,-7.746987951807229,-0.3531575720416922,-5.950337216431636,-7.418761496014715,3.0,0.32434232434232435,3083.1622176591372,0.5392459646873717,0.011770875823087047,0.14125050987704674,1317.9487179487178,-1.0,72.52766710934041,0.32429473500724704,
2023-08-12 10:35:37.915000,-6.228915662650603,-0.43373493975903615,-7.771084337349398,-0.3801348865726548,-5.93071735131821,-7.48743102391171,3.0,0.32389832389832396,3087.388622344071,1.0117126041605975,0.025522988170851784,0.2788881766796806,1328.2051282051282,-1.0,72.52766710934041,0.32429419271560295,
2023-08-12 10:35:37.922000,-6.228915662650603,-0.43373493975903615,-7.771084337349398,-0.42427958307786634,-5.923359901900674,-7.4776210913549965,3.0,0.32389832389832396,3087.388622344071,0.6228075286987929,-0.3893712487617279,0.3851756890624091,1345.054945054945,-1.0,72.52766710934041,0.32429361000629287,
2023-08-12 10:35:37.930000,-6.204819277108434,-0.44578313253012053,-7.759036144578314,-0.42918454935622313,-5.901287553648069,-7.458001226241569,3.0,0.32389832389832396,3087.388622344071,0.7107977390594945,-0.023192121671231584,0.18308956354524772,1365.5677655677655,-1.0,72.52766710934041,0.32429298496225234,
2023-08-12 10:35:37.938000,-6.19277108433735,-0.43373493975903615,-7.795180722891566,-0.39239730226854685,-5.879215205395463,-7.4114040465971796,3.0,0.32389832389832396,3087.388622344071,0.33902453236990937,-0.07155760153837244,0.08997144688537975,1389.7435897435896,-1.0,72.52766710934041,0.32429231579929346,
2023-08-12 10:35:37.945000,-6.19277108433735,-0.43373493975903615,-7.759036144578314,-0.3948497854077253,-5.86695278969957,-7.465358675659105,3.0,0.32389832389832396,3087.388622344071,0.3815628459879962,-0.17912709049589104,-0.1409008799021038,1418.3150183150183,-1.0,72.52766710934041,0.3242916007130457,
2023-08-12 10:35:37.953000,-6.1807228915662655,-0.42168674698795183,-7.746987951807229,-0.3605150214592274,-5.874310239117106,-7.497240956468424,3.0,0.32389832389832396,3087.388622344071,-0.20068760561738744,0.0374104073189214,-0.2611735912825592,1454.9450549450548,-1.0,72.52766710934041,0.3242908378962737,
2023-08-12 10:35:37.961000,-6.1807228915662655,-0.45783132530120485,-7.759036144578314,-0.4071122011036174,-5.864500306560392,-7.47271612507664,3.0,0.32434232434232435,3083.1622176591372,-0.2778392867548505,0.22189849076394133,-0.1506905192005127,1498.168498168498,-1.0,72.52766710934041,0.32429002567386034,
2023-08-12 10:35:37.968000,-6.156626506024097,-0.45783132530120485,-7.759036144578314,-0.3825873697118332,-5.884120171673819,-7.504598405885959,3.0,0.32434232434232435,3083.1622176591372,-0.323407726822446,0.09999417283375035,-0.31571586737369606,1545.7875457875457,-1.0,72.52766710934041,0.32428916251023404,
2023-08-12 10:35:37.976000,-6.1807228915662655,-0.46987951807228917,-7.746987951807229,-0.40465971796443895,-5.906192519926425,-7.450643776824034,3.0,0.32389832389832396,3087.388622344071,-0.6270030883981117,-0.09696404638424339,-0.1603636151739408,1596.3369963369962,-1.0,72.52766710934041,0.3242882468997605,
2023-08-12 10:35:37.984000,-6.204819277108434,-0.46987951807228917,-7.734939759036145,-0.40465971796443895,-5.906192519926425,-7.4776210913549965,3.0,0.32389832389832396,3087.388622344071,-0.36291591399102596,-0.03414719421945104,-0.29497115552706726,1645.4212454212452,-1.0,72.52766710934041,0.32428727724658934,
2023-08-12 10:35:37.991000,-6.19277108433735,-0.46987951807228917,-7.746987951807229,-0.3678724708767627,-5.901287553648069,-7.455548743102391,3.0,0.32434232434232435,3083.1622176591372,-0.6962298234368622,-0.10920109550725551,-0.5201328593904785,1691.5750915750914,-1.0,72.52766710934041,0.3242862518403797,
2023-08-12 10:35:37.999000,-6.1807228915662655,-0.4819277108433735,-7.734939759036145,-0.4071122011036174,-5.960147148988351,-7.4481912936848556,3.0,0.32434232434232435,3083.1622176591372,-0.6163976458248347,-0.6887710506380748,-0.5481032573859331,1734.7985347985348,-1.0,72.52766710934041,0.32428516902261634,
2023-08-12 10:35:38.007000,-6.19277108433735,-0.4819277108433735,-7.759036144578314,-0.41446965052115264,-5.950337216431636,-7.406499080318822,3.0,0.32434232434232435,3083.1622176591372,-0.26187285123244636,-0.4412330283782991,-0.2683992774313849,1772.8937728937728,-1.0,72.52766710934041,0.32428402736339806,
2023-08-12 10:35:38.014000,-6.204819277108434,-0.46987951807228917,-7.710843373493976,-0.39975475168608215,-5.879215205395463,-7.4481912936848556,3.0,0.32434232434232435,3083.1622176591372,-0.30767437795000363,-0.33296427947089374,-0.4961249344443798,1802.9304029304028,-1.0,72.52766710934041,0.32428282552989696,
2023-08-12 10:35:38.022000,-6.19277108433735,-0.49397590361445787,-7.710843373493976,-0.4316370324954016,-5.864500306560392,-7.318209687308399,3.0,0.32434232434232435,3083.1622176591372,-0.4730493560981299,-0.227958743662957,-0.2825010197540935,1822.7106227106226,-1.0,72.52766710934041,0.3242815624323843,
2023-08-12 10:35:38.030000,-6.19277108433735,-0.49397590361445787,-7.710843373493976,-0.45861434702636417,-5.918454935622317,-7.421213979153893,3.0,0.32434232434232435,3083.1622176591372,-0.3041780782005716,-0.307557834625021,-0.8027504224695529,1832.234432234432,-1.0,72.52766710934041,0.32428023707241704,
2023-08-12 10:35:38.037000,-6.204819277108434,-0.49397590361445787,-7.650602409638554,-0.4071122011036174,-5.911097486204782,-7.443286327406499,3.0,0.32434232434232435,3083.1622176591372,-0.06036944234018958,-0.24718839228483144,-0.4935609812947962,1835.8974358974358,-1.0,72.52766710934041,0.32427884842254767,
2023-08-12 10:35:38.045000,-6.216867469879518,-0.44578313253012053,-7.686746987951808,-0.4218270999386879,-5.911097486204782,-7.389331698344574,3.0,0.32434232434232435,3083.1622176591372,0.0916030534351145,-0.24613950236000218,-0.18786783986947156,1832.234432234432,773.651123046875,77.55433710701747,0.32427739558271845,
2023-08-12 10:35:38.053000,-6.228915662650603,-0.46987951807228917,-7.662650602409639,-0.41201716738197425,-5.942979767014101,-7.421213979153893,3.0,0.32434232434232435,3083.1622176591372,-0.20243575549210346,0.06036944234018958,-0.3404230522696811,1823.4432234432234,-1.0,77.55433710701747,0.32427587778730277,
2023-08-12 10:35:38.060000,-6.253012048192772,-0.46987951807228917,-7.674698795180723,-0.4193746167995095,-5.942979767014101,-7.399141630901287,3.0,0.32434232434232435,3083.1622176591372,0.08985490356039848,0.10617096905774683,-0.30592622807528674,1807.3260073260071,-1.0,77.55433710701747,0.32427429441205224,
2023-08-12 10:35:38.068000,-6.228915662650603,-0.46987951807228917,-7.662650602409639,-0.4218270999386879,-5.977314530962599,-7.4114040465971796,3.0,0.32434232434232435,3083.1622176591372,0.04370374686789872,0.24392517918536283,-0.4251500495309133,1786.080586080586,-1.0,77.55433710701747,0.32427264498091757,
2023-08-12 10:35:38.076000,-6.253012048192772,-0.4819277108433735,-7.674698795180723,-0.41692213366033104,-5.957694665849172,-7.408951563458001,3.0,0.32434232434232435,3083.1622176591372,-0.04953091311695096,0.19660858924305122,-0.11514480508128903,1761.172161172161,-1.0,77.55433710701747,0.3242709291727032,
2023-08-12 10:35:38.083000,-6.240963855421687,-0.45783132530120485,-7.674698795180723,-0.37522992029429797,-5.920907418761495,-7.406499080318822,3.0,0.32434232434232435,3083.1622176591372,-0.04754967659227327,0.1964920459180704,-0.11362974185653511,1734.065934065934,-1.0,77.55433710701747,0.3242691468275228,
2023-08-12 10:35:38.091000,-6.253012048192772,-0.44578313253012053,-7.662650602409639,-0.3973022685469037,-5.938074800735745,-7.345187001839362,3.0,0.32434232434232435,3083.1622176591372,-0.23157158673736986,0.7886486801468443,-0.022143231746401454,1707.6923076923076,-1.0,77.55433710701747,0.3242672979530137,
2023-08-12 10:35:38.099000,-6.253012048192772,-0.45783132530120485,-7.662650602409639,-0.4218270999386879,-5.935622317596566,-7.389331698344574,3.0,0.32389832389832396,3087.388622344071,-0.30569314142532417,0.30837363789988864,-0.17388264087174385,1679.120879120879,-1.0,77.55433710701747,0.32426538273027555,
2023-08-12 10:35:38.106000,-6.265060240963856,-0.46987951807228917,-7.674698795180723,-0.35806253832004903,-6.00674432863274,-7.433476394849785,3.0,0.32389832389832396,3087.388622344071,-0.30277955830079806,0.79587436629567,-0.0657304352893189,1649.8168498168498,-1.0,77.55433710701747,0.3242634013701979,
2023-08-12 10:35:38.114000,-6.265060240963856,-0.46987951807228917,-7.674698795180723,-0.39975475168608215,-6.001839362354383,-7.465358675659105,3.0,0.32389832389832396,3087.388622344071,-0.4208379465066145,0.5479867140609518,0.02727113804556867,1621.245421245421,-1.0,77.55433710701747,0.32426135409685364,
2023-08-12 10:35:38.122000,-6.253012048192772,-0.49397590361445787,-7.698795180722892,-0.47332924586143466,-5.935622317596566,-7.42611894543225,3.0,0.32434232434232435,3083.1622176591372,-0.6279354349979601,0.8216304411164852,0.16420954489831577,1594.139194139194,-1.0,77.55433710701747,0.3242592412894347,
2023-08-12 10:35:38.129000,-6.240963855421687,-0.4819277108433735,-7.698795180722892,-0.4659717964438994,-5.972409564684242,-7.438381361128142,3.0,0.32434232434232435,3083.1622176591372,-0.42270263970631133,0.514189149816445,0.34706602179360185,1571.4285714285713,-1.0,77.55433710701747,0.3242570636341184,
2023-08-12 10:35:38.137000,-6.240963855421687,-0.5060240963855422,-7.698795180722892,-0.42918454935622313,-5.89883507050889,-7.455548743102391,3.0,0.32434232434232435,3083.1622176591372,-0.1712021443971803,0.6504282967193049,0.190548336344036,1551.6483516483515,-1.0,77.55433710701747,0.3242548221478719,
2023-08-12 10:35:38.144000,-6.216867469879518,-0.49397590361445787,-7.734939759036145,-0.4659717964438994,-5.952789699570815,-7.4702636419374615,3.0,0.32389832389832396,3087.388622344071,0.06083561564011466,0.6912184604626775,0.4638424334246256,1536.9963369963368,-1.0,77.55433710701747,0.32425251804264843,
2023-08-12 10:35:38.152000,-6.216867469879518,-0.5060240963855422,-7.795180722891566,-0.44880441446965047,-5.923359901900674,-7.482526057633353,3.0,0.32434232434232435,3083.1622176591372,0.21700367111473753,0.38039741273818617,0.5071965503175805,1522.3443223443223,-1.0,77.55433710701747,0.324250152578534,
2023-08-12 10:35:38.160000,-6.216867469879518,-0.5060240963855422,-7.72289156626506,-0.49294911097486205,-5.906192519926425,-7.497240956468424,3.0,0.32389832389832396,3087.388622344071,0.447060194627353,0.30324573160072316,0.7036885962356505,1506.9597069597069,-1.0,77.55433710701747,0.32424772719307066,
2023-08-12 10:35:38.167000,-6.204819277108434,-0.49397590361445787,-7.746987951807229,-0.5003065603923973,-5.91354996934396,-7.5291232372777435,3.0,0.32389832389832396,3087.388622344071,0.15675077209952878,0.18029252374570287,0.6398228541460289,1490.8424908424906,-1.0,77.55433710701747,0.3242452435122468,
2023-08-12 10:35:38.175000,-6.204819277108434,-0.49397590361445787,-7.759036144578314,-0.3973022685469037,-5.928264868179031,-7.502145922746781,3.0,0.32434232434232435,3083.1622176591372,0.21816910436454764,0.026921508070625294,0.911951517976808,1469.5970695970695,-1.0,77.55433710701747,0.3242427031904491,
2023-08-12 10:35:38.183000,-6.19277108433735,-0.4819277108433735,-7.759036144578314,-0.4071122011036174,-5.920907418761495,-7.455548743102391,3.0,0.32389832389832396,3087.388622344071,0.38902161878678365,-0.01678223879727343,0.7542683992774316,1448.3516483516482,-1.0,77.55433710701747,0.32424010819679766,
2023-08-12 10:35:38.190000,-6.19277108433735,-0.45783132530120485,-7.72289156626506,-0.3114653586756591,-5.91354996934396,-7.5070508890251375,3.0,0.32434232434232435,3083.1622176591372,0.4499737777518792,-0.18332265019520982,0.3845929724375036,1430.03663003663,-1.0,77.55433710701747,0.32423746068521914,
2023-08-12 10:35:38.198000,-6.19277108433735,-0.45783132530120485,-7.759036144578314,-0.3507050889025138,-5.881667688534641,-7.413856529736358,3.0,0.32389832389832396,3087.388622344071,0.5082454402424103,0.167356214672804,0.38179593263795836,1415.3846153846152,-1.0,77.55433710701747,0.32423476298148635,
2023-08-12 10:35:38.206000,-6.1807228915662655,-0.43373493975903615,-7.759036144578314,-0.39975475168608215,-5.891477621091354,-7.5144083384426725,3.0,0.32434232434232435,3083.1622176591372,-0.012586679097954637,-0.07936600431210238,0.33541168929549564,1405.128205128205,-1.0,77.55433710701747,0.324232017590608,
2023-08-12 10:35:38.213000,-6.1807228915662655,-0.42168674698795183,-7.783132530120482,-0.2869405272838749,-5.89883507050889,-7.521765787860208,3.0,0.32389832389832396,3087.388622344071,-0.011770875823087047,-0.37002505681487086,0.1364722335528233,1398.5347985347985,-1.0,77.55433710701747,0.32422922718242353,
2023-08-12 10:35:38.221000,-6.168674698795181,-0.39759036144578314,-7.783132530120482,-0.3016554261189454,-5.916002452483139,-7.497240956468424,3.0,0.32389832389832396,3087.388622344071,-0.14940854262572048,-0.19870636909270975,0.38028086941320444,1394.139194139194,-1.0,77.55433710701747,0.32422639459754776,
2023-08-12 10:35:38.229000,-6.1807228915662655,-0.4096385542168675,-7.771084337349398,-0.3359901900674433,-5.889025137952176,-7.4702636419374615,3.0,0.32434232434232435,3083.1622176591372,-0.4969407377192465,0.049297826466989284,-0.10826874890740623,1391.9413919413919,-1.0,77.55433710701747,0.3242235226822313,
2023-08-12 10:35:38.236000,-6.156626506024097,-0.39759036144578314,-7.759036144578314,-0.328632740649908,-5.884120171673819,-7.47271612507664,3.0,0.32434232434232435,3083.1622176591372,-0.7214031816327715,-0.0870578637608532,-0.1506905192005127,1390.4761904761904,-1.0,77.55433710701747,0.32422061456958573,
2023-08-12 10:35:38.244000,-6.1807228915662655,-0.39759036144578314,-7.783132530120482,-0.34334763948497854,-5.842427958307787,-7.5144083384426725,3.0,0.32434232434232435,3083.1622176591372,-0.8068294388438895,-0.2211992308140546,0.062350678864868135,1389.7435897435896,-1.0,77.55433710701747,0.32421767369384846,
2023-08-12 10:35:38.252000,-6.144578313253012,-0.3855421686746988,-7.771084337349398,-0.3237277743715512,-5.906192519926425,-7.4776210913549965,3.0,0.32389832389832396,3087.388622344071,-0.6485636035196081,-0.2963696754268399,-0.060952158965095066,1389.7435897435896,-1.0,77.55433710701747,0.3242147036449338,
2023-08-12 10:35:38.259000,-6.168674698795181,-0.39759036144578314,-7.759036144578314,-0.3384426732066217,-5.891477621091354,-7.504598405885959,3.0,0.32434232434232435,3083.1622176591372,-0.9311811665986832,-0.0654973486393568,-0.22947380688771046,1392.6739926739926,-1.0,77.55433710701747,0.32421170815062333,
2023-08-12 10:35:38.267000,-6.1807228915662655,-0.3855421686746988,-7.771084337349398,-0.2869405272838749,-5.940527283874923,-7.475168608215818,3.0,0.32434232434232435,3083.1622176591372,-0.9062408950527356,-0.27912126332964315,-0.10663714235767148,1397.069597069597,-1.0,77.55433710701747,0.32420869103704186,
2023-08-12 10:35:38.275000,-6.204819277108434,-0.3855421686746988,-7.72289156626506,-0.29675045984058857,-5.957694665849172,-7.4481912936848556,3.0,0.32434232434232435,3083.1622176591372,-1.1915389546063753,-0.3211934036478067,-0.3506788648680147,1399.2673992673992,-1.0,77.55433710701747,0.32420565625164366,
2023-08-12 10:35:38.282000,-6.204819277108434,-0.3734939759036145,-7.759036144578314,-0.2673206621704476,-5.950337216431636,-7.458001226241569,3.0,0.32434232434232435,3083.1622176591372,-0.8895751995804448,-0.3326146494959495,-0.3626828273410639,1399.2673992673992,-1.0,77.55433710701747,0.3242026078645354,
2023-08-12 10:35:38.290000,-6.204819277108434,-0.39759036144578314,-7.771084337349398,-0.3261802575107296,-5.881667688534641,-7.494788473329246,3.0,0.32434232434232435,3083.1622176591372,-1.15704213041198,-0.8020511625196665,-0.2825010197540935,1398.5347985347985,-1.0,77.55433710701747,0.3241995500587894,
2023-08-12 10:35:38.298000,-6.228915662650603,-0.4096385542168675,-7.734939759036145,-0.3948497854077253,-5.901287553648069,-7.450643776824034,3.0,0.32434232434232435,3083.1622176591372,-1.1331507487908634,-0.732824427480916,-0.647398170269798,1395.6043956043954,-1.0,77.55433710701747,0.32419648712032295,
2023-08-12 10:35:38.305000,-6.1807228915662655,-0.4096385542168675,-7.759036144578314,-0.34825260576333533,-5.874310239117106,-7.416309012875536,3.0,0.32389832389832396,3087.388622344071,-0.9437678456966379,-0.6522929899190018,-0.41384534700775,1391.9413919413919,-1.0,77.55433710701747,0.3241934234273812,
2023-08-12 10:35:38.313000,-6.1807228915662655,-0.42168674698795183,-7.746987951807229,-0.38749233599019006,-5.967504598405886,-7.389331698344574,3.0,0.32434232434232435,3083.1622176591372,-1.0594953674028325,-0.6799137579395138,-0.22993998018763467,1389.7435897435896,-1.0,77.55433710701747,0.3241903632903638,
2023-08-12 10:35:38.321000,-6.19277108433735,-0.42168674698795183,-7.746987951807229,-0.3678724708767627,-5.940527283874923,-7.460453709380747,3.0,0.32434232434232435,3083.1622176591372,-0.944933278946448,-0.6419206339956882,-0.36699493036536346,1387.5457875457876,-1.0,77.55433710701747,0.3241873110680414,
2023-08-12 10:35:38.328000,-6.204819277108434,-0.42168674698795183,-7.698795180722892,-0.34580012262415694,-5.879215205395463,-7.406499080318822,3.0,0.32389832389832396,3087.388622344071,-0.6937824136122611,-0.7294446710564648,-0.4859856651710275,1383.8827838827838,-1.0,77.55433710701747,0.32418427131500827,
2023-08-12 10:35:38.336000,-6.216867469879518,-0.43373493975903615,-7.710843373493976,-0.3654199877375843,-5.884120171673819,-7.369711833231146,3.0,0.32434232434232435,3083.1622176591372,-0.81125808519317,-0.7842200337975638,-0.43762018530388663,1382.4175824175823,-1.0,77.55433710701747,0.32418124848172686,
2023-08-12 10:35:38.344000,-6.19277108433735,-0.4096385542168675,-7.674698795180723,-0.37768240343347637,-5.89883507050889,-7.389331698344574,3.0,0.32434232434232435,3083.1622176591372,-0.8085775887186055,-0.5482198007109135,-0.4206048598566515,1378.7545787545787,-1.0,77.55433710701747,0.32417824702984377,
2023-08-12 10:35:38.351000,-6.204819277108434,-0.42168674698795183,-7.674698795180723,-0.328632740649908,-5.916002452483139,-7.396689147762109,3.0,0.32389832389832396,3087.388622344071,-0.47095157624846967,-0.8487850358370722,-0.3568556610920108,1372.8937728937728,-1.0,77.55433710701747,0.3241752715788777,
2023-08-12 10:35:38.359000,-6.1807228915662655,-0.42168674698795183,-7.650602409638554,-0.3801348865726548,-5.923359901900674,-7.345187001839362,3.0,0.32434232434232435,3083.1622176591372,-0.4690868830487728,-0.8450556494376785,-0.3553405978672573,1366.3003663003662,-1.0,77.55433710701747,0.32417232660564416,
2023-08-12 10:35:38.367000,-6.19277108433735,-0.43373493975903615,-7.662650602409639,-0.4071122011036174,-5.933169834457388,-7.340282035561005,3.0,0.32434232434232435,3083.1622176591372,-0.22201503408892218,-0.716275275333606,-0.2594254414078431,1357.5091575091574,-1.0,77.55433710701747,0.3241694165590943,
2023-08-12 10:35:38.374000,-6.204819277108434,-0.45783132530120485,-7.662650602409639,-0.4537093807480073,-5.889025137952176,-7.374616799509503,3.0,0.32389832389832396,3087.388622344071,-0.08216304411164765,-0.787599790222015,-0.026571878095681917,1349.4505494505493,-1.0,77.55433710701747,0.32416654600667927,
2023-08-12 10:35:38.382000,-6.204819277108434,-0.42168674698795183,-7.674698795180723,-0.34334763948497854,-5.886572654812998,-7.367259350091968,3.0,0.32389832389832396,3087.388622344071,-0.15663422877454622,-0.888875939630558,0.2683992774313849,1342.8571428571427,-1.0,77.55433710701747,0.3241637193336006,
2023-08-12 10:35:38.390000,-6.204819277108434,-0.4096385542168675,-7.662650602409639,-0.3948497854077253,-5.911097486204782,-7.416309012875536,3.0,0.32389832389832396,3087.388622344071,-0.04778276324223494,-0.7724491579744768,0.13460754035312647,1337.7289377289376,-1.0,77.55433710701747,0.32416094070833723,
2023-08-12 10:35:38.397000,-6.228915662650603,-0.44578313253012053,-7.698795180722892,-0.40220723482526055,-5.935622317596566,-7.39423666462293,3.0,0.32389832389832396,3087.388622344071,0.2887943593030716,-0.5376143581376382,0.045335353417633034,1332.6007326007325,-1.0,77.55433710701747,0.32415821420727337,
2023-08-12 10:35:38.405000,-6.204819277108434,-0.43373493975903615,-7.698795180722892,-0.4218270999386879,-5.920907418761495,-7.467811158798283,3.0,0.32389832389832396,3087.388622344071,0.13379173707825887,-0.4740982460229592,0.18437154012003953,1326.007326007326,-1.0,77.55433710701747,0.3241555438005989,
2023-08-12 10:35:38.413000,-6.204819277108434,-0.42168674698795183,-7.686746987951808,-0.4218270999386879,-5.91354996934396,-7.396689147762109,3.0,0.32389832389832396,3087.388622344071,0.0427714002680503,-0.012237049123012128,0.12423518442981163,1320.8791208791208,-1.0,77.55433710701747,0.3241529334770409,
2023-08-12 10:35:38.420000,-6.204819277108434,-0.45783132530120485,-7.710843373493976,-0.42427958307786634,-5.889025137952176,-7.460453709380747,3.0,0.32389832389832396,3087.388622344071,0.6873725307383013,0.003845929724374546,0.5371481848377132,1317.216117216117,-1.0,77.55433710701747,0.3241503870708608,
2023-08-12 10:35:38.428000,-6.216867469879518,-0.44578313253012053,-7.698795180722892,-0.37768240343347637,-5.916002452483139,-7.372164316370324,3.0,0.32389832389832396,3087.388622344071,0.516753102966027,0.08099761086183756,0.5046325971679974,1315.7509157509157,-1.0,77.55433710701747,0.32414790825931067,
2023-08-12 10:35:38.436000,-6.228915662650603,-0.44578313253012053,-7.710843373493976,-0.35806253832004903,-5.940527283874923,-7.391784181483752,3.0,0.32389832389832396,3087.388622344071,0.5309713886137167,0.052327952916496244,0.5169861896159899,1313.5531135531135,-1.0,77.55433710701747,0.32414550067793124,
2023-08-12 10:35:38.443000,-6.253012048192772,-0.43373493975903615,-7.710843373493976,-0.3850398528510116,-5.901287553648069,-7.381974248927039,3.0,0.32434232434232435,3083.1622176591372,0.26839927743138536,-0.2518501252840736,0.8803682769069401,1310.6227106227104,-1.0,77.55433710701747,0.3241431676205093,
2023-08-12 10:35:38.451000,-6.253012048192772,-0.43373493975903615,-7.710843373493976,-0.39239730226854685,-5.952789699570815,-7.438381361128142,3.0,0.32389832389832396,3087.388622344071,0.5101101334421071,-0.3246897033972387,0.6304993881475437,1308.4249084249084,-1.0,77.55433710701747,0.3241409121969334,
2023-08-12 10:35:38.459000,-6.253012048192772,-0.44578313253012053,-7.710843373493976,-0.3703249540159411,-5.942979767014101,-7.460453709380747,3.0,0.32389832389832396,3087.388622344071,0.2924072023774845,-0.1250509877046788,0.3666453003904201,1308.4249084249084,-1.0,77.55433710701747,0.32413873734219373,
2023-08-12 10:35:38.466000,-6.240963855421687,-0.43373493975903615,-7.72289156626506,-0.39975475168608215,-5.933169834457388,-7.467811158798283,3.0,0.32389832389832396,3087.388622344071,0.8251267408659173,-0.6423868072956116,0.39286754851115907,1307.6923076923076,-1.0,77.55433710701747,0.3241366456450675,
2023-08-12 10:35:38.474000,-6.19277108433735,-0.43373493975903615,-7.72289156626506,-0.35806253832004903,-5.884120171673819,-7.438381361128142,3.0,0.32389832389832396,3087.388622344071,0.35976924421653816,-0.5327195384884328,0.25033506205932055,1307.6923076923076,-1.0,77.55433710701747,0.3241346396139931,
2023-08-12 10:35:38.482000,-6.19277108433735,-0.42168674698795183,-7.72289156626506,-0.4193746167995095,-5.854690374003678,-7.4408338442673205,3.0,0.32434232434232435,3083.1622176591372,0.5399452246372585,-0.9413204358720351,0.12365246780490657,1306.9597069597069,-1.0,77.55433710701747,0.32413272150693123,
2023-08-12 10:35:38.489000,-6.204819277108434,-0.43373493975903615,-7.734939759036145,-0.35806253832004903,-5.903740036787247,-7.467811158798283,3.0,0.32389832389832396,3087.388622344071,0.7329409708058968,-0.43400734222947335,0.33657712254530614,1306.9597069597069,-1.0,77.55433710701747,0.3241308933427095,
2023-08-12 10:35:38.497000,-6.1807228915662655,-0.42168674698795183,-7.710843373493976,-0.38749233599019006,-5.925812385039853,-7.445738810545677,3.0,0.32389832389832396,3087.388622344071,0.4037060777343986,-0.2807528698793783,0.40918361400850745,1306.227106227106,-1.0,77.55433710701747,0.3241291569130937,
2023-08-12 10:35:38.505000,-6.1807228915662655,-0.42168674698795183,-7.698795180722892,-0.39975475168608215,-5.893930104230533,-7.467811158798283,3.0,0.32389832389832396,3087.388622344071,0.18308956354524816,-0.5273585455393038,0.21933453761435817,1305.4945054945053,-1.0,77.55433710701747,0.3241275136148267,
2023-08-12 10:35:38.512000,-6.204819277108434,-0.3855421686746988,-7.710843373493976,-0.40220723482526055,-5.940527283874923,-7.377069282648681,3.0,0.32389832389832396,3087.388622344071,0.6524095332439827,-0.4774780024474104,0.2961365887768778,1305.4945054945053,-1.0,77.55433710701747,0.3241259645803706,
2023-08-12 10:35:38.520000,-6.216867469879518,-0.4096385542168675,-7.759036144578314,-0.3703249540159411,-5.859595340282035,-7.445738810545677,3.0,0.32389832389832396,3087.388622344071,0.2939222656022371,-0.017831128722102692,0.3983450847852688,1306.227106227106,-1.0,77.55433710701747,0.32412451053202224,
2023-08-12 10:35:38.527000,-6.19277108433735,-0.4096385542168675,-7.710843373493976,-0.3654199877375843,-5.933169834457388,-7.431023911710606,3.0,0.32389832389832396,3087.388622344071,0.244507895810267,-0.5686148825825998,0.5147718664413496,1307.6923076923076,-1.0,77.55433710701747,0.32412315193482155,
2023-08-12 10:35:38.535000,-6.204819277108434,-0.43373493975903615,-7.746987951807229,-0.34825260576333533,-5.938074800735745,-7.482526057633353,3.0,0.32389832389832396,3087.388622344071,0.011071615873200292,-0.03193287104481168,0.14264902977681937,1312.087912087912,-1.0,77.55433710701747,0.32412188911889783,
2023-08-12 10:35:38.543000,-6.240963855421687,-0.43373493975903615,-7.734939759036145,-0.43408951563458,-5.918454935622317,-7.480073574494175,3.0,0.32389832389832396,3087.388622344071,0.17633005069634577,0.05792203251558854,0.35347590466755996,1316.4835164835165,-1.0,77.55433710701747,0.3241207221260929,
2023-08-12 10:35:38.550000,-6.216867469879518,-0.42168674698795183,-7.698795180722892,-0.37768240343347637,-5.901287553648069,-7.413856529736358,3.0,0.32389832389832396,3087.388622344071,0.12831420080414915,-0.18845055649437706,-0.09253540003496293,1321.6117216117216,-1.0,77.55433710701747,0.32411965070689763,
2023-08-12 10:35:38.558000,-6.240963855421687,-0.42168674698795183,-7.698795180722892,-0.3384426732066217,-5.908645003065604,-7.443286327406499,3.0,0.32389832389832396,3087.388622344071,0.1865858632946802,-0.3084901812248695,0.09125342346017112,1323.8095238095236,-1.0,77.55433710701747,0.32411867431843056,
2023-08-12 10:35:38.566000,-6.240963855421687,-0.42168674698795183,-7.72289156626506,-0.3948497854077253,-5.925812385039853,-7.450643776824034,3.0,0.32389832389832396,3087.388622344071,-0.2146728046151156,-0.4429811782530151,-0.21455626129013475,1323.8095238095236,-1.0,77.55433710701747,0.32411779226222626,
2023-08-12 10:35:38.573000,-6.265060240963856,-0.44578313253012053,-7.698795180722892,-0.3629675045984059,-5.967504598405886,-7.47271612507664,3.0,0.32389832389832396,3087.388622344071,0.19730784919293798,-0.31816327719829796,0.09206922673503871,1322.3443223443223,-1.0,77.55433710701747,0.3241170036639719,
2023-08-12 10:35:38.581000,-6.253012048192772,-0.44578313253012053,-7.710843373493976,-0.3850398528510116,-5.947884733292458,-7.4408338442673205,3.0,0.32389832389832396,3087.388622344071,-0.12586679097954637,0.02330866499621242,-0.35254355806771154,1320.8791208791208,-1.0,77.55433710701747,0.32411630718796736,
2023-08-12 10:35:38.589000,-6.240963855421687,-0.43373493975903615,-7.72289156626506,-0.42918454935622313,-5.903740036787247,-7.465358675659105,3.0,0.32389832389832396,3087.388622344071,-0.384010255812599,0.29788473865159426,-0.2732940970805896,1319.4139194139193,-1.0,77.55433710701747,0.32411570106089954,
2023-08-12 10:35:38.596000,-6.240963855421687,-0.44578313253012053,-7.72289156626506,-0.4193746167995095,-5.962599632127529,-7.465358675659105,3.0,0.32389832389832396,3087.388622344071,-0.5046325971679974,0.11223122195676248,-0.36151739409125333,1317.216117216117,-1.0,77.55433710701747,0.3241151832241259,
2023-08-12 10:35:38.604000,-6.228915662650603,-0.46987951807228917,-7.710843373493976,-0.3948497854077253,-5.93071735131821,-7.413856529736358,3.0,0.32389832389832396,3087.388622344071,-0.4234018996561964,-0.16222830837363852,-0.37387098653924583,1313.5531135531135,-1.0,77.55433710701747,0.32411475133775225,
2023-08-12 10:35:38.612000,-6.216867469879518,-0.4819277108433735,-7.698795180722892,-0.4537093807480073,-5.979767014101777,-7.438381361128142,3.0,0.32389832389832396,3087.388622344071,-0.6181457956995507,-0.024241011596060846,-0.20057106229240748,1310.6227106227104,-1.0,77.55433710701747,0.32411440278579373,
2023-08-12 10:35:38.619000,-6.204819277108434,-0.44578313253012053,-7.710843373493976,-0.4463519313304721,-5.923359901900674,-7.455548743102391,3.0,0.32434232434232435,3083.1622176591372,-0.30569314142532417,-0.10092651943359877,-0.16758930132276653,1309.1575091575091,-1.0,77.55433710701747,0.32411413468240907,
2023-08-12 10:35:38.627000,-6.228915662650603,-0.44578313253012053,-7.72289156626506,-0.3727774371551195,-5.918454935622317,-7.450643776824034,3.0,0.32434232434232435,3083.1622176591372,-0.25627877163335405,-0.12994580735388434,0.23110541343744564,1309.89010989011,-1.0,77.55433710701747,0.3241139440284867,
2023-08-12 10:35:38.635000,-6.204819277108434,-0.46987951807228917,-7.72289156626506,-0.3973022685469037,-5.918454935622317,-7.458001226241569,3.0,0.32389832389832396,3087.388622344071,-0.6050929433016727,-0.2487034555095858,0.35300973136763575,1311.3553113553112,-1.0,77.55433710701747,0.32411382774184855,
2023-08-12 10:35:38.642000,-6.253012048192772,-0.46987951807228917,-7.746987951807229,-0.43654199877375843,-5.879215205395463,-7.4481912936848556,3.0,0.32389832389832396,3087.388622344071,-0.5992657770526187,-0.24742147893479313,0.35032923489307133,1312.8205128205127,-1.0,77.55433710701747,0.32411378238023447,
2023-08-12 10:35:38.650000,-6.27710843373494,-0.4819277108433735,-7.734939759036145,-0.42427958307786634,-6.026364193746168,-7.438381361128142,3.0,0.32389832389832396,3087.388622344071,-0.27341064040557,-0.412913000407902,0.5788706951809334,1313.5531135531135,-1.0,77.55433710701747,0.32411380413162016,
2023-08-12 10:35:38.658000,-6.27710843373494,-0.46987951807228917,-7.759036144578314,-0.42673206621704474,-5.979767014101777,-7.4776210913549965,3.0,0.32389832389832396,3087.388622344071,-0.3286521764465941,-0.3618670240661967,0.7124293456092301,1311.3553113553112,-1.0,77.55433710701747,0.3241138889645931,
2023-08-12 10:35:38.665000,-6.289156626506024,-0.43373493975903615,-7.746987951807229,-0.37522992029429797,-6.021459227467811,-7.4776210913549965,3.0,0.32389832389832396,3087.388622344071,-0.032865217644660105,0.05209486626653457,0.6464658236699491,1306.227106227106,-1.0,77.55433710701747,0.3241140326408666,
2023-08-12 10:35:38.673000,-6.289156626506024,-0.42168674698795183,-7.72289156626506,-0.3359901900674433,-6.004291845493562,-7.462906192519926,3.0,0.32389832389832396,3087.388622344071,-0.4112813938581668,-0.4968241943942657,0.4881999883456673,1301.098901098901,-1.0,77.55433710701747,0.32411423072863255,
2023-08-12 10:35:38.681000,-6.313253012048193,-0.39759036144578314,-7.710843373493976,-0.34825260576333533,-6.026364193746168,-7.460453709380747,3.0,0.32389832389832396,3087.388622344071,0.12586679097954637,-0.477244915797447,-0.15651768544956582,1298.168498168498,-1.0,77.55433710701747,0.3241144786166964,
2023-08-12 10:35:38.688000,-6.27710843373494,-0.3855421686746988,-7.698795180722892,-0.30901287553648066,-5.977314530962599,-7.406499080318822,3.0,0.32434232434232435,3083.1622176591372,-0.20872909504108078,-0.6413379173707824,-0.3220092069226734,1298.9010989010987,-1.0,77.55433710701747,0.32411477152934454,
2023-08-12 10:35:38.696000,-6.216867469879518,-0.3855421686746988,-7.674698795180723,-0.37768240343347637,-5.933169834457388,-7.37952176578786,3.0,0.32389832389832396,3087.388622344071,-0.4488083445020691,-1.0168405104597629,-0.48715109842083804,1301.8315018315018,-1.0,77.55433710701747,0.3241151046911714,
2023-08-12 10:35:38.704000,-6.1807228915662655,-0.39759036144578314,-7.650602409638554,-0.3016554261189454,-5.849785407725322,-7.374616799509503,3.0,0.32389832389832396,3087.388622344071,-0.42992832585513713,-1.053202027853855,-0.8184837713419966,1307.6923076923076,-1.0,77.55433710701747,0.32411547321580275,
2023-08-12 10:35:38.711000,-6.1084337349397595,-0.39759036144578314,-7.602409638554217,-0.3261802575107296,-5.786020846106683,-7.269160024524831,3.0,0.32345432345432346,3091.6266300617704,-0.6549734863935662,-1.9287920284365718,-1.0728978497756538,1317.216117216117,-1.0,77.55433710701747,0.3241158719636376,
2023-08-12 10:35:38.719000,-6.024096385542169,-0.39759036144578314,-7.638554216867471,-0.2893930104230533,-5.732066217044758,-7.303494788473329,3.0,0.32389832389832396,3087.388622344071,-0.5582425266592863,-2.172717207621933,-0.7435464133791738,1331.8681318681317,-1.0,77.55433710701747,0.3241162956873874,
2023-08-12 10:35:38.727000,-5.975903614457832,-0.4096385542168675,-7.578313253012048,-0.3973022685469037,-5.697731453096259,-7.264255058246474,3.0,0.32389832389832396,3087.388622344071,-0.936658702872793,-2.4767787424975234,-0.6302663014975816,1347.985347985348,-1.0,77.55433710701747,0.3241167390180904,
2023-08-12 10:35:38.734000,-5.903614457831326,-0.45783132530120485,-7.614457831325302,-0.4071122011036174,-5.653586756591048,-7.323114653586757,3.0,0.32389832389832396,3087.388622344071,-0.6406386574208955,-2.805897092244041,-0.5934386108035661,1370.6959706959706,-1.0,77.55433710701747,0.3241171965144777,
2023-08-12 10:35:38.742000,-5.879518072289157,-0.49397590361445787,-7.614457831325302,-0.48559166155732675,-5.550582464745554,-7.345187001839362,3.0,0.32389832389832396,3087.388622344071,-0.711030825709458,-2.7680205116251964,-0.02319212167123115,1401.4652014652013,-1.0,77.55433710701747,0.3241176626914131,
2023-08-12 10:35:38.750000,-5.867469879518072,-0.5421686746987953,-7.698795180722892,-0.4904966278356836,-5.602084610668301,-7.423666462293071,3.0,0.32389832389832396,3087.388622344071,-0.7992541227201212,-2.012819765747916,0.26606841093176387,1441.0256410256409,-1.0,77.55433710701747,0.32411813203796,
2023-08-12 10:35:38.757000,-5.91566265060241,-0.6024096385542169,-7.734939759036145,-0.5076640098099325,-5.611894543225015,-7.460453709380747,3.0,0.32389832389832396,3087.388622344071,-0.8394615698385879,-1.1682302896101628,0.5507837538604975,1490.8424908424906,-1.0,77.55433710701747,0.3241185990355434,
2023-08-12 10:35:38.765000,-5.975903614457832,-0.6265060240963856,-7.734939759036145,-0.6621704475781729,-5.702636419374617,-7.460453709380747,3.0,0.32389832389832396,3087.388622344071,-0.8793193869821103,0.7373696171551773,0.6377250742963695,1543.5897435897434,-1.0,77.55433710701747,0.324119058176132,
2023-08-12 10:35:38.773000,-6.048192771084338,-0.6506024096385542,-7.710843373493976,-0.6597179644389944,-5.7590435315757205,-7.443286327406499,3.0,0.32389832389832396,3087.388622344071,-0.7186061418332261,2.74855777635336,-0.11665986830604294,1601.4652014652013,-1.0,77.55433710701747,0.3241195039803673,
2023-08-12 10:35:38.780000,-6.1084337349397595,-0.6506024096385542,-7.734939759036145,-0.645003065603924,-5.783568362967504,-7.416309012875536,3.0,0.32389832389832396,3087.388622344071,-0.941903152496941,3.8431326845754903,-1.1365305052153136,1659.3406593406592,-1.0,77.55433710701747,0.3241199310155641,
2023-08-12 10:35:38.788000,-6.1807228915662655,-0.6506024096385542,-7.698795180722892,-0.6499080318822807,-5.8105456774984665,-7.428571428571428,3.0,0.32389832389832396,3087.388622344071,-0.9787308431909565,3.9974360468504164,-2.2447409824602294,1710.6227106227104,-1.0,77.55433710701747,0.32412033391350886,
2023-08-12 10:35:38.796000,-6.228915662650603,-0.6506024096385542,-7.686746987951808,-0.5419987737584304,-5.965052115266707,-7.431023911710606,3.0,0.32389832389832396,3087.388622344071,-0.9075228716275283,3.495717032806945,-3.4947846862070975,1753.8461538461538,-1.0,77.55433710701747,0.3241207073879856,
2023-08-12 10:35:38.803000,-6.27710843373494,-0.5903614457831325,-7.674698795180723,-0.5493562231759657,-6.011649294911098,-7.399141630901287,3.0,0.32389832389832396,3087.388622344071,-0.9750014567915628,2.55649437678457,-5.118116659868305,1788.278388278388,-1.0,77.55433710701747,0.3241210462519526,
2023-08-12 10:35:38.811000,-6.301204819277109,-0.6144578313253012,-7.734939759036145,-0.5763335377069282,-6.019006744328633,-7.445738810545677,3.0,0.32434232434232435,3083.1622176591372,-0.8586912184604624,1.071615873200862,-6.05594079599091,1812.4542124542124,-1.0,77.55433710701747,0.32412134543430837,
2023-08-12 10:35:38.819000,-6.265060240963856,-0.6144578313253012,-7.759036144578314,-0.5665236051502146,-5.940527283874923,-7.4849785407725316,3.0,0.32389832389832396,3087.388622344071,-0.5294563253889641,0.11700949828098545,-6.757298525726938,1828.5714285714284,750.67138671875,79.92844946743638,0.32412160014546654,
2023-08-12 10:35:38.826000,-6.216867469879518,-0.6265060240963856,-7.807228915662651,-0.6204782342121398,-5.884120171673819,-7.5364806866952785,3.0,0.32389832389832396,3087.388622344071,-0.7235009614824317,-1.4719421945108093,-6.935027096323058,1838.8278388278386,-1.0,79.92844946743638,0.3241218057656718,
2023-08-12 10:35:38.834000,-6.120481927710844,-0.6265060240963856,-7.867469879518072,-0.615573267933783,-5.817903126916002,-7.516860821581851,3.0,0.32389832389832396,3087.388622344071,-0.5860963813297599,-2.0520948662665344,-7.05716450090321,1842.4908424908424,-1.0,79.92844946743638,0.324121957701188,
2023-08-12 10:35:38.842000,-6.024096385542169,-0.6385542168674699,-7.903614457831326,-0.6106683016554261,-5.722256284488044,-7.614960147148988,3.0,0.32389832389832396,3087.388622344071,-0.6166307324747982,-2.5559116601596643,-6.080065264261989,1835.8974358974358,-1.0,79.92844946743638,0.3241220515376887,
2023-08-12 10:35:38.849000,-5.987951807228916,-0.6626506024096386,-7.927710843373494,-0.5836909871244634,-5.749233599019006,-7.587982832618025,3.0,0.32434232434232435,3083.1622176591372,-1.2578521065205996,-2.662781889167298,-5.041897325330691,1820.5128205128203,-1.0,79.92844946743638,0.3241220830541642,
2023-08-12 10:35:38.857000,-5.975903614457832,-0.6987951807228916,-7.903614457831326,-0.640098099325567,-5.734518700183936,-7.639484978540772,3.0,0.32389832389832396,3087.388622344071,-1.3952566866732714,-2.113163568556611,-4.171668317697104,1799.9999999999998,-1.0,79.92844946743638,0.32412204838533726,
2023-08-12 10:35:38.865000,-5.987951807228916,-0.7349397590361446,-7.879518072289157,-0.6180257510729613,-5.7001839362354385,-7.661557326793378,3.0,0.32389832389832396,3087.388622344071,-2.1586154652992255,-1.5482780723734046,-3.5762484703688595,1774.3589743589741,-1.0,79.92844946743638,0.32412194390652715,
2023-08-12 10:35:38.872000,-6.072289156626506,-0.7710843373493976,-7.891566265060241,-0.7283874923359902,-5.786020846106683,-7.661557326793378,3.0,0.32389832389832396,3087.388622344071,-2.830371190490065,-0.6627818891672979,-2.9808286230406154,1750.18315018315,-1.0,79.92844946743638,0.32412176622485733,
2023-08-12 10:35:38.880000,-6.144578313253012,-0.7951807228915663,-7.91566265060241,-0.6940527283874923,-5.754138565297363,-7.710606989576946,3.0,0.32389832389832396,3087.388622344071,-3.4715925645358667,-0.26583532428180173,-3.759454577239089,1725.2747252747251,-1.0,79.92844946743638,0.3241215123082811,
2023-08-12 10:35:38.888000,-6.204819277108434,-0.819277108433735,-7.891566265060241,-0.8068669527896996,-5.881667688534641,-7.614960147148988,3.0,0.32389832389832396,3087.388622344071,-4.341821572169454,0.19217994289377077,-4.8892255696055,1701.8315018315018,-1.0,79.92844946743638,0.3241211792085203,
2023-08-12 10:35:38.895000,-6.253012048192772,-0.8433734939759037,-7.91566265060241,-0.7872470876762722,-5.960147148988351,-7.622317596566523,3.0,0.32434232434232435,3083.1622176591372,-4.815104014917546,-0.2047666219917254,-6.095332439834508,1680.5860805860805,-1.0,79.92844946743638,0.32412076409122004,
2023-08-12 10:35:38.903000,-6.253012048192772,-0.8313253012048193,-7.91566265060241,-0.86817903126916,-5.94543225015328,-7.632127529123236,3.0,0.32434232434232435,3083.1622176591372,-5.6700658469786145,-1.2734689120680613,-7.957927859681837,1660.07326007326,-1.0,79.92844946743638,0.32412026454177445,
2023-08-12 10:35:38.910000,-6.240963855421687,-0.855421686746988,-7.903614457831326,-0.851011649294911,-5.854690374003678,-7.629675045984058,3.0,0.32389832389832396,3087.388622344071,-6.158615465299225,-2.143697919701649,-9.667851523803973,1641.7582417582416,-1.0,79.92844946743638,0.32411967859337926,
2023-08-12 10:35:38.918000,-6.19277108433735,-0.8795180722891567,-7.867469879518072,-0.8093194359288779,-5.876762722256284,-7.649294911097486,3.0,0.32389832389832396,3087.388622344071,-6.158615465299225,-2.143697919701649,-9.667851523803973,1622.7106227106226,-1.0,79.92844946743638,0.32411900444577363,
2023-08-12 10:35:38.926000,-6.168674698795181,-0.855421686746988,-7.879518072289157,-0.8093194359288779,-5.7737584304107905,-7.587982832618025,3.0,0.32389832389832396,3087.388622344071,-6.799836839345027,-3.5177437212283666,-10.8892255696055,1604.3956043956043,-1.0,79.92844946743638,0.3241182404492456,
2023-08-12 10:35:38.933000,-6.1084337349397595,-0.855421686746988,-7.91566265060241,-0.8068669527896996,-5.822808093194359,-7.629675045984058,3.0,0.32389832389832396,3087.388622344071,-7.303653633238157,-3.853621583823786,-11.652584348231454,1586.8131868131868,-1.0,79.92844946743638,0.32411738524665723,
2023-08-12 10:35:38.941000,-6.072289156626506,-0.8433734939759037,-7.91566265060241,-0.82158185162477,-5.722256284488044,-7.553648068669528,3.0,0.32389832389832396,3087.388622344071,-7.563195617970981,-4.4795757822970685,-12.125866790979545,1568.4981684981683,-1.0,79.92844946743638,0.324116437775605,
2023-08-12 10:35:38.949000,-6.060240963855422,-0.855421686746988,-7.867469879518072,-0.8240343347639485,-5.754138565297363,-7.561005518087063,3.0,0.32389832389832396,3087.388622344071,-7.975409358428997,-4.769652118174931,-12.72128663830779,1550.18315018315,-1.0,79.92844946743638,0.3241153972694645,
2023-08-12 10:35:38.956000,-6.060240963855422,-0.8674698795180723,-7.819277108433735,-0.8976088289393009,-5.763948497854077,-7.521765787860208,3.0,0.32389832389832396,3087.388622344071,-8.387623098887012,-4.845987996037527,-12.354874424567333,1531.8681318681317,-1.0,79.92844946743638,0.32411426325732634,
2023-08-12 10:35:38.964000,-6.096385542168675,-0.855421686746988,-7.771084337349398,-0.8583690987124463,-5.7369711833231145,-7.48743102391171,3.0,0.32389832389832396,3087.388622344071,-8.754035312627469,-4.891789522755084,-12.5686148825826,1512.087912087912,-1.0,79.92844946743638,0.32411303556283133,
2023-08-12 10:35:38.972000,-6.1084337349397595,-0.855421686746988,-7.771084337349398,-0.8412017167381973,-5.8326180257510725,-7.443286327406499,3.0,0.32389832389832396,3087.388622344071,-9.853271953848843,-4.968125400617679,-12.782355340597867,1492.3076923076922,-1.0,79.92844946743638,0.32411171444066983,
2023-08-12 10:35:38.979000,-6.156626506024097,-0.8433734939759037,-7.771084337349398,-0.8559166155732679,-5.86695278969957,-7.480073574494175,3.0,0.32389832389832396,3087.388622344071,-10.387623098887012,-4.250568148709283,-12.919759920750538,1470.3296703296703,-1.0,79.92844946743638,0.324110300414139,
2023-08-12 10:35:38.987000,-6.168674698795181,-0.8433734939759037,-7.698795180722892,-0.7504598405885959,-5.8105456774984665,-7.462906192519926,3.0,0.32389832389832396,3087.388622344071,-11.135714701940447,-3.8994231105413437,-13.179301905483362,1449.8168498168498,-1.0,79.92844946743638,0.32410879414317295,
2023-08-12 10:35:38.995000,-6.204819277108434,-0.8313253012048193,-7.686746987951808,-0.7798896382587369,-5.864500306560392,-7.354996934396076,3.0,0.32389832389832396,3087.388622344071,-12.082279587436629,-3.762018530388672,-13.576248470368858,1432.2344322344322,-1.0,79.92844946743638,0.32410719656807313,
2023-08-12 10:35:39.002000,-6.19277108433735,-0.8313253012048193,-7.650602409638554,-0.8019619865113427,-5.908645003065604,-7.438381361128142,3.0,0.32389832389832396,3087.388622344071,-12.463958976749607,-3.1513315074879085,-14.018996561971912,1417.5824175824175,-1.0,79.92844946743638,0.32410550890296547,
2023-08-12 10:35:39.010000,-6.19277108433735,-0.819277108433735,-7.638554216867471,-0.8093194359288779,-5.920907418761495,-7.374616799509503,3.0,0.32389832389832396,3087.388622344071,-13.028844472932812,-3.0139269273352367,-14.629683584872675,1407.3260073260071,-1.0,79.92844946743638,0.32410373262831943,
2023-08-12 10:35:39.018000,-6.204819277108434,-0.8072289156626506,-7.650602409638554,-0.8264868179031268,-5.903740036787247,-7.342734518700183,3.0,0.32345432345432346,3091.6266300617704,-13.441058213390829,-2.6322475380222596,-15.011362974185653,1398.5347985347985,-1.0,79.92844946743638,0.32410186948257347,
2023-08-12 10:35:39.025000,-6.228915662650603,-0.8072289156626506,-7.614457831325302,-0.745554874310239,-5.950337216431636,-7.354996934396076,3.0,0.32389832389832396,3087.388622344071,-13.639531495833577,-2.525377309014626,-15.301439310063515,1393.4065934065934,-1.0,79.92844946743638,0.32409992144236693,
2023-08-12 10:35:39.033000,-6.253012048192772,-0.7590361445783133,-7.614457831325302,-0.7700797057020232,-5.989576946658492,-7.352544451256898,3.0,0.32389832389832396,3087.388622344071,-13.547928442398462,-2.540644484587145,-15.54571411922382,1390.4761904761904,-1.0,79.92844946743638,0.3240978908195592,
2023-08-12 10:35:39.041000,-6.289156626506024,-0.746987951807229,-7.686746987951808,-0.6916002452483139,-5.967504598405886,-7.406499080318822,3.0,0.32389832389832396,3087.388622344071,-13.74640172484121,-2.693316240312336,-16.095332439834507,1388.278388278388,-1.0,79.92844946743638,0.32409578012266144,
2023-08-12 10:35:39.048000,-6.325301204819278,-0.7228915662650602,-7.662650602409639,-0.6891477621091354,-6.021459227467811,-7.374616799509503,3.0,0.32434232434232435,3083.1622176591372,-13.975409358428996,-2.4185070800069925,-16.248004195559698,1389.0109890109889,-1.0,79.92844946743638,0.3240935919279349,
2023-08-12 10:35:39.056000,-6.337349397590362,-0.6987951807228916,-7.638554216867471,-0.6106683016554261,-6.055793991416309,-7.399141630901287,3.0,0.32389832389832396,3087.388622344071,-13.654798671406095,-2.3421712021443972,-16.40067595128489,1389.7435897435896,-1.0,79.92844946743638,0.3240913291653294,
2023-08-12 10:35:39.064000,-6.373493975903615,-0.6385542168674699,-7.626506024096386,-0.5738810545677498,-6.097486204782342,-7.37952176578786,3.0,0.32434232434232435,3083.1622176591372,-13.471592564535866,-1.96049181283142,-16.90449274517802,1390.4761904761904,-1.0,79.92844946743638,0.32408899497786176,
2023-08-12 10:35:39.071000,-6.409638554216868,-0.6144578313253012,-7.638554216867471,-0.5640711220110362,-6.141630901287553,-7.337829552421827,3.0,0.32389832389832396,3087.388622344071,-13.838004778276325,-1.8536215838237864,-17.07243167647573,1390.4761904761904,-1.0,79.92844946743638,0.32408659269828316,
2023-08-12 10:35:39.079000,-6.409638554216868,-0.5903614457831325,-7.590361445783133,-0.5787860208461066,-6.1072961373390555,-7.330472103004292,3.0,0.32389832389832396,3087.388622344071,-13.838004778276325,-2.097896392984092,-17.179301905483364,1390.4761904761904,-1.0,79.92844946743638,0.3240841258464933,
2023-08-12 10:35:39.087000,-6.409638554216868,-0.5662650602409639,-7.638554216867471,-0.5346413243408952,-6.097486204782342,-7.33292458614347,3.0,0.32389832389832396,3087.388622344071,-14.525027679039683,-2.2353009731367637,-17.484645416933745,1391.2087912087911,-1.0,79.92844946743638,0.32408159795633146,
2023-08-12 10:35:39.094000,-6.373493975903615,-0.5662650602409639,-7.626506024096386,-0.5199264255058246,-6.117106069895769,-7.386879215205395,3.0,0.32434232434232435,3083.1622176591372,-14.479226152322125,-2.708583415884855,-17.8510576306742,1391.2087912087911,-1.0,79.92844946743638,0.3240790126999579,
2023-08-12 10:35:39.102000,-6.349397590361446,-0.5783132530120483,-7.674698795180723,-0.5248313917841815,-6.072961373390558,-7.328019619865113,3.0,0.32389832389832396,3087.388622344071,-14.90670706835266,-2.922323873900122,-17.88159198181924,1391.2087912087911,-1.0,79.92844946743638,0.3240763740225562,
2023-08-12 10:35:39.110000,-6.289156626506024,-0.5783132530120483,-7.638554216867471,-0.5542611894543225,-5.999386879215205,-7.401594114040465,3.0,0.32389832389832396,3087.388622344071,-15.150981877512965,-2.861255171610046,-18.08006526426199,1390.4761904761904,-1.0,79.92844946743638,0.32407368600017,
2023-08-12 10:35:39.117000,-6.27710843373494,-0.6024096385542169,-7.650602409638554,-0.5542611894543225,-5.979767014101777,-7.386879215205395,3.0,0.32434232434232435,3083.1622176591372,-15.486859740108386,-3.304003263213099,-17.820523279529166,1387.5457875457876,-1.0,79.92844946743638,0.3240709526659293,
2023-08-12 10:35:39.125000,-6.240963855421687,-0.6144578313253012,-7.638554216867471,-0.5959534028203556,-5.967504598405886,-7.359901900674433,3.0,0.32389832389832396,3087.388622344071,-15.76166890041373,-2.9681254006176796,-17.69838587494901,1383.8827838827838,-1.0,79.92844946743638,0.32406817828342216,
2023-08-12 10:35:39.133000,-6.216867469879518,-0.6385542168674699,-7.686746987951808,-0.6327406499080318,-5.903740036787247,-7.340282035561005,3.0,0.32434232434232435,3083.1622176591372,-15.975409358428996,-2.403239904434473,-17.88159198181924,1378.7545787545787,-1.0,79.92844946743638,0.3240653672046332,
2023-08-12 10:35:39.140000,-6.216867469879518,-0.6506024096385542,-7.674698795180723,-0.6180257510729613,-5.864500306560392,-7.396689147762109,3.0,0.32434232434232435,3083.1622176591372,-16.799836839345026,-1.975758988403939,-18.141133966552065,1375.091575091575,-1.0,79.92844946743638,0.32406252384575157,
2023-08-12 10:35:39.148000,-6.19277108433735,-0.674698795180723,-7.650602409638554,-0.6499080318822807,-5.889025137952176,-7.342734518700183,3.0,0.32389832389832396,3087.388622344071,-16.952508595070217,-0.9375910494726414,-18.522813355865043,1370.6959706959706,-1.0,79.92844946743638,0.3240596529723323,
2023-08-12 10:35:39.156000,-6.168674698795181,-0.674698795180723,-7.662650602409639,-0.6719803801348866,-5.862047823421213,-7.391784181483752,3.0,0.32389832389832396,3087.388622344071,-16.90670706835266,-1.4872093700833284,-19.24037060777344,1365.5677655677655,-1.0,79.92844946743638,0.32405675937854544,
2023-08-12 10:35:39.163000,-6.1084337349397595,-0.7228915662650602,-7.662650602409639,-0.7406499080318822,-5.7737584304107905,-7.435928877988964,3.0,0.32389832389832396,3087.388622344071,-17.471592564535865,-2.2505681487092826,-19.789988928384126,1361.1721611721612,-1.0,79.92844946743638,0.32405384770541446,
2023-08-12 10:35:39.171000,-6.1325301204819285,-0.7590361445783133,-7.698795180722892,-0.7529123237277743,-5.8031882280809315,-7.4114040465971796,3.0,0.32389832389832396,3087.388622344071,-18.036478060719073,-2.1284307441291297,-19.88159198181924,1354.5787545787546,-1.0,79.92844946743638,0.3240509225675631,
2023-08-12 10:35:39.179000,-6.144578313253012,-0.7710843373493976,-7.710843373493976,-0.7921520539546291,-5.808093194359288,-7.428571428571428,3.0,0.32389832389832396,3087.388622344071,-18.09754676300915,-2.5864460113047025,-20.186935493269623,1347.985347985348,-1.0,79.92844946743638,0.3240479885413409,
2023-08-12 10:35:39.186000,-6.120481927710844,-0.783132530120482,-7.710843373493976,-0.7847946045370937,-5.768853464132434,-7.462906192519926,3.0,0.32389832389832396,3087.388622344071,-18.525027679039685,-1.8841559349688246,-21.22510343220092,1343.5897435897434,-1.0,79.92844946743638,0.3240450501531194,
2023-08-12 10:35:39.194000,-6.1084337349397595,-0.8072289156626506,-7.734939759036145,-0.7480073574494175,-5.761496014714899,-7.369711833231146,3.0,0.32389832389832396,3087.388622344071,-18.525027679039685,-1.8841559349688246,-21.22510343220092,1340.6593406593406,-1.0,79.92844946743638,0.3240421117290478,
2023-08-12 10:35:39.202000,-6.0843373493975905,-0.8313253012048193,-7.72289156626506,-0.8044144696505211,-5.768853464132434,-7.443286327406499,3.0,0.32389832389832396,3087.388622344071,-19.303653633238156,-1.2887360876405802,-22.73655381388031,1335.5311355311355,-1.0,79.92844946743638,0.32403917740419014,
2023-08-12 10:35:39.209000,-6.060240963855422,-0.8072289156626506,-7.734939759036145,-0.7847946045370937,-5.724708767627222,-7.465358675659105,3.0,0.32389832389832396,3087.388622344071,-19.135714701940447,-1.2582017364955422,-23.606782821513896,1329.6703296703297,-1.0,79.92844946743638,0.32403625139831255,
2023-08-12 10:35:39.217000,-6.060240963855422,-0.7951807228915663,-7.734939759036145,-0.7504598405885959,-5.7369711833231145,-7.435928877988964,3.0,0.32389832389832396,3087.388622344071,-19.502126915680904,-1.5330108968008858,-24.70601946273527,1321.6117216117216,-1.0,79.92844946743638,0.32403333784502264,
2023-08-12 10:35:39.225000,-6.096385542168675,-0.7951807228915663,-7.710843373493976,-0.7700797057020232,-5.812998160637646,-7.399141630901287,3.0,0.32434232434232435,3083.1622176591372,-20.448691801177088,-2.0826292174115726,-24.996095798613133,1312.087912087912,-1.0,79.92844946743638,0.3240304407917354,
2023-08-12 10:35:39.232000,-6.156626506024097,-0.7951807228915663,-7.746987951807229,-0.7774371551195585,-5.854690374003678,-7.4776210913549965,3.0,0.32389832389832396,3087.388622344071,-21.05937882407785,-2.4337742555795114,-25.454111065788705,1304.7619047619046,-1.0,79.92844946743638,0.32402756446710224,
2023-08-12 10:35:39.240000,-6.204819277108434,-0.7710843373493976,-7.710843373493976,-0.7872470876762722,-5.974862047823421,-7.433476394849785,3.0,0.32389832389832396,3087.388622344071,-21.288386457665638,-2.571178835732183,-25.86632480624672,1298.168498168498,-1.0,79.92844946743638,0.3240247128566934,
2023-08-12 10:35:39.248000,-6.289156626506024,-0.746987951807229,-7.746987951807229,-0.7161250766400981,-5.923359901900674,-7.460453709380747,3.0,0.32434232434232435,3083.1622176591372,-21.807470427131285,-2.4643086067245497,-26.339607248994813,1295.2380952380952,-1.0,79.92844946743638,0.3240218896947822,
2023-08-12 10:35:39.255000,-6.337349397590362,-0.7228915662650602,-7.72289156626506,-0.7210300429184548,-6.060698957694665,-7.458001226241569,3.0,0.32389832389832396,3087.388622344071,-22.2196841675893,-2.2200337975642443,-26.996095798613133,1293.040293040293,-1.0,79.92844946743638,0.32401909873349694,
2023-08-12 10:35:39.263000,-6.397590361445784,-0.7228915662650602,-7.72289156626506,-0.6719803801348866,-6.068056407112201,-7.445738810545677,3.0,0.32389832389832396,3087.388622344071,-22.78456966377251,-2.571178835732183,-27.36250801235359,1293.040293040293,-1.0,79.92844946743638,0.3240163436181657,
2023-08-12 10:35:39.271000,-6.445783132530121,-0.674698795180723,-7.72289156626506,-0.6351931330472103,-6.148988350705088,-7.384426732066217,3.0,0.32389832389832396,3087.388622344071,-23.181516228658005,-2.8917895227550843,-27.530446943651302,1295.2380952380952,-1.0,79.92844946743638,0.3240136278494156,
2023-08-12 10:35:39.278000,-6.46987951807229,-0.6385542168674699,-7.686746987951808,-0.6327406499080318,-6.190680564071122,-7.413856529736358,3.0,0.32389832389832396,3087.388622344071,-23.86853912942136,-2.830720820465008,-28.141133966552065,1298.168498168498,-1.0,79.92844946743638,0.32401095462819524,
2023-08-12 10:35:39.286000,-6.493975903614458,-0.6265060240963856,-7.674698795180723,-0.5935009196811771,-6.153893316983446,-7.39423666462293,3.0,0.32389832389832396,3087.388622344071,-24.28075286987938,-2.693316240312336,-28.20220266884214,1303.2967032967033,-1.0,79.92844946743638,0.3240083268709813,
2023-08-12 10:35:39.293000,-6.518072289156627,-0.6024096385542169,-7.626506024096386,-0.5640711220110362,-6.225015328019619,-7.386879215205395,3.0,0.32389832389832396,3087.388622344071,-24.52502767903968,-2.5864460113047025,-28.141133966552065,1309.1575091575091,-1.0,79.92844946743638,0.3240057474918624,
2023-08-12 10:35:39.301000,-6.530120481927711,-0.5542168674698795,-7.614457831325302,-0.46106683016554256,-6.2323727774371545,-7.337829552421827,3.0,0.32389832389832396,3087.388622344071,-24.769302488199987,-2.7238505914573743,-28.32434007342229,1317.216117216117,-1.0,79.92844946743638,0.3240032193769142,
2023-08-12 10:35:39.309000,-6.542168674698796,-0.5421686746987953,-7.55421686746988,-0.5787860208461066,-6.242182709993869,-7.28632740649908,3.0,0.32389832389832396,3087.388622344071,-24.845638366062584,-2.708583415884855,-27.942660684109317,1324.5421245421244,-1.0,79.92844946743638,0.32400074523167466,
2023-08-12 10:35:39.316000,-6.542168674698796,-0.5180722891566265,-7.55421686746988,-0.47332924586143466,-6.27161250766401,-7.215205395462906,3.0,0.32389832389832396,3087.388622344071,-24.9372414194977,-2.662781889167298,-27.591515645941378,1331.135531135531,-1.0,79.92844946743638,0.32399832757842695,
2023-08-12 10:35:39.324000,-6.518072289156627,-0.4819277108433735,-7.542168674698796,-0.46106683016554256,-6.215205395462906,-7.256897608828939,3.0,0.32389832389832396,3087.388622344071,-24.799836839345026,-3.594079599090962,-27.24037060777344,1335.5311355311355,-1.0,79.92844946743638,0.32399596875398445,
2023-08-12 10:35:39.332000,-6.457831325301205,-0.49397590361445787,-7.506024096385542,-0.463519313304721,-6.153893316983446,-7.237277743715511,3.0,0.32389832389832396,3087.388622344071,-24.40289027445953,-3.9146902861138626,-26.782355340597867,1338.4615384615383,-1.0,79.92844946743638,0.3239936709079738,
2023-08-12 10:35:39.339000,-6.433734939759036,-0.4819277108433735,-7.493975903614459,-0.42918454935622313,-6.126916002452483,-7.2029429797670135,3.0,0.32389832389832396,3087.388622344071,-23.74640172484121,-4.754384942602412,-26.01899656197191,1339.9267399267399,-1.0,79.92844946743638,0.3239914360016033,
2023-08-12 10:35:39.347000,-6.373493975903615,-0.4819277108433735,-7.493975903614459,-0.4414469650521152,-6.058246474555487,-7.247087676272225,3.0,0.32434232434232435,3083.1622176591372,-24.25021851873434,-4.708583415884855,-25.74418740166657,1342.1245421245421,-1.0,79.92844946743638,0.3239892658069031,
2023-08-12 10:35:39.355000,-6.301204819277109,-0.46987951807228917,-7.457831325301205,-0.3825873697118332,-6.028816676885346,-7.168608215818516,3.0,0.32389832389832396,3087.388622344071,-23.227317755375562,-4.601713186877221,-25.148767554338324,1347.2527472527472,-1.0,79.92844946743638,0.3239871620557233,
2023-08-12 10:35:39.362000,-6.253012048192772,-0.46987951807228917,-7.445783132530121,-0.4193746167995095,-5.979767014101777,-7.163703249540159,3.0,0.32389832389832396,3087.388622344071,-23.273119282093116,-4.12843074412913,-24.996095798613133,1350.9157509157508,-1.0,79.92844946743638,0.32398512631246484,
2023-08-12 10:35:39.370000,-6.216867469879518,-0.46987951807228917,-7.433734939759036,-0.44880441446965047,-5.911097486204782,-7.225015328019619,3.0,0.32389832389832396,3087.388622344071,-23.028844472932814,-3.975758988403939,-24.629683584872677,1350.9157509157508,-1.0,79.92844946743638,0.32398315981572484,
2023-08-12 10:35:39.378000,-6.1807228915662655,-0.4819277108433735,-7.433734939759036,-0.48559166155732675,-5.886572654812998,-7.148988350705088,3.0,0.32389832389832396,3087.388622344071,-22.90670706835266,-3.3192704387856184,-24.782355340597867,1346.5201465201465,-1.0,79.92844946743638,0.3239812636182313,
2023-08-12 10:35:39.385000,-6.1807228915662655,-0.5060240963855422,-7.481927710843374,-0.47087676272225626,-5.881667688534641,-7.134273451870018,3.0,0.32389832389832396,3087.388622344071,-22.58609638132976,-2.907056698327603,-24.782355340597867,1339.194139194139,-1.0,79.92844946743638,0.3239794384496721,
2023-08-12 10:35:39.393000,-6.144578313253012,-0.5301204819277109,-7.481927710843374,-0.4904966278356836,-5.874310239117106,-7.141630901287553,3.0,0.32389832389832396,3087.388622344071,-22.387623098887012,-2.3421712021443972,-25.36250801235359,1330.4029304029302,-1.0,79.92844946743638,0.32397768487777484,
2023-08-12 10:35:39.401000,-6.19277108433735,-0.5180722891566265,-7.46987951807229,-0.48313917841814835,-5.835070508890251,-7.249540159411404,3.0,0.32389832389832396,3087.388622344071,-22.494493327894645,-2.1284307441291297,-25.57624847036886,1323.076923076923,-1.0,79.92844946743638,0.3239760032994795,
2023-08-12 10:35:39.408000,-6.204819277108434,-0.5421686746987953,-7.46987951807229,-0.49294911097486205,-5.893930104230533,-7.261802575107295,3.0,0.32389832389832396,3087.388622344071,-22.677699434764875,-1.3803391410756949,-26.248004195559698,1315.018315018315,-1.0,79.92844946743638,0.32397439381486653,
2023-08-12 10:35:39.416000,-6.1807228915662655,-0.5301204819277109,-7.481927710843374,-0.4880441446965052,-5.916002452483139,-7.185775597792765,3.0,0.32389832389832396,3087.388622344071,-22.55556203018472,-1.0291941029077558,-26.690752287162752,1310.6227106227104,-1.0,79.92844946743638,0.32397285651705643,
2023-08-12 10:35:39.424000,-6.19277108433735,-0.5301204819277109,-7.518072289156627,-0.5027590435315757,-5.89883507050889,-7.293684855916615,3.0,0.32389832389832396,3087.388622344071,-22.494493327894645,-0.6017131868772215,-27.530446943651302,1305.4945054945053,-1.0,79.92844946743638,0.32397139147418225,
2023-08-12 10:35:39.431000,-6.228915662650603,-0.5060240963855422,-7.518072289156627,-0.45616186388718577,-5.940527283874923,-7.264255058246474,3.0,0.32389832389832396,3087.388622344071,-22.296020045451897,-0.2963696754268399,-27.774721752811605,1300.3663003663003,-1.0,79.92844946743638,0.32396999858421827,
2023-08-12 10:35:39.439000,-6.27710843373494,-0.49397590361445787,-7.55421686746988,-0.4512568976088289,-5.935622317596566,-7.276517473942366,3.0,0.32389832389832396,3087.388622344071,-22.769302488199987,-0.021560515121496402,-27.8510576306742,1296.7032967032967,-1.0,79.92844946743638,0.32396867757935566,
2023-08-12 10:35:39.447000,-6.289156626506024,-0.46987951807228917,-7.530120481927711,-0.4757817290006131,-6.043531575720417,-7.261802575107295,3.0,0.32389832389832396,3087.388622344071,-22.70823378590991,0.22271429403880894,-28.568614882582597,1292.3076923076922,-1.0,79.92844946743638,0.32396742789185184,
2023-08-12 10:35:39.454000,-6.349397590361446,-0.43373493975903615,-7.530120481927711,-0.41446965052115264,-6.033721643163703,-7.298589822194972,3.0,0.32389832389832396,3087.388622344071,-22.73876813705495,0.772332614649496,-28.35487442456733,1290.8424908424909,-1.0,79.92844946743638,0.32396624881796227,
2023-08-12 10:35:39.462000,-6.409638554216868,-0.43373493975903615,-7.578313253012048,-0.3629675045984059,-6.102391171060699,-7.281422440220723,3.0,0.32389832389832396,3087.388622344071,-22.9372414194977,0.22271429403880894,-28.55334770701008,1293.7728937728937,-1.0,79.92844946743638,0.3239651396505325,
2023-08-12 10:35:39.470000,-6.421686746987952,-0.42168674698795183,-7.566265060240965,-0.3825873697118332,-6.1293684855916615,-7.237277743715511,3.0,0.32389832389832396,3087.388622344071,-22.9372414194977,0.22271429403880894,-28.55334770701008,1299.6336996336995,-1.0,79.92844946743638,0.3239640995350365,
2023-08-12 10:35:39.477000,-6.445783132530121,-0.3855421686746988,-7.55421686746988,-0.328632740649908,-6.188228080931943,-7.261802575107295,3.0,0.32345432345432346,3091.6266300617704,-22.815104014917544,-0.2505681487092827,-28.492279004720004,1306.227106227106,-1.0,79.92844946743638,0.32396312747504363,
2023-08-12 10:35:39.485000,-6.46987951807229,-0.3734939759036145,-7.590361445783133,-0.33353770692826484,-6.229920294297976,-7.2323727774371545,3.0,0.32389832389832396,3087.388622344071,-22.830371190490066,-0.678049064739817,-28.40067595128489,1312.087912087912,-1.0,79.92844946743638,0.32396222218849813,
2023-08-12 10:35:39.493000,-6.493975903614458,-0.3614457831325301,-7.55421686746988,-0.34580012262415694,-6.237277743715512,-7.264255058246474,3.0,0.32389832389832396,3087.388622344071,-22.463958976749606,-1.395606316648214,-27.89685915739176,1318.6813186813185,-1.0,79.92844946743638,0.32396138224080295,
2023-08-12 10:35:39.500000,-6.530120481927711,-0.3373493975903615,-7.530120481927711,-0.3163703249540159,-6.259350091968117,-7.320662170447577,3.0,0.32389832389832396,3087.388622344071,-22.540294854612203,-1.7467513548161528,-27.164034729910842,1326.7399267399267,-1.0,79.92844946743638,0.3239606060707394,
2023-08-12 10:35:39.508000,-6.518072289156627,-0.3253012048192771,-7.530120481927711,-0.328632740649908,-6.259350091968117,-7.259350091968117,3.0,0.32389832389832396,3087.388622344071,-21.74640172484121,-1.6398811258085193,-26.70601946273527,1332.6007326007325,-1.0,79.92844946743638,0.3239598918776959,
2023-08-12 10:35:39.516000,-6.542168674698796,-0.3132530120481928,-7.506024096385542,-0.2893930104230533,-6.227467811158798,-7.237277743715511,3.0,0.32389832389832396,3087.388622344071,-22.02121088514655,-1.441407843365771,-25.683118699376493,1339.194139194139,-1.0,79.92844946743638,0.32395923791404785,
2023-08-12 10:35:39.523000,-6.530120481927711,-0.30120481927710846,-7.493975903614459,-0.20600858369098712,-6.222562844880441,-7.205395462906192,3.0,0.32389832389832396,3087.388622344071,-21.77693607598625,-1.441407843365771,-25.530446943651302,1345.7875457875457,-1.0,79.92844946743638,0.3239586424693397,
2023-08-12 10:35:39.531000,-6.530120481927711,-0.27710843373493976,-7.481927710843374,-0.19619865113427343,-6.207847946045371,-7.148988350705088,3.0,0.32389832389832396,3087.388622344071,-21.456325388963347,-1.212400209777985,-25.270904958918475,1357.5091575091574,-1.0,79.92844946743638,0.32395810358831767,
2023-08-12 10:35:39.539000,-6.542168674698796,-0.27710843373493976,-7.481927710843374,-0.164316370324954,-6.227467811158798,-7.1735131820968725,3.0,0.32389832389832396,3087.388622344071,-20.90670706835266,-1.3803391410756949,-24.690752287162752,1375.091575091575,-1.0,79.92844946743638,0.3239576190973835,
2023-08-12 10:35:39.546000,-6.55421686746988,-0.2530120481927711,-7.506024096385542,-0.2207234825260576,-6.274064990803188,-7.220110361741263,3.0,0.32389832389832396,3087.388622344071,-20.479226152322127,-1.6551483013810384,-24.415943126857407,1401.4652014652013,-1.0,79.92844946743638,0.3239571867586539,
2023-08-12 10:35:39.554000,-6.530120481927711,-0.22891566265060243,-7.506024096385542,-0.19865113427345185,-6.283874923359901,-7.175965665236051,3.0,0.32389832389832396,3087.388622344071,-19.731134549268692,-1.5482780723734046,-23.973195035254356,1436.6300366300366,-1.0,79.92844946743638,0.32395680427489526,
2023-08-12 10:35:39.562000,-6.518072289156627,-0.2530120481927711,-7.493975903614459,-0.26241569589209074,-6.247087676272225,-7.188228080931943,3.0,0.32389832389832396,3087.388622344071,-19.456325388963347,-1.1818658586329467,-23.51517976807878,1479.8534798534797,-1.0,79.92844946743638,0.3239564692946227,
2023-08-12 10:35:39.569000,-6.542168674698796,-0.26506024096385544,-7.506024096385542,-0.134886572654813,-6.242182709993869,-7.178418148375229,3.0,0.32389832389832396,3087.388622344071,-19.05937882407785,-0.9681254006176796,-22.996095798613133,1530.4029304029302,-1.0,79.92844946743638,0.3239561794173502,
2023-08-12 10:35:39.577000,-6.506024096385542,-0.27710843373493976,-7.518072289156627,-0.24770079705702022,-6.234825260576333,-7.183323114653587,3.0,0.32389832389832396,3087.388622344071,-18.616630732474796,-0.6627818891672979,-22.965561447468094,1580.9523809523807,-1.0,79.92844946743638,0.32395593219897967,
2023-08-12 10:35:39.585000,-6.506024096385542,-0.28915662650602414,-7.493975903614459,-0.24034334763948498,-6.215205395462906,-7.2029429797670135,3.0,0.32389832389832396,3087.388622344071,-17.91434065613892,-0.14369791970164908,-22.950294271895576,1631.5018315018315,-1.0,79.92844946743638,0.3239557251573152,
2023-08-12 10:35:39.592000,-6.481927710843374,-0.3253012048192771,-7.493975903614459,-0.2893930104230533,-6.205395462906192,-7.234825260576333,3.0,0.32389832389832396,3087.388622344071,-17.807470427131285,-0.494842957869588,-23.24037060777344,1679.120879120879,-1.0,79.92844946743638,0.3239555557776918,
2023-08-12 10:35:39.600000,-6.457831325301205,-0.3734939759036145,-7.530120481927711,-0.3654199877375843,-6.198038013488657,-7.27161250766401,3.0,0.32389832389832396,3087.388622344071,-17.334187984383195,-0.7085834158848552,-23.102966027620766,1724.5421245421244,-1.0,79.92844946743638,0.32395542151870343,
2023-08-12 10:35:39.608000,-6.397590361445784,-0.42168674698795183,-7.566265060240965,-0.4071122011036174,-6.1367259350091965,-7.313304721030042,3.0,0.32389832389832396,3087.388622344071,-16.845638366062584,-1.1055299807703514,-22.85869121846046,1765.5677655677655,-1.0,79.92844946743638,0.32395531981801334,
2023-08-12 10:35:39.615000,-6.349397590361446,-0.46987951807228917,-7.614457831325302,-0.3727774371551195,-6.031269160024524,-7.350091968117718,3.0,0.32389832389832396,3087.388622344071,-16.601363556902278,-1.594079599090962,-22.751820989452828,1801.4652014652013,-1.0,79.92844946743638,0.32395524809823806,
2023-08-12 10:35:39.623000,-6.313253012048193,-0.49397590361445787,-7.650602409638554,-0.43899448191293683,-6.033721643163703,-7.362354383813611,3.0,0.32389832389832396,3087.388622344071,-16.662432259192354,-2.2963696754268397,-22.248004195559698,1831.5018315018315,773.651123046875,77.55433710701747,0.3239552037728835,
2023-08-12 10:35:39.631000,-6.289156626506024,-0.5421686746987953,-7.674698795180723,-0.463519313304721,-5.996934396076027,-7.404046597179644,3.0,0.32345432345432346,3091.6266300617704,-16.662432259192354,-2.479575782297069,-22.40067595128489,1848.3516483516482,-1.0,77.55433710701747,0.32395518425231973,
2023-08-12 10:35:39.638000,-6.289156626506024,-0.5783132530120483,-7.674698795180723,-0.5370938074800735,-6.014101778050276,-7.416309012875536,3.0,0.32389832389832396,3087.388622344071,-16.647165083619836,-2.479575782297069,-21.86632480624672,1859.3406593406592,-1.0,77.55433710701747,0.32395518693923564,
2023-08-12 10:35:39.646000,-6.301204819277109,-0.6144578313253012,-7.698795180722892,-0.5935009196811771,-6.048436541998774,-7.48743102391171,3.0,0.32389832389832396,3087.388622344071,-16.494493327894645,-2.113163568556611,-22.095332439834507,1859.3406593406592,-1.0,77.55433710701747,0.3239552093416811,
2023-08-12 10:35:39.653000,-6.325301204819278,-0.6144578313253012,-7.72289156626506,-0.522378908645003,-6.021459227467811,-7.462906192519926,3.0,0.32389832389832396,3087.388622344071,-17.028844472932814,-2.6322475380222596,-22.8892255696055,1850.5494505494505,-1.0,77.55433710701747,0.32395524909000584,
2023-08-12 10:35:39.661000,-6.337349397590362,-0.6265060240963856,-7.710843373493976,-0.5591661557326794,-6.021459227467811,-7.455548743102391,3.0,0.32389832389832396,3087.388622344071,-17.56319561797098,-2.9681254006176796,-23.72892022609405,1832.9670329670328,-1.0,77.55433710701747,0.3239553036662447,
2023-08-12 10:35:39.669000,-6.337349397590362,-0.6506024096385542,-7.710843373493976,-0.5959534028203556,-6.060698957694665,-7.4114040465971796,3.0,0.32389832389832396,3087.388622344071,-17.654798671406095,-3.410873492220733,-24.40067595128489,1809.5238095238094,-1.0,77.55433710701747,0.323955370431149,
2023-08-12 10:35:39.676000,-6.325301204819278,-0.6385542168674699,-7.710843373493976,-0.6008583690987124,-6.001839362354383,-7.460453709380747,3.0,0.32389832389832396,3087.388622344071,-18.357088747741972,-4.082629217411572,-25.606782821513896,1781.6849816849815,-1.0,77.55433710701747,0.3239554467785858,
2023-08-12 10:35:39.684000,-6.289156626506024,-0.6626506024096386,-7.710843373493976,-0.6057633353770693,-5.984671980380135,-7.450643776824034,3.0,0.32389832389832396,3087.388622344071,-19.08991317522289,-4.571178835732184,-26.156401142124583,1751.6483516483515,-1.0,77.55433710701747,0.3239555302793334,
2023-08-12 10:35:39.692000,-6.265060240963856,-0.6626506024096386,-7.746987951807229,-0.6499080318822807,-5.933169834457388,-7.443286327406499,3.0,0.32389832389832396,3087.388622344071,-19.379989511100753,-5.120797156342871,-27.148767554338324,1720.8791208791208,-1.0,77.55433710701747,0.32395561852693217,
2023-08-12 10:35:39.699000,-6.216867469879518,-0.6506024096385542,-7.734939759036145,-0.645003065603924,-5.911097486204782,-7.453096259963212,3.0,0.32389832389832396,3087.388622344071,-19.670065846978613,-5.517743721228366,-27.591515645941378,1689.3772893772893,-1.0,77.55433710701747,0.3239557091537245,
2023-08-12 10:35:39.707000,-6.168674698795181,-0.6626506024096386,-7.771084337349398,-0.7014101778050276,-5.864500306560392,-7.443286327406499,3.0,0.32434232434232435,3083.1622176591372,-20.55556203018472,-5.868888759396305,-28.1716683176971,1660.8058608058607,-1.0,77.55433710701747,0.32395579996438995,
2023-08-12 10:35:39.715000,-6.168674698795181,-0.674698795180723,-7.698795180722892,-0.6548129981606376,-5.889025137952176,-7.4776210913549965,3.0,0.32389832389832396,3087.388622344071,-20.845638366062584,-5.624613950236,-28.73655381388031,1634.4322344322343,-1.0,77.55433710701747,0.3239558888030231,
2023-08-12 10:35:39.722000,-6.144578313253012,-0.6867469879518072,-7.686746987951808,-0.6302881667688535,-5.844880441446965,-7.325567136725935,3.0,0.32389832389832396,3087.388622344071,-21.71586737369617,-5.609346774663481,-28.614416409300155,1609.5238095238094,-1.0,77.55433710701747,0.3239559735903754,
2023-08-12 10:35:39.730000,-6.204819277108434,-0.6867469879518072,-7.686746987951808,-0.6008583690987124,-5.859595340282035,-7.328019619865113,3.0,0.32434232434232435,3083.1622176591372,-22.143348289726706,-5.166598683060427,-28.843424042887943,1587.5457875457873,-1.0,77.55433710701747,0.32395605215900414,
2023-08-12 10:35:39.738000,-6.240963855421687,-0.674698795180723,-7.638554216867471,-0.615573267933783,-5.923359901900674,-7.401594114040465,3.0,0.32389832389832396,3087.388622344071,-22.860905541635102,-5.212400209777985,-29.2098362566284,1564.8351648351647,-1.0,77.55433710701747,0.32395612255644507,
2023-08-12 10:35:39.745000,-6.27710843373494,-0.6385542168674699,-7.650602409638554,-0.5714285714285714,-6.036174126302881,-7.315757204169221,3.0,0.32389832389832396,3087.388622344071,-22.860905541635102,-5.212400209777985,-29.2098362566284,1542.8571428571427,-1.0,77.55433710701747,0.32395618291163036,
2023-08-12 10:35:39.753000,-6.337349397590362,-0.6265060240963856,-7.602409638554217,-0.568976088289393,-6.072961373390558,-7.288779889638258,3.0,0.32389832389832396,3087.388622344071,-23.288386457665638,-5.1513315074879085,-29.72892022609405,1521.6117216117216,-1.0,77.55433710701747,0.3239562312906247,
2023-08-12 10:35:39.761000,-6.457831325301205,-0.5903614457831325,-7.566265060240965,-0.5714285714285714,-6.1735131820968725,-7.278969957081545,3.0,0.32389832389832396,3087.388622344071,-23.624264320261055,-5.304003263213099,-30.156401142124583,1502.5641025641025,-1.0,77.55433710701747,0.3239562659676779,
2023-08-12 10:35:39.768000,-6.518072289156627,-0.5542168674698795,-7.55421686746988,-0.5199264255058246,-6.225015328019619,-7.200490496627835,3.0,0.32389832389832396,3087.388622344071,-24.43342462560457,-4.845987996037527,-30.70601946273527,1483.5164835164835,-1.0,77.55433710701747,0.32395628514172276,
2023-08-12 10:35:39.776000,-6.614457831325302,-0.5180722891566265,-7.530120481927711,-0.48313917841814835,-6.328019619865113,-7.20784794604537,3.0,0.32389832389832396,3087.388622344071,-24.40289027445953,-4.5864460113047025,-31.270904958918475,1465.9340659340658,-1.0,77.55433710701747,0.3239562869609432,
2023-08-12 10:35:39.784000,-6.662650602409639,-0.49397590361445787,-7.457831325301205,-0.41446965052115264,-6.404046597179644,-7.200490496627835,3.0,0.32389832389832396,3087.388622344071,-24.921974243925177,-4.204766621991725,-31.805256103956644,1448.3516483516482,-1.0,77.55433710701747,0.32395626967460134,
2023-08-12 10:35:39.791000,-6.674698795180723,-0.46987951807228917,-7.445783132530121,-0.39975475168608215,-6.381974248927039,-7.126916002452483,3.0,0.32389832389832396,3087.388622344071,-24.769302488199987,-4.525377309014626,-32.32434007342229,1430.7692307692307,-1.0,77.55433710701747,0.32395623177415434,
2023-08-12 10:35:39.799000,-6.686746987951808,-0.43373493975903615,-7.409638554216868,-0.4095646842427958,-6.372164316370324,-7.112201103617412,3.0,0.32389832389832396,3087.388622344071,-24.677699434764875,-4.067362041839053,-32.675485111590234,1413.9194139194137,-1.0,77.55433710701747,0.32395617183633263,
2023-08-12 10:35:39.807000,-6.63855421686747,-0.39759036144578314,-7.409638554216868,-0.34825260576333533,-6.377069282648681,-7.102391171060699,3.0,0.32389832389832396,3087.388622344071,-24.25021851873434,-4.433774255579512,-32.660217936017716,1398.5347985347985,-1.0,77.55433710701747,0.3239560883975669,
2023-08-12 10:35:39.814000,-6.626506024096386,-0.3855421686746988,-7.397590361445784,-0.2893930104230533,-6.418761496014715,-7.0778663396689145,3.0,0.32389832389832396,3087.388622344071,-24.341821572169454,-5.074995629625313,-31.89685915739176,1383.8827838827838,-1.0,77.55433710701747,0.32395598010495524,
2023-08-12 10:35:39.822000,-6.614457831325302,-0.3373493975903615,-7.373493975903615,-0.3114653586756591,-6.428571428571428,-7.00674432863274,3.0,0.32389832389832396,3087.388622344071,-24.189149816444264,-5.4719421945108095,-30.935027096323058,1372.8937728937728,-1.0,77.55433710701747,0.32395584571776875,
2023-08-12 10:35:39.830000,-6.614457831325302,-0.3253012048192771,-7.337349397590362,-0.25015328019619865,-6.416309012875536,-7.004291845493562,3.0,0.32389832389832396,3087.388622344071,-24.005943709574034,-4.830720820465007,-29.820523279529162,1363.3699633699632,-1.0,77.55433710701747,0.32395568410878417,
2023-08-12 10:35:39.837000,-6.626506024096386,-0.30120481927710846,-7.301204819277109,-0.24279583077866337,-6.352544451256898,-6.989576946658492,3.0,0.32389832389832396,3087.388622344071,-23.08991317522289,-4.739117767029893,-29.118233203193284,1356.7765567765566,-1.0,77.55433710701747,0.32395549426544296,
2023-08-12 10:35:39.845000,-6.602409638554217,-0.28915662650602414,-7.301204819277109,-0.2599632127529123,-6.323114653586757,-6.969957081545064,3.0,0.32389832389832396,3087.388622344071,-22.662432259192354,-4.403239904434473,-28.568614882582597,1353.113553113553,-1.0,77.55433710701747,0.3239552754295848,
2023-08-12 10:35:39.853000,-6.566265060240964,-0.26506024096385544,-7.253012048192772,-0.2035561005518087,-6.318209687308399,-6.99202942979767,3.0,0.32389832389832396,3087.388622344071,-22.158615465299224,-4.143697919701649,-27.9273935085368,1353.8461538461538,-1.0,77.55433710701747,0.3239550269391273,
2023-08-12 10:35:39.860000,-6.530120481927711,-0.2530120481927711,-7.301204819277109,-0.2158185162477008,-6.266707541385653,-6.962599632127529,3.0,0.32389832389832396,3087.388622344071,-21.39525668667327,-4.174232270846687,-26.90449274517802,1358.2417582417581,-1.0,77.55433710701747,0.323954748101077,
2023-08-12 10:35:39.868000,-6.542168674698796,-0.2530120481927711,-7.2771084337349405,-0.13979153893316984,-6.259350091968117,-6.977314530962599,3.0,0.32389832389832396,3087.388622344071,-20.90670706835266,-4.326904026571878,-25.683118699376493,1362.6373626373625,-1.0,77.55433710701747,0.32395443847981725,
2023-08-12 10:35:39.876000,-6.506024096385542,-0.24096385542168675,-7.313253012048193,-0.18393623543838136,-6.207847946045371,-7.016554261189454,3.0,0.32389832389832396,3087.388622344071,-20.09754676300915,-3.548278072373405,-25.331973661208554,1366.3003663003662,-1.0,77.55433710701747,0.3239540977380373,
2023-08-12 10:35:39.883000,-6.481927710843374,-0.24096385542168675,-7.337349397590362,-0.1912936848559166,-6.185775597792765,-6.984671980380135,3.0,0.32389832389832396,3087.388622344071,-19.761668900413728,-2.9375910494726414,-24.492279004720004,1369.9633699633698,-1.0,77.55433710701747,0.323953725508986,
2023-08-12 10:35:39.891000,-6.46987951807229,-0.24096385542168675,-7.325301204819278,-0.20846106683016552,-6.1931330472103,-7.0680564071122,3.0,0.32389832389832396,3087.388622344071,-19.318920808810674,-1.3650719655031758,-24.034263737544432,1375.8241758241757,-1.0,77.55433710701747,0.3239533216839932,
2023-08-12 10:35:39.899000,-6.457831325301205,-0.26506024096385544,-7.313253012048193,-0.19865113427345185,-6.251992642550582,-7.048436541998774,3.0,0.32389832389832396,3087.388622344071,-18.967775770642735,-0.6169803624497406,-23.805256103956644,1378.021978021978,-1.0,77.55433710701747,0.3239528862526261,
2023-08-12 10:35:39.906000,-6.457831325301205,-0.27710843373493976,-7.385542168674699,-0.2550582464745555,-6.210300429184549,-7.065603923973022,3.0,0.32434232434232435,3083.1622176591372,-18.296020045451897,-0.26583532428180173,-23.9273935085368,1377.2893772893772,-1.0,77.55433710701747,0.32395241917416556,
2023-08-12 10:35:39.914000,-6.46987951807229,-0.28915662650602414,-7.373493975903615,-0.26241569589209074,-6.178418148375229,-7.063151440833844,3.0,0.32389832389832396,3087.388622344071,-17.960142182856476,-0.4032399044344735,-24.1716683176971,1374.3589743589744,-1.0,77.55433710701747,0.32395192081364016,
2023-08-12 10:35:39.922000,-6.457831325301205,-0.28915662650602414,-7.385542168674699,-0.27467811158798283,-6.178418148375229,-7.119558553034947,3.0,0.32389832389832396,3087.388622344071,-17.486859740108386,-0.7849192937474506,-24.55334770701008,1367.032967032967,-1.0,77.55433710701747,0.3239513917925312,
2023-08-12 10:35:39.929000,-6.433734939759036,-0.3132530120481928,-7.433734939759036,-0.299202942979767,-6.188228080931943,-7.134273451870018,3.0,0.32389832389832396,3087.388622344071,-17.105180350795408,-0.5406444845871452,-24.70601946273527,1359.7069597069597,-1.0,77.55433710701747,0.3239508326801469,
2023-08-12 10:35:39.937000,-6.433734939759036,-0.3253012048192771,-7.445783132530121,-0.25260576333537704,-6.134273451870018,-7.1587982832618025,3.0,0.32345432345432346,3091.6266300617704,-16.70823378590991,-0.7391177670298933,-24.828156867315425,1347.985347985348,-1.0,77.55433710701747,0.32395024413177276,
2023-08-12 10:35:39.945000,-6.397590361445784,-0.3493975903614458,-7.46987951807229,-0.3163703249540159,-6.141630901287553,-7.183323114653587,3.0,0.32345432345432346,3091.6266300617704,-16.418157450032048,-0.7085834158848552,-25.01136297418565,1334.065934065934,-1.0,77.55433710701747,0.3239496267383776,
2023-08-12 10:35:39.952000,-6.373493975903615,-0.39759036144578314,-7.46987951807229,-0.30656039239730226,-6.1146535867565905,-7.20784794604537,3.0,0.32389832389832396,3087.388622344071,-16.418157450032048,-0.15896509527416816,-24.507546180292522,1321.6117216117216,-1.0,77.55433710701747,0.32394898100333863,
2023-08-12 10:35:39.960000,-6.36144578313253,-0.4096385542168675,-7.46987951807229,-0.34334763948497854,-6.060698957694665,-7.200490496627835,3.0,0.32389832389832396,3087.388622344071,-15.73113454926869,-0.5559116601596643,-24.644950760445195,1314.2857142857142,-1.0,77.55433710701747,0.32394830762700305,
2023-08-12 10:35:39.968000,-6.349397590361446,-0.39759036144578314,-7.506024096385542,-0.37522992029429797,-6.087676272225628,-7.190680564071122,3.0,0.32389832389832396,3087.388622344071,-15.73113454926869,-0.5864460113047025,-24.064798088689468,1309.1575091575091,-1.0,77.55433710701747,0.32394760752450746,
2023-08-12 10:35:39.975000,-6.349397590361446,-0.43373493975903615,-7.518072289156627,-0.3973022685469037,-6.05334150827713,-7.23973022685469,3.0,0.32389832389832396,3087.388622344071,-15.91434065613892,-0.5864460113047025,-23.54571411922382,1305.4945054945053,-1.0,77.55433710701747,0.3239468816840997,
2023-08-12 10:35:39.983000,-6.349397590361446,-0.46987951807228917,-7.530120481927711,-0.3727774371551195,-6.075413856529736,-7.25444512568976,3.0,0.32389832389832396,3087.388622344071,-15.670065846978614,-0.8612551716100459,-23.026630149758173,1302.5641025641025,-1.0,77.55433710701747,0.32394613102510783,
2023-08-12 10:35:39.991000,-6.373493975903615,-0.4819277108433735,-7.542168674698796,-0.44880441446965047,-6.1367259350091965,-7.315757204169221,3.0,0.32434232434232435,3083.1622176591372,-15.624264320261057,-0.06736204183905366,-22.828156867315425,1299.6336996336995,-1.0,77.55433710701747,0.32394535655345075,
2023-08-12 10:35:39.998000,-6.373493975903615,-0.5060240963855422,-7.602409638554217,-0.4659717964438994,-6.109748620478234,-7.352544451256898,3.0,0.32389832389832396,3087.388622344071,-15.960142182856478,-0.18949944641920632,-22.751820989452828,1297.4358974358975,-1.0,77.55433710701747,0.32394455963460733,
2023-08-12 10:35:40.006000,-6.433734939759036,-0.5180722891566265,-7.638554216867471,-0.3801348865726548,-6.1072961373390555,-7.352544451256898,3.0,0.32389832389832396,3087.388622344071,-15.654798671406095,-0.23530097313676357,-22.644950760445195,1295.970695970696,-1.0,77.55433710701747,0.32394374171286494,
2023-08-12 10:35:40.014000,-6.457831325301205,-0.5180722891566265,-7.626506024096386,-0.48313917841814835,-6.161250766400981,-7.359901900674433,3.0,0.32389832389832396,3087.388622344071,-16.387623098887012,-0.12843074412913,-22.110599615407025,1296.7032967032967,-1.0,77.55433710701747,0.3239429041480644,
2023-08-12 10:35:40.021000,-6.542168674698796,-0.5301204819277109,-7.626506024096386,-0.46842427958307786,-6.310852237890864,-7.337829552421827,3.0,0.32389832389832396,3087.388622344071,-16.387623098887012,-0.12843074412913,-22.110599615407025,1297.4358974358975,-1.0,77.55433710701747,0.32394204821120937,
2023-08-12 10:35:40.029000,-6.590361445783133,-0.49397590361445787,-7.602409638554217,-0.47087676272225626,-6.354996934396076,-7.369711833231146,3.0,0.32434232434232435,3083.1622176591372,-16.326554396596936,-0.2047666219917254,-22.20220266884214,1298.168498168498,-1.0,77.55433710701747,0.323941175238962,
2023-08-12 10:35:40.036000,-6.602409638554217,-0.46987951807228917,-7.590361445783133,-0.4095646842427958,-6.364806866952789,-7.281422440220723,3.0,0.32389832389832396,3087.388622344071,-16.647165083619836,0.3143173474739234,-22.278538546704738,1295.970695970696,-1.0,77.55433710701747,0.32394028690569426,
2023-08-12 10:35:40.044000,-6.602409638554217,-0.43373493975903615,-7.55421686746988,-0.42427958307786634,-6.28632740649908,-7.256897608828939,3.0,0.32389832389832396,3087.388622344071,-16.952508595070217,0.772332614649496,-22.797622516170385,1292.3076923076922,-1.0,77.55433710701747,0.3239393849419188,
2023-08-12 10:35:40.052000,-6.590361445783133,-0.4096385542168675,-7.46987951807229,-0.3531575720416922,-6.27161250766401,-7.190680564071122,3.0,0.32389832389832396,3087.388622344071,-16.799836839345026,0.32958452304644253,-23.164034729910842,1291.5750915750914,-1.0,77.55433710701747,0.3239384709703176,
2023-08-12 10:35:40.059000,-6.493975903614458,-0.39759036144578314,-7.385542168674699,-0.3114653586756591,-6.207847946045371,-7.0778663396689145,3.0,0.32389832389832396,3087.388622344071,-16.998310121787775,0.1769127673212517,-23.9273935085368,1293.040293040293,-1.0,77.55433710701747,0.32393754663949,
2023-08-12 10:35:40.067000,-6.325301204819278,-0.42168674698795183,-7.385542168674699,-0.3703249540159411,-6.026364193746168,-7.058246474555487,3.0,0.32389832389832396,3087.388622344071,-16.983042946215257,-1.395606316648214,-24.37014160013985,1295.970695970696,-1.0,77.55433710701747,0.32393661361881443,
2023-08-12 10:35:40.075000,-6.168674698795181,-0.46987951807228917,-7.385542168674699,-0.48559166155732675,-5.876762722256284,-7.021459227467811,3.0,0.32389832389832396,3087.388622344071,-16.463958976749606,-3.090262805197832,-23.942660684109317,1299.6336996336995,-1.0,77.55433710701747,0.3239356735931917,
2023-08-12 10:35:40.082000,-5.987951807228916,-0.5060240963855422,-7.421686746987953,-0.43408951563458,-5.685469037400368,-7.156345800122624,3.0,0.32389832389832396,3087.388622344071,-16.311287221024415,-3.945224637258901,-22.980828623040615,1303.2967032967033,-1.0,77.55433710701747,0.32393472825769837,
2023-08-12 10:35:40.090000,-5.891566265060241,-0.5421686746987953,-7.518072289156627,-0.6057633353770693,-5.582464745554874,-7.23973022685469,3.0,0.32345432345432346,3091.6266300617704,-15.868539129421363,-4.28110249985432,-21.22510343220092,1301.098901098901,-1.0,77.55433710701747,0.3239337793121691,
2023-08-12 10:35:40.098000,-5.879518072289157,-0.5783132530120483,-7.566265060240965,-0.5199264255058246,-5.606989576946658,-7.205395462906192,3.0,0.32389832389832396,3087.388622344071,-15.196783404230523,-3.8994231105413437,-18.996095798613133,1298.168498168498,-1.0,77.55433710701747,0.3239328283064423,
2023-08-12 10:35:40.105000,-5.927710843373494,-0.6265060240963856,-7.578313253012048,-0.6106683016554261,-5.648681790312692,-7.357449417535254,3.0,0.32389832389832396,3087.388622344071,-14.601363556902278,-1.6551483013810384,-16.85869121846046,1297.4358974358975,-1.0,77.55433710701747,0.3239318767622943,
2023-08-12 10:35:40.113000,-6.096385542168675,-0.6626506024096386,-7.638554216867471,-0.6327406499080318,-5.879215205395463,-7.328019619865113,3.0,0.32389832389832396,3087.388622344071,-14.55556203018472,0.1616455917487326,-15.56098129479634,1297.4358974358975,-1.0,77.55433710701747,0.32393092632690074,
2023-08-12 10:35:40.121000,-6.337349397590362,-0.6867469879518072,-7.626506024096386,-0.6817903126916002,-6.148988350705088,-7.328019619865113,3.0,0.32389832389832396,3087.388622344071,-14.128081114154186,2.253248645183847,-14.828156867315423,1298.168498168498,-1.0,77.55433710701747,0.3239299786284525,
2023-08-12 10:35:40.128000,-6.662650602409639,-0.6867469879518072,-7.638554216867471,-0.6327406499080318,-6.445738810545677,-7.401594114040465,3.0,0.32389832389832396,3087.388622344071,-14.647165083619836,4.6349280344968244,-14.87395839403298,1298.9010989010987,-1.0,77.55433710701747,0.32392903527058653,
2023-08-12 10:35:40.136000,-7.0,-0.6626506024096386,-7.626506024096386,-0.5836909871244634,-6.744941753525445,-7.367259350091968,3.0,0.32389832389832396,3087.388622344071,-14.387623098887012,6.2990501719014045,-15.927393508536797,1298.168498168498,-1.0,77.55433710701747,0.3239280978269042,
2023-08-12 10:35:40.144000,-7.2771084337349405,-0.5783132530120483,-7.542168674698796,-0.5469037400367872,-6.985285101164929,-7.288779889638258,3.0,0.32389832389832396,3087.388622344071,-14.41815745003205,7.688363149000641,-18.125866790979547,1299.6336996336995,-1.0,77.55433710701747,0.3239271678356051,
2023-08-12 10:35:40.151000,-7.385542168674699,-0.5180722891566265,-7.457831325301205,-0.4782342121397915,-7.098099325567136,-7.178418148375229,3.0,0.32389832389832396,3087.388622344071,-14.128081114154186,7.352485286405221,-21.71365305052153,1302.5641025641025,-1.0,77.55433710701747,0.3239262467942658,
2023-08-12 10:35:40.159000,-7.325301204819278,-0.49397590361445787,-7.373493975903615,-0.4512568976088289,-6.973022685469037,-7.05334150827713,3.0,0.32389832389832396,3087.388622344071,-14.143348289726706,5.444088339840335,-24.599149233727637,1305.4945054945053,-1.0,77.55433710701747,0.323925336016033,
2023-08-12 10:35:40.167000,-7.1325301204819285,-0.49397590361445787,-7.349397590361447,-0.4193746167995095,-6.81361128142244,-7.0410790925812385,3.0,0.32389832389832396,3087.388622344071,-13.624264320261057,1.4593555154128546,-27.102966027620766,1309.1575091575091,-1.0,77.55433710701747,0.32392443664513926,
2023-08-12 10:35:40.174000,-6.83132530120482,-0.5301204819277109,-7.349397590361447,-0.5346413243408952,-6.5340282035561,-7.009196811771918,3.0,0.32389832389832396,3087.388622344071,-13.273119282093118,-3.380339141075695,-27.71365305052153,1313.5531135531135,-1.0,77.55433710701747,0.3239235499389965,
2023-08-12 10:35:40.182000,-6.445783132530121,-0.5662650602409639,-7.373493975903615,-0.5616186388718577,-6.1587982832618025,-7.036174126302881,3.0,0.32389832389832396,3087.388622344071,-12.112813938581668,-7.868888759396305,-26.35487442456733,1317.216117216117,-1.0,77.55433710701747,0.32392267724230095,
2023-08-12 10:35:40.190000,-6.0361445783132535,-0.6265060240963856,-7.397590361445784,-0.5836909871244634,-5.7664009809932555,-7.060698957694665,3.0,0.32389832389832396,3087.388622344071,-10.983042946215257,-10.983392576190198,-23.51517976807878,1321.6117216117216,-1.0,77.55433710701747,0.3239218198339828,
2023-08-12 10:35:40.197000,-5.686746987951808,-0.6867469879518072,-7.457831325301205,-0.6817903126916002,-5.4034334763948495,-7.1514408338442665,3.0,0.32389832389832396,3087.388622344071,-10.219684167589302,-12.44904143115203,-19.530446943651302,1326.7399267399267,-1.0,77.55433710701747,0.32392097892372335,
2023-08-12 10:35:40.205000,-5.457831325301205,-0.7710843373493976,-7.530120481927711,-0.7112201103617413,-5.207234825260576,-7.1955855303494785,3.0,0.32389832389832396,3087.388622344071,-9.563195617970981,-11.410873492220732,-14.812889691742905,1329.6703296703297,-1.0,77.55433710701747,0.32392015564876436,
2023-08-12 10:35:40.213000,-5.397590361445784,-0.819277108433735,-7.566265060240965,-0.7480073574494175,-5.150827713059472,-7.281422440220723,3.0,0.32389832389832396,3087.388622344071,-9.2578521065206,-9.410873492220732,-9.591515645941378,1331.135531135531,-1.0,77.55433710701747,0.32391935107101943,
2023-08-12 10:35:40.220000,-5.506024096385542,-0.855421686746988,-7.55421686746988,-0.7946045370938074,-5.322501532801962,-7.301042305334151,3.0,0.32389832389832396,3087.388622344071,-9.456325388963348,-5.838354408251267,-5.484645416933745,1330.4029304029302,-1.0,77.55433710701747,0.32391856617449927,
2023-08-12 10:35:40.228000,-5.795180722891566,-0.8915662650602411,-7.614457831325302,-0.8657265481299815,-5.609442060085836,-7.296137339055794,3.0,0.32389832389832396,3087.388622344071,-9.547928442398462,-1.8383544082512673,-3.423576714643669,1326.007326007326,-1.0,77.55433710701747,0.3239178017243114,
2023-08-12 10:35:40.236000,-6.156626506024097,-0.9277108433734941,-7.590361445783133,-0.9662783568362967,-5.886572654812998,-7.335377069282648,3.0,0.32389832389832396,3087.388622344071,-10.40289027445953,2.0089738360235416,-3.3167064856360353,1321.6117216117216,-1.0,77.55433710701747,0.32391705842387014,
2023-08-12 10:35:40.243000,-6.518072289156627,-0.9277108433734941,-7.614457831325302,-0.9123237277743715,-6.251992642550582,-7.34763948497854,3.0,0.32345432345432346,3091.6266300617704,-10.662432259192355,5.016607423809801,-5.331973661208554,1314.2857142857142,-1.0,77.55433710701747,0.323916337040928,
2023-08-12 10:35:40.251000,-6.867469879518072,-0.8915662650602411,-7.638554216867471,-0.838749233599019,-6.575720416922134,-7.34763948497854,3.0,0.32389832389832396,3087.388622344071,-11.2578521065206,6.71126391235942,-8.996095798613133,1304.7619047619046,-1.0,77.55433710701747,0.32391563824669756,
2023-08-12 10:35:40.259000,-7.096385542168675,-0.7951807228915663,-7.638554216867471,-0.7553648068669527,-6.732679337829552,-7.34763948497854,3.0,0.32389832389832396,3087.388622344071,-11.486859740108386,7.993706660451022,-13.56098129479634,1294.5054945054944,-1.0,77.55433710701747,0.3239149625834447,
2023-08-12 10:35:40.266000,-7.228915662650603,-0.6987951807228916,-7.578313253012048,-0.6229307173513182,-6.791538933169834,-7.249540159411404,3.0,0.32389832389832396,3087.388622344071,-10.830371190490064,8.19217994289377,-18.660217936017713,1284.9816849816848,-1.0,77.55433710701747,0.3239143104954623,
2023-08-12 10:35:40.274000,-7.168674698795181,-0.6024096385542169,-7.506024096385542,-0.539546290619252,-6.744941753525445,-7.161250766400981,3.0,0.32389832389832396,3087.388622344071,-11.22731775537556,6.100576889458656,-24.034263737544432,1276.1904761904761,-1.0,77.55433710701747,0.32391368233922424,
2023-08-12 10:35:40.282000,-6.9397590361445785,-0.5060240963855422,-7.506024096385542,-0.43899448191293683,-6.575720416922134,-7.220110361741263,3.0,0.32389832389832396,3087.388622344071,-10.601363556902278,2.8181341413670533,-27.683118699376493,1268.131868131868,-1.0,77.55433710701747,0.3239130783833446,
2023-08-12 10:35:40.289000,-6.710843373493976,-0.45783132530120485,-7.493975903614459,-0.4071122011036174,-6.369711833231146,-7.183323114653587,3.0,0.32389832389832396,3087.388622344071,-10.143348289726706,-1.8994231105413437,-28.690752287162752,1265.2014652014652,-1.0,77.55433710701747,0.3239124988088776,
2023-08-12 10:35:40.297000,-6.421686746987952,-0.4096385542168675,-7.506024096385542,-0.41201716738197425,-6.05334150827713,-7.25444512568976,3.0,0.32389832389832396,3087.388622344071,-10.143348289726706,-1.8994231105413437,-28.690752287162752,1266.6666666666665,-1.0,77.55433710701747,0.3239119437099685,
2023-08-12 10:35:40.305000,-6.1325301204819285,-0.4096385542168675,-7.566265060240965,-0.40220723482526055,-5.91354996934396,-7.27161250766401,3.0,0.32389832389832396,3087.388622344071,-8.983042946215257,-5.807820057106229,-27.408309539071148,1271.7948717948716,-1.0,77.55433710701747,0.3239114130948372,
2023-08-12 10:35:40.312000,-5.855421686746988,-0.43373493975903615,-7.614457831325302,-0.34825260576333533,-5.675659104843654,-7.34763948497854,3.0,0.32389832389832396,3087.388622344071,-8.616630732474798,-8.372705553289435,-24.1716683176971,1278.3882783882782,-1.0,77.55433710701747,0.3239109068870974,
2023-08-12 10:35:40.320000,-5.72289156626506,-0.43373493975903615,-7.674698795180723,-0.3801348865726548,-5.52605763335377,-7.401594114040465,3.0,0.32389832389832396,3087.388622344071,-8.723500961482431,-8.616980362449741,-19.179301905483364,1290.10989010989,-1.0,77.55433710701747,0.32391042492740174,
2023-08-12 10:35:40.328000,-5.72289156626506,-0.45783132530120485,-7.698795180722892,-0.3850398528510116,-5.557939914163089,-7.406499080318822,3.0,0.32389832389832396,3087.388622344071,-8.73876813705495,-7.578812423518443,-13.728920226094049,1303.2967032967033,-1.0,77.55433710701747,0.3239099669754025,
2023-08-12 10:35:40.335000,-5.879518072289157,-0.46987951807228917,-7.698795180722892,-0.3825873697118332,-5.7737584304107905,-7.423666462293071,3.0,0.32389832389832396,3087.388622344071,-8.448691801177088,-5.013926927335237,-8.5686148825826,1317.216117216117,-1.0,77.55433710701747,0.3239095327120162,
2023-08-12 10:35:40.343000,-6.228915662650603,-0.5060240963855422,-7.771084337349398,-0.4512568976088289,-6.060698957694665,-7.504598405885959,3.0,0.32389832389832396,3087.388622344071,-9.471592564535866,-1.4566750189382902,-4.1869354932696226,1334.7985347985348,-1.0,77.55433710701747,0.32390912174198583,
2023-08-12 10:35:40.351000,-6.421686746987952,-0.5542168674698795,-7.662650602409639,-0.5419987737584304,-6.220110361741263,-7.42611894543225,3.0,0.32389832389832396,3087.388622344071,-9.395256686673271,-0.311636850999359,-2.2480041955596994,1355.3113553113553,-1.0,77.55433710701747,0.32390873345797105,
2023-08-12 10:35:40.358000,-6.807228915662651,-0.6144578313253012,-7.759036144578314,-0.640098099325567,-6.558553034947884,-7.475168608215818,3.0,0.32389832389832396,3087.388622344071,-9.990676534001516,8.329584523046442,-1.4999125925062644,1379.4871794871794,-1.0,77.55433710701747,0.32390836720278304,
2023-08-12 10:35:40.366000,-6.9397590361445785,-0.5662650602409639,-7.638554216867471,-0.5763335377069282,-6.605150214592275,-7.406499080318822,3.0,0.32389832389832396,3087.388622344071,-10.234951343161821,8.085309713886137,-4.828156867315424,1409.5238095238094,-1.0,77.55433710701747,0.32390802240035604,
2023-08-12 10:35:40.374000,-6.987951807228916,-0.5662650602409639,-7.542168674698796,-0.5199264255058246,-6.58062538320049,-7.259350091968117,3.0,0.32389832389832396,3087.388622344071,-11.303653633238156,11.367752461977739,-7.744187401666569,1443.2234432234432,-1.0,77.55433710701747,0.32390769841023986,
2023-08-12 10:35:40.381000,-6.91566265060241,-0.5783132530120483,-7.421686746987953,-0.49785407725321884,-6.590435315757204,-7.033721643163703,3.0,0.32389832389832396,3087.388622344071,-12.784569663772508,6.161645591748733,-12.38540877571237,1482.7838827838827,-1.0,77.55433710701747,0.3239073945316034,
2023-08-12 10:35:40.389000,-6.807228915662651,-0.5421686746987953,-7.36144578313253,-0.5321888412017167,-6.404046597179644,-7.001839362354383,3.0,0.32345432345432346,3091.6266300617704,-11.563195617970981,-0.2505681487092827,-15.438843890216187,1526.007326007326,-1.0,77.55433710701747,0.3239071098686825,
2023-08-12 10:35:40.397000,-6.626506024096386,-0.5783132530120483,-7.385542168674699,-0.5370938074800735,-6.227467811158798,-7.072961373390558,3.0,0.32345432345432346,3091.6266300617704,-10.815104014917546,-7.410873492220733,-18.767088165025346,1568.4981684981683,-1.0,77.55433710701747,0.32390684334498465,
2023-08-12 10:35:40.404000,-6.373493975903615,-0.674698795180723,-7.55421686746988,-0.6302881667688535,-6.001839362354383,-7.251992642550582,3.0,0.32389832389832396,3087.388622344071,-9.135714701940447,-12.586446011304702,-20.40067595128489,1613.9194139194137,-1.0,77.55433710701747,0.32390659381354786,
2023-08-12 10:35:40.412000,-6.156626506024097,-0.746987951807229,-7.771084337349398,-0.7161250766400981,-5.830165542611894,-7.48743102391171,3.0,0.32389832389832396,3087.388622344071,-7.563195617970981,-11.945224637258901,-20.38540877571237,1659.3406593406592,-1.0,77.55433710701747,0.32390636019884733,
2023-08-12 10:35:40.419000,-5.891566265060241,-0.7951807228915663,-7.91566265060241,-0.7774371551195585,-5.606989576946658,-7.690987124463519,3.0,0.32389832389832396,3087.388622344071,-5.960142182856477,-10.739117767029892,-19.42357671464367,1701.098901098901,-1.0,77.55433710701747,0.32390614152175,
2023-08-12 10:35:40.427000,-5.710843373493976,-0.8313253012048193,-7.9397590361445785,-0.8240343347639485,-5.393623543838136,-7.671367259350092,3.0,0.32389832389832396,3087.388622344071,-5.944875007283958,-9.227667385350504,-16.568614882582597,1736.263736263736,804.290771484375,74.59988616960729,0.3239059367654322,
2023-08-12 10:35:40.435000,-5.662650602409639,-0.8674698795180723,-7.951807228915663,-0.8289393010423053,-5.3740036787247085,-7.617412630288166,3.0,0.32389832389832396,3087.388622344071,-5.960142182856477,-8.036827690694015,-14.20220266884214,1762.6373626373625,-1.0,74.59988616960729,0.3239057447413729,
2023-08-12 10:35:40.442000,-5.807228915662651,-0.855421686746988,-7.855421686746988,-0.7529123237277743,-5.631514408338442,-7.504598405885959,3.0,0.32389832389832396,3087.388622344071,-6.616630732474798,-7.914690286113863,-11.316706485636034,1778.021978021978,-1.0,74.59988616960729,0.3239055641145244,
2023-08-12 10:35:40.450000,-6.1084337349397595,-0.819277108433735,-7.771084337349398,-0.7872470876762722,-5.893930104230533,-7.4996934396076025,3.0,0.32389832389832396,3087.388622344071,-8.005943709574035,-5.975758988403939,-9.05716450090321,1783.8827838827838,-1.0,74.59988616960729,0.3239053936948794,
2023-08-12 10:35:40.458000,-6.518072289156627,-0.819277108433735,-7.674698795180723,-0.7872470876762722,-6.293684855916616,-7.418761496014715,3.0,0.32389832389832396,3087.388622344071,-9.105180350795408,-2.8001864693199696,-8.690752287162752,1780.2197802197802,-1.0,74.59988616960729,0.3239052324208221,
2023-08-12 10:35:40.465000,-6.855421686746988,-0.8313253012048193,-7.566265060240965,-0.8068669527896996,-6.556100551808706,-7.301042305334151,3.0,0.32389832389832396,3087.388622344071,-10.372355923314492,0.8181341413670532,-10.629683584872677,1769.230769230769,-1.0,74.59988616960729,0.3239050792150492,
2023-08-12 10:35:40.473000,-7.060240963855422,-0.8433734939759037,-7.493975903614459,-0.8142244022072348,-6.72041692213366,-7.1661557326793375,3.0,0.32389832389832396,3087.388622344071,-11.24258493094808,2.619660858924305,-14.767088165025347,1751.6483516483515,-1.0,74.59988616960729,0.3239049329897559,
2023-08-12 10:35:40.481000,-7.024096385542169,-0.8433734939759037,-7.493975903614459,-0.8191293684855916,-6.666462293071735,-7.175965665236051,3.0,0.32434232434232435,3083.1622176591372,-11.822737602703805,0.4517219276265952,-18.40067595128489,1730.4029304029302,-1.0,74.59988616960729,0.32390479265175953,
2023-08-12 10:35:40.488000,-6.867469879518072,-0.8915662650602411,-7.518072289156627,-0.8461066830165542,-6.497240956468424,-7.278969957081545,3.0,0.32389832389832396,3087.388622344071,-12.509760503467165,-4.754384942602412,-21.973195035254356,1706.9597069597069,-1.0,74.59988616960729,0.3239046572568366,
2023-08-12 10:35:40.496000,-6.602409638554217,-0.9156626506024097,-7.578313253012048,-0.8927038626609441,-6.229920294297976,-7.301042305334151,3.0,0.32389832389832396,3087.388622344071,-12.815104014917546,-10.61698036244974,-23.255637783345957,1683.5164835164835,-1.0,74.59988616960729,0.3239045258872444,
2023-08-12 10:35:40.504000,-6.325301204819278,-0.9277108433734941,-7.650602409638554,-0.9074187614960146,-6.026364193746168,-7.359901900674433,3.0,0.32389832389832396,3087.388622344071,-13.013577297360294,-14.525377309014626,-22.21746984441466,1656.4102564102564,-1.0,74.59988616960729,0.323904397497596,
2023-08-12 10:35:40.511000,-6.0843373493975905,-0.9156626506024097,-7.72289156626506,-0.8853464132434089,-5.7590435315757205,-7.352544451256898,3.0,0.32389832389832396,3087.388622344071,-13.07464599965037,-15.3040032632131,-19.835790455101684,1627.8388278388277,-1.0,74.59988616960729,0.3239042710584606,
2023-08-12 10:35:40.519000,-5.91566265060241,-0.8795180722891567,-7.686746987951808,-0.8362967504598405,-5.629061925199264,-7.418761496014715,3.0,0.32389832389832396,3087.388622344071,-13.028844472932812,-12.93759104947264,-17.89685915739176,1600.0,-1.0,74.59988616960729,0.32390414556103764,
2023-08-12 10:35:40.527000,-5.867469879518072,-0.9759036144578314,-7.650602409638554,-0.9540159411404046,-5.6781115879828326,-7.369711833231146,3.0,0.32389832389832396,3087.388622344071,-14.799836839345026,-9.349804789930657,-13.515179768078783,1572.161172161172,-1.0,74.59988616960729,0.3239040200216375,
2023-08-12 10:35:40.534000,-6.0120481927710845,-0.8313253012048193,-7.566265060240965,-0.7529123237277743,-5.66584917228694,-7.234825260576333,3.0,0.32389832389832396,3087.388622344071,-15.5784627935435,-5.334537614358138,-10.87395839403298,1547.985347985348,-1.0,74.59988616960729,0.3239038934859454,
2023-08-12 10:35:40.542000,-6.204819277108434,-0.6867469879518072,-7.457831325301205,-0.5935009196811771,-5.982219497240957,-7.0999386879215205,3.0,0.32389832389832396,3087.388622344071,-14.784569663772508,-2.3421712021443972,-11.286172134490997,1523.8095238095236,-1.0,74.59988616960729,0.32390376503305246,
2023-08-12 10:35:40.550000,-6.518072289156627,-0.6265060240963856,-7.385542168674699,-0.5714285714285714,-6.377069282648681,-7.134273451870018,3.0,0.32389832389832396,3087.388622344071,-16.158615465299224,-0.876522347182565,-10.5686148825826,1499.6336996336995,-1.0,74.59988616960729,0.3239036337792392,
2023-08-12 10:35:40.557000,-6.807228915662651,-0.6144578313253012,-7.337349397590362,-0.5248313917841815,-6.61250766400981,-6.977314530962599,3.0,0.32389832389832396,3087.388622344071,-16.9372414194977,0.03950818716857993,-10.797622516170385,1474.7252747252746,-1.0,74.59988616960729,0.32390349902024357,
2023-08-12 10:35:40.565000,-7.0120481927710845,-0.6265060240963856,-7.301204819277109,-0.5469037400367872,-6.715511955855303,-6.977314530962599,3.0,0.32389832389832396,3087.388622344071,-16.20441699201678,0.4059204009090379,-12.782355340597867,1450.5494505494505,-1.0,74.59988616960729,0.32390336007537546,
2023-08-12 10:35:40.573000,-7.096385542168675,-0.6144578313253012,-7.228915662650603,-0.5787860208461066,-6.759656652360515,-6.8988350705088894,3.0,0.32389832389832396,3087.388622344071,-16.20441699201678,0.4059204009090379,-12.782355340597867,1427.106227106227,-1.0,74.59988616960729,0.3239032161628568,
2023-08-12 10:35:40.580000,-7.048192771084338,-0.5542168674698795,-7.228915662650603,-0.4463519313304721,-6.740036787247087,-6.925812385039852,3.0,0.32389832389832396,3087.388622344071,-15.776936075986248,0.8792028436571295,-15.072431676475729,1405.8608058608058,-1.0,74.59988616960729,0.32390306655157813,
2023-08-12 10:35:40.588000,-6.975903614457832,-0.4819277108433735,-7.228915662650603,-0.463519313304721,-6.634580012262416,-6.908645003065604,3.0,0.32389832389832396,3087.388622344071,-14.860905541635104,0.39065322533651886,-17.652584348231454,1385.3479853479853,-1.0,74.59988616960729,0.3239029104245036,
2023-08-12 10:35:40.596000,-6.807228915662651,-0.4096385542168675,-7.240963855421687,-0.3163703249540159,-6.617412630288166,-6.901287553648069,3.0,0.32389832389832396,3087.388622344071,-14.097546763009149,-1.2887360876405802,-18.828156867315425,1365.5677655677655,-1.0,74.59988616960729,0.32390274703964905,
2023-08-12 10:35:40.603000,-6.674698795180723,-0.3855421686746988,-7.228915662650603,-0.29675045984058857,-6.404046597179644,-6.916002452483139,3.0,0.32389832389832396,3087.388622344071,-13.471592564535866,-2.907056698327603,-18.507546180292522,1347.2527472527472,-1.0,74.59988616960729,0.32390257572048503,
2023-08-12 10:35:40.611000,-6.518072289156627,-0.3373493975903615,-7.216867469879518,-0.2452483139178418,-6.2323727774371545,-6.938074800735745,3.0,0.32389832389832396,3087.388622344071,-12.158615465299226,-4.311636850999359,-16.782355340597867,1331.135531135531,-1.0,74.59988616960729,0.3239023958671983,
2023-08-12 10:35:40.619000,-6.397590361445784,-0.3132530120481928,-7.228915662650603,-0.25015328019619865,-6.185775597792765,-6.893930104230533,3.0,0.32389832389832396,3087.388622344071,-11.349455159955713,-5.212400209777985,-15.072431676475729,1318.6813186813185,-1.0,74.59988616960729,0.3239022070854233,
2023-08-12 10:35:40.626000,-6.349397590361446,-0.3253012048192771,-7.2048192771084345,-0.21336603310852237,-6.097486204782342,-6.94543225015328,3.0,0.32389832389832396,3087.388622344071,-10.40289027445953,-4.769652118174931,-12.415943126857409,1306.9597069597069,-1.0,74.59988616960729,0.3239020090379574,
2023-08-12 10:35:40.634000,-6.313253012048193,-0.3253012048192771,-7.2048192771084345,-0.2673206621704476,-6.117106069895769,-6.815450643776824,3.0,0.32389832389832396,3087.388622344071,-9.303653633238156,-3.1360643319153896,-9.957927859681837,1299.6336996336995,-1.0,74.59988616960729,0.32390180130671675,
2023-08-12 10:35:40.642000,-6.397590361445784,-0.3253012048192771,-7.2048192771084345,-0.3139178418148375,-6.171060698957694,-6.862047823421213,3.0,0.32389832389832396,3087.388622344071,-8.860905541635104,-2.0368276906940155,-7.591515645941378,1295.2380952380952,-1.0,74.59988616960729,0.3239015835522655,
2023-08-12 10:35:40.649000,-6.46987951807229,-0.3373493975903615,-7.156626506024097,-0.2673206621704476,-6.1931330472103,-6.844880441446965,3.0,0.32389832389832396,3087.388622344071,-8.097546763009149,-0.7696521181749315,-5.851057630674203,1293.040293040293,-1.0,74.59988616960729,0.3239013556415346,
2023-08-12 10:35:40.657000,-6.578313253012048,-0.3493975903614458,-7.156626506024097,-0.27467811158798283,-6.303494788473329,-6.896382587369711,3.0,0.32389832389832396,3087.388622344071,-7.731134549268691,0.29905017190140437,-4.950294271895577,1290.8424908424909,-1.0,74.59988616960729,0.32390111735978583,
2023-08-12 10:35:40.665000,-6.626506024096386,-0.39759036144578314,-7.168674698795181,-0.3237277743715512,-6.37952176578786,-6.918454935622317,3.0,0.32389832389832396,3087.388622344071,-7.08991317522289,1.5967600955655263,-4.40067595128489,1287.9120879120878,-1.0,74.59988616960729,0.3239008685694629,
2023-08-12 10:35:40.672000,-6.674698795180723,-0.43373493975903615,-7.228915662650603,-0.38994481912936846,-6.342734518700183,-6.911097486204782,3.0,0.32389832389832396,3087.388622344071,-6.6624322591923555,2.3906532253365187,-4.675485111590233,1287.179487179487,-1.0,74.59988616960729,0.3239006091984967,
2023-08-12 10:35:40.680000,-6.650602409638554,-0.4819277108433735,-7.289156626506024,-0.41692213366033104,-6.303494788473329,-6.950337216431636,3.0,0.32389832389832396,3087.388622344071,-6.540294854612203,3.154012003962473,-5.805256103956645,1288.6446886446886,-1.0,74.59988616960729,0.32390033911075883,
2023-08-12 10:35:40.688000,-6.566265060240964,-0.5060240963855422,-7.325301204819278,-0.4880441446965052,-6.256897608828939,-6.989576946658492,3.0,0.32434232434232435,3083.1622176591372,-5.349455159955714,3.016607423809801,-6.721286638307791,1290.10989010989,-1.0,74.59988616960729,0.3239000583919064,
2023-08-12 10:35:40.695000,-6.46987951807229,-0.5421686746987953,-7.36144578313253,-0.5248313917841815,-6.124463519313305,-7.033721643163703,3.0,0.32389832389832396,3087.388622344071,-5.135714701940447,2.8944700192296486,-7.759454577239088,1292.3076923076922,-1.0,74.59988616960729,0.32389976747604105,
2023-08-12 10:35:40.703000,-6.349397590361446,-0.5662650602409639,-7.373493975903615,-0.5910484365419988,-6.058246474555487,-7.080318822808093,3.0,0.32389832389832396,3087.388622344071,-3.9601421828564773,1.9784394848785036,-8.538080531437561,1292.3076923076922,-1.0,74.59988616960729,0.32389946686799387,
2023-08-12 10:35:40.711000,-6.265060240963856,-0.6144578313253012,-7.409638554216868,-0.568976088289393,-6.019006744328633,-7.148988350705088,3.0,0.32389832389832396,3087.388622344071,-3.8074704271312867,1.6272944467105646,-8.690752287162752,1293.7728937728937,-1.0,74.59988616960729,0.3238991569831462,
2023-08-12 10:35:40.718000,-6.228915662650603,-0.6626506024096386,-7.457831325301205,-0.5640711220110362,-5.91354996934396,-7.148988350705088,3.0,0.32389832389832396,3087.388622344071,-2.8761727172076226,0.8944700192296486,-7.957927859681837,1295.2380952380952,-1.0,74.59988616960729,0.3238988382848895,
2023-08-12 10:35:40.726000,-6.204819277108434,-0.674698795180723,-7.481927710843374,-0.6033108522378908,-5.8399754751686075,-7.161250766400981,3.0,0.32389832389832396,3087.388622344071,-2.647165083619836,1.1082104772449157,-7.88159198181924,1297.4358974358975,-1.0,74.59988616960729,0.3238985112831073,
2023-08-12 10:35:40.734000,-6.204819277108434,-0.6987951807228916,-7.530120481927711,-0.7529123237277743,-5.89883507050889,-7.229920294297976,3.0,0.32389832389832396,3087.388622344071,-2.1280811141541873,0.8639356680846104,-7.683118699376493,1297.4358974358975,-1.0,74.59988616960729,0.32389817653243086,
2023-08-12 10:35:40.741000,-6.216867469879518,-0.746987951807229,-7.590361445783133,-0.7700797057020232,-5.933169834457388,-7.281422440220723,3.0,0.32389832389832396,3087.388622344071,-2.265485694306859,1.0929433016723966,-7.316706485636034,1296.7032967032967,-1.0,74.59988616960729,0.32389783463028105,
2023-08-12 10:35:40.749000,-6.228915662650603,-0.7951807228915663,-7.590361445783133,-0.7553648068669527,-5.881667688534641,-7.301042305334151,3.0,0.32389832389832396,3087.388622344071,-2.570829205757241,1.138744828389954,-7.148767554338325,1297.4358974358975,-1.0,74.59988616960729,0.32389748621470277,
2023-08-12 10:35:40.757000,-6.253012048192772,-0.7951807228915663,-7.55421686746988,-0.7553648068669527,-5.962599632127529,-7.301042305334151,3.0,0.32389832389832396,3087.388622344071,-2.8761727172076226,1.505157042130412,-7.5304469436513015,1298.168498168498,-1.0,74.59988616960729,0.32389713196200526,
2023-08-12 10:35:40.764000,-6.27710843373494,-0.8433734939759037,-7.566265060240965,-0.7823421213979154,-5.984671980380135,-7.305947271612507,3.0,0.32389832389832396,3087.388622344071,-3.166249053085485,1.6730959734281219,-7.957927859681837,1298.9010989010987,-1.0,74.59988616960729,0.32389677244547044,
2023-08-12 10:35:40.772000,-6.313253012048193,-0.8795180722891567,-7.590361445783133,-0.8632740649908032,-5.984671980380135,-7.296137339055794,3.0,0.32389832389832396,3087.388622344071,-4.112813938581668,2.466989103199114,-8.446477478002446,1301.098901098901,-1.0,74.59988616960729,0.3238964082917667,
2023-08-12 10:35:40.780000,-6.313253012048193,-0.8674698795180723,-7.55421686746988,-0.8240343347639485,-6.043531575720417,-7.296137339055794,3.0,0.32389832389832396,3087.388622344071,-4.631897908047317,3.1234776528174346,-9.255637783345959,1304.0293040293038,-1.0,74.59988616960729,0.3238960403056919,
2023-08-12 10:35:40.787000,-6.313253012048193,-0.8674698795180723,-7.55421686746988,-0.8044144696505211,-6.033721643163703,-7.305947271612507,3.0,0.32389832389832396,3087.388622344071,-5.3341879843831945,3.718897500145679,-10.263271371132218,1305.4945054945053,-1.0,74.59988616960729,0.32389566917931395,
2023-08-12 10:35:40.795000,-6.337349397590362,-0.8674698795180723,-7.578313253012048,-0.8657265481299815,-6.090128755364806,-7.325567136725935,3.0,0.32389832389832396,3087.388622344071,-5.7769360759862485,3.9326379581609463,-10.5686148825826,1305.4945054945053,-1.0,74.59988616960729,0.3238952956481552,
2023-08-12 10:35:40.802000,-6.397590361445784,-0.855421686746988,-7.602409638554217,-0.7847946045370937,-6.1146535867565905,-7.352544451256898,3.0,0.32389832389832396,3087.388622344071,-6.433424625604569,4.451721927626595,-10.5686148825826,1303.2967032967033,-1.0,74.59988616960729,0.32389492061574715,
2023-08-12 10:35:40.810000,-6.409638554216868,-0.8313253012048193,-7.626506024096386,-0.7676272225628449,-6.109748620478234,-7.408951563458001,3.0,0.32389832389832396,3087.388622344071,-7.166249053085485,4.619660858924305,-10.843424042887943,1299.6336996336995,-1.0,74.59988616960729,0.32389454500137393,
2023-08-12 10:35:40.818000,-6.46987951807229,-0.819277108433735,-7.674698795180723,-0.7259350091968118,-6.180870631514408,-7.406499080318822,3.0,0.32389832389832396,3087.388622344071,-7.4410582133908285,5.734164675718198,-10.660217936017714,1293.7728937728937,-1.0,74.59988616960729,0.3238941697370236,
2023-08-12 10:35:40.825000,-6.481927710843374,-0.7590361445783133,-7.650602409638554,-0.7431023911710607,-6.156345800122624,-7.386879215205395,3.0,0.32389832389832396,3087.388622344071,-7.74640172484121,6.024241011596061,-10.675485111590232,1288.6446886446886,-1.0,74.59988616960729,0.3238937957642654,
2023-08-12 10:35:40.833000,-6.46987951807229,-0.7349397590361446,-7.638554216867471,-0.6989576946658491,-6.242182709993869,-7.369711833231146,3.0,0.32389832389832396,3087.388622344071,-7.74640172484121,6.772332614649495,-10.171668317697103,1285.7142857142856,-1.0,74.59988616960729,0.3238934240310664,
2023-08-12 10:35:40.841000,-6.481927710843374,-0.674698795180723,-7.590361445783133,-0.6302881667688535,-6.2029429797670135,-7.296137339055794,3.0,0.32389832389832396,3087.388622344071,-7.4410582133908285,6.329584523046442,-9.912126332964279,1286.4468864468863,-1.0,74.59988616960729,0.3238930554885597,
2023-08-12 10:35:40.848000,-6.46987951807229,-0.6385542168674699,-7.542168674698796,-0.5885959534028203,-6.212752912323728,-7.215205395462906,3.0,0.32389832389832396,3087.388622344071,-7.4410582133908285,6.329584523046442,-9.912126332964279,1286.4468864468863,-1.0,74.59988616960729,0.3238926910877793,
2023-08-12 10:35:40.856000,-6.493975903614458,-0.6024096385542169,-7.481927710843374,-0.5444512568976088,-6.178418148375229,-7.1955855303494785,3.0,0.32345432345432346,3091.6266300617704,-7.395256686673271,5.841034904725832,-9.286172134490997,1285.7142857142856,-1.0,74.59988616960729,0.32389233177637455,
2023-08-12 10:35:40.864000,-6.457831325301205,-0.5421686746987953,-7.445783132530121,-0.43899448191293683,-6.1955855303494785,-7.112201103617412,3.0,0.32389832389832396,3087.388622344071,-7.502126915680905,5.03187459938232,-8.980828623040615,1284.9816849816848,-1.0,74.59988616960729,0.3238919783460252,
2023-08-12 10:35:40.871000,-6.421686746987952,-0.5060240963855422,-7.385542168674699,-0.4512568976088289,-6.148988350705088,-7.109748620478234,3.0,0.32389832389832396,3087.388622344071,-6.616630732474798,4.451721927626595,-8.415943126857409,1284.9816849816848,-1.0,74.59988616960729,0.32389163155657463,
2023-08-12 10:35:40.879000,-6.457831325301205,-0.4819277108433735,-7.385542168674699,-0.45861434702636417,-6.180870631514408,-7.095033721643163,3.0,0.32389832389832396,3087.388622344071,-6.341821572169454,4.054775362741099,-7.606782821513897,1284.9816849816848,-1.0,74.59988616960729,0.3238912922917068,
2023-08-12 10:35:40.887000,-6.385542168674699,-0.49397590361445787,-7.385542168674699,-0.47087676272225626,-6.168608215818516,-7.082771305947271,3.0,0.32389832389832396,3087.388622344071,-6.051745236291592,3.7952333780082745,-7.454111065788706,1287.179487179487,-1.0,74.59988616960729,0.3238909612780373,
2023-08-12 10:35:40.894000,-6.385542168674699,-0.5060240963855422,-7.409638554216868,-0.45616186388718577,-6.13182096873084,-7.065603923973022,3.0,0.32389832389832396,3087.388622344071,-5.364722335528233,4.161645591748733,-6.446477478002447,1289.3772893772893,-1.0,74.59988616960729,0.3238906392408921,
2023-08-12 10:35:40.902000,-6.36144578313253,-0.5060240963855422,-7.373493975903615,-0.42427958307786634,-6.082771305947271,-7.019006744328633,3.0,0.32389832389832396,3087.388622344071,-4.90670706835266,4.100576889458656,-5.622049997086417,1290.10989010989,-1.0,74.59988616960729,0.32389032702864373,
2023-08-12 10:35:40.910000,-6.36144578313253,-0.4819277108433735,-7.337349397590362,-0.38994481912936846,-6.1293684855916615,-7.016554261189454,3.0,0.32389832389832396,3087.388622344071,-4.051745236291592,4.253248645183847,-5.209836256628401,1287.179487179487,-1.0,74.59988616960729,0.32389002546043133,
2023-08-12 10:35:40.917000,-6.373493975903615,-0.45783132530120485,-7.313253012048193,-0.3654199877375843,-6.168608215818516,-7.001839362354383,3.0,0.32389832389832396,3087.388622344071,-3.532661266825943,5.459355515412854,-4.461744653574966,1282.7838827838827,-1.0,74.59988616960729,0.32388973532327925,
2023-08-12 10:35:40.925000,-6.385542168674699,-0.42168674698795183,-7.313253012048193,-0.37522992029429797,-6.14653586756591,-6.987124463519313,3.0,0.32389832389832396,3087.388622344071,-2.7082337859099126,7.001340248237282,-3.7441874016665695,1282.051282051282,-1.0,74.59988616960729,0.32388945736933256,
2023-08-12 10:35:40.933000,-6.385542168674699,-0.3614457831325301,-7.301204819277109,-0.31882280809319435,-6.095033721643164,-7.033721643163703,3.0,0.32389832389832396,3087.388622344071,-2.1586154652992255,8.36011887419148,-3.3625080123535924,1282.7838827838827,-1.0,74.59988616960729,0.3238891923132257,
2023-08-12 10:35:40.940000,-6.349397590361446,-0.3734939759036145,-7.337349397590362,-0.2844880441446965,-6.0705088902513795,-7.001839362354383,3.0,0.32389832389832396,3087.388622344071,-1.4563253889633476,9.84103490472583,-2.858691218460463,1282.7838827838827,-1.0,74.59988616960729,0.3238889408295916,
2023-08-12 10:35:40.948000,-6.349397590361446,-0.39759036144578314,-7.373493975903615,-0.3973022685469037,-6.087676272225628,-7.13182096873084,3.0,0.32389832389832396,3087.388622344071,-0.2807528698793783,11.291416584115144,-2.339607248994814,1283.5164835164835,-1.0,74.59988616960729,0.32388870355072297,
2023-08-12 10:35:40.956000,-6.337349397590362,-0.43373493975903615,-7.506024096385542,-0.3408951563458001,-6.0778663396689145,-7.234825260576333,3.0,0.32389832389832396,3087.388622344071,0.45207155760153767,12.161645591748732,-2.0800652642619895,1283.5164835164835,-1.0,74.59988616960729,0.32388848106439744,
2023-08-12 10:35:40.963000,-6.289156626506024,-0.42168674698795183,-7.55421686746988,-0.4071122011036174,-6.043531575720417,-7.25444512568976,3.0,0.32389832389832396,3087.388622344071,1.3833692675252018,12.604393683351786,-0.721286638307791,1282.051282051282,-1.0,74.59988616960729,0.3238882739118755,
2023-08-12 10:35:40.971000,-6.27710843373494,-0.43373493975903615,-7.602409638554217,-0.38994481912936846,-6.095033721643164,-7.323114653586757,3.0,0.32389832389832396,3087.388622344071,2.131460870578637,12.52805780548919,-0.17166831769710406,1278.3882783882782,-1.0,74.59988616960729,0.3238880825860772,
2023-08-12 10:35:40.979000,-6.27710843373494,-0.45783132530120485,-7.614457831325302,-0.43899448191293683,-6.00674432863274,-7.315757204169221,3.0,0.32389832389832396,3087.388622344071,2.8184837713419957,12.283782996328885,1.0802400792494609,1275.4578754578754,-1.0,74.59988616960729,0.32388790752995006,
2023-08-12 10:35:40.986000,-6.27710843373494,-0.44578313253012053,-7.638554216867471,-0.3825873697118332,-6.087676272225628,-7.342734518700183,3.0,0.32389832389832396,3087.388622344071,4.024590641571003,12.146378416176214,2.2863469494784683,1271.7948717948716,-1.0,74.59988616960729,0.323887749135032,
2023-08-12 10:35:40.994000,-6.313253012048193,-0.43373493975903615,-7.686746987951808,-0.4193746167995095,-6.060698957694665,-7.475168608215818,3.0,0.32389832389832396,3087.388622344071,4.40627003088398,11.886836431443388,2.7443622166540407,1267.3992673992673,-1.0,74.59988616960729,0.3238876077402153,
2023-08-12 10:35:41.002000,-6.313253012048193,-0.46987951807228917,-7.734939759036145,-0.3973022685469037,-6.045984058859595,-7.502145922746781,3.0,0.32389832389832396,3087.388622344071,4.91008682477711,11.337218110832701,3.3703164151273235,1263.7362637362637,-1.0,74.59988616960729,0.32388748363071834,
2023-08-12 10:35:41.009000,-6.337349397590362,-0.5180722891566265,-7.807228915662651,-0.4071122011036174,-6.048436541998774,-7.578172900061312,3.0,0.32345432345432346,3091.6266300617704,5.07802575607482,10.6959967367869,3.4161179418448806,1260.8058608058607,-1.0,74.59988616960729,0.32388737703726833,
2023-08-12 10:35:41.017000,-6.36144578313253,-0.5662650602409639,-7.891566265060241,-0.5052115266707541,-6.028816676885346,-7.605150214592275,3.0,0.32389832389832396,3087.388622344071,5.276499038517568,10.558592156634228,3.614591224287629,1260.8058608058607,-1.0,74.59988616960729,0.32388728812495476,
2023-08-12 10:35:41.025000,-6.325301204819278,-0.6265060240963856,-7.903614457831326,-0.5861434702636419,-6.031269160024524,-7.605150214592275,3.0,0.32389832389832396,3087.388622344071,5.322300565235126,10.253248645183847,3.522988170852514,1260.07326007326,-1.0,74.59988616960729,0.3238872169611319,
2023-08-12 10:35:41.032000,-6.301204819277109,-0.6626506024096386,-8.012048192771084,-0.6082158185162476,-5.999386879215205,-7.757204169221336,3.0,0.32389832389832396,3087.388622344071,5.169628809509934,9.474622690985374,3.019171376959384,1261.5384615384614,-1.0,74.59988616960729,0.32388716354657454,
2023-08-12 10:35:41.040000,-6.253012048192772,-0.6987951807228916,-8.012048192771084,-0.5935009196811771,-5.925812385039853,-7.779276517473942,3.0,0.32389832389832396,3087.388622344071,5.200163160654973,8.848668492512092,3.0802400792494606,1264.4688644688645,-1.0,74.59988616960729,0.3238871278256907,
2023-08-12 10:35:41.048000,-6.240963855421687,-0.674698795180723,-8.048192771084338,-0.6548129981606376,-5.884120171673819,-7.808706315144083,3.0,0.32389832389832396,3087.388622344071,5.07802575607482,8.039508187168579,2.774896567799079,1268.131868131868,-1.0,74.59988616960729,0.32388710968641643,
2023-08-12 10:35:41.055000,-6.204819277108434,-0.6987951807228916,-8.036144578313253,-0.6744328632740649,-5.891477621091354,-7.8038013488657265,3.0,0.32389832389832396,3087.388622344071,4.986422702639706,7.047141774954839,2.8206980945166364,1273.260073260073,-1.0,74.59988616960729,0.3238871089603375,
2023-08-12 10:35:41.063000,-6.204819277108434,-0.7349397590361446,-8.048192771084338,-0.733292458614347,-5.8326180257510725,-7.771919068056406,3.0,0.32389832389832396,3087.388622344071,5.215430336227492,5.718897500145679,2.637491987646407,1276.923076923077,-1.0,74.59988616960729,0.32388712542304554,
2023-08-12 10:35:41.071000,-6.168674698795181,-0.7710843373493976,-8.048192771084338,-0.8117719190680563,-5.844880441446965,-7.762109135499693,3.0,0.32389832389832396,3087.388622344071,5.0016898782122245,4.757065439076976,1.9810034380280868,1278.3882783882782,-1.0,74.59988616960729,0.32388715879472263,
2023-08-12 10:35:41.078000,-6.1807228915662655,-0.783132530120482,-8.024096385542169,-0.7578172900061312,-5.844880441446965,-7.764561618638871,3.0,0.32389832389832396,3087.388622344071,4.711613542334362,3.169279179534992,1.5993240487151097,1277.6556776556777,-1.0,74.59988616960729,0.32388720874095667,
2023-08-12 10:35:41.086000,-6.156626506024097,-0.8313253012048193,-8.024096385542169,-0.7847946045370937,-5.89883507050889,-7.749846719803801,3.0,0.32389832389832396,3087.388622344071,4.391002855311461,1.0013402482372822,1.477186644134957,1279.120879120879,-1.0,74.59988616960729,0.3238872748737876,
2023-08-12 10:35:41.094000,-6.120481927710844,-0.8674698795180723,-8.0,-0.7798896382587369,-5.820355610055181,-7.705702023298589,3.0,0.32389832389832396,3087.388622344071,4.100926519433599,-0.9681254006176796,0.8054309189441172,1284.2490842490843,-1.0,74.59988616960729,0.32388735675297653,
2023-08-12 10:35:41.101000,-6.0843373493975905,-0.8915662650602411,-8.048192771084338,-0.9368485591661557,-5.79092581238504,-7.769466584917228,3.0,0.32389832389832396,3087.388622344071,3.8566517102732933,-2.922323873900122,0.27107977390594934,1293.040293040293,-1.0,74.59988616960729,0.32388745388749896,
2023-08-12 10:35:41.109000,-6.0361445783132535,-0.9277108433734941,-8.036144578313253,-0.8877988963825874,-5.690374003678724,-7.8038013488657265,3.0,0.32389832389832396,3087.388622344071,3.58184254996795,-4.2658353242818015,-0.26327137113221855,1307.6923076923076,-1.0,74.59988616960729,0.3238875657372532,
2023-08-12 10:35:41.117000,-6.0,-0.9518072289156627,-8.012048192771084,-0.9221336603310851,-5.602084610668301,-7.744941753525444,3.0,0.32389832389832396,3087.388622344071,3.1848959850824534,-4.46430860672455,-0.08006526426198957,1328.937728937729,-1.0,74.59988616960729,0.32388769171498033,
2023-08-12 10:35:41.124000,-5.9397590361445785,-0.9879518072289157,-7.963855421686747,-0.956468424279583,-5.592274678111588,-7.75229920294298,3.0,0.32389832389832396,3087.388622344071,3.1848959850824534,-4.46430860672455,-0.08006526426198957,1356.7765567765566,-1.0,74.59988616960729,0.3238878311883857,
2023-08-12 10:35:41.132000,-5.903614457831326,-0.9879518072289157,-7.963855421686747,-0.9662783568362967,-5.594727161250766,-7.659104843654199,3.0,0.32389832389832396,3087.388622344071,2.513140259891614,-4.357438377716916,-0.7060194627352719,1390.4761904761904,-1.0,74.59988616960729,0.3238879834824556,
2023-08-12 10:35:41.140000,-5.879518072289157,-1.036144578313253,-7.927710843373494,-1.0251379521765787,-5.560392397302269,-7.695892090741876,3.0,0.32389832389832396,3087.388622344071,1.7497814812656598,-4.739117767029893,-1.0876988520482491,1430.7692307692307,-1.0,74.59988616960729,0.32388814788196024,
2023-08-12 10:35:41.147000,-5.903614457831326,-1.0481927710843375,-7.903614457831326,-1.0374003678724708,-5.567749846719804,-7.649294911097486,3.0,0.32389832389832396,3087.388622344071,1.2001631606549727,-4.4795757822970685,-1.2251034322009209,1477.6556776556777,-1.0,74.59988616960729,0.32388832363412934,
2023-08-12 10:35:41.155000,-5.91566265060241,-1.072289156626506,-7.879518072289157,-1.074187614960147,-5.594727161250766,-7.610055180870631,3.0,0.32389832389832396,3087.388622344071,0.6810791911893239,-4.204766621991725,-1.2098362566284018,1527.4725274725274,-1.0,74.59988616960729,0.32388850995149343,
2023-08-12 10:35:41.162000,-5.963855421686747,-1.0963855421686748,-7.843373493975904,-1.0128755364806867,-5.609442060085836,-7.5659104843654195,3.0,0.32389832389832396,3087.388622344071,0.009323465998484274,-3.5635452479459238,-1.7289202260940506,1576.5567765567764,-1.0,74.59988616960729,0.32388870601487485,
2023-08-12 10:35:41.170000,-6.0,-1.1204819277108435,-7.807228915662651,-1.0987124463519313,-5.663396689147762,-7.5340282035561,3.0,0.32389832389832396,3087.388622344071,-0.5860963813297599,-3.1360643319153896,-2.751820989452829,1621.9780219780218,-1.0,74.59988616960729,0.3238889111152683,
2023-08-12 10:35:41.178000,-6.024096385542169,-1.1204819277108435,-7.83132530120482,-1.1060698957694666,-5.7075413856529735,-7.5659104843654195,3.0,0.32389832389832396,3087.388622344071,-1.1662490530854852,-3.7009498280985955,-3.255637783345959,1663.7362637362637,-1.0,74.59988616960729,0.3238891244979656,
2023-08-12 10:35:41.185000,-6.048192771084338,-1.144578313253012,-7.843373493975904,-1.1183323114653587,-5.783568362967504,-7.5291232372777435,3.0,0.32389832389832396,3087.388622344071,-1.2425849309480805,-3.1513315074879085,-3.3777751879261118,1698.168498168498,-1.0,74.59988616960729,0.32388934523830754,
2023-08-12 10:35:41.193000,-6.060240963855422,-1.1204819277108435,-7.819277108433735,-1.0864500306560392,-5.7811158798283255,-7.553648068669528,3.0,0.32389832389832396,3087.388622344071,-1.4105238622457905,-2.2963696754268397,-3.5304469436513024,1724.5421245421244,-1.0,74.59988616960729,0.32388957239424127,
2023-08-12 10:35:41.201000,-6.048192771084338,-1.1204819277108435,-7.819277108433735,-1.1134273451870018,-5.798283261802575,-7.583077866339669,3.0,0.32389832389832396,3087.388622344071,-1.4105238622457905,-2.143697919701649,-3.4388438902161877,1742.8571428571427,-1.0,74.59988616960729,0.3238898050096622,
2023-08-12 10:35:41.208000,-6.060240963855422,-1.0843373493975905,-7.819277108433735,-1.044757817290006,-5.739423666462293,-7.548743102391171,3.0,0.32434232434232435,3083.1622176591372,-1.5631956179709814,-2.2658353242818015,-3.5304469436513024,1752.3809523809523,-1.0,74.59988616960729,0.3238900421178236,
2023-08-12 10:35:41.216000,-6.048192771084338,-1.072289156626506,-7.819277108433735,-1.0643776824034334,-5.768853464132434,-7.556100551808706,3.0,0.32434232434232435,3083.1622176591372,-1.868539129421363,-2.143697919701649,-3.469378241361226,1751.6483516483515,-1.0,74.59988616960729,0.32389028289409094,
2023-08-12 10:35:41.224000,-6.060240963855422,-1.072289156626506,-7.795180722891566,-1.0594727161250765,-5.7590435315757205,-7.526670754138565,3.0,0.32434232434232435,3083.1622176591372,-1.8074704271312867,-1.8994231105413437,-2.873958394032982,1742.124542124542,-1.0,74.59988616960729,0.32389052668131757,
2023-08-12 10:35:41.231000,-6.120481927710844,-1.072289156626506,-7.771084337349398,-1.061925199264255,-5.830165542611894,-7.462906192519926,3.0,0.32434232434232435,3083.1622176591372,-1.6395314958335767,-1.8230872326787482,-2.217469844414661,1723.8095238095236,-1.0,74.59988616960729,0.32389077285630175,
2023-08-12 10:35:41.239000,-6.156626506024097,-1.0481927710843375,-7.759036144578314,-1.020232985898222,-5.842427958307787,-7.445738810545677,3.0,0.32389832389832396,3087.388622344071,-1.5631956179709814,-1.9299574616863817,-1.9121263329642795,1698.9010989010987,804.290771484375,74.59988616960729,0.32389102083518867,
2023-08-12 10:35:41.247000,-6.216867469879518,-1.0240963855421688,-7.746987951807229,-1.0055180870631515,-5.977314530962599,-7.443286327406499,3.0,0.32434232434232435,3083.1622176591372,-1.349455159955714,-1.9910261639764582,-1.6983858749490124,1669.5970695970695,-1.0,74.59988616960729,0.32389126979099525,
2023-08-12 10:35:41.254000,-6.253012048192772,-1.0120481927710845,-7.759036144578314,-0.9711833231146535,-5.987124463519313,-7.435928877988964,3.0,0.32389832389832396,3087.388622344071,-1.4105238622457905,-1.9299574616863817,-1.286172134490997,1639.5604395604394,-1.0,74.59988616960729,0.32389151894586493,
2023-08-12 10:35:41.262000,-6.289156626506024,-0.9879518072289157,-7.734939759036145,-0.9638258736971183,-5.982219497240957,-7.423666462293071,3.0,0.32434232434232435,3083.1622176591372,-1.502126915680905,-2.6169803624497407,-1.3319736612085544,1610.989010989011,-1.0,74.59988616960729,0.3238917677141499,
2023-08-12 10:35:41.270000,-6.289156626506024,-1.0120481927710845,-7.72289156626506,-0.9858982219497241,-6.063151440833844,-7.433476394849785,3.0,0.32434232434232435,3083.1622176591372,-1.2425849309480805,-2.922323873900122,-0.9197599207505391,1583.150183150183,-1.0,74.59988616960729,0.3238920154089513,
2023-08-12 10:35:41.277000,-6.289156626506024,-0.9879518072289157,-7.746987951807229,-1.0079705702023298,-6.016554261189454,-7.4481912936848556,3.0,0.32389832389832396,3087.388622344071,-1.0441116485053326,-3.7162170036711144,-0.8739583940329819,1556.0439560439559,-1.0,74.59988616960729,0.32389226156616213,
2023-08-12 10:35:41.285000,-6.289156626506024,-0.9759036144578314,-7.783132530120482,-0.9221336603310851,-6.026364193746168,-7.462906192519926,3.0,0.32434232434232435,3083.1622176591372,-0.967775770642737,-4.097896392984092,-0.46174465357496663,1531.135531135531,-1.0,74.59988616960729,0.3238925057898516,
2023-08-12 10:35:41.293000,-6.289156626506024,-0.9759036144578314,-7.771084337349398,-0.9687308399754752,-6.060698957694665,-7.4923359901900675,3.0,0.32434232434232435,3083.1622176591372,-0.601363556902279,-4.097896392984092,0.04207214031816311,1505.4945054945053,-1.0,74.59988616960729,0.3238927477363985,
2023-08-12 10:35:41.300000,-6.301204819277109,-0.9518072289156627,-7.783132530120482,-0.9760882893930104,-6.028816676885346,-7.5340282035561,3.0,0.32434232434232435,3083.1622176591372,-0.5402948546122027,-3.5330108968008855,0.210011071615873,1481.3186813186812,-1.0,74.59988616960729,0.32389298727939847,
2023-08-12 10:35:41.308000,-6.313253012048193,-0.9518072289156627,-7.807228915662651,-0.9393010423053341,-6.031269160024524,-7.521765787860208,3.0,0.32434232434232435,3083.1622176591372,-0.769302488199989,-3.1818658586329467,0.7443622166540409,1457.142857142857,-1.0,74.59988616960729,0.3238932243766252,
2023-08-12 10:35:41.316000,-6.36144578313253,-0.9277108433734941,-7.746987951807229,-0.8583690987124463,-6.075413856529736,-7.455548743102391,3.0,0.32389832389832396,3087.388622344071,-0.4334246256045691,-3.5330108968008855,0.576423285356331,1430.03663003663,-1.0,74.59988616960729,0.3238934590756323,
2023-08-12 10:35:41.323000,-6.385542168674699,-0.9156626506024097,-7.759036144578314,-0.8877988963825874,-6.1293684855916615,-7.497240956468424,3.0,0.32434232434232435,3083.1622176591372,-0.40289027445953096,-3.823087232678748,1.2023774838296135,1400.7326007326005,-1.0,74.59988616960729,0.3238936913699182,
2023-08-12 10:35:41.331000,-6.409638554216868,-0.8795180722891567,-7.746987951807229,-0.8951563458001226,-6.14653586756591,-7.416309012875536,3.0,0.32434232434232435,3083.1622176591372,-0.35708874774197374,-4.968125400617679,1.2634461861196897,1371.4285714285713,-1.0,74.59988616960729,0.32389392133161937,
2023-08-12 10:35:41.339000,-6.445783132530121,-0.9156626506024097,-7.746987951807229,-0.8951563458001226,-6.1293684855916615,-7.453096259963212,3.0,0.32434232434232435,3083.1622176591372,-0.23495134316182106,-5.655148301381038,1.7061942777227432,1345.7875457875457,-1.0,74.59988616960729,0.3238941492755021,
2023-08-12 10:35:41.346000,-6.445783132530121,-0.9036144578313253,-7.698795180722892,-0.8828939301042305,-6.14653586756591,-7.423666462293071,3.0,0.32434232434232435,3083.1622176591372,-0.14334828972670657,-6.9223238739001225,1.3245148884097662,1325.2747252747251,-1.0,74.59988616960729,0.3238943756248249,
2023-08-12 10:35:41.354000,-6.421686746987952,-0.8915662650602411,-7.734939759036145,-0.8779889638258737,-6.050889025137952,-7.431023911710606,3.0,0.32434232434232435,3083.1622176591372,0.05512499271604152,-8.174232270846687,1.507720995279995,1308.4249084249084,-1.0,74.59988616960729,0.32389460091566,
2023-08-12 10:35:41.362000,-6.36144578313253,-0.8915662650602411,-7.710843373493976,-0.8485591661557327,-6.063151440833844,-7.401594114040465,3.0,0.32434232434232435,3083.1622176591372,0.11619369500611786,-9.227667385350504,1.6298583998601477,1297.4358974358975,-1.0,74.59988616960729,0.32389482580089113,
2023-08-12 10:35:41.369000,-6.301204819277109,-0.8795180722891567,-7.710843373493976,-0.82158185162477,-5.989576946658492,-7.450643776824034,3.0,0.32434232434232435,3083.1622176591372,0.13146087057863695,-9.853621583823786,2.026804964745644,1291.5750915750914,-1.0,74.59988616960729,0.32389505105385347,
2023-08-12 10:35:41.377000,-6.253012048192772,-0.855421686746988,-7.686746987951808,-0.8583690987124463,-5.957694665849172,-7.462906192519926,3.0,0.32389832389832396,3087.388622344071,0.19252957286871328,-10.571178835732184,1.7214614532952623,1286.4468864468863,-1.0,74.59988616960729,0.32389527757158065,
2023-08-12 10:35:41.385000,-6.204819277108434,-0.8795180722891567,-7.674698795180723,-0.8534641324340895,-5.854690374003678,-7.428571428571428,3.0,0.32434232434232435,3083.1622176591372,-0.15861546529922566,-10.63224753802226,2.1794767204708347,1282.7838827838827,-1.0,74.59988616960729,0.3238955062283336,
2023-08-12 10:35:41.392000,-6.1807228915662655,-0.8674698795180723,-7.662650602409639,-0.8289393010423053,-5.89883507050889,-7.4481912936848556,3.0,0.32434232434232435,3083.1622176591372,-0.14334828972670657,-10.326904026571878,2.561156109783812,1281.3186813186812,-1.0,74.59988616960729,0.32389573800538385,
2023-08-12 10:35:41.400000,-6.156626506024097,-0.8915662650602411,-7.674698795180723,-0.8485591661557327,-5.847332924586143,-7.352544451256898,3.0,0.32434232434232435,3083.1622176591372,-0.14334828972670657,-10.326904026571878,2.561156109783812,1279.8534798534797,-1.0,74.59988616960729,0.3238959741518323,
2023-08-12 10:35:41.408000,-6.168674698795181,-0.8915662650602411,-7.674698795180723,-0.8191293684855916,-5.827713059472716,-7.384426732066217,3.0,0.32434232434232435,3083.1622176591372,-0.3876230988870119,-9.426140667793252,2.973369850241827,1279.8534798534797,-1.0,74.59988616960729,0.3238962160470416,
2023-08-12 10:35:41.415000,-6.19277108433735,-0.8915662650602411,-7.638554216867471,-0.8559166155732679,-5.871857755977928,-7.325567136725935,3.0,0.32434232434232435,3083.1622176591372,-0.8761727172076226,-8.29636967542684,3.0497057281044224,1282.7838827838827,-1.0,74.59988616960729,0.3238964652012882,
2023-08-12 10:35:41.423000,-6.204819277108434,-0.8795180722891567,-7.566265060240965,-0.8902513795217657,-5.901287553648069,-7.237277743715511,3.0,0.32434232434232435,3083.1622176591372,-1.3647223355282332,-7.777285705961191,2.4390187052036594,1287.179487179487,-1.0,74.59988616960729,0.3238967232558615,
2023-08-12 10:35:41.431000,-6.216867469879518,-0.9036144578313253,-7.566265060240965,-0.8657265481299815,-5.955242182709994,-7.242182709993869,3.0,0.32434232434232435,3083.1622176591372,-1.7616689004137294,-7.197133034205466,2.1031408426082394,1295.2380952380952,-1.0,74.59988616960729,0.3238969919825935,
2023-08-12 10:35:41.438000,-6.228915662650603,-0.8795180722891567,-7.530120481927711,-0.8902513795217657,-5.889025137952176,-7.266707541385653,3.0,0.32434232434232435,3083.1622176591372,-1.7769360759862485,-6.494842957869587,1.2787133616922088,1304.7619047619046,-1.0,74.59988616960729,0.3238972732828007,
2023-08-12 10:35:41.446000,-6.19277108433735,-0.8915662650602411,-7.530120481927711,-0.9343960760269773,-5.89883507050889,-7.205395462906192,3.0,0.32434232434232435,3083.1622176591372,-2.5860963813297597,-6.2658353242818015,0.3626828273410639,1314.2857142857142,-1.0,74.59988616960729,0.3238975690468752,
2023-08-12 10:35:41.454000,-6.168674698795181,-0.9036144578313253,-7.530120481927711,-0.8583690987124463,-5.812998160637646,-7.274064990803188,3.0,0.32434232434232435,3083.1622176591372,-2.769302488199989,-6.006293339548977,-0.5686148825826002,1321.6117216117216,-1.0,74.59988616960729,0.323897881311143,
2023-08-12 10:35:41.461000,-6.1084337349397595,-0.9036144578313253,-7.506024096385542,-0.8828939301042305,-5.798283261802575,-7.281422440220723,3.0,0.32434232434232435,3083.1622176591372,-3.120447526367928,-5.670415476953557,-1.0266301497581727,1326.007326007326,-1.0,74.59988616960729,0.32389821238258565,
2023-08-12 10:35:41.469000,-6.072289156626506,-0.9277108433734941,-7.518072289156627,-0.8976088289393009,-5.722256284488044,-7.225015328019619,3.0,0.32389832389832396,3087.388622344071,-3.6547986714060956,-4.525377309014626,-1.4999125925062644,1324.5421245421244,-1.0,74.59988616960729,0.32389856468622785,
2023-08-12 10:35:41.477000,-6.0120481927710845,-0.9156626506024097,-7.55421686746988,-0.8976088289393009,-5.670754138565297,-7.222562844880441,3.0,0.32389832389832396,3087.388622344071,-3.7311345492686914,-3.991026163976458,-1.3930423634986306,1322.3443223443223,-1.0,74.59988616960729,0.3238989407506473,
2023-08-12 10:35:41.484000,-6.0,-0.9036144578313253,-7.542168674698796,-0.8828939301042305,-5.734518700183936,-7.212752912323728,3.0,0.32434232434232435,3083.1622176591372,-3.9906765340015156,-3.639881125808519,-1.8357904551016841,1318.6813186813185,-1.0,74.59988616960729,0.3238993431611433,
2023-08-12 10:35:41.492000,-6.024096385542169,-0.9156626506024097,-7.518072289156627,-0.851011649294911,-5.695278969957081,-7.217657878602084,3.0,0.32434232434232435,3083.1622176591372,-3.9143406561389202,-2.4185070800069925,-1.6678515238039742,1314.2857142857142,-1.0,74.59988616960729,0.3238997745541494,
2023-08-12 10:35:41.500000,-6.096385542168675,-0.9156626506024097,-7.46987951807229,-0.8436541998773758,-5.746781115879828,-7.175965665236051,3.0,0.32434232434232435,3083.1622176591372,-4.021210885146553,-1.5177437212283666,-1.4693782413612262,1310.6227106227104,-1.0,74.59988616960729,0.3239002376528981,
2023-08-12 10:35:41.507000,-6.144578313253012,-0.9277108433734941,-7.506024096385542,-0.9000613120784794,-5.908645003065604,-7.163703249540159,3.0,0.32434232434232435,3083.1622176591372,-4.601363556902279,-0.28110249985432084,-1.4999125925062644,1306.9597069597069,-1.0,74.59988616960729,0.32390073527077684,
2023-08-12 10:35:41.515000,-6.216867469879518,-0.9397590361445783,-7.506024096385542,-0.8706315144083384,-5.91354996934396,-7.20784794604537,3.0,0.32434232434232435,3083.1622176591372,-4.616630732474798,0.6807295612143814,-1.8663248062467224,1303.2967032967033,-1.0,74.59988616960729,0.3239012703035617,
2023-08-12 10:35:41.523000,-6.289156626506024,-0.9518072289156627,-7.518072289156627,-0.8755364806866952,-6.019006744328633,-7.1931330472103,3.0,0.32434232434232435,3083.1622176591372,-4.647165083619836,1.1692791795349922,-2.0647980886894706,1298.9010989010987,-1.0,74.59988616960729,0.3239018457210995,
2023-08-12 10:35:41.530000,-6.349397590361446,-0.9518072289156627,-7.566265060240965,-0.9074187614960146,-6.087676272225628,-7.25444512568976,3.0,0.32434232434232435,3083.1622176591372,-4.6624322591923555,1.9326379581609463,-2.6754851115902336,1295.970695970696,-1.0,74.59988616960729,0.3239024644197169,
2023-08-12 10:35:41.538000,-6.373493975903615,-0.9518072289156627,-7.530120481927711,-0.944206008583691,-6.095033721643164,-7.308399754751686,3.0,0.32434232434232435,3083.1622176591372,-4.57082920575724,2.466989103199114,-3.423576714643669,1293.7728937728937,-1.0,74.59988616960729,0.32390312937201177,
2023-08-12 10:35:41.545000,-6.385542168674699,-0.9518072289156627,-7.55421686746988,-0.9221336603310851,-6.1146535867565905,-7.227467811158798,3.0,0.32434232434232435,3083.1622176591372,-4.90670706835266,2.7265310879319387,-4.5228133558650425,1291.5750915750914,-1.0,74.59988616960729,0.32390384374467135,
2023-08-12 10:35:41.553000,-6.36144578313253,-0.963855421686747,-7.55421686746988,-0.9343960760269773,-6.021459227467811,-7.229920294297976,3.0,0.32434232434232435,3083.1622176591372,-5.028844472932813,2.466989103199114,-4.7518209894528285,1290.8424908424909,-1.0,74.59988616960729,0.32390461073915394,
2023-08-12 10:35:41.561000,-6.36144578313253,-0.9759036144578314,-7.542168674698796,-0.9147762109135499,-6.048436541998774,-7.28632740649908,3.0,0.32434232434232435,3083.1622176591372,-4.967775770642737,2.085309713886137,-5.454111065788706,1289.3772893772893,-1.0,74.59988616960729,0.3239054335812816,
2023-08-12 10:35:41.568000,-6.313253012048193,-0.9879518072289157,-7.578313253012048,-0.973635806253832,-6.001839362354383,-7.308399754751686,3.0,0.32434232434232435,3083.1622176591372,-4.723500961482432,1.505157042130412,-5.713653050521531,1285.7142857142856,-1.0,74.59988616960729,0.32390631537173514,
2023-08-12 10:35:41.576000,-6.253012048192772,-0.9879518072289157,-7.602409638554217,-0.9834457388105456,-5.920907418761495,-7.310852237890864,3.0,0.32434232434232435,3083.1622176591372,-4.845638366062584,0.4059204009090379,-5.851057630674203,1282.051282051282,-1.0,74.59988616960729,0.32390725923412395,
2023-08-12 10:35:41.584000,-6.204819277108434,-1.0120481927710845,-7.626506024096386,-0.9957081545064377,-5.884120171673819,-7.337829552421827,3.0,0.32434232434232435,3083.1622176591372,-4.5555620301847215,-0.6475147135947789,-5.6373171726589355,1278.3882783882782,-1.0,74.59988616960729,0.3239082684312772,
2023-08-12 10:35:41.591000,-6.168674698795181,-1.0240963855421688,-7.662650602409639,-1.0374003678724708,-5.86695278969957,-7.428571428571428,3.0,0.32434232434232435,3083.1622176591372,-4.41815745003205,-1.5330108968008858,-5.377775187926111,1276.1904761904761,-1.0,74.59988616960729,0.32390934620461054,
2023-08-12 10:35:41.599000,-6.1325301204819285,-1.0602409638554218,-7.72289156626506,-1.0668301655426118,-5.849785407725322,-7.48743102391171,3.0,0.32434232434232435,3083.1622176591372,-4.601363556902279,-2.4185070800069925,-5.22510343220092,1273.9926739926739,-1.0,74.59988616960729,0.3239104957626157,
2023-08-12 10:35:41.607000,-6.072289156626506,-1.108433734939759,-7.771084337349398,-1.0717351318209687,-5.8105456774984665,-7.4849785407725316,3.0,0.32434232434232435,3083.1622176591372,-5.120447526367927,-2.3727055532894354,-5.469378241361226,1269.5970695970695,-1.0,74.59988616960729,0.32391172026922654,
2023-08-12 10:35:41.614000,-6.0843373493975905,-1.1566265060240966,-7.771084337349398,-1.0839975475168608,-5.80564071122011,-7.538933169834457,3.0,0.32434232434232435,3083.1622176591372,-5.532661266825943,-2.5864460113047025,-5.789988928384126,1265.2014652014652,-1.0,74.59988616960729,0.32391302283210854,
2023-08-12 10:35:41.622000,-6.0843373493975905,-1.1566265060240966,-7.771084337349398,-1.1060698957694666,-5.8031882280809315,-7.497240956468424,3.0,0.32389832389832396,3087.388622344071,-6.25021851873434,-2.525377309014626,-5.622049997086417,1260.07326007326,-1.0,74.59988616960729,0.32391440649092096,
2023-08-12 10:35:41.630000,-6.120481927710844,-1.1686746987951808,-7.807228915662651,-1.1919068056407112,-5.783568362967504,-7.558553034947884,3.0,0.32434232434232435,3083.1622176591372,-6.799836839345027,-2.311636850999359,-6.538080531437561,1258.6080586080586,-1.0,74.59988616960729,0.32391587419505424,
2023-08-12 10:35:41.637000,-6.156626506024097,-1.180722891566265,-7.807228915662651,-1.2286940527283874,-5.8105456774984665,-7.519313304721029,3.0,0.32389832389832396,3087.388622344071,-7.6700658469786145,-1.96049181283142,-7.423576714643668,1259.3406593406592,-1.0,74.59988616960729,0.32391742876027163,
2023-08-12 10:35:41.645000,-6.168674698795181,-1.180722891566265,-7.819277108433735,-1.2286940527283874,-5.80564071122011,-7.511955855303494,3.0,0.32434232434232435,3083.1622176591372,-8.723500961482431,-0.9681254006176796,-8.782355340597867,1262.2710622710622,-1.0,74.59988616960729,0.32391907273921305,
2023-08-12 10:35:41.653000,-6.19277108433735,-1.1686746987951808,-7.783132530120482,-1.1158798283261802,-5.827713059472716,-7.548743102391171,3.0,0.32434232434232435,3083.1622176591372,-10.234951343161821,-0.4490414311520307,-10.06479808868947,1264.4688644688645,-1.0,74.59988616960729,0.3239208085476189,
2023-08-12 10:35:41.660000,-6.240963855421687,-1.1566265060240966,-7.795180722891566,-1.1404046597179645,-5.93071735131821,-7.480073574494175,3.0,0.32389832389832396,3087.388622344071,-10.815104014917546,0.2685158207563662,-11.37777518792611,1265.9340659340658,-1.0,74.59988616960729,0.32392263861175885,
2023-08-12 10:35:41.668000,-6.27710843373494,-1.144578313253012,-7.819277108433735,-1.1428571428571428,-5.935622317596566,-7.590435315757204,3.0,0.32434232434232435,3083.1622176591372,-11.608997144688539,0.03950818716857993,-12.660217936017714,1265.9340659340658,-1.0,74.59988616960729,0.3239245650689777,
2023-08-12 10:35:41.676000,-6.240963855421687,-1.108433734939759,-7.819277108433735,-1.0521152667075413,-5.942979767014101,-7.541385652973635,3.0,0.32434232434232435,3083.1622176591372,-11.608997144688539,0.03950818716857993,-12.660217936017714,1268.131868131868,-1.0,74.59988616960729,0.32392658988404754,
2023-08-12 10:35:41.683000,-6.240963855421687,-1.072289156626506,-7.759036144578314,-1.0251379521765787,-5.844880441446965,-7.5340282035561,3.0,0.32434232434232435,3083.1622176591372,-12.876172717207622,0.4059204009090379,-13.851057630674202,1273.260073260073,-1.0,74.59988616960729,0.32392871499744014,
2023-08-12 10:35:41.691000,-6.228915662650603,-1.0240963855421688,-7.771084337349398,-0.9662783568362967,-5.979767014101777,-7.526670754138565,3.0,0.32434232434232435,3083.1622176591372,-13.517394091253424,-0.678049064739817,-14.8892255696055,1279.120879120879,-1.0,74.59988616960729,0.3239309421761781,
2023-08-12 10:35:41.699000,-6.216867469879518,-1.0240963855421688,-7.759036144578314,-0.944206008583691,-5.881667688534641,-7.526670754138565,3.0,0.32434232434232435,3083.1622176591372,-14.005943709574034,-1.3345376143581376,-15.347240836781072,1284.2490842490843,-1.0,74.59988616960729,0.32393327300394864,
2023-08-12 10:35:41.706000,-6.19277108433735,-1.0,-7.734939759036145,-0.9172286940527283,-5.903740036787247,-7.475168608215818,3.0,0.32434232434232435,3083.1622176591372,-14.25021851873434,-1.8994231105413437,-15.591515645941378,1291.5750915750914,-1.0,74.59988616960729,0.3239357088717792,
2023-08-12 10:35:41.714000,-6.228915662650603,-1.0,-7.72289156626506,-0.9319435928877988,-5.908645003065604,-7.48743102391171,3.0,0.32434232434232435,3083.1622176591372,-15.334187984383194,-2.311636850999359,-15.148767554338324,1304.0293040293038,-1.0,74.59988616960729,0.32393825096932727,
2023-08-12 10:35:41.722000,-6.216867469879518,-1.0,-7.734939759036145,-0.9957081545064377,-5.960147148988351,-7.4481912936848556,3.0,0.32434232434232435,3083.1622176591372,-15.822737602703805,-2.4337742555795114,-15.744187401666569,1313.5531135531135,-1.0,74.59988616960729,0.323940900276826,
2023-08-12 10:35:41.729000,-6.240963855421687,-0.963855421686747,-7.72289156626506,-0.8632740649908032,-5.967504598405886,-7.443286327406499,3.0,0.32434232434232435,3083.1622176591372,-16.58609638132976,-2.4185070800069925,-15.454111065788705,1322.3443223443223,-1.0,74.59988616960729,0.32394365755773397,
2023-08-12 10:35:41.737000,-6.289156626506024,-0.9518072289156627,-7.698795180722892,-0.8608215818516247,-5.977314530962599,-7.4408338442673205,3.0,0.32389832389832396,3087.388622344071,-16.799836839345026,-2.571178835732183,-15.22510343220092,1326.007326007326,-1.0,74.59988616960729,0.3239465233521253,
2023-08-12 10:35:41.745000,-6.36144578313253,-0.9397590361445783,-7.662650602409639,-0.8828939301042305,-6.0778663396689145,-7.399141630901287,3.0,0.32434232434232435,3083.1622176591372,-17.196783404230523,-2.1742322708466872,-15.102966027620766,1325.2747252747251,-1.0,74.59988616960729,0.32394949782156673,
2023-08-12 10:35:41.752000,-6.409638554216868,-0.9397590361445783,-7.614457831325302,-0.9343960760269773,-6.1367259350091965,-7.340282035561005,3.0,0.32434232434232435,3083.1622176591372,-17.471592564535865,-2.510110133442107,-15.255637783345959,1322.3443223443223,-1.0,74.59988616960729,0.32395258087151724,
2023-08-12 10:35:41.760000,-6.457831325301205,-0.9277108433734941,-7.602409638554217,-0.944206008583691,-6.112201103617412,-7.328019619865113,3.0,0.32434232434232435,3083.1622176591372,-17.639531495833577,-2.097896392984092,-15.515179768078783,1319.4139194139193,-1.0,74.59988616960729,0.3239557723060918,
2023-08-12 10:35:41.768000,-6.46987951807229,-0.9518072289156627,-7.614457831325302,-0.9147762109135499,-6.151440833844267,-7.335377069282648,3.0,0.32434232434232435,3083.1622176591372,-17.74640172484121,-2.357438377716916,-16.35487442456733,1318.6813186813185,-1.0,74.59988616960729,0.32395907168582017,
2023-08-12 10:35:41.775000,-6.457831325301205,-0.9397590361445783,-7.614457831325302,-0.8461066830165542,-6.1293684855916615,-7.33292458614347,3.0,0.32389832389832396,3087.388622344071,-17.960142182856476,-3.227667385350504,-16.90449274517802,1318.6813186813185,-1.0,74.59988616960729,0.32396247832505354,
2023-08-12 10:35:41.783000,-6.397590361445784,-0.9277108433734941,-7.542168674698796,-0.8362967504598405,-6.126916002452483,-7.247087676272225,3.0,0.32389832389832396,3087.388622344071,-17.685333022551134,-3.594079599090962,-17.652584348231454,1318.6813186813185,-1.0,74.59988616960729,0.3239659912797465,
2023-08-12 10:35:41.791000,-6.36144578313253,-0.9156626506024097,-7.518072289156627,-0.8902513795217657,-6.065603923973022,-7.259350091968117,3.0,0.32434232434232435,3083.1622176591372,-17.853271953848843,-4.418507080006992,-18.171668317697105,1317.216117216117,-1.0,74.59988616960729,0.32396960916570994,
2023-08-12 10:35:41.798000,-6.313253012048193,-0.9036144578313253,-7.506024096385542,-0.8608215818516247,-6.03862660944206,-7.1955855303494785,3.0,0.32434232434232435,3083.1622176591372,-17.5784627935435,-4.845987996037527,-18.171668317697105,1317.216117216117,-1.0,74.59988616960729,0.32397333031755826,
2023-08-12 10:35:41.806000,-6.289156626506024,-0.8915662650602411,-7.506024096385542,-0.9466584917228693,-6.023911710606989,-7.205395462906192,3.0,0.32389832389832396,3087.388622344071,-17.21205057980304,-4.968125400617679,-17.74418740166657,1315.7509157509157,-1.0,74.59988616960729,0.32397715295896323,
2023-08-12 10:35:41.814000,-6.27710843373494,-0.8795180722891567,-7.481927710843374,-0.8976088289393009,-5.960147148988351,-7.1955855303494785,3.0,0.32434232434232435,3083.1622176591372,-17.08991317522289,-4.891789522755084,-17.438843890216187,1313.5531135531135,-1.0,74.59988616960729,0.32398107491616013,
2023-08-12 10:35:41.821000,-6.228915662650603,-0.8674698795180723,-7.481927710843374,-0.8313917841814837,-6.028816676885346,-7.20784794604537,3.0,0.32389832389832396,3087.388622344071,-16.952508595070217,-4.693316240312336,-17.179301905483364,1313.5531135531135,-1.0,74.59988616960729,0.32398509374788664,
2023-08-12 10:35:41.829000,-6.27710843373494,-0.8674698795180723,-7.481927710843374,-0.8461066830165542,-5.952789699570815,-7.244635193133047,3.0,0.32434232434232435,3083.1622176591372,-16.876172717207623,-4.29636967542684,-16.90449274517802,1318.6813186813185,-1.0,74.59988616960729,0.32398920675851983,
2023-08-12 10:35:41.837000,-6.289156626506024,-0.8433734939759037,-7.481927710843374,-0.7283874923359902,-6.021459227467811,-7.1931330472103,3.0,0.32434232434232435,3083.1622176591372,-16.967775770642735,-3.4872093700833284,-16.675485111590234,1327.4725274725274,-1.0,74.59988616960729,0.32399341099101736,
2023-08-12 10:35:41.844000,-6.289156626506024,-0.8313253012048193,-7.457831325301205,-0.7921520539546291,-6.031269160024524,-7.190680564071122,3.0,0.32389832389832396,3087.388622344071,-16.769302488199987,-3.059728454052794,-16.91975992075054,1341.3919413919414,-1.0,74.59988616960729,0.32399770339109185,
2023-08-12 10:35:41.852000,-6.337349397590362,-0.8072289156626506,-7.421686746987953,-0.7995095033721643,-6.033721643163703,-7.178418148375229,3.0,0.32434232434232435,3083.1622176591372,-17.227317755375562,-2.8001864693199696,-17.484645416933745,1358.2417582417581,-1.0,74.59988616960729,0.3240020805251713,
2023-08-12 10:35:41.860000,-6.301204819277109,-0.8072289156626506,-7.481927710843374,-0.7112201103617413,-6.019006744328633,-7.220110361741263,3.0,0.32434232434232435,3083.1622176591372,-17.05937882407785,-2.4490414311520308,-17.820523279529166,1380.2197802197802,-1.0,74.59988616960729,0.3240065387147605,
2023-08-12 10:35:41.867000,-6.313253012048193,-0.783132530120482,-7.445783132530121,-0.7381974248927038,-6.026364193746168,-7.20784794604537,3.0,0.32389832389832396,3087.388622344071,-17.24258493094808,-2.189499446419206,-18.141133966552065,1410.989010989011,-1.0,74.59988616960729,0.3240110742032444,
2023-08-12 10:35:41.875000,-6.313253012048193,-0.8072289156626506,-7.493975903614459,-0.8142244022072348,-6.05334150827713,-7.220110361741263,3.0,0.32389832389832396,3087.388622344071,-17.105180350795408,-2.021560515121496,-18.690752287162752,1450.5494505494505,-1.0,74.59988616960729,0.3240156828764231,
2023-08-12 10:35:41.883000,-6.313253012048193,-0.7951807228915663,-7.506024096385542,-0.6597179644389944,-5.965052115266707,-7.215205395462906,3.0,0.32434232434232435,3083.1622176591372,-17.2578521065206,-1.9910261639764582,-18.873958394032982,1499.6336996336995,-1.0,74.59988616960729,0.3240203602500876,
2023-08-12 10:35:41.890000,-6.325301204819278,-0.8072289156626506,-7.530120481927711,-0.7700797057020232,-6.016554261189454,-7.222562844880441,3.0,0.32434232434232435,3083.1622176591372,-17.5784627935435,-1.5482780723734046,-19.07243167647573,1550.18315018315,-1.0,74.59988616960729,0.32402510176667376,
2023-08-12 10:35:41.898000,-6.313253012048193,-0.819277108433735,-7.506024096385542,-0.7798896382587369,-5.987124463519313,-7.278969957081545,3.0,0.32434232434232435,3083.1622176591372,-17.150981877512965,-1.426140667793252,-19.438843890216187,1602.197802197802,-1.0,74.59988616960729,0.3240299028263697,
2023-08-12 10:35:41.906000,-6.301204819277109,-0.819277108433735,-7.518072289156627,-0.7896995708154506,-5.987124463519313,-7.229920294297976,3.0,0.32434232434232435,3083.1622176591372,-17.379989511100753,-1.2429345609230231,-20.309072897849774,1650.5494505494505,-1.0,74.59988616960729,0.3240347586598791,
2023-08-12 10:35:41.913000,-6.325301204819278,-0.8313253012048193,-7.566265060240965,-0.7700797057020232,-5.989576946658492,-7.303494788473329,3.0,0.32434232434232435,3083.1622176591372,-17.608997144688537,-1.426140667793252,-20.492279004720004,1693.040293040293,-1.0,74.59988616960729,0.3240396643406761,
2023-08-12 10:35:41.921000,-6.301204819277109,-0.8313253012048193,-7.590361445783133,-0.8191293684855916,-5.965052115266707,-7.301042305334151,3.0,0.32434232434232435,3083.1622176591372,-17.822737602703803,-2.021560515121496,-20.797622516170385,1728.2051282051282,-1.0,74.59988616960729,0.3240446147979604,
2023-08-12 10:35:41.928000,-6.27710843373494,-0.8433734939759037,-7.566265060240965,-0.8166768853464133,-5.965052115266707,-7.269160024524831,3.0,0.32389832389832396,3087.388622344071,-17.822737602703803,-1.6551483013810384,-21.118233203193284,1755.311355311355,-1.0,74.59988616960729,0.3240496049690134,
2023-08-12 10:35:41.936000,-6.265060240963856,-0.855421686746988,-7.602409638554217,-0.7676272225628449,-5.950337216431636,-7.318209687308399,3.0,0.32434232434232435,3083.1622176591372,-17.990676534001516,-2.311636850999359,-21.05716450090321,1777.2893772893772,-1.0,74.59988616960729,0.3240546296437341,
2023-08-12 10:35:41.944000,-6.240963855421687,-0.855421686746988,-7.614457831325302,-0.838749233599019,-5.901287553648069,-7.357449417535254,3.0,0.32434232434232435,3083.1622176591372,-18.341821572169454,-2.3879727288619543,-21.652584348231454,1789.0109890109889,-1.0,74.59988616960729,0.3240596833200687,
2023-08-12 10:35:41.951000,-6.228915662650603,-0.855421686746988,-7.638554216867471,-0.8608215818516247,-6.001839362354383,-7.308399754751686,3.0,0.32434232434232435,3083.1622176591372,-18.860905541635102,-2.4490414311520308,-21.683118699376493,1792.6739926739926,-1.0,74.59988616960729,0.3240647603996779,
2023-08-12 10:35:41.959000,-6.228915662650603,-0.855421686746988,-7.626506024096386,-0.8289393010423053,-5.950337216431636,-7.345187001839362,3.0,0.32434232434232435,3083.1622176591372,-18.860905541635102,-2.4490414311520308,-21.683118699376493,1786.8131868131868,-1.0,74.59988616960729,0.3240698552135764,
2023-08-12 10:35:41.967000,-6.228915662650603,-0.8795180722891567,-7.626506024096386,-0.8191293684855916,-5.928264868179031,-7.384426732066217,3.0,0.32434232434232435,3083.1622176591372,-19.21205057980304,-2.0520948662665344,-22.095332439834507,1772.8937728937728,-1.0,74.59988616960729,0.32407496203760977,
2023-08-12 10:35:41.974000,-6.253012048192772,-0.855421686746988,-7.602409638554217,-0.8657265481299815,-5.916002452483139,-7.293684855916615,3.0,0.32434232434232435,3083.1622176591372,-19.39525668667327,-1.6856826525260764,-22.04953091311695,1752.3809523809523,-1.0,74.59988616960729,0.32408007510825126,
2023-08-12 10:35:41.982000,-6.265060240963856,-0.8674698795180723,-7.614457831325302,-0.8461066830165542,-6.00674432863274,-7.335377069282648,3.0,0.32434232434232435,3083.1622176591372,-19.54792844239846,-0.9986597517627177,-22.1716683176971,1727.4725274725274,-1.0,74.59988616960729,0.3240851886386613,
2023-08-12 10:35:41.990000,-6.301204819277109,-0.855421686746988,-7.590361445783133,-0.8436541998773758,-5.950337216431636,-7.337829552421827,3.0,0.32434232434232435,3083.1622176591372,-20.06701241186411,-0.845987996037527,-22.751820989452828,1701.8315018315018,-1.0,74.59988616960729,0.3240902968349486,
2023-08-12 10:35:41.997000,-6.289156626506024,-0.8674698795180723,-7.614457831325302,-0.8093194359288779,-5.994481912936848,-7.28632740649908,3.0,0.32434232434232435,3083.1622176591372,-20.296020045451897,-1.1207971563428705,-23.438843890216187,1673.260073260073,811.95068359375,73.89611365857326,0.32409539391256836,
2023-08-12 10:35:42.005000,-6.301204819277109,-0.8674698795180723,-7.578313253012048,-0.8559166155732679,-6.014101778050276,-7.33292458614347,3.0,0.32434232434232435,3083.1622176591372,-20.845638366062584,-0.9528582250451605,-23.622049997086414,1641.0256410256409,-1.0,73.89611365857326,0.32410047411279513,
2023-08-12 10:35:42.013000,-6.325301204819278,-0.8795180722891567,-7.638554216867471,-0.8608215818516247,-5.996934396076027,-7.281422440220723,3.0,0.32434232434232435,3083.1622176591372,-20.845638366062584,-1.426140667793252,-24.095332439834507,1610.2564102564102,-1.0,73.89611365857326,0.324105531719205,
2023-08-12 10:35:42.020000,-6.301204819277109,-0.855421686746988,-7.638554216867471,-0.7259350091968118,-6.011649294911098,-7.359901900674433,3.0,0.32434232434232435,3083.1622176591372,-21.21205057980304,-1.5330108968008858,-24.73655381388031,1581.6849816849815,-1.0,73.89611365857326,0.324110560935352,
2023-08-12 10:35:42.028000,-6.301204819277109,-0.8674698795180723,-7.662650602409639,-0.8461066830165542,-6.048436541998774,-7.362354383813611,3.0,0.32434232434232435,3083.1622176591372,-21.517394091253422,-2.2353009731367637,-24.996095798613133,1555.311355311355,-1.0,73.89611365857326,0.3241155560602045,
2023-08-12 10:35:42.036000,-6.325301204819278,-0.855421686746988,-7.614457831325302,-0.8142244022072348,-6.004291845493562,-7.308399754751686,3.0,0.32389832389832396,3087.388622344071,-21.71586737369617,-1.8841559349688246,-25.270904958918475,1530.4029304029302,-1.0,73.89611365857326,0.3241205116318753,
2023-08-12 10:35:42.043000,-6.325301204819278,-0.855421686746988,-7.614457831325302,-0.7970570202329859,-5.984671980380135,-7.384426732066217,3.0,0.32389832389832396,3087.388622344071,-22.005943709574034,-2.0826292174115726,-25.484645416933745,1506.227106227106,-1.0,73.89611365857326,0.3241254221451013,
2023-08-12 10:35:42.051000,-6.325301204819278,-0.8433734939759037,-7.614457831325302,-0.7798896382587369,-6.058246474555487,-7.362354383813611,3.0,0.32434232434232435,3083.1622176591372,-22.173882640871742,-1.777285705961191,-25.942660684109317,1484.2490842490843,-1.0,73.89611365857326,0.32413028204511835,
2023-08-12 10:35:42.059000,-6.349397590361446,-0.8313253012048193,-7.590361445783133,-0.8068669527896996,-6.05334150827713,-7.283874923359901,3.0,0.32434232434232435,3083.1622176591372,-22.25021851873434,-1.8994231105413437,-26.095332439834507,1465.201465201465,-1.0,73.89611365857326,0.32413508602938595,
2023-08-12 10:35:42.066000,-6.349397590361446,-0.8433734939759037,-7.602409638554217,-0.7823421213979154,-6.0999386879215205,-7.323114653586757,3.0,0.32434232434232435,3083.1622176591372,-22.540294854612203,-1.8536215838237864,-26.08006526426199,1450.5494505494505,-1.0,73.89611365857326,0.3241398290825184,
2023-08-12 10:35:42.074000,-6.385542168674699,-0.8313253012048193,-7.602409638554217,-0.7798896382587369,-6.122011036174126,-7.313304721030042,3.0,0.32434232434232435,3083.1622176591372,-22.326554396596936,-2.357438377716916,-26.690752287162752,1438.8278388278388,-1.0,73.89611365857326,0.3241445063515952,
2023-08-12 10:35:42.082000,-6.385542168674699,-0.8072289156626506,-7.578313253012048,-0.8240343347639485,-6.1072961373390555,-7.25444512568976,3.0,0.32389832389832396,3087.388622344071,-22.860905541635102,-2.281102499854321,-26.58388205815512,1426.3736263736262,-1.0,73.89611365857326,0.32414911315967465,
2023-08-12 10:35:42.089000,-6.397590361445784,-0.8313253012048193,-7.578313253012048,-0.7749846719803801,-6.0778663396689145,-7.337829552421827,3.0,0.32389832389832396,3087.388622344071,-22.647165083619836,-2.510110133442107,-26.797622516170385,1413.1868131868132,-1.0,73.89611365857326,0.32415364486941667,
2023-08-12 10:35:42.097000,-6.397590361445784,-0.819277108433735,-7.566265060240965,-0.7676272225628449,-6.075413856529736,-7.25444512568976,3.0,0.32389832389832396,3087.388622344071,-23.334187984383195,-2.510110133442107,-27.08769885204825,1398.5347985347985,-1.0,73.89611365857326,0.3241580968734721,
2023-08-12 10:35:42.105000,-6.385542168674699,-0.819277108433735,-7.566265060240965,-0.7896995708154506,-6.1146535867565905,-7.283874923359901,3.0,0.32434232434232435,3083.1622176591372,-23.08991317522289,-2.9528582250451603,-27.74418740166657,1383.150183150183,-1.0,73.89611365857326,0.32416246474311483,
2023-08-12 10:35:42.112000,-6.397590361445784,-0.8313253012048193,-7.55421686746988,-0.82158185162477,-6.063151440833844,-7.264255058246474,3.0,0.32434232434232435,3083.1622176591372,-23.334187984383195,-3.1818658586329467,-28.04953091311695,1370.6959706959706,-1.0,73.89611365857326,0.32416674438649173,
2023-08-12 10:35:42.120000,-6.36144578313253,-0.8313253012048193,-7.55421686746988,-0.8632740649908032,-6.112201103617412,-7.281422440220723,3.0,0.32434232434232435,3083.1622176591372,-23.624264320261055,-3.3650719655031756,-28.35487442456733,1358.974358974359,-1.0,73.89611365857326,0.3241709320784956,
2023-08-12 10:35:42.128000,-6.36144578313253,-0.8674698795180723,-7.542168674698796,-0.82158185162477,-6.072961373390558,-7.220110361741263,3.0,0.32434232434232435,3083.1622176591372,-23.960142182856476,-3.79255288153371,-28.1716683176971,1348.7179487179487,-1.0,73.89611365857326,0.3241750243307159,
2023-08-12 10:35:42.135000,-6.36144578313253,-0.855421686746988,-7.55421686746988,-0.8951563458001226,-6.0410790925812385,-7.281422440220723,3.0,0.32434232434232435,3083.1622176591372,-23.731134549268692,-3.594079599090962,-28.35487442456733,1338.4615384615383,-1.0,73.89611365857326,0.324179017899316,
2023-08-12 10:35:42.143000,-6.325301204819278,-0.8915662650602411,-7.578313253012048,-0.8877988963825874,-6.009196811771918,-7.305947271612507,3.0,0.32434232434232435,3083.1622176591372,-24.08227958743663,-3.548278072373405,-28.644950760445195,1328.937728937729,-1.0,73.89611365857326,0.3241829097920659,
2023-08-12 10:35:42.151000,-6.301204819277109,-0.9156626506024097,-7.590361445783133,-0.8706315144083384,-5.987124463519313,-7.281422440220723,3.0,0.32389832389832396,3087.388622344071,-24.06701241186411,-3.1971330342054656,-28.85869121846046,1321.6117216117216,-1.0,73.89611365857326,0.32418669727450794,
2023-08-12 10:35:42.158000,-6.27710843373494,-0.9156626506024097,-7.578313253012048,-0.851011649294911,-5.955242182709994,-7.288779889638258,3.0,0.32389832389832396,3087.388622344071,-24.296020045451897,-3.242934560923023,-28.8892255696055,1317.9487179487178,-1.0,73.89611365857326,0.3241903777259463,
2023-08-12 10:35:42.166000,-6.265060240963856,-0.9397590361445783,-7.590361445783133,-0.9343960760269773,-5.989576946658492,-7.313304721030042,3.0,0.32434232434232435,3083.1622176591372,-24.37235592331449,-3.3956063166482138,-29.19456908105588,1319.4139194139193,-1.0,73.89611365857326,0.32419394862195966,
2023-08-12 10:35:42.174000,-6.265060240963856,-0.9518072289156627,-7.578313253012048,-0.9294911097486205,-5.942979767014101,-7.303494788473329,3.0,0.32434232434232435,3083.1622176591372,-24.40289027445953,-3.762018530388672,-29.469378241361223,1323.076923076923,-1.0,73.89611365857326,0.3241974078242409,
2023-08-12 10:35:42.181000,-6.27710843373494,-0.9759036144578314,-7.590361445783133,-0.8877988963825874,-6.004291845493562,-7.34763948497854,3.0,0.32389832389832396,3087.388622344071,-25.013577297360293,-3.975758988403939,-29.69838587494901,1328.2051282051282,-1.0,73.89611365857326,0.3242007536031766,
2023-08-12 10:35:42.189000,-6.301204819277109,-0.9759036144578314,-7.566265060240965,-0.973635806253832,-5.977314530962599,-7.328019619865113,3.0,0.32434232434232435,3083.1622176591372,-25.303653633238156,-3.5635452479459238,-29.88159198181924,1331.135531135531,-1.0,73.89611365857326,0.32420398435110825,
2023-08-12 10:35:42.197000,-6.289156626506024,-0.9879518072289157,-7.590361445783133,-1.0079705702023298,-6.009196811771918,-7.291232372777436,3.0,0.32434232434232435,3083.1622176591372,-25.608997144688537,-3.945224637258901,-30.37014160013985,1334.065934065934,-1.0,73.89611365857326,0.3242070987101692,
2023-08-12 10:35:42.204000,-6.301204819277109,-1.0,-7.578313253012048,-0.9760882893930104,-5.950337216431636,-7.305947271612507,3.0,0.32434232434232435,3083.1622176591372,-25.91434065613892,-3.8994231105413437,-30.935027096323058,1334.7985347985348,-1.0,73.89611365857326,0.3242100957307644,
2023-08-12 10:35:42.212000,-6.313253012048193,-1.0,-7.578313253012048,-0.9540159411404046,-6.011649294911098,-7.278969957081545,3.0,0.32434232434232435,3083.1622176591372,-25.853271953848843,-3.548278072373405,-31.51517976807878,1334.7985347985348,-1.0,73.89611365857326,0.32421297473131816,
2023-08-12 10:35:42.220000,-6.325301204819278,-1.0120481927710845,-7.590361445783133,-0.956468424279583,-5.960147148988351,-7.283874923359901,3.0,0.32434232434232435,3083.1622176591372,-26.158615465299224,-3.6551483013810384,-32.26327137113222,1333.3333333333333,-1.0,73.89611365857326,0.32421573529593645,
2023-08-12 10:35:42.227000,-6.301204819277109,-1.0120481927710845,-7.578313253012048,-1.015328019619865,-6.004291845493562,-7.301042305334151,3.0,0.32434232434232435,3083.1622176591372,-26.769302488199987,-3.7009498280985955,-32.78235534059787,1330.4029304029302,-1.0,73.89611365857326,0.3242183771325106,
2023-08-12 10:35:42.235000,-6.325301204819278,-1.0120481927710845,-7.602409638554217,-0.9908031882280809,-6.058246474555487,-7.323114653586757,3.0,0.32389832389832396,3087.388622344071,-26.769302488199987,-3.7009498280985955,-32.78235534059787,1325.2747252747251,-1.0,73.89611365857326,0.3242209002279154,
2023-08-12 10:35:42.243000,-6.337349397590362,-1.036144578313253,-7.614457831325302,-0.9687308399754752,-6.0410790925812385,-7.293684855916615,3.0,0.32389832389832396,3087.388622344071,-27.379989511100753,-3.2734689120680613,-33.49991259250626,1321.6117216117216,-1.0,73.89611365857326,0.3242233048216451,
2023-08-12 10:35:42.250000,-6.325301204819278,-1.0240963855421688,-7.590361445783133,-0.9809932556713672,-6.055793991416309,-7.340282035561005,3.0,0.32389832389832396,3087.388622344071,-27.624264320261055,-3.5024765456558473,-33.86632480624672,1319.4139194139193,-1.0,73.89611365857326,0.324225591229437,
2023-08-12 10:35:42.258000,-6.373493975903615,-1.036144578313253,-7.566265060240965,-0.9981606376456161,-6.092581238503985,-7.276517473942366,3.0,0.32389832389832396,3087.388622344071,-27.71586737369617,-3.3192704387856184,-34.01899656197191,1320.14652014652,-1.0,73.89611365857326,0.32422775997444137,
2023-08-12 10:35:42.266000,-6.373493975903615,-1.0240963855421688,-7.578313253012048,-1.0055180870631515,-6.102391171060699,-7.330472103004292,3.0,0.32434232434232435,3083.1622176591372,-27.853271953848843,-3.624613950236,-34.23273701998718,1322.3443223443223,-1.0,73.89611365857326,0.324229811778808,
2023-08-12 10:35:42.273000,-6.385542168674699,-1.0240963855421688,-7.614457831325302,-1.0251379521765787,-6.104843654199877,-7.320662170447577,3.0,0.32434232434232435,3083.1622176591372,-28.357088747741972,-3.5788124235184426,-34.84342404288794,1328.2051282051282,-1.0,73.89611365857326,0.32423174770377844,
2023-08-12 10:35:42.281000,-6.409638554216868,-1.0,-7.602409638554217,-0.9466584917228693,-6.190680564071122,-7.352544451256898,3.0,0.32389832389832396,3087.388622344071,-28.662432259192354,-3.9604918128314197,-34.660217936017716,1335.5311355311355,-1.0,73.89611365857326,0.32423356916162294,
2023-08-12 10:35:42.289000,-6.481927710843374,-0.9879518072289157,-7.578313253012048,-0.9245861434702636,-6.215205395462906,-7.313304721030042,3.0,0.32434232434232435,3083.1622176591372,-29.05937882407785,-3.991026163976458,-34.78235534059787,1343.5897435897434,-1.0,73.89611365857326,0.3242352776186646,
2023-08-12 10:35:42.296000,-6.506024096385542,-0.963855421686747,-7.566265060240965,-0.956468424279583,-6.212752912323728,-7.330472103004292,3.0,0.32434232434232435,3083.1622176591372,-29.379989511100753,-4.342171202144397,-34.797622516170385,1350.9157509157508,-1.0,73.89611365857326,0.3242368747133238,
2023-08-12 10:35:42.304000,-6.518072289156627,-0.963855421686747,-7.55421686746988,-0.8927038626609441,-6.220110361741263,-7.251992642550582,3.0,0.32434232434232435,3083.1622176591372,-29.471592564535865,-4.4795757822970685,-34.858691218460464,1355.3113553113553,-1.0,73.89611365857326,0.32423836240529647,
2023-08-12 10:35:42.311000,-6.530120481927711,-0.9277108433734941,-7.55421686746988,-0.973635806253832,-6.264255058246475,-7.244635193133047,3.0,0.32434232434232435,3083.1622176591372,-29.471592564535865,-4.876522347182565,-35.27090495891848,1356.0439560439559,-1.0,73.89611365857326,0.3242397428265256,
2023-08-12 10:35:42.319000,-6.518072289156627,-0.9036144578313253,-7.518072289156627,-0.8755364806866952,-6.261802575107295,-7.20784794604537,3.0,0.32434232434232435,3083.1622176591372,-29.91434065613892,-4.647514713594779,-35.438843890216184,1354.5787545787546,-1.0,73.89611365857326,0.3242410182706519,
2023-08-12 10:35:42.327000,-6.542168674698796,-0.8795180722891567,-7.493975903614459,-0.8191293684855916,-6.212752912323728,-7.225015328019619,3.0,0.32434232434232435,3083.1622176591372,-30.265485694306857,-5.166598683060427,-35.71365305052153,1352.3809523809523,-1.0,73.89611365857326,0.3242421911822476,
2023-08-12 10:35:42.334000,-6.506024096385542,-0.855421686746988,-7.481927710843374,-0.8485591661557327,-6.215205395462906,-7.222562844880441,3.0,0.32389832389832396,3087.388622344071,-30.05174523629159,-5.334537614358138,-35.94266068410931,1349.4505494505493,-1.0,73.89611365857326,0.32424326414589033,
2023-08-12 10:35:42.342000,-6.506024096385542,-0.855421686746988,-7.445783132530121,-0.8313917841814837,-6.212752912323728,-7.185775597792765,3.0,0.32434232434232435,3083.1622176591372,-30.265485694306857,-6.403239904434473,-36.09533243983451,1345.7875457875457,-1.0,73.89611365857326,0.32424423972583855,
2023-08-12 10:35:42.350000,-6.46987951807229,-0.819277108433735,-7.457831325301205,-0.8191293684855916,-6.200490496627835,-7.161250766400981,3.0,0.32434232434232435,3083.1622176591372,-30.173882640871742,-6.540644484587145,-35.75945457723909,1344.3223443223442,-1.0,73.89611365857326,0.3242451205823651,
2023-08-12 10:35:42.357000,-6.445783132530121,-0.819277108433735,-7.445783132530121,-0.7725321888412017,-6.134273451870018,-7.168608215818516,3.0,0.32434232434232435,3083.1622176591372,-30.128081114154185,-6.907056698327603,-35.789988928384126,1342.8571428571427,-1.0,73.89611365857326,0.3242459096196137,
2023-08-12 10:35:42.365000,-6.421686746987952,-0.8072289156626506,-7.409638554216868,-0.7872470876762722,-6.161250766400981,-7.1072961373390555,3.0,0.32389832389832396,3087.388622344071,-30.036478060719073,-6.95285822504516,-35.423576714643666,1339.194139194139,-1.0,73.89611365857326,0.3242466098356349,
2023-08-12 10:35:42.373000,-6.421686746987952,-0.819277108433735,-7.421686746987953,-0.7823421213979154,-6.168608215818516,-7.134273451870018,3.0,0.32434232434232435,3083.1622176591372,-29.731134549268692,-6.525377309014626,-35.1335003787658,1330.4029304029302,-1.0,73.89611365857326,0.324247224161989,
2023-08-12 10:35:42.380000,-6.433734939759036,-0.8433734939759037,-7.421686746987953,-0.8044144696505211,-6.168608215818516,-7.163703249540159,3.0,0.32389832389832396,3087.388622344071,-30.2196841675893,-6.46430860672455,-34.84342404288794,1322.3443223443223,-1.0,73.89611365857326,0.32424775558021895,
2023-08-12 10:35:42.388000,-6.457831325301205,-0.8072289156626506,-7.433734939759036,-0.7872470876762722,-6.168608215818516,-7.097486204782342,3.0,0.32389832389832396,3087.388622344071,-30.189149816444264,-5.899423110541344,-34.52281335586504,1315.018315018315,-1.0,73.89611365857326,0.32424820712075897,
2023-08-12 10:35:42.396000,-6.46987951807229,-0.7951807228915663,-7.385542168674699,-0.7578172900061312,-6.14653586756591,-7.095033721643163,3.0,0.32434232434232435,3083.1622176591372,-29.975409358428994,-5.731484179243633,-34.46174465357497,1308.4249084249084,-1.0,73.89611365857326,0.32424858183039007,
2023-08-12 10:35:42.403000,-6.493975903614458,-0.7710843373493976,-7.397590361445784,-0.7480073574494175,-6.234825260576333,-7.1514408338442665,3.0,0.32434232434232435,3083.1622176591372,-30.418157450032048,-5.487209370083328,-34.980828623040615,1305.4945054945053,-1.0,73.89611365857326,0.3242488828890989,
2023-08-12 10:35:42.411000,-6.518072289156627,-0.7349397590361446,-7.373493975903615,-0.7431023911710607,-6.1931330472103,-7.080318822808093,3.0,0.32434232434232435,3083.1622176591372,-30.2196841675893,-4.9223238739001225,-34.919759920750536,1305.4945054945053,-1.0,73.89611365857326,0.32424911349244684,
2023-08-12 10:35:42.419000,-6.530120481927711,-0.7228915662650602,-7.349397590361447,-0.7185775597792765,-6.251992642550582,-7.055793991416309,3.0,0.32434232434232435,3083.1622176591372,-30.265485694306857,-4.907056698327603,-35.57624847036886,1309.1575091575091,-1.0,73.89611365857326,0.3242492768519147,
2023-08-12 10:35:42.426000,-6.530120481927711,-0.710843373493976,-7.301204819277109,-0.6351931330472103,-6.27161250766401,-7.1072961373390555,3.0,0.32434232434232435,3083.1622176591372,-29.883806304993882,-4.784919293747451,-36.00372938639939,1312.087912087912,-1.0,73.89611365857326,0.32424937618513905,
2023-08-12 10:35:42.434000,-6.55421686746988,-0.674698795180723,-7.337349397590362,-0.6474555487431024,-6.296137339055794,-7.0410790925812385,3.0,0.32389832389832396,3087.388622344071,-29.792203251558767,-5.120797156342871,-36.248004195559695,1314.2857142857142,-1.0,73.89611365857326,0.3242494147066237,
2023-08-12 10:35:42.442000,-6.542168674698796,-0.674698795180723,-7.325301204819278,-0.6082158185162476,-6.308399754751686,-7.023911710606989,3.0,0.32434232434232435,3083.1622176591372,-29.731134549268692,-5.242934560923023,-36.248004195559695,1314.2857142857142,-1.0,73.89611365857326,0.32424939546966075,
2023-08-12 10:35:42.449000,-6.542168674698796,-0.6265060240963856,-7.337349397590362,-0.6793378295524218,-6.229920294297976,-7.043531575720417,3.0,0.32434232434232435,3083.1622176591372,-29.624264320261055,-5.395606316648213,-36.38540877571237,1315.018315018315,-1.0,73.89611365857326,0.324249321485503,
2023-08-12 10:35:42.457000,-6.518072289156627,-0.6265060240963856,-7.349397590361447,-0.5763335377069282,-6.291232372777436,-7.050889025137952,3.0,0.32389832389832396,3087.388622344071,-29.135714701940447,-4.907056698327603,-35.71365305052153,1315.018315018315,-1.0,73.89611365857326,0.32424919587461576,
2023-08-12 10:35:42.465000,-6.481927710843374,-0.6265060240963856,-7.337349397590362,-0.5469037400367872,-6.320662170447577,-7.00674432863274,3.0,0.32389832389832396,3087.388622344071,-29.166249053085483,-4.601713186877221,-35.40830953907115,1317.9487179487178,-1.0,73.89611365857326,0.3242490215713462,
2023-08-12 10:35:42.472000,-6.481927710843374,-0.6144578313253012,-7.349397590361447,-0.5346413243408952,-6.229920294297976,-7.019006744328633,3.0,0.32389832389832396,3087.388622344071,-28.89143989278014,-3.929957461686382,-35.01136297418565,1320.14652014652,-1.0,73.89611365857326,0.32424880129536865,
2023-08-12 10:35:42.480000,-6.46987951807229,-0.6024096385542169,-7.2771084337349405,-0.5444512568976088,-6.2323727774371545,-7.028816676885346,3.0,0.32434232434232435,3083.1622176591372,-28.662432259192354,-3.3345376143581373,-34.248004195559695,1322.3443223443223,-1.0,73.89611365857326,0.3242485376826909,
2023-08-12 10:35:42.488000,-6.481927710843374,-0.5903614457831325,-7.2771084337349405,-0.6180257510729613,-6.1955855303494785,-6.967504598405886,3.0,0.32389832389832396,3087.388622344071,-28.540294854612203,-2.8459879960375267,-33.927393508536795,1323.076923076923,-1.0,73.89611365857326,0.3242482334276529,
2023-08-12 10:35:42.495000,-6.506024096385542,-0.6024096385542169,-7.301204819277109,-0.5640711220110362,-6.215205395462906,-7.023911710606989,3.0,0.32389832389832396,3087.388622344071,-28.189149816444264,-1.9299574616863817,-33.19456908105588,1320.8791208791208,-1.0,73.89611365857326,0.3242478911486802,
2023-08-12 10:35:42.503000,-6.493975903614458,-0.6024096385542169,-7.301204819277109,-0.49540159411404044,-6.215205395462906,-6.984671980380135,3.0,0.32389832389832396,3087.388622344071,-27.822737602703803,-1.777285705961191,-33.362508012353594,1316.4835164835165,-1.0,73.89611365857326,0.3242475132229908,
2023-08-12 10:35:42.511000,-6.493975903614458,-0.6144578313253012,-7.289156626506024,-0.522378908645003,-6.225015328019619,-7.036174126302881,3.0,0.32389832389832396,3087.388622344071,-27.822737602703803,-1.777285705961191,-33.362508012353594,1312.087912087912,-1.0,73.89611365857326,0.3242471019196642,
2023-08-12 10:35:42.518000,-6.542168674698796,-0.5903614457831325,-7.301204819277109,-0.5910484365419988,-6.244635193133047,-7.033721643163703,3.0,0.32434232434232435,3083.1622176591372,-27.54792844239846,-1.013926927335237,-32.52281335586504,1306.9597069597069,-1.0,73.89611365857326,0.3242466593944475,
2023-08-12 10:35:42.526000,-6.518072289156627,-0.6024096385542169,-7.289156626506024,-0.5567136725935009,-6.244635193133047,-7.001839362354383,3.0,0.32389832389832396,3087.388622344071,-27.150981877512965,-0.5101101334421071,-32.477011829147486,1304.7619047619046,-1.0,73.89611365857326,0.324246187834347,
2023-08-12 10:35:42.534000,-6.542168674698796,-0.5903614457831325,-7.313253012048193,-0.5248313917841815,-6.276517473942366,-6.996934396076027,3.0,0.32434232434232435,3083.1622176591372,-26.43342462560457,-0.43377425557951166,-32.492279004720004,1301.098901098901,-1.0,73.89611365857326,0.32424568932600184,
2023-08-12 10:35:42.541000,-6.542168674698796,-0.5662650602409639,-7.325301204819278,-0.5003065603923973,-6.2323727774371545,-7.026364193746168,3.0,0.32389832389832396,3087.388622344071,-25.853271953848843,-0.4032399044344735,-32.21746984441466,1297.4358974358975,-1.0,73.89611365857326,0.32424516584232616,
2023-08-12 10:35:42.549000,-6.530120481927711,-0.6024096385542169,-7.337349397590362,-0.5150214592274678,-6.27161250766401,-7.033721643163703,3.0,0.32389832389832396,3087.388622344071,-25.105180350795408,-1.059728454052794,-32.46174465357497,1293.7728937728937,-1.0,73.89611365857326,0.3242446193895548,
2023-08-12 10:35:42.557000,-6.506024096385542,-0.6024096385542169,-7.337349397590362,-0.5738810545677498,-6.259350091968117,-7.0999386879215205,3.0,0.32389832389832396,3087.388622344071,-24.967775770642735,-0.7849192937474506,-32.248004195559695,1292.3076923076922,-1.0,73.89611365857326,0.3242440516866208,
2023-08-12 10:35:42.564000,-6.481927710843374,-0.6024096385542169,-7.373493975903615,-0.5419987737584304,-6.175965665236051,-7.082771305947271,3.0,0.32434232434232435,3083.1622176591372,-24.448691801177088,-0.5559116601596643,-32.00372938639939,1293.040293040293,-1.0,73.89611365857326,0.32424346417439526,
2023-08-12 10:35:42.572000,-6.457831325301205,-0.6144578313253012,-7.373493975903615,-0.6253832004904966,-6.180870631514408,-7.112201103617412,3.0,0.32434232434232435,3083.1622176591372,-24.173882640871742,-0.4490414311520307,-31.88159198181924,1298.9010989010987,-1.0,73.89611365857326,0.32424285831263855,
2023-08-12 10:35:42.580000,-6.46987951807229,-0.6265060240963856,-7.397590361445784,-0.539546290619252,-6.222562844880441,-7.0778663396689145,3.0,0.32434232434232435,3083.1622176591372,-23.624264320261055,-0.14369791970164908,-31.774721752811605,1307.6923076923076,-1.0,73.89611365857326,0.32424223560068244,
2023-08-12 10:35:42.587000,-6.421686746987952,-0.6506024096385542,-7.433734939759036,-0.640098099325567,-6.1146535867565905,-7.1514408338442665,3.0,0.32434232434232435,3083.1622176591372,-23.39525668667327,0.13111124060369442,-31.56098129479634,1319.4139194139193,-1.0,73.89611365857326,0.32424159743960945,
2023-08-12 10:35:42.595000,-6.433734939759036,-0.674698795180723,-7.409638554216868,-0.6597179644389944,-6.1587982832618025,-7.156345800122624,3.0,0.32389832389832396,3087.388622344071,-23.36472233552823,0.23798146961132802,-31.39304236349863,1338.4615384615383,-1.0,73.89611365857326,0.324240945133785,
2023-08-12 10:35:42.603000,-6.397590361445784,-0.6867469879518072,-7.421686746987953,-0.6548129981606376,-6.126916002452483,-7.141630901287553,3.0,0.32434232434232435,3083.1622176591372,-23.54792844239846,0.9402715459472059,-31.2098362566284,1366.3003663003662,-1.0,73.89611365857326,0.3242402797436821,
2023-08-12 10:35:42.610000,-6.385542168674699,-0.7228915662650602,-7.481927710843374,-0.6425505824647455,-6.1440833844267315,-7.212752912323728,3.0,0.32389832389832396,3087.388622344071,-23.379989511100753,0.7112639123594195,-30.919759920750536,1402.197802197802,-1.0,73.89611365857326,0.32423960221597165,
2023-08-12 10:35:42.618000,-6.397590361445784,-0.7349397590361446,-7.493975903614459,-0.6842427958307786,-6.153893316983446,-7.20784794604537,3.0,0.32389832389832396,3087.388622344071,-23.013577297360293,0.772332614649496,-30.644950760445195,1445.4212454212454,-1.0,73.89611365857326,0.3242389133963714,
2023-08-12 10:35:42.626000,-6.409638554216868,-0.746987951807229,-7.530120481927711,-0.7774371551195585,-6.124463519313305,-7.244635193133047,3.0,0.32434232434232435,3083.1622176591372,-22.952508595070217,0.9860730726647631,-30.55334770701008,1493.040293040293,-1.0,73.89611365857326,0.32423821387253776,
2023-08-12 10:35:42.633000,-6.397590361445784,-0.7590361445783133,-7.542168674698796,-0.6916002452483139,-6.141630901287553,-7.25444512568976,3.0,0.32389832389832396,3087.388622344071,-23.105180350795408,0.6654623856418623,-30.950294271895576,1542.1245421245421,-1.0,73.89611365857326,0.3242375042644112,
2023-08-12 10:35:42.641000,-6.397590361445784,-0.819277108433735,-7.55421686746988,-0.7136725935009196,-6.080318822808093,-7.28632740649908,3.0,0.32434232434232435,3083.1622176591372,-23.349455159955713,0.39065322533651886,-30.73655381388031,1591.9413919413919,-1.0,73.89611365857326,0.32423678509935766,
2023-08-12 10:35:42.649000,-6.421686746987952,-0.819277108433735,-7.55421686746988,-0.7700797057020232,-6.124463519313305,-7.259350091968117,3.0,0.32389832389832396,3087.388622344071,-22.9372414194977,0.28378299632888526,-30.629683584872677,1641.0256410256409,-1.0,73.89611365857326,0.3242360568053111,
2023-08-12 10:35:42.656000,-6.409638554216868,-0.8313253012048193,-7.566265060240965,-0.7798896382587369,-6.1587982832618025,-7.249540159411404,3.0,0.32434232434232435,3083.1622176591372,-22.90670706835266,0.19217994289377077,-30.87395839403298,1685.7142857142856,-1.0,73.89611365857326,0.32423531972527636,
2023-08-12 10:35:42.664000,-6.421686746987952,-0.8433734939759037,-7.602409638554217,-0.7602697731453096,-6.102391171060699,-7.274064990803188,3.0,0.32434232434232435,3083.1622176591372,-23.105180350795408,-0.05209486626653457,-30.919759920750536,1725.2747252747251,-1.0,73.89611365857326,0.32423457411102463,
2023-08-12 10:35:42.672000,-6.385542168674699,-0.8313253012048193,-7.614457831325302,-0.8068669527896996,-6.063151440833844,-7.278969957081545,3.0,0.32434232434232435,3083.1622176591372,-23.21205057980304,-0.6627818891672979,-31.164034729910842,1757.5091575091574,-1.0,73.89611365857326,0.32423382028738035,
2023-08-12 10:35:42.679000,-6.349397590361446,-0.855421686746988,-7.614457831325302,-0.8412017167381973,-6.05334150827713,-7.335377069282648,3.0,0.32434232434232435,3083.1622176591372,-23.181516228658005,-1.0902628051978323,-31.179301905483364,1783.150183150183,-1.0,73.89611365857326,0.3242330585189238,
2023-08-12 10:35:42.687000,-6.337349397590362,-0.8795180722891567,-7.650602409638554,-0.8779889638258737,-6.031269160024524,-7.364806866952789,3.0,0.32434232434232435,3083.1622176591372,-23.5784627935435,-0.9528582250451605,-31.148767554338324,1800.7326007326005,-1.0,73.89611365857326,0.32423228901570134,
2023-08-12 10:35:42.694000,-6.337349397590362,-0.8674698795180723,-7.650602409638554,-0.8461066830165542,-6.0705088902513795,-7.377069282648681,3.0,0.32389832389832396,3087.388622344071,-23.532661266825944,-1.212400209777985,-31.72892022609405,1808.7912087912086,-1.0,73.89611365857326,0.3242315119391597,
2023-08-12 10:35:42.702000,-6.325301204819278,-0.8795180722891567,-7.710843373493976,-0.86817903126916,-6.001839362354383,-7.404046597179644,3.0,0.32389832389832396,3087.388622344071,-23.944875007283958,-1.3650719655031758,-31.316706485636033,1808.7912087912086,-1.0,73.89611365857326,0.32423072725897256,
2023-08-12 10:35:42.710000,-6.36144578313253,-0.8915662650602411,-7.698795180722892,-0.8362967504598405,-6.082771305947271,-7.389331698344574,3.0,0.32434232434232435,3083.1622176591372,-23.92960783171144,-1.4566750189382902,-31.118233203193284,1799.2673992673992,-1.0,73.89611365857326,0.32422993473743394,
2023-08-12 10:35:42.717000,-6.373493975903615,-0.8915662650602411,-7.698795180722892,-0.8583690987124463,-6.080318822808093,-7.404046597179644,3.0,0.32389832389832396,3087.388622344071,-24.341821572169454,-1.2582017364955422,-31.05716450090321,1784.6153846153845,-1.0,73.89611365857326,0.3242291342221963,
2023-08-12 10:35:42.725000,-6.385542168674699,-0.8795180722891567,-7.662650602409639,-0.8583690987124463,-6.082771305947271,-7.367259350091968,3.0,0.32434232434232435,3083.1622176591372,-24.37235592331449,-1.4872093700833284,-31.24037060777344,1764.102564102564,-1.0,73.89611365857326,0.3242283255234354,
2023-08-12 10:35:42.733000,-6.421686746987952,-0.855421686746988,-7.650602409638554,-0.8289393010423053,-6.178418148375229,-7.389331698344574,3.0,0.32389832389832396,3087.388622344071,-24.90670706835266,-1.4108734922207329,-31.072431676475727,1741.3919413919414,758.331298828125,79.12109139200773,0.3242275084086489,
2023-08-12 10:35:42.740000,-6.46987951807229,-0.8795180722891567,-7.638554216867471,-0.7700797057020232,-6.185775597792765,-7.357449417535254,3.0,0.32389832389832396,3087.388622344071,-24.952508595070217,-1.807820057106229,-31.05716450090321,1717.9487179487178,-1.0,79.12109139200773,0.3242266826184514,
2023-08-12 10:35:42.748000,-6.481927710843374,-0.855421686746988,-7.626506024096386,-0.8657265481299815,-6.198038013488657,-7.345187001839362,3.0,0.32389832389832396,3087.388622344071,-24.70823378590991,-2.281102499854321,-31.652584348231454,1695.2380952380952,-1.0,79.12109139200773,0.3242258475731507,
2023-08-12 10:35:42.756000,-6.530120481927711,-0.8313253012048193,-7.650602409638554,-0.8289393010423053,-6.229920294297976,-7.362354383813611,3.0,0.32434232434232435,3083.1622176591372,-24.90670706835266,-2.5864460113047025,-32.049530913116946,1673.260073260073,-1.0,79.12109139200773,0.3242250025361019,
2023-08-12 10:35:42.763000,-6.518072289156627,-0.8313253012048193,-7.602409638554217,-0.7725321888412017,-6.1931330472103,-7.359901900674433,3.0,0.32434232434232435,3083.1622176591372,-25.24258493094808,-3.258201736495542,-32.049530913116946,1649.8168498168498,-1.0,79.12109139200773,0.3242241469149727,
2023-08-12 10:35:42.771000,-6.518072289156627,-0.819277108433735,-7.626506024096386,-0.7529123237277743,-6.229920294297976,-7.372164316370324,3.0,0.32434232434232435,3083.1622176591372,-24.845638366062584,-4.082629217411572,-32.248004195559695,1626.3736263736262,-1.0,79.12109139200773,0.32422328028621955,
2023-08-12 10:35:42.779000,-6.518072289156627,-0.819277108433735,-7.626506024096386,-0.745554874310239,-6.242182709993869,-7.406499080318822,3.0,0.32389832389832396,3087.388622344071,-24.983042946215257,-4.662781889167298,-31.759454577239087,1602.9304029304028,-1.0,79.12109139200773,0.3242224023992887,
2023-08-12 10:35:42.786000,-6.493975903614458,-0.8072289156626506,-7.614457831325302,-0.7676272225628449,-6.27161250766401,-7.318209687308399,3.0,0.32389832389832396,3087.388622344071,-24.983042946215257,-4.662781889167298,-31.759454577239087,1579.4871794871794,-1.0,79.12109139200773,0.32422151287247364,
2023-08-12 10:35:42.794000,-6.518072289156627,-0.7951807228915663,-7.650602409638554,-0.7823421213979154,-6.222562844880441,-7.315757204169221,3.0,0.32389832389832396,3087.388622344071,-24.860905541635102,-4.95285822504516,-31.36250801235359,1558.2417582417581,-1.0,79.12109139200773,0.3242206111865107,
2023-08-12 10:35:42.802000,-6.493975903614458,-0.7951807228915663,-7.614457831325302,-0.8191293684855916,-6.256897608828939,-7.283874923359901,3.0,0.32389832389832396,3087.388622344071,-25.08991317522289,-5.242934560923023,-31.148767554338324,1536.9963369963368,-1.0,79.12109139200773,0.3242196968159762,
2023-08-12 10:35:42.809000,-6.506024096385542,-0.783132530120482,-7.614457831325302,-0.7431023911710607,-6.237277743715512,-7.350091968117718,3.0,0.32434232434232435,3083.1622176591372,-24.87617271720762,-5.212400209777985,-30.461744653574964,1519.4139194139193,-1.0,79.12109139200773,0.32421876910397784,
2023-08-12 10:35:42.817000,-6.518072289156627,-0.819277108433735,-7.578313253012048,-0.7480073574494175,-6.242182709993869,-7.298589822194972,3.0,0.32389832389832396,3087.388622344071,-24.616630732474796,-5.5940795990909615,-30.21746984441466,1500.3663003663003,-1.0,79.12109139200773,0.32421782770140445,
2023-08-12 10:35:42.825000,-6.542168674698796,-0.8072289156626506,-7.578313253012048,-0.7602697731453096,-6.269160024524831,-7.274064990803188,3.0,0.32434232434232435,3083.1622176591372,-24.647165083619836,-5.5940795990909615,-29.912126332964277,1485.7142857142856,-1.0,79.12109139200773,0.3242168722820862,
2023-08-12 10:35:42.832000,-6.542168674698796,-0.8072289156626506,-7.566265060240965,-0.733292458614347,-6.249540159411404,-7.298589822194972,3.0,0.32434232434232435,3083.1622176591372,-24.631897908047318,-5.624613950236,-29.86632480624672,1473.260073260073,-1.0,79.12109139200773,0.3242159024070274,
2023-08-12 10:35:42.840000,-6.542168674698796,-0.819277108433735,-7.566265060240965,-0.7136725935009196,-6.23973022685469,-7.244635193133047,3.0,0.32389832389832396,3087.388622344071,-24.58609638132976,-6.968125400617679,-29.423576714643666,1460.8058608058607,-1.0,79.12109139200773,0.3242149178355788,
2023-08-12 10:35:42.848000,-6.542168674698796,-0.819277108433735,-7.530120481927711,-0.8019619865113427,-6.247087676272225,-7.210300429184549,3.0,0.32389832389832396,3087.388622344071,-24.40289027445953,-7.1513315074879085,-29.835790455101684,1446.153846153846,-1.0,79.12109139200773,0.3242139182400938,
2023-08-12 10:35:42.855000,-6.506024096385542,-0.8313253012048193,-7.518072289156627,-0.7995095033721643,-6.227467811158798,-7.242182709993869,3.0,0.32389832389832396,3087.388622344071,-24.43342462560457,-7.5940795990909615,-29.942660684109317,1432.2344322344322,-1.0,79.12109139200773,0.3242129033254443,
2023-08-12 10:35:42.863000,-6.481927710843374,-0.8433734939759037,-7.506024096385542,-0.8044144696505211,-6.207847946045371,-7.205395462906192,3.0,0.32389832389832396,3087.388622344071,-24.23495134316182,-8.052094866266534,-29.835790455101684,1418.3150183150183,-1.0,79.12109139200773,0.32421187280952324,
2023-08-12 10:35:42.871000,-6.46987951807229,-0.819277108433735,-7.481927710843374,-0.7431023911710607,-6.161250766400981,-7.212752912323728,3.0,0.32434232434232435,3083.1622176591372,-24.52502767903968,-8.067362041839054,-30.125866790979543,1405.8608058608058,-1.0,79.12109139200773,0.32421082629624637,
2023-08-12 10:35:42.878000,-6.409638554216868,-0.819277108433735,-7.493975903614459,-0.7921520539546291,-6.102391171060699,-7.1931330472103,3.0,0.32389832389832396,3087.388622344071,-24.769302488199987,-8.601713186877221,-30.35487442456733,1393.4065934065934,-1.0,79.12109139200773,0.32420976357428577,
2023-08-12 10:35:42.886000,-6.409638554216868,-0.8433734939759037,-7.493975903614459,-0.7651747394236664,-6.1146535867565905,-7.249540159411404,3.0,0.32434232434232435,3083.1622176591372,-24.08227958743663,-8.433774255579511,-30.415943126857407,1382.4175824175823,-1.0,79.12109139200773,0.3242086844895251,
2023-08-12 10:35:42.894000,-6.36144578313253,-0.8313253012048193,-7.46987951807229,-0.8093194359288779,-6.0410790925812385,-7.1808706315144075,3.0,0.32389832389832396,3087.388622344071,-24.43342462560457,-8.876522347182565,-30.156401142124583,1372.161172161172,-1.0,79.12109139200773,0.32420758893501944,
2023-08-12 10:35:42.901000,-6.36144578313253,-0.819277108433735,-7.445783132530121,-0.8362967504598405,-6.060698957694665,-7.14653586756591,3.0,0.32389832389832396,3087.388622344071,-24.25021851873434,-8.678049064739817,-29.69838587494901,1362.6373626373625,-1.0,79.12109139200773,0.32420647686184806,
2023-08-12 10:35:42.909000,-6.373493975903615,-0.819277108433735,-7.421686746987953,-0.7602697731453096,-6.1440833844267315,-7.20784794604537,3.0,0.32389832389832396,3087.388622344071,-24.2196841675893,-8.403239904434473,-29.942660684109317,1356.0439560439559,-1.0,79.12109139200773,0.32420534811943297,
2023-08-12 10:35:42.917000,-6.409638554216868,-0.783132530120482,-7.397590361445784,-0.7529123237277743,-6.102391171060699,-7.112201103617412,3.0,0.32389832389832396,3087.388622344071,-24.677699434764875,-7.777285705961191,-30.01899656197191,1353.113553113553,-1.0,79.12109139200773,0.32420420273221257,
2023-08-12 10:35:42.924000,-6.421686746987952,-0.746987951807229,-7.433734939759036,-0.7136725935009196,-6.14653586756591,-7.08522378908645,3.0,0.32389832389832396,3087.388622344071,-24.601363556902278,-7.487209370083328,-29.54571411922382,1354.5787545787546,-1.0,79.12109139200773,0.32420304073942735,
2023-08-12 10:35:42.932000,-6.506024096385542,-0.7228915662650602,-7.409638554216868,-0.6548129981606376,-6.198038013488657,-7.0705088902513795,3.0,0.32389832389832396,3087.388622344071,-24.616630732474796,-7.13606433191539,-29.69838587494901,1358.2417582417581,-1.0,79.12109139200773,0.3242018620661657,
2023-08-12 10:35:42.940000,-6.518072289156627,-0.7228915662650602,-7.349397590361447,-0.6253832004904966,-6.249540159411404,-7.072961373390558,3.0,0.32389832389832396,3087.388622344071,-24.494493327894645,-6.46430860672455,-29.820523279529162,1361.904761904762,-1.0,79.12109139200773,0.32420066667086955,
2023-08-12 10:35:42.947000,-6.590361445783133,-0.710843373493976,-7.349397590361447,-0.6597179644389944,-6.288779889638258,-7.043531575720417,3.0,0.32389832389832396,3087.388622344071,-24.509760503467163,-5.9299574616863815,-29.957927859681835,1364.8351648351647,-1.0,79.12109139200773,0.32419945454331456,
2023-08-12 10:35:42.955000,-6.626506024096386,-0.674698795180723,-7.325301204819278,-0.6082158185162476,-6.386879215205395,-7.021459227467811,3.0,0.32389832389832396,3087.388622344071,-24.631897908047318,-5.181865858632946,-30.32434007342229,1365.5677655677655,-1.0,79.12109139200773,0.32419822570236856,
2023-08-12 10:35:42.963000,-6.662650602409639,-0.6144578313253012,-7.301204819277109,-0.5714285714285714,-6.386879215205395,-6.996934396076027,3.0,0.32389832389832396,3087.388622344071,-24.28075286987938,-4.46430860672455,-30.38540877571237,1364.102564102564,-1.0,79.12109139200773,0.32419698019354454,
2023-08-12 10:35:42.970000,-6.674698795180723,-0.5903614457831325,-7.301204819277109,-0.5640711220110362,-6.362354383813611,-6.972409564684242,3.0,0.32389832389832396,3087.388622344071,-24.143348289726706,-4.189499446419206,-30.01899656197191,1364.102564102564,-1.0,79.12109139200773,0.3241957180863697,
2023-08-12 10:35:42.978000,-6.674698795180723,-0.5662650602409639,-7.240963855421687,-0.5199264255058246,-6.453096259963212,-6.950337216431636,3.0,0.32389832389832396,3087.388622344071,-23.838004778276325,-4.204766621991725,-30.492279004720004,1362.6373626373625,-1.0,79.12109139200773,0.324194439471587,
2023-08-12 10:35:42.986000,-6.650602409638554,-0.5662650602409639,-7.228915662650603,-0.5125689760882893,-6.364806866952789,-6.91354996934396,3.0,0.32389832389832396,3087.388622344071,-23.624264320261055,-4.647514713594779,-29.774721752811605,1361.904761904762,-1.0,79.12109139200773,0.3241931444582094,
2023-08-12 10:35:42.993000,-6.614457831325302,-0.5542168674698795,-7.216867469879518,-0.5174739423666462,-6.33292458614347,-6.928264868179031,3.0,0.32389832389832396,3087.388622344071,-22.677699434764875,-4.632247538022259,-28.996095798613133,1362.6373626373625,-1.0,79.12109139200773,0.3241918331704499,
2023-08-12 10:35:43.001000,-6.578313253012048,-0.5421686746987953,-7.240963855421687,-0.46106683016554256,-6.335377069282648,-6.923359901900674,3.0,0.32389832389832396,3087.388622344071,-22.173882640871742,-4.571178835732184,-28.034263737544432,1362.6373626373625,-1.0,79.12109139200773,0.3241905057445499,
2023-08-12 10:35:43.009000,-6.566265060240964,-0.5421686746987953,-7.240963855421687,-0.5150214592274678,-6.310852237890864,-6.93071735131821,3.0,0.32389832389832396,3087.388622344071,-21.670065846978613,-4.433774255579512,-26.965561447468094,1362.6373626373625,-1.0,79.12109139200773,0.32418916246427637,
2023-08-12 10:35:43.016000,-6.566265060240964,-0.5180722891566265,-7.2048192771084345,-0.49540159411404044,-6.303494788473329,-6.935622317596566,3.0,0.32389832389832396,3087.388622344071,-20.525027679039685,-3.6856826525260766,-25.316706485636033,1362.6373626373625,-1.0,79.12109139200773,0.3241878037372353,
2023-08-12 10:35:43.024000,-6.542168674698796,-0.5301204819277109,-7.240963855421687,-0.48313917841814835,-6.291232372777436,-6.871857755977928,3.0,0.32434232434232435,3083.1622176591372,-20.05174523629159,-3.090262805197832,-24.492279004720004,1359.7069597069597,-1.0,79.12109139200773,0.32418642980479145,
2023-08-12 10:35:43.032000,-6.578313253012048,-0.5060240963855422,-7.2048192771084345,-0.46106683016554256,-6.39423666462293,-6.903740036787247,3.0,0.32389832389832396,3087.388622344071,-19.07464599965037,-2.510110133442107,-23.438843890216187,1355.3113553113553,-1.0,79.12109139200773,0.3241850409095011,
2023-08-12 10:35:43.039000,-6.590361445783133,-0.5060240963855422,-7.168674698795181,-0.49540159411404044,-6.364806866952789,-6.91354996934396,3.0,0.32389832389832396,3087.388622344071,-18.37235592331449,-1.6704154769535573,-22.828156867315425,1350.9157509157508,-1.0,79.12109139200773,0.32418363731326544,
2023-08-12 10:35:43.047000,-6.566265060240964,-0.4819277108433735,-7.1807228915662655,-0.4414469650521152,-6.296137339055794,-6.876762722256284,3.0,0.32389832389832396,3087.388622344071,-17.41052386224579,-1.0902628051978323,-22.35487442456733,1342.8571428571427,-1.0,79.12109139200773,0.32418221913472056,
2023-08-12 10:35:43.054000,-6.590361445783133,-0.4819277108433735,-7.2048192771084345,-0.5150214592274678,-6.266707541385653,-6.889025137952176,3.0,0.32389832389832396,3087.388622344071,-16.860905541635102,-0.34217120214439717,-22.095332439834507,1334.7985347985348,-1.0,79.12109139200773,0.3241807864845693,
2023-08-12 10:35:43.062000,-6.578313253012048,-0.5060240963855422,-7.2048192771084345,-0.49540159411404044,-6.320662170447577,-6.889025137952176,3.0,0.32389832389832396,3087.388622344071,-16.860905541635102,-0.34217120214439717,-22.095332439834507,1325.2747252747251,-1.0,79.12109139200773,0.3241793394622643,
2023-08-12 10:35:43.070000,-6.542168674698796,-0.5301204819277109,-7.1807228915662655,-0.43899448191293683,-6.261802575107295,-6.800735744941753,3.0,0.32389832389832396,3087.388622344071,-16.37235592331449,0.23798146961132802,-22.186935493269623,1317.9487179487178,-1.0,79.12109139200773,0.32417787815280813,
2023-08-12 10:35:43.077000,-6.518072289156627,-0.5662650602409639,-7.19277108433735,-0.47087676272225626,-6.1735131820968725,-6.8988350705088894,3.0,0.32389832389832396,3087.388622344071,-15.517394091253424,0.6501952100693432,-22.04953091311695,1311.3553113553112,-1.0,79.12109139200773,0.32417640262370107,
2023-08-12 10:35:43.085000,-6.457831325301205,-0.5421686746987953,-7.19277108433735,-0.48313917841814835,-6.151440833844267,-6.911097486204782,3.0,0.32389832389832396,3087.388622344071,-14.73876813705495,0.8944700192296486,-22.141133966552065,1304.7619047619046,-1.0,79.12109139200773,0.3241749129220611,
2023-08-12 10:35:43.093000,-6.349397590361446,-0.5542168674698795,-7.2048192771084345,-0.5346413243408952,-6.045984058859595,-6.94543225015328,3.0,0.32389832389832396,3087.388622344071,-14.204416992016782,0.6807295612143814,-22.186935493269623,1298.9010989010987,-1.0,79.12109139200773,0.3241734090719357,
2023-08-12 10:35:43.100000,-6.27710843373494,-0.5903614457831325,-7.253012048192772,-0.5199264255058246,-5.996934396076027,-6.947884733292458,3.0,0.32389832389832396,3087.388622344071,-13.41052386224579,1.0166074238098013,-22.156401142124583,1292.3076923076922,-1.0,79.12109139200773,0.3241718910718321,
2023-08-12 10:35:43.108000,-6.228915662650603,-0.6024096385542169,-7.313253012048193,-0.5738810545677498,-5.869405272838749,-6.940527283874923,3.0,0.32389832389832396,3087.388622344071,-13.196783404230523,1.4135539886952975,-21.316706485636033,1284.2490842490843,-1.0,79.12109139200773,0.3241703588924825,
2023-08-12 10:35:43.116000,-6.1807228915662655,-0.6385542168674699,-7.325301204819278,-0.6793378295524218,-5.903740036787247,-7.048436541998774,3.0,0.32389832389832396,3087.388622344071,-12.845638366062584,1.8410349047258319,-20.629683584872677,1278.3882783882782,-1.0,79.12109139200773,0.32416881247486734,
2023-08-12 10:35:43.123000,-6.144578313253012,-0.674698795180723,-7.36144578313253,-0.6646229307173512,-5.849785407725322,-7.1072961373390555,3.0,0.32389832389832396,3087.388622344071,-12.173882640871744,1.9631723093059845,-20.034263737544432,1271.7948717948716,-1.0,79.12109139200773,0.32416725172850974,
2023-08-12 10:35:43.131000,-6.120481927710844,-0.710843373493976,-7.421686746987953,-0.6302881667688535,-5.822808093194359,-7.048436541998774,3.0,0.32389832389832396,3087.388622344071,-12.158615465299226,3.016607423809801,-18.751820989452828,1268.8644688644688,-1.0,79.12109139200773,0.32416567653006123,
2023-08-12 10:35:43.139000,-6.1807228915662655,-0.746987951807229,-7.433734939759036,-0.6989576946658491,-5.903740036787247,-7.119558553034947,3.0,0.32389832389832396,3087.388622344071,-12.341821572169454,4.360118874191481,-18.568614882582597,1268.131868131868,-1.0,79.12109139200773,0.32416408672219044,
2023-08-12 10:35:43.146000,-6.228915662650603,-0.746987951807229,-7.385542168674699,-0.6842427958307786,-5.965052115266707,-7.1293684855916615,3.0,0.32389832389832396,3087.388622344071,-12.41815745003205,5.550958568847969,-18.263271371132216,1271.062271062271,-1.0,79.12109139200773,0.3241624821127862,
2023-08-12 10:35:43.154000,-6.265060240963856,-0.7349397590361446,-7.385542168674699,-0.6817903126916002,-5.955242182709994,-7.08522378908645,3.0,0.32345432345432346,3091.6266300617704,-12.815104014917546,7.932637958160946,-18.751820989452828,1273.9926739926739,-1.0,79.12109139200773,0.3241608624744861,
2023-08-12 10:35:43.162000,-6.313253012048193,-0.710843373493976,-7.36144578313253,-0.6989576946658491,-6.050889025137952,-7.072961373390558,3.0,0.32389832389832396,3087.388622344071,-13.196783404230523,9.444088339840336,-19.408309539071148,1276.923076923077,-1.0,79.12109139200773,0.3241592275339923,
2023-08-12 10:35:43.169000,-6.301204819277109,-0.6987951807228916,-7.337349397590362,-0.6621704475781729,-5.994481912936848,-7.104843654199877,3.0,0.32389832389832396,3087.388622344071,-12.876172717207622,11.108210477244915,-20.110599615407025,1280.5860805860805,-1.0,79.12109139200773,0.32415757694056135,
2023-08-12 10:35:43.177000,-6.313253012048193,-0.7349397590361446,-7.373493975903615,-0.6916002452483139,-6.0410790925812385,-7.090128755364806,3.0,0.32389832389832396,3087.388622344071,-13.41052386224579,11.779966202435755,-21.01136297418565,1281.3186813186812,-1.0,79.12109139200773,0.3241559104366176,
2023-08-12 10:35:43.185000,-6.253012048192772,-0.6987951807228916,-7.409638554216868,-0.6597179644389944,-5.911097486204782,-7.124463519313304,3.0,0.32389832389832396,3087.388622344071,-13.07464599965037,12.604393683351786,-21.69838587494901,1284.2490842490843,-1.0,79.12109139200773,0.32415422770966934,
2023-08-12 10:35:43.192000,-6.240963855421687,-0.674698795180723,-7.409638554216868,-0.5836909871244634,-5.918454935622317,-7.215205395462906,3.0,0.32389832389832396,3087.388622344071,-13.425791037818309,13.413553988695297,-21.988462210826874,1287.179487179487,-1.0,79.12109139200773,0.3241525282655468,
2023-08-12 10:35:43.200000,-6.204819277108434,-0.674698795180723,-7.481927710843374,-0.640098099325567,-5.960147148988351,-7.1955855303494785,3.0,0.32389832389832396,3087.388622344071,-13.212050579803043,13.55095856884797,-21.622049997086418,1291.5750915750914,-1.0,79.12109139200773,0.32415081171745036,
2023-08-12 10:35:43.208000,-6.144578313253012,-0.6987951807228916,-7.518072289156627,-0.6180257510729613,-5.896382587369711,-7.225015328019619,3.0,0.32389832389832396,3087.388622344071,-12.692966610337393,13.963172309305984,-21.026630149758173,1297.4358974358975,-1.0,79.12109139200773,0.3241490776281755,
2023-08-12 10:35:43.215000,-6.1325301204819285,-0.6867469879518072,-7.590361445783133,-0.645003065603924,-5.89883507050889,-7.305947271612507,3.0,0.32389832389832396,3087.388622344071,-12.73876813705495,14.436454752054075,-20.125866790979547,1303.2967032967033,-1.0,79.12109139200773,0.3241473253842022,
2023-08-12 10:35:43.223000,-6.1325301204819285,-0.674698795180723,-7.674698795180723,-0.6744328632740649,-5.8522378908645,-7.362354383813611,3.0,0.32389832389832396,3087.388622344071,-12.021210885146553,15.03187459938232,-19.133500378765806,1306.227106227106,-1.0,79.12109139200773,0.3241455543468383,
2023-08-12 10:35:43.231000,-6.156626506024097,-0.6265060240963856,-7.734939759036145,-0.5493562231759657,-5.903740036787247,-7.460453709380747,3.0,0.32389832389832396,3087.388622344071,-10.998310121787775,16.07004253831362,-17.942660684109317,1304.0293040293038,-1.0,79.12109139200773,0.324143763854406,
2023-08-12 10:35:43.238000,-6.228915662650603,-0.5662650602409639,-7.807228915662651,-0.4463519313304721,-5.967504598405886,-7.526670754138565,3.0,0.32389832389832396,3087.388622344071,-10.43342462560457,17.306683759687665,-16.629683584872677,1298.168498168498,-1.0,79.12109139200773,0.3241419532247617,
2023-08-12 10:35:43.246000,-6.265060240963856,-0.5301204819277109,-7.891566265060241,-0.41692213366033104,-6.00674432863274,-7.556100551808706,3.0,0.32434232434232435,3083.1622176591372,-9.334187984383195,17.764699026863237,-16.034263737544432,1292.3076923076922,-1.0,79.12109139200773,0.3241401217581373,
2023-08-12 10:35:43.254000,-6.325301204819278,-0.5180722891566265,-7.9397590361445785,-0.49294911097486205,-6.016554261189454,-7.698344573881054,3.0,0.32389832389832396,3087.388622344071,-8.25021851873434,18.421187576481557,-15.56098129479634,1288.6446886446886,-1.0,79.12109139200773,0.3241382688895848,
2023-08-12 10:35:43.261000,-6.349397590361446,-0.5421686746987953,-7.9397590361445785,-0.5640711220110362,-6.031269160024524,-7.629675045984058,3.0,0.32389832389832396,3087.388622344071,-7.5784627935435,18.085309713886137,-15.102966027620766,1284.9816849816848,-1.0,79.12109139200773,0.32413639406501116,
2023-08-12 10:35:43.269000,-6.385542168674699,-0.6265060240963856,-7.975903614457832,-0.551808706315144,-6.119558553034947,-7.619865113427345,3.0,0.32389832389832396,3087.388622344071,-6.692966610337393,16.573859332206748,-15.05716450090321,1282.051282051282,-1.0,79.12109139200773,0.3241344965859701,
2023-08-12 10:35:43.277000,-6.457831325301205,-0.6987951807228916,-7.963855421686747,-0.703862660944206,-6.2029429797670135,-7.72041692213366,3.0,0.32389832389832396,3087.388622344071,-5.868539129421363,13.367752461977739,-15.331973661208554,1282.051282051282,-1.0,79.12109139200773,0.32413257589134237,
2023-08-12 10:35:43.284000,-6.518072289156627,-0.7951807228915663,-8.036144578313253,-0.7578172900061312,-6.225015328019619,-7.737584304107909,3.0,0.32389832389832396,3087.388622344071,-5.563195617970981,10.390653225336518,-15.912126332964279,1282.051282051282,-1.0,79.12109139200773,0.3241306314026214,
2023-08-12 10:35:43.292000,-6.542168674698796,-0.8674698795180723,-8.060240963855422,-0.9147762109135499,-6.220110361741263,-7.730226854690374,3.0,0.32389832389832396,3087.388622344071,-5.502126915680905,7.047141774954839,-16.461744653574964,1279.8534798534797,-1.0,79.12109139200773,0.3241286624009246,
2023-08-12 10:35:43.300000,-6.530120481927711,-0.9397590361445783,-8.072289156626507,-0.9319435928877988,-6.163703249540159,-7.843041079092581,3.0,0.32389832389832396,3087.388622344071,-4.75403531262747,4.146378416176213,-18.171668317697105,1278.3882783882782,-1.0,79.12109139200773,0.32412666818090063,
2023-08-12 10:35:43.307000,-6.409638554216868,-0.9879518072289157,-8.096385542168676,-0.9908031882280809,-6.122011036174126,-7.781729000613121,3.0,0.32345432345432346,3091.6266300617704,-4.509760503467165,0.46698910319911424,-19.27090495891848,1278.3882783882782,-1.0,79.12109139200773,0.32412464805549884,
2023-08-12 10:35:43.315000,-6.265060240963856,-1.0240963855421688,-8.096385542168676,-1.0104230533415082,-5.91354996934396,-7.818516247700797,3.0,0.32389832389832396,3087.388622344071,-5.24258493094808,-4.174232270846687,-20.446477478002446,1279.8534798534797,-1.0,79.12109139200773,0.32412260135032367,
2023-08-12 10:35:43.323000,-6.156626506024097,-1.1325301204819278,-8.096385542168676,-1.061925199264255,-5.79092581238504,-7.8749233599019,3.0,0.32389832389832396,3087.388622344071,-5.975409358428997,-8.830720820465007,-20.73655381388031,1283.5164835164835,-1.0,79.12109139200773,0.32412052751567577,
2023-08-12 10:35:43.330000,-6.0,-1.2289156626506024,-8.132530120481928,-1.1919068056407112,-5.631514408338442,-7.843041079092581,3.0,0.32389832389832396,3087.388622344071,-6.3265543965969355,-12.357438377716916,-21.026630149758173,1291.5750915750914,-1.0,79.12109139200773,0.3241184260038229,
2023-08-12 10:35:43.338000,-5.891566265060241,-1.313253012048193,-8.132530120481928,-1.3169834457388105,-5.503985285101165,-7.8994481912936845,3.0,0.32389832389832396,3087.388622344071,-6.3265543965969355,-12.357438377716916,-21.026630149758173,1304.0293040293038,-1.0,79.12109139200773,0.3241162961566647,
2023-08-12 10:35:43.346000,-5.83132530120482,-1.3975903614457832,-8.168674698795181,-1.385652973635806,-5.45003065603924,-7.904353157572041,3.0,0.32389832389832396,3087.388622344071,-7.150981877512966,-14.93759104947264,-20.919759920750536,1323.076923076923,-1.0,79.12109139200773,0.3241141374983369,
2023-08-12 10:35:43.353000,-5.698795180722892,-1.8554216867469882,-8.204819277108435,-2.0674432863274066,-5.687921520539546,-8.240343347639485,3.0,0.32389832389832396,3087.388622344071,-8.234951343161821,-16.174232270846684,-20.675485111590234,1350.18315018315,-1.0,79.12109139200773,0.32411194958063333,
2023-08-12 10:35:43.361000,-5.783132530120482,-1.8554216867469882,-8.265060240963855,-1.824647455548743,-5.3960760269773145,-7.796443899448191,3.0,0.32345432345432346,3091.6266300617704,-13.22731775537556,-17.197133034205464,-16.980828623040615,1383.8827838827838,-1.0,79.12109139200773,0.32410973199866216,
2023-08-12 10:35:43.369000,-5.746987951807229,-1.602409638554217,-8.156626506024097,-1.572041692213366,-5.317596566523605,-7.798896382587369,3.0,0.32345432345432346,3091.6266300617704,-12.662432259192355,-16.174232270846684,-15.484645416933745,1419.7802197802198,-1.0,79.12109139200773,0.3241074842359844,
2023-08-12 10:35:43.376000,-5.771084337349398,-1.457831325301205,-8.096385542168676,-1.4248927038626609,-5.459840588595953,-7.948497854077253,3.0,0.32345432345432346,3091.6266300617704,-9.685333022551134,-15.166598683060426,-20.04953091311695,1460.07326007326,-1.0,79.12109139200773,0.3241052055193059,
2023-08-12 10:35:43.384000,-5.855421686746988,-1.3373493975903614,-8.084337349397591,-1.2875536480686696,-5.52605763335377,-7.8038013488657265,3.0,0.32345432345432346,3091.6266300617704,-12.891439892780141,-14.006293339548977,-19.606782821513896,1503.2967032967033,-1.0,79.12109139200773,0.3241028952474614,
2023-08-12 10:35:43.392000,-5.891566265060241,-1.216867469879518,-8.0,-1.1820968730839976,-5.518700183936235,-7.686082158185162,3.0,0.32345432345432346,3091.6266300617704,-15.670065846978614,-12.78491929374745,-20.278538546704738,1551.6483516483515,-1.0,79.12109139200773,0.3241005528341602,
2023-08-12 10:35:43.399000,-5.891566265060241,-1.180722891566265,-7.927710843373494,-1.179644389944819,-5.580012262415695,-7.661557326793378,3.0,0.32345432345432346,3091.6266300617704,-15.441058213390829,-11.47194219451081,-22.73655381388031,1602.197802197802,-1.0,79.12109139200773,0.3240981775819225,
2023-08-12 10:35:43.407000,-5.891566265060241,-1.180722891566265,-7.891566265060241,-1.1281422440220723,-5.553034947884733,-7.644389944819129,3.0,0.32389832389832396,3087.388622344071,-16.616630732474796,-9.594079599090962,-24.278538546704738,1649.8168498168498,-1.0,79.12109139200773,0.3240957689711355,
2023-08-12 10:35:43.415000,-5.9397590361445785,-1.1686746987951808,-7.891566265060241,-1.155119558553035,-5.587369711833231,-7.511955855303494,3.0,0.32389832389832396,3087.388622344071,-18.43342462560457,-8.571178835732184,-25.423576714643666,1693.040293040293,-1.0,79.12109139200773,0.32409332678963626,
2023-08-12 10:35:43.422000,-5.9397590361445785,-1.2048192771084338,-7.855421686746988,-1.2115266707541386,-5.636419374616799,-7.551195585530349,3.0,0.32389832389832396,3087.388622344071,-18.463958976749606,-7.181865858632946,-27.484645416933745,1731.135531135531,-1.0,79.12109139200773,0.3240908508681702,
2023-08-12 10:35:43.430000,-5.951807228915663,-1.3012048192771084,-7.819277108433735,-1.3096259963212753,-5.6781115879828326,-7.558553034947884,3.0,0.32389832389832396,3087.388622344071,-19.303653633238156,-5.120797156342871,-27.637317172658936,1765.5677655677655,-1.0,79.12109139200773,0.32408834096478717,
2023-08-12 10:35:43.437000,-5.975903614457832,-1.313253012048193,-7.819277108433735,-1.2630288166768853,-5.648681790312692,-7.494788473329246,3.0,0.32389832389832396,3087.388622344071,-20.37235592331449,-2.739117767029893,-27.36250801235359,1793.4065934065932,-1.0,79.12109139200773,0.3240857969152468,
2023-08-12 10:35:43.445000,-5.963855421686747,-1.2891566265060241,-7.759036144578314,-1.2164316370324952,-5.7369711833231145,-7.541385652973635,3.0,0.32389832389832396,3087.388622344071,-21.685333022551134,-0.8307208204650078,-27.408309539071148,1816.117216117216,-1.0,79.12109139200773,0.32408321863396905,
2023-08-12 10:35:43.453000,-6.024096385542169,-1.216867469879518,-7.783132530120482,-1.1673819742489269,-5.6781115879828326,-7.475168608215818,3.0,0.32389832389832396,3087.388622344071,-21.853271953848843,0.8944700192296486,-26.415943126857407,1829.3040293040292,-1.0,79.12109139200773,0.32408060611482875,
2023-08-12 10:35:43.460000,-6.060240963855422,-1.180722891566265,-7.746987951807229,-1.1428571428571428,-5.754138565297363,-7.482526057633353,3.0,0.32345432345432346,3091.6266300617704,-23.028844472932814,1.7799662024357554,-25.148767554338324,1830.03663003663,-1.0,79.12109139200773,0.3240779594317906,
2023-08-12 10:35:43.468000,-6.144578313253012,-1.1566265060240966,-7.746987951807229,-1.1600245248313916,-5.911097486204782,-7.4408338442673205,3.0,0.32389832389832396,3087.388622344071,-23.227317755375562,3.337218110832702,-24.125866790979547,1824.1758241758241,-1.0,79.12109139200773,0.32407527872884784,
2023-08-12 10:35:43.476000,-6.216867469879518,-1.1204819277108435,-7.72289156626506,-1.0692826486817903,-5.977314530962599,-7.465358675659105,3.0,0.32389832389832396,3087.388622344071,-22.983042946215257,4.802866965794534,-22.8892255696055,1810.989010989011,-1.0,79.12109139200773,0.3240725641886405,
2023-08-12 10:35:43.483000,-6.313253012048193,-1.0963855421686748,-7.710843373493976,-1.0668301655426118,-6.1072961373390555,-7.4114040465971796,3.0,0.32389832389832396,3087.388622344071,-23.624264320261055,5.596760095565526,-22.186935493269623,1792.6739926739926,735.3515625,81.59362549800797,0.3240698160639589,
2023-08-12 10:35:43.491000,-6.409638554216868,-1.072289156626506,-7.698795180722892,-1.0472103004291844,-6.175965665236051,-7.445738810545677,3.0,0.32389832389832396,3087.388622344071,-23.08991317522289,6.436454752054076,-21.102966027620766,1770.6959706959706,-1.0,81.59362549800797,0.3240670346879375,
2023-08-12 10:35:43.499000,-6.493975903614458,-1.0481927710843375,-7.686746987951808,-1.079092581238504,-6.215205395462906,-7.418761496014715,3.0,0.32389832389832396,3087.388622344071,-23.120447526367926,6.131111240603694,-21.026630149758173,1746.5201465201465,-1.0,81.59362549800797,0.32406422047356576,
2023-08-12 10:35:43.506000,-6.566265060240964,-1.0240963855421688,-7.650602409638554,-0.9491109748620478,-6.313304721030042,-7.359901900674433,3.0,0.32389832389832396,3087.388622344071,-22.40289027445953,5.0776761260998775,-21.01136297418565,1720.8791208791208,-1.0,81.59362549800797,0.32406137391307355,
2023-08-12 10:35:43.514000,-6.614457831325302,-0.9879518072289157,-7.638554216867471,-0.9711833231146535,-6.34763948497854,-7.372164316370324,3.0,0.32389832389832396,3087.388622344071,-21.700600198123652,3.306683759687664,-20.70601946273527,1694.5054945054944,-1.0,81.59362549800797,0.3240584955771912,
2023-08-12 10:35:43.522000,-6.650602409638554,-0.9397590361445783,-7.626506024096386,-0.9613733905579399,-6.384426732066217,-7.276517473942366,3.0,0.32389832389832396,3087.388622344071,-20.40289027445953,1.4288211642678166,-21.01136297418565,1668.8644688644688,-1.0,81.59362549800797,0.32405558611429547,
2023-08-12 10:35:43.529000,-6.614457831325302,-0.9156626506024097,-7.614457831325302,-0.9123237277743715,-6.313304721030042,-7.298589822194972,3.0,0.32434232434232435,3083.1622176591372,-19.08991317522289,-1.5330108968008858,-21.42357671464367,1642.4908424908424,-1.0,81.59362549800797,0.3240526462494472,
2023-08-12 10:35:43.537000,-6.590361445783133,-0.9036144578313253,-7.578313253012048,-0.8166768853464133,-6.27161250766401,-7.249540159411404,3.0,0.32389832389832396,3087.388622344071,-17.960142182856476,-3.975758988403939,-21.07243167647573,1616.8498168498168,-1.0,81.59362549800797,0.3240496769326193,
2023-08-12 10:35:43.545000,-6.542168674698796,-0.8674698795180723,-7.602409638554217,-0.7896995708154506,-6.291232372777436,-7.276517473942366,3.0,0.32389832389832396,3087.388622344071,-16.952508595070217,-6.46430860672455,-20.568614882582597,1590.4761904761904,-1.0,81.59362549800797,0.32404667921011826,
2023-08-12 10:35:43.552000,-6.46987951807229,-0.855421686746988,-7.55421686746988,-0.8166768853464133,-6.082771305947271,-7.256897608828939,3.0,0.32389832389832396,3087.388622344071,-15.624264320261057,-7.777285705961191,-20.156401142124583,1567.032967032967,-1.0,81.59362549800797,0.324043654064396,
2023-08-12 10:35:43.560000,-6.385542168674699,-0.8313253012048193,-7.566265060240965,-0.7847946045370937,-6.1072961373390555,-7.185775597792765,3.0,0.32389832389832396,3087.388622344071,-14.509760503467165,-8.571178835732184,-19.316706485636033,1545.054945054945,-1.0,81.59362549800797,0.3240406025516492,
2023-08-12 10:35:43.568000,-6.27710843373494,-0.7951807228915663,-7.566265060240965,-0.762722256284488,-5.977314530962599,-7.225015328019619,3.0,0.32389832389832396,3087.388622344071,-13.868539129421363,-8.678049064739817,-18.324340073422295,1524.5421245421244,-1.0,81.59362549800797,0.3240375258005795,
2023-08-12 10:35:43.575000,-6.216867469879518,-0.783132530120482,-7.55421686746988,-0.7700797057020232,-5.962599632127529,-7.178418148375229,3.0,0.32389832389832396,3087.388622344071,-12.43342462560457,-8.510110133442106,-17.22510343220092,1504.0293040293038,-1.0,81.59362549800797,0.3240344251498212,
2023-08-12 10:35:43.583000,-6.19277108433735,-0.7951807228915663,-7.530120481927711,-0.7504598405885959,-5.901287553648069,-7.1931330472103,3.0,0.32389832389832396,3087.388622344071,-11.960142182856478,-8.464308606724549,-16.171668317697105,1484.2490842490843,-1.0,81.59362549800797,0.32403130212615255,
2023-08-12 10:35:43.591000,-6.156626506024097,-0.8433734939759037,-7.530120481927711,-0.7651747394236664,-5.876762722256284,-7.215205395462906,3.0,0.32389832389832396,3087.388622344071,-11.364722335528233,-8.586446011304702,-15.606782821513898,1463.7362637362637,-1.0,81.59362549800797,0.3240281581562657,
2023-08-12 10:35:43.598000,-6.1807228915662655,-0.855421686746988,-7.506024096385542,-0.7798896382587369,-5.977314530962599,-7.1367259350091965,3.0,0.32389832389832396,3087.388622344071,-10.631897908047318,-8.250568148709283,-14.629683584872675,1444.6886446886447,-1.0,81.59362549800797,0.32402499458667816,
2023-08-12 10:35:43.606000,-6.204819277108434,-0.8915662650602411,-7.46987951807229,-0.8313917841814837,-5.886572654812998,-7.1661557326793375,3.0,0.32389832389832396,3087.388622344071,-9.670065846978614,-7.868888759396305,-14.20220266884214,1426.3736263736262,-1.0,81.59362549800797,0.3240218128309859,
2023-08-12 10:35:43.614000,-6.228915662650603,-0.9277108433734941,-7.493975903614459,-0.8927038626609441,-5.947884733292458,-7.188228080931943,3.0,0.32345432345432346,3091.6266300617704,-9.670065846978614,-7.868888759396305,-14.20220266884214,1405.8608058608058,-1.0,81.59362549800797,0.32401861436774254,
2023-08-12 10:35:43.621000,-6.216867469879518,-0.963855421686747,-7.506024096385542,-0.9711833231146535,-5.947884733292458,-7.210300429184549,3.0,0.32389832389832396,3087.388622344071,-9.73113454926869,-8.174232270846687,-13.759454577239088,1386.080586080586,-1.0,81.59362549800797,0.32401540072772245,
2023-08-12 10:35:43.629000,-6.216867469879518,-1.0481927710843375,-7.530120481927711,-1.0300429184549356,-5.911097486204782,-7.25444512568976,3.0,0.32389832389832396,3087.388622344071,-9.288386457665638,-7.884155934968824,-13.744187401666569,1369.9633699633698,-1.0,81.59362549800797,0.3240121735987037,
2023-08-12 10:35:43.637000,-6.1807228915662655,-1.0602409638554218,-7.566265060240965,-1.0226854690374003,-5.8522378908645,-7.293684855916615,3.0,0.32389832389832396,3087.388622344071,-8.55556203018472,-8.067362041839054,-14.125866790979545,1355.3113553113553,-1.0,81.59362549800797,0.3240089348340878,
2023-08-12 10:35:43.644000,-6.156626506024097,-1.0843373493975905,-7.566265060240965,-1.0349478847332925,-5.80564071122011,-7.298589822194972,3.0,0.32389832389832396,3087.388622344071,-8.372355923314492,-8.510110133442106,-14.614416409300157,1342.1245421245421,-1.0,81.59362549800797,0.3240056861739388,
2023-08-12 10:35:43.652000,-6.1325301204819285,-1.0963855421686748,-7.602409638554217,-1.049662783568363,-5.749233599019006,-7.315757204169221,3.0,0.32389832389832396,3087.388622344071,-7.960142182856477,-8.662781889167297,-14.828156867315423,1331.135531135531,-1.0,81.59362549800797,0.32400242926365064,
2023-08-12 10:35:43.660000,-6.060240963855422,-1.1325301204819278,-7.614457831325302,-1.1134273451870018,-5.732066217044758,-7.320662170447577,3.0,0.32389832389832396,3087.388622344071,-8.311287221024417,-8.616980362449741,-15.240370607773439,1323.8095238095236,-1.0,81.59362549800797,0.32399916579999316,
2023-08-12 10:35:43.667000,-6.072289156626506,-1.1566265060240966,-7.626506024096386,-1.108522378908645,-5.7296137339055795,-7.340282035561005,3.0,0.32389832389832396,3087.388622344071,-8.051745236291591,-8.983392576190198,-15.484645416933745,1317.9487179487178,-1.0,81.59362549800797,0.3239958975278252,
2023-08-12 10:35:43.675000,-6.048192771084338,-1.2048192771084338,-7.662650602409639,-1.179644389944819,-5.7369711833231145,-7.404046597179644,3.0,0.32389832389832396,3087.388622344071,-8.204416992016782,-8.769652118174932,-15.805256103956644,1315.018315018315,-1.0,81.59362549800797,0.3239926262367904,
2023-08-12 10:35:43.683000,-6.024096385542169,-1.180722891566265,-7.626506024096386,-1.231146535867566,-5.722256284488044,-7.308399754751686,3.0,0.32389832389832396,3087.388622344071,-8.57082920575724,-8.723850591457374,-15.56098129479634,1314.2857142857142,-1.0,81.59362549800797,0.32398935375799665,
2023-08-12 10:35:43.690000,-5.987951807228916,-1.216867469879518,-7.626506024096386,-1.2507664009809931,-5.636419374616799,-7.37952176578786,3.0,0.32389832389832396,3087.388622344071,-8.708233785909913,-8.052094866266534,-16.43121030242993,1312.8205128205127,-1.0,81.59362549800797,0.3239860820994376,
2023-08-12 10:35:43.698000,-5.975903614457832,-1.2530120481927711,-7.662650602409639,-1.2728387492335989,-5.709993868792152,-7.369711833231146,3.0,0.32389832389832396,3087.388622344071,-9.502126915680904,-7.074995629625313,-16.675485111590234,1315.018315018315,-1.0,81.59362549800797,0.32398281342229135,
2023-08-12 10:35:43.706000,-5.975903614457832,-1.2650602409638554,-7.650602409638554,-1.2949110974862048,-5.683016554261189,-7.391784181483752,3.0,0.32389832389832396,3087.388622344071,-10.005943709574034,-6.861255171610046,-16.782355340597867,1317.216117216117,-1.0,81.59362549800797,0.3239795497508632,
2023-08-12 10:35:43.713000,-5.987951807228916,-1.2891566265060241,-7.710843373493976,-1.30226854690374,-5.7148988350705086,-7.435928877988964,3.0,0.32389832389832396,3087.388622344071,-10.815104014917546,-6.449041431152031,-16.950294271895576,1317.9487179487178,-1.0,81.59362549800797,0.32397629299077035,
2023-08-12 10:35:43.721000,-5.987951807228916,-1.313253012048193,-7.698795180722892,-1.3341508277130594,-5.670754138565297,-7.462906192519926,3.0,0.32389832389832396,3087.388622344071,-11.181516228658003,-5.639881125808519,-17.24037060777344,1317.9487179487178,-1.0,81.59362549800797,0.32397304521331194,
2023-08-12 10:35:43.729000,-6.0,-1.349397590361446,-7.698795180722892,-1.356223175965665,-5.675659104843654,-7.4849785407725316,3.0,0.32389832389832396,3087.388622344071,-12.06701241186411,-4.647514713594779,-17.469378241361227,1317.9487179487178,-1.0,81.59362549800797,0.3239698084926955,
2023-08-12 10:35:43.736000,-5.9397590361445785,-1.3734939759036144,-7.759036144578314,-1.3709380748007356,-5.638871857755977,-7.4481912936848556,3.0,0.32389832389832396,3087.388622344071,-12.525027679039683,-3.7467513548161526,-17.973195035254356,1319.4139194139193,-1.0,81.59362549800797,0.32396658477481716,
2023-08-12 10:35:43.744000,-5.963855421686747,-1.385542168674699,-7.759036144578314,-1.3635806253832004,-5.685469037400368,-7.504598405885959,3.0,0.32389832389832396,3087.388622344071,-12.769302488199989,-2.5864460113047025,-18.141133966552065,1321.6117216117216,-1.0,81.59362549800797,0.32396337602279074,
2023-08-12 10:35:43.752000,-5.987951807228916,-1.3734939759036144,-7.746987951807229,-1.3464132434089515,-5.631514408338442,-7.502145922746781,3.0,0.32389832389832396,3087.388622344071,-13.715867373696172,-2.1284307441291297,-18.23273701998718,1323.8095238095236,-1.0,81.59362549800797,0.3239601842132379,
2023-08-12 10:35:43.759000,-6.0,-1.3734939759036144,-7.795180722891566,-1.356223175965665,-5.702636419374617,-7.47271612507664,3.0,0.32389832389832396,3087.388622344071,-13.868539129421363,-1.6856826525260764,-18.20220266884214,1328.2051282051282,-1.0,81.59362549800797,0.3239570113326344,
2023-08-12 10:35:43.767000,-6.0,-1.3614457831325302,-7.771084337349398,-1.3194359288779889,-5.722256284488044,-7.443286327406499,3.0,0.32345432345432346,3091.6266300617704,-14.06701241186411,-1.5024765456558475,-18.43121030242993,1331.8681318681317,-1.0,81.59362549800797,0.3239538593737222,
2023-08-12 10:35:43.775000,-6.060240963855422,-1.3734939759036144,-7.759036144578314,-1.3169834457388105,-5.8522378908645,-7.4776210913549965,3.0,0.32389832389832396,3087.388622344071,-14.723500961482431,-1.0902628051978323,-18.446477478002446,1333.3333333333333,-1.0,81.59362549800797,0.32395073032144583,
2023-08-12 10:35:43.782000,-6.1084337349397595,-1.349397590361446,-7.734939759036145,-1.3464132434089515,-5.874310239117106,-7.455548743102391,3.0,0.32389832389832396,3087.388622344071,-14.723500961482431,-1.5635452479459238,-18.675485111590234,1334.065934065934,-1.0,81.59362549800797,0.3239476262565518,
2023-08-12 10:35:43.790000,-6.156626506024097,-1.3373493975903614,-7.771084337349398,-1.3366033108522377,-5.876762722256284,-7.48743102391171,3.0,0.32389832389832396,3087.388622344071,-15.196783404230523,-0.9681254006176796,-18.58388205815512,1333.3333333333333,-1.0,81.59362549800797,0.3239445493631704,
2023-08-12 10:35:43.798000,-6.228915662650603,-1.3373493975903614,-7.783132530120482,-1.3488657265481299,-5.903740036787247,-7.5291232372777435,3.0,0.32389832389832396,3087.388622344071,-15.318920808810676,-0.3879727288619544,-18.828156867315425,1334.065934065934,-1.0,81.59362549800797,0.32394150178770603,
2023-08-12 10:35:43.805000,-6.253012048192772,-1.3373493975903614,-7.734939759036145,-1.290006131207848,-5.996934396076027,-7.509503372164316,3.0,0.32389832389832396,3087.388622344071,-15.456325388963347,-0.18949944641920632,-19.469378241361223,1332.6007326007325,-1.0,81.59362549800797,0.3239384854976263,
2023-08-12 10:35:43.813000,-6.325301204819278,-1.3012048192771084,-7.795180722891566,-1.226241569589209,-6.011649294911098,-7.475168608215818,3.0,0.32389832389832396,3087.388622344071,-15.425791037818309,0.008973836023541765,-19.637317172658936,1328.2051282051282,-1.0,81.59362549800797,0.3239355022992789,
2023-08-12 10:35:43.820000,-6.313253012048193,-1.2771084337349399,-7.771084337349398,-1.2654812998160636,-5.965052115266707,-7.4776210913549965,3.0,0.32389832389832396,3087.388622344071,-16.09754676300915,-0.494842957869588,-19.683118699376493,1322.3443223443223,-1.0,81.59362549800797,0.3239325541219856,
2023-08-12 10:35:43.828000,-6.36144578313253,-1.2409638554216869,-7.746987951807229,-1.1722869405272838,-6.014101778050276,-7.421213979153893,3.0,0.32389832389832396,3087.388622344071,-16.23495134316182,-0.9833925761901987,-19.8510576306742,1317.9487179487178,-1.0,81.59362549800797,0.3239296428550768,
2023-08-12 10:35:43.836000,-6.349397590361446,-1.2409638554216869,-7.734939759036145,-1.25567136725935,-6.082771305947271,-7.42611894543225,3.0,0.32389832389832396,3087.388622344071,-16.28075286987938,-0.9833925761901987,-19.133500378765806,1313.5531135531135,-1.0,81.59362549800797,0.3239267702165709,
2023-08-12 10:35:43.843000,-6.373493975903615,-1.2409638554216869,-7.686746987951808,-1.2728387492335989,-6.03862660944206,-7.462906192519926,3.0,0.32389832389832396,3087.388622344071,-16.677699434764875,-1.807820057106229,-19.148767554338324,1309.1575091575091,-1.0,81.59362549800797,0.3239239378986957,
2023-08-12 10:35:43.851000,-6.337349397590362,-1.2530120481927711,-7.638554216867471,-1.2458614347026364,-6.102391171060699,-7.399141630901287,3.0,0.32389832389832396,3087.388622344071,-16.479226152322127,-2.2353009731367637,-18.843424042887943,1305.4945054945053,-1.0,81.59362549800797,0.32392114756425955,
2023-08-12 10:35:43.859000,-6.337349397590362,-1.2530120481927711,-7.686746987951808,-1.3194359288779889,-6.092581238503985,-7.354996934396076,3.0,0.32389832389832396,3087.388622344071,-16.601363556902278,-2.4490414311520308,-18.446477478002446,1302.5641025641025,-1.0,81.59362549800797,0.323918400843175,
2023-08-12 10:35:43.866000,-6.349397590361446,-1.2650602409638554,-7.662650602409639,-1.179644389944819,-6.019006744328633,-7.352544451256898,3.0,0.32389832389832396,3087.388622344071,-16.70823378590991,-2.8001864693199696,-17.912126332964277,1302.5641025641025,-1.0,81.59362549800797,0.32391569932914016,
2023-08-12 10:35:43.874000,-6.337349397590362,-1.2530120481927711,-7.674698795180723,-1.213979153893317,-6.043531575720417,-7.340282035561005,3.0,0.32389832389832396,3087.388622344071,-16.952508595070217,-3.1513315074879085,-17.408309539071148,1302.5641025641025,-1.0,81.59362549800797,0.32391304471523813,
2023-08-12 10:35:43.882000,-6.325301204819278,-1.216867469879518,-7.638554216867471,-1.2188841201716738,-6.082771305947271,-7.399141630901287,3.0,0.32389832389832396,3087.388622344071,-17.120447526367926,-3.45667501893829,-16.660217936017713,1303.2967032967033,-1.0,81.59362549800797,0.32391043863182517,
2023-08-12 10:35:43.889000,-6.313253012048193,-1.2409638554216869,-7.602409638554217,-1.2360515021459226,-6.095033721643164,-7.381974248927039,3.0,0.32389832389832396,3087.388622344071,-17.120447526367926,-3.45667501893829,-16.660217936017713,1304.7619047619046,-1.0,81.59362549800797,0.3239078825161173,
2023-08-12 10:35:43.897000,-6.289156626506024,-1.2409638554216869,-7.638554216867471,-1.2066217044757817,-5.994481912936848,-7.408951563458001,3.0,0.32389832389832396,3087.388622344071,-17.196783404230523,-3.3956063166482138,-16.293805722277256,1305.4945054945053,-1.0,81.59362549800797,0.3239053777586588,
2023-08-12 10:35:43.905000,-6.27710843373494,-1.2409638554216869,-7.638554216867471,-1.2286940527283874,-5.967504598405886,-7.399141630901287,3.0,0.32389832389832396,3087.388622344071,-17.08991317522289,-3.090262805197832,-15.988462210826874,1304.7619047619046,-1.0,81.59362549800797,0.32390292583943303,
2023-08-12 10:35:43.912000,-6.289156626506024,-1.2289156626506024,-7.614457831325302,-1.1747394236664623,-5.918454935622317,-7.381974248927039,3.0,0.32389832389832396,3087.388622344071,-17.120447526367926,-2.739117767029893,-15.866324806246721,1301.8315018315018,-1.0,81.59362549800797,0.3239005281662786,
2023-08-12 10:35:43.920000,-6.27710843373494,-1.216867469879518,-7.614457831325302,-1.1894543225015328,-5.928264868179031,-7.293684855916615,3.0,0.32389832389832396,3087.388622344071,-17.181516228658005,-2.1284307441291297,-16.04953091311695,1298.9010989010987,-1.0,81.59362549800797,0.32389818608375737,
2023-08-12 10:35:43.928000,-6.265060240963856,-1.1927710843373494,-7.602409638554217,-1.0889025137952175,-6.004291845493562,-7.25444512568976,3.0,0.32389832389832396,3087.388622344071,-17.166249053085483,-1.5330108968008858,-15.56098129479634,1295.970695970696,-1.0,81.59362549800797,0.3238959009997933,
2023-08-12 10:35:43.935000,-6.265060240963856,-1.180722891566265,-7.530120481927711,-1.1919068056407112,-5.955242182709994,-7.244635193133047,3.0,0.32434232434232435,3083.1622176591372,-16.89143989278014,-1.395606316648214,-15.40830953907115,1293.7728937728937,-1.0,81.59362549800797,0.3238936740968415,
2023-08-12 10:35:43.943000,-6.289156626506024,-1.1566265060240966,-7.542168674698796,-1.1109748620478233,-5.977314530962599,-7.183323114653587,3.0,0.32434232434232435,3083.1622176591372,-17.44105821339083,-0.9375910494726414,-15.912126332964279,1290.8424908424909,-1.0,81.59362549800797,0.3238915065007715,
2023-08-12 10:35:43.951000,-6.289156626506024,-1.1325301204819278,-7.55421686746988,-1.0987124463519313,-6.0410790925812385,-7.242182709993869,3.0,0.32389832389832396,3087.388622344071,-17.044111648505332,-0.6169803624497406,-16.20220266884214,1287.179487179487,-1.0,81.59362549800797,0.3238893994499333,
2023-08-12 10:35:43.958000,-6.289156626506024,-1.1204819277108435,-7.530120481927711,-1.0889025137952175,-6.00674432863274,-7.261802575107295,3.0,0.32434232434232435,3083.1622176591372,-17.303653633238156,-0.3879727288619544,-16.568614882582597,1285.7142857142856,-1.0,81.59362549800797,0.3238873540068982,
2023-08-12 10:35:43.966000,-6.325301204819278,-1.0963855421686748,-7.55421686746988,-1.0251379521765787,-6.043531575720417,-7.261802575107295,3.0,0.32389832389832396,3087.388622344071,-17.2578521065206,-0.5711788357321834,-17.118233203193284,1281.3186813186812,-1.0,81.59362549800797,0.32388537118603716,
2023-08-12 10:35:43.974000,-6.349397590361446,-1.0963855421686748,-7.578313253012048,-1.0570202329858982,-6.063151440833844,-7.308399754751686,3.0,0.32434232434232435,3083.1622176591372,-17.044111648505332,-0.5864460113047025,-16.599149233727637,1276.1904761904761,-1.0,81.59362549800797,0.3238834521024493,
2023-08-12 10:35:43.981000,-6.337349397590362,-1.0963855421686748,-7.626506024096386,-1.0079705702023298,-6.072961373390558,-7.364806866952789,3.0,0.32389832389832396,3087.388622344071,-16.799836839345026,-0.34217120214439717,-16.644950760445195,1274.7252747252746,-1.0,81.59362549800797,0.32388159780221776,
2023-08-12 10:35:43.989000,-6.337349397590362,-1.0602409638554218,-7.650602409638554,-1.074187614960147,-6.117106069895769,-7.367259350091968,3.0,0.32389832389832396,3087.388622344071,-16.967775770642735,-0.05209486626653457,-16.873958394032982,1273.9926739926739,-1.0,81.59362549800797,0.32387980914551306,
2023-08-12 10:35:43.997000,-6.349397590361446,-1.0481927710843375,-7.626506024096386,-0.9687308399754752,-6.045984058859595,-7.298589822194972,3.0,0.32389832389832396,3087.388622344071,-17.028844472932814,0.46698910319911424,-16.996095798613133,1276.1904761904761,-1.0,81.59362549800797,0.3238780869350498,
2023-08-12 10:35:44.004000,-6.36144578313253,-1.0,-7.602409638554217,-1.0398528510116491,-6.0410790925812385,-7.301042305334151,3.0,0.32434232434232435,3083.1622176591372,-16.677699434764875,0.4975234543441524,-16.70601946273527,1278.3882783882782,-1.0,81.59362549800797,0.32387643203414096,
2023-08-12 10:35:44.012000,-6.349397590361446,-1.0,-7.626506024096386,-0.9368485591661557,-6.068056407112201,-7.342734518700183,3.0,0.32434232434232435,3083.1622176591372,-16.983042946215257,0.3448516986189616,-16.996095798613133,1277.6556776556777,-1.0,81.59362549800797,0.32387484536782346,
2023-08-12 10:35:44.020000,-6.349397590361446,-0.9879518072289157,-7.626506024096386,-0.9981606376456161,-6.0705088902513795,-7.330472103004292,3.0,0.32434232434232435,3083.1622176591372,-16.692966610337393,-0.47957578229706893,-17.102966027620766,1278.3882783882782,-1.0,81.59362549800797,0.32387332780703737,
2023-08-12 10:35:44.027000,-6.373493975903615,-0.9518072289156627,-7.626506024096386,-0.9368485591661557,-6.063151440833844,-7.384426732066217,3.0,0.32389832389832396,3087.388622344071,-16.662432259192354,-1.044461278480275,-16.797622516170385,1279.120879120879,-1.0,81.59362549800797,0.323871880191665,
2023-08-12 10:35:44.035000,-6.397590361445784,-0.9397590361445783,-7.662650602409639,-0.8534641324340895,-6.036174126302881,-7.386879215205395,3.0,0.32389832389832396,3087.388622344071,-16.296020045451897,-1.6856826525260764,-17.01136297418565,1279.120879120879,-1.0,81.59362549800797,0.3238705033116063,
2023-08-12 10:35:44.043000,-6.373493975903615,-0.9277108433734941,-7.662650602409639,-0.851011649294911,-6.0705088902513795,-7.367259350091968,3.0,0.32389832389832396,3087.388622344071,-16.448691801177088,-2.1742322708466872,-17.179301905483364,1276.923076923077,-1.0,81.59362549800797,0.32386919773864165,
2023-08-12 10:35:44.050000,-6.337349397590362,-0.9156626506024097,-7.686746987951808,-0.8706315144083384,-6.08522378908645,-7.340282035561005,3.0,0.32434232434232435,3083.1622176591372,-16.296020045451897,-3.1360643319153896,-17.27090495891848,1273.9926739926739,-1.0,81.59362549800797,0.3238679639665921,
2023-08-12 10:35:44.058000,-6.325301204819278,-0.9156626506024097,-7.662650602409639,-0.851011649294911,-6.045984058859595,-7.330472103004292,3.0,0.32389832389832396,3087.388622344071,-16.265485694306857,-3.807820057106229,-17.637317172658936,1272.5274725274724,-1.0,81.59362549800797,0.3238668024231334,
2023-08-12 10:35:44.066000,-6.27710843373494,-0.9156626506024097,-7.650602409638554,-0.8877988963825874,-5.911097486204782,-7.389331698344574,3.0,0.32389832389832396,3087.388622344071,-15.88380630499388,-4.28110249985432,-17.820523279529166,1271.7948717948716,-1.0,81.59362549800797,0.3238657135026317,
2023-08-12 10:35:44.073000,-6.216867469879518,-0.8915662650602411,-7.638554216867471,-0.8142244022072348,-5.89883507050889,-7.372164316370324,3.0,0.32389832389832396,3087.388622344071,-16.173882640871746,-4.510110133442107,-17.683118699376493,1273.260073260073,-1.0,81.59362549800797,0.3238646973970367,
2023-08-12 10:35:44.081000,-6.168674698795181,-0.8795180722891567,-7.662650602409639,-0.7921520539546291,-5.837522992029429,-7.357449417535254,3.0,0.32389832389832396,3087.388622344071,-16.128081114154188,-4.784919293747451,-17.835790455101684,1274.7252747252746,-1.0,81.59362549800797,0.3238637542456558,
2023-08-12 10:35:44.089000,-6.144578313253012,-0.8915662650602411,-7.626506024096386,-0.8338442673206621,-5.812998160637646,-7.342734518700183,3.0,0.32434232434232435,3083.1622176591372,-16.326554396596936,-4.769652118174931,-17.774721752811608,1276.923076923077,-1.0,81.59362549800797,0.3238628842637847,
2023-08-12 10:35:44.096000,-6.0843373493975905,-0.9156626506024097,-7.650602409638554,-0.8657265481299815,-5.746781115879828,-7.37952176578786,3.0,0.32389832389832396,3087.388622344071,-16.128081114154188,-4.80018646931997,-18.21746984441466,1279.120879120879,-1.0,81.59362549800797,0.3238620877437433,
2023-08-12 10:35:44.104000,-6.072289156626506,-0.9156626506024097,-7.590361445783133,-0.9638258736971183,-5.749233599019006,-7.352544451256898,3.0,0.32434232434232435,3083.1622176591372,-16.23495134316182,-4.80018646931997,-18.35487442456733,1284.2490842490843,-1.0,81.59362549800797,0.3238613647895651,
2023-08-12 10:35:44.112000,-6.024096385542169,-0.9518072289156627,-7.638554216867471,-0.9491109748620478,-5.697731453096259,-7.352544451256898,3.0,0.32389832389832396,3087.388622344071,-16.448691801177088,-4.28110249985432,-18.660217936017713,1293.7728937728937,-1.0,81.59362549800797,0.32386071532840355,
2023-08-12 10:35:44.119000,-5.987951807228916,-0.963855421686747,-7.614457831325302,-0.9098712446351931,-5.7001839362354385,-7.374616799509503,3.0,0.32434232434232435,3083.1622176591372,-16.769302488199987,-3.548278072373405,-18.751820989452828,1310.6227106227104,-1.0,81.59362549800797,0.3238601392705301,
2023-08-12 10:35:44.127000,-5.951807228915663,-0.9879518072289157,-7.626506024096386,-0.9613733905579399,-5.621704475781729,-7.359901900674433,3.0,0.32434232434232435,3083.1622176591372,-16.876172717207623,-3.242934560923023,-19.24037060777344,1332.6007326007325,-1.0,81.59362549800797,0.32385963649906657,
2023-08-12 10:35:44.135000,-5.9397590361445785,-1.0120481927710845,-7.638554216867471,-0.9540159411404046,-5.584917228694052,-7.340282035561005,3.0,0.32434232434232435,3083.1622176591372,-16.9372414194977,-2.4185070800069925,-19.820523279529162,1358.2417582417581,-1.0,81.59362549800797,0.32385920716893063,
2023-08-12 10:35:44.142000,-5.963855421686747,-1.0240963855421688,-7.626506024096386,-0.9834457388105456,-5.606989576946658,-7.386879215205395,3.0,0.32434232434232435,3083.1622176591372,-17.41052386224579,-1.8230872326787482,-20.461744653574964,1389.0109890109889,-1.0,81.59362549800797,0.3238588514102144,
2023-08-12 10:35:44.150000,-5.9397590361445785,-1.0481927710843375,-7.662650602409639,-1.0521152667075413,-5.631514408338442,-7.367259350091968,3.0,0.32434232434232435,3083.1622176591372,-17.654798671406095,-1.2734689120680613,-20.568614882582597,1425.6410256410256,-1.0,81.59362549800797,0.32385856934076224,
2023-08-12 10:35:44.158000,-5.987951807228916,-1.0602409638554218,-7.710843373493976,-1.0251379521765787,-5.66584917228694,-7.4481912936848556,3.0,0.32434232434232435,3083.1622176591372,-17.92960783171144,-0.9375910494726414,-21.148767554338324,1465.9340659340658,-1.0,81.59362549800797,0.3238583611965017,
2023-08-12 10:35:44.165000,-6.0,-1.0963855421686748,-7.674698795180723,-1.0864500306560392,-5.6781115879828326,-7.438381361128142,3.0,0.32434232434232435,3083.1622176591372,-17.92960783171144,-0.9375910494726414,-21.148767554338324,1509.1575091575091,-1.0,81.59362549800797,0.32385822704628336,
2023-08-12 10:35:44.173000,-6.0361445783132535,-1.1325301204819278,-7.72289156626506,-1.0864500306560392,-5.761496014714899,-7.4849785407725316,3.0,0.32434232434232435,3083.1622176591372,-18.769302488199987,-0.5101101334421071,-21.637317172658936,1549.4505494505493,-1.0,81.59362549800797,0.32385816695384506,
2023-08-12 10:35:44.181000,-6.072289156626506,-1.1325301204819278,-7.734939759036145,-1.1330472103004292,-5.788473329245861,-7.475168608215818,3.0,0.32434232434232435,3083.1622176591372,-18.815104014917544,0.13111124060369442,-21.9273935085368,1586.8131868131868,-1.0,81.59362549800797,0.3238581809694508,
2023-08-12 10:35:44.188000,-6.096385542168675,-1.144578313253012,-7.746987951807229,-1.0938074800735744,-5.7737584304107905,-7.531575720416922,3.0,0.32434232434232435,3083.1622176591372,-19.21205057980304,0.1769127673212517,-22.446477478002446,1621.245421245421,-1.0,81.59362549800797,0.32385826914262666,
2023-08-12 10:35:44.196000,-6.120481927710844,-1.1325301204819278,-7.759036144578314,-1.0839975475168608,-5.786020846106683,-7.4996934396076025,3.0,0.32434232434232435,3083.1622176591372,-19.517394091253422,0.22271429403880894,-23.255637783345957,1647.6190476190475,-1.0,81.59362549800797,0.32385843151383853,
2023-08-12 10:35:44.203000,-6.1325301204819285,-1.1204819277108435,-7.783132530120482,-1.1158798283261802,-5.86695278969957,-7.521765787860208,3.0,0.32434232434232435,3083.1622176591372,-20.005943709574034,0.3143173474739234,-23.957927859681835,1664.4688644688645,-1.0,81.59362549800797,0.3238586679884899,
2023-08-12 10:35:44.211000,-6.1807228915662655,-1.1204819277108435,-7.807228915662651,-1.0570202329858982,-5.871857755977928,-7.521765787860208,3.0,0.32434232434232435,3083.1622176591372,-20.326554396596936,0.32958452304644253,-24.492279004720004,1677.6556776556774,-1.0,81.59362549800797,0.32385897848771067,
2023-08-12 10:35:44.219000,-6.168674698795181,-1.0963855421686748,-7.807228915662651,-1.1404046597179645,-5.89883507050889,-7.526670754138565,3.0,0.32434232434232435,3083.1622176591372,-20.540294854612203,0.19217994289377077,-24.797622516170385,1685.7142857142856,-1.0,81.59362549800797,0.32385936294992135,
2023-08-12 10:35:44.226000,-6.216867469879518,-1.072289156626506,-7.783132530120482,-0.9957081545064377,-5.908645003065604,-7.5291232372777435,3.0,0.32389832389832396,3087.388622344071,-21.120447526367926,-0.021560515121496402,-25.36250801235359,1689.3772893772893,-1.0,81.59362549800797,0.3238598213324481,
2023-08-12 10:35:44.234000,-6.240963855421687,-1.0602409638554218,-7.771084337349398,-1.074187614960147,-5.942979767014101,-7.475168608215818,3.0,0.32434232434232435,3083.1622176591372,-21.135714701940447,-0.17423227084668724,-25.2098362566284,1687.9120879120878,-1.0,81.59362549800797,0.3238603536026292,
2023-08-12 10:35:44.242000,-6.253012048192772,-1.036144578313253,-7.759036144578314,-1.0104230533415082,-5.933169834457388,-7.391784181483752,3.0,0.32434232434232435,3083.1622176591372,-21.54792844239846,-0.41850708000699255,-25.72892022609405,1678.3882783882782,750.67138671875,79.92844946743638,0.32386095984652274,
2023-08-12 10:35:44.249000,-6.27710843373494,-1.0120481927710845,-7.771084337349398,-0.9417535254445125,-5.969957081545064,-7.462906192519926,3.0,0.32434232434232435,3083.1622176591372,-21.74640172484121,-0.8917895227550842,-25.683118699376493,1661.5384615384614,-1.0,79.92844946743638,0.32386164014276836,
2023-08-12 10:35:44.257000,-6.289156626506024,-1.0,-7.72289156626506,-1.015328019619865,-5.977314530962599,-7.431023911710606,3.0,0.32434232434232435,3083.1622176591372,-22.20441699201678,-1.3803391410756949,-25.301439310063515,1643.2234432234432,-1.0,79.92844946743638,0.3238623945855317,
2023-08-12 10:35:44.265000,-6.301204819277109,-1.0120481927710845,-7.72289156626506,-0.9957081545064377,-5.960147148988351,-7.421213979153893,3.0,0.32434232434232435,3083.1622176591372,-22.20441699201678,-2.2505681487092826,-25.484645416933745,1621.9780219780218,-1.0,79.92844946743638,0.32386322327570044,
2023-08-12 10:35:44.272000,-6.301204819277109,-1.0120481927710845,-7.72289156626506,-0.9809932556713672,-6.026364193746168,-7.4408338442673205,3.0,0.32434232434232435,3083.1622176591372,-22.463958976749606,-2.6780490647398167,-25.51517976807878,1599.2673992673992,-1.0,79.92844946743638,0.32386412633300155,
2023-08-12 10:35:44.280000,-6.27710843373494,-1.0240963855421688,-7.759036144578314,-1.0423053341508277,-5.977314530962599,-7.4481912936848556,3.0,0.32434232434232435,3083.1622176591372,-22.845638366062584,-2.5864460113047025,-25.51517976807878,1575.091575091575,-1.0,79.92844946743638,0.3238651040256321,
2023-08-12 10:35:44.288000,-6.253012048192772,-1.036144578313253,-7.734939759036145,-1.0104230533415082,-5.94543225015328,-7.4408338442673205,3.0,0.32434232434232435,3083.1622176591372,-22.799836839345026,-2.7696521181749314,-25.530446943651302,1549.4505494505493,-1.0,79.92844946743638,0.323866156622899,
2023-08-12 10:35:44.295000,-6.240963855421687,-1.0240963855421688,-7.686746987951808,-1.032495401594114,-5.896382587369711,-7.39423666462293,3.0,0.32434232434232435,3083.1622176591372,-22.9372414194977,-2.693316240312336,-25.255637783345957,1528.2051282051282,-1.0,79.92844946743638,0.3238672842581082,
2023-08-12 10:35:44.303000,-6.168674698795181,-1.0120481927710845,-7.650602409638554,-0.973635806253832,-5.906192519926425,-7.301042305334151,3.0,0.32434232434232435,3083.1622176591372,-23.105180350795408,-2.5559116601596643,-25.469378241361223,1506.227106227106,-1.0,79.92844946743638,0.3238684869502731,
2023-08-12 10:35:44.311000,-6.168674698795181,-1.0120481927710845,-7.638554216867471,-0.9957081545064377,-5.837522992029429,-7.350091968117718,3.0,0.32434232434232435,3083.1622176591372,-23.074645999650368,-2.540644484587145,-25.2098362566284,1485.7142857142856,-1.0,79.92844946743638,0.32386976475311363,
2023-08-12 10:35:44.318000,-6.156626506024097,-1.0,-7.614457831325302,-0.9540159411404046,-5.871857755977928,-7.350091968117718,3.0,0.32434232434232435,3083.1622176591372,-23.288386457665638,-2.6322475380222596,-24.919759920750536,1467.3992673992673,-1.0,79.92844946743638,0.3238711178933748,
2023-08-12 10:35:44.326000,-6.1325301204819285,-1.0,-7.602409638554217,-1.0275904353157572,-5.847332924586143,-7.298589822194972,3.0,0.32434232434232435,3083.1622176591372,-23.028844472932814,-2.3421712021443972,-25.37777518792611,1449.8168498168498,-1.0,79.92844946743638,0.32387254674987315,
2023-08-12 10:35:44.334000,-6.144578313253012,-1.0,-7.602409638554217,-0.9368485591661557,-5.8326180257510725,-7.337829552421827,3.0,0.32434232434232435,3083.1622176591372,-22.631897908047318,-2.281102499854321,-25.270904958918475,1432.9670329670328,-1.0,79.92844946743638,0.3238740517047755,
2023-08-12 10:35:44.341000,-6.1084337349397595,-1.0,-7.578313253012048,-0.944206008583691,-5.859595340282035,-7.298589822194972,3.0,0.32434232434232435,3083.1622176591372,-22.677699434764875,-2.4337742555795114,-25.36250801235359,1413.9194139194137,-1.0,79.92844946743638,0.32387563314381485,
2023-08-12 10:35:44.349000,-6.1325301204819285,-1.0,-7.590361445783133,-0.9908031882280809,-5.874310239117106,-7.301042305334151,3.0,0.32434232434232435,3083.1622176591372,-22.09754676300915,-2.479575782297069,-25.36250801235359,1394.139194139194,-1.0,79.92844946743638,0.3238772913173883,
2023-08-12 10:35:44.357000,-6.1325301204819285,-1.0,-7.602409638554217,-1.003065603923973,-5.793378295524218,-7.278969957081545,3.0,0.32434232434232435,3083.1622176591372,-21.86853912942136,-2.2658353242818015,-25.22510343220092,1375.8241758241757,-1.0,79.92844946743638,0.3238790264991638,
2023-08-12 10:35:44.364000,-6.1084337349397595,-1.0,-7.602409638554217,-0.9049662783568363,-5.80564071122011,-7.315757204169221,3.0,0.32434232434232435,3083.1622176591372,-21.77693607598625,-2.0826292174115726,-25.102966027620766,1356.7765567765566,-1.0,79.92844946743638,0.3238808389740457,
2023-08-12 10:35:44.372000,-6.120481927710844,-0.9759036144578314,-7.614457831325302,-0.9466584917228693,-5.7590435315757205,-7.308399754751686,3.0,0.32434232434232435,3083.1622176591372,-21.532661266825944,-1.8383544082512673,-25.026630149758173,1339.194139194139,-1.0,79.92844946743638,0.32388272890818703,
2023-08-12 10:35:44.380000,-6.120481927710844,-0.9759036144578314,-7.626506024096386,-0.9319435928877988,-5.8399754751686075,-7.342734518700183,3.0,0.32389832389832396,3087.388622344071,-21.24258493094808,-1.5330108968008858,-25.01136297418565,1323.076923076923,-1.0,79.92844946743638,0.32388469663428493,
2023-08-12 10:35:44.387000,-6.144578313253012,-0.9518072289156627,-7.650602409638554,-0.9638258736971183,-5.817903126916002,-7.34763948497854,3.0,0.32389832389832396,3087.388622344071,-21.135714701940447,-1.3803391410756949,-25.179301905483364,1309.89010989011,-1.0,79.92844946743638,0.32388674247899013,
2023-08-12 10:35:44.395000,-6.156626506024097,-0.9397590361445783,-7.626506024096386,-0.8608215818516247,-5.859595340282035,-7.39423666462293,3.0,0.32434232434232435,3083.1622176591372,-20.769302488199987,-1.059728454052794,-25.133500378765806,1302.5641025641025,-1.0,79.92844946743638,0.32388886658995353,
2023-08-12 10:35:44.403000,-6.168674698795181,-0.9397590361445783,-7.638554216867471,-0.9491109748620478,-5.876762722256284,-7.308399754751686,3.0,0.32434232434232435,3083.1622176591372,-20.799836839345026,-0.9375910494726414,-25.133500378765806,1295.970695970696,-1.0,79.92844946743638,0.3238910692200437,
2023-08-12 10:35:44.410000,-6.19277108433735,-0.9397590361445783,-7.638554216867471,-0.9196811771919068,-5.891477621091354,-7.313304721030042,3.0,0.32434232434232435,3083.1622176591372,-20.70823378590991,-0.494842957869588,-25.255637783345957,1292.3076923076922,-1.0,79.92844946743638,0.32389335060611185,
2023-08-12 10:35:44.418000,-6.216867469879518,-0.9156626506024097,-7.626506024096386,-0.9221336603310851,-5.91354996934396,-7.406499080318822,3.0,0.32434232434232435,3083.1622176591372,-20.692966610337393,-0.5253773090146262,-25.347240836781072,1288.6446886446886,-1.0,79.92844946743638,0.32389571098618297,
2023-08-12 10:35:44.426000,-6.228915662650603,-0.9036144578313253,-7.662650602409639,-0.9245861434702636,-5.940527283874923,-7.404046597179644,3.0,0.32434232434232435,3083.1622176591372,-20.647165083619836,-0.8001864693199696,-25.56098129479634,1287.179487179487,-1.0,79.92844946743638,0.3238981505848218,
2023-08-12 10:35:44.433000,-6.240963855421687,-0.9156626506024097,-7.686746987951808,-0.8902513795217657,-6.001839362354383,-7.352544451256898,3.0,0.32434232434232435,3083.1622176591372,-20.55556203018472,-0.8612551716100459,-25.423576714643666,1284.9816849816848,-1.0,79.92844946743638,0.3239006696193823,
2023-08-12 10:35:44.441000,-6.240963855421687,-0.9156626506024097,-7.674698795180723,-0.8877988963825874,-5.965052115266707,-7.4114040465971796,3.0,0.32434232434232435,3083.1622176591372,-20.55556203018472,-0.8612551716100459,-25.423576714643666,1284.2490842490843,-1.0,79.92844946743638,0.32390326842376566,
2023-08-12 10:35:44.449000,-6.228915662650603,-0.9036144578313253,-7.698795180722892,-0.8779889638258737,-5.955242182709994,-7.428571428571428,3.0,0.32434232434232435,3083.1622176591372,-20.20441699201678,-1.0749956296253131,-25.683118699376493,1281.3186813186812,-1.0,79.92844946743638,0.3239059472952255,
2023-08-12 10:35:44.456000,-6.253012048192772,-0.9036144578313253,-7.686746987951808,-0.8313917841814837,-5.979767014101777,-7.511955855303494,3.0,0.32434232434232435,3083.1622176591372,-19.853271953848843,-1.3040032632130993,-25.148767554338324,1278.3882783882782,-1.0,79.92844946743638,0.32390870649024617,
2023-08-12 10:35:44.464000,-6.265060240963856,-0.8915662650602411,-7.72289156626506,-0.8117719190680563,-6.011649294911098,-7.458001226241569,3.0,0.32434232434232435,3083.1622176591372,-20.23495134316182,-1.1665986830604276,-25.179301905483364,1279.120879120879,-1.0,79.92844946743638,0.3239115462202229,
2023-08-12 10:35:44.472000,-6.228915662650603,-0.8915662650602411,-7.746987951807229,-0.8976088289393009,-5.984671980380135,-7.431023911710606,3.0,0.32434232434232435,3083.1622176591372,-20.37235592331449,-0.7849192937474506,-25.072431676475727,1282.051282051282,-1.0,79.92844946743638,0.3239144666469711,
2023-08-12 10:35:44.479000,-6.27710843373494,-0.8674698795180723,-7.72289156626506,-0.8338442673206621,-6.009196811771918,-7.467811158798283,3.0,0.32434232434232435,3083.1622176591372,-20.357088747741972,-1.0291941029077558,-24.73655381388031,1287.9120879120878,-1.0,79.92844946743638,0.32391746787809367,
2023-08-12 10:35:44.487000,-6.265060240963856,-0.855421686746988,-7.746987951807229,-0.8240343347639485,-5.967504598405886,-7.4849785407725316,3.0,0.32434232434232435,3083.1622176591372,-20.25021851873434,-0.9070566983276033,-24.599149233727637,1293.7728937728937,-1.0,79.92844946743638,0.3239205499622308,
2023-08-12 10:35:44.495000,-6.253012048192772,-0.8674698795180723,-7.72289156626506,-0.8436541998773758,-5.994481912936848,-7.406499080318822,3.0,0.32434232434232435,3083.1622176591372,-19.990676534001516,-1.1818658586329467,-24.629683584872677,1300.3663003663003,-1.0,79.92844946743638,0.32392371288422966,
2023-08-12 10:35:44.502000,-6.240963855421687,-0.8795180722891567,-7.698795180722892,-0.8534641324340895,-5.99202942979767,-7.37952176578786,3.0,0.32478632478632485,3078.947368421052,-19.86853912942136,-1.2734689120680613,-24.812889691742903,1304.0293040293038,-1.0,79.92844946743638,0.32392695656026105,
2023-08-12 10:35:44.510000,-6.240963855421687,-0.8674698795180723,-7.686746987951808,-0.7946045370938074,-5.987124463519313,-7.4114040465971796,3.0,0.32434232434232435,3083.1622176591372,-19.792203251558767,-1.3345376143581376,-24.52281335586504,1307.6923076923076,-1.0,79.92844946743638,0.3239302809822121,
2023-08-12 10:35:44.518000,-6.265060240963856,-0.8674698795180723,-7.72289156626506,-0.8559166155732679,-5.928264868179031,-7.443286327406499,3.0,0.32434232434232435,3083.1622176591372,-19.86853912942136,-1.1513315074879085,-24.919759920750536,1309.89010989011,-1.0,79.92844946743638,0.32393368608538203,
2023-08-12 10:35:44.525000,-6.228915662650603,-0.8674698795180723,-7.710843373493976,-0.8264868179031268,-5.925812385039853,-7.438381361128142,3.0,0.32434232434232435,3083.1622176591372,-19.74640172484121,-1.6551483013810384,-24.843424042887943,1312.8205128205127,-1.0,79.92844946743638,0.32393717158470986,
2023-08-12 10:35:44.533000,-6.1807228915662655,-0.855421686746988,-7.710843373493976,-0.8583690987124463,-5.893930104230533,-7.391784181483752,3.0,0.32389832389832396,3087.388622344071,-19.303653633238156,-1.777285705961191,-24.843424042887943,1315.018315018315,-1.0,79.92844946743638,0.3239407371089581,
2023-08-12 10:35:44.541000,-6.1325301204819285,-0.8795180722891567,-7.72289156626506,-0.8313917841814837,-5.8522378908645,-7.4114040465971796,3.0,0.32434232434232435,3083.1622176591372,-19.349455159955713,-2.5559116601596643,-24.70601946273527,1317.216117216117,-1.0,79.92844946743638,0.32394438204696613,
2023-08-12 10:35:44.548000,-6.1084337349397595,-0.8915662650602411,-7.710843373493976,-0.8730839975475169,-5.79092581238504,-7.480073574494175,3.0,0.32434232434232435,3083.1622176591372,-19.21205057980304,-2.7543849426024125,-24.85869121846046,1317.216117216117,-1.0,79.92844946743638,0.3239481056707586,
2023-08-12 10:35:44.556000,-6.060240963855422,-0.8795180722891567,-7.72289156626506,-0.8461066830165542,-5.788473329245861,-7.374616799509503,3.0,0.32434232434232435,3083.1622176591372,-19.120447526367926,-2.6169803624497407,-24.477011829147486,1317.9487179487178,-1.0,79.92844946743638,0.3239519072903529,
2023-08-12 10:35:44.564000,-6.0361445783132535,-0.8795180722891567,-7.698795180722892,-0.9000613120784794,-5.675659104843654,-7.423666462293071,3.0,0.32434232434232435,3083.1622176591372,-18.90670706835266,-2.571178835732183,-23.912126332964277,1316.4835164835165,-1.0,79.92844946743638,0.3239557859721552,
2023-08-12 10:35:44.571000,-6.0120481927710845,-0.9156626506024097,-7.759036144578314,-0.9319435928877988,-5.746781115879828,-7.381974248927039,3.0,0.32434232434232435,3083.1622176591372,-19.028844472932814,-2.525377309014626,-24.248004195559698,1314.2857142857142,-1.0,79.92844946743638,0.3239597406942353,
2023-08-12 10:35:44.579000,-6.0,-0.9277108433734941,-7.72289156626506,-0.8902513795217657,-5.7590435315757205,-7.445738810545677,3.0,0.32434232434232435,3083.1622176591372,-18.845638366062584,-2.357438377716916,-24.263271371132216,1311.3553113553112,-1.0,79.92844946743638,0.32396377047036845,
2023-08-12 10:35:44.586000,-6.0,-0.9277108433734941,-7.759036144578314,-0.9245861434702636,-5.673206621704476,-7.4408338442673205,3.0,0.32434232434232435,3083.1622176591372,-19.273119282093116,-1.9146902861138628,-24.156401142124583,1306.9597069597069,-1.0,79.92844946743638,0.32396787419768613,
2023-08-12 10:35:44.594000,-6.0,-0.963855421686747,-7.72289156626506,-0.9000613120784794,-5.641324340895156,-7.445738810545677,3.0,0.32434232434232435,3083.1622176591372,-19.013577297360293,-1.3803391410756949,-24.446477478002446,1302.5641025641025,-1.0,79.92844946743638,0.32397205065396545,
2023-08-12 10:35:44.602000,-6.0120481927710845,-0.9518072289156627,-7.710843373493976,-1.0006131207847946,-5.7075413856529735,-7.428571428571428,3.0,0.32434232434232435,3083.1622176591372,-19.44105821339083,-1.2582017364955422,-24.935027096323058,1296.7032967032967,-1.0,79.92844946743638,0.3239762984952927,
2023-08-12 10:35:44.609000,-6.0361445783132535,-0.963855421686747,-7.759036144578314,-0.9074187614960146,-5.660944206008583,-7.404046597179644,3.0,0.32434232434232435,3083.1622176591372,-19.288386457665638,-0.9681254006176796,-25.19456908105588,1290.10989010989,-1.0,79.92844946743638,0.32398061625412566,
2023-08-12 10:35:44.617000,-6.024096385542169,-0.9518072289156627,-7.746987951807229,-0.973635806253832,-5.653586756591048,-7.423666462293071,3.0,0.32434232434232435,3083.1622176591372,-19.196783404230523,-1.1818658586329467,-25.530446943651302,1283.5164835164835,-1.0,79.92844946743638,0.32398500233777694,
2023-08-12 10:35:44.625000,-6.048192771084338,-0.9277108433734941,-7.746987951807229,-0.86817903126916,-5.79092581238504,-7.450643776824034,3.0,0.32434232434232435,3083.1622176591372,-19.456325388963347,-0.9223238739001223,-26.156401142124583,1278.3882783882782,-1.0,79.92844946743638,0.32398945502734217,
2023-08-12 10:35:44.632000,-6.0361445783132535,-0.9277108433734941,-7.746987951807229,-0.9147762109135499,-5.7369711833231145,-7.462906192519926,3.0,0.32434232434232435,3083.1622176591372,-19.71586737369617,-1.059728454052794,-26.507546180292522,1274.7252747252746,-1.0,79.92844946743638,0.3239939724770891,
2023-08-12 10:35:44.640000,-6.048192771084338,-0.963855421686747,-7.783132530120482,-0.8976088289393009,-5.7443286327406495,-7.4481912936848556,3.0,0.32478632478632485,3078.947368421052,-19.807470427131285,-1.1207971563428705,-26.58388205815512,1272.5274725274724,-1.0,79.92844946743638,0.3239985527143261,
2023-08-12 10:35:44.648000,-6.0361445783132535,-0.963855421686747,-7.795180722891566,-0.9123237277743715,-5.722256284488044,-7.475168608215818,3.0,0.32434232434232435,3083.1622176591372,-19.822737602703803,-0.9070566983276033,-26.8892255696055,1268.8644688644688,-1.0,79.92844946743638,0.32400319378905695,
2023-08-12 10:35:44.655000,-6.060240963855422,-0.9879518072289157,-7.783132530120482,-0.9393010423053341,-5.763948497854077,-7.482526057633353,3.0,0.32434232434232435,3083.1622176591372,-19.807470427131285,-0.9681254006176796,-27.118233203193284,1265.9340659340658,-1.0,79.92844946743638,0.32400789364743005,
2023-08-12 10:35:44.663000,-6.0843373493975905,-0.9759036144578314,-7.783132530120482,-0.944206008583691,-5.7958307786633965,-7.4996934396076025,3.0,0.32434232434232435,3083.1622176591372,-20.08227958743663,-0.6322475380222597,-26.828156867315425,1261.5384615384614,-1.0,79.92844946743638,0.3240126499741798,
2023-08-12 10:35:44.671000,-6.0843373493975905,-1.0,-7.795180722891566,-1.0104230533415082,-5.817903126916002,-7.578172900061312,3.0,0.32434232434232435,3083.1622176591372,-20.357088747741972,-0.9986597517627177,-27.331973661208554,1254.9450549450548,-1.0,79.92844946743638,0.32401746033345974,
2023-08-12 10:35:44.678000,-6.120481927710844,-1.0,-7.819277108433735,-0.944206008583691,-5.778663396689147,-7.467811158798283,3.0,0.32434232434232435,3083.1622176591372,-20.341821572169454,-0.7085834158848552,-27.454111065788705,1249.8168498168498,-1.0,79.92844946743638,0.32402232217144145,
2023-08-12 10:35:44.686000,-6.1084337349397595,-1.0,-7.783132530120482,-0.9687308399754752,-5.756591048436542,-7.475168608215818,3.0,0.32434232434232435,3083.1622176591372,-20.479226152322127,-1.3040032632130993,-27.423576714643666,1245.4212454212454,-1.0,79.92844946743638,0.32402723281942414,
2023-08-12 10:35:44.694000,-6.096385542168675,-1.0240963855421688,-7.83132530120482,-1.0079705702023298,-5.800735744941753,-7.541385652973635,3.0,0.32434232434232435,3083.1622176591372,-20.677699434764875,-1.1513315074879085,-27.530446943651302,1243.956043956044,-1.0,79.92844946743638,0.3240321896362038,
2023-08-12 10:35:44.701000,-6.096385542168675,-1.0240963855421688,-7.795180722891566,-1.0177805027590434,-5.79092581238504,-7.5364806866952785,3.0,0.32434232434232435,3083.1622176591372,-20.72350096148243,-1.7467513548161528,-27.652584348231454,1243.2234432234432,-1.0,79.92844946743638,0.32403718985306035,
2023-08-12 10:35:44.709000,-6.096385542168675,-1.036144578313253,-7.771084337349398,-1.0128755364806867,-5.7664009809932555,-7.445738810545677,3.0,0.32434232434232435,3083.1622176591372,-21.08991317522289,-1.8688887593963055,-27.759454577239087,1242.4908424908424,-1.0,79.92844946743638,0.32404223045075264,
2023-08-12 10:35:44.717000,-6.072289156626506,-1.0602409638554218,-7.807228915662651,-0.9662783568362967,-5.709993868792152,-7.4996934396076025,3.0,0.32434232434232435,3083.1622176591372,-21.08991317522289,-1.8688887593963055,-27.759454577239087,1242.4908424908424,-1.0,79.92844946743638,0.3240473083136993,
2023-08-12 10:35:44.724000,-6.048192771084338,-1.0602409638554218,-7.795180722891566,-1.0545677498467196,-5.7296137339055795,-7.5144083384426725,3.0,0.32434232434232435,3083.1622176591372,-20.9372414194977,-1.5024765456558475,-27.89685915739176,1240.2930402930401,-1.0,79.92844946743638,0.3240524202353257,
2023-08-12 10:35:44.732000,-6.048192771084338,-1.0843373493975905,-7.795180722891566,-0.9981606376456161,-5.717351318209687,-7.531575720416922,3.0,0.32434232434232435,3083.1622176591372,-20.89143989278014,-1.777285705961191,-27.789988928384126,1238.8278388278388,-1.0,79.92844946743638,0.3240575629238555,
2023-08-12 10:35:44.740000,-6.0361445783132535,-1.0843373493975905,-7.83132530120482,-1.032495401594114,-5.722256284488044,-7.516860821581851,3.0,0.32434232434232435,3083.1622176591372,-21.105180350795408,-2.311636850999359,-27.36250801235359,1238.8278388278388,-1.0,79.92844946743638,0.3240627330085283,
2023-08-12 10:35:44.747000,-6.0361445783132535,-1.108433734939759,-7.807228915662651,-1.1183323114653587,-5.7516860821581846,-7.519313304721029,3.0,0.32478632478632485,3078.947368421052,-20.90670706835266,-2.0368276906940155,-27.72892022609405,1241.0256410256409,-1.0,79.92844946743638,0.32406792704622106,
2023-08-12 10:35:44.755000,-6.0843373493975905,-1.108433734939759,-7.819277108433735,-1.120784794604537,-5.783568362967504,-7.494788473329246,3.0,0.32434232434232435,3083.1622176591372,-21.044111648505332,-1.9146902861138628,-27.74418740166657,1246.153846153846,-1.0,79.92844946743638,0.32407314167774215,
2023-08-12 10:35:44.763000,-6.072289156626506,-1.1204819277108435,-7.843373493975904,-1.0423053341508277,-5.761496014714899,-7.521765787860208,3.0,0.32478632478632485,3078.947368421052,-21.028844472932814,-1.7467513548161528,-27.56098129479634,1252.7472527472526,-1.0,79.92844946743638,0.32407837350776975,
2023-08-12 10:35:44.770000,-6.1084337349397595,-1.1204819277108435,-7.83132530120482,-1.1232372777437154,-5.786020846106683,-7.465358675659105,3.0,0.32478632478632485,3078.947368421052,-21.2578521065206,-1.3498047899306567,-27.8510576306742,1256.4102564102564,-1.0,79.92844946743638,0.32408361910288563,
2023-08-12 10:35:44.778000,-6.1325301204819285,-1.1204819277108435,-7.795180722891566,-1.0717351318209687,-5.79092581238504,-7.480073574494175,3.0,0.32478632478632485,3078.947368421052,-21.273119282093116,-1.777285705961191,-27.973195035254353,1257.8754578754579,-1.0,79.92844946743638,0.32408887516036095,
2023-08-12 10:35:44.786000,-6.1325301204819285,-1.0963855421686748,-7.795180722891566,-1.0766400980993256,-5.808093194359288,-7.5144083384426725,3.0,0.32478632478632485,3078.947368421052,-21.05937882407785,-2.2353009731367637,-28.58388205815512,1259.3406593406592,-1.0,79.92844946743638,0.3240941382407565,
2023-08-12 10:35:44.793000,-6.144578313253012,-1.108433734939759,-7.795180722891566,-1.0717351318209687,-5.80564071122011,-7.480073574494175,3.0,0.32478632478632485,3078.947368421052,-20.921974243925177,-2.4643086067245497,-28.52281335586504,1260.07326007326,-1.0,79.92844946743638,0.324099404937552,
2023-08-12 10:35:44.801000,-6.1325301204819285,-1.0843373493975905,-7.771084337349398,-1.120784794604537,-5.820355610055181,-7.5070508890251375,3.0,0.32478632478632485,3078.947368421052,-20.662432259192354,-2.9375910494726414,-28.73655381388031,1260.07326007326,-1.0,79.92844946743638,0.3241046720156144,
2023-08-12 10:35:44.809000,-6.144578313253012,-1.0843373493975905,-7.795180722891566,-1.0423053341508277,-5.79092581238504,-7.433476394849785,3.0,0.32478632478632485,3078.947368421052,-21.196783404230523,-3.166598683060428,-28.950294271895576,1260.07326007326,-1.0,79.92844946743638,0.3241099362732613,
2023-08-12 10:35:44.816000,-6.1084337349397595,-1.036144578313253,-7.795180722891566,-1.0275904353157572,-5.798283261802575,-7.465358675659105,3.0,0.32478632478632485,3078.947368421052,-21.39525668667327,-3.212400209777985,-29.438843890216187,1262.2710622710622,-1.0,79.92844946743638,0.3241151945538667,
2023-08-12 10:35:44.824000,-6.1084337349397595,-1.0481927710843375,-7.795180722891566,-1.032495401594114,-5.827713059472716,-7.467811158798283,3.0,0.32478632478632485,3078.947368421052,-21.41052386224579,-3.258201736495542,-29.454111065788705,1262.2710622710622,-1.0,79.92844946743638,0.32412044375765864,
2023-08-12 10:35:44.832000,-6.072289156626506,-1.0481927710843375,-7.819277108433735,-0.9932556713672593,-5.8105456774984665,-7.548743102391171,3.0,0.32478632478632485,3078.947368421052,-21.2578521065206,-3.6551483013810384,-29.148767554338324,1261.5384615384614,-1.0,79.92844946743638,0.32412568085364657,
2023-08-12 10:35:44.839000,-6.0843373493975905,-1.0120481927710845,-7.83132530120482,-0.9981606376456161,-5.7737584304107905,-7.556100551808706,3.0,0.32434232434232435,3083.1622176591372,-21.227317755375562,-3.441407843365771,-28.812889691742903,1257.142857142857,-1.0,79.92844946743638,0.3241309028916147,
2023-08-12 10:35:44.847000,-6.096385542168675,-1.0481927710843375,-7.855421686746988,-1.044757817290006,-5.8031882280809315,-7.563458001226241,3.0,0.32478632478632485,3078.947368421052,-21.379989511100753,-3.624613950236,-28.32434007342229,1252.014652014652,-1.0,79.92844946743638,0.32413610700357304,
2023-08-12 10:35:44.855000,-6.0843373493975905,-1.0481927710843375,-7.819277108433735,-1.003065603923973,-5.761496014714899,-7.47271612507664,3.0,0.32478632478632485,3078.947368421052,-21.685333022551134,-3.5788124235184426,-28.156401142124583,1250.5494505494505,-1.0,79.92844946743638,0.32414129038397194,
2023-08-12 10:35:44.862000,-6.1084337349397595,-1.0602409638554218,-7.83132530120482,-0.9932556713672593,-5.830165542611894,-7.511955855303494,3.0,0.3252303252303253,3074.7440273037537,-22.06701241186411,-3.8994231105413437,-27.08769885204825,1252.014652014652,-1.0,79.92844946743638,0.32414645033282136,
2023-08-12 10:35:44.870000,-6.156626506024097,-1.036144578313253,-7.807228915662651,-0.9908031882280809,-5.879215205395463,-7.502145922746781,3.0,0.32478632478632485,3078.947368421052,-21.8990734805664,-2.907056698327603,-27.591515645941378,1257.142857142857,-1.0,79.92844946743638,0.324151584426737,
2023-08-12 10:35:44.878000,-6.19277108433735,-0.9879518072289157,-7.819277108433735,-0.9417535254445125,-5.901287553648069,-7.4702636419374615,3.0,0.3252303252303253,3074.7440273037537,-21.960142182856476,-2.830720820465008,-27.316706485636033,1265.9340659340658,-1.0,79.92844946743638,0.32415669040246775,
2023-08-12 10:35:44.885000,-6.228915662650603,-0.963855421686747,-7.795180722891566,-0.9393010423053341,-5.881667688534641,-7.519313304721029,3.0,0.32478632478632485,3078.947368421052,-22.326554396596936,-3.3650719655031756,-27.39304236349863,1277.6556776556777,-1.0,79.92844946743638,0.3241617661578694,
2023-08-12 10:35:44.893000,-6.253012048192772,-0.963855421686747,-7.783132530120482,-0.9785407725321887,-5.938074800735745,-7.4923359901900675,3.0,0.3252303252303253,3074.7440273037537,-22.296020045451897,-3.304003263213099,-27.74418740166657,1294.5054945054944,-1.0,79.92844946743638,0.32416680977364737,
2023-08-12 10:35:44.901000,-6.228915662650603,-0.9518072289156627,-7.783132530120482,-0.8534641324340895,-5.965052115266707,-7.460453709380747,3.0,0.32478632478632485,3078.947368421052,-22.311287221024415,-3.6704154769535573,-28.156401142124583,1315.7509157509157,-1.0,79.92844946743638,0.32417181965241076,
2023-08-12 10:35:44.908000,-6.216867469879518,-0.9277108433734941,-7.771084337349398,-0.9343960760269773,-5.893930104230533,-7.5364806866952785,3.0,0.32478632478632485,3078.947368421052,-22.494493327894645,-3.79255288153371,-28.477011829147486,1342.8571428571427,-1.0,79.92844946743638,0.32417679451922915,
2023-08-12 10:35:44.916000,-6.168674698795181,-0.9156626506024097,-7.734939759036145,-0.8755364806866952,-5.835070508890251,-7.467811158798283,3.0,0.32478632478632485,3078.947368421052,-22.37235592331449,-4.326904026571878,-28.40067595128489,1371.4285714285713,-1.0,79.92844946743638,0.32418173312370857,
2023-08-12 10:35:44.924000,-6.168674698795181,-0.9156626506024097,-7.746987951807229,-0.9147762109135499,-5.874310239117106,-7.4481912936848556,3.0,0.3252303252303253,3074.7440273037537,-22.540294854612203,-4.342171202144397,-28.950294271895576,1405.128205128205,-1.0,79.92844946743638,0.3241866343883732,
2023-08-12 10:35:44.931000,-6.1325301204819285,-0.9156626506024097,-7.72289156626506,-0.8779889638258737,-5.8031882280809315,-7.482526057633353,3.0,0.3252303252303253,3074.7440273037537,-22.08227958743663,-4.8154536448924885,-28.85869121846046,1441.7582417582416,-1.0,79.92844946743638,0.3241914975666642,
2023-08-12 10:35:44.939000,-6.120481927710844,-0.9156626506024097,-7.710843373493976,-0.8877988963825874,-5.822808093194359,-7.445738810545677,3.0,0.3252303252303253,3074.7440273037537,-21.960142182856476,-5.105529980770351,-28.248004195559698,1476.923076923077,-1.0,79.92844946743638,0.3241963222725362,
2023-08-12 10:35:44.946000,-6.1325301204819285,-0.9036144578313253,-7.734939759036145,-0.8412017167381973,-5.7737584304107905,-7.4408338442673205,3.0,0.3252303252303253,3074.7440273037537,-21.624264320261055,-5.258201736495542,-27.66785152380397,1514.2857142857142,-1.0,79.92844946743638,0.3242011082113283,
2023-08-12 10:35:44.954000,-6.1084337349397595,-0.9036144578313253,-7.710843373493976,-0.851011649294911,-5.8522378908645,-7.404046597179644,3.0,0.3252303252303253,3074.7440273037537,-21.670065846978613,-4.983392576190199,-27.652584348231454,1548.7179487179485,-1.0,79.92844946743638,0.3242058552076171,
2023-08-12 10:35:44.962000,-6.1084337349397595,-0.8915662650602411,-7.674698795180723,-0.86817903126916,-5.778663396689147,-7.433476394849785,3.0,0.3252303252303253,3074.7440273037537,-21.273119282093116,-5.105529980770351,-26.935027096323058,1578.7545787545787,-1.0,79.92844946743638,0.3242105633597364,
2023-08-12 10:35:44.969000,-6.120481927710844,-0.8915662650602411,-7.686746987951808,-0.9025137952176578,-5.768853464132434,-7.39423666462293,3.0,0.3252303252303253,3074.7440273037537,-21.456325388963347,-4.525377309014626,-26.996095798613133,1602.9304029304028,-1.0,79.92844946743638,0.3242152330442107,
2023-08-12 10:35:44.977000,-6.1084337349397595,-0.9036144578313253,-7.686746987951808,-0.8559166155732679,-5.739423666462293,-7.350091968117718,3.0,0.32478632478632485,3078.947368421052,-21.135714701940447,-4.46430860672455,-26.797622516170385,1623.4432234432234,-1.0,79.92844946743638,0.324219864919356,
2023-08-12 10:35:44.985000,-6.096385542168675,-0.9036144578313253,-7.686746987951808,-0.8436541998773758,-5.763948497854077,-7.340282035561005,3.0,0.3252303252303253,3074.7440273037537,-21.181516228658005,-4.006293339548977,-26.950294271895576,1638.8278388278386,-1.0,79.92844946743638,0.3242244597787143,
2023-08-12 10:35:44.992000,-6.1325301204819285,-0.8915662650602411,-7.674698795180723,-0.86817903126916,-5.817903126916002,-7.408951563458001,3.0,0.32478632478632485,3078.947368421052,-21.181516228658005,-4.006293339548977,-26.950294271895576,1647.6190476190475,-1.0,79.92844946743638,0.32422901868029574,
2023-08-12 10:35:45,-6.1084337349397595,-0.8915662650602411,-7.662650602409639,-0.9147762109135499,-5.7958307786633965,-7.4114040465971796,3.0,0.3252303252303253,3074.7440273037537,-21.608997144688537,-3.639881125808519,-27.102966027620766,1649.8168498168498,-1.0,79.92844946743638,0.3242335430958575,
2023-08-12 10:35:45.008000,-6.1084337349397595,-0.9277108433734941,-7.626506024096386,-0.8632740649908032,-5.881667688534641,-7.362354383813611,3.0,0.3252303252303253,3074.7440273037537,-20.90670706835266,-2.7543849426024125,-27.37777518792611,1641.7582417582416,758.331298828125,79.12109139200773,0.3242380347401771,
2023-08-12 10:35:45.015000,-6.1084337349397595,-0.9156626506024097,-7.662650602409639,-0.8608215818516247,-5.8031882280809315,-7.381974248927039,3.0,0.3252303252303253,3074.7440273037537,-21.044111648505332,-2.540644484587145,-27.255637783345957,1629.3040293040292,-1.0,79.12109139200773,0.32424249560112584,
2023-08-12 10:35:45.023000,-6.096385542168675,-0.9277108433734941,-7.674698795180723,-0.9098712446351931,-5.822808093194359,-7.359901900674433,3.0,0.3252303252303253,3074.7440273037537,-20.692966610337393,-2.357438377716916,-27.301439310063515,1609.5238095238094,-1.0,79.12109139200773,0.3242469279475783,
2023-08-12 10:35:45.031000,-6.1325301204819285,-0.9277108433734941,-7.674698795180723,-0.9515634580012262,-5.825260576333537,-7.399141630901287,3.0,0.3252303252303253,3074.7440273037537,-20.647165083619836,-2.189499446419206,-27.301439310063515,1586.8131868131868,-1.0,79.12109139200773,0.32425133432576386,
2023-08-12 10:35:45.038000,-6.1325301204819285,-0.9277108433734941,-7.662650602409639,-0.9172286940527283,-5.874310239117106,-7.42611894543225,3.0,0.3252303252303253,3074.7440273037537,-20.387623098887012,-2.357438377716916,-27.072431676475727,1566.3003663003662,-1.0,79.12109139200773,0.3242557175546021,
2023-08-12 10:35:45.046000,-6.19277108433735,-0.9036144578313253,-7.674698795180723,-0.9074187614960146,-5.837522992029429,-7.4481912936848556,3.0,0.3252303252303253,3074.7440273037537,-20.509760503467163,-2.0826292174115726,-26.950294271895576,1547.985347985348,-1.0,79.12109139200773,0.32426008072001333,
2023-08-12 10:35:45.054000,-6.216867469879518,-0.9036144578313253,-7.686746987951808,-0.8313917841814837,-5.889025137952176,-7.453096259963212,3.0,0.3252303252303253,3074.7440273037537,-20.25021851873434,-2.1742322708466872,-26.782355340597867,1527.4725274725274,-1.0,79.12109139200773,0.32426442716820986,
2023-08-12 10:35:45.061000,-6.204819277108434,-0.8915662650602411,-7.698795180722892,-0.8362967504598405,-5.889025137952176,-7.399141630901287,3.0,0.3252303252303253,3074.7440273037537,-19.944875007283958,-2.1742322708466872,-26.492279004720004,1507.6923076923076,-1.0,79.12109139200773,0.3242687604979655,
2023-08-12 10:35:45.069000,-6.240963855421687,-0.8795180722891567,-7.710843373493976,-0.8779889638258737,-5.989576946658492,-7.453096259963212,3.0,0.3252303252303253,3074.7440273037537,-19.822737602703803,-2.4643086067245497,-26.507546180292522,1487.9120879120878,-1.0,79.12109139200773,0.3242730844131297,
2023-08-12 10:35:45.077000,-6.253012048192772,-0.855421686746988,-7.72289156626506,-0.8608215818516247,-5.94543225015328,-7.445738810545677,3.0,0.3252303252303253,3074.7440273037537,-19.74640172484121,-2.4337742555795114,-26.278538546704738,1471.7948717948716,-1.0,79.12109139200773,0.3242774028720217,
2023-08-12 10:35:45.084000,-6.27710843373494,-0.8674698795180723,-7.710843373493976,-0.8289393010423053,-6.050889025137952,-7.4481912936848556,3.0,0.3252303252303253,3074.7440273037537,-19.273119282093116,-2.6475147135947785,-25.820523279529162,1456.4102564102564,-1.0,79.12109139200773,0.32428172020433205,
2023-08-12 10:35:45.092000,-6.265060240963856,-0.855421686746988,-7.746987951807229,-0.8289393010423053,-5.952789699570815,-7.467811158798283,3.0,0.3252303252303253,3074.7440273037537,-19.318920808810674,-2.6322475380222596,-25.957927859681835,1441.7582417582416,-1.0,79.12109139200773,0.3242860409503537,
2023-08-12 10:35:45.100000,-6.289156626506024,-0.819277108433735,-7.72289156626506,-0.8191293684855916,-5.977314530962599,-7.413856529736358,3.0,0.3256743256743257,3070.5521472392634,-19.166249053085483,-2.708583415884855,-26.110599615407025,1424.9084249084249,-1.0,79.12109139200773,0.3242903698485784,
2023-08-12 10:35:45.107000,-6.253012048192772,-0.7951807228915663,-7.710843373493976,-0.7381974248927038,-5.947884733292458,-7.423666462293071,3.0,0.3252303252303253,3074.7440273037537,-18.78456966377251,-2.7543849426024125,-25.438843890216187,1408.7912087912086,-1.0,79.12109139200773,0.32429471197167936,
2023-08-12 10:35:45.115000,-6.228915662650603,-0.8072289156626506,-7.662650602409639,-0.6965052115266707,-5.950337216431636,-7.357449417535254,3.0,0.3252303252303253,3074.7440273037537,-18.73876813705495,-2.3879727288619543,-25.408309539071148,1391.9413919413919,-1.0,79.12109139200773,0.324299072584912,
2023-08-12 10:35:45.123000,-6.216867469879518,-0.783132530120482,-7.650602409638554,-0.745554874310239,-5.947884733292458,-7.315757204169221,3.0,0.3252303252303253,3074.7440273037537,-18.75403531262747,-3.212400209777985,-25.072431676475727,1373.6263736263736,-1.0,79.12109139200773,0.3243034569721582,
2023-08-12 10:35:45.130000,-6.1807228915662655,-0.7951807228915663,-7.626506024096386,-0.7480073574494175,-5.864500306560392,-7.340282035561005,3.0,0.3252303252303253,3074.7440273037537,-17.975409358428998,-3.1818658586329467,-24.812889691742903,1358.2417582417581,-1.0,79.12109139200773,0.32430787055904625,
2023-08-12 10:35:45.138000,-6.156626506024097,-0.7951807228915663,-7.674698795180723,-0.745554874310239,-5.891477621091354,-7.342734518700183,3.0,0.3252303252303253,3074.7440273037537,-18.05174523629159,-3.609346774663481,-24.461744653574964,1344.3223443223442,-1.0,79.12109139200773,0.3243123188965608,
2023-08-12 10:35:45.146000,-6.1325301204819285,-0.7951807228915663,-7.674698795180723,-0.7136725935009196,-5.8399754751686075,-7.364806866952789,3.0,0.32478632478632485,3078.947368421052,-17.456325388963347,-3.762018530388672,-23.9273935085368,1331.8681318681317,-1.0,79.12109139200773,0.32431680764393916,
2023-08-12 10:35:45.153000,-6.1084337349397595,-0.8072289156626506,-7.662650602409639,-0.7676272225628449,-5.815450643776824,-7.396689147762109,3.0,0.3252303252303253,3074.7440273037537,-16.983042946215257,-3.79255288153371,-23.51517976807878,1320.8791208791208,-1.0,79.12109139200773,0.3243213425403574,
2023-08-12 10:35:45.161000,-6.1325301204819285,-0.8433734939759037,-7.674698795180723,-0.7578172900061312,-5.847332924586143,-7.362354383813611,3.0,0.3252303252303253,3074.7440273037537,-16.89143989278014,-3.975758988403939,-22.85869121846046,1312.087912087912,-1.0,79.12109139200773,0.32432592935483856,
2023-08-12 10:35:45.169000,-6.1084337349397595,-0.855421686746988,-7.674698795180723,-0.8068669527896996,-5.847332924586143,-7.381974248927039,3.0,0.3252303252303253,3074.7440273037537,-16.967775770642735,-3.5635452479459238,-22.339607248994813,1300.3663003663003,-1.0,79.12109139200773,0.32433057389864184,
2023-08-12 10:35:45.176000,-6.168674698795181,-0.8795180722891567,-7.674698795180723,-0.7995095033721643,-5.935622317596566,-7.377069282648681,3.0,0.3252303252303253,3074.7440273037537,-16.73876813705495,-2.510110133442107,-21.499912592506263,1287.9120879120878,-1.0,79.12109139200773,0.32433528201599493,
2023-08-12 10:35:45.184000,-6.204819277108434,-0.8674698795180723,-7.674698795180723,-0.8461066830165542,-5.957694665849172,-7.384426732066217,3.0,0.3256743256743257,3070.5521472392634,-16.78456966377251,-1.5482780723734046,-20.812889691742903,1279.8534798534797,-1.0,79.12109139200773,0.3243400595638586,
2023-08-12 10:35:45.192000,-6.265060240963856,-0.8674698795180723,-7.638554216867471,-0.7700797057020232,-5.947884733292458,-7.345187001839362,3.0,0.3252303252303253,3074.7440273037537,-16.601363556902278,-0.5101101334421071,-21.255637783345957,1274.7252747252746,-1.0,79.12109139200773,0.3243449125406339,
2023-08-12 10:35:45.199000,-6.301204819277109,-0.8433734939759037,-7.638554216867471,-0.8362967504598405,-5.962599632127529,-7.313304721030042,3.0,0.3252303252303253,3074.7440273037537,-16.158615465299224,-0.1131635685566109,-21.22510343220092,1273.260073260073,-1.0,79.12109139200773,0.3243498469378769,
2023-08-12 10:35:45.207000,-6.325301204819278,-0.8915662650602411,-7.614457831325302,-0.8804414469650521,-5.969957081545064,-7.27161250766401,3.0,0.3252303252303253,3074.7440273037537,-15.990676534001516,-0.28110249985432084,-21.789988928384126,1274.7252747252746,-1.0,79.12109139200773,0.32435486856029033,
2023-08-12 10:35:45.215000,-6.301204819277109,-0.9036144578313253,-7.602409638554217,-0.8976088289393009,-6.028816676885346,-7.296137339055794,3.0,0.3252303252303253,3074.7440273037537,-15.08991317522289,-1.2887360876405802,-22.08006526426199,1280.5860805860805,-1.0,79.12109139200773,0.3243599831434574,
2023-08-12 10:35:45.222000,-6.27710843373494,-0.9156626506024097,-7.674698795180723,-0.9196811771919068,-5.969957081545064,-7.396689147762109,3.0,0.3252303252303253,3074.7440273037537,-14.326554396596935,-2.158965095274168,-21.71365305052153,1284.2490842490843,-1.0,79.12109139200773,0.3243651963327686,
2023-08-12 10:35:45.230000,-6.216867469879518,-0.9156626506024097,-7.674698795180723,-0.86817903126916,-5.918454935622317,-7.399141630901287,3.0,0.3252303252303253,3074.7440273037537,-13.517394091253424,-3.1513315074879085,-21.56098129479634,1288.6446886446886,-1.0,79.12109139200773,0.3243705136623665,
2023-08-12 10:35:45.238000,-6.168674698795181,-0.9156626506024097,-7.734939759036145,-0.8951563458001226,-5.854690374003678,-7.438381361128142,3.0,0.3256743256743257,3070.5521472392634,-12.616630732474798,-3.975758988403939,-20.37014160013985,1293.040293040293,-1.0,79.12109139200773,0.3243759405341877,
2023-08-12 10:35:45.245000,-6.144578313253012,-0.9156626506024097,-7.771084337349398,-0.8902513795217657,-5.80564071122011,-7.489883507050888,3.0,0.3252303252303253,3074.7440273037537,-11.670065846978614,-3.8383544082512673,-19.51517976807878,1298.168498168498,-1.0,79.12109139200773,0.32438148234647124,
2023-08-12 10:35:45.253000,-6.1084337349397595,-0.9277108433734941,-7.746987951807229,-0.8976088289393009,-5.837522992029429,-7.5070508890251375,3.0,0.3256743256743257,3070.5521472392634,-10.876172717207622,-3.9604918128314197,-18.660217936017713,1304.7619047619046,-1.0,79.12109139200773,0.32438714434581184,
2023-08-12 10:35:45.261000,-6.096385542168675,-0.9518072289156627,-7.783132530120482,-0.9662783568362967,-5.844880441446965,-7.460453709380747,3.0,0.3256743256743257,3070.5521472392634,-10.692966610337393,-3.9604918128314197,-17.637317172658936,1313.5531135531135,-1.0,79.12109139200773,0.3243929315973175,
2023-08-12 10:35:45.268000,-6.096385542168675,-0.9397590361445783,-7.771084337349398,-0.9319435928877988,-5.80564071122011,-7.4849785407725316,3.0,0.3252303252303253,3074.7440273037537,-10.692966610337393,-3.9604918128314197,-17.637317172658936,1320.8791208791208,-1.0,79.12109139200773,0.32439884912562994,
2023-08-12 10:35:45.276000,-6.096385542168675,-0.9759036144578314,-7.734939759036145,-0.9123237277743715,-5.786020846106683,-7.458001226241569,3.0,0.3252303252303253,3074.7440273037537,-10.143348289726706,-4.372705553289435,-16.90449274517802,1328.937728937729,-1.0,79.12109139200773,0.3244049016094441,
2023-08-12 10:35:45.284000,-6.096385542168675,-0.9759036144578314,-7.734939759036145,-0.9662783568362967,-5.749233599019006,-7.423666462293071,3.0,0.3252303252303253,3074.7440273037537,-9.868539129421363,-4.311636850999359,-16.568614882582597,1336.263736263736,-1.0,79.12109139200773,0.32441109334293067,
2023-08-12 10:35:45.291000,-6.072289156626506,-0.9759036144578314,-7.746987951807229,-0.9074187614960146,-5.783568362967504,-7.445738810545677,3.0,0.3252303252303253,3074.7440273037537,-9.776936075986248,-4.433774255579512,-16.21746984441466,1340.6593406593406,-1.0,79.12109139200773,0.32441742835689463,
2023-08-12 10:35:45.299000,-6.048192771084338,-0.9879518072289157,-7.783132530120482,-0.9613733905579399,-5.749233599019006,-7.455548743102391,3.0,0.3252303252303253,3074.7440273037537,-9.883806304993882,-4.937591049472641,-16.446477478002446,1342.8571428571427,-1.0,79.12109139200773,0.3244239104018608,
2023-08-12 10:35:45.307000,-6.024096385542169,-0.9879518072289157,-7.807228915662651,-0.9834457388105456,-5.719803801348865,-7.531575720416922,3.0,0.3252303252303253,3074.7440273037537,-10.021210885146553,-4.769652118174931,-16.843424042887943,1342.1245421245421,-1.0,79.12109139200773,0.3244305430706435,
2023-08-12 10:35:45.314000,-6.0120481927710845,-0.9879518072289157,-7.83132530120482,-0.9025137952176578,-5.670754138565297,-7.568362967504598,3.0,0.3252303252303253,3074.7440273037537,-9.685333022551134,-5.0444612784802745,-16.522813355865043,1340.6593406593406,-1.0,79.12109139200773,0.3244373296238396,
2023-08-12 10:35:45.322000,-5.975903614457832,-0.9759036144578314,-7.891566265060241,-0.9245861434702636,-5.638871857755977,-7.587982832618025,3.0,0.3252303252303253,3074.7440273037537,-10.341821572169454,-5.105529980770351,-17.05716450090321,1336.9963369963368,-1.0,79.12109139200773,0.32444427284769295,
2023-08-12 10:35:45.329000,-5.963855421686747,-0.9759036144578314,-7.891566265060241,-0.9981606376456161,-5.673206621704476,-7.617412630288166,3.0,0.3252303252303253,3074.7440273037537,-10.08227958743663,-5.212400209777985,-17.347240836781072,1332.6007326007325,-1.0,79.12109139200773,0.3244513751895824,
2023-08-12 10:35:45.337000,-5.951807228915663,-0.9759036144578314,-7.927710843373494,-0.973635806253832,-5.629061925199264,-7.597792765174739,3.0,0.3256743256743257,3070.5521472392634,-10.723500961482431,-4.968125400617679,-17.19456908105588,1326.7399267399267,-1.0,79.12109139200773,0.32445863874518266,
2023-08-12 10:35:45.345000,-5.951807228915663,-0.963855421686747,-7.891566265060241,-0.9638258736971183,-5.670754138565297,-7.676272225628448,3.0,0.3256743256743257,3070.5521472392634,-11.08991317522289,-4.708583415884855,-17.19456908105588,1320.14652014652,-1.0,79.12109139200773,0.32446606539593625,
2023-08-12 10:35:45.352000,-5.975903614457832,-0.9518072289156627,-7.867469879518072,-0.8779889638258737,-5.587369711833231,-7.644389944819129,3.0,0.3252303252303253,3074.7440273037537,-11.639531495833577,-3.9604918128314197,-17.789988928384126,1313.5531135531135,-1.0,79.12109139200773,0.3244736568201751,
2023-08-12 10:35:45.360000,-5.963855421686747,-0.9036144578313253,-7.867469879518072,-0.8559166155732679,-5.648681790312692,-7.651747394236664,3.0,0.3256743256743257,3070.5521472392634,-12.265485694306859,-3.762018530388672,-17.66785152380397,1306.9597069597069,-1.0,79.12109139200773,0.32448141419711635,
2023-08-12 10:35:45.368000,-5.9397590361445785,-0.8795180722891567,-7.91566265060241,-0.8902513795217657,-5.58982219497241,-7.654199877375842,3.0,0.3256743256743257,3070.5521472392634,-12.43342462560457,-3.7467513548161526,-18.675485111590234,1298.168498168498,-1.0,79.12109139200773,0.32448933832765803,
2023-08-12 10:35:45.375000,-5.91566265060241,-0.855421686746988,-7.867469879518072,-0.8338442673206621,-5.606989576946658,-7.6026977314530955,3.0,0.3256743256743257,3070.5521472392634,-13.181516228658003,-3.8383544082512673,-18.828156867315425,1293.040293040293,-1.0,79.12109139200773,0.3244974297880511,
2023-08-12 10:35:45.383000,-5.903614457831326,-0.8795180722891567,-7.867469879518072,-0.8142244022072348,-5.597179644389945,-7.6026977314530955,3.0,0.3256743256743257,3070.5521472392634,-13.639531495833577,-4.189499446419206,-18.919759920750536,1290.8424908424909,-1.0,79.12109139200773,0.32450568878708225,
2023-08-12 10:35:45.391000,-5.879518072289157,-0.8674698795180723,-7.867469879518072,-0.8142244022072348,-5.570202329858982,-7.578172900061312,3.0,0.3252303252303253,3074.7440273037537,-14.158615465299224,-4.647514713594779,-19.408309539071148,1290.10989010989,-1.0,79.12109139200773,0.32451411516340856,
2023-08-12 10:35:45.398000,-5.867469879518072,-0.8915662650602411,-7.843373493975904,-0.8338442673206621,-5.580012262415695,-7.563458001226241,3.0,0.3256743256743257,3070.5521472392634,-14.525027679039683,-5.273468912068061,-19.179301905483364,1288.6446886446886,-1.0,79.12109139200773,0.3245227082350078,
2023-08-12 10:35:45.406000,-5.879518072289157,-0.8795180722891567,-7.855421686746988,-0.7872470876762722,-5.580012262415695,-7.521765787860208,3.0,0.3256743256743257,3070.5521472392634,-15.273119282093118,-5.304003263213099,-19.164034729910842,1288.6446886446886,-1.0,79.12109139200773,0.32453146692675505,
2023-08-12 10:35:45.414000,-5.927710843373494,-0.9036144578313253,-7.855421686746988,-0.8804414469650521,-5.57265481299816,-7.551195585530349,3.0,0.3256743256743257,3070.5521472392634,-15.486859740108386,-5.059728454052794,-18.73655381388031,1289.3772893772893,-1.0,79.12109139200773,0.3245403899309235,
2023-08-12 10:35:45.421000,-5.975903614457832,-0.9036144578313253,-7.867469879518072,-0.9049662783568363,-5.702636419374617,-7.619865113427345,3.0,0.3256743256743257,3070.5521472392634,-15.685333022551134,-4.723850591457374,-18.446477478002446,1291.5750915750914,-1.0,79.12109139200773,0.324549475571211,
2023-08-12 10:35:45.429000,-6.0361445783132535,-0.8915662650602411,-7.855421686746988,-0.8313917841814837,-5.746781115879828,-7.619865113427345,3.0,0.3256743256743257,3070.5521472392634,-15.944875007283958,-3.7314841792436337,-18.843424042887943,1293.7728937728937,-1.0,79.12109139200773,0.32455872180689876,
2023-08-12 10:35:45.437000,-6.120481927710844,-0.9036144578313253,-7.855421686746988,-0.851011649294911,-5.8522378908645,-7.541385652973635,3.0,0.3256743256743257,3070.5521472392634,-16.2196841675893,-3.258201736495542,-19.04189732533069,1293.7728937728937,-1.0,79.12109139200773,0.3245681262383716,
2023-08-12 10:35:45.444000,-6.19277108433735,-0.9036144578313253,-7.819277108433735,-0.8608215818516247,-5.862047823421213,-7.482526057633353,3.0,0.3256743256743257,3070.5521472392634,-16.55556203018472,-2.8154536448924885,-20.034263737544432,1290.10989010989,-1.0,79.12109139200773,0.32457768611396925,
2023-08-12 10:35:45.452000,-6.265060240963856,-0.8795180722891567,-7.771084337349398,-0.8608215818516247,-5.974862047823421,-7.4481912936848556,3.0,0.3252303252303253,3074.7440273037537,-16.921974243925177,-2.2963696754268397,-20.415943126857407,1284.9816849816848,-1.0,79.12109139200773,0.3245873983381316,
2023-08-12 10:35:45.460000,-6.301204819277109,-0.8795180722891567,-7.698795180722892,-0.9000613120784794,-5.994481912936848,-7.364806866952789,3.0,0.3252303252303253,3074.7440273037537,-17.028844472932814,-2.2505681487092826,-21.438843890216187,1283.5164835164835,-1.0,79.12109139200773,0.32459725933150185,
2023-08-12 10:35:45.467000,-6.313253012048193,-0.8795180722891567,-7.650602409638554,-0.8608215818516247,-6.050889025137952,-7.4114040465971796,3.0,0.3256743256743257,3070.5521472392634,-17.36472233552823,-2.0826292174115726,-22.43121030242993,1286.4468864468863,-1.0,79.12109139200773,0.3246072650196507,
2023-08-12 10:35:45.475000,-6.325301204819278,-0.8915662650602411,-7.638554216867471,-0.8779889638258737,-6.019006744328633,-7.342734518700183,3.0,0.3256743256743257,3070.5521472392634,-17.318920808810674,-2.097896392984092,-22.675485111590234,1291.5750915750914,-1.0,79.12109139200773,0.324617410992432,
2023-08-12 10:35:45.483000,-6.27710843373494,-0.9036144578313253,-7.638554216867471,-0.86817903126916,-5.955242182709994,-7.345187001839362,3.0,0.3256743256743257,3070.5521472392634,-17.517394091253422,-1.8841559349688246,-22.843424042887943,1296.7032967032967,-1.0,79.12109139200773,0.3246276925572029,
2023-08-12 10:35:45.490000,-6.204819277108434,-0.9036144578313253,-7.662650602409639,-0.9098712446351931,-5.903740036787247,-7.323114653586757,3.0,0.3256743256743257,3070.5521472392634,-17.150981877512965,-1.8536215838237864,-22.73655381388031,1300.3663003663003,-1.0,79.12109139200773,0.32463810490031847,
2023-08-12 10:35:45.498000,-6.156626506024097,-0.8795180722891567,-7.638554216867471,-0.838749233599019,-5.896382587369711,-7.335377069282648,3.0,0.3256743256743257,3070.5521472392634,-16.967775770642735,-1.3498047899306567,-22.141133966552065,1301.098901098901,-1.0,79.12109139200773,0.32464864294137735,
2023-08-12 10:35:45.506000,-6.0843373493975905,-0.8795180722891567,-7.638554216867471,-0.8902513795217657,-5.827713059472716,-7.33292458614347,3.0,0.3256743256743257,3070.5521472392634,-16.418157450032048,-1.5024765456558475,-20.919759920750536,1301.098901098901,-1.0,79.12109139200773,0.3246593013588325,
2023-08-12 10:35:45.513000,-6.060240963855422,-0.8915662650602411,-7.638554216867471,-0.8902513795217657,-5.771305947271612,-7.328019619865113,3.0,0.3256743256743257,3070.5521472392634,-16.112813938581667,-1.7925528815337102,-19.88159198181924,1300.3663003663003,-1.0,79.12109139200773,0.3246700745954633,
2023-08-12 10:35:45.521000,-6.024096385542169,-0.9156626506024097,-7.614457831325302,-0.944206008583691,-5.788473329245861,-7.283874923359901,3.0,0.3256743256743257,3070.5521472392634,-15.502126915680904,-1.9299574616863817,-18.01899656197191,1302.5641025641025,-1.0,79.12109139200773,0.3246809568857636,
2023-08-12 10:35:45.529000,-6.0361445783132535,-0.963855421686747,-7.650602409638554,-0.8976088289393009,-5.783568362967504,-7.315757204169221,3.0,0.3256743256743257,3070.5521472392634,-14.677699434764873,-1.212400209777985,-16.812889691742903,1305.4945054945053,-1.0,79.12109139200773,0.32469194240177135,
2023-08-12 10:35:45.536000,-6.096385542168675,-0.963855421686747,-7.614457831325302,-0.8902513795217657,-5.842427958307787,-7.33292458614347,3.0,0.3256743256743257,3070.5521472392634,-14.173882640871744,-0.678049064739817,-15.331973661208554,1311.3553113553112,-1.0,79.12109139200773,0.3247030251227643,
2023-08-12 10:35:45.544000,-6.156626506024097,-1.0120481927710845,-7.626506024096386,-1.0079705702023298,-5.903740036787247,-7.315757204169221,3.0,0.3256743256743257,3070.5521472392634,-13.41052386224579,-0.08262921741157274,-14.06479808868947,1315.018315018315,-1.0,79.12109139200773,0.3247141987159812,
2023-08-12 10:35:45.552000,-6.265060240963856,-1.0,-7.626506024096386,-0.9000613120784794,-5.918454935622317,-7.313304721030042,3.0,0.3256743256743257,3070.5521472392634,-13.41052386224579,-0.08262921741157274,-14.06479808868947,1317.9487179487178,-1.0,79.12109139200773,0.32472545657686214,
2023-08-12 10:35:45.559000,-6.289156626506024,-0.9879518072289157,-7.626506024096386,-0.956468424279583,-6.050889025137952,-7.323114653586757,3.0,0.3256743256743257,3070.5521472392634,-12.723500961482431,0.7265310879319387,-13.683118699376493,1319.4139194139193,-1.0,79.12109139200773,0.32473679199719296,
2023-08-12 10:35:45.567000,-6.349397590361446,-1.0,-7.638554216867471,-0.9834457388105456,-6.043531575720417,-7.335377069282648,3.0,0.3256743256743257,3070.5521472392634,-12.479226152322125,1.6272944467105646,-13.973195035254355,1317.9487179487178,-1.0,79.12109139200773,0.3247481983230974,
2023-08-12 10:35:45.575000,-6.36144578313253,-1.0120481927710845,-7.626506024096386,-0.9147762109135499,-6.1367259350091965,-7.423666462293071,3.0,0.3256743256743257,3070.5521472392634,-11.929607831711438,2.375386049764,-13.942660684109317,1316.4835164835165,-1.0,79.12109139200773,0.32475966895419817,
2023-08-12 10:35:45.582000,-6.409638554216868,-0.9759036144578314,-7.626506024096386,-0.9221336603310851,-6.095033721643164,-7.335377069282648,3.0,0.3256743256743257,3070.5521472392634,-11.91434065613892,3.36775246197774,-14.156401142124585,1312.087912087912,-1.0,79.12109139200773,0.32477119721536096,
2023-08-12 10:35:45.590000,-6.373493975903615,-1.0120481927710845,-7.638554216867471,-1.0349478847332925,-6.023911710606989,-7.325567136725935,3.0,0.3256743256743257,3070.5521472392634,-11.059378824077852,1.6425616222830837,-14.782355340597867,1304.7619047619046,-1.0,79.12109139200773,0.32478277623888435,
2023-08-12 10:35:45.598000,-6.36144578313253,-1.036144578313253,-7.686746987951808,-1.0006131207847946,-6.119558553034947,-7.357449417535254,3.0,0.3256743256743257,3070.5521472392634,-10.311287221024417,1.2150807062525493,-14.706019462735272,1299.6336996336995,-1.0,79.12109139200773,0.32479439914436947,
2023-08-12 10:35:45.605000,-6.397590361445784,-1.0602409638554218,-7.783132530120482,-1.061925199264255,-6.023911710606989,-7.455548743102391,3.0,0.3252303252303253,3074.7440273037537,-9.059378824077852,0.9097371948021676,-14.950294271895576,1296.7032967032967,-1.0,79.12109139200773,0.3248060591867783,
2023-08-12 10:35:45.613000,-6.36144578313253,-1.036144578313253,-7.807228915662651,-0.973635806253832,-6.036174126302881,-7.5144083384426725,3.0,0.3256743256743257,3070.5521472392634,-8.036478060719073,2.024241011596061,-14.706019462735272,1298.9010989010987,-1.0,79.12109139200773,0.32481774947809633,
2023-08-12 10:35:45.621000,-6.253012048192772,-1.0120481927710845,-7.807228915662651,-0.9687308399754752,-5.933169834457388,-7.455548743102391,3.0,0.3256743256743257,3070.5521472392634,-7.975409358428997,2.619660858924305,-15.423576714643668,1306.9597069597069,-1.0,79.12109139200773,0.32482946313452177,
2023-08-12 10:35:45.628000,-6.1084337349397595,-0.9879518072289157,-7.759036144578314,-0.9613733905579399,-5.778663396689147,-7.399141630901287,3.0,0.3256743256743257,3070.5521472392634,-7.135714701940446,0.5585921566342288,-14.919759920750538,1323.076923076923,-1.0,79.12109139200773,0.32484119331585143,
2023-08-12 10:35:45.636000,-6.0120481927710845,-0.9518072289156627,-7.734939759036145,-0.9613733905579399,-5.739423666462293,-7.33292458614347,3.0,0.3256743256743257,3070.5521472392634,-5.853271953848844,-3.7467513548161526,-13.851057630674202,1343.5897435897434,-1.0,79.12109139200773,0.3248529332642186,
2023-08-12 10:35:45.644000,-6.0361445783132535,-0.963855421686747,-7.734939759036145,-0.9147762109135499,-5.8031882280809315,-7.421213979153893,3.0,0.3256743256743257,3070.5521472392634,-4.58609638132976,-9.12079715634287,-12.156401142124585,1368.4981684981683,-1.0,79.12109139200773,0.3248646763105867,
2023-08-12 10:35:45.651000,-6.1084337349397595,-0.9879518072289157,-7.746987951807229,-0.9025137952176578,-5.827713059472716,-7.516860821581851,3.0,0.3256743256743257,3070.5521472392634,-3.6395314958335767,-11.578812423518443,-10.309072897849775,1399.2673992673992,-1.0,79.12109139200773,0.3248764159016128,
2023-08-12 10:35:45.659000,-6.168674698795181,-1.0120481927710845,-7.795180722891566,-0.927038626609442,-5.879215205395463,-7.5144083384426725,3.0,0.3256743256743257,3070.5521472392634,-3.364722335528233,-10.586446011304702,-9.026630149758171,1431.5018315018315,-1.0,79.12109139200773,0.32488814560467094,
2023-08-12 10:35:45.667000,-6.1807228915662655,-1.0120481927710845,-7.807228915662651,-0.9368485591661557,-5.849785407725322,-7.511955855303494,3.0,0.3256743256743257,3070.5521472392634,-3.5784627935435003,-7.563545247945924,-9.133500378765806,1467.3992673992673,-1.0,79.12109139200773,0.3248998589943655,
2023-08-12 10:35:45.674000,-6.19277108433735,-1.0,-7.771084337349398,-0.9785407725321887,-5.889025137952176,-7.5144083384426725,3.0,0.3252303252303253,3074.7440273037537,-3.2731192820931185,-5.807820057106229,-9.530446943651302,1504.7619047619046,-1.0,79.12109139200773,0.3249115498149618,
2023-08-12 10:35:45.682000,-6.216867469879518,-1.0,-7.759036144578314,-0.9785407725321887,-5.881667688534641,-7.453096259963212,3.0,0.3256743256743257,3070.5521472392634,-3.9448750072839585,-6.052094866266534,-10.38540877571237,1542.1245421245421,-1.0,79.12109139200773,0.32492321184338824,
2023-08-12 10:35:45.690000,-6.204819277108434,-1.036144578313253,-7.783132530120482,-0.9957081545064377,-5.908645003065604,-7.553648068669528,3.0,0.3256743256743257,3070.5521472392634,-4.708233785909912,-6.61698036244974,-10.90449274517802,1579.4871794871794,-1.0,79.12109139200773,0.32493483902805853,
2023-08-12 10:35:45.697000,-6.228915662650603,-1.0963855421686748,-7.795180722891566,-1.1158798283261802,-5.857142857142857,-7.548743102391171,3.0,0.3256743256743257,3070.5521472392634,-5.42579103781831,-6.433774255579511,-11.515179768078783,1616.117216117216,-1.0,79.12109139200773,0.32494642565828424,
2023-08-12 10:35:45.705000,-6.19277108433735,-1.0963855421686748,-7.83132530120482,-1.1011649294911097,-5.864500306560392,-7.526670754138565,3.0,0.3256743256743257,3070.5521472392634,-6.128081114154187,-5.426140667793252,-12.843424042887943,1651.2820512820513,-1.0,79.12109139200773,0.3249579662348475,
2023-08-12 10:35:45.712000,-6.120481927710844,-1.1325301204819278,-7.819277108433735,-1.1183323114653587,-5.771305947271612,-7.5438381361128135,3.0,0.3256743256743257,3070.5521472392634,-6.860905541635104,-4.082629217411572,-13.637317172658936,1677.6556776556774,-1.0,79.12109139200773,0.32496945547833495,
2023-08-12 10:35:45.720000,-6.0361445783132535,-1.144578313253012,-7.819277108433735,-1.0643776824034334,-5.709993868792152,-7.637032495401594,3.0,0.3256743256743257,3070.5521472392634,-7.42579103781831,-3.258201736495542,-14.354874424567331,1696.7032967032967,-1.0,79.12109139200773,0.32498088833645566,
2023-08-12 10:35:45.728000,-5.963855421686747,-1.144578313253012,-7.83132530120482,-1.0643776824034334,-5.631514408338442,-7.4923359901900675,3.0,0.3256743256743257,3070.5521472392634,-7.532661266825943,-3.3650719655031756,-14.614416409300157,1708.4249084249084,-1.0,79.12109139200773,0.3249922599903322,
2023-08-12 10:35:45.735000,-5.91566265060241,-1.1204819277108435,-7.807228915662651,-1.0226854690374003,-5.621704475781729,-7.561005518087063,3.0,0.3256743256743257,3070.5521472392634,-8.051745236291591,-4.250568148709283,-14.171668317697103,1714.2857142857142,-1.0,79.12109139200773,0.3250035658597417,
2023-08-12 10:35:45.743000,-5.891566265060241,-1.1204819277108435,-7.843373493975904,-1.1305947271612506,-5.638871857755977,-7.578172900061312,3.0,0.3256743256743257,3070.5521472392634,-8.509760503467165,-5.395606316648213,-13.835790455101684,1715.018315018315,-1.0,79.12109139200773,0.3250148016073093,
2023-08-12 10:35:45.751000,-5.855421686746988,-1.1204819277108435,-7.879518072289157,-1.1158798283261802,-5.565297363580625,-7.6026977314530955,3.0,0.3256743256743257,3070.5521472392634,-8.815104014917546,-6.052094866266534,-13.087698852048248,1711.3553113553112,-1.0,79.12109139200773,0.32502596314164567,
2023-08-12 10:35:45.758000,-5.843373493975904,-1.108433734939759,-7.9397590361445785,-1.1330472103004292,-5.474555487431024,-7.622317596566523,3.0,0.3252303252303253,3074.7440273037537,-9.22731775537556,-5.670415476953557,-12.431210302429928,1700.3663003663003,-1.0,79.12109139200773,0.32503704661943483,
2023-08-12 10:35:45.766000,-5.891566265060241,-1.108433734939759,-7.927710843373494,-1.0889025137952175,-5.57265481299816,-7.664009809932557,3.0,0.3256743256743257,3070.5521472392634,-9.624264320261057,-3.6551483013810384,-12.06479808868947,1684.9816849816848,-1.0,79.12109139200773,0.3250480484359349,
2023-08-12 10:35:45.774000,-5.867469879518072,-1.0963855421686748,-7.927710843373494,-1.0962599632127528,-5.592274678111588,-7.646842427958307,3.0,0.3256743256743257,3070.5521472392634,-9.670065846978614,-1.5788124235184429,-11.499912592506263,1668.131868131868,-1.0,79.12109139200773,0.3250589651932862,
2023-08-12 10:35:45.781000,-5.903614457831326,-1.036144578313253,-7.891566265060241,-1.061925199264255,-5.621704475781729,-7.583077866339669,3.0,0.3256743256743257,3070.5521472392634,-10.479226152322125,0.20744711846628985,-11.39304236349863,1649.8168498168498,765.9912109375,78.32988047808765,0.32506979373084555,
2023-08-12 10:35:45.789000,-5.9397590361445785,-0.9879518072289157,-7.867469879518072,-0.9466584917228693,-5.602084610668301,-7.583077866339669,3.0,0.3256743256743257,3070.5521472392634,-11.013577297360294,1.4288211642678166,-11.286172134490997,1628.5714285714284,-1.0,78.32988047808765,0.32508053113337576,
2023-08-12 10:35:45.797000,-5.987951807228916,-0.9397590361445783,-7.819277108433735,-0.8828939301042305,-5.717351318209687,-7.497240956468424,3.0,0.3256743256743257,3070.5521472392634,-11.91434065613892,1.8410349047258319,-11.988462210826874,1608.058608058608,-1.0,78.32988047808765,0.3250911747277433,
2023-08-12 10:35:45.804000,-6.0843373493975905,-0.8795180722891567,-7.746987951807229,-0.7946045370938074,-5.7958307786633965,-7.462906192519926,3.0,0.3256743256743257,3070.5521472392634,-12.73876813705495,1.7799662024357554,-12.141133966552065,1588.278388278388,-1.0,78.32988047808765,0.3251017220787121,
2023-08-12 10:35:45.812000,-6.168674698795181,-0.8915662650602411,-7.746987951807229,-0.8730839975475169,-5.908645003065604,-7.455548743102391,3.0,0.3256743256743257,3070.5521472392634,-12.860905541635104,2.1616455917487327,-12.690752287162752,1567.032967032967,-1.0,78.32988047808765,0.32511217098387085,
2023-08-12 10:35:45.820000,-6.216867469879518,-0.8915662650602411,-7.734939759036145,-0.8632740649908032,-5.93071735131821,-7.42611894543225,3.0,0.3256743256743257,3070.5521472392634,-12.692966610337393,2.665462385641862,-13.866324806246721,1545.7875457875457,-1.0,78.32988047808765,0.3251225194677427,
2023-08-12 10:35:45.827000,-6.265060240963856,-0.8795180722891567,-7.746987951807229,-0.8657265481299815,-5.918454935622317,-7.548743102391171,3.0,0.3256743256743257,3070.5521472392634,-12.692966610337393,2.665462385641862,-13.866324806246721,1523.8095238095236,-1.0,78.32988047808765,0.3251327657751302,
2023-08-12 10:35:45.835000,-6.27710843373494,-0.8795180722891567,-7.771084337349398,-0.8240343347639485,-6.014101778050276,-7.4776210913549965,3.0,0.3256743256743257,3070.5521472392634,-12.769302488199989,2.436454752054076,-14.431210302429928,1501.098901098901,-1.0,78.32988047808765,0.32514290836374404,
2023-08-12 10:35:45.843000,-6.27710843373494,-0.8915662650602411,-7.759036144578314,-0.8436541998773758,-5.972409564684242,-7.511955855303494,3.0,0.3256743256743257,3070.5521472392634,-12.58609638132976,2.436454752054076,-14.843424042887943,1481.3186813186812,-1.0,78.32988047808765,0.3251529458961773,
2023-08-12 10:35:45.850000,-6.253012048192772,-0.9036144578313253,-7.795180722891566,-0.8583690987124463,-5.962599632127529,-7.516860821581851,3.0,0.3256743256743257,3070.5521472392634,-12.341821572169454,0.955538721519725,-15.37777518792611,1460.8058608058607,-1.0,78.32988047808765,0.32516287723128284,
2023-08-12 10:35:45.858000,-6.204819277108434,-0.9156626506024097,-7.783132530120482,-0.8755364806866952,-5.938074800735745,-7.5144083384426725,3.0,0.3256743256743257,3070.5521472392634,-12.158615465299226,-0.28110249985432084,-15.255637783345959,1442.4908424908424,-1.0,78.32988047808765,0.32517270141501414,
2023-08-12 10:35:45.866000,-6.168674698795181,-0.9156626506024097,-7.771084337349398,-0.8779889638258737,-5.874310239117106,-7.494788473329246,3.0,0.3256743256743257,3070.5521472392634,-11.273119282093118,-1.777285705961191,-14.690752287162752,1427.106227106227,-1.0,78.32988047808765,0.3251824176707974,
2023-08-12 10:35:45.873000,-6.1325301204819285,-0.9397590361445783,-7.746987951807229,-0.8976088289393009,-5.837522992029429,-7.482526057633353,3.0,0.3256743256743257,3070.5521472392634,-11.349455159955713,-2.4643086067245497,-14.156401142124585,1413.9194139194137,-1.0,78.32988047808765,0.3251920253894954,
2023-08-12 10:35:45.881000,-6.1084337349397595,-0.9518072289156627,-7.698795180722892,-0.9196811771919068,-5.847332924586143,-7.372164316370324,3.0,0.3256743256743257,3070.5521472392634,-10.708233785909913,-3.258201736495542,-13.40830953907115,1400.7326007326005,-1.0,78.32988047808765,0.32520152411903247,
2023-08-12 10:35:45.889000,-6.1084337349397595,-0.963855421686747,-7.662650602409639,-0.9417535254445125,-5.86695278969957,-7.33292458614347,3.0,0.3256743256743257,3070.5521472392634,-10.708233785909913,-3.166598683060428,-12.660217936017714,1389.0109890109889,-1.0,78.32988047808765,0.3252109135537476,
2023-08-12 10:35:45.896000,-6.1325301204819285,-0.9879518072289157,-7.614457831325302,-0.9711833231146535,-5.827713059472716,-7.320662170447577,3.0,0.3256743256743257,3070.5521472392634,-10.311287221024417,-3.227667385350504,-11.576248470368858,1378.021978021978,-1.0,78.32988047808765,0.3252201935235413,
2023-08-12 10:35:45.904000,-6.168674698795181,-1.036144578313253,-7.578313253012048,-1.003065603923973,-5.830165542611894,-7.264255058246474,3.0,0.3256743256743257,3070.5521472392634,-10.692966610337393,-3.1055299807703514,-11.286172134490997,1368.4981684981683,-1.0,78.32988047808765,0.3252293639828848,
2023-08-12 10:35:45.912000,-6.204819277108434,-1.0843373493975905,-7.590361445783133,-1.032495401594114,-5.849785407725322,-7.323114653586757,3.0,0.3252303252303253,3074.7440273037537,-10.357088747741974,-3.853621583823786,-11.270904958918477,1359.7069597069597,-1.0,78.32988047808765,0.3252384249997581,
2023-08-12 10:35:45.919000,-6.240963855421687,-1.144578313253012,-7.578313253012048,-1.0987124463519313,-5.879215205395463,-7.274064990803188,3.0,0.3252303252303253,3074.7440273037537,-10.280752869879377,-4.189499446419206,-11.255637783345959,1353.113553113553,-1.0,78.32988047808765,0.3252473767340374,
2023-08-12 10:35:45.927000,-6.228915662650603,-1.2048192771084338,-7.602409638554217,-1.2213366033108521,-5.920907418761495,-7.305947271612507,3.0,0.3256743256743257,3070.5521472392634,-10.097546763009149,-4.067362041839053,-11.591515645941378,1347.985347985348,-1.0,78.32988047808765,0.32525621938423044,
2023-08-12 10:35:45.935000,-6.204819277108434,-1.2530120481927711,-7.638554216867471,-1.2875536480686696,-5.901287553648069,-7.381974248927039,3.0,0.3256743256743257,3070.5521472392634,-10.112813938581668,-3.6551483013810384,-11.851057630674202,1347.2527472527472,-1.0,78.32988047808765,0.3252649531762029,
2023-08-12 10:35:45.942000,-6.19277108433735,-1.313253012048193,-7.698795180722892,-1.2188841201716738,-5.874310239117106,-7.401594114040465,3.0,0.3256743256743257,3070.5521472392634,-10.357088747741974,-4.006293339548977,-12.38540877571237,1346.5201465201465,-1.0,78.32988047808765,0.325273578393959,
2023-08-12 10:35:45.950000,-6.1084337349397595,-1.3373493975903614,-7.674698795180723,-1.2728387492335989,-5.8399754751686075,-7.401594114040465,3.0,0.3256743256743257,3070.5521472392634,-10.158615465299226,-3.4872093700833284,-12.996095798613133,1345.7875457875457,-1.0,78.32988047808765,0.3252820953789666,
2023-08-12 10:35:45.958000,-6.0361445783132535,-1.4096385542168675,-7.72289156626506,-1.3782955242182708,-5.746781115879828,-7.458001226241569,3.0,0.3252303252303253,3074.7440273037537,-9.929607831711438,-3.807820057106229,-12.843424042887943,1346.5201465201465,-1.0,78.32988047808765,0.3252905045192567,
2023-08-12 10:35:45.965000,-6.0,-1.457831325301205,-7.759036144578314,-1.4935622317596566,-5.663396689147762,-7.4702636419374615,3.0,0.3256743256743257,3070.5521472392634,-9.379989511100751,-3.929957461686382,-12.858691218460462,1348.7179487179487,-1.0,78.32988047808765,0.32529880608960815,
2023-08-12 10:35:45.973000,-5.963855421686747,-1.4819277108433735,-7.759036144578314,-1.4984671980380133,-5.65113427345187,-7.480073574494175,3.0,0.3256743256743257,3070.5521472392634,-9.24258493094808,-3.945224637258901,-12.477011829147484,1353.113553113553,-1.0,78.32988047808765,0.32530700036888643,
2023-08-12 10:35:45.981000,-5.951807228915663,-1.5060240963855422,-7.759036144578314,-1.4690374003678723,-5.58982219497241,-7.553648068669528,3.0,0.3256743256743257,3070.5521472392634,-9.502126915680904,-4.097896392984092,-12.04953091311695,1355.3113553113553,-1.0,78.32988047808765,0.3253150877893901,
2023-08-12 10:35:45.988000,-5.927710843373494,-1.5421686746987953,-7.759036144578314,-1.5205395462906193,-5.636419374616799,-7.553648068669528,3.0,0.3256743256743257,3070.5521472392634,-9.59372996911602,-3.853621583823786,-12.263271371132218,1357.5091575091574,-1.0,78.32988047808765,0.3253230687888716,
2023-08-12 10:35:45.996000,-5.927710843373494,-1.530120481927711,-7.795180722891566,-1.554874310239117,-5.594727161250766,-7.553648068669528,3.0,0.3252303252303253,3074.7440273037537,-9.303653633238156,-4.189499446419206,-11.774721752811606,1360.4395604395604,-1.0,78.32988047808765,0.3253309438019029,
2023-08-12 10:35:46.004000,-5.927710843373494,-1.5421686746987953,-7.855421686746988,-1.5941140404659717,-5.631514408338442,-7.526670754138565,3.0,0.3256743256743257,3070.5521472392634,-9.608997144688539,-4.4795757822970685,-11.881591981819241,1364.102564102564,-1.0,78.32988047808765,0.32533871310258833,
2023-08-12 10:35:46.011000,-5.963855421686747,-1.530120481927711,-7.879518072289157,-1.5229920294297976,-5.673206621704476,-7.597792765174739,3.0,0.3256743256743257,3070.5521472392634,-10.08227958743663,-5.197133034205466,-12.186935493269623,1367.032967032967,-1.0,78.32988047808765,0.3253463769246661,
2023-08-12 10:35:46.019000,-5.951807228915663,-1.5542168674698795,-7.891566265060241,-1.537706928264868,-5.619251992642551,-7.58062538320049,3.0,0.3256743256743257,3070.5521472392634,-10.08227958743663,-5.105529980770351,-11.927393508536797,1369.230769230769,-1.0,78.32988047808765,0.3253539356138424,
2023-08-12 10:35:46.027000,-5.975903614457832,-1.5542168674698795,-7.91566265060241,-1.5107296137339055,-5.638871857755977,-7.632127529123236,3.0,0.3252303252303253,3074.7440273037537,-11.273119282093118,-4.80018646931997,-12.538080531437561,1369.230769230769,-1.0,78.32988047808765,0.3253613894829925,
2023-08-12 10:35:46.034000,-5.987951807228916,-1.5542168674698795,-7.927710843373494,-1.6039239730226853,-5.732066217044758,-7.713059472716124,3.0,0.3256743256743257,3070.5521472392634,-11.792203251558767,-4.235300973136764,-13.133500378765806,1368.4981684981683,-1.0,78.32988047808765,0.32536873865758664,
2023-08-12 10:35:46.042000,-6.048192771084338,-1.5180722891566265,-7.91566265060241,-1.5033721643163702,-5.724708767627222,-7.67381974248927,3.0,0.3256743256743257,3070.5521472392634,-12.58609638132976,-3.624613950236,-13.622049997086416,1364.102564102564,-1.0,78.32988047808765,0.3253759830598708,
2023-08-12 10:35:46.050000,-6.024096385542169,-1.5060240963855422,-7.927710843373494,-1.4518700183936235,-5.722256284488044,-7.727774371551195,3.0,0.3256743256743257,3070.5521472392634,-13.517394091253424,-2.8459879960375267,-14.21746984441466,1360.4395604395604,-1.0,78.32988047808765,0.3253831227232443,
2023-08-12 10:35:46.057000,-6.0361445783132535,-1.493975903614458,-7.951807228915663,-1.496014714898835,-5.687921520539546,-7.681177191906805,3.0,0.3256743256743257,3070.5521472392634,-14.876172717207622,-2.158965095274168,-15.05716450090321,1356.7765567765566,-1.0,78.32988047808765,0.3253901577780676,
2023-08-12 10:35:46.065000,-6.048192771084338,-1.4337349397590362,-7.903614457831326,-1.437155119558553,-5.717351318209687,-7.690987124463519,3.0,0.3252303252303253,3074.7440273037537,-15.975409358428996,-1.9910261639764582,-15.56098129479634,1350.9157509157508,-1.0,78.32988047808765,0.3253970883003256,
2023-08-12 10:35:46.073000,-6.0361445783132535,-1.421686746987952,-7.927710843373494,-1.366033108522379,-5.71244635193133,-7.681177191906805,3.0,0.3252303252303253,3074.7440273037537,-17.27311928209312,-2.0520948662665344,-15.988462210826874,1344.3223443223442,-1.0,78.32988047808765,0.3254039142998671,
2023-08-12 10:35:46.080000,-6.0361445783132535,-1.3975903614457832,-7.891566265060241,-1.4150827713059473,-5.776210913549969,-7.570815450643776,3.0,0.3256743256743257,3070.5521472392634,-18.479226152322127,-2.021560515121496,-16.53808053143756,1338.4615384615383,-1.0,78.32988047808765,0.3254106355389923,
2023-08-12 10:35:46.088000,-6.060240963855422,-1.4096385542168675,-7.927710843373494,-1.3881054567749846,-5.722256284488044,-7.654199877375842,3.0,0.3256743256743257,3070.5521472392634,-19.807470427131285,-1.9452246372589008,-16.965561447468094,1335.5311355311355,-1.0,78.32988047808765,0.3254172516915886,
2023-08-12 10:35:46.095000,-6.096385542168675,-1.421686746987952,-7.91566265060241,-1.3807480073574494,-5.756591048436542,-7.671367259350092,3.0,0.3256743256743257,3070.5521472392634,-19.822737602703803,-1.1665986830604276,-17.01136297418565,1334.065934065934,-1.0,78.32988047808765,0.32542376251340144,
2023-08-12 10:35:46.103000,-6.096385542168675,-1.3734939759036144,-7.91566265060241,-1.3243408951563458,-5.800735744941753,-7.614960147148988,3.0,0.3252303252303253,3074.7440273037537,-19.822737602703803,-1.1665986830604276,-17.01136297418565,1334.7985347985348,-1.0,78.32988047808765,0.3254301677046536,
2023-08-12 10:35:46.111000,-6.1325301204819285,-1.3373493975903614,-7.9397590361445785,-1.3096259963212753,-5.859595340282035,-7.698344573881054,3.0,0.3252303252303253,3074.7440273037537,-20.90670706835266,-1.3498047899306567,-17.622049997086418,1336.9963369963368,-1.0,78.32988047808765,0.3254364667628665,
2023-08-12 10:35:46.118000,-6.156626506024097,-1.3012048192771084,-7.927710843373494,-1.226241569589209,-5.879215205395463,-7.703249540159411,3.0,0.3256743256743257,3070.5521472392634,-21.700600198123652,-1.4719421945108093,-17.683118699376493,1341.3919413919414,-1.0,78.32988047808765,0.32544265896382113,
2023-08-12 10:35:46.126000,-6.204819277108434,-1.2530120481927711,-7.951807228915663,-1.1624770079705702,-5.86695278969957,-7.708154506437768,3.0,0.3256743256743257,3070.5521472392634,-22.25021851873434,-2.097896392984092,-17.973195035254356,1344.3223443223442,-1.0,78.32988047808765,0.32544874365143744,
2023-08-12 10:35:46.134000,-6.228915662650603,-1.2289156626506024,-7.927710843373494,-1.2164316370324952,-5.886572654812998,-7.61250766400981,3.0,0.3256743256743257,3070.5521472392634,-22.952508595070217,-2.525377309014626,-18.339607248994813,1349.4505494505493,-1.0,78.32988047808765,0.3254547202619556,
2023-08-12 10:35:46.141000,-6.253012048192772,-1.1927710843373494,-7.903614457831326,-1.1624770079705702,-5.965052115266707,-7.629675045984058,3.0,0.3256743256743257,3070.5521472392634,-23.166249053085483,-2.708583415884855,-18.40067595128489,1353.113553113553,-1.0,78.32988047808765,0.3254605881896155,
2023-08-12 10:35:46.149000,-6.265060240963856,-1.144578313253012,-7.879518072289157,-1.1649294911097485,-5.91354996934396,-7.617412630288166,3.0,0.3252303252303253,3074.7440273037537,-23.425791037818307,-4.097896392984092,-19.05716450090321,1357.5091575091574,-1.0,78.32988047808765,0.3254663467916728,
2023-08-12 10:35:46.157000,-6.27710843373494,-1.108433734939759,-7.83132530120482,-1.0864500306560392,-5.977314530962599,-7.5364806866952785,3.0,0.3256743256743257,3070.5521472392634,-23.24258493094808,-4.754384942602412,-19.66785152380397,1358.974358974359,-1.0,78.32988047808765,0.3254719952446667,
2023-08-12 10:35:46.164000,-6.313253012048193,-1.036144578313253,-7.795180722891566,-1.0300429184549356,-5.996934396076027,-7.494788473329246,3.0,0.3256743256743257,3070.5521472392634,-23.349455159955713,-5.578812423518443,-19.789988928384126,1359.7069597069597,-1.0,78.32988047808765,0.3254775326779004,
2023-08-12 10:35:46.172000,-6.289156626506024,-0.9879518072289157,-7.72289156626506,-0.9049662783568363,-5.994481912936848,-7.4923359901900675,3.0,0.3256743256743257,3070.5521472392634,-23.54792844239846,-6.372705553289435,-20.73655381388031,1358.974358974359,-1.0,78.32988047808765,0.3254829583388882,
2023-08-12 10:35:46.180000,-6.265060240963856,-0.9156626506024097,-7.674698795180723,-0.8779889638258737,-5.987124463519313,-7.413856529736358,3.0,0.3256743256743257,3070.5521472392634,-23.349455159955713,-8.220033797564245,-21.2098362566284,1358.974358974359,-1.0,78.32988047808765,0.32548827132258346,
2023-08-12 10:35:46.187000,-6.27710843373494,-0.8795180722891567,-7.662650602409639,-0.8019619865113427,-6.048436541998774,-7.359901900674433,3.0,0.3256743256743257,3070.5521472392634,-23.166249053085483,-9.334537614358137,-21.530446943651302,1357.5091575091574,-1.0,78.32988047808765,0.3254934707375842,
2023-08-12 10:35:46.195000,-6.265060240963856,-0.855421686746988,-7.614457831325302,-0.8485591661557327,-5.994481912936848,-7.28632740649908,3.0,0.3256743256743257,3070.5521472392634,-23.074645999650368,-10.922323873900122,-21.973195035254356,1353.8461538461538,-1.0,78.32988047808765,0.32549855584112786,
2023-08-12 10:35:46.203000,-6.253012048192772,-0.819277108433735,-7.602409638554217,-0.7847946045370937,-5.972409564684242,-7.293684855916615,3.0,0.3256743256743257,3070.5521472392634,-22.58609638132976,-11.655148301381038,-21.530446943651302,1347.985347985348,-1.0,78.32988047808765,0.325503525897616,
2023-08-12 10:35:46.210000,-6.204819277108434,-0.8072289156626506,-7.578313253012048,-0.8117719190680563,-5.928264868179031,-7.301042305334151,3.0,0.3256743256743257,3070.5521472392634,-22.70823378590991,-12.754384942602412,-21.301439310063515,1341.3919413919414,-1.0,78.32988047808765,0.3255083801866277,
2023-08-12 10:35:46.218000,-6.204819277108434,-0.783132530120482,-7.602409638554217,-0.6891477621091354,-5.925812385039853,-7.33292458614347,3.0,0.3252303252303253,3074.7440273037537,-22.357088747741972,-12.418507080006991,-21.36250801235359,1331.8681318681317,-1.0,78.32988047808765,0.325513118011058,
2023-08-12 10:35:46.226000,-6.168674698795181,-0.783132530120482,-7.566265060240965,-0.745554874310239,-5.893930104230533,-7.325567136725935,3.0,0.3252303252303253,3074.7440273037537,-22.37235592331449,-11.853621583823786,-21.01136297418565,1322.3443223443223,-1.0,78.32988047808765,0.3255177385560353,
2023-08-12 10:35:46.233000,-6.168674698795181,-0.783132530120482,-7.55421686746988,-0.7283874923359902,-5.874310239117106,-7.261802575107295,3.0,0.3252303252303253,3074.7440273037537,-22.662432259192354,-11.349804789930657,-20.156401142124583,1312.8205128205127,-1.0,78.32988047808765,0.3255222408752668,
2023-08-12 10:35:46.241000,-6.144578313253012,-0.7590361445783133,-7.518072289156627,-0.8044144696505211,-5.854690374003678,-7.161250766400981,3.0,0.3252303252303253,3074.7440273037537,-22.2196841675893,-10.2658353242818,-19.652584348231454,1306.9597069597069,-1.0,78.32988047808765,0.3255266240362742,
2023-08-12 10:35:46.249000,-6.168674698795181,-0.7349397590361446,-7.445783132530121,-0.6597179644389944,-5.864500306560392,-7.156345800122624,3.0,0.3252303252303253,3074.7440273037537,-22.28075286987938,-9.059728454052793,-19.316706485636033,1304.0293040293038,-1.0,78.32988047808765,0.3255308871265878,
2023-08-12 10:35:46.256000,-6.1807228915662655,-0.7349397590361446,-7.421686746987953,-0.7161250766400981,-5.950337216431636,-7.171060698957694,3.0,0.3256743256743257,3070.5521472392634,-22.06701241186411,-8.189499446419205,-19.347240836781072,1303.2967032967033,-1.0,78.32988047808765,0.3255350292596032,
2023-08-12 10:35:46.264000,-6.204819277108434,-0.7349397590361446,-7.421686746987953,-0.7063151440833844,-5.940527283874923,-7.104843654199877,3.0,0.3256743256743257,3070.5521472392634,-22.02121088514655,-7.28873608764058,-19.484645416933745,1305.4945054945053,-1.0,78.32988047808765,0.32553904972934555,
2023-08-12 10:35:46.272000,-6.228915662650603,-0.7349397590361446,-7.421686746987953,-0.6965052115266707,-5.947884733292458,-7.090128755364806,3.0,0.3256743256743257,3070.5521472392634,-22.05174523629159,-6.784919293747451,-19.74418740166657,1309.1575091575091,-1.0,78.32988047808765,0.3255429480373945,
2023-08-12 10:35:46.279000,-6.253012048192772,-0.7349397590361446,-7.421686746987953,-0.645003065603924,-5.942979767014101,-7.139178418148375,3.0,0.3256743256743257,3070.5521472392634,-21.41052386224579,-6.830720820465007,-19.88159198181924,1314.2857142857142,-1.0,78.32988047808765,0.32554672376040805,
2023-08-12 10:35:46.287000,-6.27710843373494,-0.7590361445783133,-7.445783132530121,-0.7161250766400981,-5.965052115266707,-7.1293684855916615,3.0,0.3252303252303253,3074.7440273037537,-21.2578521065206,-6.28110249985432,-19.89685915739176,1315.7509157509157,-1.0,78.32988047808765,0.3255503764173422,
2023-08-12 10:35:46.295000,-6.253012048192772,-0.7590361445783133,-7.421686746987953,-0.762722256284488,-6.048436541998774,-7.171060698957694,3.0,0.3252303252303253,3074.7440273037537,-20.998310121787775,-5.655148301381038,-20.38540877571237,1314.2857142857142,-1.0,78.32988047808765,0.3255539054849078,
2023-08-12 10:35:46.302000,-6.240963855421687,-0.783132530120482,-7.493975903614459,-0.7480073574494175,-5.967504598405886,-7.229920294297976,3.0,0.3252303252303253,3074.7440273037537,-20.326554396596936,-5.105529980770351,-20.248004195559698,1312.087912087912,-1.0,78.32988047808765,0.32555731036980795,
2023-08-12 10:35:46.310000,-6.228915662650603,-0.7710843373493976,-7.493975903614459,-0.7406499080318822,-5.896382587369711,-7.183323114653587,3.0,0.3256743256743257,3070.5521472392634,-19.608997144688537,-4.449041431152031,-20.08006526426199,1309.1575091575091,-1.0,78.32988047808765,0.3255605904219216,
2023-08-12 10:35:46.318000,-6.216867469879518,-0.7710843373493976,-7.542168674698796,-0.7921520539546291,-5.987124463519313,-7.225015328019619,3.0,0.3256743256743257,3070.5521472392634,-19.349455159955713,-3.471942194510809,-20.141133966552065,1305.4945054945053,-1.0,78.32988047808765,0.3255637452343246,
2023-08-12 10:35:46.325000,-6.19277108433735,-0.7590361445783133,-7.530120481927711,-0.7381974248927038,-5.928264868179031,-7.278969957081545,3.0,0.3252303252303253,3074.7440273037537,-19.273119282093116,-2.830720820465008,-19.88159198181924,1302.5641025641025,-1.0,78.32988047808765,0.32556677466615397,
2023-08-12 10:35:46.333000,-6.1807228915662655,-0.7951807228915663,-7.518072289156627,-0.7749846719803801,-5.859595340282035,-7.222562844880441,3.0,0.3256743256743257,3070.5521472392634,-18.845638366062584,-2.739117767029893,-20.04953091311695,1298.9010989010987,-1.0,78.32988047808765,0.32556967855679614,
2023-08-12 10:35:46.341000,-6.19277108433735,-0.7710843373493976,-7.55421686746988,-0.7504598405885959,-5.8522378908645,-7.264255058246474,3.0,0.3252303252303253,3074.7440273037537,-18.677699434764875,-2.7696521181749314,-19.957927859681835,1300.3663003663003,-1.0,78.32988047808765,0.3255724568552543,
2023-08-12 10:35:46.348000,-6.216867469879518,-0.7590361445783133,-7.518072289156627,-0.7210300429184548,-5.923359901900674,-7.234825260576333,3.0,0.3252303252303253,3074.7440273037537,-18.55556203018472,-2.4185070800069925,-19.820523279529162,1304.7619047619046,-1.0,78.32988047808765,0.32557510963145836,
2023-08-12 10:35:46.356000,-6.144578313253012,-0.27710843373493976,-7.433734939759036,-0.29429797670141017,-5.768853464132434,-7.1931330472103,3.0,0.3252303252303253,3074.7440273037537,-12.601363556902278,-0.5406444845871452,-27.530446943651302,1310.6227106227104,-1.0,78.32988047808765,0.32557763691681385,
2023-08-12 10:35:46.364000,-6.156626506024097,-0.7228915662650602,-7.578313253012048,-0.8166768853464133,-6.0778663396689145,-7.4702636419374615,3.0,0.3252303252303253,3074.7440273037537,-20.525027679039685,-1.227667385350504,-21.957927859681835,1323.076923076923,-1.0,78.32988047808765,0.325580038842136,
2023-08-12 10:35:46.371000,-6.301204819277109,-1.072289156626506,-7.626506024096386,-1.1526670754138564,-5.94543225015328,-7.261802575107295,3.0,0.32478632478632485,3078.947368421052,-21.59372996911602,-0.876522347182565,-17.331973661208554,1342.8571428571427,-1.0,78.32988047808765,0.32558231563633416,
2023-08-12 10:35:46.379000,-6.265060240963856,-1.144578313253012,-7.566265060240965,-1.150214592274678,-5.879215205395463,-7.20784794604537,3.0,0.3252303252303253,3074.7440273037537,-21.59372996911602,-0.876522347182565,-17.331973661208554,1372.161172161172,-1.0,78.32988047808765,0.32558446761405796,
2023-08-12 10:35:46.387000,-6.204819277108434,-1.0120481927710845,-7.55421686746988,-0.8828939301042305,-5.886572654812998,-7.281422440220723,3.0,0.3252303252303253,3074.7440273037537,-18.479226152322127,-0.9986597517627177,-19.973195035254356,1409.5238095238094,-1.0,78.32988047808765,0.3255864951416864,
2023-08-12 10:35:46.394000,-6.19277108433735,-0.819277108433735,-7.590361445783133,-0.7112201103617413,-5.935622317596566,-7.278969957081545,3.0,0.3252303252303253,3074.7440273037537,-17.288386457665638,-2.7849192937474503,-21.57624847036886,1453.4798534798533,-1.0,78.32988047808765,0.3255883986658705,
2023-08-12 10:35:46.402000,-6.144578313253012,-0.746987951807229,-7.602409638554217,-0.6793378295524218,-5.874310239117106,-7.266707541385653,3.0,0.3252303252303253,3074.7440273037537,-18.616630732474796,-3.2887360876405802,-22.23273701998718,1501.098901098901,-1.0,78.32988047808765,0.3255901785817014,
2023-08-12 10:35:46.410000,-6.1325301204819285,-0.783132530120482,-7.614457831325302,-0.7602697731453096,-5.812998160637646,-7.308399754751686,3.0,0.3256743256743257,3070.5521472392634,-18.43342462560457,-3.3345376143581373,-22.568614882582597,1550.9157509157508,-1.0,78.32988047808765,0.3255918353877674,
2023-08-12 10:35:46.417000,-6.096385542168675,-0.8313253012048193,-7.602409638554217,-0.8485591661557327,-5.7958307786633965,-7.357449417535254,3.0,0.3256743256743257,3070.5521472392634,-19.08991317522289,-3.548278072373405,-22.37014160013985,1596.3369963369962,-1.0,78.32988047808765,0.3255933698198269,
2023-08-12 10:35:46.425000,-6.060240963855422,-0.9036144578313253,-7.662650602409639,-0.8804414469650521,-5.683016554261189,-7.386879215205395,3.0,0.3252303252303253,3074.7440273037537,-19.838004778276325,-3.6856826525260766,-22.919759920750536,1635.8974358974358,-1.0,78.32988047808765,0.3255947828778404,
2023-08-12 10:35:46.433000,-6.060240963855422,-0.9277108433734941,-7.686746987951808,-0.9957081545064377,-5.7443286327406495,-7.357449417535254,3.0,0.3256743256743257,3070.5521472392634,-19.349455159955713,-3.6551483013810384,-22.90449274517802,1670.3296703296703,-1.0,78.32988047808765,0.3255960755234439,
2023-08-12 10:35:46.440000,-6.072289156626506,-0.9156626506024097,-7.698795180722892,-0.8828939301042305,-5.786020846106683,-7.428571428571428,3.0,0.3252303252303253,3074.7440273037537,-19.62426432026106,-2.4337742555795114,-22.812889691742903,1698.9010989010987,-1.0,78.32988047808765,0.3255972488139104,
2023-08-12 10:35:46.448000,-6.1084337349397595,-0.9397590361445783,-7.710843373493976,-0.9294911097486205,-5.820355610055181,-7.546290619251992,3.0,0.3256743256743257,3070.5521472392634,-19.74640172484121,-1.1055299807703514,-22.965561447468094,1721.6117216117216,-1.0,78.32988047808765,0.32559830403599477,
2023-08-12 10:35:46.455000,-6.168674698795181,-0.9277108433734941,-7.710843373493976,-0.9074187614960146,-5.893930104230533,-7.418761496014715,3.0,0.3252303252303253,3074.7440273037537,-19.838004778276325,-0.1131635685566109,-23.301439310063515,1740.6593406593406,-1.0,78.32988047808765,0.32559924254181966,
2023-08-12 10:35:46.463000,-6.216867469879518,-0.9397590361445783,-7.72289156626506,-0.8608215818516247,-5.869405272838749,-7.5070508890251375,3.0,0.3252303252303253,3074.7440273037537,-20.326554396596936,0.28378299632888526,-23.66785152380397,1750.9157509157508,-1.0,78.32988047808765,0.3256000656162133,
2023-08-12 10:35:46.471000,-6.265060240963856,-0.9036144578313253,-7.734939759036145,-0.9025137952176578,-5.965052115266707,-7.482526057633353,3.0,0.3252303252303253,3074.7440273037537,-20.70823378590991,-0.17423227084668724,-24.1716683176971,1753.8461538461538,-1.0,78.32988047808765,0.32560077433268647,
2023-08-12 10:35:46.478000,-6.349397590361446,-0.8795180722891567,-7.734939759036145,-0.8583690987124463,-6.065603923973022,-7.47271612507664,3.0,0.3252303252303253,3074.7440273037537,-20.677699434764875,-1.1207971563428705,-24.8892255696055,1751.6483516483515,-1.0,78.32988047808765,0.32560136983470017,
2023-08-12 10:35:46.486000,-6.373493975903615,-0.8674698795180723,-7.698795180722892,-0.8166768853464133,-6.080318822808093,-7.396689147762109,3.0,0.3252303252303253,3074.7440273037537,-20.525027679039685,-1.9452246372589008,-25.423576714643666,1742.8571428571427,-1.0,78.32988047808765,0.32560185332891983,
2023-08-12 10:35:46.494000,-6.421686746987952,-0.855421686746988,-7.662650602409639,-0.8412017167381973,-6.1072961373390555,-7.381974248927039,3.0,0.3252303252303253,3074.7440273037537,-20.769302488199987,-2.708583415884855,-25.9273935085368,1726.007326007326,-1.0,78.32988047808765,0.3256022260785314,
2023-08-12 10:35:46.501000,-6.397590361445784,-0.819277108433735,-7.650602409638554,-0.6965052115266707,-6.1072961373390555,-7.372164316370324,3.0,0.3252303252303253,3074.7440273037537,-21.181516228658005,-2.708583415884855,-26.828156867315425,1705.4945054945053,-1.0,78.32988047808765,0.3256024893966512,
2023-08-12 10:35:46.509000,-6.409638554216868,-0.8072289156626506,-7.662650602409639,-0.7553648068669527,-6.122011036174126,-7.354996934396076,3.0,0.3256743256743257,3070.5521472392634,-21.120447526367926,-3.1513315074879085,-27.408309539071148,1682.051282051282,-1.0,78.32988047808765,0.32560264463986044,
2023-08-12 10:35:46.517000,-6.36144578313253,-0.819277108433735,-7.686746987951808,-0.7921520539546291,-6.087676272225628,-7.404046597179644,3.0,0.3256743256743257,3070.5521472392634,-21.532661266825944,-3.762018530388672,-27.637317172658936,1660.07326007326,-1.0,78.32988047808765,0.3256026934899358,
2023-08-12 10:35:46.524000,-6.349397590361446,-0.8433734939759037,-7.710843373493976,-0.7774371551195585,-6.109748620478234,-7.460453709380747,3.0,0.3252303252303253,3074.7440273037537,-21.71586737369617,-3.853621583823786,-27.606782821513896,1635.8974358974358,773.651123046875,77.55433710701747,0.325602637810469,
2023-08-12 10:35:46.532000,-6.313253012048193,-0.8433734939759037,-7.686746987951808,-0.8559166155732679,-6.058246474555487,-7.369711833231146,3.0,0.3252303252303253,3074.7440273037537,-21.731134549268692,-4.907056698327603,-27.24037060777344,1613.9194139194137,-1.0,77.55433710701747,0.3256024793657242,
2023-08-12 10:35:46.540000,-6.325301204819278,-0.855421686746988,-7.698795180722892,-0.8313917841814837,-6.031269160024524,-7.443286327406499,3.0,0.3252303252303253,3074.7440273037537,-21.74640172484121,-3.5177437212283666,-26.675485111590234,1591.9413919413919,-1.0,77.55433710701747,0.32560221978491555,
2023-08-12 10:35:46.547000,-6.313253012048193,-0.783132530120482,-7.638554216867471,-0.8142244022072348,-6.058246474555487,-7.34763948497854,3.0,0.3252303252303253,3074.7440273037537,-22.143348289726706,-3.6856826525260766,-26.37014160013985,1569.230769230769,-1.0,77.55433710701747,0.32560186056807694,
2023-08-12 10:35:46.555000,-6.313253012048193,-0.8433734939759037,-7.626506024096386,-0.8289393010423053,-6.036174126302881,-7.308399754751686,3.0,0.3252303252303253,3074.7440273037537,-22.387623098887012,-3.304003263213099,-25.530446943651302,1550.9157509157508,-1.0,77.55433710701747,0.3256014032301515,
2023-08-12 10:35:46.563000,-6.349397590361446,-0.8795180722891567,-7.590361445783133,-0.7872470876762722,-6.1072961373390555,-7.293684855916615,3.0,0.3252303252303253,3074.7440273037537,-22.357088747741972,-3.777285705961191,-24.919759920750536,1534.7985347985348,-1.0,77.55433710701747,0.32560084929606925,
2023-08-12 10:35:46.570000,-6.385542168674699,-0.8795180722891567,-7.566265060240965,-0.8608215818516247,-6.1146535867565905,-7.310852237890864,3.0,0.3252303252303253,3074.7440273037537,-21.761668900413728,-4.632247538022259,-23.805256103956644,1520.14652014652,-1.0,77.55433710701747,0.3256002002961173,
2023-08-12 10:35:46.578000,-6.445783132530121,-0.8795180722891567,-7.55421686746988,-0.8436541998773758,-6.1440833844267315,-7.310852237890864,3.0,0.3252303252303253,3074.7440273037537,-21.838004778276325,-3.8383544082512673,-24.629683584872677,1504.0293040293038,-1.0,77.55433710701747,0.32559945776162413,
2023-08-12 10:35:46.586000,-6.46987951807229,-0.8674698795180723,-7.566265060240965,-0.8779889638258737,-6.212752912323728,-7.210300429184549,3.0,0.3256743256743257,3070.5521472392634,-21.685333022551134,-3.929957461686382,-24.721286638307788,1488.6446886446886,-1.0,77.55433710701747,0.3255986232209684,
2023-08-12 10:35:46.593000,-6.46987951807229,-0.8915662650602411,-7.578313253012048,-0.8436541998773758,-6.14653586756591,-7.249540159411404,3.0,0.3252303252303253,3074.7440273037537,-20.845638366062584,-3.609346774663481,-25.22510343220092,1471.7948717948716,-1.0,77.55433710701747,0.32559769834521873,
2023-08-12 10:35:46.601000,-6.421686746987952,-0.9036144578313253,-7.566265060240965,-0.8755364806866952,-6.124463519313305,-7.274064990803188,3.0,0.3252303252303253,3074.7440273037537,-20.57082920575724,-4.723850591457374,-25.805256103956644,1454.212454212454,-1.0,77.55433710701747,0.32559668481740583,
2023-08-12 10:35:46.609000,-6.36144578313253,-0.8915662650602411,-7.55421686746988,-0.8927038626609441,-6.124463519313305,-7.296137339055794,3.0,0.3252303252303253,3074.7440273037537,-19.654798671406095,-5.074995629625313,-25.835790455101684,1436.6300366300366,-1.0,77.55433710701747,0.32559558417062806,
2023-08-12 10:35:46.616000,-6.313253012048193,-0.8795180722891567,-7.530120481927711,-0.8191293684855916,-5.979767014101777,-7.291232372777436,3.0,0.3252303252303253,3074.7440273037537,-19.303653633238156,-4.9223238739001225,-25.606782821513896,1419.047619047619,-1.0,77.55433710701747,0.32559439792438455,
2023-08-12 10:35:46.624000,-6.289156626506024,-0.9036144578313253,-7.530120481927711,-0.8632740649908032,-6.004291845493562,-7.251992642550582,3.0,0.3252303252303253,3074.7440273037537,-19.532661266825944,-4.9223238739001225,-25.54571411922382,1400.7326007326005,-1.0,77.55433710701747,0.32559312758250974,
2023-08-12 10:35:46.632000,-6.27710843373494,-0.8915662650602411,-7.55421686746988,-0.8412017167381973,-6.021459227467811,-7.261802575107295,3.0,0.3252303252303253,3074.7440273037537,-18.662432259192354,-4.4795757822970685,-25.133500378765806,1384.6153846153845,-1.0,77.55433710701747,0.32559177463145483,
2023-08-12 10:35:46.639000,-6.265060240963856,-0.8795180722891567,-7.542168674698796,-0.838749233599019,-5.984671980380135,-7.261802575107295,3.0,0.3252303252303253,3074.7440273037537,-18.921974243925177,-3.853621583823786,-24.812889691742903,1370.6959706959706,-1.0,77.55433710701747,0.3255903404001629,
2023-08-12 10:35:46.647000,-6.301204819277109,-0.8674698795180723,-7.55421686746988,-0.7872470876762722,-6.0410790925812385,-7.276517473942366,3.0,0.3252303252303253,3074.7440273037537,-18.296020045451897,-3.8383544082512673,-25.05716450090321,1360.4395604395604,-1.0,77.55433710701747,0.3255888262181601,
2023-08-12 10:35:46.655000,-6.313253012048193,-0.855421686746988,-7.590361445783133,-0.8117719190680563,-5.999386879215205,-7.2323727774371545,3.0,0.3252303252303253,3074.7440273037537,-18.296020045451897,-3.8383544082512673,-25.05716450090321,1356.0439560439559,-1.0,77.55433710701747,0.3255872335424584,
2023-08-12 10:35:46.662000,-6.325301204819278,-0.855421686746988,-7.55421686746988,-0.8608215818516247,-6.080318822808093,-7.261802575107295,3.0,0.3252303252303253,3074.7440273037537,-18.677699434764875,-3.5177437212283666,-24.614416409300155,1352.3809523809523,-1.0,77.55433710701747,0.32558556380806847,
2023-08-12 10:35:46.670000,-6.349397590361446,-0.8433734939759037,-7.590361445783133,-0.8142244022072348,-6.080318822808093,-7.264255058246474,3.0,0.3252303252303253,3074.7440273037537,-18.43342462560457,-3.304003263213099,-24.507546180292522,1355.3113553113553,-1.0,77.55433710701747,0.325583818428111,
2023-08-12 10:35:46.678000,-6.373493975903615,-0.8313253012048193,-7.55421686746988,-0.8068669527896996,-6.063151440833844,-7.303494788473329,3.0,0.3252303252303253,3074.7440273037537,-18.37235592331449,-3.45667501893829,-24.309072897849774,1359.7069597069597,-1.0,77.55433710701747,0.3255819987942166,
2023-08-12 10:35:46.685000,-6.36144578313253,-0.855421686746988,-7.542168674698796,-0.8068669527896996,-6.0778663396689145,-7.303494788473329,3.0,0.3252303252303253,3074.7440273037537,-18.769302488199987,-3.7162170036711144,-24.58388205815512,1364.102564102564,-1.0,77.55433710701747,0.325580106415949,
2023-08-12 10:35:46.693000,-6.36144578313253,-0.855421686746988,-7.566265060240965,-0.7480073574494175,-6.0778663396689145,-7.281422440220723,3.0,0.3252303252303253,3074.7440273037537,-19.105180350795408,-3.79255288153371,-24.629683584872677,1369.230769230769,-1.0,77.55433710701747,0.32557814276260155,
2023-08-12 10:35:46.701000,-6.349397590361446,-0.8433734939759037,-7.602409638554217,-0.7847946045370937,-6.045984058859595,-7.330472103004292,3.0,0.3252303252303253,3074.7440273037537,-19.227317755375562,-4.082629217411572,-24.614416409300155,1376.5567765567764,-1.0,77.55433710701747,0.3255761091367406,
2023-08-12 10:35:46.708000,-6.337349397590362,-0.8433734939759037,-7.614457831325302,-0.8264868179031268,-6.028816676885346,-7.303494788473329,3.0,0.3252303252303253,3074.7440273037537,-19.334187984383195,-4.189499446419206,-24.812889691742903,1382.4175824175823,-1.0,77.55433710701747,0.32557400682467225,
2023-08-12 10:35:46.716000,-6.301204819277109,-0.855421686746988,-7.614457831325302,-0.7896995708154506,-6.065603923973022,-7.283874923359901,3.0,0.3252303252303253,3074.7440273037537,-19.44105821339083,-3.9604918128314197,-25.04189732533069,1386.080586080586,-1.0,77.55433710701747,0.32557183709780013,
2023-08-12 10:35:46.724000,-6.325301204819278,-0.8674698795180723,-7.626506024096386,-0.8044144696505211,-6.009196811771918,-7.28632740649908,3.0,0.3252303252303253,3074.7440273037537,-19.74640172484121,-3.594079599090962,-24.996095798613133,1387.5457875457876,-1.0,77.55433710701747,0.325569601075407,
2023-08-12 10:35:46.731000,-6.337349397590362,-0.8674698795180723,-7.626506024096386,-0.8362967504598405,-6.104843654199877,-7.389331698344574,3.0,0.3252303252303253,3074.7440273037537,-19.71586737369617,-3.3650719655031756,-24.751820989452828,1387.5457875457876,-1.0,77.55433710701747,0.3255672998854561,
2023-08-12 10:35:46.739000,-6.385542168674699,-0.8674698795180723,-7.662650602409639,-0.8191293684855916,-6.03862660944206,-7.406499080318822,3.0,0.3252303252303253,3074.7440273037537,-20.2196841675893,-2.6169803624497407,-25.01136297418565,1386.8131868131868,-1.0,77.55433710701747,0.32556493479400556,
2023-08-12 10:35:46.747000,-6.397590361445784,-0.8795180722891567,-7.650602409638554,-0.8534641324340895,-6.0999386879215205,-7.345187001839362,3.0,0.3252303252303253,3074.7440273037537,-19.960142182856476,-2.907056698327603,-25.08769885204825,1386.8131868131868,-1.0,77.55433710701747,0.32556250705801437,
2023-08-12 10:35:46.754000,-6.433734939759036,-0.8795180722891567,-7.638554216867471,-0.8044144696505211,-6.126916002452483,-7.310852237890864,3.0,0.3252303252303253,3074.7440273037537,-19.74640172484121,-2.8001864693199696,-25.301439310063515,1383.150183150183,-1.0,77.55433710701747,0.32556001792752065,
2023-08-12 10:35:46.762000,-6.445783132530121,-0.8674698795180723,-7.602409638554217,-0.8902513795217657,-6.161250766400981,-7.305947271612507,3.0,0.3252303252303253,3074.7440273037537,-19.838004778276325,-3.074995629625313,-25.484645416933745,1378.7545787545787,-1.0,77.55433710701747,0.3255574686478779,
2023-08-12 10:35:46.770000,-6.46987951807229,-0.855421686746988,-7.602409638554217,-0.8338442673206621,-6.1440833844267315,-7.283874923359901,3.0,0.3252303252303253,3074.7440273037537,-19.944875007283958,-3.380339141075695,-25.74418740166657,1375.091575091575,-1.0,77.55433710701747,0.32555486046201937,
2023-08-12 10:35:46.777000,-6.46987951807229,-0.855421686746988,-7.578313253012048,-0.7970570202329859,-6.1931330472103,-7.283874923359901,3.0,0.3252303252303253,3074.7440273037537,-20.05174523629159,-3.762018530388672,-25.988462210826874,1369.9633699633698,-1.0,77.55433710701747,0.3255521944739829,
2023-08-12 10:35:46.785000,-6.457831325301205,-0.855421686746988,-7.55421686746988,-0.7823421213979154,-6.188228080931943,-7.301042305334151,3.0,0.3252303252303253,3074.7440273037537,-20.128081114154188,-4.174232270846687,-26.01899656197191,1366.3003663003662,-1.0,77.55433710701747,0.32554947181029414,
2023-08-12 10:35:46.793000,-6.433734939759036,-0.819277108433735,-7.542168674698796,-0.7406499080318822,-6.161250766400981,-7.342734518700183,3.0,0.3252303252303253,3074.7440273037537,-20.09754676300915,-4.632247538022259,-26.110599615407025,1363.3699633699632,-1.0,77.55433710701747,0.32554669361104793,
2023-08-12 10:35:46.800000,-6.36144578313253,-0.819277108433735,-7.518072289156627,-0.7946045370938074,-6.068056407112201,-7.28632740649908,3.0,0.3252303252303253,3074.7440273037537,-20.601363556902278,-5.013926927335237,-26.477011829147486,1359.7069597069597,-1.0,77.55433710701747,0.3255438609033457,
2023-08-12 10:35:46.808000,-6.337349397590362,-0.819277108433735,-7.55421686746988,-0.7995095033721643,-6.014101778050276,-7.25444512568976,3.0,0.3252303252303253,3074.7440273037537,-20.418157450032048,-5.059728454052794,-26.309072897849774,1356.7765567765566,-1.0,77.55433710701747,0.325540974890309,
2023-08-12 10:35:46.816000,-6.301204819277109,-0.8072289156626506,-7.542168674698796,-0.8362967504598405,-6.009196811771918,-7.215205395462906,3.0,0.3252303252303253,3074.7440273037537,-20.296020045451897,-5.120797156342871,-26.263271371132216,1352.3809523809523,-1.0,77.55433710701747,0.3255380369317609,
2023-08-12 10:35:46.823000,-6.27710843373494,-0.8072289156626506,-7.518072289156627,-0.851011649294911,-5.908645003065604,-7.198038013488657,3.0,0.3252303252303253,3074.7440273037537,-20.463958976749606,-4.907056698327603,-25.622049997086414,1349.4505494505493,-1.0,77.55433710701747,0.32553504839736697,
2023-08-12 10:35:46.831000,-6.240963855421687,-0.8313253012048193,-7.518072289156627,-0.7504598405885959,-5.908645003065604,-7.256897608828939,3.0,0.32478632478632485,3078.947368421052,-20.509760503467163,-4.372705553289435,-25.484645416933745,1344.3223443223442,-1.0,77.55433710701747,0.3255320106689219,
2023-08-12 10:35:46.838000,-6.228915662650603,-0.819277108433735,-7.518072289156627,-0.7578172900061312,-5.933169834457388,-7.2029429797670135,3.0,0.3252303252303253,3074.7440273037537,-20.662432259192354,-4.372705553289435,-25.2098362566284,1338.4615384615383,-1.0,77.55433710701747,0.32552892499317093,
2023-08-12 10:35:46.846000,-6.228915662650603,-0.8433734939759037,-7.530120481927711,-0.7995095033721643,-5.942979767014101,-7.215205395462906,3.0,0.3252303252303253,3074.7440273037537,-21.105180350795408,-3.8383544082512673,-24.767088165025346,1331.135531135531,-1.0,77.55433710701747,0.325525792611156,
2023-08-12 10:35:46.854000,-6.228915662650603,-0.8313253012048193,-7.518072289156627,-0.8166768853464133,-5.989576946658492,-7.242182709993869,3.0,0.3252303252303253,3074.7440273037537,-20.58609638132976,-3.3498047899306567,-24.568614882582597,1322.3443223443223,-1.0,77.55433710701747,0.3255226149188669,
2023-08-12 10:35:46.861000,-6.27710843373494,-0.855421686746988,-7.542168674698796,-0.7946045370938074,-5.955242182709994,-7.227467811158798,3.0,0.3252303252303253,3074.7440273037537,-20.647165083619836,-2.7543849426024125,-24.52281335586504,1312.8205128205127,-1.0,77.55433710701747,0.3255193933297995,
2023-08-12 10:35:46.869000,-6.313253012048193,-0.855421686746988,-7.506024096385542,-0.8191293684855916,-6.087676272225628,-7.1735131820968725,3.0,0.3252303252303253,3074.7440273037537,-20.662432259192354,-2.326904026571878,-24.644950760445195,1304.7619047619046,-1.0,77.55433710701747,0.32551612927602674,
2023-08-12 10:35:46.877000,-6.349397590361446,-0.8674698795180723,-7.530120481927711,-0.8044144696505211,-6.104843654199877,-7.175965665236051,3.0,0.3252303252303253,3074.7440273037537,-20.55556203018472,-1.8230872326787482,-24.660217936017713,1299.6336996336995,-1.0,77.55433710701747,0.3255128240702814,
2023-08-12 10:35:46.884000,-6.36144578313253,-0.8674698795180723,-7.518072289156627,-0.8191293684855916,-6.050889025137952,-7.217657878602084,3.0,0.3252303252303253,3074.7440273037537,-20.494493327894645,-1.609346774663481,-25.37777518792611,1296.7032967032967,-1.0,77.55433710701747,0.32550947892691684,
2023-08-12 10:35:46.892000,-6.36144578313253,-0.8795180722891567,-7.518072289156627,-0.8951563458001226,-6.068056407112201,-7.205395462906192,3.0,0.3252303252303253,3074.7440273037537,-20.326554396596936,-1.441407843365771,-25.71365305052153,1292.3076923076922,-1.0,77.55433710701747,0.3255060952489724,
2023-08-12 10:35:46.900000,-6.385542168674699,-0.8674698795180723,-7.530120481927711,-0.8142244022072348,-6.063151440833844,-7.269160024524831,3.0,0.3252303252303253,3074.7440273037537,-20.20441699201678,-1.1818658586329467,-25.820523279529162,1288.6446886446886,-1.0,77.55433710701747,0.3255026744680076,
2023-08-12 10:35:46.907000,-6.397590361445784,-0.8795180722891567,-7.542168674698796,-0.8779889638258737,-6.1367259350091965,-7.305947271612507,3.0,0.3252303252303253,3074.7440273037537,-19.807470427131285,-1.2429345609230231,-26.309072897849774,1284.9816849816848,-1.0,77.55433710701747,0.3254992179153873,
2023-08-12 10:35:46.915000,-6.397590361445784,-0.8795180722891567,-7.55421686746988,-0.8313917841814837,-6.122011036174126,-7.274064990803188,3.0,0.3252303252303253,3074.7440273037537,-19.975409358428998,-1.2887360876405802,-26.797622516170385,1282.7838827838827,-1.0,77.55433710701747,0.3254957269702111,
2023-08-12 10:35:46.923000,-6.397590361445784,-0.8795180722891567,-7.590361445783133,-0.7529123237277743,-6.080318822808093,-7.34763948497854,3.0,0.3252303252303253,3074.7440273037537,-19.77693607598625,-1.0902628051978323,-26.461744653574964,1283.5164835164835,-1.0,77.55433710701747,0.3254922030578851,
2023-08-12 10:35:46.930000,-6.36144578313253,-0.8674698795180723,-7.566265060240965,-0.8583690987124463,-6.112201103617412,-7.23973022685469,3.0,0.3252303252303253,3074.7440273037537,-19.77693607598625,-1.0902628051978323,-26.461744653574964,1287.179487179487,-1.0,77.55433710701747,0.32548864778737685,
2023-08-12 10:35:46.938000,-6.409638554216868,-0.8674698795180723,-7.590361445783133,-0.8068669527896996,-6.119558553034947,-7.278969957081545,3.0,0.3252303252303253,3074.7440273037537,-19.532661266825944,-1.6551483013810384,-26.43121030242993,1291.5750915750914,-1.0,77.55433710701747,0.3254850627905271,
2023-08-12 10:35:46.946000,-6.409638554216868,-0.8433734939759037,-7.578313253012048,-0.8068669527896996,-6.1293684855916615,-7.25444512568976,3.0,0.3252303252303253,3074.7440273037537,-19.532661266825944,-1.441407843365771,-25.652584348231454,1295.970695970696,-1.0,77.55433710701747,0.3254814495928161,
2023-08-12 10:35:46.953000,-6.397590361445784,-0.8433734939759037,-7.542168674698796,-0.838749233599019,-6.1293684855916615,-7.217657878602084,3.0,0.3252303252303253,3074.7440273037537,-19.288386457665638,-1.9452246372589008,-25.51517976807878,1301.098901098901,-1.0,77.55433710701747,0.32547780976077767,
2023-08-12 10:35:46.961000,-6.421686746987952,-0.855421686746988,-7.542168674698796,-0.838749233599019,-6.180870631514408,-7.244635193133047,3.0,0.3252303252303253,3074.7440273037537,-19.181516228658005,-2.525377309014626,-25.36250801235359,1303.2967032967033,-1.0,77.55433710701747,0.32547414490005644,
2023-08-12 10:35:46.969000,-6.46987951807229,-0.855421686746988,-7.518072289156627,-0.8093194359288779,-6.190680564071122,-7.215205395462906,3.0,0.3252303252303253,3074.7440273037537,-19.166249053085483,-2.479575782297069,-25.179301905483364,1304.7619047619046,-1.0,77.55433710701747,0.3254704566534108,
2023-08-12 10:35:46.976000,-6.433734939759036,-0.819277108433735,-7.506024096385542,-0.7676272225628449,-6.1661557326793375,-7.225015328019619,3.0,0.3252303252303253,3074.7440273037537,-19.318920808810674,-3.0139269273352367,-25.331973661208554,1304.0293040293038,-1.0,77.55433710701747,0.3254667466986605,
2023-08-12 10:35:46.984000,-6.409638554216868,-0.819277108433735,-7.518072289156627,-0.7234825260576333,-6.1931330472103,-7.229920294297976,3.0,0.32478632478632485,3078.947368421052,-18.9372414194977,-2.8154536448924885,-25.438843890216187,1301.8315018315018,-1.0,77.55433710701747,0.32546301674658407,
2023-08-12 10:35:46.992000,-6.397590361445784,-0.819277108433735,-7.518072289156627,-0.8289393010423053,-6.109748620478234,-7.305947271612507,3.0,0.3252303252303253,3074.7440273037537,-18.845638366062584,-3.1971330342054656,-25.423576714643666,1301.098901098901,-1.0,77.55433710701747,0.32545926852822504,
2023-08-12 10:35:46.999000,-6.385542168674699,-0.8072289156626506,-7.542168674698796,-0.8019619865113427,-6.063151440833844,-7.276517473942366,3.0,0.3252303252303253,3074.7440273037537,-18.983042946215257,-3.1207971563428702,-25.04189732533069,1301.098901098901,-1.0,77.55433710701747,0.3254555038997374,
2023-08-12 10:35:47.007000,-6.337349397590362,-0.783132530120482,-7.566265060240965,-0.7553648068669527,-6.060698957694665,-7.261802575107295,3.0,0.3252303252303253,3074.7440273037537,-18.89143989278014,-3.242934560923023,-25.102966027620766,1300.3663003663003,-1.0,77.55433710701747,0.32545172471234685,
2023-08-12 10:35:47.015000,-6.313253012048193,-0.746987951807229,-7.530120481927711,-0.7578172900061312,-6.0410790925812385,-7.28632740649908,3.0,0.3252303252303253,3074.7440273037537,-18.983042946215257,-2.739117767029893,-24.8892255696055,1304.0293040293038,-1.0,77.55433710701747,0.3254479326926295,
2023-08-12 10:35:47.022000,-6.325301204819278,-0.7710843373493976,-7.566265060240965,-0.733292458614347,-6.060698957694665,-7.261802575107295,3.0,0.3252303252303253,3074.7440273037537,-18.525027679039685,-2.113163568556611,-24.690752287162752,1306.9597069597069,-1.0,77.55433710701747,0.3254441295889305,
2023-08-12 10:35:47.030000,-6.325301204819278,-0.783132530120482,-7.542168674698796,-0.733292458614347,-6.033721643163703,-7.256897608828939,3.0,0.3252303252303253,3074.7440273037537,-18.70823378590991,-1.3498047899306567,-24.248004195559698,1309.1575091575091,-1.0,77.55433710701747,0.32544031716847344,
2023-08-12 10:35:47.038000,-6.313253012048193,-0.7590361445783133,-7.566265060240965,-0.6670754138565297,-6.0410790925812385,-7.340282035561005,3.0,0.3252303252303253,3074.7440273037537,-18.387623098887012,-1.0291941029077558,-24.110599615407025,1310.6227106227104,-1.0,77.55433710701747,0.32543649721446194,
2023-08-12 10:35:47.045000,-6.36144578313253,-0.7349397590361446,-7.55421686746988,-0.6376456161863887,-6.0778663396689145,-7.303494788473329,3.0,0.3252303252303253,3074.7440273037537,-18.23495134316182,-0.006293339548977319,-23.9273935085368,1309.89010989011,-1.0,77.55433710701747,0.3254326715231851,
2023-08-12 10:35:47.053000,-6.385542168674699,-0.710843373493976,-7.542168674698796,-0.7381974248927038,-6.1072961373390555,-7.323114653586757,3.0,0.3252303252303253,3074.7440273037537,-18.036478060719073,0.19217994289377077,-23.69838587494901,1306.227106227106,-1.0,77.55433710701747,0.3254288419011352,
2023-08-12 10:35:47.061000,-6.397590361445784,-0.6867469879518072,-7.590361445783133,-0.6499080318822807,-6.102391171060699,-7.330472103004292,3.0,0.3252303252303253,3074.7440273037537,-17.883806304993882,0.5738593322067479,-23.835790455101684,1302.5641025641025,-1.0,77.55433710701747,0.3254250101621475,
2023-08-12 10:35:47.068000,-6.445783132530121,-0.674698795180723,-7.590361445783133,-0.657265481299816,-6.1440833844267315,-7.278969957081545,3.0,0.3252303252303253,3074.7440273037537,-17.670065846978613,0.1769127673212517,-23.74418740166657,1301.098901098901,-1.0,77.55433710701747,0.32542117812456967,
2023-08-12 10:35:47.076000,-6.46987951807229,-0.674698795180723,-7.590361445783133,-0.6670754138565297,-6.178418148375229,-7.335377069282648,3.0,0.3252303252303253,3074.7440273037537,-17.166249053085483,-0.021560515121496402,-23.683118699376493,1301.098901098901,-1.0,77.55433710701747,0.32541734760847174,
2023-08-12 10:35:47.084000,-6.481927710843374,-0.6626506024096386,-7.614457831325302,-0.6351931330472103,-6.2029429797670135,-7.318209687308399,3.0,0.3252303252303253,3074.7440273037537,-16.998310121787775,-0.678049064739817,-23.774721752811608,1305.4945054945053,-1.0,77.55433710701747,0.32541352043290256,
2023-08-12 10:35:47.091000,-6.481927710843374,-0.6385542168674699,-7.590361445783133,-0.6057633353770693,-6.2029429797670135,-7.305947271612507,3.0,0.3252303252303253,3074.7440273037537,-17.196783404230523,-0.28110249985432084,-23.39304236349863,1312.087912087912,-1.0,77.55433710701747,0.32540969841319983,
2023-08-12 10:35:47.099000,-6.493975903614458,-0.5783132530120483,-7.530120481927711,-0.5199264255058246,-6.2029429797670135,-7.244635193133047,3.0,0.3252303252303253,3074.7440273037537,-17.2578521065206,-0.3879727288619544,-23.301439310063515,1323.8095238095236,-1.0,77.55433710701747,0.32540588335836373,
2023-08-12 10:35:47.107000,-6.445783132530121,-0.5421686746987953,-7.518072289156627,-0.4782342121397915,-6.141630901287553,-7.283874923359901,3.0,0.3252303252303253,3074.7440273037537,-17.105180350795408,-1.395606316648214,-23.255637783345957,1344.3223443223442,-1.0,77.55433710701747,0.325402077068498,
2023-08-12 10:35:47.114000,-6.385542168674699,-0.5301204819277109,-7.518072289156627,-0.4904966278356836,-6.117106069895769,-7.198038013488657,3.0,0.3252303252303253,3074.7440273037537,-17.471592564535865,-2.3879727288619543,-22.477011829147486,1370.6959706959706,-1.0,77.55433710701747,0.3253982813323249,
2023-08-12 10:35:47.122000,-6.325301204819278,-0.5421686746987953,-7.481927710843374,-0.46106683016554256,-6.00674432863274,-7.188228080931943,3.0,0.3252303252303253,3074.7440273037537,-16.677699434764875,-1.9910261639764582,-21.973195035254356,1402.9304029304028,-1.0,77.55433710701747,0.3253944979247811,
2023-08-12 10:35:47.130000,-6.228915662650603,-0.5783132530120483,-7.506024096385542,-0.510116492949111,-5.862047823421213,-7.227467811158798,3.0,0.3252303252303253,3074.7440273037537,-16.647165083619836,-1.059728454052794,-21.255637783345957,1438.8278388278388,-1.0,77.55433710701747,0.32539072860469853,
2023-08-12 10:35:47.137000,-6.048192771084338,-0.5903614457831325,-7.542168674698796,-0.5665236051502146,-5.683016554261189,-7.266707541385653,3.0,0.32478632478632485,3078.947368421052,-16.43342462560457,0.29905017190140437,-21.316706485636033,1477.6556776556777,-1.0,77.55433710701747,0.32538697511257314,
2023-08-12 10:35:47.145000,-5.891566265060241,-0.6867469879518072,-7.578313253012048,-0.6891477621091354,-5.594727161250766,-7.293684855916615,3.0,0.3252303252303253,3074.7440273037537,-16.37235592331449,0.024241011596060846,-20.70601946273527,1521.6117216117216,-1.0,77.55433710701747,0.3253832391578827,
2023-08-12 10:35:47.153000,-5.710843373493976,-0.7951807228915663,-7.590361445783133,-0.82158185162477,-5.452483139178418,-7.222562844880441,3.0,0.3252303252303253,3074.7440273037537,-15.502126915680904,-1.395606316648214,-19.026630149758173,1567.7655677655678,-1.0,77.55433710701747,0.3253795223853354,
2023-08-12 10:35:47.160000,-5.674698795180723,-0.9518072289156627,-7.650602409638554,-0.9687308399754752,-5.445125689760882,-7.293684855916615,3.0,0.3252303252303253,3074.7440273037537,-14.815104014917546,-3.5024765456558473,-16.812889691742903,1615.3846153846152,-1.0,77.55433710701747,0.32537582640424956,
2023-08-12 10:35:47.168000,-5.698795180722892,-1.036144578313253,-7.674698795180723,-0.9613733905579399,-5.45003065603924,-7.354996934396076,3.0,0.3252303252303253,3074.7440273037537,-14.143348289726706,-4.174232270846687,-14.904492745178018,1660.07326007326,-1.0,77.55433710701747,0.32537215279687437,
2023-08-12 10:35:47.176000,-5.843373493975904,-1.108433734939759,-7.686746987951808,-1.0226854690374003,-5.58982219497241,-7.374616799509503,3.0,0.3252303252303253,3074.7440273037537,-13.73113454926869,-2.907056698327603,-13.652584348231454,1697.4358974358972,-1.0,77.55433710701747,0.32536850311627624,
2023-08-12 10:35:47.183000,-6.0,-1.0963855421686748,-7.72289156626506,-1.049662783568363,-5.71244635193133,-7.431023911710606,3.0,0.3252303252303253,3074.7440273037537,-13.395256686673271,0.48225627877163335,-13.576248470368858,1726.7399267399267,-1.0,77.55433710701747,0.3253648788843406,
2023-08-12 10:35:47.191000,-6.1325301204819285,-1.1325301204819278,-7.710843373493976,-1.0643776824034334,-5.820355610055181,-7.39423666462293,3.0,0.3252303252303253,3074.7440273037537,-13.379989511100751,2.7112639123594193,-15.5304469436513,1749.4505494505493,-1.0,77.55433710701747,0.3253612815898961,
2023-08-12 10:35:47.199000,-6.265060240963856,-1.1204819277108435,-7.638554216867471,-1.079092581238504,-5.923359901900674,-7.4408338442673205,3.0,0.3252303252303253,3074.7440273037537,-13.150981877512965,4.085309713886137,-17.652584348231454,1764.102564102564,-1.0,77.55433710701747,0.3253577126869623,
2023-08-12 10:35:47.206000,-6.409638554216868,-1.0963855421686748,-7.626506024096386,-1.0079705702023298,-6.065603923973022,-7.377069282648681,3.0,0.3252303252303253,3074.7440273037537,-13.150981877512965,4.085309713886137,-17.652584348231454,1769.9633699633698,-1.0,77.55433710701747,0.32535417359312596,
2023-08-12 10:35:47.214000,-6.530120481927711,-1.0481927710843375,-7.614457831325302,-1.074187614960147,-6.23973022685469,-7.34763948497854,3.0,0.3252303252303253,3074.7440273037537,-13.563195617970981,3.474622690985374,-19.683118699376493,1771.4285714285713,-1.0,77.55433710701747,0.32535066582679717,
2023-08-12 10:35:47.221000,-6.55421686746988,-1.0240963855421688,-7.602409638554217,-0.9711833231146535,-6.183323114653587,-7.298589822194972,3.0,0.3252303252303253,3074.7440273037537,-14.280752869879377,2.7723326146494958,-21.942660684109317,1766.3003663003662,-1.0,77.55433710701747,0.32534719084671776,
2023-08-12 10:35:47.229000,-6.518072289156627,-0.9879518072289157,-7.566265060240965,-0.8877988963825874,-6.178418148375229,-7.266707541385653,3.0,0.3252303252303253,3074.7440273037537,-14.860905541635104,2.8181341413670533,-23.988462210826874,1754.5787545787546,-1.0,77.55433710701747,0.3253437499231197,
2023-08-12 10:35:47.237000,-6.409638554216868,-0.9156626506024097,-7.542168674698796,-0.851011649294911,-6.063151440833844,-7.2323727774371545,3.0,0.3252303252303253,3074.7440273037537,-15.425791037818309,2.1769127673212516,-26.477011829147486,1735.5311355311353,-1.0,77.55433710701747,0.3253403442857282,
2023-08-12 10:35:47.244000,-6.265060240963856,-0.855421686746988,-7.530120481927711,-0.82158185162477,-5.994481912936848,-7.315757204169221,3.0,0.3252303252303253,3074.7440273037537,-15.670065846978614,0.8639356680846104,-27.438843890216187,1713.5531135531135,-1.0,77.55433710701747,0.3253369751225995,
2023-08-12 10:35:47.252000,-6.144578313253012,-0.7951807228915663,-7.566265060240965,-0.7602697731453096,-5.908645003065604,-7.278969957081545,3.0,0.3252303252303253,3074.7440273037537,-15.150981877512965,0.10057688945865627,-27.22510343220092,1688.6446886446886,743.011474609375,80.75245410112129,0.32533364357909894,
2023-08-12 10:35:47.260000,-6.048192771084338,-0.7951807228915663,-7.674698795180723,-0.7283874923359902,-5.822808093194359,-7.296137339055794,3.0,0.3252303252303253,3074.7440273037537,-15.532661266825942,-0.9528582250451605,-25.438843890216187,1665.9340659340658,-1.0,80.75245410112129,0.3253303507570102,
2023-08-12 10:35:47.267000,-6.0361445783132535,-0.783132530120482,-7.710843373493976,-0.7946045370938074,-5.891477621091354,-7.47271612507664,3.0,0.3252303252303253,3074.7440273037537,-15.24258493094808,-0.5864460113047025,-22.644950760445195,1646.8864468864467,-1.0,80.75245410112129,0.32532709771378093,
2023-08-12 10:35:47.275000,-6.048192771084338,-0.8072289156626506,-7.783132530120482,-0.762722256284488,-5.800735744941753,-7.5340282035561,3.0,0.3252303252303253,3074.7440273037537,-14.860905541635104,0.772332614649496,-18.843424042887943,1631.5018315018315,-1.0,80.75245410112129,0.325323885461903,
2023-08-12 10:35:47.283000,-6.144578313253012,-0.7951807228915663,-7.83132530120482,-0.8166768853464133,-5.99202942979767,-7.551195585530349,3.0,0.3252303252303253,3074.7440273037537,-14.57082920575724,2.5738593322067476,-15.133500378765806,1616.8498168498168,-1.0,80.75245410112129,0.3253207149684249,
2023-08-12 10:35:47.290000,-6.253012048192772,-0.783132530120482,-7.819277108433735,-0.7602697731453096,-6.009196811771918,-7.5659104843654195,3.0,0.32478632478632485,3078.947368421052,-14.448691801177088,4.024241011596061,-12.583882058155119,1600.7326007326005,-1.0,80.75245410112129,0.3253175871545942,
2023-08-12 10:35:47.298000,-6.36144578313253,-0.7590361445783133,-7.867469879518072,-0.7798896382587369,-6.151440833844267,-7.5291232372777435,3.0,0.3252303252303253,3074.7440273037537,-13.883806304993882,4.802866965794534,-10.21746984441466,1584.6153846153845,-1.0,80.75245410112129,0.325314502885083,
2023-08-12 10:35:47.306000,-6.518072289156627,-0.783132530120482,-7.759036144578314,-0.7602697731453096,-6.335377069282648,-7.502145922746781,3.0,0.3252303252303253,3074.7440273037537,-13.471592564535866,4.8486684925120915,-8.461744653574966,1569.230769230769,-1.0,80.75245410112129,0.3253114629361736,
2023-08-12 10:35:47.313000,-6.710843373493976,-0.7710843373493976,-7.771084337349398,-0.8093194359288779,-6.416309012875536,-7.42611894543225,3.0,0.3252303252303253,3074.7440273037537,-13.670065846978614,4.375386049764,-7.744187401666569,1557.5091575091574,-1.0,80.75245410112129,0.32530846802709606,
2023-08-12 10:35:47.321000,-6.843373493975904,-0.783132530120482,-7.686746987951808,-0.733292458614347,-6.51931330472103,-7.421213979153893,3.0,0.3252303252303253,3074.7440273037537,-13.07464599965037,4.085309713886137,-8.980828623040615,1542.8571428571427,-1.0,80.75245410112129,0.3253055188303225,
2023-08-12 10:35:47.329000,-6.903614457831326,-0.7710843373493976,-7.674698795180723,-0.7798896382587369,-6.610055180870631,-7.345187001839362,3.0,0.3252303252303253,3074.7440273037537,-12.616630732474798,3.2914165841151446,-10.339607248994813,1526.007326007326,-1.0,80.75245410112129,0.32530261597143506,
2023-08-12 10:35:47.336000,-6.867469879518072,-0.746987951807229,-7.626506024096386,-0.703862660944206,-6.4849785407725316,-7.367259350091968,3.0,0.3252303252303253,3074.7440273037537,-11.654798671406095,2.024241011596061,-12.614416409300157,1508.4249084249084,-1.0,80.75245410112129,0.32529976002911315,
2023-08-12 10:35:47.344000,-6.734939759036145,-0.6867469879518072,-7.626506024096386,-0.6499080318822807,-6.406499080318823,-7.342734518700183,3.0,0.3252303252303253,3074.7440273037537,-10.92197424392518,-0.494842957869588,-14.5686148825826,1489.3772893772893,-1.0,80.75245410112129,0.32529695153523835,
2023-08-12 10:35:47.352000,-6.542168674698796,-0.6867469879518072,-7.662650602409639,-0.7259350091968118,-6.163703249540159,-7.389331698344574,3.0,0.3252303252303253,3074.7440273037537,-10.692966610337393,-4.372705553289435,-15.683118699376493,1470.3296703296703,-1.0,80.75245410112129,0.32529419097511414,
2023-08-12 10:35:47.359000,-6.301204819277109,-0.7710843373493976,-7.710843373493976,-0.6891477621091354,-5.979767014101777,-7.4114040465971796,3.0,0.3252303252303253,3074.7440273037537,-9.685333022551134,-7.853621583823786,-15.789988928384126,1450.5494505494505,-1.0,80.75245410112129,0.3252914787877989,
2023-08-12 10:35:47.367000,-6.096385542168675,-0.783132530120482,-7.759036144578314,-0.7431023911710607,-5.709993868792152,-7.462906192519926,3.0,0.3252303252303253,3074.7440273037537,-8.830371190490064,-10.464308606724549,-14.828156867315423,1432.2344322344322,-1.0,80.75245410112129,0.32528881536654614,
2023-08-12 10:35:47.375000,-5.891566265060241,-0.7951807228915663,-7.771084337349398,-0.7578172900061312,-5.540772532188841,-7.475168608215818,3.0,0.3252303252303253,3074.7440273037537,-7.975409358428997,-11.96049181283142,-13.667851523803973,1412.4542124542124,-1.0,80.75245410112129,0.3252862010593544,
2023-08-12 10:35:47.382000,-5.72289156626506,-0.783132530120482,-7.771084337349398,-0.703862660944206,-5.435315757204169,-7.497240956468424,3.0,0.3252303252303253,3074.7440273037537,-7.166249053085485,-11.013926927335236,-11.744187401666569,1394.139194139194,-1.0,80.75245410112129,0.32528363616961575,
2023-08-12 10:35:47.390000,-5.662650602409639,-0.8072289156626506,-7.759036144578314,-0.7749846719803801,-5.405885959534028,-7.443286327406499,3.0,0.3252303252303253,3074.7440273037537,-7.227317755375561,-9.090262805197831,-9.591515645941378,1380.2197802197802,-1.0,80.75245410112129,0.32528112095686473,
2023-08-12 10:35:47.398000,-5.63855421686747,-0.7951807228915663,-7.698795180722892,-0.7896995708154506,-5.393623543838136,-7.396689147762109,3.0,0.3252303252303253,3074.7440273037537,-7.074645999650371,-6.357438377716916,-7.6373171726589355,1368.4981684981683,-1.0,80.75245410112129,0.32527865563761754,
2023-08-12 10:35:47.405000,-5.746987951807229,-0.8072289156626506,-7.602409638554217,-0.7774371551195585,-5.477007970570202,-7.264255058246474,3.0,0.3252303252303253,3074.7440273037537,-7.853271953848844,-4.250568148709283,-6.293805722277256,1358.974358974359,-1.0,80.75245410112129,0.32527624038630026,
2023-08-12 10:35:47.413000,-5.879518072289157,-0.819277108433735,-7.566265060240965,-0.7995095033721643,-5.602084610668301,-7.183323114653587,3.0,0.3252303252303253,3074.7440273037537,-8.219684167589302,-2.357438377716916,-6.003729386399393,1350.18315018315,-1.0,80.75245410112129,0.3252738753362601,
2023-08-12 10:35:47.421000,-6.024096385542169,-0.8313253012048193,-7.506024096385542,-0.8264868179031268,-5.7590435315757205,-7.2029429797670135,3.0,0.3252303252303253,3074.7440273037537,-8.937241419497699,-0.8612551716100459,-7.164034729910844,1345.054945054945,-1.0,80.75245410112129,0.32527156058085105,
2023-08-12 10:35:47.428000,-6.168674698795181,-0.8915662650602411,-7.506024096385542,-0.8485591661557327,-5.8399754751686075,-7.1955855303494785,3.0,0.3252303252303253,3074.7440273037537,-9.318920808810676,-0.28110249985432084,-8.950294271895576,1341.3919413919414,-1.0,80.75245410112129,0.32526929617459166,
2023-08-12 10:35:47.436000,-6.240963855421687,-0.9277108433734941,-7.457831325301205,-0.9393010423053341,-5.886572654812998,-7.215205395462906,3.0,0.3252303252303253,3074.7440273037537,-9.883806304993882,-0.28110249985432084,-11.499912592506263,1342.1245421245421,-1.0,80.75245410112129,0.32526708213438604,
2023-08-12 10:35:47.444000,-6.228915662650603,-0.9879518072289157,-7.518072289156627,-0.9491109748620478,-5.854690374003678,-7.303494788473329,3.0,0.32478632478632485,3078.947368421052,-10.494493327894645,-0.41850708000699255,-13.89685915739176,1345.7875457875457,-1.0,80.75245410112129,0.3252649184408019,
2023-08-12 10:35:47.451000,-6.168674698795181,-1.0481927710843375,-7.530120481927711,-0.9687308399754752,-5.889025137952176,-7.288779889638258,3.0,0.32478632478632485,3078.947368421052,-10.540294854612203,-1.059728454052794,-15.881591981819241,1350.9157509157508,-1.0,80.75245410112129,0.32526280502885685,
2023-08-12 10:35:47.459000,-6.096385542168675,-1.0843373493975905,-7.602409638554217,-1.1011649294911097,-5.702636419374617,-7.381974248927039,3.0,0.3252303252303253,3074.7440273037537,-10.143348289726706,-1.7009498280985955,-17.22510343220092,1355.3113553113553,-1.0,80.75245410112129,0.3252607417471366,
2023-08-12 10:35:47.467000,-5.987951807228916,-1.1325301204819278,-7.650602409638554,-1.091354996934396,-5.631514408338442,-7.391784181483752,3.0,0.3252303252303253,3074.7440273037537,-10.463958976749607,-2.2963696754268397,-17.530446943651302,1356.7765567765566,-1.0,80.75245410112129,0.32525872835881875,
2023-08-12 10:35:47.474000,-5.9397590361445785,-1.1927710843373494,-7.710843373493976,-1.1992642550582464,-5.57265481299816,-7.435928877988964,3.0,0.3252303252303253,3074.7440273037537,-9.944875007283958,-2.6322475380222596,-17.37777518792611,1358.2417582417581,-1.0,80.75245410112129,0.32525676458460245,
2023-08-12 10:35:47.482000,-5.903614457831326,-1.2048192771084338,-7.759036144578314,-1.150214592274678,-5.621704475781729,-7.482526057633353,3.0,0.3252303252303253,3074.7440273037537,-9.944875007283958,-2.6322475380222596,-17.37777518792611,1356.7765567765566,-1.0,80.75245410112129,0.3252548501139605,
2023-08-12 10:35:47.490000,-5.879518072289157,-1.1927710843373494,-7.771084337349398,-1.1575720416922133,-5.673206621704476,-7.519313304721029,3.0,0.3252303252303253,3074.7440273037537,-9.74640172484121,-2.143697919701649,-16.339607248994813,1355.3113553113553,-1.0,80.75245410112129,0.32525298460589097,
2023-08-12 10:35:47.497000,-5.927710843373494,-1.1927710843373494,-7.795180722891566,-1.1722869405272838,-5.577559779276517,-7.494788473329246,3.0,0.3252303252303253,3074.7440273037537,-9.532661266825944,-1.6551483013810384,-15.362508012353592,1356.7765567765566,-1.0,80.75245410112129,0.3252511678284568,
2023-08-12 10:35:47.505000,-6.0120481927710845,-1.180722891566265,-7.795180722891566,-1.2532188841201717,-5.692826486817903,-7.531575720416922,3.0,0.3252303252303253,3074.7440273037537,-9.212050579803043,-0.7849192937474506,-14.171668317697103,1356.7765567765566,-1.0,80.75245410112129,0.32524939950048953,
2023-08-12 10:35:47.513000,-6.072289156626506,-1.2048192771084338,-7.783132530120482,-1.1820968730839976,-5.778663396689147,-7.538933169834457,3.0,0.3252303252303253,3074.7440273037537,-9.196783404230523,0.46698910319911424,-13.54571411922382,1356.0439560439559,-1.0,80.75245410112129,0.32524767916485653,
2023-08-12 10:35:47.520000,-6.156626506024097,-1.216867469879518,-7.783132530120482,-1.1722869405272838,-5.891477621091354,-7.462906192519926,3.0,0.3252303252303253,3074.7440273037537,-9.24258493094808,0.48225627877163335,-12.919759920750538,1354.5787545787546,-1.0,80.75245410112129,0.325246006338481,
2023-08-12 10:35:47.528000,-6.204819277108434,-1.216867469879518,-7.759036144578314,-1.196811771919068,-5.952789699570815,-7.494788473329246,3.0,0.3252303252303253,3074.7440273037537,-9.303653633238156,-0.2200337975642445,-13.576248470368858,1350.9157509157508,-1.0,80.75245410112129,0.32524438051311977,
2023-08-12 10:35:47.536000,-6.253012048192772,-1.216867469879518,-7.771084337349398,-1.2041692213366033,-5.989576946658492,-7.482526057633353,3.0,0.3252303252303253,3074.7440273037537,-9.471592564535866,-0.9070566983276033,-13.988462210826874,1350.9157509157508,-1.0,80.75245410112129,0.32524280129493677,
2023-08-12 10:35:47.543000,-6.265060240963856,-1.2289156626506024,-7.795180722891566,-1.260576333537707,-5.979767014101777,-7.526670754138565,3.0,0.3252303252303253,3074.7440273037537,-9.975409358428996,-1.7925528815337102,-14.690752287162752,1352.3809523809523,-1.0,80.75245410112129,0.32524126824625765,
2023-08-12 10:35:47.551000,-6.265060240963856,-1.2289156626506024,-7.819277108433735,-1.2041692213366033,-5.994481912936848,-7.553648068669528,3.0,0.3252303252303253,3074.7440273037537,-10.204416992016782,-2.403239904434473,-15.484645416933745,1353.8461538461538,-1.0,80.75245410112129,0.32523978075889093,
2023-08-12 10:35:47.559000,-6.265060240963856,-1.2530120481927711,-7.891566265060241,-1.2581238503985284,-5.972409564684242,-7.59534028203556,3.0,0.3252303252303253,3074.7440273037537,-10.967775770642737,-2.6322475380222596,-16.08006526426199,1356.0439560439559,-1.0,80.75245410112129,0.3252383382042218,
2023-08-12 10:35:47.566000,-6.253012048192772,-1.2771084337349399,-7.891566265060241,-1.2532188841201717,-5.955242182709994,-7.634580012262416,3.0,0.3252303252303253,3074.7440273037537,-10.891439892780141,-2.8459879960375267,-16.35487442456733,1356.0439560439559,-1.0,80.75245410112129,0.3252369400728204,
2023-08-12 10:35:47.574000,-6.228915662650603,-1.2650602409638554,-7.951807228915663,-1.2434089515634579,-5.903740036787247,-7.676272225628448,3.0,0.3252303252303253,3074.7440273037537,-11.670065846978614,-2.7543849426024125,-16.812889691742903,1354.5787545787546,-1.0,80.75245410112129,0.3252355858162347,
2023-08-12 10:35:47.582000,-6.228915662650603,-1.2771084337349399,-7.9397590361445785,-1.25567136725935,-5.920907418761495,-7.690987124463519,3.0,0.3252303252303253,3074.7440273037537,-11.975409358428996,-2.9833925761901985,-16.812889691742903,1353.113553113553,-1.0,80.75245410112129,0.3252342747203666,
2023-08-12 10:35:47.589000,-6.228915662650603,-1.2891566265060241,-7.975903614457832,-1.290006131207848,-5.89883507050889,-7.695892090741876,3.0,0.3252303252303253,3074.7440273037537,-12.40289027445953,-3.059728454052794,-17.05716450090321,1352.3809523809523,-1.0,80.75245410112129,0.3252330060556271,
2023-08-12 10:35:47.597000,-6.228915662650603,-1.3012048192771084,-7.951807228915663,-1.285101164929491,-5.925812385039853,-7.676272225628448,3.0,0.32478632478632485,3078.947368421052,-12.937241419497699,-3.212400209777985,-16.751820989452828,1347.985347985348,-1.0,80.75245410112129,0.32523177907786815,
2023-08-12 10:35:47.604000,-6.301204819277109,-1.2891566265060241,-7.975903614457832,-1.3120784794604536,-6.031269160024524,-7.713059472716124,3.0,0.3252303252303253,3074.7440273037537,-13.181516228658003,-3.6856826525260766,-17.36250801235359,1342.8571428571427,-1.0,80.75245410112129,0.3252305930188445,
2023-08-12 10:35:47.612000,-6.313253012048193,-1.2650602409638554,-7.963855421686747,-1.260576333537707,-6.031269160024524,-7.764561618638871,3.0,0.32478632478632485,3078.947368421052,-14.234951343161821,-4.174232270846687,-17.22510343220092,1336.9963369963368,-1.0,80.75245410112129,0.3252294471943349,
2023-08-12 10:35:47.620000,-6.313253012048193,-1.2530120481927711,-7.951807228915663,-1.2703862660944205,-5.94543225015328,-7.632127529123236,3.0,0.3252303252303253,3074.7440273037537,-14.41815745003205,-5.13606433191539,-17.36250801235359,1330.4029304029302,-1.0,80.75245410112129,0.325228340728204,
2023-08-12 10:35:47.627000,-6.301204819277109,-1.2289156626506024,-7.91566265060241,-1.231146535867566,-6.023911710606989,-7.617412630288166,3.0,0.3252303252303253,3074.7440273037537,-15.028844472932812,-5.9299574616863815,-17.66785152380397,1325.2747252747251,-1.0,80.75245410112129,0.3252272725636115,
2023-08-12 10:35:47.635000,-6.289156626506024,-1.216867469879518,-7.91566265060241,-1.1134273451870018,-5.967504598405886,-7.639484978540772,3.0,0.3252303252303253,3074.7440273037537,-15.807470427131285,-6.845987996037526,-17.957927859681835,1320.8791208791208,-1.0,80.75245410112129,0.3252262417719922,
2023-08-12 10:35:47.643000,-6.27710843373494,-1.1686746987951808,-7.879518072289157,-1.1330472103004292,-6.001839362354383,-7.610055180870631,3.0,0.3252303252303253,3074.7440273037537,-16.37235592331449,-6.9223238739001225,-18.309072897849774,1320.8791208791208,-1.0,80.75245410112129,0.3252252475537141,
2023-08-12 10:35:47.650000,-6.216867469879518,-1.144578313253012,-7.843373493975904,-1.1232372777437154,-5.91354996934396,-7.568362967504598,3.0,0.3252303252303253,3074.7440273037537,-17.654798671406095,-7.426140667793252,-18.461744653574964,1322.3443223443223,-1.0,80.75245410112129,0.32522428921846336,
2023-08-12 10:35:47.658000,-6.19277108433735,-1.1204819277108435,-7.783132530120482,-0.9981606376456161,-5.923359901900674,-7.614960147148988,3.0,0.3252303252303253,3074.7440273037537,-18.143348289726706,-7.746751354816152,-18.828156867315425,1321.6117216117216,-1.0,80.75245410112129,0.3252233658993774,
2023-08-12 10:35:47.666000,-6.204819277108434,-1.0843373493975905,-7.771084337349398,-1.091354996934396,-5.886572654812998,-7.497240956468424,3.0,0.3252303252303253,3074.7440273037537,-19.303653633238156,-7.533010896800885,-18.70601946273527,1319.4139194139193,-1.0,80.75245410112129,0.3252224765755242,
2023-08-12 10:35:47.673000,-6.204819277108434,-1.0602409638554218,-7.734939759036145,-1.0545677498467196,-5.874310239117106,-7.504598405885959,3.0,0.3252303252303253,3074.7440273037537,-20.40289027445953,-7.181865858632946,-18.309072897849774,1317.216117216117,-1.0,80.75245410112129,0.32522162022191503,
2023-08-12 10:35:47.681000,-6.216867469879518,-1.0602409638554218,-7.72289156626506,-1.0423053341508277,-5.881667688534641,-7.494788473329246,3.0,0.32478632478632485,3078.947368421052,-20.998310121787775,-6.235300973136764,-18.477011829147486,1314.2857142857142,-1.0,80.75245410112129,0.32522079581035435,
2023-08-12 10:35:47.689000,-6.253012048192772,-1.0120481927710845,-7.698795180722892,-0.9540159411404046,-5.974862047823421,-7.453096259963212,3.0,0.32478632478632485,3078.947368421052,-22.005943709574034,-5.380339141075694,-18.828156867315425,1311.3553113553112,-1.0,80.75245410112129,0.32522000229987297,
2023-08-12 10:35:47.696000,-6.289156626506024,-1.0120481927710845,-7.662650602409639,-0.9834457388105456,-6.019006744328633,-7.391784181483752,3.0,0.3252303252303253,3074.7440273037537,-22.296020045451897,-4.876522347182565,-19.026630149758173,1307.6923076923076,-1.0,80.75245410112129,0.3252192384568436,
2023-08-12 10:35:47.704000,-6.289156626506024,-1.0,-7.638554216867471,-0.9098712446351931,-6.028816676885346,-7.352544451256898,3.0,0.3252303252303253,3074.7440273037537,-23.044111648505332,-4.46430860672455,-19.026630149758173,1303.2967032967033,-1.0,80.75245410112129,0.32521850301497746,
2023-08-12 10:35:47.712000,-6.36144578313253,-0.9397590361445783,-7.626506024096386,-0.9466584917228693,-6.109748620478234,-7.310852237890864,3.0,0.3252303252303253,3074.7440273037537,-22.677699434764875,-4.4795757822970685,-19.347240836781072,1298.9010989010987,-1.0,80.75245410112129,0.3252177948458247,
2023-08-12 10:35:47.719000,-6.397590361445784,-0.9397590361445783,-7.578313253012048,-0.8976088289393009,-6.065603923973022,-7.259350091968117,3.0,0.3252303252303253,3074.7440273037537,-22.967775770642735,-4.5864460113047025,-19.606782821513896,1296.7032967032967,-1.0,80.75245410112129,0.325217112821006,
2023-08-12 10:35:47.727000,-6.385542168674699,-0.9036144578313253,-7.493975903614459,-0.8779889638258737,-6.1367259350091965,-7.190680564071122,3.0,0.3252303252303253,3074.7440273037537,-23.105180350795408,-5.273468912068061,-19.591515645941378,1294.5054945054944,-1.0,80.75245410112129,0.32521645581335706,
2023-08-12 10:35:47.735000,-6.433734939759036,-0.855421686746988,-7.445783132530121,-0.8191293684855916,-6.1587982832618025,-7.092581238503985,3.0,0.3252303252303253,3074.7440273037537,-22.57082920575724,-5.441407843365771,-19.74418740166657,1292.3076923076922,-1.0,80.75245410112129,0.32521582269823873,
2023-08-12 10:35:47.742000,-6.421686746987952,-0.819277108433735,-7.385542168674699,-0.8142244022072348,-6.183323114653587,-7.0778663396689145,3.0,0.3252303252303253,3074.7440273037537,-22.08227958743663,-5.120797156342871,-19.69838587494901,1292.3076923076922,-1.0,80.75245410112129,0.3252152123550156,
2023-08-12 10:35:47.750000,-6.46987951807229,-0.783132530120482,-7.373493975903615,-0.7970570202329859,-6.1661557326793375,-7.031269160024524,3.0,0.32478632478632485,3078.947368421052,-21.36472233552823,-5.242934560923023,-19.789988928384126,1293.040293040293,-1.0,80.75245410112129,0.32521462366869974,
2023-08-12 10:35:47.758000,-6.46987951807229,-0.7349397590361446,-7.349397590361447,-0.6891477621091354,-6.13182096873084,-7.009196811771918,3.0,0.32478632478632485,3078.947368421052,-21.36472233552823,-5.242934560923023,-19.789988928384126,1294.5054945054944,-1.0,80.75245410112129,0.3252140555212183,
2023-08-12 10:35:47.765000,-6.46987951807229,-0.710843373493976,-7.337349397590362,-0.6916002452483139,-6.1735131820968725,-7.016554261189454,3.0,0.3252303252303253,3074.7440273037537,-20.998310121787775,-5.380339141075694,-19.530446943651302,1299.6336996336995,-1.0,80.75245410112129,0.3252135067511313,
2023-08-12 10:35:47.773000,-6.46987951807229,-0.6987951807228916,-7.301204819277109,-0.5935009196811771,-6.183323114653587,-7.021459227467811,3.0,0.3252303252303253,3074.7440273037537,-20.265485694306857,-5.578812423518443,-19.2098362566284,1304.0293040293038,-1.0,80.75245410112129,0.325212976294125,
2023-08-12 10:35:47.781000,-6.457831325301205,-0.6626506024096386,-7.289156626506024,-0.6866952789699571,-6.1293684855916615,-6.996934396076027,3.0,0.3252303252303253,3074.7440273037537,-19.456325388963347,-5.3650719655031756,-18.675485111590234,1309.89010989011,-1.0,80.75245410112129,0.32521246320639835,
2023-08-12 10:35:47.788000,-6.421686746987952,-0.6385542168674699,-7.313253012048193,-0.5812385039852851,-6.210300429184549,-6.996934396076027,3.0,0.3252303252303253,3074.7440273037537,-18.311287221024415,-5.013926927335237,-18.08006526426199,1313.5531135531135,-1.0,80.75245410112129,0.3252119665288814,
2023-08-12 10:35:47.796000,-6.397590361445784,-0.6144578313253012,-7.2771084337349405,-0.5616186388718577,-6.124463519313305,-6.996934396076027,3.0,0.3252303252303253,3074.7440273037537,-17.379989511100753,-4.876522347182565,-17.469378241361227,1312.8205128205127,-1.0,80.75245410112129,0.3252114851514081,
2023-08-12 10:35:47.804000,-6.373493975903615,-0.6144578313253012,-7.289156626506024,-0.5493562231759657,-6.112201103617412,-7.014101778050276,3.0,0.3252303252303253,3074.7440273037537,-16.509760503467163,-4.326904026571878,-17.255637783345957,1309.89010989011,-1.0,80.75245410112129,0.325211017835973,
2023-08-12 10:35:47.811000,-6.373493975903615,-0.5903614457831325,-7.289156626506024,-0.6057633353770693,-6.097486204782342,-6.916002452483139,3.0,0.3252303252303253,3074.7440273037537,-15.563195617970981,-3.6551483013810384,-16.08006526426199,1304.7619047619046,-1.0,80.75245410112129,0.32521056336755017,
2023-08-12 10:35:47.819000,-6.385542168674699,-0.6265060240963856,-7.2771084337349405,-0.5836909871244634,-6.1440833844267315,-6.93071735131821,3.0,0.3252303252303253,3074.7440273037537,-14.692966610337393,-2.861255171610046,-15.286172134490997,1301.8315018315018,-1.0,80.75245410112129,0.3252101205557675,
2023-08-12 10:35:47.827000,-6.409638554216868,-0.6385542168674699,-7.289156626506024,-0.5935009196811771,-6.175965665236051,-6.974862047823421,3.0,0.3252303252303253,3074.7440273037537,-13.425791037818309,-2.0062933395489773,-14.583882058155119,1298.168498168498,-1.0,80.75245410112129,0.32520968837547276,
2023-08-12 10:35:47.834000,-6.409638554216868,-0.674698795180723,-7.289156626506024,-0.6523605150214592,-6.1072961373390555,-7.014101778050276,3.0,0.3252303252303253,3074.7440273037537,-13.135714701940447,-1.227667385350504,-13.89685915739176,1293.7728937728937,-1.0,80.75245410112129,0.3252092659483135,
2023-08-12 10:35:47.842000,-6.373493975903615,-0.6987951807228916,-7.313253012048193,-0.6499080318822807,-6.1072961373390555,-7.055793991416309,3.0,0.3252303252303253,3074.7440273037537,-12.55556203018472,-0.6169803624497406,-13.866324806246721,1289.3772893772893,-1.0,80.75245410112129,0.3252088523968398,
2023-08-12 10:35:47.850000,-6.349397590361446,-0.7349397590361446,-7.325301204819278,-0.703862660944206,-6.0410790925812385,-7.00674432863274,3.0,0.3252303252303253,3074.7440273037537,-12.234951343161821,-0.7238505914573743,-13.530446943651302,1291.5750915750914,-1.0,80.75245410112129,0.3252084467090816,
2023-08-12 10:35:47.857000,-6.27710843373494,-0.783132530120482,-7.36144578313253,-0.7283874923359902,-5.969957081545064,-7.045984058859595,3.0,0.3252303252303253,3074.7440273037537,-11.517394091253424,-1.059728454052794,-14.23273701998718,1298.9010989010987,-1.0,80.75245410112129,0.3252080477621796,
2023-08-12 10:35:47.865000,-6.1807228915662655,-0.855421686746988,-7.409638554216868,-0.8093194359288779,-5.876762722256284,-7.104843654199877,3.0,0.3252303252303253,3074.7440273037537,-11.395256686673271,-1.807820057106229,-14.415943126857409,1313.5531135531135,-1.0,80.75245410112129,0.3252076546122914,
2023-08-12 10:35:47.873000,-6.1084337349397595,-0.9156626506024097,-7.506024096385542,-0.9343960760269773,-5.788473329245861,-7.188228080931943,3.0,0.3252303252303253,3074.7440273037537,-11.349455159955713,-2.479575782297069,-14.644950760445195,1336.263736263736,-1.0,80.75245410112129,0.325207266337433,
2023-08-12 10:35:47.880000,-6.0120481927710845,-0.9759036144578314,-7.542168674698796,-0.9589209074187615,-5.6781115879828326,-7.266707541385653,3.0,0.3252303252303253,3074.7440273037537,-10.983042946215257,-2.3879727288619543,-14.72128663830779,1364.102564102564,-1.0,80.75245410112129,0.32520688205068066,
2023-08-12 10:35:47.888000,-5.9397590361445785,-1.036144578313253,-7.626506024096386,-0.9834457388105456,-5.614347026364193,-7.367259350091968,3.0,0.3252303252303253,3074.7440273037537,-10.937241419497699,-2.4337742555795114,-14.5686148825826,1399.2673992673992,-1.0,80.75245410112129,0.325206501031041,
2023-08-12 10:35:47.896000,-5.91566265060241,-1.0843373493975905,-7.698795180722892,-1.1134273451870018,-5.553034947884733,-7.435928877988964,3.0,0.3252303252303253,3074.7440273037537,-10.983042946215257,-1.8841559349688246,-14.644950760445195,1441.7582417582416,-1.0,80.75245410112129,0.32520612257749487,
2023-08-12 10:35:47.903000,-5.903614457831326,-1.1325301204819278,-7.72289156626506,-1.150214592274678,-5.619251992642551,-7.4702636419374615,3.0,0.32478632478632485,3078.947368421052,-11.2578521065206,-1.2582017364955422,-14.507546180292524,1487.9120879120878,-1.0,80.75245410112129,0.3252057460122023,
2023-08-12 10:35:47.911000,-5.963855421686747,-1.1686746987951808,-7.72289156626506,-1.1134273451870018,-5.663396689147762,-7.4776210913549965,3.0,0.32478632478632485,3078.947368421052,-11.547928442398462,-0.47957578229706893,-14.843424042887943,1537.7289377289376,-1.0,80.75245410112129,0.32520537067302313,
2023-08-12 10:35:47.919000,-6.0,-1.180722891566265,-7.746987951807229,-1.1575720416922133,-5.754138565297363,-7.453096259963212,3.0,0.3252303252303253,3074.7440273037537,-12.357088747741972,0.5891265077792669,-14.919759920750538,1589.0109890109889,-1.0,80.75245410112129,0.325204995735426,
2023-08-12 10:35:47.926000,-6.120481927710844,-1.1927710843373494,-7.734939759036145,-1.120784794604537,-5.901287553648069,-7.465358675659105,3.0,0.3252303252303253,3074.7440273037537,-12.769302488199989,1.0929433016723966,-16.293805722277256,1638.095238095238,-1.0,80.75245410112129,0.3252046203739832,
2023-08-12 10:35:47.934000,-6.19277108433735,-1.1927710843373494,-7.759036144578314,-1.1575720416922133,-5.901287553648069,-7.526670754138565,3.0,0.3252303252303253,3074.7440273037537,-14.005943709574034,1.886836431443389,-16.950294271895576,1682.051282051282,-1.0,80.75245410112129,0.32520424393405145,
2023-08-12 10:35:47.942000,-6.265060240963856,-1.180722891566265,-7.783132530120482,-1.150214592274678,-6.004291845493562,-7.546290619251992,3.0,0.3252303252303253,3074.7440273037537,-14.723500961482431,1.9479051337334654,-19.164034729910842,1717.216117216117,-1.0,80.75245410112129,0.32520386579486993,
2023-08-12 10:35:47.949000,-6.349397590361446,-1.144578313253012,-7.795180722891566,-1.1600245248313916,-6.045984058859595,-7.548743102391171,3.0,0.3252303252303253,3074.7440273037537,-15.685333022551134,2.0089738360235416,-20.919759920750536,1745.054945054945,-1.0,80.75245410112129,0.32520348523249254,
2023-08-12 10:35:47.957000,-6.349397590361446,-1.0963855421686748,-7.807228915662651,-1.0128755364806867,-6.021459227467811,-7.556100551808706,3.0,0.3252303252303253,3074.7440273037537,-16.723500961482433,1.352485286405221,-22.797622516170385,1764.102564102564,-1.0,80.75245410112129,0.32520310144168946,
2023-08-12 10:35:47.965000,-6.337349397590362,-1.072289156626506,-7.843373493975904,-1.049662783568363,-6.0705088902513795,-7.5659104843654195,3.0,0.3252303252303253,3074.7440273037537,-17.990676534001516,0.604393683351786,-23.89685915739176,1775.8241758241757,-1.0,80.75245410112129,0.32520271382404814,
2023-08-12 10:35:47.972000,-6.301204819277109,-1.0240963855421688,-7.855421686746988,-0.9981606376456161,-6.031269160024524,-7.59534028203556,3.0,0.3252303252303253,3074.7440273037537,-18.494493327894645,-0.15896509527416816,-24.70601946273527,1780.2197802197802,-1.0,80.75245410112129,0.3252023218289421,
2023-08-12 10:35:47.980000,-6.27710843373494,-0.9759036144578314,-7.867469879518072,-0.9760882893930104,-5.957694665849172,-7.695892090741876,3.0,0.3252303252303253,3074.7440273037537,-19.303653633238156,-0.4490414311520307,-24.415943126857407,1779.4871794871794,-1.0,80.75245410112129,0.3252019249648039,
2023-08-12 10:35:47.987000,-6.253012048192772,-0.9277108433734941,-7.867469879518072,-0.8902513795217657,-5.908645003065604,-7.61250766400981,3.0,0.3252303252303253,3074.7440273037537,-20.02121088514655,-0.4490414311520307,-24.23273701998718,1770.6959706959706,-1.0,80.75245410112129,0.3252015227892718,
2023-08-12 10:35:47.995000,-6.265060240963856,-0.8795180722891567,-7.891566265060241,-0.8608215818516247,-6.004291845493562,-7.568362967504598,3.0,0.3252303252303253,3074.7440273037537,-20.78456966377251,-0.37270555328943533,-23.331973661208554,1759.7069597069597,-1.0,80.75245410112129,0.32520111492034814,
2023-08-12 10:35:48.003000,-6.289156626506024,-0.855421686746988,-7.83132530120482,-0.838749233599019,-5.989576946658492,-7.558553034947884,3.0,0.3252303252303253,3074.7440273037537,-20.876172717207623,-0.18949944641920632,-22.568614882582597,1745.7875457875457,727.691650390625,82.45250576640805,0.32520070116517785,
2023-08-12 10:35:48.010000,-6.325301204819278,-0.819277108433735,-7.771084337349398,-0.7749846719803801,-6.050889025137952,-7.516860821581851,3.0,0.3252303252303253,3074.7440273037537,-21.456325388963347,-0.32690402657187806,-21.469378241361223,1728.2051282051282,-1.0,82.45250576640805,0.32520028137195867,
2023-08-12 10:35:48.018000,-6.373493975903615,-0.8072289156626506,-7.771084337349398,-0.7529123237277743,-6.0999386879215205,-7.47271612507664,3.0,0.3252303252303253,3074.7440273037537,-22.08227958743663,-0.7391177670298933,-20.935027096323058,1707.6923076923076,-1.0,82.45250576640805,0.325199855430986,
2023-08-12 10:35:48.026000,-6.445783132530121,-0.7710843373493976,-7.771084337349398,-0.7406499080318822,-6.23973022685469,-7.509503372164316,3.0,0.3252303252303253,3074.7440273037537,-22.173882640871742,-0.7085834158848552,-20.767088165025346,1685.7142857142856,-1.0,82.45250576640805,0.32519942327553214,
2023-08-12 10:35:48.033000,-6.518072289156627,-0.746987951807229,-7.759036144578314,-0.745554874310239,-6.229920294297976,-7.438381361128142,3.0,0.3252303252303253,3074.7440273037537,-22.173882640871742,-0.7085834158848552,-20.767088165025346,1661.5384615384614,-1.0,82.45250576640805,0.3251989848825628,
2023-08-12 10:35:48.041000,-6.542168674698796,-0.7349397590361446,-7.698795180722892,-0.6768853464132434,-6.28632740649908,-7.423666462293071,3.0,0.3252303252303253,3074.7440273037537,-22.005943709574034,-1.6246139502360002,-20.675485111590234,1635.164835164835,-1.0,82.45250576640805,0.3251985402732844,
2023-08-12 10:35:48.049000,-6.530120481927711,-0.710843373493976,-7.662650602409639,-0.7283874923359902,-6.25444512568976,-7.350091968117718,3.0,0.3252303252303253,3074.7440273037537,-22.25021851873434,-2.2658353242818015,-20.980828623040615,1607.3260073260071,-1.0,82.45250576640805,0.3251980893747761,
2023-08-12 10:35:48.056000,-6.493975903614458,-0.710843373493976,-7.638554216867471,-0.6768853464132434,-6.23973022685469,-7.330472103004292,3.0,0.32478632478632485,3078.947368421052,-22.173882640871742,-3.3192704387856184,-21.454111065788705,1580.9523809523807,-1.0,82.45250576640805,0.3251976320405831,
2023-08-12 10:35:48.064000,-6.445783132530121,-0.6626506024096386,-7.602409638554217,-0.6842427958307786,-6.075413856529736,-7.315757204169221,3.0,0.32478632478632485,3078.947368421052,-22.20441699201678,-4.097896392984092,-21.56098129479634,1556.7765567765566,-1.0,82.45250576640805,0.3251971681882111,
2023-08-12 10:35:48.072000,-6.385542168674699,-0.6385542168674699,-7.578313253012048,-0.5885959534028203,-6.063151440833844,-7.276517473942366,3.0,0.32478632478632485,3078.947368421052,-21.700600198123652,-4.5864460113047025,-21.789988928384126,1532.6007326007325,-1.0,82.45250576640805,0.3251966977556487,
2023-08-12 10:35:48.079000,-6.325301204819278,-0.6385542168674699,-7.55421686746988,-0.5419987737584304,-6.004291845493562,-7.210300429184549,3.0,0.3252303252303253,3074.7440273037537,-21.502126915680904,-4.4795757822970685,-21.942660684109317,1506.9597069597069,-1.0,82.45250576640805,0.325196220689248,
2023-08-12 10:35:48.087000,-6.289156626506024,-0.6144578313253012,-7.518072289156627,-0.539546290619252,-6.009196811771918,-7.225015328019619,3.0,0.3252303252303253,3074.7440273037537,-21.074645999650368,-4.220033797564244,-21.957927859681835,1479.8534798534797,-1.0,82.45250576640805,0.3251957370910945,
2023-08-12 10:35:48.095000,-6.240963855421687,-0.6024096385542169,-7.481927710843374,-0.5493562231759657,-5.972409564684242,-7.171060698957694,3.0,0.3252303252303253,3074.7440273037537,-20.494493327894645,-4.418507080006992,-22.04953091311695,1451.2820512820513,-1.0,82.45250576640805,0.32519524723861915,
2023-08-12 10:35:48.102000,-6.19277108433735,-0.5903614457831325,-7.46987951807229,-0.48559166155732675,-5.935622317596566,-7.1955855303494785,3.0,0.3252303252303253,3074.7440273037537,-20.128081114154188,-4.525377309014626,-21.54571411922382,1425.6410256410256,-1.0,82.45250576640805,0.3251947514449419,
2023-08-12 10:35:48.110000,-6.1807228915662655,-0.5903614457831325,-7.433734939759036,-0.6253832004904966,-5.886572654812998,-7.153893316983446,3.0,0.32478632478632485,3078.947368421052,-19.822737602703803,-4.174232270846687,-21.408309539071148,1402.197802197802,-1.0,82.45250576640805,0.32519425005783364,
2023-08-12 10:35:48.118000,-6.168674698795181,-0.6144578313253012,-7.409638554216868,-0.5885959534028203,-5.908645003065604,-7.1146535867565905,3.0,0.3252303252303253,3074.7440273037537,-19.39525668667327,-3.7162170036711144,-21.01136297418565,1379.4871794871794,-1.0,82.45250576640805,0.32519374330925827,
2023-08-12 10:35:48.125000,-6.156626506024097,-0.6506024096385542,-7.409638554216868,-0.645003065603924,-5.8522378908645,-7.0680564071122,3.0,0.32478632478632485,3078.947368421052,-18.73876813705495,-3.029194102907756,-20.644950760445195,1358.974358974359,-1.0,82.45250576640805,0.32519323130276273,
2023-08-12 10:35:48.133000,-6.168674698795181,-0.6506024096385542,-7.409638554216868,-0.5959534028203556,-5.928264868179031,-7.1367259350091965,3.0,0.32478632478632485,3078.947368421052,-18.06701241186411,-2.6322475380222596,-20.568614882582597,1342.1245421245421,-1.0,82.45250576640805,0.325192714180861,
2023-08-12 10:35:48.141000,-6.204819277108434,-0.6626506024096386,-7.433734939759036,-0.6229307173513182,-5.933169834457388,-7.124463519313304,3.0,0.32478632478632485,3078.947368421052,-17.86853912942136,-1.777285705961191,-19.88159198181924,1328.2051282051282,-1.0,82.45250576640805,0.32519219209035183,
2023-08-12 10:35:48.148000,-6.216867469879518,-0.674698795180723,-7.445783132530121,-0.657265481299816,-5.982219497240957,-7.126916002452483,3.0,0.32478632478632485,3078.947368421052,-17.532661266825944,-1.1665986830604276,-19.774721752811608,1318.6813186813185,-1.0,82.45250576640805,0.3251916651685306,
2023-08-12 10:35:48.156000,-6.240963855421687,-0.6987951807228916,-7.481927710843374,-0.7161250766400981,-5.982219497240957,-7.139178418148375,3.0,0.32478632478632485,3078.947368421052,-16.799836839345026,-0.9986597517627177,-19.499912592506263,1315.018315018315,-1.0,82.45250576640805,0.3251911335396932,
2023-08-12 10:35:48.164000,-6.289156626506024,-0.746987951807229,-7.481927710843374,-0.7259350091968118,-6.016554261189454,-7.20784794604537,3.0,0.32478632478632485,3078.947368421052,-16.647165083619836,-0.5559116601596643,-19.622049997086418,1315.018315018315,-1.0,82.45250576640805,0.32519059731140393,
2023-08-12 10:35:48.171000,-6.313253012048193,-0.783132530120482,-7.481927710843374,-0.6965052115266707,-6.075413856529736,-7.242182709993869,3.0,0.32478632478632485,3078.947368421052,-16.128081114154188,-0.14369791970164908,-19.530446943651302,1317.216117216117,-1.0,82.45250576640805,0.3251900565705501,
2023-08-12 10:35:48.179000,-6.385542168674699,-0.746987951807229,-7.530120481927711,-0.733292458614347,-6.180870631514408,-7.305947271612507,3.0,0.32478632478632485,3078.947368421052,-15.91434065613892,-0.34217120214439717,-19.69838587494901,1318.6813186813185,-1.0,82.45250576640805,0.32518951137920515,
2023-08-12 10:35:48.187000,-6.433734939759036,-0.746987951807229,-7.614457831325302,-0.6793378295524218,-6.102391171060699,-7.261802575107295,3.0,0.3252303252303253,3074.7440273037537,-15.639531495833577,0.08530971388613719,-20.324340073422295,1320.14652014652,-1.0,82.45250576640805,0.3251889617703285,
2023-08-12 10:35:48.194000,-6.457831325301205,-0.7349397590361446,-7.590361445783133,-0.7357449417535254,-6.175965665236051,-7.352544451256898,3.0,0.32478632478632485,3078.947368421052,-15.502126915680904,-0.2505681487092827,-20.629683584872677,1321.6117216117216,-1.0,82.45250576640805,0.3251884078926208,
2023-08-12 10:35:48.202000,-6.457831325301205,-0.7590361445783133,-7.626506024096386,-0.6916002452483139,-6.178418148375229,-7.352544451256898,3.0,0.32478632478632485,3078.947368421052,-15.07464599965037,-0.9070566983276033,-20.55334770701008,1323.8095238095236,-1.0,82.45250576640805,0.32518784987856125,
2023-08-12 10:35:48.210000,-6.493975903614458,-0.7349397590361446,-7.638554216867471,-0.7676272225628449,-6.1955855303494785,-7.374616799509503,3.0,0.32434232434232435,3083.1622176591372,-15.150981877512965,-1.3345376143581376,-20.828156867315425,1325.2747252747251,-1.0,82.45250576640805,0.32518728768084865,
2023-08-12 10:35:48.217000,-6.481927710843374,-0.6867469879518072,-7.602409638554217,-0.6302881667688535,-6.1735131820968725,-7.320662170447577,3.0,0.32478632478632485,3078.947368421052,-14.952508595070217,-1.9299574616863817,-20.965561447468094,1326.7399267399267,-1.0,82.45250576640805,0.3251867210573777,
2023-08-12 10:35:48.225000,-6.445783132530121,-0.6385542168674699,-7.590361445783133,-0.5861434702636419,-6.198038013488657,-7.291232372777436,3.0,0.32478632478632485,3078.947368421052,-14.708233785909911,-2.2200337975642443,-21.148767554338324,1329.6703296703297,-1.0,82.45250576640805,0.32518614969415927,
2023-08-12 10:35:48.233000,-6.457831325301205,-0.5662650602409639,-7.530120481927711,-0.48313917841814835,-6.153893316983446,-7.274064990803188,3.0,0.32478632478632485,3078.947368421052,-14.967775770642737,-2.510110133442107,-21.24037060777344,1334.065934065934,-1.0,82.45250576640805,0.3251855733597772,
2023-08-12 10:35:48.240000,-6.421686746987952,-0.5542168674698795,-7.518072289156627,-0.46106683016554256,-6.1072961373390555,-7.303494788473329,3.0,0.3252303252303253,3074.7440273037537,-14.876172717207622,-2.9375910494726414,-21.42357671464367,1340.6593406593406,-1.0,82.45250576640805,0.32518499176202237,
2023-08-12 10:35:48.248000,-6.325301204819278,-0.5421686746987953,-7.506024096385542,-0.4904966278356836,-6.03862660944206,-7.225015328019619,3.0,0.3252303252303253,3074.7440273037537,-14.92197424392518,-3.3498047899306567,-21.270904958918475,1347.2527472527472,-1.0,82.45250576640805,0.3251844046926624,
2023-08-12 10:35:48.256000,-6.253012048192772,-0.5180722891566265,-7.493975903614459,-0.5052115266707541,-5.962599632127529,-7.190680564071122,3.0,0.3252303252303253,3074.7440273037537,-14.967775770642737,-3.762018530388672,-21.148767554338324,1348.7179487179487,-1.0,82.45250576640805,0.3251838120449254,
2023-08-12 10:35:48.263000,-6.216867469879518,-0.5421686746987953,-7.481927710843374,-0.47087676272225626,-5.911097486204782,-7.259350091968117,3.0,0.32478632478632485,3078.947368421052,-14.876172717207622,-4.220033797564244,-20.293805722277256,1347.985347985348,-1.0,82.45250576640805,0.3251832136722132,
2023-08-12 10:35:48.271000,-6.156626506024097,-0.5662650602409639,-7.506024096385542,-0.5076640098099325,-5.844880441446965,-7.225015328019619,3.0,0.32478632478632485,3078.947368421052,-14.677699434764873,-4.494842957869587,-19.759454577239087,1345.054945054945,-1.0,82.45250576640805,0.32518260923666104,
2023-08-12 10:35:48.279000,-6.0843373493975905,-0.5783132530120483,-7.493975903614459,-0.5272838749233598,-5.7737584304107905,-7.217657878602084,3.0,0.32478632478632485,3078.947368421052,-14.540294854612203,-3.991026163976458,-18.446477478002446,1341.3919413919414,-1.0,82.45250576640805,0.3251819981855342,
2023-08-12 10:35:48.286000,-6.072289156626506,-0.5903614457831325,-7.518072289156627,-0.5248313917841815,-5.768853464132434,-7.1735131820968725,3.0,0.32478632478632485,3078.947368421052,-14.112813938581668,-3.3345376143581373,-18.58388205815512,1336.263736263736,-1.0,82.45250576640805,0.32518137988700674,
2023-08-12 10:35:48.294000,-6.060240963855422,-0.5662650602409639,-7.506024096385542,-0.5935009196811771,-5.788473329245861,-7.188228080931943,3.0,0.32478632478632485,3078.947368421052,-13.929607831711438,-2.708583415884855,-17.973195035254356,1331.135531135531,-1.0,82.45250576640805,0.32518075362747373,
2023-08-12 10:35:48.302000,-6.072289156626506,-0.5903614457831325,-7.46987951807229,-0.5150214592274678,-5.768853464132434,-7.1808706315144075,3.0,0.32478632478632485,3078.947368421052,-13.624264320261057,-1.4719421945108093,-17.51517976807878,1324.5421245421244,-1.0,82.45250576640805,0.32518011860917406,
2023-08-12 10:35:48.309000,-6.0843373493975905,-0.6506024096385542,-7.493975903614459,-0.598405885959534,-5.771305947271612,-7.1931330472103,3.0,0.32478632478632485,3078.947368421052,-13.624264320261057,-1.4719421945108093,-17.51517976807878,1321.6117216117216,-1.0,82.45250576640805,0.3251794739481517,
2023-08-12 10:35:48.317000,-6.1325301204819285,-0.6506024096385542,-7.506024096385542,-0.6253832004904966,-5.859595340282035,-7.185775597792765,3.0,0.32478632478632485,3078.947368421052,-13.150981877512965,-0.5711788357321834,-17.24037060777344,1317.9487179487178,-1.0,82.45250576640805,0.32517881867258114,
2023-08-12 10:35:48.325000,-6.144578313253012,-0.6385542168674699,-7.55421686746988,-0.6499080318822807,-5.859595340282035,-7.256897608828939,3.0,0.32478632478632485,3078.947368421052,-12.845638366062584,1.5509585688479692,-17.469378241361227,1313.5531135531135,-1.0,82.45250576640805,0.32517815172148207,
2023-08-12 10:35:48.332000,-6.1325301204819285,-0.6626506024096386,-7.566265060240965,-0.615573267933783,-5.869405272838749,-7.247087676272225,3.0,0.32478632478632485,3078.947368421052,-12.952508595070217,3.734164675718198,-17.652584348231454,1309.1575091575091,-1.0,82.45250576640805,0.32517747194384494,
2023-08-12 10:35:48.340000,-6.120481927710844,-0.6385542168674699,-7.590361445783133,-0.6204782342121398,-5.7958307786633965,-7.28632740649908,3.0,0.32478632478632485,3078.947368421052,-12.601363556902278,5.6425616222830834,-18.339607248994813,1304.0293040293038,-1.0,82.45250576640805,0.325176778098191,
2023-08-12 10:35:48.347000,-6.1084337349397595,-0.6506024096385542,-7.602409638554217,-0.6229307173513182,-5.79092581238504,-7.298589822194972,3.0,0.3252303252303253,3074.7440273037537,-12.097546763009149,6.375386049764,-18.110599615407025,1299.6336996336995,-1.0,82.45250576640805,0.3251760688525819,
2023-08-12 10:35:48.355000,-6.120481927710844,-0.6506024096385542,-7.638554216867471,-0.6621704475781729,-5.808093194359288,-7.323114653586757,3.0,0.3252303252303253,3074.7440273037537,-11.5784627935435,6.283782996328885,-18.110599615407025,1294.5054945054944,-1.0,82.45250576640805,0.3251753429343929,
2023-08-12 10:35:48.363000,-6.1325301204819285,-0.6626506024096386,-7.686746987951808,-0.6033108522378908,-5.844880441446965,-7.413856529736358,3.0,0.32478632478632485,3078.947368421052,-10.769302488199989,6.512790629916672,-17.74418740166657,1290.8424908424909,-1.0,82.45250576640805,0.3251745991531514,
2023-08-12 10:35:48.370000,-6.156626506024097,-0.6506024096385542,-7.771084337349398,-0.6253832004904966,-5.938074800735745,-7.480073574494175,3.0,0.32478632478632485,3078.947368421052,-10.097546763009149,6.222714294038808,-16.644950760445195,1289.3772893772893,-1.0,82.45250576640805,0.32517383625438623,
2023-08-12 10:35:48.378000,-6.240963855421687,-0.6265060240963856,-7.795180722891566,-0.6229307173513182,-5.967504598405886,-7.516860821581851,3.0,0.32478632478632485,3078.947368421052,-9.456325388963348,6.940271545947206,-16.156401142124583,1290.10989010989,-1.0,82.45250576640805,0.32517305274245445,
2023-08-12 10:35:48.386000,-6.289156626506024,-0.6024096385542169,-7.819277108433735,-0.5567136725935009,-5.979767014101777,-7.5364806866952785,3.0,0.32478632478632485,3078.947368421052,-9.334187984383195,7.581492919993007,-15.270904958918477,1290.10989010989,-1.0,82.45250576640805,0.3251722468945094,
2023-08-12 10:35:48.393000,-6.349397590361446,-0.5903614457831325,-7.819277108433735,-0.5272838749233598,-6.087676272225628,-7.519313304721029,3.0,0.32478632478632485,3078.947368421052,-8.754035312627469,7.19981353068003,-14.996095798613133,1290.10989010989,-1.0,82.45250576640805,0.32517141691292056,
2023-08-12 10:35:48.401000,-6.385542168674699,-0.5662650602409639,-7.83132530120482,-0.5150214592274678,-6.126916002452483,-7.568362967504598,3.0,0.32478632478632485,3078.947368421052,-8.463958976749607,7.0776761260998775,-14.950294271895576,1287.9120879120878,-1.0,82.45250576640805,0.3251705609288916,
2023-08-12 10:35:48.409000,-6.409638554216868,-0.5421686746987953,-7.855421686746988,-0.5199264255058246,-6.188228080931943,-7.541385652973635,3.0,0.32478632478632485,3078.947368421052,-8.372355923314492,6.237981469611328,-14.55334770701008,1286.4468864468863,-1.0,82.45250576640805,0.32516967700656535,
2023-08-12 10:35:48.416000,-6.46987951807229,-0.5301204819277109,-7.819277108433735,-0.4537093807480073,-6.188228080931943,-7.590435315757204,3.0,0.3252303252303253,3074.7440273037537,-8.58609638132976,5.062408950527359,-14.507546180292524,1284.2490842490843,-1.0,82.45250576640805,0.3251687631476071,
2023-08-12 10:35:48.424000,-6.481927710843374,-0.5180722891566265,-7.783132530120482,-0.4659717964438994,-6.180870631514408,-7.47271612507664,3.0,0.32478632478632485,3078.947368421052,-8.830371190490064,4.390653225336519,-14.55334770701008,1283.5164835164835,-1.0,82.45250576640805,0.325167817445553,
2023-08-12 10:35:48.432000,-6.46987951807229,-0.5180722891566265,-7.783132530120482,-0.5297363580625383,-6.198038013488657,-7.47271612507664,3.0,0.32478632478632485,3078.947368421052,-9.044111648505332,3.9937066604510227,-14.644950760445195,1280.5860805860805,-1.0,82.45250576640805,0.32516683796390317,
2023-08-12 10:35:48.439000,-6.397590361445784,-0.5180722891566265,-7.746987951807229,-0.48068669527896996,-6.080318822808093,-7.4923359901900675,3.0,0.32478632478632485,3078.947368421052,-8.998310121787775,3.4135539886952975,-14.339607248994813,1276.1904761904761,-1.0,82.45250576640805,0.32516582258313687,
2023-08-12 10:35:48.447000,-6.349397590361446,-0.5301204819277109,-7.746987951807229,-0.463519313304721,-6.043531575720417,-7.494788473329246,3.0,0.32478632478632485,3078.947368421052,-9.013577297360294,2.787599790222015,-14.248004195559698,1274.7252747252746,-1.0,82.45250576640805,0.32516476914602344,
2023-08-12 10:35:48.455000,-6.313253012048193,-0.5421686746987953,-7.746987951807229,-0.5370938074800735,-6.033721643163703,-7.475168608215818,3.0,0.32478632478632485,3078.947368421052,-9.08991317522289,2.03950818716858,-14.06479808868947,1274.7252747252746,-1.0,82.45250576640805,0.3251636754645772,
2023-08-12 10:35:48.462000,-6.253012048192772,-0.5542168674698795,-7.783132530120482,-0.5370938074800735,-5.955242182709994,-7.458001226241569,3.0,0.32478632478632485,3078.947368421052,-9.22731775537556,1.154012003962473,-13.515179768078783,1277.6556776556777,-1.0,82.45250576640805,0.32516253932738054,
2023-08-12 10:35:48.470000,-6.228915662650603,-0.5903614457831325,-7.807228915662651,-0.5616186388718577,-5.925812385039853,-7.524218270999387,3.0,0.32478632478632485,3078.947368421052,-9.044111648505332,0.28378299632888526,-12.980828623040615,1282.7838827838827,-1.0,82.45250576640805,0.3251613585072458,
2023-08-12 10:35:48.478000,-6.1807228915662655,-0.6144578313253012,-7.83132530120482,-0.6351931330472103,-5.849785407725322,-7.516860821581851,3.0,0.3252303252303253,3074.7440273037537,-8.40289027445953,-0.494842957869588,-11.683118699376493,1287.179487179487,-1.0,82.45250576640805,0.32516013076918837,
2023-08-12 10:35:48.485000,-6.168674698795181,-0.6506024096385542,-7.83132530120482,-0.6376456161863887,-5.881667688534641,-7.551195585530349,3.0,0.32478632478632485,3078.947368421052,-8.601363556902278,-0.8154536448924887,-10.629683584872677,1286.4468864468863,-1.0,82.45250576640805,0.325158854027966,
2023-08-12 10:35:48.493000,-6.19277108433735,-0.674698795180723,-7.795180722891566,-0.6719803801348866,-5.916002452483139,-7.5340282035561,3.0,0.3252303252303253,3074.7440273037537,-8.311287221024417,-0.9375910494726414,-9.591515645941378,1284.2490842490843,-1.0,82.45250576640805,0.3251575262291515,
2023-08-12 10:35:48.501000,-6.216867469879518,-0.6987951807228916,-7.783132530120482,-0.6646229307173512,-5.896382587369711,-7.455548743102391,3.0,0.32478632478632485,3078.947368421052,-8.280752869879379,0.2685158207563662,-8.965561447468096,1284.9816849816848,-1.0,82.45250576640805,0.32515614534818,
2023-08-12 10:35:48.508000,-6.216867469879518,-0.7349397590361446,-7.734939759036145,-0.6204782342121398,-5.93071735131821,-7.428571428571428,3.0,0.32478632478632485,3078.947368421052,-7.685333022551133,1.688363149000641,-9.041897325330691,1290.10989010989,-1.0,82.45250576640805,0.32515470941072455,
2023-08-12 10:35:48.516000,-6.204819277108434,-0.7228915662650602,-7.734939759036145,-0.640098099325567,-5.879215205395463,-7.443286327406499,3.0,0.32478632478632485,3078.947368421052,-7.502126915680905,2.024241011596061,-9.22510343220092,1294.5054945054944,-1.0,82.45250576640805,0.32515321634291805,
2023-08-12 10:35:48.524000,-6.216867469879518,-0.7349397590361446,-7.710843373493976,-0.6916002452483139,-5.901287553648069,-7.428571428571428,3.0,0.32478632478632485,3078.947368421052,-7.3341879843831945,1.2456150573975875,-9.56098129479634,1298.168498168498,-1.0,82.45250576640805,0.3251516642582703,
2023-08-12 10:35:48.531000,-6.204819277108434,-0.7228915662650602,-7.710843373493976,-0.6695278969957081,-5.91354996934396,-7.401594114040465,3.0,0.32478632478632485,3078.947368421052,-7.288386457665638,1.2303478818250684,-9.698385874949011,1298.9010989010987,-1.0,82.45250576640805,0.32515005130797553,
2023-08-12 10:35:48.539000,-6.216867469879518,-0.7228915662650602,-7.698795180722892,-0.6866952789699571,-5.91354996934396,-7.39423666462293,3.0,0.32478632478632485,3078.947368421052,-6.677699434764874,0.8486684925120913,-10.08006526426199,1298.168498168498,-1.0,82.45250576640805,0.3251483755627093,
2023-08-12 10:35:48.547000,-6.1807228915662655,-0.6987951807228916,-7.710843373493976,-0.7381974248927038,-5.896382587369711,-7.342734518700183,3.0,0.32478632478632485,3078.947368421052,-6.128081114154187,-0.08262921741157274,-9.805256103956646,1294.5054945054944,-1.0,82.45250576640805,0.32514663517105896,
2023-08-12 10:35:48.554000,-6.168674698795181,-0.7228915662650602,-7.710843373493976,-0.7063151440833844,-5.842427958307787,-7.401594114040465,3.0,0.3252303252303253,3074.7440273037537,-5.624264320261058,-0.5253773090146262,-9.637317172658936,1290.10989010989,-1.0,82.45250576640805,0.3251448283685356,
2023-08-12 10:35:48.562000,-6.1325301204819285,-0.7710843373493976,-7.698795180722892,-0.7234825260576333,-5.8326180257510725,-7.362354383813611,3.0,0.3252303252303253,3074.7440273037537,-5.150981877512966,-0.9070566983276033,-9.515179768078783,1285.7142857142856,-1.0,82.45250576640805,0.325142953635711,
2023-08-12 10:35:48.570000,-6.096385542168675,-0.783132530120482,-7.734939759036145,-0.7676272225628449,-5.7590435315757205,-7.408951563458001,3.0,0.32478632478632485,3078.947368421052,-4.387623098887012,-1.3498047899306567,-9.576248470368858,1284.9816849816848,-1.0,82.45250576640805,0.32514100972872195,
2023-08-12 10:35:48.577000,-6.0843373493975905,-0.783132530120482,-7.72289156626506,-0.82158185162477,-5.778663396689147,-7.433476394849785,3.0,0.3252303252303253,3074.7440273037537,-3.532661266825943,-1.2734689120680613,-8.950294271895576,1286.4468864468863,-1.0,82.45250576640805,0.3251389954012818,
2023-08-12 10:35:48.585000,-6.048192771084338,-0.7951807228915663,-7.771084337349398,-0.7651747394236664,-5.7516860821581846,-7.4923359901900675,3.0,0.32478632478632485,3078.947368421052,-3.532661266825943,-1.2734689120680613,-8.950294271895576,1289.3772893772893,-1.0,82.45250576640805,0.3251369095420337,
2023-08-12 10:35:48.593000,-6.0361445783132535,-0.819277108433735,-7.807228915662651,-0.8117719190680563,-5.771305947271612,-7.489883507050888,3.0,0.32478632478632485,3078.947368421052,-3.4410582133908285,-1.5177437212283666,-8.782355340597867,1293.040293040293,-1.0,82.45250576640805,0.3251347511939585,
2023-08-12 10:35:48.600000,-6.0843373493975905,-0.7951807228915663,-7.83132530120482,-0.7946045370938074,-5.788473329245861,-7.551195585530349,3.0,0.32478632478632485,3078.947368421052,-2.983042946215256,-1.3040032632130993,-8.186935493269623,1297.4358974358975,-1.0,82.45250576640805,0.32513251940310456,
2023-08-12 10:35:48.608000,-6.096385542168675,-0.8313253012048193,-7.843373493975904,-0.7651747394236664,-5.763948497854077,-7.587982832618025,3.0,0.3252303252303253,3074.7440273037537,-2.983042946215256,-1.5482780723734046,-7.164034729910844,1304.7619047619046,-1.0,82.45250576640805,0.3251302133647339,
2023-08-12 10:35:48.616000,-6.144578313253012,-0.8433734939759037,-7.807228915662651,-0.838749233599019,-5.906192519926425,-7.553648068669528,3.0,0.32478632478632485,3078.947368421052,-3.0441116485053326,-1.5024765456558475,-6.507546180292524,1317.216117216117,-1.0,82.45250576640805,0.32512783257950956,
2023-08-12 10:35:48.623000,-6.19277108433735,-0.8674698795180723,-7.807228915662651,-0.8461066830165542,-5.864500306560392,-7.519313304721029,3.0,0.32478632478632485,3078.947368421052,-2.5860963813297597,-0.05209486626653457,-5.5304469436513015,1334.065934065934,-1.0,82.45250576640805,0.3251253767324212,
2023-08-12 10:35:48.631000,-6.253012048192772,-0.8674698795180723,-7.807228915662651,-0.8927038626609441,-5.947884733292458,-7.570815450643776,3.0,0.32478632478632485,3078.947368421052,-2.738768137054951,1.2608822329701066,-5.5304469436513015,1353.8461538461538,-1.0,82.45250576640805,0.32512284553960397,
2023-08-12 10:35:48.639000,-6.289156626506024,-0.855421686746988,-7.771084337349398,-0.7578172900061312,-6.033721643163703,-7.526670754138565,3.0,0.32478632478632485,3078.947368421052,-2.8761727172076226,2.8639356680846104,-5.698385874949012,1380.952380952381,-1.0,82.45250576640805,0.325120238892403,
2023-08-12 10:35:48.646000,-6.301204819277109,-0.819277108433735,-7.734939759036145,-0.7676272225628449,-6.050889025137952,-7.497240956468424,3.0,0.32478632478632485,3078.947368421052,-3.2425849309480803,3.8257677291533128,-6.095332439834508,1414.6520146520145,-1.0,82.45250576640805,0.3251175568620193,
2023-08-12 10:35:48.654000,-6.301204819277109,-0.819277108433735,-7.734939759036145,-0.8019619865113427,-6.031269160024524,-7.401594114040465,3.0,0.32478632478632485,3078.947368421052,-3.2425849309480803,3.4593555154128546,-6.599149233727638,1450.5494505494505,-1.0,82.45250576640805,0.32511479970345425,
2023-08-12 10:35:48.662000,-6.289156626506024,-0.8313253012048193,-7.72289156626506,-0.7087676272225628,-6.05334150827713,-7.384426732066217,3.0,0.32478632478632485,3078.947368421052,-3.838004778276325,2.0089738360235416,-7.22510343220092,1490.8424908424906,-1.0,82.45250576640805,0.3251119678587213,
2023-08-12 10:35:48.669000,-6.27710843373494,-0.855421686746988,-7.72289156626506,-0.8191293684855916,-5.984671980380135,-7.458001226241569,3.0,0.32478632478632485,3078.947368421052,-3.288386457665638,-0.2200337975642445,-7.07243167647573,1533.3333333333333,-1.0,82.45250576640805,0.32510906195929967,
2023-08-12 10:35:48.677000,-6.265060240963856,-0.8674698795180723,-7.734939759036145,-0.8755364806866952,-5.965052115266707,-7.421213979153893,3.0,0.32478632478632485,3078.947368421052,-3.196783404230523,-1.9299574616863817,-6.904492745178019,1581.6849816849815,-1.0,82.45250576640805,0.3251060829665562,
2023-08-12 10:35:48.685000,-6.228915662650603,-0.8674698795180723,-7.759036144578314,-0.82158185162477,-5.903740036787247,-7.5364806866952785,3.0,0.32478632478632485,3078.947368421052,-2.647165083619836,-2.7543849426024125,-6.706019462735271,1630.7692307692307,-1.0,82.45250576640805,0.3251030320134894,
2023-08-12 10:35:48.692000,-6.19277108433735,-0.8795180722891567,-7.783132530120482,-0.86817903126916,-5.893930104230533,-7.462906192519926,3.0,0.32478632478632485,3078.947368421052,-2.448691801177088,-2.4185070800069925,-6.293805722277256,1677.6556776556774,-1.0,82.45250576640805,0.3250999102771767,
2023-08-12 10:35:48.700000,-6.144578313253012,-0.8915662650602411,-7.771084337349398,-0.8730839975475169,-5.79092581238504,-7.475168608215818,3.0,0.32478632478632485,3078.947368421052,-2.234951343161821,-2.922323873900122,-5.713653050521531,1717.9487179487178,-1.0,82.45250576640805,0.32509671912710647,
2023-08-12 10:35:48.708000,-6.072289156626506,-0.9277108433734941,-7.771084337349398,-0.9025137952176578,-5.79092581238504,-7.4481912936848556,3.0,0.32478632478632485,3078.947368421052,-1.670065846978615,-2.6322475380222596,-5.362508012353592,1752.3809523809523,-1.0,82.45250576640805,0.3250934601233884,
2023-08-12 10:35:48.715000,-6.072289156626506,-0.963855421686747,-7.771084337349398,-0.9098712446351931,-5.756591048436542,-7.509503372164316,3.0,0.32478632478632485,3078.947368421052,-1.7769360759862485,-2.876522347182565,-3.957927859681836,1778.7545787545787,-1.0,82.45250576640805,0.3250901350141357,
2023-08-12 10:35:48.723000,-6.048192771084338,-0.963855421686747,-7.746987951807229,-0.9540159411404046,-5.761496014714899,-7.445738810545677,3.0,0.32478632478632485,3078.947368421052,-1.349455159955714,-2.6169803624497407,-3.2251034322009207,1797.069597069597,-1.0,82.45250576640805,0.32508674573202456,
2023-08-12 10:35:48.730000,-6.048192771084338,-0.9518072289156627,-7.746987951807229,-0.9319435928877988,-5.786020846106683,-7.428571428571428,3.0,0.32478632478632485,3078.947368421052,-1.1662490530854852,-1.9146902861138628,-2.706019462735272,1807.3260073260071,-1.0,82.45250576640805,0.3250832943900427,
2023-08-12 10:35:48.738000,-6.0361445783132535,-0.9518072289156627,-7.746987951807229,-0.9343960760269773,-5.763948497854077,-7.465358675659105,3.0,0.32478632478632485,3078.947368421052,-1.2425849309480805,-0.678049064739817,-2.095332439834509,1807.3260073260071,-1.0,82.45250576640805,0.32507978327643733,
2023-08-12 10:35:48.746000,-6.0843373493975905,-0.9879518072289157,-7.746987951807229,-0.9294911097486205,-5.756591048436542,-7.443286327406499,3.0,0.32478632478632485,3078.947368421052,-0.7540353126274699,0.20744711846628985,-1.5915156459413788,1799.2673992673992,-1.0,82.45250576640805,0.32507621484888505,
2023-08-12 10:35:48.753000,-6.072289156626506,-1.0120481927710845,-7.759036144578314,-0.9687308399754752,-5.7516860821581846,-7.453096259963212,3.0,0.32478632478632485,3078.947368421052,-0.44869180117708823,0.5127906299166716,-1.6831186993764933,1783.150183150183,-1.0,82.45250576640805,0.3250725917279045,
2023-08-12 10:35:48.761000,-6.096385542168675,-1.0240963855421688,-7.734939759036145,-0.9858982219497241,-5.7958307786633965,-7.465358675659105,3.0,0.32478632478632485,3078.947368421052,-0.2044169920167829,0.6807295612143814,-1.7899889283841268,1761.172161172161,750.67138671875,79.92844946743638,0.32506891668953913,
2023-08-12 10:35:48.769000,-6.1084337349397595,-1.0963855421686748,-7.759036144578314,-1.0374003678724708,-5.7516860821581846,-7.502145922746781,3.0,0.32478632478632485,3078.947368421052,0.08565934386107969,0.08530971388613719,-2.0495309131169512,1732.6007326007325,-1.0,79.92844946743638,0.3250651926573396,
2023-08-12 10:35:48.776000,-6.096385542168675,-1.108433734939759,-7.819277108433735,-1.1060698957694666,-5.793378295524218,-7.531575720416922,3.0,0.32478632478632485,3078.947368421052,0.4673387331740568,-1.777285705961191,-2.5686148825826,1704.0293040293038,-1.0,79.92844946743638,0.32506142269368304,
2023-08-12 10:35:48.784000,-6.072289156626506,-1.144578313253012,-7.891566265060241,-1.1109748620478233,-5.7664009809932555,-7.597792765174739,3.0,0.32478632478632485,3078.947368421052,0.879552473632072,-3.3650719655031756,-2.782355340597867,1676.923076923077,-1.0,79.92844946743638,0.32505760999046646,
2023-08-12 10:35:48.792000,-6.0361445783132535,-1.180722891566265,-7.927710843373494,-1.2213366033108521,-5.709993868792152,-7.637032495401594,3.0,0.32478632478632485,3078.947368421052,1.0016898782122248,-4.784919293747451,-2.950294271895577,1649.8168498168498,-1.0,79.92844946743638,0.32505375785921353,
2023-08-12 10:35:48.799000,-6.024096385542169,-1.2530120481927711,-7.9397590361445785,-1.1919068056407112,-5.697731453096259,-7.722869405272839,3.0,0.32478632478632485,3078.947368421052,1.2917662140900872,-5.212400209777985,-2.782355340597867,1621.245421245421,-1.0,79.92844946743638,0.32504986972064553,
2023-08-12 10:35:48.807000,-6.0120481927710845,-1.2771084337349399,-7.987951807228916,-1.2434089515634579,-5.636419374616799,-7.727774371551195,3.0,0.32478632478632485,3078.947368421052,1.4597051453877972,-6.021560515121497,-3.331973661208554,1591.9413919413919,-1.0,79.92844946743638,0.32504594909375745,
2023-08-12 10:35:48.815000,-6.0,-1.2891566265060241,-7.987951807228916,-1.331698344573881,-5.663396689147762,-7.737584304107909,3.0,0.32478632478632485,3078.947368421052,1.062758580502301,-5.807820057106229,-3.2251034322009207,1563.3699633699632,-1.0,79.92844946743638,0.32504199958445584,
2023-08-12 10:35:48.822000,-5.987951807228916,-1.3012048192771084,-7.987951807228916,-1.2164316370324952,-5.6781115879828326,-7.700797057020233,3.0,0.32434232434232435,3083.1622176591372,0.8948196492045911,-6.2658353242818015,-2.8892255696055007,1533.3333333333333,-1.0,79.92844946743638,0.32503802487380834,
2023-08-12 10:35:48.830000,-6.0120481927710845,-1.313253012048193,-7.9397590361445785,-1.2924586143470262,-5.675659104843654,-7.686082158185162,3.0,0.32478632478632485,3078.947368421052,0.329934153021385,-6.739117767029893,-3.2251034322009207,1505.4945054945053,-1.0,79.92844946743638,0.32503402869541664,
2023-08-12 10:35:48.838000,-6.024096385542169,-1.349397590361446,-7.879518072289157,-1.2924586143470262,-5.7001839362354385,-7.607602697731453,3.0,0.32478632478632485,3078.947368421052,-0.49449332789464545,-7.777285705961191,-4.141133966552065,1478.3882783882782,-1.0,79.92844946743638,0.3250300147913479,
2023-08-12 10:35:48.845000,-6.048192771084338,-1.3253012048192772,-7.867469879518072,-1.3169834457388105,-5.754138565297363,-7.59534028203556,3.0,0.32478632478632485,3078.947368421052,-1.135714701940447,-8.220033797564245,-4.73655381388031,1453.4798534798533,-1.0,79.92844946743638,0.32502598693088464,
2023-08-12 10:35:48.853000,-6.072289156626506,-1.313253012048193,-7.843373493975904,-1.2949110974862048,-5.7075413856529735,-7.5732679337829545,3.0,0.32478632478632485,3078.947368421052,-1.7006001981236532,-9.151331507487908,-5.652584348231454,1432.9670329670328,-1.0,79.92844946743638,0.32502194890795794,
2023-08-12 10:35:48.861000,-6.072289156626506,-1.349397590361446,-7.819277108433735,-1.3194359288779889,-5.761496014714899,-7.5732679337829545,3.0,0.32478632478632485,3078.947368421052,-3.0288444729328132,-9.868888759396306,-6.21746984441466,1414.6520146520145,-1.0,79.92844946743638,0.32501790452794665,
2023-08-12 10:35:48.868000,-6.0361445783132535,-1.3253012048192772,-7.83132530120482,-1.3930104230533413,-5.687921520539546,-7.5070508890251375,3.0,0.32478632478632485,3078.947368421052,-3.0288444729328132,-9.868888759396306,-6.21746984441466,1397.069597069597,-1.0,79.92844946743638,0.32501385759445844,
2023-08-12 10:35:48.876000,-6.024096385542169,-1.313253012048193,-7.783132530120482,-1.2826486817903127,-5.7001839362354385,-7.5659104843654195,3.0,0.32478632478632485,3078.947368421052,-3.853271953848844,-9.77728570596119,-7.118233203193286,1382.4175824175823,-1.0,79.92844946743638,0.3250098118961548,
2023-08-12 10:35:48.884000,-6.0120481927710845,-1.3373493975903614,-7.795180722891566,-1.3120784794604536,-5.675659104843654,-7.509503372164316,3.0,0.32478632478632485,3078.947368421052,-5.028844472932813,-9.197133034205466,-7.667851523803973,1371.4285714285713,-1.0,79.92844946743638,0.3250057711936866,
2023-08-12 10:35:48.891000,-5.987951807228916,-1.3253012048192772,-7.783132530120482,-1.2581238503985284,-5.670754138565297,-7.5070508890251375,3.0,0.32478632478632485,3078.947368421052,-6.143348289726706,-8.250568148709283,-8.08006526426199,1361.904761904762,-1.0,79.92844946743638,0.32500173920680564,
2023-08-12 10:35:48.899000,-5.963855421686747,-1.313253012048193,-7.783132530120482,-1.314530962599632,-5.636419374616799,-7.489883507050888,3.0,0.32478632478632485,3078.947368421052,-7.303653633238157,-6.876522347182565,-8.370141600139851,1353.8461538461538,-1.0,79.92844946743638,0.32499771960171414,
2023-08-12 10:35:48.907000,-5.951807228915663,-1.3012048192771084,-7.746987951807229,-1.3047210300429184,-5.643776824034335,-7.4408338442673205,3.0,0.32478632478632485,3078.947368421052,-7.868539129421363,-5.578812423518443,-8.324340073422293,1345.7875457875457,-1.0,79.92844946743638,0.3249937159787192,
2023-08-12 10:35:48.914000,-5.927710843373494,-1.313253012048193,-7.710843373493976,-1.2286940527283874,-5.626609442060086,-7.367259350091968,3.0,0.32478632478632485,3078.947368421052,-8.967775770642737,-3.8383544082512673,-8.477011829147486,1340.6593406593406,-1.0,79.92844946743638,0.32498973186024516,
2023-08-12 10:35:48.922000,-5.963855421686747,-1.2771084337349399,-7.686746987951808,-1.3071735131820967,-5.687921520539546,-7.443286327406499,3.0,0.32478632478632485,3078.947368421052,-9.608997144688539,-2.494842957869588,-8.522813355865042,1337.7289377289376,-1.0,79.92844946743638,0.3249857706792718,
2023-08-12 10:35:48.930000,-6.0,-1.2650602409638554,-7.698795180722892,-1.2237890864500305,-5.6781115879828326,-7.391784181483752,3.0,0.32478632478632485,3078.947368421052,-10.112813938581668,-1.395606316648214,-8.431210302429928,1336.263736263736,-1.0,79.92844946743638,0.32498183576824563,
2023-08-12 10:35:48.937000,-6.048192771084338,-1.2409638554216869,-7.674698795180723,-1.2237890864500305,-5.776210913549969,-7.408951563458001,3.0,0.32478632478632485,3078.947368421052,-10.55556203018472,-0.4490414311520307,-8.354874424567333,1334.065934065934,-1.0,79.92844946743638,0.324977930348525,
2023-08-12 10:35:48.945000,-6.120481927710844,-1.2409638554216869,-7.686746987951808,-1.2237890864500305,-5.820355610055181,-7.399141630901287,3.0,0.32478632478632485,3078.947368421052,-10.92197424392518,-0.18949944641920632,-8.08006526426199,1331.8681318681317,-1.0,79.92844946743638,0.3249740575204045,
2023-08-12 10:35:48.953000,-6.168674698795181,-1.2530120481927711,-7.686746987951808,-1.2385039852851012,-5.89883507050889,-7.37952176578786,3.0,0.32478632478632485,3078.947368421052,-10.692966610337393,0.4975234543441524,-8.018996561971912,1332.6007326007325,-1.0,79.92844946743638,0.3249702202537682,
2023-08-12 10:35:48.960000,-6.216867469879518,-1.2409638554216869,-7.674698795180723,-1.231146535867566,-5.960147148988351,-7.391784181483752,3.0,0.32478632478632485,3078.947368421052,-10.952508595070217,0.4975234543441524,-8.06479808868947,1334.065934065934,-1.0,79.92844946743638,0.32496642137941323,
2023-08-12 10:35:48.968000,-6.240963855421687,-1.2289156626506024,-7.698795180722892,-1.2017167381974247,-5.94543225015328,-7.431023911710606,3.0,0.32478632478632485,3078.947368421052,-10.525027679039683,0.4517219276265952,-8.339607248994813,1335.5311355311355,-1.0,79.92844946743638,0.3249626635810849,
2023-08-12 10:35:48.976000,-6.253012048192772,-1.216867469879518,-7.686746987951808,-1.150214592274678,-5.974862047823421,-7.4408338442673205,3.0,0.32478632478632485,3078.947368421052,-10.204416992016782,-0.09789639298409182,-8.828156867315425,1336.9963369963368,-1.0,79.92844946743638,0.3249589493882594,
2023-08-12 10:35:48.983000,-6.253012048192772,-1.216867469879518,-7.698795180722892,-1.1943592887798895,-5.950337216431636,-7.443286327406499,3.0,0.32478632478632485,3078.947368421052,-10.463958976749607,-0.26583532428180173,-8.614416409300157,1336.263736263736,-1.0,79.92844946743638,0.32495528130845175,
2023-08-12 10:35:48.991000,-6.27710843373494,-1.1927710843373494,-7.734939759036145,-1.1600245248313916,-6.021459227467811,-7.396689147762109,3.0,0.32478632478632485,3078.947368421052,-10.08227958743663,-1.3498047899306567,-8.858691218460462,1332.6007326007325,-1.0,79.92844946743638,0.32495166180119894,
2023-08-12 10:35:48.999000,-6.253012048192772,-1.216867469879518,-7.674698795180723,-1.1526670754138564,-5.938074800735745,-7.396689147762109,3.0,0.32478632478632485,3078.947368421052,-9.853271953848843,-1.594079599090962,-8.73655381388031,1329.6703296703297,-1.0,79.92844946743638,0.3249480929865084,
2023-08-12 10:35:49.006000,-6.240963855421687,-1.1927710843373494,-7.686746987951808,-1.0938074800735744,-5.979767014101777,-7.389331698344574,3.0,0.32478632478632485,3078.947368421052,-9.715867373696172,-2.143697919701649,-8.507546180292524,1326.007326007326,-1.0,79.92844946743638,0.3249445766623734,
2023-08-12 10:35:49.014000,-6.204819277108434,-1.1686746987951808,-7.710843373493976,-1.1232372777437154,-5.974862047823421,-7.435928877988964,3.0,0.32478632478632485,3078.947368421052,-9.303653633238156,-2.2505681487092826,-8.522813355865042,1321.6117216117216,-1.0,79.92844946743638,0.3249411144505633,
2023-08-12 10:35:49.022000,-6.216867469879518,-1.180722891566265,-7.759036144578314,-1.2017167381974247,-5.881667688534641,-7.399141630901287,3.0,0.32478632478632485,3078.947368421052,-8.983042946215257,-2.830720820465008,-8.08006526426199,1319.4139194139193,-1.0,79.92844946743638,0.3249377077939853,
2023-08-12 10:35:49.029000,-6.216867469879518,-1.1686746987951808,-7.759036144578314,-1.1453096259963211,-5.94543225015328,-7.4849785407725316,3.0,0.32478632478632485,3078.947368421052,-9.013577297360294,-3.029194102907756,-7.820523279529165,1318.6813186813185,-1.0,79.92844946743638,0.324934357954922,
2023-08-12 10:35:49.037000,-6.240963855421687,-1.180722891566265,-7.759036144578314,-1.1673819742489269,-6.009196811771918,-7.47271612507664,3.0,0.32478632478632485,3078.947368421052,-8.876172717207622,-2.9681254006176796,-7.484645416933745,1318.6813186813185,-1.0,79.92844946743638,0.32493106601414573,
2023-08-12 10:35:49.045000,-6.265060240963856,-1.1686746987951808,-7.759036144578314,-1.1060698957694666,-5.962599632127529,-7.519313304721029,3.0,0.32478632478632485,3078.947368421052,-8.937241419497699,-2.6780490647398167,-7.316706485636034,1319.4139194139193,-1.0,79.92844946743638,0.324927832870908,
2023-08-12 10:35:49.052000,-6.265060240963856,-1.1204819277108435,-7.734939759036145,-1.108522378908645,-5.920907418761495,-7.42611894543225,3.0,0.32478632478632485,3078.947368421052,-9.349455159955713,-2.510110133442107,-7.6373171726589355,1317.216117216117,-1.0,79.92844946743638,0.32492465924379643,
2023-08-12 10:35:49.060000,-6.240963855421687,-1.108433734939759,-7.710843373493976,-1.0864500306560392,-5.906192519926425,-7.438381361128142,3.0,0.32478632478632485,3078.947368421052,-9.715867373696172,-2.907056698327603,-8.04953091311695,1315.018315018315,-1.0,79.92844946743638,0.32492154567244713,
2023-08-12 10:35:49.068000,-6.156626506024097,-1.072289156626506,-7.72289156626506,-1.0570202329858982,-5.8326180257510725,-7.428571428571428,3.0,0.32478632478632485,3078.947368421052,-9.838004778276325,-4.082629217411572,-8.614416409300157,1309.1575091575091,-1.0,79.92844946743638,0.32491849252009636,
2023-08-12 10:35:49.075000,-6.1084337349397595,-1.072289156626506,-7.734939759036145,-1.0521152667075413,-5.835070508890251,-7.450643776824034,3.0,0.32478632478632485,3078.947368421052,-9.853271953848843,-5.3650719655031756,-8.767088165025347,1303.2967032967033,-1.0,79.92844946743638,0.32491549997694696,
2023-08-12 10:35:49.083000,-6.1084337349397595,-1.0481927710843375,-7.771084337349398,-0.9858982219497241,-5.8522378908645,-7.4996934396076025,3.0,0.32478632478632485,3078.947368421052,-9.944875007283958,-6.113163568556611,-8.553347707010081,1299.6336996336995,-1.0,79.92844946743638,0.3249125680643282,
2023-08-12 10:35:49.091000,-6.120481927710844,-1.0240963855421688,-7.795180722891566,-1.0104230533415082,-5.786020846106683,-7.5070508890251375,3.0,0.32478632478632485,3078.947368421052,-9.91434065613892,-6.449041431152031,-8.003729386399394,1297.4358974358975,-1.0,79.92844946743638,0.3249096966396152,
2023-08-12 10:35:49.098000,-6.1325301204819285,-1.0240963855421688,-7.819277108433735,-0.9858982219497241,-5.8326180257510725,-7.585530349478847,3.0,0.32478632478632485,3078.947368421052,-10.40289027445953,-6.494842957869587,-7.88159198181924,1295.970695970696,-1.0,79.92844946743638,0.3249068854018734,
2023-08-12 10:35:49.106000,-6.060240963855422,-1.036144578313253,-7.819277108433735,-1.0251379521765787,-5.732066217044758,-7.538933169834457,3.0,0.32478632478632485,3078.947368421052,-10.525027679039683,-6.891789522755084,-8.370141600139851,1293.7728937728937,-1.0,79.92844946743638,0.32490413389819106,
2023-08-12 10:35:49.113000,-6.0361445783132535,-1.0,-7.855421686746988,-0.9417535254445125,-5.687921520539546,-7.634580012262416,3.0,0.32478632478632485,3078.947368421052,-10.90670706835266,-7.090262805197832,-8.156401142124585,1288.6446886446886,-1.0,79.92844946743638,0.32490144153065836,
2023-08-12 10:35:49.121000,-6.0843373493975905,-0.9759036144578314,-7.879518072289157,-0.9662783568362967,-5.786020846106683,-7.619865113427345,3.0,0.32478632478632485,3078.947368421052,-11.135714701940447,-6.968125400617679,-7.927393508536798,1284.2490842490843,-1.0,79.92844946743638,0.3248988075639434,
2023-08-12 10:35:49.129000,-6.144578313253012,-0.9277108433734941,-7.91566265060241,-0.8951563458001226,-5.886572654812998,-7.659104843654199,3.0,0.32434232434232435,3083.1622176591372,-11.59372996911602,-5.914690286113863,-7.89685915739176,1280.5860805860805,-1.0,79.92844946743638,0.32489623113342236,
2023-08-12 10:35:49.136000,-6.228915662650603,-0.8674698795180723,-7.91566265060241,-0.8338442673206621,-5.911097486204782,-7.62722256284488,3.0,0.32478632478632485,3078.947368421052,-12.463958976749607,-4.80018646931997,-8.110599615407027,1276.1904761904761,-1.0,79.92844946743638,0.3248937112432638,
2023-08-12 10:35:49.144000,-6.289156626506024,-0.8674698795180723,-7.903614457831326,-0.8093194359288779,-6.0705088902513795,-7.61250766400981,3.0,0.32478632478632485,3078.947368421052,-12.463958976749607,-4.80018646931997,-8.110599615407027,1271.062271062271,-1.0,79.92844946743638,0.3248912467437918,
2023-08-12 10:35:49.152000,-6.385542168674699,-0.8313253012048193,-7.879518072289157,-0.7995095033721643,-6.055793991416309,-7.619865113427345,3.0,0.32478632478632485,3078.947368421052,-13.563195617970981,-4.143697919701649,-8.614416409300157,1263.003663003663,-1.0,79.92844946743638,0.3248888365110242,
2023-08-12 10:35:49.159000,-6.46987951807229,-0.819277108433735,-7.843373493975904,-0.7798896382587369,-6.153893316983446,-7.58062538320049,3.0,0.32478632478632485,3078.947368421052,-13.807470427131285,-4.021560515121497,-9.454111065788707,1256.4102564102564,-1.0,79.92844946743638,0.3248864793075036,
2023-08-12 10:35:49.167000,-6.530120481927711,-0.7590361445783133,-7.807228915662651,-0.6646229307173512,-6.244635193133047,-7.548743102391171,3.0,0.32478632478632485,3078.947368421052,-14.647165083619836,-4.220033797564244,-10.553347707010081,1252.7472527472526,-1.0,79.92844946743638,0.32488417366437894,
2023-08-12 10:35:49.175000,-6.566265060240964,-0.7228915662650602,-7.783132530120482,-0.7063151440833844,-6.291232372777436,-7.502145922746781,3.0,0.32478632478632485,3078.947368421052,-15.486859740108386,-4.754384942602412,-11.744187401666569,1252.014652014652,-1.0,79.92844946743638,0.3248819180404255,
2023-08-12 10:35:49.182000,-6.614457831325302,-0.6987951807228916,-7.72289156626506,-0.627835683629675,-6.33292458614347,-7.453096259963212,3.0,0.32478632478632485,3078.947368421052,-16.43342462560457,-5.487209370083328,-12.8892255696055,1254.9450549450548,-1.0,79.92844946743638,0.3248797108319392,
2023-08-12 10:35:49.190000,-6.650602409638554,-0.674698795180723,-7.674698795180723,-0.6082158185162476,-6.249540159411404,-7.431023911710606,3.0,0.32478632478632485,3078.947368421052,-17.166249053085483,-7.090262805197832,-14.55334770701008,1257.8754578754579,-1.0,79.92844946743638,0.32487755038274674,
2023-08-12 10:35:49.198000,-6.602409638554217,-0.6385542168674699,-7.662650602409639,-0.5959534028203556,-6.340282035561005,-7.408951563458001,3.0,0.32478632478632485,3078.947368421052,-17.792203251558767,-9.212400209777984,-15.56098129479634,1263.7362637362637,-1.0,79.92844946743638,0.32487543499427585,
2023-08-12 10:35:49.205000,-6.493975903614458,-0.6265060240963856,-7.662650602409639,-0.5591661557326794,-6.276517473942366,-7.369711833231146,3.0,0.32478632478632485,3078.947368421052,-18.173882640871746,-11.349804789930657,-16.55334770701008,1268.8644688644688,-1.0,79.92844946743638,0.3248733629356303,
2023-08-12 10:35:49.213000,-6.421686746987952,-0.6144578313253012,-7.638554216867471,-0.5861434702636419,-6.0999386879215205,-7.354996934396076,3.0,0.32478632478632485,3078.947368421052,-18.677699434764875,-13.319270438785619,-16.782355340597867,1273.9926739926739,-1.0,79.92844946743638,0.3248713324536164,
2023-08-12 10:35:49.221000,-6.349397590361446,-0.6144578313253012,-7.614457831325302,-0.4880441446965052,-6.05334150827713,-7.352544451256898,3.0,0.32478632478632485,3078.947368421052,-19.334187984383195,-14.11316356855661,-16.53808053143756,1278.3882783882782,-1.0,79.92844946743638,0.3248693419214169,
2023-08-12 10:35:49.228000,-6.27710843373494,-0.5903614457831325,-7.578313253012048,-0.568976088289393,-5.994481912936848,-7.362354383813611,3.0,0.32478632478632485,3078.947368421052,-19.62426432026106,-14.830720820465007,-15.835790455101684,1280.5860805860805,-1.0,79.92844946743638,0.32486738982797864,
2023-08-12 10:35:49.236000,-6.228915662650603,-0.5783132530120483,-7.530120481927711,-0.5346413243408952,-5.916002452483139,-7.1661557326793375,3.0,0.32478632478632485,3078.947368421052,-20.173882640871742,-14.387972728861953,-15.072431676475729,1284.2490842490843,-1.0,79.92844946743638,0.3248654745008337,
2023-08-12 10:35:49.244000,-6.216867469879518,-0.6024096385542169,-7.457831325301205,-0.5935009196811771,-5.982219497240957,-7.1146535867565905,3.0,0.32478632478632485,3078.947368421052,-20.677699434764875,-13.181865858632946,-14.21746984441466,1284.9816849816848,-1.0,79.92844946743638,0.3248635941368889,
2023-08-12 10:35:49.251000,-6.216867469879518,-0.6024096385542169,-7.373493975903615,-0.5812385039852851,-6.001839362354383,-7.104843654199877,3.0,0.32478632478632485,3078.947368421052,-20.72350096148243,-11.319270438785619,-13.286172134490997,1287.9120879120878,-1.0,79.92844946743638,0.32486174696032927,
2023-08-12 10:35:49.259000,-6.265060240963856,-0.5903614457831325,-7.349397590361447,-0.598405885959534,-5.967504598405886,-7.021459227467811,3.0,0.32478632478632485,3078.947368421052,-20.952508595070217,-8.93759104947264,-13.423576714643668,1290.10989010989,-1.0,79.92844946743638,0.32485993123088197,
2023-08-12 10:35:49.267000,-6.325301204819278,-0.6144578313253012,-7.301204819277109,-0.5738810545677498,-6.031269160024524,-6.960147148988351,3.0,0.32478632478632485,3078.947368421052,-21.44105821339083,-7.1513315074879085,-13.866324806246721,1293.040293040293,-1.0,79.92844946743638,0.3248581452516961,
2023-08-12 10:35:49.274000,-6.349397590361446,-0.6265060240963856,-7.228915662650603,-0.5885959534028203,-6.023911710606989,-6.942979767014101,3.0,0.32478632478632485,3078.947368421052,-21.39525668667327,-5.670415476953557,-14.675485111590232,1294.5054945054944,-1.0,79.92844946743638,0.324856387376806,
2023-08-12 10:35:49.282000,-6.349397590361446,-0.674698795180723,-7.2048192771084345,-0.6229307173513182,-6.075413856529736,-6.928264868179031,3.0,0.32434232434232435,3083.1622176591372,-20.815104014917544,-4.632247538022259,-15.744187401666569,1295.2380952380952,-1.0,79.92844946743638,0.324854656018139,
2023-08-12 10:35:49.290000,-6.337349397590362,-0.6867469879518072,-7.2048192771084345,-0.7234825260576333,-6.045984058859595,-6.93071735131821,3.0,0.32434232434232435,3083.1622176591372,-20.692966610337393,-4.387972728861954,-16.843424042887943,1295.970695970696,-1.0,79.92844946743638,0.32485294964149997,
2023-08-12 10:35:49.297000,-6.301204819277109,-0.7228915662650602,-7.228915662650603,-0.6965052115266707,-5.94543225015328,-6.938074800735745,3.0,0.32434232434232435,3083.1622176591372,-19.975409358428998,-4.418507080006992,-18.20220266884214,1291.5750915750914,-1.0,79.92844946743638,0.3248512667303355,
2023-08-12 10:35:49.305000,-6.228915662650603,-0.819277108433735,-7.253012048192772,-0.7970570202329859,-5.933169834457388,-6.952789699570815,3.0,0.32478632478632485,3078.947368421052,-19.56319561797098,-4.342171202144397,-18.73655381388031,1284.9816849816848,-1.0,79.92844946743638,0.3248496056415402,
2023-08-12 10:35:49.313000,-6.144578313253012,-0.855421686746988,-7.265060240963856,-0.8583690987124463,-5.908645003065604,-6.940527283874923,3.0,0.32478632478632485,3078.947368421052,-18.55556203018472,-3.991026163976458,-18.996095798613133,1276.923076923077,-1.0,79.92844946743638,0.32484796477929817,
2023-08-12 10:35:49.320000,-6.0843373493975905,-0.9277108433734941,-7.289156626506024,-0.8313917841814837,-5.783568362967504,-7.001839362354383,3.0,0.32478632478632485,3078.947368421052,-17.59372996911602,-3.6704154769535573,-18.980828623040615,1271.062271062271,-1.0,79.92844946743638,0.324846342768178,
2023-08-12 10:35:49.328000,-6.060240963855422,-0.9879518072289157,-7.325301204819278,-0.9662783568362967,-5.754138565297363,-7.00674432863274,3.0,0.32478632478632485,3078.947368421052,-17.24258493094808,-3.242934560923023,-18.782355340597867,1266.6666666666665,-1.0,79.92844946743638,0.32484473831725014,
2023-08-12 10:35:49.336000,-6.048192771084338,-1.0481927710843375,-7.36144578313253,-1.0055180870631515,-5.7516860821581846,-7.060698957694665,3.0,0.32478632478632485,3078.947368421052,-16.57082920575724,-2.4185070800069925,-17.942660684109317,1263.003663003663,-1.0,79.92844946743638,0.3248431502224066,
2023-08-12 10:35:49.343000,-6.060240963855422,-1.108433734939759,-7.385542168674699,-1.1134273451870018,-5.8031882280809315,-7.060698957694665,3.0,0.32478632478632485,3078.947368421052,-15.807470427131285,-1.975758988403939,-17.759454577239087,1259.3406593406592,-1.0,79.92844946743638,0.324841577368131,
2023-08-12 10:35:49.351000,-6.0843373493975905,-1.1204819277108435,-7.409638554216868,-1.0374003678724708,-5.793378295524218,-7.126916002452483,3.0,0.32478632478632485,3078.947368421052,-15.425791037818309,-1.227667385350504,-17.499912592506263,1257.142857142857,-1.0,79.92844946743638,0.32484001872873247,
2023-08-12 10:35:49.359000,-6.144578313253012,-1.144578313253012,-7.433734939759036,-1.1453096259963211,-5.79092581238504,-7.1587982832618025,3.0,0.32478632478632485,3078.947368421052,-15.150981877512965,-1.3345376143581376,-17.622049997086418,1254.212454212454,-1.0,79.92844946743638,0.3248384733690506,
2023-08-12 10:35:49.366000,-6.19277108433735,-1.1686746987951808,-7.46987951807229,-1.1624770079705702,-5.906192519926425,-7.225015328019619,3.0,0.32434232434232435,3083.1622176591372,-14.876172717207622,-1.1513315074879085,-17.820523279529166,1252.014652014652,-1.0,79.92844946743638,0.3248369404446497,
2023-08-12 10:35:49.374000,-6.27710843373494,-1.1686746987951808,-7.481927710843374,-1.2164316370324952,-5.935622317596566,-7.190680564071122,3.0,0.32434232434232435,3083.1622176591372,-14.876172717207622,-0.9986597517627177,-18.415943126857407,1252.7472527472526,-1.0,79.92844946743638,0.324835419052218,
2023-08-12 10:35:49.382000,-6.313253012048193,-1.1927710843373494,-7.493975903614459,-1.1673819742489269,-6.063151440833844,-7.212752912323728,3.0,0.32434232434232435,3083.1622176591372,-15.425791037818309,-1.059728454052794,-19.499912592506263,1257.142857142857,-1.0,79.92844946743638,0.3248339082069133,
2023-08-12 10:35:49.389000,-6.337349397590362,-1.2048192771084338,-7.55421686746988,-1.1477621091354997,-6.03862660944206,-7.27161250766401,3.0,0.32478632478632485,3078.947368421052,-16.2196841675893,-1.013926927335237,-19.8510576306742,1263.7362637362637,-1.0,79.92844946743638,0.32483240697818666,
2023-08-12 10:35:49.397000,-6.337349397590362,-1.216867469879518,-7.530120481927711,-1.2385039852851012,-6.055793991416309,-7.303494788473329,3.0,0.32478632478632485,3078.947368421052,-16.479226152322127,-1.0291941029077558,-21.24037060777344,1275.4578754578754,-1.0,79.92844946743638,0.32483091463553776,
2023-08-12 10:35:49.405000,-6.349397590361446,-1.216867469879518,-7.602409638554217,-1.2115266707541386,-5.933169834457388,-7.377069282648681,3.0,0.32478632478632485,3078.947368421052,-16.998310121787775,-1.2582017364955422,-22.293805722277256,1292.3076923076922,-1.0,79.92844946743638,0.3248294306662726,
2023-08-12 10:35:49.412000,-6.337349397590362,-1.1927710843373494,-7.638554216867471,-1.1771919068056407,-6.03862660944206,-7.340282035561005,3.0,0.32434232434232435,3083.1622176591372,-17.639531495833577,-1.2887360876405802,-22.644950760445195,1316.4835164835165,-1.0,79.92844946743638,0.324827954633782,
2023-08-12 10:35:49.420000,-6.313253012048193,-1.2048192771084338,-7.662650602409639,-1.1330472103004292,-5.994481912936848,-7.423666462293071,3.0,0.32434232434232435,3083.1622176591372,-17.639531495833577,-1.2887360876405802,-22.644950760445195,1346.5201465201465,-1.0,79.92844946743638,0.3248264860249643,
2023-08-12 10:35:49.428000,-6.349397590361446,-1.2048192771084338,-7.686746987951808,-1.1894543225015328,-6.045984058859595,-7.381974248927039,3.0,0.32434232434232435,3083.1622176591372,-18.189149816444264,-0.9986597517627177,-23.118233203193284,1383.150183150183,-1.0,79.92844946743638,0.32482502422479115,
2023-08-12 10:35:49.435000,-6.349397590361446,-1.1686746987951808,-7.686746987951808,-1.1575720416922133,-6.03862660944206,-7.389331698344574,3.0,0.32434232434232435,3083.1622176591372,-19.120447526367926,-1.212400209777985,-23.36250801235359,1426.3736263736262,-1.0,79.92844946743638,0.32482356864957884,
2023-08-12 10:35:49.443000,-6.373493975903615,-1.1325301204819278,-7.662650602409639,-1.079092581238504,-6.124463519313305,-7.42611894543225,3.0,0.32434232434232435,3083.1622176591372,-19.792203251558767,-0.9528582250451605,-23.66785152380397,1475.4578754578754,-1.0,79.92844946743638,0.3248221188798768,
2023-08-12 10:35:49.451000,-6.421686746987952,-1.0843373493975905,-7.650602409638554,-1.0717351318209687,-6.1072961373390555,-7.359901900674433,3.0,0.32434232434232435,3083.1622176591372,-20.296020045451897,-0.8154536448924887,-23.912126332964277,1526.7399267399267,-1.0,79.92844946743638,0.3248206746338994,
2023-08-12 10:35:49.458000,-6.457831325301205,-1.036144578313253,-7.626506024096386,-1.032495401594114,-6.180870631514408,-7.328019619865113,3.0,0.32478632478632485,3078.947368421052,-21.196783404230523,-0.9528582250451605,-24.599149233727637,1578.021978021978,-1.0,79.92844946743638,0.324819235474316,
2023-08-12 10:35:49.466000,-6.518072289156627,-1.0,-7.626506024096386,-0.9711833231146535,-6.2323727774371545,-7.352544451256898,3.0,0.32478632478632485,3078.947368421052,-21.944875007283958,-0.845987996037527,-24.644950760445195,1625.6410256410256,-1.0,79.92844946743638,0.3248178009723344,
2023-08-12 10:35:49.474000,-6.542168674698796,-0.9518072289156627,-7.602409638554217,-0.9074187614960146,-6.269160024524831,-7.293684855916615,3.0,0.32478632478632485,3078.947368421052,-23.028844472932814,-1.2582017364955422,-24.873958394032982,1666.6666666666665,-1.0,79.92844946743638,0.3248163708716136,
2023-08-12 10:35:49.481000,-6.578313253012048,-0.9036144578313253,-7.566265060240965,-0.8362967504598405,-6.283874923359901,-7.33292458614347,3.0,0.32478632478632485,3078.947368421052,-23.2578521065206,-1.1665986830604276,-25.454111065788705,1697.4358974358972,-1.0,79.92844946743638,0.3248149449438349,
2023-08-12 10:35:49.489000,-6.578313253012048,-0.8674698795180723,-7.566265060240965,-0.7749846719803801,-6.276517473942366,-7.269160024524831,3.0,0.32478632478632485,3078.947368421052,-23.639531495833577,-1.609346774663481,-26.1716683176971,1718.6813186813185,-1.0,79.92844946743638,0.3248135229831599,
2023-08-12 10:35:49.496000,-6.566265060240964,-0.819277108433735,-7.493975903614459,-0.7381974248927038,-6.315757204169221,-7.237277743715511,3.0,0.32478632478632485,3078.947368421052,-24.28075286987938,-2.6475147135947785,-26.003729386399392,1731.8681318681317,-1.0,79.92844946743638,0.32481210480087663,
2023-08-12 10:35:49.504000,-6.542168674698796,-0.783132530120482,-7.506024096385542,-0.7381974248927038,-6.310852237890864,-7.198038013488657,3.0,0.32478632478632485,3078.947368421052,-24.128081114154188,-3.1818658586329467,-26.38540877571237,1736.263736263736,-1.0,79.92844946743638,0.3248106902202889,
2023-08-12 10:35:49.512000,-6.530120481927711,-0.7228915662650602,-7.457831325301205,-0.6989576946658491,-6.242182709993869,-7.153893316983446,3.0,0.32478632478632485,3078.947368421052,-24.311287221024415,-3.7314841792436337,-26.23273701998718,1729.6703296703295,-1.0,79.92844946743638,0.3248092790718958,
2023-08-12 10:35:49.519000,-6.493975903614458,-0.710843373493976,-7.457831325301205,-0.627835683629675,-6.225015328019619,-7.188228080931943,3.0,0.32478632478632485,3078.947368421052,-24.2196841675893,-4.235300973136764,-25.912126332964277,1717.9487179487178,758.331298828125,79.12109139200773,0.32480787118890514,
2023-08-12 10:35:49.527000,-6.481927710843374,-0.6626506024096386,-7.433734939759036,-0.5714285714285714,-6.178418148375229,-7.14653586756591,3.0,0.32478632478632485,3078.947368421052,-24.02121088514655,-4.143697919701649,-25.86632480624672,1700.3663003663003,-1.0,79.12109139200773,0.3248064664031296,
2023-08-12 10:35:49.535000,-6.445783132530121,-0.6265060240963856,-7.445783132530121,-0.5738810545677498,-6.180870631514408,-7.1072961373390555,3.0,0.32478632478632485,3078.947368421052,-23.822737602703803,-4.739117767029893,-25.316706485636033,1675.4578754578754,-1.0,79.12109139200773,0.32480506454129554,
2023-08-12 10:35:49.542000,-6.421686746987952,-0.5783132530120483,-7.445783132530121,-0.510116492949111,-6.151440833844267,-7.13182096873084,3.0,0.32478632478632485,3078.947368421052,-23.318920808810674,-4.754384942602412,-24.660217936017713,1647.6190476190475,-1.0,79.12109139200773,0.3248036654218079,
2023-08-12 10:35:49.550000,-6.433734939759036,-0.5301204819277109,-7.397590361445784,-0.5346413243408952,-6.1955855303494785,-7.097486204782342,3.0,0.32478632478632485,3078.947368421052,-22.509760503467163,-4.632247538022259,-23.71365305052153,1616.117216117216,-1.0,79.12109139200773,0.3248022688519978,
2023-08-12 10:35:49.558000,-6.433734939759036,-0.5060240963855422,-7.397590361445784,-0.43654199877375843,-6.180870631514408,-7.063151440833844,3.0,0.32478632478632485,3078.947368421052,-22.601363556902278,-3.8688887593963055,-23.286172134490997,1587.5457875457873,-1.0,79.12109139200773,0.3248008746258804,
2023-08-12 10:35:49.565000,-6.457831325301205,-0.5060240963855422,-7.349397590361447,-0.4193746167995095,-6.117106069895769,-7.090128755364806,3.0,0.32478632478632485,3078.947368421052,-21.822737602703803,-3.5788124235184426,-22.690752287162752,1559.7069597069597,-1.0,79.12109139200773,0.32479948252244656,
2023-08-12 10:35:49.573000,-6.46987951807229,-0.4819277108433735,-7.337349397590362,-0.34580012262415694,-6.198038013488657,-7.031269160024524,3.0,0.32478632478632485,3078.947368421052,-21.273119282093116,-2.8917895227550843,-22.324340073422295,1531.8681318681317,-1.0,79.12109139200773,0.3247980923045038,
2023-08-12 10:35:49.581000,-6.506024096385542,-0.43373493975903615,-7.313253012048193,-0.42673206621704474,-6.278969957081545,-7.036174126302881,3.0,0.32434232434232435,3083.1622176591372,-20.75403531262747,-2.326904026571878,-22.125866790979547,1505.4945054945053,-1.0,79.12109139200773,0.32479670371808145,
2023-08-12 10:35:49.588000,-6.493975903614458,-0.43373493975903615,-7.349397590361447,-0.3384426732066217,-6.198038013488657,-7.048436541998774,3.0,0.32434232434232435,3083.1622176591372,-20.55556203018472,-2.189499446419206,-22.04953091311695,1479.120879120879,-1.0,79.12109139200773,0.3247953163431136,
2023-08-12 10:35:49.596000,-6.493975903614458,-0.4096385542168675,-7.325301204819278,-0.34580012262415694,-6.185775597792765,-7.065603923973022,3.0,0.32434232434232435,3083.1622176591372,-19.532661266825944,-2.326904026571878,-22.04953091311695,1452.014652014652,-1.0,79.12109139200773,0.32479392971086346,
2023-08-12 10:35:49.604000,-6.506024096385542,-0.4096385542168675,-7.349397590361447,-0.35561005518087063,-6.1955855303494785,-7.050889025137952,3.0,0.32478632478632485,3078.947368421052,-19.166249053085483,-1.7162170036711146,-22.064798088689468,1426.3736263736262,-1.0,79.12109139200773,0.32479254342172875,
2023-08-12 10:35:49.611000,-6.493975903614458,-0.39759036144578314,-7.397590361445784,-0.3507050889025138,-6.247087676272225,-7.048436541998774,3.0,0.32478632478632485,3078.947368421052,-18.28075286987938,-1.96049181283142,-21.652584348231454,1404.3956043956043,-1.0,79.12109139200773,0.32479115714636053,
2023-08-12 10:35:49.619000,-6.481927710843374,-0.39759036144578314,-7.385542168674699,-0.3359901900674433,-6.237277743715512,-7.090128755364806,3.0,0.32478632478632485,3078.947368421052,-17.654798671406095,-1.762018530388672,-21.530446943651302,1383.8827838827838,-1.0,79.12109139200773,0.32478977051008806,
2023-08-12 10:35:49.627000,-6.457831325301205,-0.4096385542168675,-7.397590361445784,-0.2795830778663397,-6.171060698957694,-7.171060698957694,3.0,0.32478632478632485,3078.947368421052,-17.05937882407785,-2.0520948662665344,-20.812889691742903,1364.8351648351647,-1.0,79.12109139200773,0.32478838297771184,
2023-08-12 10:35:49.634000,-6.46987951807229,-0.4096385542168675,-7.433734939759036,-0.3973022685469037,-6.242182709993869,-7.117106069895769,3.0,0.32478632478632485,3078.947368421052,-16.90670706835266,-1.3498047899306567,-20.38540877571237,1345.054945054945,-1.0,79.12109139200773,0.3247869940050136,
2023-08-12 10:35:49.642000,-6.457831325301205,-0.3855421686746988,-7.445783132530121,-0.3973022685469037,-6.1931330472103,-7.161250766400981,3.0,0.32478632478632485,3078.947368421052,-16.005943709574034,-1.2429345609230231,-19.774721752811608,1328.2051282051282,-1.0,79.12109139200773,0.32478560304151155,
2023-08-12 10:35:49.650000,-6.481927710843374,-0.39759036144578314,-7.46987951807229,-0.3727774371551195,-6.178418148375229,-7.14653586756591,3.0,0.32434232434232435,3083.1622176591372,-15.822737602703805,-1.3345376143581376,-18.782355340597867,1315.018315018315,-1.0,79.12109139200773,0.32478420967248506,
2023-08-12 10:35:49.657000,-6.457831325301205,-0.45783132530120485,-7.445783132530121,-0.3629675045984059,-6.225015328019619,-7.168608215818516,3.0,0.32478632478632485,3078.947368421052,-15.822737602703805,-0.8001864693199696,-18.73655381388031,1304.7619047619046,-1.0,79.12109139200773,0.3247828133143266,
2023-08-12 10:35:49.665000,-6.481927710843374,-0.44578313253012053,-7.46987951807229,-0.45616186388718577,-6.1955855303494785,-7.14653586756591,3.0,0.32478632478632485,3078.947368421052,-15.76166890041373,-0.7696521181749315,-18.568614882582597,1296.7032967032967,-1.0,79.12109139200773,0.32478141335734456,
2023-08-12 10:35:49.673000,-6.493975903614458,-0.46987951807228917,-7.457831325301205,-0.4414469650521152,-6.1735131820968725,-7.1514408338442665,3.0,0.32478632478632485,3078.947368421052,-15.624264320261057,-0.2047666219917254,-18.248004195559698,1290.10989010989,-1.0,79.12109139200773,0.32478000945810737,
2023-08-12 10:35:49.680000,-6.530120481927711,-0.49397590361445787,-7.518072289156627,-0.43408951563458,-6.25444512568976,-7.217657878602084,3.0,0.32478632478632485,3078.947368421052,-15.776936075986248,-0.17423227084668724,-18.171668317697105,1285.7142857142856,-1.0,79.12109139200773,0.3247786012574158,
2023-08-12 10:35:49.688000,-6.518072289156627,-0.5301204819277109,-7.506024096385542,-0.46842427958307786,-6.2323727774371545,-7.212752912323728,3.0,0.32434232434232435,3083.1622176591372,-15.624264320261057,-0.3574383777169162,-17.942660684109317,1284.2490842490843,-1.0,79.12109139200773,0.32477718838650554,
2023-08-12 10:35:49.696000,-6.493975903614458,-0.5301204819277109,-7.506024096385542,-0.43899448191293683,-6.251992642550582,-7.198038013488657,3.0,0.32478632478632485,3078.947368421052,-15.624264320261057,-0.3574383777169162,-17.942660684109317,1285.7142857142856,-1.0,79.12109139200773,0.3247757703240977,
2023-08-12 10:35:49.703000,-6.493975903614458,-0.5301204819277109,-7.481927710843374,-0.5052115266707541,-6.212752912323728,-7.190680564071122,3.0,0.32478632478632485,3078.947368421052,-15.273119282093118,-0.15896509527416816,-18.156401142124583,1291.5750915750914,-1.0,79.12109139200773,0.32477434653027,
2023-08-12 10:35:49.711000,-6.506024096385542,-0.5421686746987953,-7.493975903614459,-0.5076640098099325,-6.23973022685469,-7.148988350705088,3.0,0.32434232434232435,3083.1622176591372,-15.120447526367927,-0.3879727288619544,-18.278538546704738,1297.4358974358975,-1.0,79.12109139200773,0.32477291661191615,
2023-08-12 10:35:49.719000,-6.493975903614458,-0.5662650602409639,-7.481927710843374,-0.5444512568976088,-6.1955855303494785,-7.205395462906192,3.0,0.32478632478632485,3078.947368421052,-14.876172717207622,-0.9070566983276033,-17.912126332964277,1302.5641025641025,-1.0,79.12109139200773,0.3247714800410671,
2023-08-12 10:35:49.726000,-6.46987951807229,-0.5783132530120483,-7.530120481927711,-0.6425505824647455,-6.1735131820968725,-7.247087676272225,3.0,0.32478632478632485,3078.947368421052,-14.815104014917546,-1.044461278480275,-18.171668317697105,1306.9597069597069,-1.0,79.12109139200773,0.32477003614991995,
2023-08-12 10:35:49.734000,-6.445783132530121,-0.5903614457831325,-7.530120481927711,-0.5616186388718577,-6.117106069895769,-7.188228080931943,3.0,0.32478632478632485,3078.947368421052,-14.677699434764873,-1.2582017364955422,-17.988462210826874,1312.087912087912,-1.0,79.12109139200773,0.32476858445522355,
2023-08-12 10:35:49.742000,-6.409638554216868,-0.6144578313253012,-7.530120481927711,-0.615573267933783,-6.072961373390558,-7.27161250766401,3.0,0.32434232434232435,3083.1622176591372,-14.097546763009149,-1.1818658586329467,-17.72892022609405,1315.018315018315,-1.0,79.12109139200773,0.32476712465319674,
2023-08-12 10:35:49.749000,-6.397590361445784,-0.6144578313253012,-7.566265060240965,-0.568976088289393,-6.112201103617412,-7.2029429797670135,3.0,0.32434232434232435,3083.1622176591372,-14.25021851873434,-1.777285705961191,-17.637317172658936,1317.216117216117,-1.0,79.12109139200773,0.32476565646583067,
2023-08-12 10:35:49.757000,-6.337349397590362,-0.6385542168674699,-7.55421686746988,-0.6131207847946045,-6.109748620478234,-7.242182709993869,3.0,0.32434232434232435,3083.1622176591372,-13.639531495833577,-1.1971330342054658,-17.102966027620766,1319.4139194139193,-1.0,79.12109139200773,0.3247641794658803,
2023-08-12 10:35:49.765000,-6.373493975903615,-0.6506024096385542,-7.542168674698796,-0.6033108522378908,-6.102391171060699,-7.266707541385653,3.0,0.32434232434232435,3083.1622176591372,-13.74640172484121,-0.9375910494726414,-16.980828623040615,1320.8791208791208,-1.0,79.12109139200773,0.3247626930921264,
2023-08-12 10:35:49.772000,-6.373493975903615,-0.6506024096385542,-7.518072289156627,-0.6180257510729613,-6.124463519313305,-7.20784794604537,3.0,0.32434232434232435,3083.1622176591372,-13.59372996911602,-0.9375910494726414,-16.568614882582597,1321.6117216117216,-1.0,79.12109139200773,0.32476119680219556,
2023-08-12 10:35:49.780000,-6.385542168674699,-0.6265060240963856,-7.506024096385542,-0.5419987737584304,-6.036174126302881,-7.242182709993869,3.0,0.32478632478632485,3078.947368421052,-13.24258493094808,-0.8001864693199696,-16.370141600139853,1323.8095238095236,-1.0,79.12109139200773,0.3247596899369072,
2023-08-12 10:35:49.788000,-6.409638554216868,-0.6265060240963856,-7.518072289156627,-0.627835683629675,-6.126916002452483,-7.217657878602084,3.0,0.32434232434232435,3083.1622176591372,-13.150981877512965,-0.9375910494726414,-16.415943126857407,1328.2051282051282,-1.0,79.12109139200773,0.32475817189259604,
2023-08-12 10:35:49.795000,-6.397590361445784,-0.6265060240963856,-7.518072289156627,-0.6425505824647455,-6.109748620478234,-7.234825260576333,3.0,0.32434232434232435,3083.1622176591372,-13.334187984383195,-0.8917895227550842,-16.446477478002446,1334.065934065934,-1.0,79.12109139200773,0.32475664214387157,
2023-08-12 10:35:49.803000,-6.409638554216868,-0.6265060240963856,-7.530120481927711,-0.5861434702636419,-6.156345800122624,-7.212752912323728,3.0,0.32434232434232435,3083.1622176591372,-13.166249053085485,-0.7543849426024124,-16.477011829147486,1339.194139194139,-1.0,79.12109139200773,0.32475510022403203,
2023-08-12 10:35:49.811000,-6.421686746987952,-0.6385542168674699,-7.518072289156627,-0.615573267933783,-6.1440833844267315,-7.249540159411404,3.0,0.32434232434232435,3083.1622176591372,-13.196783404230523,-0.8307208204650078,-16.461744653574964,1342.1245421245421,-1.0,79.12109139200773,0.324753545843935,
2023-08-12 10:35:49.818000,-6.397590361445784,-0.6265060240963856,-7.530120481927711,-0.5861434702636419,-6.1367259350091965,-7.291232372777436,3.0,0.32434232434232435,3083.1622176591372,-13.24258493094808,-1.3040032632130993,-16.614416409300155,1340.6593406593406,-1.0,79.12109139200773,0.32475197874419787,
2023-08-12 10:35:49.826000,-6.397590361445784,-0.6385542168674699,-7.566265060240965,-0.6180257510729613,-6.168608215818516,-7.264255058246474,3.0,0.32434232434232435,3083.1622176591372,-13.395256686673271,-1.6551483013810384,-16.461744653574964,1336.263736263736,-1.0,79.12109139200773,0.32475039869618627,
2023-08-12 10:35:49.834000,-6.421686746987952,-0.6626506024096386,-7.602409638554217,-0.6033108522378908,-6.13182096873084,-7.266707541385653,3.0,0.32434232434232435,3083.1622176591372,-13.028844472932812,-2.1284307441291297,-16.293805722277256,1332.6007326007325,-1.0,79.12109139200773,0.32474880550248414,
2023-08-12 10:35:49.841000,-6.373493975903615,-0.6385542168674699,-7.578313253012048,-0.5787860208461066,-6.148988350705088,-7.276517473942366,3.0,0.32478632478632485,3078.947368421052,-13.059378824077852,-2.0673620418390537,-16.110599615407025,1331.135531135531,-1.0,79.12109139200773,0.32474719899685073,
2023-08-12 10:35:49.849000,-6.397590361445784,-0.6626506024096386,-7.602409638554217,-0.6302881667688535,-6.102391171060699,-7.323114653586757,3.0,0.32478632478632485,3078.947368421052,-12.860905541635104,-2.1742322708466872,-15.988462210826874,1331.135531135531,-1.0,79.12109139200773,0.32474557919295655,
2023-08-12 10:35:49.856000,-6.373493975903615,-0.6506024096385542,-7.602409638554217,-0.6523605150214592,-6.124463519313305,-7.28632740649908,3.0,0.32478632478632485,3078.947368421052,-12.860905541635104,-2.143697919701649,-15.54571411922382,1329.6703296703297,-1.0,79.12109139200773,0.3247439463051967,
2023-08-12 10:35:49.864000,-6.385542168674699,-0.6506024096385542,-7.602409638554217,-0.5812385039852851,-6.104843654199877,-7.244635193133047,3.0,0.32478632478632485,3078.947368421052,-12.708233785909913,-1.7467513548161528,-15.438843890216187,1326.7399267399267,-1.0,79.12109139200773,0.3247423006100705,
2023-08-12 10:35:49.872000,-6.421686746987952,-0.6506024096385542,-7.566265060240965,-0.6302881667688535,-6.1293684855916615,-7.293684855916615,3.0,0.32434232434232435,3083.1622176591372,-12.860905541635104,-1.1055299807703514,-15.209836256628401,1323.076923076923,-1.0,79.12109139200773,0.3247406424460176,
2023-08-12 10:35:49.879000,-6.433734939759036,-0.6506024096385542,-7.578313253012048,-0.6082158185162476,-6.148988350705088,-7.323114653586757,3.0,0.32434232434232435,3083.1622176591372,-13.257852106520598,-0.7849192937474506,-15.087698852048248,1318.6813186813185,-1.0,79.12109139200773,0.32473897206367536,
2023-08-12 10:35:49.887000,-6.493975903614458,-0.6265060240963856,-7.602409638554217,-0.5469037400367872,-6.185775597792765,-7.288779889638258,3.0,0.32478632478632485,3078.947368421052,-12.92197424392518,-0.32690402657187806,-14.858691218460462,1310.6227106227104,-1.0,79.12109139200773,0.32473728946453245,
2023-08-12 10:35:49.895000,-6.506024096385542,-0.6265060240963856,-7.55421686746988,-0.6204782342121398,-6.249540159411404,-7.28632740649908,3.0,0.32434232434232435,3083.1622176591372,-13.196783404230523,-0.5711788357321834,-14.828156867315423,1301.8315018315018,-1.0,79.12109139200773,0.32473559470668656,
2023-08-12 10:35:49.902000,-6.542168674698796,-0.6385542168674699,-7.55421686746988,-0.6204782342121398,-6.229920294297976,-7.200490496627835,3.0,0.32434232434232435,3083.1622176591372,-13.181516228658003,-0.6017131868772215,-14.980828623040615,1293.7728937728937,-1.0,79.12109139200773,0.32473388806107406,
2023-08-12 10:35:49.910000,-6.542168674698796,-0.6265060240963856,-7.55421686746988,-0.5665236051502146,-6.281422440220723,-7.220110361741263,3.0,0.32434232434232435,3083.1622176591372,-13.425791037818309,-0.8001864693199696,-15.05716450090321,1286.4468864468863,-1.0,79.12109139200773,0.3247321698275547,
2023-08-12 10:35:49.918000,-6.566265060240964,-0.6385542168674699,-7.518072289156627,-0.640098099325567,-6.23973022685469,-7.305947271612507,3.0,0.32478632478632485,3078.947368421052,-13.425791037818309,-1.6246139502360002,-14.904492745178018,1281.3186813186812,-1.0,79.12109139200773,0.32473044032107495,
2023-08-12 10:35:49.925000,-6.542168674698796,-0.6626506024096386,-7.530120481927711,-0.6180257510729613,-6.256897608828939,-7.242182709993869,3.0,0.32478632478632485,3078.947368421052,-13.59372996911602,-2.326904026571878,-14.461744653574966,1277.6556776556777,-1.0,79.12109139200773,0.32472870001731946,
2023-08-12 10:35:49.933000,-6.542168674698796,-0.6506024096385542,-7.493975903614459,-0.6229307173513182,-6.23973022685469,-7.1661557326793375,3.0,0.32478632478632485,3078.947368421052,-13.120447526367927,-2.7696521181749314,-14.767088165025347,1277.6556776556777,-1.0,79.12109139200773,0.32472694957061665,
2023-08-12 10:35:49.941000,-6.493975903614458,-0.6626506024096386,-7.530120481927711,-0.6842427958307786,-6.234825260576333,-7.276517473942366,3.0,0.32478632478632485,3078.947368421052,-13.059378824077852,-2.739117767029893,-14.339607248994813,1278.3882783882782,-1.0,79.12109139200773,0.3247251896726123,
2023-08-12 10:35:49.948000,-6.481927710843374,-0.6867469879518072,-7.55421686746988,-0.6180257510729613,-6.185775597792765,-7.25444512568976,3.0,0.32478632478632485,3078.947368421052,-12.90670706835266,-2.6475147135947785,-14.04953091311695,1280.5860805860805,-1.0,79.12109139200773,0.32472342104961566,
2023-08-12 10:35:49.956000,-6.433734939759036,-0.6626506024096386,-7.506024096385542,-0.6327406499080318,-6.134273451870018,-7.298589822194972,3.0,0.32434232434232435,3083.1622176591372,-12.692966610337393,-2.6017131868772214,-13.438843890216187,1281.3186813186812,-1.0,79.12109139200773,0.32472164432114703,
2023-08-12 10:35:49.964000,-6.421686746987952,-0.6626506024096386,-7.518072289156627,-0.6302881667688535,-6.090128755364806,-7.215205395462906,3.0,0.32434232434232435,3083.1622176591372,-12.601363556902278,-2.143697919701649,-13.087698852048248,1281.3186813186812,-1.0,79.12109139200773,0.32471986000704517,
2023-08-12 10:35:49.971000,-6.409638554216868,-0.6626506024096386,-7.518072289156627,-0.5591661557326794,-6.141630901287553,-7.1955855303494785,3.0,0.32478632478632485,3078.947368421052,-12.601363556902278,-2.143697919701649,-13.087698852048248,1279.8534798534797,-1.0,79.12109139200773,0.3247180686304826,
2023-08-12 10:35:49.979000,-6.421686746987952,-0.6506024096385542,-7.481927710843374,-0.5861434702636419,-6.124463519313305,-7.229920294297976,3.0,0.32478632478632485,3078.947368421052,-12.43342462560457,-1.6551483013810384,-12.828156867315423,1276.923076923077,-1.0,79.12109139200773,0.3247162708525304,
2023-08-12 10:35:49.987000,-6.457831325301205,-0.6385542168674699,-7.506024096385542,-0.5493562231759657,-6.1955855303494785,-7.237277743715511,3.0,0.32434232434232435,3083.1622176591372,-12.158615465299226,-1.9146902861138628,-11.805256103956646,1273.9926739926739,-1.0,79.12109139200773,0.3247144674897205,
2023-08-12 10:35:49.994000,-6.457831325301205,-0.6265060240963856,-7.481927710843374,-0.5542611894543225,-6.215205395462906,-7.225015328019619,3.0,0.32434232434232435,3083.1622176591372,-11.838004778276325,-1.3803391410756949,-11.54571411922382,1271.062271062271,-1.0,79.12109139200773,0.32471265922327647,
2023-08-12 10:35:50.002000,-6.493975903614458,-0.6024096385542169,-7.481927710843374,-0.6082158185162476,-6.27161250766401,-7.242182709993869,3.0,0.32434232434232435,3083.1622176591372,-11.456325388963347,-1.2887360876405802,-11.316706485636034,1271.062271062271,-1.0,79.12109139200773,0.3247108465746308,
2023-08-12 10:35:50.010000,-6.493975903614458,-0.6265060240963856,-7.493975903614459,-0.598405885959534,-6.249540159411404,-7.1955855303494785,3.0,0.32434232434232435,3083.1622176591372,-11.2578521065206,-1.3650719655031758,-11.637317172658936,1271.062271062271,-1.0,79.12109139200773,0.32470903004002066,
2023-08-12 10:35:50.017000,-6.481927710843374,-0.5903614457831325,-7.481927710843374,-0.522378908645003,-6.212752912323728,-7.156345800122624,3.0,0.32434232434232435,3083.1622176591372,-11.013577297360294,-1.762018530388672,-11.423576714643668,1273.260073260073,-1.0,79.12109139200773,0.3247072099475669,
2023-08-12 10:35:50.025000,-6.481927710843374,-0.5783132530120483,-7.481927710843374,-0.4659717964438994,-6.156345800122624,-7.190680564071122,3.0,0.32434232434232435,3083.1622176591372,-10.540294854612203,-2.326904026571878,-11.40830953907115,1276.923076923077,-1.0,79.12109139200773,0.3247053866122423,
2023-08-12 10:35:50.033000,-6.46987951807229,-0.5783132530120483,-7.481927710843374,-0.5493562231759657,-6.185775597792765,-7.168608215818516,3.0,0.32434232434232435,3083.1622176591372,-10.540294854612203,-1.8383544082512673,-11.71365305052153,1282.051282051282,-1.0,79.12109139200773,0.32470356032061554,
2023-08-12 10:35:50.040000,-6.457831325301205,-0.5783132530120483,-7.493975903614459,-0.5150214592274678,-6.161250766400981,-7.217657878602084,3.0,0.32478632478632485,3078.947368421052,-10.051745236291591,-2.0673620418390537,-11.698385874949011,1288.6446886446886,-1.0,79.12109139200773,0.32470173133683833,
2023-08-12 10:35:50.048000,-6.445783132530121,-0.5662650602409639,-7.46987951807229,-0.4757817290006131,-6.151440833844267,-7.217657878602084,3.0,0.32389832389832396,3087.388622344071,-10.051745236291591,-1.96049181283142,-10.965561447468096,1293.040293040293,-1.0,79.12109139200773,0.32469990017580547,
2023-08-12 10:35:50.056000,-6.433734939759036,-0.5421686746987953,-7.445783132530121,-0.5370938074800735,-6.153893316983446,-7.185775597792765,3.0,0.32434232434232435,3083.1622176591372,-10.036478060719073,-2.0368276906940155,-10.782355340597867,1294.5054945054944,-1.0,79.12109139200773,0.3246980671737332,
2023-08-12 10:35:50.063000,-6.46987951807229,-0.5421686746987953,-7.457831325301205,-0.5199264255058246,-6.244635193133047,-7.148988350705088,3.0,0.32434232434232435,3083.1622176591372,-9.838004778276325,-2.1742322708466872,-10.309072897849775,1296.7032967032967,-1.0,79.12109139200773,0.32469623245338125,
2023-08-12 10:35:50.071000,-6.493975903614458,-0.5421686746987953,-7.445783132530121,-0.4463519313304721,-6.198038013488657,-7.205395462906192,3.0,0.32434232434232435,3083.1622176591372,-9.41052386224579,-2.021560515121496,-10.339607248994813,1301.098901098901,-1.0,79.12109139200773,0.32469439621885204,
2023-08-12 10:35:50.079000,-6.506024096385542,-0.5421686746987953,-7.46987951807229,-0.45861434702636417,-6.210300429184549,-7.183323114653587,3.0,0.32434232434232435,3083.1622176591372,-9.288386457665638,-1.3650719655031758,-9.774721752811606,1306.227106227106,-1.0,79.12109139200773,0.32469255861396845,
2023-08-12 10:35:50.086000,-6.506024096385542,-0.5301204819277109,-7.46987951807229,-0.510116492949111,-6.185775597792765,-7.178418148375229,3.0,0.32434232434232435,3083.1622176591372,-9.349455159955713,-1.1665986830604276,-9.789988928384126,1311.3553113553112,-1.0,79.12109139200773,0.32469071971963176,
2023-08-12 10:35:50.094000,-6.518072289156627,-0.5301204819277109,-7.46987951807229,-0.47332924586143466,-6.217657878602084,-7.161250766400981,3.0,0.32478632478632485,3078.947368421052,-9.044111648505332,-1.2429345609230231,-9.377775187926112,1317.216117216117,-1.0,79.12109139200773,0.32468887941268304,
2023-08-12 10:35:50.102000,-6.506024096385542,-0.5180722891566265,-7.457831325301205,-0.4193746167995095,-6.225015328019619,-7.198038013488657,3.0,0.32434232434232435,3083.1622176591372,-8.708233785909913,-0.9223238739001223,-9.469378241361225,1320.14652014652,-1.0,79.12109139200773,0.3246870375334622,
2023-08-12 10:35:50.109000,-6.46987951807229,-0.5301204819277109,-7.457831325301205,-0.42673206621704474,-6.227467811158798,-7.139178418148375,3.0,0.32434232434232435,3083.1622176591372,-8.647165083619836,-0.9681254006176796,-8.797622516170385,1322.3443223443223,-1.0,79.12109139200773,0.32468519404331375,
2023-08-12 10:35:50.117000,-6.46987951807229,-0.5421686746987953,-7.46987951807229,-0.48068669527896996,-6.259350091968117,-7.188228080931943,3.0,0.32478632478632485,3078.947368421052,-8.40289027445953,-1.1818658586329467,-8.660217936017714,1325.2747252747251,-1.0,79.12109139200773,0.32468334870391136,
2023-08-12 10:35:50.125000,-6.46987951807229,-0.5180722891566265,-7.481927710843374,-0.48068669527896996,-6.212752912323728,-7.198038013488657,3.0,0.32434232434232435,3083.1622176591372,-8.326554396596935,-0.845987996037527,-8.324340073422293,1332.6007326007325,-1.0,79.12109139200773,0.3246815013745411,
2023-08-12 10:35:50.132000,-6.46987951807229,-0.5060240963855422,-7.481927710843374,-0.5370938074800735,-6.23973022685469,-7.190680564071122,3.0,0.32434232434232435,3083.1622176591372,-7.853271953848844,-0.876522347182565,-7.820523279529165,1344.3223443223442,-1.0,79.12109139200773,0.32467965201203747,
2023-08-12 10:35:50.140000,-6.46987951807229,-0.5060240963855422,-7.506024096385542,-0.5199264255058246,-6.126916002452483,-7.163703249540159,3.0,0.32478632478632485,3078.947368421052,-7.853271953848844,-0.4032399044344735,-7.515179768078783,1362.6373626373625,-1.0,79.12109139200773,0.3246778003628317,
2023-08-12 10:35:50.148000,-6.481927710843374,-0.5301204819277109,-7.493975903614459,-0.5199264255058246,-6.227467811158798,-7.168608215818516,3.0,0.32478632478632485,3078.947368421052,-7.42579103781831,-0.37270555328943533,-7.240370607773439,1387.5457875457876,-1.0,79.12109139200773,0.32467594611305656,
2023-08-12 10:35:50.155000,-6.46987951807229,-0.5301204819277109,-7.493975903614459,-0.5052115266707541,-6.1661557326793375,-7.227467811158798,3.0,0.32434232434232435,3083.1622176591372,-7.593729969116019,-0.5101101334421071,-6.828156867315424,1416.8498168498168,-1.0,79.12109139200773,0.3246740890707016,
2023-08-12 10:35:50.163000,-6.457831325301205,-0.5421686746987953,-7.506024096385542,-0.47087676272225626,-6.161250766400981,-7.168608215818516,3.0,0.32434232434232435,3083.1622176591372,-7.166249053085485,-0.4490414311520307,-6.950294271895577,1452.014652014652,-1.0,79.12109139200773,0.3246722290083583,
2023-08-12 10:35:50.171000,-6.433734939759036,-0.5421686746987953,-7.481927710843374,-0.49294911097486205,-6.190680564071122,-7.171060698957694,3.0,0.32434232434232435,3083.1622176591372,-6.937241419497699,-0.5711788357321834,-6.492279004720004,1492.3076923076922,-1.0,79.12109139200773,0.3246703654959382,
2023-08-12 10:35:50.178000,-6.445783132530121,-0.5421686746987953,-7.457831325301205,-0.5321888412017167,-6.198038013488657,-7.163703249540159,3.0,0.32478632478632485,3078.947368421052,-6.616630732474798,-1.2887360876405802,-6.278538546704737,1534.7985347985348,-1.0,79.12109139200773,0.3246684980421242,
2023-08-12 10:35:50.186000,-6.421686746987952,-0.5421686746987953,-7.433734939759036,-0.5027590435315757,-6.161250766400981,-7.1587982832618025,3.0,0.32478632478632485,3078.947368421052,-6.387623098887012,-1.2734689120680613,-6.293805722277256,1575.8241758241757,-1.0,79.12109139200773,0.32466662624666126,
2023-08-12 10:35:50.194000,-6.433734939759036,-0.5421686746987953,-7.481927710843374,-0.5076640098099325,-6.151440833844267,-7.1293684855916615,3.0,0.32434232434232435,3083.1622176591372,-6.112813938581668,-1.3650719655031758,-6.5228133558650425,1613.186813186813,-1.0,79.12109139200773,0.32466474982550686,
2023-08-12 10:35:50.201000,-6.421686746987952,-0.5301204819277109,-7.506024096385542,-0.5346413243408952,-6.087676272225628,-7.200490496627835,3.0,0.32389832389832396,3087.388622344071,-6.173882640871745,-1.0902628051978323,-6.339607248994813,1645.4212454212452,-1.0,79.12109139200773,0.32466286832801144,
2023-08-12 10:35:50.209000,-6.409638554216868,-0.5421686746987953,-7.493975903614459,-0.4512568976088289,-6.151440833844267,-7.134273451870018,3.0,0.32434232434232435,3083.1622176591372,-6.158615465299225,-0.7696521181749315,-5.912126332964279,1672.5274725274724,-1.0,79.12109139200773,0.3246609809713989,
2023-08-12 10:35:50.217000,-6.385542168674699,-0.5180722891566265,-7.506024096385542,-0.46106683016554256,-6.05334150827713,-7.188228080931943,3.0,0.32434232434232435,3083.1622176591372,-5.5784627935435,-0.9070566983276033,-6.095332439834508,1693.7728937728937,-1.0,79.12109139200773,0.32465908691129375,
2023-08-12 10:35:50.224000,-6.373493975903615,-0.5421686746987953,-7.506024096385542,-0.463519313304721,-6.1367259350091965,-7.227467811158798,3.0,0.32434232434232435,3083.1622176591372,-5.2120505798030425,-0.7543849426024124,-5.835790455101684,1707.6923076923076,-1.0,79.12109139200773,0.3246571854051993,
2023-08-12 10:35:50.232000,-6.36144578313253,-0.5421686746987953,-7.506024096385542,-0.5444512568976088,-6.097486204782342,-7.281422440220723,3.0,0.32478632478632485,3078.947368421052,-5.2120505798030425,-0.876522347182565,-5.667851523803973,1713.5531135531135,-1.0,79.12109139200773,0.3246552756782586,
2023-08-12 10:35:50.239000,-6.349397590361446,-0.5542168674698795,-7.518072289156627,-0.48313917841814835,-6.104843654199877,-7.234825260576333,3.0,0.32478632478632485,3078.947368421052,-5.013577297360294,-0.5253773090146262,-5.469378241361226,1711.3553113553112,-1.0,79.12109139200773,0.32465335707719384,
2023-08-12 10:35:50.247000,-6.36144578313253,-0.5662650602409639,-7.506024096385542,-0.6033108522378908,-6.092581238503985,-7.256897608828939,3.0,0.32434232434232435,3083.1622176591372,-5.013577297360294,-0.5253773090146262,-5.469378241361226,1706.227106227106,-1.0,79.12109139200773,0.32465142909693734,
2023-08-12 10:35:50.255000,-6.385542168674699,-0.5662650602409639,-7.542168674698796,-0.5346413243408952,-6.14653586756591,-7.256897608828939,3.0,0.32478632478632485,3078.947368421052,-4.830371190490065,-0.09789639298409182,-5.240370607773439,1698.168498168498,-1.0,79.12109139200773,0.3246494910991159,
2023-08-12 10:35:50.262000,-6.385542168674699,-0.5542168674698795,-7.55421686746988,-0.5174739423666462,-6.092581238503985,-7.25444512568976,3.0,0.32478632478632485,3078.947368421052,-4.58609638132976,0.05477536274109902,-4.690752287162752,1687.179487179487,-1.0,79.12109139200773,0.3246475424462375,
2023-08-12 10:35:50.270000,-6.421686746987952,-0.5542168674698795,-7.530120481927711,-0.5616186388718577,-6.13182096873084,-7.25444512568976,3.0,0.32478632478632485,3078.947368421052,-4.402890274459531,0.48225627877163335,-4.644950760445195,1671.0622710622708,-1.0,79.12109139200773,0.32464558266760596,
2023-08-12 10:35:50.278000,-6.409638554216868,-0.5662650602409639,-7.506024096385542,-0.4880441446965052,-6.117106069895769,-7.28632740649908,3.0,0.32478632478632485,3078.947368421052,-4.830371190490065,-0.05209486626653457,-4.919759920750539,1651.2820512820513,-1.0,79.12109139200773,0.32464361132753183,
2023-08-12 10:35:50.285000,-6.421686746987952,-0.5783132530120483,-7.518072289156627,-0.5346413243408952,-6.134273451870018,-7.1955855303494785,3.0,0.32478632478632485,3078.947368421052,-4.463958976749607,-0.2047666219917254,-4.965561447468096,1626.3736263736262,758.331298828125,79.12109139200773,0.3246416280324325,
2023-08-12 10:35:50.293000,-6.433734939759036,-0.5662650602409639,-7.55421686746988,-0.5812385039852851,-6.102391171060699,-7.251992642550582,3.0,0.32478632478632485,3078.947368421052,-4.296020045451897,-0.6169803624497406,-5.011362974185653,1597.8021978021977,-1.0,79.12109139200773,0.3246396324380304,
2023-08-12 10:35:50.301000,-6.445783132530121,-0.5662650602409639,-7.542168674698796,-0.5616186388718577,-6.124463519313305,-7.274064990803188,3.0,0.32478632478632485,3078.947368421052,-4.357088747741973,-0.7085834158848552,-5.179301905483363,1567.032967032967,-1.0,79.12109139200773,0.3246376242566105,
2023-08-12 10:35:50.308000,-6.397590361445784,-0.5542168674698795,-7.55421686746988,-0.49785407725321884,-6.141630901287553,-7.247087676272225,3.0,0.32478632478632485,3078.947368421052,-4.616630732474798,-0.9833925761901987,-5.179301905483363,1536.263736263736,-1.0,79.12109139200773,0.32463560326429436,
2023-08-12 10:35:50.316000,-6.409638554216868,-0.5421686746987953,-7.518072289156627,-0.4659717964438994,-6.095033721643164,-7.225015328019619,3.0,0.32434232434232435,3083.1622176591372,-4.265485694306859,-0.8917895227550842,-5.22510343220092,1506.9597069597069,-1.0,79.12109139200773,0.32463356930828674,
2023-08-12 10:35:50.324000,-6.385542168674699,-0.5421686746987953,-7.518072289156627,-0.4414469650521152,-6.13182096873084,-7.269160024524831,3.0,0.32434232434232435,3083.1622176591372,-4.341821572169454,-1.3345376143581376,-4.873958394032981,1476.923076923077,-1.0,79.12109139200773,0.32463152216475744,
2023-08-12 10:35:50.331000,-6.36144578313253,-0.5301204819277109,-7.518072289156627,-0.4512568976088289,-6.124463519313305,-7.225015328019619,3.0,0.32434232434232435,3083.1622176591372,-4.3265543965969355,-1.227667385350504,-4.919759920750539,1448.3516483516482,-1.0,79.12109139200773,0.324629461524027,
2023-08-12 10:35:50.339000,-6.373493975903615,-0.5301204819277109,-7.530120481927711,-0.48313917841814835,-6.072961373390558,-7.20784794604537,3.0,0.32478632478632485,3078.947368421052,-4.036478060719073,-0.9375910494726414,-4.614416409300157,1422.7106227106226,-1.0,79.12109139200773,0.3246273871345275,
2023-08-12 10:35:50.347000,-6.397590361445784,-0.5421686746987953,-7.530120481927711,-0.41692213366033104,-6.097486204782342,-7.237277743715511,3.0,0.32478632478632485,3078.947368421052,-4.5555620301847215,-0.6017131868772215,-4.354874424567332,1400.0,-1.0,79.12109139200773,0.32462529895691966,
2023-08-12 10:35:50.354000,-6.409638554216868,-0.5421686746987953,-7.542168674698796,-0.47332924586143466,-6.104843654199877,-7.25444512568976,3.0,0.32434232434232435,3083.1622176591372,-4.234951343161821,-0.2047666219917254,-3.9426606841093172,1380.952380952381,-1.0,79.12109139200773,0.32462319719036453,
2023-08-12 10:35:50.362000,-6.433734939759036,-0.5421686746987953,-7.566265060240965,-0.5248313917841815,-6.139178418148375,-7.210300429184549,3.0,0.32434232434232435,3083.1622176591372,-3.9143406561389202,0.08530971388613719,-3.6983858749490124,1366.3003663003662,-1.0,79.12109139200773,0.3246210821288547,
2023-08-12 10:35:50.370000,-6.457831325301205,-0.5542168674698795,-7.55421686746988,-0.539546290619252,-6.148988350705088,-7.28632740649908,3.0,0.32434232434232435,3083.1622176591372,-3.670065846978615,0.008973836023541765,-3.637317172658936,1353.8461538461538,-1.0,79.12109139200773,0.3246189539855276,
2023-08-12 10:35:50.377000,-6.457831325301205,-0.5662650602409639,-7.542168674698796,-0.5076640098099325,-6.200490496627835,-7.25444512568976,3.0,0.32478632478632485,3078.947368421052,-3.2273177553755614,0.3601188741914807,-3.2251034322009207,1342.8571428571427,-1.0,79.12109139200773,0.32461681290709343,
2023-08-12 10:35:50.385000,-6.493975903614458,-0.5662650602409639,-7.518072289156627,-0.5640711220110362,-6.183323114653587,-7.229920294297976,3.0,0.32478632478632485,3078.947368421052,-3.364722335528233,0.22271429403880894,-3.1640347299108442,1330.4029304029302,-1.0,79.12109139200773,0.3246146592749545,
2023-08-12 10:35:50.393000,-6.506024096385542,-0.5421686746987953,-7.518072289156627,-0.5591661557326794,-6.185775597792765,-7.210300429184549,3.0,0.32434232434232435,3083.1622176591372,-3.2731192820931185,0.29905017190140437,-2.9960957986131347,1317.216117216117,-1.0,79.12109139200773,0.3246124937290286,
2023-08-12 10:35:50.400000,-6.493975903614458,-0.5662650602409639,-7.506024096385542,-0.5616186388718577,-6.234825260576333,-7.264255058246474,3.0,0.32434232434232435,3083.1622176591372,-2.6624322591923555,-0.2963696754268399,-3.0113629741856536,1305.4945054945053,-1.0,79.12109139200773,0.3246103168827364,
2023-08-12 10:35:50.408000,-6.506024096385542,-0.5662650602409639,-7.506024096385542,-0.48313917841814835,-6.242182709993869,-7.178418148375229,3.0,0.32434232434232435,3083.1622176591372,-2.8609055416351032,-0.021560515121496402,-2.8281568673154247,1295.970695970696,-1.0,79.12109139200773,0.32460812930372107,
2023-08-12 10:35:50.416000,-6.493975903614458,-0.5301204819277109,-7.518072289156627,-0.4904966278356836,-6.266707541385653,-7.305947271612507,3.0,0.32478632478632485,3078.947368421052,-2.1738826408717444,-0.41850708000699255,-2.858691218460463,1289.3772893772893,-1.0,79.12109139200773,0.3246059316530518,
2023-08-12 10:35:50.423000,-6.506024096385542,-0.5542168674698795,-7.518072289156627,-0.463519313304721,-6.23973022685469,-7.1955855303494785,3.0,0.32434232434232435,3083.1622176591372,-2.479226152322126,-1.0291941029077558,-2.4312103024299283,1287.179487179487,-1.0,79.12109139200773,0.32460372483431416,
2023-08-12 10:35:50.431000,-6.481927710843374,-0.5301204819277109,-7.542168674698796,-0.47332924586143466,-6.180870631514408,-7.23973022685469,3.0,0.32434232434232435,3083.1622176591372,-1.8532719538488438,-0.7849192937474506,-2.339607248994814,1289.3772893772893,-1.0,79.12109139200773,0.3246015098653256,
2023-08-12 10:35:50.439000,-6.46987951807229,-0.5542168674698795,-7.530120481927711,-0.49785407725321884,-6.210300429184549,-7.259350091968117,3.0,0.32478632478632485,3078.947368421052,-1.8074704271312867,-0.5864460113047025,-2.171668317697104,1293.7728937728937,-1.0,79.12109139200773,0.32459928771766206,
2023-08-12 10:35:50.446000,-6.46987951807229,-0.5421686746987953,-7.530120481927711,-0.5248313917841815,-6.1955855303494785,-7.276517473942366,3.0,0.32434232434232435,3083.1622176591372,-1.4868597401083858,-0.47957578229706893,-1.9273935085367986,1297.4358974358975,-1.0,79.12109139200773,0.3245970596026853,
2023-08-12 10:35:50.454000,-6.421686746987952,-0.5301204819277109,-7.493975903614459,-0.4438994481912937,-6.102391171060699,-7.1955855303494785,3.0,0.32478632478632485,3078.947368421052,-1.4715925645358667,-0.5406444845871452,-1.3625080123535926,1301.8315018315018,-1.0,79.12109139200773,0.32459482684144,
2023-08-12 10:35:50.462000,-6.409638554216868,-0.5301204819277109,-7.481927710843374,-0.463519313304721,-6.163703249540159,-7.237277743715511,3.0,0.32434232434232435,3083.1622176591372,-1.2578521065205996,-0.6322475380222597,-1.2556377833459589,1303.2967032967033,-1.0,79.12109139200773,0.3245925908516623,
2023-08-12 10:35:50.469000,-6.409638554216868,-0.5301204819277109,-7.457831325301205,-0.4659717964438994,-6.139178418148375,-7.1514408338442665,3.0,0.32434232434232435,3083.1622176591372,-1.2120505798030423,-0.26583532428180173,-1.2251034322009209,1304.7619047619046,-1.0,79.12109139200773,0.32459035315530027,
2023-08-12 10:35:50.477000,-6.373493975903615,-0.5421686746987953,-7.445783132530121,-0.4438994481912937,-6.102391171060699,-7.1955855303494785,3.0,0.32434232434232435,3083.1622176591372,-0.9219742439251798,-0.14369791970164908,-0.7670881650253483,1306.9597069597069,-1.0,79.12109139200773,0.3245881152151223,
2023-08-12 10:35:50.485000,-6.385542168674699,-0.5662650602409639,-7.46987951807229,-0.5370938074800735,-6.1367259350091965,-7.163703249540159,3.0,0.32434232434232435,3083.1622176591372,-0.8609055416351035,-0.2963696754268399,-0.5075461802925239,1310.6227106227104,-1.0,79.12109139200773,0.3245858785685739,
2023-08-12 10:35:50.492000,-6.349397590361446,-0.5783132530120483,-7.445783132530121,-0.4757817290006131,-6.0705088902513795,-7.20784794604537,3.0,0.32434232434232435,3083.1622176591372,-0.8761727172076226,-0.08262921741157274,-0.3243400734222949,1312.8205128205127,-1.0,79.12109139200773,0.3245836448222754,
2023-08-12 10:35:50.500000,-6.36144578313253,-0.6144578313253012,-7.493975903614459,-0.6351931330472103,-6.048436541998774,-7.210300429184549,3.0,0.32434232434232435,3083.1622176591372,-0.769302488199989,0.024241011596060846,-0.23273701998718038,1315.7509157509157,-1.0,79.12109139200773,0.3245814156459338,
2023-08-12 10:35:50.508000,-6.349397590361446,-0.6265060240963856,-7.506024096385542,-0.6302881667688535,-6.050889025137952,-7.215205395462906,3.0,0.32389832389832396,3087.388622344071,-1.0746459996503706,0.4059204009090379,-0.17166831769710406,1315.018315018315,-1.0,79.12109139200773,0.32457919276569713,
2023-08-12 10:35:50.515000,-6.325301204819278,-0.6385542168674699,-7.506024096385542,-0.6327406499080318,-6.060698957694665,-7.281422440220723,3.0,0.32434232434232435,3083.1622176591372,-1.0288444729328134,0.5738593322067479,-0.2938057222772567,1315.7509157509157,-1.0,79.12109139200773,0.32457697780769085,
2023-08-12 10:35:50.523000,-6.313253012048193,-0.6626506024096386,-7.530120481927711,-0.6106683016554261,-5.989576946658492,-7.222562844880441,3.0,0.32434232434232435,3083.1622176591372,-1.0288444729328134,0.5738593322067479,-0.2938057222772567,1317.216117216117,-1.0,79.12109139200773,0.3245747724177754,
2023-08-12 10:35:50.531000,-6.313253012048193,-0.6867469879518072,-7.506024096385542,-0.6768853464132434,-6.048436541998774,-7.247087676272225,3.0,0.32434232434232435,3083.1622176591372,-0.769302488199989,1.0471417749548395,-0.37014160013985214,1318.6813186813185,-1.0,79.12109139200773,0.32457257841237547,
2023-08-12 10:35:50.538000,-6.301204819277109,-0.710843373493976,-7.518072289156627,-0.6768853464132434,-6.075413856529736,-7.25444512568976,3.0,0.32434232434232435,3083.1622176591372,-0.7082337859099126,0.8944700192296486,-0.6449507604451956,1317.216117216117,-1.0,79.12109139200773,0.3245703976310285,
2023-08-12 10:35:50.546000,-6.301204819277109,-0.6987951807228916,-7.481927710843374,-0.6817903126916002,-5.972409564684242,-7.229920294297976,3.0,0.32434232434232435,3083.1622176591372,-0.5708292057572409,1.0929433016723966,-0.35487442456733304,1315.018315018315,-1.0,79.12109139200773,0.3245682319273315,
2023-08-12 10:35:50.554000,-6.301204819277109,-0.6867469879518072,-7.493975903614459,-0.6302881667688535,-6.028816676885346,-7.212752912323728,3.0,0.32434232434232435,3083.1622176591372,-0.6624322591923554,0.7265310879319387,-0.5533477070100812,1312.8205128205127,-1.0,79.12109139200773,0.3245660831595832,
2023-08-12 10:35:50.561000,-6.325301204819278,-0.6987951807228916,-7.506024096385542,-0.6597179644389944,-6.087676272225628,-7.205395462906192,3.0,0.32434232434232435,3083.1622176591372,-0.784569663772508,0.955538721519725,-0.7670881650253483,1309.1575091575091,-1.0,79.12109139200773,0.32456395318117903,
2023-08-12 10:35:50.569000,-6.349397590361446,-0.6867469879518072,-7.530120481927711,-0.657265481299816,-6.0705088902513795,-7.281422440220723,3.0,0.32434232434232435,3083.1622176591372,-0.40289027445953096,0.9402715459472059,-1.1335003787658062,1306.227106227106,-1.0,79.12109139200773,0.32456184383080994,
2023-08-12 10:35:50.577000,-6.349397590361446,-0.6987951807228916,-7.542168674698796,-0.6891477621091354,-6.019006744328633,-7.222562844880441,3.0,0.32434232434232435,3083.1622176591372,-0.2960200454518974,0.772332614649496,-1.24037060777344,1305.4945054945053,-1.0,79.12109139200773,0.3245597569225249,
2023-08-12 10:35:50.584000,-6.373493975903615,-0.6867469879518072,-7.566265060240965,-0.657265481299816,-6.045984058859595,-7.274064990803188,3.0,0.32434232434232435,3083.1622176591372,0.024590641571003356,0.772332614649496,-1.2556377833459589,1304.7619047619046,-1.0,79.12109139200773,0.3245576942357122,
2023-08-12 10:35:50.592000,-6.385542168674699,-0.6867469879518072,-7.530120481927711,-0.645003065603924,-6.0410790925812385,-7.247087676272225,3.0,0.32434232434232435,3083.1622176591372,-0.25021851873434015,0.970805897092244,-1.4693782413612262,1303.2967032967033,-1.0,79.12109139200773,0.3245556575050615,
2023-08-12 10:35:50.600000,-6.385542168674699,-0.674698795180723,-7.530120481927711,-0.5910484365419988,-6.1293684855916615,-7.2323727774371545,3.0,0.32434232434232435,3083.1622176591372,0.03985781714352244,1.154012003962473,-1.3472408367810735,1302.5641025641025,-1.0,79.12109139200773,0.32455364841056566,
2023-08-12 10:35:50.607000,-6.397590361445784,-0.6385542168674699,-7.542168674698796,-0.5910484365419988,-6.1440833844267315,-7.281422440220723,3.0,0.32434232434232435,3083.1622176591372,-0.12808111415418746,1.0776761260998775,-1.454111065788707,1300.3663003663003,-1.0,79.12109139200773,0.3245516685676208,
2023-08-12 10:35:50.615000,-6.421686746987952,-0.6506024096385542,-7.578313253012048,-0.5567136725935009,-6.139178418148375,-7.303494788473329,3.0,0.32434232434232435,3083.1622176591372,-0.23495134316182106,1.352485286405221,-1.0418973253306918,1297.4358974358975,-1.0,79.12109139200773,0.32454971951729,
2023-08-12 10:35:50.622000,-6.445783132530121,-0.674698795180723,-7.55421686746988,-0.6989576946658491,-6.178418148375229,-7.227467811158798,3.0,0.32434232434232435,3083.1622176591372,-0.40289027445953096,1.5814929199930075,-0.889225569605501,1292.3076923076922,-1.0,79.12109139200773,0.3245478027167825,
2023-08-12 10:35:50.630000,-6.457831325301205,-0.674698795180723,-7.566265060240965,-0.6474555487431024,-6.217657878602084,-7.264255058246474,3.0,0.32434232434232435,3083.1622176591372,-0.4792261523221264,1.5662257444204883,-1.057164500903211,1285.7142857142856,-1.0,79.12109139200773,0.32454591953021694,
2023-08-12 10:35:50.638000,-6.46987951807229,-0.674698795180723,-7.602409638554217,-0.6057633353770693,-6.168608215818516,-7.27161250766401,3.0,0.32434232434232435,3083.1622176591372,-0.21968416758930198,1.2608822329701066,-0.90449274517802,1279.8534798534797,-1.0,79.12109139200773,0.32454407121971895,
2023-08-12 10:35:50.645000,-6.46987951807229,-0.6626506024096386,-7.614457831325302,-0.6229307173513182,-6.185775597792765,-7.320662170447577,3.0,0.32434232434232435,3083.1622176591372,-0.18914981644426382,1.688363149000641,-0.6449507604451956,1274.7252747252746,-1.0,79.12109139200773,0.32454225893691424,
2023-08-12 10:35:50.653000,-6.481927710843374,-0.6626506024096386,-7.638554216867471,-0.5591661557326794,-6.225015328019619,-7.391784181483752,3.0,0.32434232434232435,3083.1622176591372,-0.34182157216945463,1.1082104772449157,-0.5686148825826002,1271.7948717948716,-1.0,79.12109139200773,0.3245404837148701,
2023-08-12 10:35:50.661000,-6.481927710843374,-0.6626506024096386,-7.614457831325302,-0.5738810545677498,-6.185775597792765,-7.399141630901287,3.0,0.32434232434232435,3083.1622176591372,-0.17388264087174474,0.8486684925120913,-0.3243400734222949,1271.062271062271,-1.0,79.12109139200773,0.3245387464605391,
2023-08-12 10:35:50.668000,-6.457831325301205,-0.674698795180723,-7.626506024096386,-0.5959534028203556,-6.198038013488657,-7.401594114040465,3.0,0.32434232434232435,3083.1622176591372,0.03985781714352244,0.4059204009090379,0.10314084260823944,1271.062271062271,-1.0,79.12109139200773,0.3245370480865016,
2023-08-12 10:35:50.676000,-6.445783132530121,-0.6867469879518072,-7.626506024096386,-0.5665236051502146,-6.1440833844267315,-7.340282035561005,3.0,0.32434232434232435,3083.1622176591372,0.10092651943359877,-0.32690402657187806,0.6222248120738882,1271.062271062271,-1.0,79.12109139200773,0.3245353893454315,
2023-08-12 10:35:50.684000,-6.433734939759036,-0.6867469879518072,-7.614457831325302,-0.6229307173513182,-6.102391171060699,-7.325567136725935,3.0,0.32434232434232435,3083.1622176591372,0.31466697744886596,-0.4490414311520307,0.46955305634869743,1270.3296703296703,-1.0,79.12109139200773,0.32453377069671735,
2023-08-12 10:35:50.691000,-6.409638554216868,-0.6626506024096386,-7.590361445783133,-0.5248313917841815,-6.122011036174126,-7.274064990803188,3.0,0.32434232434232435,3083.1622176591372,0.4215372064564995,-0.494842957869588,0.5306217586387738,1268.131868131868,-1.0,79.12109139200773,0.32453219245047804,
2023-08-12 10:35:50.699000,-6.373493975903615,-0.6385542168674699,-7.542168674698796,-0.6008583690987124,-6.1072961373390555,-7.27161250766401,3.0,0.32434232434232435,3083.1622176591372,0.009323465998484274,-0.8612551716100459,0.5306217586387738,1266.6666666666665,-1.0,79.12109139200773,0.32453065476300536,
2023-08-12 10:35:50.707000,-6.337349397590362,-0.6265060240963856,-7.542168674698796,-0.5787860208461066,-6.060698957694665,-7.247087676272225,3.0,0.32434232434232435,3083.1622176591372,0.19252957286871328,-0.7238505914573743,0.33214847619602567,1264.4688644688645,-1.0,79.12109139200773,0.3245291576329614,
2023-08-12 10:35:50.714000,-6.313253012048193,-0.6144578313253012,-7.566265060240965,-0.5419987737584304,-6.075413856529736,-7.296137339055794,3.0,0.32434232434232435,3083.1622176591372,-0.12808111415418746,-0.7543849426024124,-0.17166831769710406,1263.7362637362637,-1.0,79.12109139200773,0.324527700898363,
2023-08-12 10:35:50.722000,-6.289156626506024,-0.6265060240963856,-7.542168674698796,-0.5346413243408952,-5.960147148988351,-7.259350091968117,3.0,0.32434232434232435,3083.1622176591372,0.08565934386107969,-0.5101101334421071,0.16420954489831577,1265.9340659340658,-1.0,79.12109139200773,0.3245262842343811,
2023-08-12 10:35:50.730000,-6.301204819277109,-0.6385542168674699,-7.55421686746988,-0.539546290619252,-6.011649294911098,-7.301042305334151,3.0,0.32434232434232435,3083.1622176591372,-0.5555620301847218,-0.311636850999359,-0.35487442456733304,1268.8644688644688,-1.0,79.12109139200773,0.32452490715197413,
2023-08-12 10:35:50.737000,-6.301204819277109,-0.6385542168674699,-7.566265060240965,-0.5738810545677498,-6.03862660944206,-7.234825260576333,3.0,0.32434232434232435,3083.1622176591372,-0.41815745003205007,0.2685158207563662,-0.24800419555969946,1271.7948717948716,-1.0,79.12109139200773,0.32452356899737445,
2023-08-12 10:35:50.745000,-6.301204819277109,-0.6626506024096386,-7.602409638554217,-0.598405885959534,-5.977314530962599,-7.315757204169221,3.0,0.32434232434232435,3083.1622176591372,0.07039216828856061,0.46698910319911424,-0.35487442456733304,1273.9926739926739,-1.0,79.12109139200773,0.3245222689524422,
2023-08-12 10:35:50.753000,-6.27710843373494,-0.6506024096385542,-7.590361445783133,-0.598405885959534,-5.987124463519313,-7.293684855916615,3.0,0.32434232434232435,3083.1622176591372,-0.2044169920167829,0.4517219276265952,-0.35487442456733304,1273.260073260073,-1.0,79.12109139200773,0.3245210060358894,
2023-08-12 10:35:50.760000,-6.27710843373494,-0.6506024096385542,-7.602409638554217,-0.645003065603924,-5.938074800735745,-7.350091968117718,3.0,0.32434232434232435,3083.1622176591372,0.08565934386107969,0.3601188741914807,-0.11059961540702773,1271.062271062271,-1.0,79.12109139200773,0.32451977910538155,
2023-08-12 10:35:50.768000,-6.27710843373494,-0.674698795180723,-7.55421686746988,-0.6180257510729613,-5.947884733292458,-7.283874923359901,3.0,0.32434232434232435,3083.1622176591372,-0.06701241186411114,0.5280578054891906,-0.35487442456733304,1268.8644688644688,-1.0,79.12109139200773,0.3245185868605106,
2023-08-12 10:35:50.776000,-6.301204819277109,-0.674698795180723,-7.566265060240965,-0.6548129981606376,-5.972409564684242,-7.229920294297976,3.0,0.32434232434232435,3083.1622176591372,0.07039216828856061,0.13111124060369442,0.01153778917312494,1267.3992673992673,-1.0,79.12109139200773,0.324517427846634,
2023-08-12 10:35:50.783000,-6.337349397590362,-0.6867469879518072,-7.566265060240965,-0.6499080318822807,-6.080318822808093,-7.291232372777436,3.0,0.32434232434232435,3083.1622176591372,0.10092651943359877,0.421187576481557,-0.24800419555969946,1265.9340659340658,-1.0,79.12109139200773,0.32451630045956464,
2023-08-12 10:35:50.791000,-6.36144578313253,-0.674698795180723,-7.542168674698796,-0.6866952789699571,-6.043531575720417,-7.259350091968117,3.0,0.32434232434232435,3083.1622176591372,0.20779674844123236,0.37538604976399975,-0.2174698444146613,1264.4688644688645,-1.0,79.12109139200773,0.32451520295109537,
2023-08-12 10:35:50.799000,-6.385542168674699,-0.674698795180723,-7.566265060240965,-0.6474555487431024,-6.0778663396689145,-7.188228080931943,3.0,0.32434232434232435,3083.1622176591372,0.20779674844123236,0.37538604976399975,-0.2174698444146613,1260.8058608058607,-1.0,79.12109139200773,0.32451413343533647,
2023-08-12 10:35:50.806000,-6.433734939759036,-0.6867469879518072,-7.566265060240965,-0.6180257510729613,-6.124463519313305,-7.25444512568976,3.0,0.32434232434232435,3083.1622176591372,0.2841326263038278,0.7265310879319387,-0.4006759512848903,1257.8754578754579,-1.0,79.12109139200773,0.32451308989583416,
2023-08-12 10:35:50.814000,-6.409638554216868,-0.6626506024096386,-7.590361445783133,-0.6106683016554261,-6.124463519313305,-7.296137339055794,3.0,0.32389832389832396,3087.388622344071,0.03985781714352244,1.0624089505273586,-0.9502942718955774,1255.6776556776556,-1.0,79.12109139200773,0.32451207019344375,
2023-08-12 10:35:50.822000,-6.421686746987952,-0.6867469879518072,-7.55421686746988,-0.6376456161863887,-6.1293684855916615,-7.256897608828939,3.0,0.32434232434232435,3083.1622176591372,-0.18914981644426382,0.6196608589243051,-1.0113629741856536,1254.9450549450548,-1.0,79.12109139200773,0.3245110720643703,
2023-08-12 10:35:50.829000,-6.373493975903615,-0.674698795180723,-7.530120481927711,-0.6008583690987124,-6.063151440833844,-7.303494788473329,3.0,0.32434232434232435,3083.1622176591372,0.11619369500611786,0.48225627877163335,-1.1487675543383253,1254.9450549450548,-1.0,79.12109139200773,0.32451009323646857,
2023-08-12 10:35:50.837000,-6.373493975903615,-0.6506024096385542,-7.542168674698796,-0.5665236051502146,-6.082771305947271,-7.247087676272225,3.0,0.32434232434232435,3083.1622176591372,0.07039216828856061,0.2685158207563662,-1.3319736612085544,1261.5384615384614,-1.0,79.12109139200773,0.3245091314500743,
2023-08-12 10:35:50.845000,-6.36144578313253,-0.6265060240963856,-7.55421686746988,-0.6033108522378908,-6.087676272225628,-7.2323727774371545,3.0,0.32434232434232435,3083.1622176591372,0.13146087057863695,0.10057688945865627,-1.057164500903211,1273.9926739926739,-1.0,79.12109139200773,0.3245081841918937,
2023-08-12 10:35:50.852000,-6.373493975903615,-0.6265060240963856,-7.55421686746988,-0.5640711220110362,-6.072961373390558,-7.293684855916615,3.0,0.32434232434232435,3083.1622176591372,0.513140259891614,-0.1131635685566109,-0.721286638307791,1290.8424908424909,-1.0,79.12109139200773,0.32450724872710557,
2023-08-12 10:35:50.860000,-6.385542168674699,-0.6024096385542169,-7.530120481927711,-0.510116492949111,-6.109748620478234,-7.266707541385653,3.0,0.32434232434232435,3083.1622176591372,0.6200104888992476,0.20744711846628985,-0.37014160013985214,1312.8205128205127,-1.0,79.12109139200773,0.3245063222593677,
2023-08-12 10:35:50.868000,-6.385542168674699,-0.5783132530120483,-7.55421686746988,-0.5591661557326794,-6.109748620478234,-7.2323727774371545,3.0,0.32434232434232435,3083.1622176591372,0.29939980187634685,0.28378299632888526,-0.18693549326962314,1339.9267399267399,-1.0,79.12109139200773,0.324505401941961,
2023-08-12 10:35:50.875000,-6.385542168674699,-0.5662650602409639,-7.566265060240965,-0.539546290619252,-6.104843654199877,-7.269160024524831,3.0,0.32434232434232435,3083.1622176591372,0.4826059087465759,0.6196608589243051,0.17947672047083485,1372.8937728937728,-1.0,79.12109139200773,0.3245044848893126,
2023-08-12 10:35:50.883000,-6.397590361445784,-0.5542168674698795,-7.542168674698796,-0.5199264255058246,-6.097486204782342,-7.296137339055794,3.0,0.32434232434232435,3083.1622176591372,0.4368043820290186,1.0776761260998775,0.28634694947846845,1409.5238095238094,-1.0,79.12109139200773,0.32450356818884696,
2023-08-12 10:35:50.891000,-6.397590361445784,-0.5903614457831325,-7.518072289156627,-0.6229307173513182,-6.1735131820968725,-7.301042305334151,3.0,0.32434232434232435,3083.1622176591372,0.5589417866091713,0.6196608589243051,0.210011071615873,1452.014652014652,-1.0,79.12109139200773,0.32450264891310254,
2023-08-12 10:35:50.898000,-6.409638554216868,-0.5903614457831325,-7.55421686746988,-0.5542611894543225,-6.156345800122624,-7.242182709993869,3.0,0.32434232434232435,3083.1622176591372,0.6047433133267285,0.6807295612143814,0.2405454227609112,1499.6336996336995,-1.0,79.12109139200773,0.3245017241320588,
2023-08-12 10:35:50.906000,-6.421686746987952,-0.5783132530120483,-7.530120481927711,-0.5199264255058246,-6.087676272225628,-7.198038013488657,3.0,0.32434232434232435,3083.1622176591372,0.7574150690519194,0.772332614649496,0.37795000291358294,1552.3809523809523,-1.0,79.12109139200773,0.32450079106435936,
2023-08-12 10:35:50.914000,-6.385542168674699,-0.5662650602409639,-7.518072289156627,-0.5052115266707541,-6.117106069895769,-7.234825260576333,3.0,0.32434232434232435,3083.1622176591372,0.6047433133267285,1.0013402482372822,0.026804964745644023,1603.6630036630036,-1.0,79.12109139200773,0.32449984706949325,
2023-08-12 10:35:50.921000,-6.373493975903615,-0.5662650602409639,-7.506024096385542,-0.5346413243408952,-6.060698957694665,-7.251992642550582,3.0,0.32434232434232435,3083.1622176591372,0.8948196492045911,1.1082104772449157,-0.0037293863993941435,1649.084249084249,-1.0,79.12109139200773,0.3244988895123841,
2023-08-12 10:35:50.929000,-6.36144578313253,-0.5903614457831325,-7.542168674698796,-0.539546290619252,-6.109748620478234,-7.288779889638258,3.0,0.32434232434232435,3083.1622176591372,1.0016898782122248,0.8028669657945341,-0.35487442456733304,1685.7142857142856,-1.0,79.12109139200773,0.32449791563828745,
2023-08-12 10:35:50.937000,-6.349397590361446,-0.5903614457831325,-7.566265060240965,-0.568976088289393,-6.058246474555487,-7.308399754751686,3.0,0.32434232434232435,3083.1622176591372,0.6047433133267285,0.8028669657945341,0.28634694947846845,1717.216117216117,-1.0,79.12109139200773,0.32449692260651425,
2023-08-12 10:35:50.944000,-6.349397590361446,-0.6024096385542169,-7.542168674698796,-0.522378908645003,-6.0778663396689145,-7.27161250766401,3.0,0.32434232434232435,3083.1622176591372,1.0932929316473392,0.7417982635044578,0.43901870520365927,1739.9267399267399,-1.0,79.12109139200773,0.3244959076514049,
2023-08-12 10:35:50.952000,-6.337349397590362,-0.6144578313253012,-7.602409638554217,-0.5738810545677498,-6.126916002452483,-7.340282035561005,3.0,0.32434232434232435,3083.1622176591372,0.9864227026397057,0.7112639123594195,0.37795000291358294,1755.311355311355,-1.0,79.12109139200773,0.32449486823253776,
2023-08-12 10:35:50.960000,-6.36144578313253,-0.6265060240963856,-7.590361445783133,-0.5493562231759657,-6.050889025137952,-7.296137339055794,3.0,0.32434232434232435,3083.1622176591372,1.0474914049297819,1.0166074238098013,0.5458889342112928,1761.172161172161,-1.0,79.12109139200773,0.32449380202552747,
2023-08-12 10:35:50.967000,-6.349397590361446,-0.6385542168674699,-7.578313253012048,-0.5738810545677498,-6.082771305947271,-7.357449417535254,3.0,0.32434232434232435,3083.1622176591372,0.9711555270671866,1.4746226909853737,0.8664996212341937,1756.7765567765566,-1.0,79.12109139200773,0.32449270678487807,
2023-08-12 10:35:50.975000,-6.349397590361446,-0.6506024096385542,-7.614457831325302,-0.6253832004904966,-6.028816676885346,-7.308399754751686,3.0,0.32434232434232435,3083.1622176591372,1.1238272827923774,1.505157042130412,0.8359652700891554,1744.3223443223442,-1.0,79.12109139200773,0.324491580355546,
2023-08-12 10:35:50.983000,-6.36144578313253,-0.6506024096385542,-7.614457831325302,-0.627835683629675,-6.122011036174126,-7.367259350091968,3.0,0.32434232434232435,3083.1622176591372,0.9864227026397057,1.2761494085426257,0.7138278655090028,1723.0769230769229,-1.0,79.12109139200773,0.3244904206838663,
2023-08-12 10:35:50.990000,-6.373493975903615,-0.6987951807228916,-7.614457831325302,-0.6008583690987124,-6.0705088902513795,-7.291232372777436,3.0,0.32434232434232435,3083.1622176591372,1.0016898782122248,1.2608822329701066,0.8817667968067127,1695.970695970696,-1.0,79.12109139200773,0.32448922582780015,
2023-08-12 10:35:50.998000,-6.349397590361446,-0.710843373493976,-7.590361445783133,-0.6940527283874923,-6.087676272225628,-7.274064990803188,3.0,0.32434232434232435,3083.1622176591372,0.7116135423343621,1.3830196375502593,1.0497057281044226,1665.9340659340658,-1.0,79.12109139200773,0.3244879938277036,
2023-08-12 10:35:51.005000,-6.349397590361446,-0.746987951807229,-7.602409638554217,-0.703862660944206,-6.031269160024524,-7.359901900674433,3.0,0.32434232434232435,3083.1622176591372,0.8032165957694766,0.9860730726647631,0.6985606899364837,1636.6300366300366,-1.0,79.12109139200773,0.32448672273546614,
2023-08-12 10:35:51.013000,-6.36144578313253,-0.7349397590361446,-7.638554216867471,-0.7259350091968118,-6.080318822808093,-7.352544451256898,3.0,0.32434232434232435,3083.1622176591372,0.7116135423343621,0.421187576481557,0.7138278655090028,1608.058608058608,-1.0,79.12109139200773,0.3244854107704651,
2023-08-12 10:35:51.021000,-6.349397590361446,-0.7590361445783133,-7.626506024096386,-0.6989576946658491,-6.082771305947271,-7.354996934396076,3.0,0.32478632478632485,3078.947368421052,0.8032165957694766,0.772332614649496,0.9581026746693081,1580.2197802197802,765.9912109375,78.32988047808765,0.3244840563255984,
2023-08-12 10:35:51.028000,-6.36144578313253,-0.7590361445783133,-7.638554216867471,-0.6866952789699571,-6.117106069895769,-7.367259350091968,3.0,0.32434232434232435,3083.1622176591372,0.513140259891614,0.421187576481557,0.6832935143639646,1556.0439560439559,-1.0,78.32988047808765,0.3244826581219633,
2023-08-12 10:35:51.036000,-6.36144578313253,-0.7710843373493976,-7.662650602409639,-0.7283874923359902,-6.0410790925812385,-7.362354383813611,3.0,0.32434232434232435,3083.1622176591372,0.329934153021385,0.13111124060369442,0.5000874074937356,1534.7985347985348,-1.0,78.32988047808765,0.3244812150861501,
2023-08-12 10:35:51.044000,-6.337349397590362,-0.7590361445783133,-7.662650602409639,-0.7234825260576333,-6.058246474555487,-7.377069282648681,3.0,0.32434232434232435,3083.1622176591372,0.40627003088398045,0.1769127673212517,0.2405454227609112,1515.7509157509157,-1.0,78.32988047808765,0.32447972619532756,
2023-08-12 10:35:51.051000,-6.337349397590362,-0.7590361445783133,-7.614457831325302,-0.7308399754751685,-5.984671980380135,-7.37952176578786,3.0,0.32434232434232435,3083.1622176591372,0.329934153021385,0.1769127673212517,0.1489423693257967,1495.970695970696,-1.0,78.32988047808765,0.3244781906194979,
2023-08-12 10:35:51.059000,-6.301204819277109,-0.746987951807229,-7.626506024096386,-0.7259350091968118,-5.999386879215205,-7.345187001839362,3.0,0.32434232434232435,3083.1622176591372,0.2688654507313087,-0.021560515121496402,0.2252782471883921,1477.6556776556777,-1.0,78.32988047808765,0.32447660772427755,
2023-08-12 10:35:51.067000,-6.289156626506024,-0.7349397590361446,-7.614457831325302,-0.640098099325567,-5.972409564684242,-7.33292458614347,3.0,0.32434232434232435,3083.1622176591372,0.5742089621816904,-0.09789639298409182,0.2252782471883921,1460.07326007326,-1.0,78.32988047808765,0.32447497707294437,
2023-08-12 10:35:51.074000,-6.289156626506024,-0.710843373493976,-7.626506024096386,-0.6842427958307786,-5.969957081545064,-7.298589822194972,3.0,0.32434232434232435,3083.1622176591372,0.5742089621816904,-0.09789639298409182,0.2252782471883921,1444.6886446886447,-1.0,78.32988047808765,0.32447329842774175,
2023-08-12 10:35:51.082000,-6.27710843373494,-0.6987951807228916,-7.614457831325302,-0.6793378295524218,-5.972409564684242,-7.234825260576333,3.0,0.32434232434232435,3083.1622176591372,0.4673387331740568,0.22271429403880894,0.4084843540586211,1430.7692307692307,-1.0,78.32988047808765,0.32447157175043795,
2023-08-12 10:35:51.090000,-6.289156626506024,-0.710843373493976,-7.626506024096386,-0.6033108522378908,-5.938074800735745,-7.25444512568976,3.0,0.32434232434232435,3083.1622176591372,0.3604685041664232,-0.32690402657187806,0.19474389604335393,1415.3846153846152,-1.0,78.32988047808765,0.3244697972021373,
2023-08-12 10:35:51.097000,-6.289156626506024,-0.710843373493976,-7.626506024096386,-0.5935009196811771,-5.974862047823421,-7.298589822194972,3.0,0.32434232434232435,3083.1622176591372,0.25359827515878963,-0.4643086067245498,0.3168813006235066,1396.3369963369962,-1.0,78.32988047808765,0.3244679751423491,
2023-08-12 10:35:51.105000,-6.301204819277109,-0.6987951807228916,-7.578313253012048,-0.6768853464132434,-6.019006744328633,-7.345187001839362,3.0,0.32434232434232435,3083.1622176591372,0.3604685041664232,0.13111124060369442,0.6069576365013692,1375.091575091575,-1.0,78.32988047808765,0.32446610612731486,
2023-08-12 10:35:51.113000,-6.313253012048193,-0.7228915662650602,-7.578313253012048,-0.6523605150214592,-6.004291845493562,-7.303494788473329,3.0,0.32434232434232435,3083.1622176591372,0.08565934386107969,-0.23530097313676357,0.27107977390594934,1353.8461538461538,-1.0,78.32988047808765,0.3244641909076088,
2023-08-12 10:35:51.120000,-6.349397590361446,-0.7228915662650602,-7.566265060240965,-0.7063151440833844,-6.050889025137952,-7.296137339055794,3.0,0.32389832389832396,3087.388622344071,0.009323465998484274,0.22271429403880894,0.08787366703572036,1333.3333333333333,-1.0,78.32988047808765,0.3244622305637684,
2023-08-12 10:35:51.128000,-6.313253012048193,-0.7228915662650602,-7.566265060240965,-0.745554874310239,-5.99202942979767,-7.200490496627835,3.0,0.32434232434232435,3083.1622176591372,0.11619369500611786,0.3601188741914807,-0.20220266884214222,1317.9487179487178,-1.0,78.32988047808765,0.3244602263327993,
2023-08-12 10:35:51.136000,-6.301204819277109,-0.7349397590361446,-7.566265060240965,-0.6646229307173512,-6.045984058859595,-7.25444512568976,3.0,0.32434232434232435,3083.1622176591372,-0.12808111415418746,0.772332614649496,0.19474389604335393,1306.227106227106,-1.0,78.32988047808765,0.3244581795830956,
2023-08-12 10:35:51.143000,-6.325301204819278,-0.710843373493976,-7.566265060240965,-0.6670754138565297,-6.058246474555487,-7.288779889638258,3.0,0.32434232434232435,3083.1622176591372,-0.1128139385816684,0.9860730726647631,-0.018996561971913226,1298.168498168498,-1.0,78.32988047808765,0.3244560918305639,
2023-08-12 10:35:51.151000,-6.325301204819278,-0.7228915662650602,-7.566265060240965,-0.6646229307173512,-6.082771305947271,-7.28632740649908,3.0,0.32434232434232435,3083.1622176591372,-0.3876230988870119,0.6501952100693432,0.2558125983334303,1293.040293040293,-1.0,78.32988047808765,0.324453964615166,
2023-08-12 10:35:51.159000,-6.36144578313253,-0.7349397590361446,-7.566265060240965,-0.7357449417535254,-6.016554261189454,-7.244635193133047,3.0,0.32434232434232435,3083.1622176591372,-0.3265543965969356,0.6349280344968242,-0.08006526426198957,1290.10989010989,-1.0,78.32988047808765,0.3244517996430291,
2023-08-12 10:35:51.166000,-6.349397590361446,-0.710843373493976,-7.566265060240965,-0.6621704475781729,-6.097486204782342,-7.259350091968117,3.0,0.32434232434232435,3083.1622176591372,-0.005943709574034809,0.6807295612143814,0.37795000291358294,1290.8424908424909,-1.0,78.32988047808765,0.3244495987786969,
2023-08-12 10:35:51.174000,-6.337349397590362,-0.6987951807228916,-7.578313253012048,-0.657265481299816,-6.080318822808093,-7.27161250766401,3.0,0.32434232434232435,3083.1622176591372,0.08565934386107969,0.5585921566342288,0.6069576365013692,1293.040293040293,-1.0,78.32988047808765,0.324447364036856,
2023-08-12 10:35:51.182000,-6.385542168674699,-0.6987951807228916,-7.55421686746988,-0.5861434702636419,-6.068056407112201,-7.25444512568976,3.0,0.32434232434232435,3083.1622176591372,0.5284074354641332,0.46698910319911424,0.4542858807761784,1295.970695970696,-1.0,78.32988047808765,0.3244450975735829,
2023-08-12 10:35:51.189000,-6.385542168674699,-0.6987951807228916,-7.578313253012048,-0.6204782342121398,-6.1367259350091965,-7.251992642550582,3.0,0.32434232434232435,3083.1622176591372,0.3604685041664232,0.008973836023541765,0.4084843540586211,1303.2967032967033,-1.0,78.32988047808765,0.32444280181590285,
2023-08-12 10:35:51.197000,-6.349397590361446,-0.710843373493976,-7.542168674698796,-0.6351931330472103,-6.097486204782342,-7.222562844880441,3.0,0.32434232434232435,3083.1622176591372,0.9864227026397057,0.14637841617621353,0.4237515296311402,1311.3553113553112,-1.0,78.32988047808765,0.3244404792930788,
2023-08-12 10:35:51.205000,-6.373493975903615,-0.6987951807228916,-7.506024096385542,-0.6695278969957081,-6.048436541998774,-7.225015328019619,3.0,0.32434232434232435,3083.1622176591372,0.879552473632072,-0.15896509527416816,0.48482023192121654,1319.4139194139193,-1.0,78.32988047808765,0.3244381324990735,
2023-08-12 10:35:51.212000,-6.349397590361446,-0.6987951807228916,-7.481927710843374,-0.6842427958307786,-6.058246474555487,-7.1587982832618025,3.0,0.32434232434232435,3083.1622176591372,1.0474914049297819,0.19217994289377077,0.5306217586387738,1324.5421245421244,-1.0,78.32988047808765,0.324435764031424,
2023-08-12 10:35:51.220000,-6.349397590361446,-0.7228915662650602,-7.518072289156627,-0.6351931330472103,-6.023911710606989,-7.175965665236051,3.0,0.32434232434232435,3083.1622176591372,1.07802575607482,0.37538604976399975,0.92756832352427,1329.6703296703297,-1.0,78.32988047808765,0.32443337658057775,
2023-08-12 10:35:51.228000,-6.325301204819278,-0.6987951807228916,-7.530120481927711,-0.6793378295524218,-6.048436541998774,-7.247087676272225,3.0,0.32434232434232435,3083.1622176591372,1.597109725540469,0.46698910319911424,0.7901637433715982,1334.065934065934,-1.0,78.32988047808765,0.3244309730577822,
2023-08-12 10:35:51.235000,-6.349397590361446,-0.674698795180723,-7.542168674698796,-0.6327406499080318,-6.0410790925812385,-7.261802575107295,3.0,0.32434232434232435,3083.1622176591372,1.6276440766855071,0.772332614649496,1.1871103082570944,1337.7289377289376,-1.0,78.32988047808765,0.3244285564249521,
2023-08-12 10:35:51.243000,-6.325301204819278,-0.6867469879518072,-7.602409638554217,-0.5935009196811771,-6.058246474555487,-7.269160024524831,3.0,0.32434232434232435,3083.1622176591372,1.5055066721053545,1.0013402482372822,1.4466522929899188,1339.194139194139,-1.0,78.32988047808765,0.3244261295559622,
2023-08-12 10:35:51.251000,-6.349397590361446,-0.6987951807228916,-7.614457831325302,-0.6499080318822807,-6.080318822808093,-7.281422440220723,3.0,0.32434232434232435,3083.1622176591372,1.7955830079832171,1.2608822329701066,1.2787133616922088,1339.9267399267399,-1.0,78.32988047808765,0.3244236955133586,
2023-08-12 10:35:51.258000,-6.325301204819278,-0.674698795180723,-7.602409638554217,-0.6597179644389944,-6.043531575720417,-7.328019619865113,3.0,0.32434232434232435,3083.1622176591372,2.2841326263038275,1.352485286405221,1.9046675601654912,1341.3919413919414,-1.0,78.32988047808765,0.3244212573779076,
2023-08-12 10:35:51.266000,-6.349397590361446,-0.6867469879518072,-7.638554216867471,-0.627835683629675,-6.072961373390558,-7.298589822194972,3.0,0.32434232434232435,3083.1622176591372,2.375735679738942,0.3143173474739234,2.08787366703572,1342.1245421245421,-1.0,78.32988047808765,0.3244188181097244,
2023-08-12 10:35:51.274000,-6.337349397590362,-0.6867469879518072,-7.590361445783133,-0.5787860208461066,-6.009196811771918,-7.386879215205395,3.0,0.32389832389832396,3087.388622344071,2.329934153021385,0.5891265077792669,2.240545422760911,1336.9963369963368,-1.0,78.32988047808765,0.32441638068622286,
2023-08-12 10:35:51.281000,-6.337349397590362,-0.6987951807228916,-7.602409638554217,-0.640098099325567,-6.05334150827713,-7.33292458614347,3.0,0.32434232434232435,3083.1622176591372,2.513140259891614,0.39065322533651886,2.4390187052036594,1329.6703296703297,-1.0,78.32988047808765,0.32441394808039226,
2023-08-12 10:35:51.289000,-6.337349397590362,-0.6626506024096386,-7.614457831325302,-0.6351931330472103,-6.055793991416309,-7.298589822194972,3.0,0.32434232434232435,3083.1622176591372,2.329934153021385,-0.021560515121496402,2.194743896043354,1320.14652014652,-1.0,78.32988047808765,0.3244115233568683,
2023-08-12 10:35:51.297000,-6.325301204819278,-0.6626506024096386,-7.626506024096386,-0.640098099325567,-6.026364193746168,-7.359901900674433,3.0,0.32434232434232435,3083.1622176591372,1.9024532369908507,0.1769127673212517,2.08787366703572,1313.5531135531135,-1.0,78.32988047808765,0.3244091096721697,
2023-08-12 10:35:51.304000,-6.325301204819278,-0.674698795180723,-7.650602409638554,-0.6597179644389944,-6.03862660944206,-7.408951563458001,3.0,0.32434232434232435,3083.1622176591372,1.9024532369908507,-0.2200337975642445,1.9352019113105294,1308.4249084249084,-1.0,78.32988047808765,0.32440671012646805,
2023-08-12 10:35:51.312000,-6.325301204819278,-0.674698795180723,-7.674698795180723,-0.6670754138565297,-6.060698957694665,-7.406499080318822,3.0,0.32434232434232435,3083.1622176591372,1.444437969815278,0.19217994289377077,1.5993240487151097,1304.0293040293038,-1.0,78.32988047808765,0.32440432775426414,
2023-08-12 10:35:51.320000,-6.301204819277109,-0.6506024096385542,-7.674698795180723,-0.6131207847946045,-6.021459227467811,-7.364806866952789,3.0,0.32434232434232435,3083.1622176591372,1.1085601072198583,0.11584406503117535,1.293980537264728,1300.3663003663003,-1.0,78.32988047808765,0.32440196537652266,
2023-08-12 10:35:51.327000,-6.289156626506024,-0.6385542168674699,-7.674698795180723,-0.5591661557326794,-6.026364193746168,-7.445738810545677,3.0,0.32434232434232435,3083.1622176591372,1.062758580502301,0.22271429403880894,0.6222248120738882,1296.7032967032967,-1.0,78.32988047808765,0.32439962575093223,
2023-08-12 10:35:51.335000,-6.27710843373494,-0.6385542168674699,-7.710843373493976,-0.6033108522378908,-5.987124463519313,-7.391784181483752,3.0,0.32434232434232435,3083.1622176591372,0.879552473632072,-0.06736204183905366,0.7138278655090028,1292.3076923076922,-1.0,78.32988047808765,0.32439731169094393,
2023-08-12 10:35:51.343000,-6.301204819277109,-0.6385542168674699,-7.710843373493976,-0.5469037400367872,-5.977314530962599,-7.421213979153893,3.0,0.32434232434232435,3083.1622176591372,0.8032165957694766,0.23798146961132802,0.6832935143639646,1288.6446886446886,-1.0,78.32988047808765,0.3243950259084339,
2023-08-12 10:35:51.350000,-6.289156626506024,-0.6385542168674699,-7.698795180722892,-0.5935009196811771,-6.009196811771918,-7.438381361128142,3.0,0.32434232434232435,3083.1622176591372,0.8032165957694766,0.23798146961132802,0.6832935143639646,1283.5164835164835,-1.0,78.32988047808765,0.32439277100603275,
2023-08-12 10:35:51.358000,-6.289156626506024,-0.6506024096385542,-7.698795180722892,-0.6327406499080318,-6.050889025137952,-7.369711833231146,3.0,0.32434232434232435,3083.1622176591372,0.14672804615115603,0.11584406503117535,0.7901637433715982,1276.1904761904761,-1.0,78.32988047808765,0.32439054946986745,
2023-08-12 10:35:51.366000,-6.313253012048193,-0.674698795180723,-7.72289156626506,-0.6351931330472103,-6.043531575720417,-7.4114040465971796,3.0,0.32434232434232435,3083.1622176591372,0.16316065497348348,-0.4327253656546824,1.156459413787074,1270.3296703296703,-1.0,78.32988047808765,0.32438836366274476,
2023-08-12 10:35:51.373000,-6.313253012048193,-0.674698795180723,-7.734939759036145,-0.5910484365419988,-6.031269160024524,-7.372164316370324,3.0,0.32434232434232435,3083.1622176591372,-0.3415884855194895,-0.2943884389021622,0.9068236116776398,1265.9340659340658,-1.0,78.32988047808765,0.32438621581781524,
2023-08-12 10:35:51.381000,-6.337349397590362,-0.6867469879518072,-7.674698795180723,-0.6523605150214592,-6.014101778050276,-7.408951563458001,3.0,0.32434232434232435,3083.1622176591372,-0.29124176912767097,-0.7378357904551024,0.5982168871277882,1262.2710622710622,-1.0,78.32988047808765,0.32438410789399214,
2023-08-12 10:35:51.388000,-6.349397590361446,-0.674698795180723,-7.674698795180723,-0.627835683629675,-6.016554261189454,-7.369711833231146,3.0,0.32434232434232435,3083.1622176591372,-0.4823728220966142,-1.2820931181166606,0.7528698793776567,1260.07326007326,-1.0,78.32988047808765,0.3243820415910356,
2023-08-12 10:35:51.396000,-6.325301204819278,-0.674698795180723,-7.662650602409639,-0.6204782342121398,-5.987124463519313,-7.381974248927039,3.0,0.32434232434232435,3083.1622176591372,-0.49006468154536326,-1.1514480508128895,0.2501019754093593,1258.6080586080586,-1.0,78.32988047808765,0.32438001849280856,
2023-08-12 10:35:51.404000,-6.337349397590362,-0.674698795180723,-7.662650602409639,-0.6204782342121398,-6.023911710606989,-7.308399754751686,3.0,0.32434232434232435,3083.1622176591372,-0.9399219159722634,-1.8150457432550549,-0.21723675776470094,1258.6080586080586,-1.0,78.32988047808765,0.3243780400620187,
2023-08-12 10:35:51.411000,-6.325301204819278,-0.6385542168674699,-7.638554216867471,-0.5959534028203556,-6.016554261189454,-7.345187001839362,3.0,0.32434232434232435,3083.1622176591372,-1.0459763417050294,-1.6841675893013222,0.036244974069109134,1261.5384615384614,-1.0,78.32988047808765,0.3243761077745087,
2023-08-12 10:35:51.419000,-6.337349397590362,-0.674698795180723,-7.626506024096386,-0.657265481299816,-6.055793991416309,-7.310852237890864,3.0,0.32434232434232435,3083.1622176591372,-1.1223122195676247,-1.9338033914107564,-0.04685041664238521,1264.4688644688645,-1.0,78.32988047808765,0.32437422309522856,
2023-08-12 10:35:51.427000,-6.325301204819278,-0.6626506024096386,-7.614457831325302,-0.645003065603924,-6.033721643163703,-7.372164316370324,3.0,0.32389832389832396,3087.388622344071,-1.2387390012237043,-1.7264728162694474,-0.48085775887186155,1265.2014652014652,-1.0,78.32988047808765,0.32437238718866734,
2023-08-12 10:35:51.434000,-6.337349397590362,-0.6506024096385542,-7.602409638554217,-0.5665236051502146,-6.001839362354383,-7.266707541385653,3.0,0.32434232434232435,3083.1622176591372,-1.6162228308373643,-1.5100518617796157,-0.465707126624322,1263.7362637362637,-1.0,78.32988047808765,0.3243706009277863,
2023-08-12 10:35:51.442000,-6.313253012048193,-0.6385542168674699,-7.566265060240965,-0.6131207847946045,-6.03862660944206,-7.288779889638258,3.0,0.32434232434232435,3083.1622176591372,-1.405978672571529,-1.2475962939222651,-0.2516170386341115,1262.2710622710622,-1.0,78.32988047808765,0.32436886514877833,
2023-08-12 10:35:51.450000,-6.325301204819278,-0.6626506024096386,-7.566265060240965,-0.6597179644389944,-6.03862660944206,-7.283874923359901,3.0,0.32434232434232435,3083.1622176591372,-1.5939630557659812,-1.1382786550900288,-0.679214497989628,1263.003663003663,-1.0,78.32988047808765,0.32436718066125203,
2023-08-12 10:35:51.457000,-6.325301204819278,-0.6867469879518072,-7.578313253012048,-0.6499080318822807,-6.016554261189454,-7.296137339055794,3.0,0.32434232434232435,3083.1622176591372,-1.0147427306101044,-0.8304877338150461,-0.15523570887477486,1265.2014652014652,-1.0,78.32988047808765,0.324365547971702,
2023-08-12 10:35:51.465000,-6.337349397590362,-0.6987951807228916,-7.55421686746988,-0.6351931330472103,-6.026364193746168,-7.340282035561005,3.0,0.32434232434232435,3083.1622176591372,-1.478002447409825,-0.40335644775945434,-0.48598566517102665,1268.131868131868,-1.0,78.32988047808765,0.32436396730546624,
2023-08-12 10:35:51.473000,-6.36144578313253,-0.6987951807228916,-7.506024096385542,-0.6523605150214592,-6.1146535867565905,-7.313304721030042,3.0,0.32434232434232435,3083.1622176591372,-1.4781189907348058,-0.422935726356273,-0.17225103432200956,1272.5274725274724,-1.0,78.32988047808765,0.32436243875688975,
2023-08-12 10:35:51.480000,-6.385542168674699,-0.6987951807228916,-7.55421686746988,-0.6033108522378908,-6.080318822808093,-7.242182709993869,3.0,0.32434232434232435,3083.1622176591372,-1.1725423926344607,-0.11899073480566487,-0.16607423809801264,1276.923076923077,-1.0,78.32988047808765,0.32436096229097167,
2023-08-12 10:35:51.488000,-6.36144578313253,-0.6987951807228916,-7.55421686746988,-0.6253832004904966,-6.175965665236051,-7.242182709993869,3.0,0.32434232434232435,3083.1622176591372,-1.050288444729329,-0.7935434997960499,-0.5076627236175043,1280.5860805860805,-1.0,78.32988047808765,0.32435953774576803,
2023-08-12 10:35:51.496000,-6.36144578313253,-0.710843373493976,-7.542168674698796,-0.6719803801348866,-6.055793991416309,-7.242182709993869,3.0,0.32434232434232435,3083.1622176591372,-0.5468212808111417,-0.31909562379814815,-0.5546296835848734,1281.3186813186812,-1.0,78.32988047808765,0.32435816497427955,
2023-08-12 10:35:51.503000,-6.373493975903615,-0.710843373493976,-7.542168674698796,-0.6523605150214592,-6.043531575720417,-7.215205395462906,3.0,0.32434232434232435,3083.1622176591372,-0.7648738418507067,-1.2206747858516416,-0.26397063108210356,1279.8534798534797,-1.0,78.32988047808765,0.32435684382791347,
2023-08-12 10:35:51.511000,-6.373493975903615,-0.6987951807228916,-7.506024096385542,-0.6106683016554261,-6.1146535867565905,-7.249540159411404,3.0,0.32434232434232435,3083.1622176591372,-0.3697919701649092,-1.3359361342579092,-0.2649029776819533,1279.120879120879,-1.0,78.32988047808765,0.3243555738742584,
2023-08-12 10:35:51.519000,-6.373493975903615,-0.7228915662650602,-7.530120481927711,-0.6425505824647455,-6.048436541998774,-7.247087676272225,3.0,0.32434232434232435,3083.1622176591372,-0.4228191830312922,-1.2336110949245371,-0.05162869296661079,1278.3882783882782,-1.0,78.32988047808765,0.3243543544237194,
2023-08-12 10:35:51.526000,-6.373493975903615,-0.710843373493976,-7.518072289156627,-0.6327406499080318,-6.048436541998774,-7.25444512568976,3.0,0.32434232434232435,3083.1622176591372,0.05920400909037948,-1.2833750946914515,0.15908163859914942,1276.923076923077,-1.0,78.32988047808765,0.3243531848229145,
2023-08-12 10:35:51.534000,-6.36144578313253,-0.6867469879518072,-7.530120481927711,-0.6523605150214592,-6.122011036174126,-7.296137339055794,3.0,0.32434232434232435,3083.1622176591372,-0.14952508595070305,-1.5464133791737078,-0.07458772798787854,1275.4578754578754,-1.0,78.32988047808765,0.3243520644402059,
2023-08-12 10:35:51.542000,-6.373493975903615,-0.674698795180723,-7.542168674698796,-0.6621704475781729,-6.1072961373390555,-7.25444512568976,3.0,0.32434232434232435,3083.1622176591372,-0.018880018646931958,-1.2999242468387633,-0.07808402773731231,1272.5274725274724,-1.0,78.32988047808765,0.32435099252412786,
2023-08-12 10:35:51.549000,-6.349397590361446,-0.6626506024096386,-7.542168674698796,-0.6989576946658491,-6.092581238503985,-7.234825260576333,3.0,0.32434232434232435,3083.1622176591372,-0.22469553056348662,-0.8273410640405566,0.14532952625138468,1271.7948717948716,-1.0,78.32988047808765,0.324349968211378,
2023-08-12 10:35:51.557000,-6.373493975903615,-0.6987951807228916,-7.542168674698796,-0.6474555487431024,-6.080318822808093,-7.276517473942366,3.0,0.32434232434232435,3083.1622176591372,-0.30580968475030673,-0.47887652234718214,0.3692092535400024,1274.7252747252746,-1.0,78.32988047808765,0.32434899053503013,
2023-08-12 10:35:51.565000,-6.36144578313253,-0.6867469879518072,-7.518072289156627,-0.6744328632740649,-6.104843654199877,-7.276517473942366,3.0,0.32434232434232435,3083.1622176591372,-0.21910145096439607,-0.05943709574034115,0.4066196608589238,1279.120879120879,-1.0,78.32988047808765,0.32434805843291914,
2023-08-12 10:35:51.572000,-6.373493975903615,-0.6867469879518072,-7.55421686746988,-0.6131207847946045,-6.102391171060699,-7.264255058246474,3.0,0.32434232434232435,3083.1622176591372,-0.13402482372822055,0.06852747508886375,0.0451022667676705,1286.4468864468863,-1.0,78.32988047808765,0.324347170756149,
2023-08-12 10:35:51.580000,-6.337349397590362,-0.6867469879518072,-7.530120481927711,-0.640098099325567,-6.075413856529736,-7.237277743715511,3.0,0.32389832389832396,3087.388622344071,-0.3978789114853446,-0.430511042480043,-0.24019579278596867,1294.5054945054944,-1.0,78.32988047808765,0.32434632613892833,
2023-08-12 10:35:51.588000,-6.36144578313253,-0.6867469879518072,-7.578313253012048,-0.7259350091968118,-6.112201103617412,-7.291232372777436,3.0,0.32389832389832396,3087.388622344071,-0.09405046325971728,-0.4079016374337156,-0.00512790629916635,1306.227106227106,-1.0,78.32988047808765,0.3243455231557696,
2023-08-12 10:35:51.595000,-6.349397590361446,-0.710843373493976,-7.578313253012048,-0.7161250766400981,-6.050889025137952,-7.27161250766401,3.0,0.32434232434232435,3083.1622176591372,-0.01911310529689363,-0.06479808868947004,0.15162286580036113,1324.5421245421244,-1.0,78.32988047808765,0.3243447602766924,
2023-08-12 10:35:51.603000,-6.325301204819278,-0.7228915662650602,-7.566265060240965,-0.6793378295524218,-6.021459227467811,-7.342734518700183,3.0,0.32434232434232435,3083.1622176591372,-0.1911310529689415,-0.08915564361051173,0.030650894470019004,1350.9157509157508,-1.0,78.32988047808765,0.3243440358854053,
2023-08-12 10:35:51.611000,-6.36144578313253,-0.7349397590361446,-7.626506024096386,-0.703862660944206,-6.043531575720417,-7.335377069282648,3.0,0.32434232434232435,3083.1622176591372,0.12889691742905507,-0.18821746984441537,0.41524386690752263,1383.150183150183,-1.0,78.32988047808765,0.3243433484570308,
2023-08-12 10:35:51.618000,-6.337349397590362,-0.7349397590361446,-7.626506024096386,-0.645003065603924,-6.08522378908645,-7.350091968117718,3.0,0.32434232434232435,3083.1622176591372,-0.31816327719829796,0.018297302022027773,0.10896800885729298,1419.7802197802198,-1.0,78.32988047808765,0.3243426964272745,
2023-08-12 10:35:51.626000,-6.36144578313253,-0.7349397590361446,-7.590361445783133,-0.627835683629675,-6.0778663396689145,-7.340282035561005,3.0,0.32434232434232435,3083.1622176591372,-0.319911427073014,0.026921508070625294,0.0981294796340535,1462.2710622710622,-1.0,78.32988047808765,0.32434207820017347,
2023-08-12 10:35:51.634000,-6.373493975903615,-0.710843373493976,-7.614457831325302,-0.6989576946658491,-6.097486204782342,-7.305947271612507,3.0,0.32434232434232435,3083.1622176591372,-0.23133850008740645,0.5105763067420321,-0.12528407435464176,1509.1575091575091,-1.0,78.32988047808765,0.32434149201689183,
2023-08-12 10:35:51.641000,-6.409638554216868,-0.6506024096385542,-7.55421686746988,-0.5836909871244634,-6.095033721643164,-7.244635193133047,3.0,0.32434232434232435,3083.1622176591372,-0.23565060311170608,-0.215605151214964,0.018064215372064367,1556.0439560439559,-1.0,78.32988047808765,0.3243409361221638,
2023-08-12 10:35:51.649000,-6.397590361445784,-0.6385542168674699,-7.578313253012048,-0.6008583690987124,-6.1072961373390555,-7.225015328019619,3.0,0.32434232434232435,3083.1622176591372,-0.3448516986189616,0.09964454285880783,0.03927510051861782,1602.197802197802,-1.0,78.32988047808765,0.32434040889895455,
2023-08-12 10:35:51.657000,-6.385542168674699,-0.6265060240963856,-7.542168674698796,-0.6033108522378908,-6.1367259350091965,-7.2323727774371545,3.0,0.32434232434232435,3083.1622176591372,-0.5140726064914625,-0.2559291416584115,-0.01410174232270855,1647.6190476190475,-1.0,78.32988047808765,0.32433990858737727,
2023-08-12 10:35:51.664000,-6.349397590361446,-0.6144578313253012,-7.578313253012048,-0.5469037400367872,-6.031269160024524,-7.328019619865113,3.0,0.32434232434232435,3083.1622176591372,-0.6068410931763888,-0.06351611211467911,-0.20395081871685825,1689.3772893772893,-1.0,78.32988047808765,0.3243394334504669,
2023-08-12 10:35:51.672000,-6.337349397590362,-0.6024096385542169,-7.55421686746988,-0.5787860208461066,-5.987124463519313,-7.303494788473329,3.0,0.32434232434232435,3083.1622176591372,-1.0029718547870174,-0.027154594720586966,-0.4516053843016139,1722.3443223443223,-1.0,78.32988047808765,0.3243389819081042,
2023-08-12 10:35:51.680000,-6.337349397590362,-0.6144578313253012,-7.578313253012048,-0.5812385039852851,-6.0778663396689145,-7.276517473942366,3.0,0.32434232434232435,3083.1622176591372,-0.7226851582075642,0.11246430860672414,-0.388788532136822,1746.5201465201465,-1.0,78.32988047808765,0.3243385522551266,
2023-08-12 10:35:51.687000,-6.313253012048193,-0.6024096385542169,-7.590361445783133,-0.5763335377069282,-6.072961373390558,-7.305947271612507,3.0,0.32434232434232435,3083.1622176591372,-0.5967018239030352,-0.5942544140784342,-0.36827690694015486,1758.974358974359,-1.0,78.32988047808765,0.32433814268748395,
2023-08-12 10:35:51.695000,-6.313253012048193,-0.6024096385542169,-7.566265060240965,-0.5959534028203556,-6.00674432863274,-7.340282035561005,3.0,0.32434232434232435,3083.1622176591372,-0.6379581609463312,-0.0904376201853044,-0.013169395722859687,1762.6373626373625,-1.0,78.32988047808765,0.3243377515943711,
2023-08-12 10:35:51.703000,-6.349397590361446,-0.6144578313253012,-7.602409638554217,-0.5052115266707541,-6.0410790925812385,-7.335377069282648,3.0,0.32434232434232435,3083.1622176591372,-0.5406444845871452,0.25651185828331574,0.3397237923197948,1758.974358974359,-1.0,78.32988047808765,0.32433737754172814,
2023-08-12 10:35:51.710000,-6.337349397590362,-0.6144578313253012,-7.578313253012048,-0.5861434702636419,-6.023911710606989,-7.278969957081545,3.0,0.32434232434232435,3083.1622176591372,-0.49297826466989114,0.6743196783404233,0.4456616747275804,1748.7179487179485,-1.0,78.32988047808765,0.3243370191279133,
2023-08-12 10:35:51.718000,-6.313253012048193,-0.6265060240963856,-7.542168674698796,-0.5885959534028203,-6.087676272225628,-7.298589822194972,3.0,0.32434232434232435,3083.1622176591372,-0.3679272769652123,1.2120505798030423,0.534001515063225,1734.7985347985348,-1.0,78.32988047808765,0.32433667484948875,
2023-08-12 10:35:51.726000,-6.349397590361446,-0.6626506024096386,-7.518072289156627,-0.5714285714285714,-6.092581238503985,-7.27161250766401,3.0,0.32434232434232435,3083.1622176591372,-0.5668667327078838,0.9056581784278297,0.6635976924421655,1718.6813186813185,-1.0,78.32988047808765,0.3243363431257075,
2023-08-12 10:35:51.733000,-6.36144578313253,-0.6506024096385542,-7.542168674698796,-0.640098099325567,-6.104843654199877,-7.305947271612507,3.0,0.32389832389832396,3087.388622344071,-0.38098012936309034,0.4506730377017659,0.5657012994580737,1698.9010989010987,-1.0,78.32988047808765,0.3243360225889183,
2023-08-12 10:35:51.741000,-6.36144578313253,-0.674698795180723,-7.578313253012048,-0.6327406499080318,-6.05334150827713,-7.298589822194972,3.0,0.32434232434232435,3083.1622176591372,-0.7662723617504803,0.031117067769944086,0.5561447468096264,1678.3882783882782,-1.0,78.32988047808765,0.32433571205575673,
2023-08-12 10:35:51.748000,-6.36144578313253,-0.674698795180723,-7.590361445783133,-0.6008583690987124,-6.075413856529736,-7.281422440220723,3.0,0.32434232434232435,3083.1622176591372,-0.5521822737602706,0.18402191014509658,0.6237398752986426,1654.212454212454,735.3515625,81.59362549800797,0.32433541034931224,
2023-08-12 10:35:51.756000,-6.36144578313253,-0.674698795180723,-7.590361445783133,-0.6621704475781729,-6.050889025137952,-7.320662170447577,3.0,0.32434232434232435,3083.1622176591372,-0.25965852805780526,0.36781073364023154,0.1403181632771985,1627.8388278388277,-1.0,81.59362549800797,0.3243351163331767,
2023-08-12 10:35:51.764000,-6.36144578313253,-0.6867469879518072,-7.590361445783133,-0.6817903126916002,-6.087676272225628,-7.313304721030042,3.0,0.32434232434232435,3083.1622176591372,-0.6584697861429982,0.47374861604801666,-0.04941436979197012,1602.197802197802,-1.0,81.59362549800797,0.32433482892389015,
2023-08-12 10:35:51.771000,-6.373493975903615,-0.6867469879518072,-7.602409638554217,-0.6646229307173512,-6.055793991416309,-7.305947271612507,3.0,0.32434232434232435,3083.1622176591372,-0.10547170910786181,0.5476370840860093,-0.5717615523570885,1575.091575091575,-1.0,81.59362549800797,0.32433454695366143,
2023-08-12 10:35:51.779000,-6.373493975903615,-0.6626506024096386,-7.578313253012048,-0.6425505824647455,-6.072961373390558,-7.315757204169221,3.0,0.32434232434232435,3083.1622176591372,-0.44333080822795934,0.7138278655090032,-0.5729269856068995,1550.9157509157508,-1.0,81.59362549800797,0.32433426919180075,
2023-08-12 10:35:51.787000,-6.373493975903615,-0.6626506024096386,-7.590361445783133,-0.6229307173513182,-6.048436541998774,-7.293684855916615,3.0,0.32434232434232435,3083.1622176591372,-0.1210885146553234,0.37188975001456775,-0.4644251500495311,1526.7399267399267,-1.0,81.59362549800797,0.3243339946321083,
2023-08-12 10:35:51.794000,-6.36144578313253,-0.6626506024096386,-7.578313253012048,-0.5935009196811771,-6.082771305947271,-7.303494788473329,3.0,0.32434232434232435,3083.1622176591372,-0.24380863586038026,0.1721344909970287,-0.6335295145970518,1504.0293040293038,-1.0,81.59362549800797,0.3243337223329014,
2023-08-12 10:35:51.802000,-6.373493975903615,-0.674698795180723,-7.55421686746988,-0.5714285714285714,-6.0778663396689145,-7.310852237890864,3.0,0.32434232434232435,3083.1622176591372,-0.2884447293281274,0.01934619194685704,-0.6484470601946273,1480.5860805860805,-1.0,81.59362549800797,0.32433345128838514,
2023-08-12 10:35:51.810000,-6.36144578313253,-0.6626506024096386,-7.590361445783133,-0.645003065603924,-6.050889025137952,-7.335377069282648,3.0,0.32434232434232435,3083.1622176591372,-0.07318920808810762,-0.42235300973136713,-0.6785152380397408,1454.9450549450548,-1.0,81.59362549800797,0.3243331805765771,
2023-08-12 10:35:51.817000,-6.313253012048193,-0.674698795180723,-7.590361445783133,-0.6646229307173512,-6.055793991416309,-7.310852237890864,3.0,0.32389832389832396,3087.388622344071,0.003612843074412873,-0.3389079890449285,-0.06852747508886461,1429.3040293040292,-1.0,81.59362549800797,0.3243329093578049,
2023-08-12 10:35:51.825000,-6.325301204819278,-0.674698795180723,-7.578313253012048,-0.640098099325567,-6.031269160024524,-7.352544451256898,3.0,0.32434232434232435,3083.1622176591372,-0.34951343161820375,-0.16187867839869427,0.059320552415360314,1402.197802197802,-1.0,81.59362549800797,0.3243326367237921,
2023-08-12 10:35:51.833000,-6.289156626506024,-0.674698795180723,-7.614457831325302,-0.6523605150214592,-6.058246474555487,-7.305947271612507,3.0,0.32434232434232435,3083.1622176591372,-0.1826233902453231,-0.3559233144921619,0.2161878678398693,1378.7545787545787,-1.0,81.59362549800797,0.3243323618233608,
2023-08-12 10:35:51.840000,-6.301204819277109,-0.6506024096385542,-7.590361445783133,-0.615573267933783,-6.011649294911098,-7.320662170447577,3.0,0.32434232434232435,3083.1622176591372,-0.10628751238272767,-0.4120971971330344,0.8898082862304059,1361.1721611721612,-1.0,81.59362549800797,0.32433208401957814,
2023-08-12 10:35:51.848000,-6.301204819277109,-0.6626506024096386,-7.578313253012048,-0.5444512568976088,-6.021459227467811,-7.342734518700183,3.0,0.32434232434232435,3083.1622176591372,-0.10721985898257609,0.0038459297243762817,0.7323582541809915,1345.7875457875457,-1.0,81.59362549800797,0.32433180274896817,
2023-08-12 10:35:51.856000,-6.325301204819278,-0.6867469879518072,-7.566265060240965,-0.640098099325567,-5.982219497240957,-7.308399754751686,3.0,0.32434232434232435,3083.1622176591372,-0.4282967193054019,0.23215430336227405,0.7612609987762949,1333.3333333333333,-1.0,81.59362549800797,0.3243315176581921,
2023-08-12 10:35:51.863000,-6.301204819277109,-0.674698795180723,-7.55421686746988,-0.6351931330472103,-6.05334150827713,-7.28632740649908,3.0,0.32434232434232435,3083.1622176591372,-0.3165316706485628,0.9608997144688538,0.7313093642561623,1323.8095238095236,-1.0,81.59362549800797,0.3243312285815804,
2023-08-12 10:35:51.871000,-6.325301204819278,-0.6867469879518072,-7.55421686746988,-0.6204782342121398,-6.019006744328633,-7.212752912323728,3.0,0.32434232434232435,3083.1622176591372,-0.2200337975642445,1.0605442573276616,0.38354408251267413,1315.7509157509157,-1.0,81.59362549800797,0.3243309353910548,
2023-08-12 10:35:51.879000,-6.349397590361446,-0.6506024096385542,-7.566265060240965,-0.6302881667688535,-6.097486204782342,-7.298589822194972,3.0,0.32434232434232435,3083.1622176591372,-0.493094807994872,0.7019404463609353,0.34508478526892394,1312.087912087912,-1.0,81.59362549800797,0.3243306378564126,
2023-08-12 10:35:51.886000,-6.36144578313253,-0.6867469879518072,-7.566265060240965,-0.6621704475781729,-6.068056407112201,-7.33292458614347,3.0,0.32389832389832396,3087.388622344071,-0.38098012936309034,0.8676650544840041,0.24858691218460452,1312.087912087912,-1.0,81.59362549800797,0.3243303356645719,
2023-08-12 10:35:51.894000,-6.337349397590362,-0.6867469879518072,-7.590361445783133,-0.6719803801348866,-6.03862660944206,-7.328019619865113,3.0,0.32389832389832396,3087.388622344071,-0.3310995862711951,0.7913291766214088,0.01619952217236751,1315.018315018315,-1.0,81.59362549800797,0.3243300285557356,
2023-08-12 10:35:51.902000,-6.325301204819278,-0.6867469879518072,-7.614457831325302,-0.6351931330472103,-6.031269160024524,-7.325567136725935,3.0,0.32434232434232435,3083.1622176591372,-0.326437853271953,0.7884155934968826,0.013985198997727278,1320.8791208791208,-1.0,81.59362549800797,0.3243297162786095,
2023-08-12 10:35:51.909000,-6.325301204819278,-0.674698795180723,-7.590361445783133,-0.6621704475781729,-6.026364193746168,-7.296137339055794,3.0,0.32389832389832396,3087.388622344071,0.014451372297651493,0.6638307790921272,-0.24753802225977506,1327.4725274725274,-1.0,81.59362549800797,0.3243293987263179,
2023-08-12 10:35:51.917000,-6.325301204819278,-0.6987951807228916,-7.626506024096386,-0.6499080318822807,-6.014101778050276,-7.310852237890864,3.0,0.32434232434232435,3083.1622176591372,0.0027970397995452823,0.32713711322183975,-0.1090845521822736,1335.5311355311355,-1.0,81.59362549800797,0.3243290756671095,
2023-08-12 10:35:51.925000,-6.325301204819278,-0.6867469879518072,-7.638554216867471,-0.6499080318822807,-5.987124463519313,-7.335377069282648,3.0,0.32434232434232435,3083.1622176591372,0.12749839752928155,0.544373870986539,0.1172425849309482,1342.1245421245421,-1.0,81.59362549800797,0.3243287467516981,
2023-08-12 10:35:51.932000,-6.313253012048193,-0.6867469879518072,-7.626506024096386,-0.7014101778050276,-6.026364193746168,-7.340282035561005,3.0,0.32434232434232435,3083.1622176591372,-0.2961365887768782,0.7455276499038515,0.020977798496591135,1345.7875457875457,-1.0,81.59362549800797,0.32432841195717477,
2023-08-12 10:35:51.940000,-6.337349397590362,-0.674698795180723,-7.626506024096386,-0.6131207847946045,-6.011649294911098,-7.364806866952789,3.0,0.32434232434232435,3083.1622176591372,0.2308723267874831,0.8054309189441177,0.18227376027038059,1346.5201465201465,-1.0,81.59362549800797,0.3243280714247782,
2023-08-12 10:35:51.948000,-6.313253012048193,-0.6626506024096386,-7.638554216867471,-0.5591661557326794,-6.033721643163703,-7.318209687308399,3.0,0.32434232434232435,3083.1622176591372,0.1707359710972552,0.8648680146844588,0.1334421071033155,1345.054945054945,-1.0,81.59362549800797,0.324327725308983,
2023-08-12 10:35:51.955000,-6.36144578313253,-0.6506024096385542,-7.650602409638554,-0.5935009196811771,-6.043531575720417,-7.293684855916615,3.0,0.32434232434232435,3083.1622176591372,-0.11421245848144017,0.9081055882524325,0.345667501893829,1344.3223443223442,-1.0,81.59362549800797,0.32432737363713005,
2023-08-12 10:35:51.963000,-6.36144578313253,-0.6506024096385542,-7.590361445783133,-0.6548129981606376,-6.141630901287553,-7.33292458614347,3.0,0.32434232434232435,3083.1622176591372,-0.12295320785502026,0.8438902161878684,0.40312336110949243,1345.7875457875457,-1.0,81.59362549800797,0.32432701646695206,
2023-08-12 10:35:51.971000,-6.36144578313253,-0.6265060240963856,-7.638554216867471,-0.6106683016554261,-6.08522378908645,-7.350091968117718,3.0,0.32434232434232435,3083.1622176591372,-0.10057688945865627,0.6603344793426952,0.29345609230231334,1348.7179487179487,-1.0,81.59362549800797,0.3243266540126096,
2023-08-12 10:35:51.978000,-6.349397590361446,-0.6144578313253012,-7.614457831325302,-0.598405885959534,-6.068056407112201,-7.330472103004292,3.0,0.32434232434232435,3083.1622176591372,-0.5063807470427134,0.4206048598566511,0.2786550900297187,1352.3809523809523,-1.0,81.59362549800797,0.3243262863553128,
2023-08-12 10:35:51.986000,-6.373493975903615,-0.6385542168674699,-7.614457831325302,-0.5640711220110362,-6.0778663396689145,-7.325567136725935,3.0,0.32434232434232435,3083.1622176591372,-0.08344502068644033,0.30511042480042,0.6759512848901578,1352.3809523809523,-1.0,81.59362549800797,0.32432591360116997,
2023-08-12 10:35:51.994000,-6.349397590361446,-0.6265060240963856,-7.638554216867471,-0.6302881667688535,-6.011649294911098,-7.34763948497854,3.0,0.32434232434232435,3083.1622176591372,-0.09218577006002042,0.21933453761435773,0.4585979838004778,1351.6483516483515,-1.0,81.59362549800797,0.32432553586883844,
2023-08-12 10:35:52.001000,-6.313253012048193,-0.6385542168674699,-7.614457831325302,-0.6229307173513182,-6.0410790925812385,-7.310852237890864,3.0,0.32434232434232435,3083.1622176591372,0.15884855194918732,-0.1559349688246612,0.412097197133034,1349.4505494505493,-1.0,81.59362549800797,0.32432515329841927,
2023-08-12 10:35:52.009000,-6.301204819277109,-0.6144578313253012,-7.638554216867471,-0.551808706315144,-6.023911710606989,-7.367259350091968,3.0,0.32434232434232435,3083.1622176591372,-0.08274576073655357,-0.28308373637899853,0.5504341238855543,1347.985347985348,-1.0,81.59362549800797,0.3243247661782167,
2023-08-12 10:35:52.017000,-6.325301204819278,-0.6144578313253012,-7.638554216867471,-0.568976088289393,-6.055793991416309,-7.367259350091968,3.0,0.32389832389832396,3087.388622344071,0.12097197133034257,-1.0381679389312977,0.6545073130936424,1346.5201465201465,-1.0,81.59362549800797,0.32432437479487897,
2023-08-12 10:35:52.024000,-6.27710843373494,-0.6385542168674699,-7.662650602409639,-0.6131207847946045,-5.989576946658492,-7.384426732066217,3.0,0.32389832389832396,3087.388622344071,0.27667385350504037,-0.5092943301672395,0.7578812423518442,1343.5897435897434,-1.0,81.59362549800797,0.3243239792836346,
2023-08-12 10:35:52.032000,-6.289156626506024,-0.6265060240963856,-7.626506024096386,-0.5910484365419988,-5.969957081545064,-7.340282035561005,3.0,0.32434232434232435,3083.1622176591372,-0.056640055940795866,-0.4397179651535447,0.6943651302371657,1336.263736263736,-1.0,81.59362549800797,0.3243235796060477,
2023-08-12 10:35:52.040000,-6.289156626506024,-0.6144578313253012,-7.602409638554217,-0.5616186388718577,-6.031269160024524,-7.377069282648681,3.0,0.32389832389832396,3087.388622344071,-0.25219975525901783,0.3290018064215383,1.16356855661092,1325.2747252747251,-1.0,81.59362549800797,0.3243231758361032,
2023-08-12 10:35:52.047000,-6.313253012048193,-0.6265060240963856,-7.590361445783133,-0.5616186388718577,-5.999386879215205,-7.406499080318822,3.0,0.32389832389832396,3087.388622344071,-0.23390245323699005,0.35685566109201033,0.8644018413845345,1315.018315018315,-1.0,81.59362549800797,0.32432276816949845,
2023-08-12 10:35:52.055000,-6.325301204819278,-0.6144578313253012,-7.578313253012048,-0.5665236051502146,-6.043531575720417,-7.291232372777436,3.0,0.32434232434232435,3083.1622176591372,-0.12353592447992617,0.9039100285531138,0.33646057922032513,1306.227106227106,-1.0,81.59362549800797,0.3243223566034605,
2023-08-12 10:35:52.063000,-6.337349397590362,-0.6144578313253012,-7.590361445783133,-0.5861434702636419,-6.026364193746168,-7.274064990803188,3.0,0.32434232434232435,3083.1622176591372,-0.3962473049356094,0.2559291416584115,0.20872909504108145,1298.168498168498,-1.0,81.59362549800797,0.3243219410951814,
2023-08-12 10:35:52.070000,-6.337349397590362,-0.6024096385542169,-7.578313253012048,-0.5003065603923973,-6.060698957694665,-7.310852237890864,3.0,0.32434232434232435,3083.1622176591372,-0.34671639181865843,0.13041198065380769,-0.07015908163859937,1290.10989010989,-1.0,81.59362549800797,0.3243215217307332,
2023-08-12 10:35:52.078000,-6.325301204819278,-0.6265060240963856,-7.590361445783133,-0.6057633353770693,-6.021459227467811,-7.296137339055794,3.0,0.32434232434232435,3083.1622176591372,0.02540644484587095,0.02051162519666714,-0.4385525319037353,1283.5164835164835,-1.0,81.59362549800797,0.32432109858569996,
2023-08-12 10:35:52.086000,-6.325301204819278,-0.6144578313253012,-7.602409638554217,-0.5346413243408952,-6.043531575720417,-7.335377069282648,3.0,0.32434232434232435,3083.1622176591372,-0.1854204300448701,-0.2717790338558348,-0.22399627061360053,1280.5860805860805,-1.0,81.59362549800797,0.32432067172470885,
2023-08-12 10:35:52.093000,-6.313253012048193,-0.6144578313253012,-7.626506024096386,-0.5370938074800735,-6.004291845493562,-7.345187001839362,3.0,0.32434232434232435,3083.1622176591372,0.10838529223238792,-0.39146902861138644,-0.009673095973427867,1279.120879120879,-1.0,81.59362549800797,0.32432024120111336,
2023-08-12 10:35:52.101000,-6.301204819277109,-0.6024096385542169,-7.626506024096386,-0.5836909871244634,-5.999386879215205,-7.337829552421827,3.0,0.32434232434232435,3083.1622176591372,0.21595478118990827,-0.392284831886254,0.2624555678573512,1277.6556776556777,-1.0,81.59362549800797,0.32431980705683694,
2023-08-12 10:35:52.109000,-6.313253012048193,-0.6144578313253012,-7.590361445783133,-0.5935009196811771,-6.019006744328633,-7.330472103004292,3.0,0.32389832389832396,3087.388622344071,0.24555678573509626,-0.43995105180350813,0.7471592564535866,1276.923076923077,-1.0,81.59362549800797,0.3243193693223811,
2023-08-12 10:35:52.116000,-6.325301204819278,-0.6024096385542169,-7.590361445783133,-0.5640711220110362,-6.001839362354383,-7.330472103004292,3.0,0.32434232434232435,3083.1622176591372,0.26047433133267284,0.02109434182157132,0.5280578054891906,1276.1904761904761,-1.0,81.59362549800797,0.32431892786770455,
2023-08-12 10:35:52.124000,-6.337349397590362,-0.5903614457831325,-7.590361445783133,-0.5493562231759657,-6.05334150827713,-7.318209687308399,3.0,0.32389832389832396,3087.388622344071,0.1968416758930129,0.15523570887477445,0.7049705728104423,1274.7252747252746,-1.0,81.59362549800797,0.3243184825299848,
2023-08-12 10:35:52.131000,-6.373493975903615,-0.6024096385542169,-7.614457831325302,-0.5787860208461066,-6.139178418148375,-7.318209687308399,3.0,0.32434232434232435,3083.1622176591372,0.4231688130062347,0.2612901346075404,0.9706893537672627,1271.7948717948716,-1.0,81.59362549800797,0.3243180331237717,
2023-08-12 10:35:52.139000,-6.373493975903615,-0.5903614457831325,-7.650602409638554,-0.6180257510729613,-6.058246474555487,-7.28632740649908,3.0,0.32434232434232435,3083.1622176591372,0.38902161878678365,0.3828448225627872,1.0641571004020745,1268.131868131868,-1.0,81.59362549800797,0.32431757943015177,
2023-08-12 10:35:52.147000,-6.373493975903615,-0.5783132530120483,-7.602409638554217,-0.5493562231759657,-6.065603923973022,-7.328019619865113,3.0,0.32389832389832396,3087.388622344071,0.4295786958801929,0.2623390245323697,1.0835032923489303,1265.2014652014652,-1.0,81.59362549800797,0.32431712135635515,
2023-08-12 10:35:52.154000,-6.385542168674699,-0.6144578313253012,-7.602409638554217,-0.4782342121397915,-6.033721643163703,-7.34763948497854,3.0,0.32389832389832396,3087.388622344071,0.4699026863236404,0.5871452712545893,0.719305401783113,1262.2710622710622,-1.0,81.59362549800797,0.32431665864837095,
2023-08-12 10:35:52.162000,-6.373493975903615,-0.6024096385542169,-7.626506024096386,-0.5370938074800735,-6.095033721643164,-7.325567136725935,3.0,0.32434232434232435,3083.1622176591372,0.3551075112172943,0.25045160538430183,0.878969757007167,1259.3406593406592,-1.0,81.59362549800797,0.32431619086991126,
2023-08-12 10:35:52.170000,-6.36144578313253,-0.5903614457831325,-7.590361445783133,-0.5125689760882893,-6.1146535867565905,-7.251992642550582,3.0,0.32434232434232435,3083.1622176591372,0.42480041955596987,0.12994580735388434,0.9584523046442517,1257.142857142857,-1.0,81.59362549800797,0.3243157176897849,
2023-08-12 10:35:52.177000,-6.337349397590362,-0.5662650602409639,-7.590361445783133,-0.5052115266707541,-6.139178418148375,-7.266707541385653,3.0,0.32434232434232435,3083.1622176591372,0.4200221432317469,0.13285939047841044,0.9491288386457664,1257.8754578754579,-1.0,81.59362549800797,0.324315238903096,
2023-08-12 10:35:52.185000,-6.337349397590362,-0.5542168674698795,-7.614457831325302,-0.5150214592274678,-6.043531575720417,-7.288779889638258,3.0,0.32434232434232435,3083.1622176591372,0.5380805314375616,-0.5521822737602706,0.8346832935143643,1263.003663003663,-1.0,81.59362549800797,0.3243147542935017,
2023-08-12 10:35:52.193000,-6.325301204819278,-0.5903614457831325,-7.566265060240965,-0.5419987737584304,-6.043531575720417,-7.328019619865113,3.0,0.32389832389832396,3087.388622344071,0.35324281801759744,-0.7135947788590415,1.3305751413087812,1270.3296703296703,-1.0,81.59362549800797,0.3243142636344057,
2023-08-12 10:35:52.200000,-6.301204819277109,-0.5903614457831325,-7.55421686746988,-0.5787860208461066,-5.989576946658492,-7.310852237890864,3.0,0.32389832389832396,3087.388622344071,0.4891323349455166,-0.7703513781248182,0.9825767729153315,1278.3882783882782,-1.0,81.59362549800797,0.3243137665410415,
2023-08-12 10:35:52.208000,-6.301204819277109,-0.5903614457831325,-7.602409638554217,-0.5076640098099325,-6.016554261189454,-7.308399754751686,3.0,0.32389832389832396,3087.388622344071,0.6898199405629041,-0.7950585630208025,1.202144397179651,1288.6446886446886,-1.0,81.59362549800797,0.3243132624501572,
2023-08-12 10:35:52.216000,-6.313253012048193,-0.6265060240963856,-7.602409638554217,-0.5763335377069282,-5.996934396076027,-7.352544451256898,3.0,0.32434232434232435,3083.1622176591372,0.44542858807761787,-0.5928558941786607,1.7715750830371186,1298.9010989010987,-1.0,81.59362549800797,0.3243127507588112,
2023-08-12 10:35:52.223000,-6.301204819277109,-0.6265060240963856,-7.602409638554217,-0.5076640098099325,-6.011649294911098,-7.264255058246474,3.0,0.32434232434232435,3083.1622176591372,0.6011304702523157,-0.3436862653691515,1.4666977448866616,1306.227106227106,-1.0,81.59362549800797,0.3243122309736992,
2023-08-12 10:35:52.231000,-6.301204819277109,-0.6265060240963856,-7.614457831325302,-0.5910484365419988,-5.996934396076027,-7.342734518700183,3.0,0.32434232434232435,3083.1622176591372,0.5268923722393805,-0.41559349688246644,1.3502709632305805,1311.3553113553112,-1.0,81.59362549800797,0.32431170273304794,
2023-08-12 10:35:52.239000,-6.325301204819278,-0.6265060240963856,-7.578313253012048,-0.6327406499080318,-6.090128755364806,-7.308399754751686,3.0,0.32434232434232435,3083.1622176591372,0.7014742730610103,-0.593088980828624,1.401550026222248,1311.3553113553112,-1.0,81.59362549800797,0.32431116566956053,
2023-08-12 10:35:52.246000,-6.325301204819278,-0.6385542168674699,-7.578313253012048,-0.551808706315144,-6.065603923973022,-7.242182709993869,3.0,0.32434232434232435,3083.1622176591372,0.4933278946448336,-0.09509935318454654,1.3027212866383078,1306.9597069597069,-1.0,81.59362549800797,0.32431061941228606,
2023-08-12 10:35:52.254000,-6.337349397590362,-0.6385542168674699,-7.590361445783133,-0.5861434702636419,-6.019006744328633,-7.281422440220723,3.0,0.32434232434232435,3083.1622176591372,0.4843540586212919,-0.1792436338208736,0.9164967076510698,1302.5641025641025,-1.0,81.59362549800797,0.32431006358866005,
2023-08-12 10:35:52.262000,-6.313253012048193,-0.6385542168674699,-7.602409638554217,-0.5836909871244634,-6.036174126302881,-7.288779889638258,3.0,0.32434232434232435,3083.1622176591372,0.7525202494027156,-0.30650894470019174,0.7914457199463905,1297.4358974358975,-1.0,81.59362549800797,0.32430949782671026,
2023-08-12 10:35:52.269000,-6.337349397590362,-0.6385542168674699,-7.566265060240965,-0.5935009196811771,-6.050889025137952,-7.318209687308399,3.0,0.32434232434232435,3083.1622176591372,0.5338849717382428,-0.06561389196433763,0.6110366528757063,1293.040293040293,-1.0,81.59362549800797,0.3243089217574174,
2023-08-12 10:35:52.277000,-6.337349397590362,-0.6506024096385542,-7.578313253012048,-0.568976088289393,-6.048436541998774,-7.323114653586757,3.0,0.32434232434232435,3083.1622176591372,0.5467047374861609,-0.521414835965269,0.7082337859099116,1290.10989010989,-1.0,81.59362549800797,0.3243083350172244,
2023-08-12 10:35:52.285000,-6.349397590361446,-0.6385542168674699,-7.602409638554217,-0.640098099325567,-6.080318822808093,-7.323114653586757,3.0,0.32434232434232435,3083.1622176591372,0.7118466289843255,-0.7273468912068063,0.6837596876638895,1288.6446886446886,-1.0,81.59362549800797,0.3243077372506831,
2023-08-12 10:35:52.292000,-6.349397590361446,-0.6265060240963856,-7.602409638554217,-0.5567136725935009,-6.05334150827713,-7.298589822194972,3.0,0.32434232434232435,3083.1622176591372,0.9688246605675663,-0.7041547695355747,0.7831711438727346,1289.3772893772893,-1.0,81.59362549800797,0.3243071281132253,
2023-08-12 10:35:52.300000,-6.337349397590362,-0.6265060240963856,-7.614457831325302,-0.5959534028203556,-6.055793991416309,-7.345187001839362,3.0,0.32389832389832396,3087.388622344071,1.3904784103490466,-0.14987471592564555,0.9868888759396314,1290.8424908424909,-1.0,81.59362549800797,0.32430650727404714,
2023-08-12 10:35:52.308000,-6.325301204819278,-0.6144578313253012,-7.614457831325302,-0.5836909871244634,-6.036174126302881,-7.340282035561005,3.0,0.32434232434232435,3083.1622176591372,1.4393100635161127,-0.04102325039333428,1.1272070392168279,1293.7728937728937,-1.0,81.59362549800797,0.32430587426979773,
2023-08-12 10:35:52.315000,-6.36144578313253,-0.6144578313253012,-7.602409638554217,-0.5910484365419988,-6.050889025137952,-7.310852237890864,3.0,0.32434232434232435,3083.1622176591372,1.1824485752578509,-0.19555969931822195,1.1431734747392341,1298.168498168498,-1.0,81.59362549800797,0.3243052286350648,
2023-08-12 10:35:52.323000,-6.349397590361446,-0.5903614457831325,-7.602409638554217,-0.6131207847946045,-6.075413856529736,-7.278969957081545,3.0,0.32434232434232435,3083.1622176591372,1.5652933978206398,-0.14731076277606195,1.156459413787076,1304.0293040293038,-1.0,81.59362549800797,0.3243045700644471,
2023-08-12 10:35:52.331000,-6.337349397590362,-0.6024096385542169,-7.590361445783133,-0.46842427958307786,-6.075413856529736,-7.320662170447577,3.0,0.32434232434232435,3083.1622176591372,1.1945690810558822,-0.23739875298642382,1.1825651185828328,1312.8205128205127,-1.0,81.59362549800797,0.3243038982768058,
2023-08-12 10:35:52.338000,-6.36144578313253,-0.5783132530120483,-7.578313253012048,-0.5199264255058246,-6.068056407112201,-7.296137339055794,3.0,0.32434232434232435,3083.1622176591372,1.0400326321309945,-0.21910145096439607,1.4933861663073258,1323.8095238095236,-1.0,81.59362549800797,0.3243032130183087,
2023-08-12 10:35:52.346000,-6.373493975903615,-0.5662650602409639,-7.602409638554217,-0.463519313304721,-6.033721643163703,-7.330472103004292,3.0,0.32389832389832396,3087.388622344071,1.1142707301439314,-0.2336693665870284,1.4207796748441244,1337.7289377289376,-1.0,81.59362549800797,0.32430251406550076,
2023-08-12 10:35:52.354000,-6.36144578313253,-0.5542168674698795,-7.602409638554217,-0.49785407725321884,-6.021459227467811,-7.27161250766401,3.0,0.32389832389832396,3087.388622344071,1.2331449216246138,0.2732940970805909,1.6079482547637076,1358.2417582417581,-1.0,81.59362549800797,0.32430180121783814,
2023-08-12 10:35:52.361000,-6.36144578313253,-0.5542168674698795,-7.602409638554217,-0.5469037400367872,-6.060698957694665,-7.318209687308399,3.0,0.32434232434232435,3083.1622176591372,1.106811957345144,0.3031291882757406,1.3355865042829662,1385.3479853479853,-1.0,81.59362549800797,0.3243010741197566,
2023-08-12 10:35:52.369000,-6.349397590361446,-0.5662650602409639,-7.590361445783133,-0.5297363580625383,-6.055793991416309,-7.318209687308399,3.0,0.32389832389832396,3087.388622344071,1.098537381271489,-0.2483538255346433,1.3102966027620777,1420.5128205128203,-1.0,81.59362549800797,0.3243003324224595,
2023-08-12 10:35:52.377000,-6.349397590361446,-0.5903614457831325,-7.578313253012048,-0.5370938074800735,-6.045984058859595,-7.23973022685469,3.0,0.32434232434232435,3083.1622176591372,1.0754618029252383,0.05815511916555022,1.118815919818193,1460.8058608058607,-1.0,81.59362549800797,0.3242995758067279,
2023-08-12 10:35:52.384000,-6.349397590361446,-0.5783132530120483,-7.578313253012048,-0.46842427958307786,-6.036174126302881,-7.330472103004292,3.0,0.32434232434232435,3083.1622176591372,1.0946914515471127,-0.12516753102966136,1.5988578754151848,1506.9597069597069,-1.0,81.59362549800797,0.3242988039739715,
2023-08-12 10:35:52.392000,-6.325301204819278,-0.5662650602409639,-7.614457831325302,-0.598405885959534,-6.082771305947271,-7.305947271612507,3.0,0.32434232434232435,3083.1622176591372,0.9463317988462215,-0.34100576889458706,1.4471184662898438,1558.2417582417581,-1.0,81.59362549800797,0.3242980168074932,
2023-08-12 10:35:52.400000,-6.337349397590362,-0.5783132530120483,-7.614457831325302,-0.5542611894543225,-6.016554261189454,-7.288779889638258,3.0,0.32434232434232435,3083.1622176591372,1.0725482198007121,-0.16246139502360019,1.6642386807295613,1610.989010989011,-1.0,81.59362549800797,0.3242972142358099,
2023-08-12 10:35:52.407000,-6.325301204819278,-0.6024096385542169,-7.578313253012048,-0.5616186388718577,-6.08522378908645,-7.313304721030042,3.0,0.32434232434232435,3083.1622176591372,0.9688246605675663,0.3209603169978433,1.585921566342289,1662.2710622710622,-1.0,81.59362549800797,0.3242963962346509,
2023-08-12 10:35:52.415000,-6.349397590361446,-0.6265060240963856,-7.602409638554217,-0.5444512568976088,-6.090128755364806,-7.325567136725935,3.0,0.32389832389832396,3087.388622344071,1.4579569955130829,0.10850183555736877,1.7642328535633114,1709.1575091575091,-1.0,81.59362549800797,0.32429556282887273,
2023-08-12 10:35:52.423000,-6.349397590361446,-0.6024096385542169,-7.602409638554217,-0.5812385039852851,-5.996934396076027,-7.342734518700183,3.0,0.32434232434232435,3083.1622176591372,1.3165899423110523,0.020628168521647974,1.5767146436687847,1747.985347985348,-1.0,81.59362549800797,0.3242947139449877,
2023-08-12 10:35:52.430000,-6.349397590361446,-0.6144578313253012,-7.626506024096386,-0.5812385039852851,-6.058246474555487,-7.315757204169221,3.0,0.32434232434232435,3083.1622176591372,1.4046966959967382,-0.0533768428413255,1.5732183439193514,1779.4871794871794,-1.0,81.59362549800797,0.3242938495403009,
2023-08-12 10:35:52.438000,-6.349397590361446,-0.6265060240963856,-7.626506024096386,-0.6229307173513182,-6.05334150827713,-7.296137339055794,3.0,0.32434232434232435,3083.1622176591372,1.5827748965677984,0.3326146494959495,1.4748557776353366,1799.9999999999998,-1.0,81.59362549800797,0.32429296976345384,
2023-08-12 10:35:52.446000,-6.337349397590362,-0.6144578313253012,-7.590361445783133,-0.640098099325567,-6.134273451870018,-7.342734518700183,3.0,0.32434232434232435,3083.1622176591372,1.344327253656547,0.22865800361284375,1.453644892488782,1812.4542124542124,-1.0,81.59362549800797,0.32429207481697514,
2023-08-12 10:35:52.453000,-6.349397590361446,-0.6144578313253012,-7.602409638554217,-0.568976088289393,-6.021459227467811,-7.318209687308399,3.0,0.32434232434232435,3083.1622176591372,1.445020686440184,0.3411223122195679,1.3731134549268675,1815.3846153846152,-1.0,81.59362549800797,0.32429116495845567,
2023-08-12 10:35:52.461000,-6.36144578313253,-0.6144578313253012,-7.590361445783133,-0.5959534028203556,-6.087676272225628,-7.323114653586757,3.0,0.32434232434232435,3083.1622176591372,1.4212458481440482,0.33133267292115853,1.3509702231804677,1808.7912087912086,-1.0,81.59362549800797,0.324290240501594,
2023-08-12 10:35:52.469000,-6.373493975903615,-0.6024096385542169,-7.614457831325302,-0.5346413243408952,-6.021459227467811,-7.340282035561005,3.0,0.32434232434232435,3083.1622176591372,1.3102966027620768,0.12540061767962304,1.0886311986480979,1794.8717948717947,-1.0,81.59362549800797,0.3242893018171038,
2023-08-12 10:35:52.476000,-6.325301204819278,-0.6024096385542169,-7.590361445783133,-0.5248313917841815,-6.019006744328633,-7.305947271612507,3.0,0.32434232434232435,3083.1622176591372,1.3034205465881934,-0.06048598566517042,0.8104422819183037,1774.3589743589741,-1.0,81.59362549800797,0.32428834933347744,
2023-08-12 10:35:52.484000,-6.337349397590362,-0.6144578313253012,-7.614457831325302,-0.5738810545677498,-5.989576946658492,-7.323114653586757,3.0,0.32434232434232435,3083.1622176591372,1.1590233669366594,-0.0924188567099821,1.208437736728628,1749.4505494505493,727.691650390625,82.45250576640805,0.32428738353759906,
2023-08-12 10:35:52.492000,-6.337349397590362,-0.5903614457831325,-7.590361445783133,-0.5714285714285714,-6.016554261189454,-7.303494788473329,3.0,0.32434232434232435,3083.1622176591372,1.4911718431326837,-0.41186411048307275,0.7331740574558585,1723.0769230769229,-1.0,82.45250576640805,0.32428640497520045,
2023-08-12 10:35:52.499000,-6.289156626506024,-0.6144578313253012,-7.590361445783133,-0.5861434702636419,-6.021459227467811,-7.288779889638258,3.0,0.32389832389832396,3087.388622344071,1.5467630091486522,-0.7339898607307261,0.7321251675310303,1695.970695970696,-1.0,82.45250576640805,0.32428541425115526,
2023-08-12 10:35:52.507000,-6.313253012048193,-0.6265060240963856,-7.602409638554217,-0.598405885959534,-6.036174126302881,-7.328019619865113,3.0,0.32389832389832396,3087.388622344071,1.3918769302488219,-0.3019637550259305,0.9138162111765041,1669.5970695970695,-1.0,82.45250576640805,0.3242844118803103,
2023-08-12 10:35:52.514000,-6.289156626506024,-0.6144578313253012,-7.578313253012048,-0.5591661557326794,-5.987124463519313,-7.396689147762109,3.0,0.32389832389832396,3087.388622344071,1.4043470660217923,-0.5365654682128073,1.18780956820698,1641.7582417582416,-1.0,82.45250576640805,0.32428339826556524,
2023-08-12 10:35:52.522000,-6.325301204819278,-0.6024096385542169,-7.590361445783133,-0.5542611894543225,-5.984671980380135,-7.288779889638258,3.0,0.32434232434232435,3083.1622176591372,1.373812714876754,-0.174931530796574,1.352718373055184,1615.3846153846152,-1.0,82.45250576640805,0.3242823738347108,
2023-08-12 10:35:52.530000,-6.325301204819278,-0.6024096385542169,-7.590361445783133,-0.5616186388718577,-5.999386879215205,-7.310852237890864,3.0,0.32434232434232435,3083.1622176591372,1.1751063457840443,0.3372763824951933,1.4109900355457126,1590.4761904761904,-1.0,82.45250576640805,0.3242813391874493,
2023-08-12 10:35:52.537000,-6.349397590361446,-0.6024096385542169,-7.626506024096386,-0.5419987737584304,-5.994481912936848,-7.318209687308399,3.0,0.32434232434232435,3083.1622176591372,1.1952683410057672,-0.13204358720354287,1.3176388322358843,1567.032967032967,-1.0,82.45250576640805,0.32428029511463496,
2023-08-12 10:35:52.545000,-6.337349397590362,-0.5903614457831325,-7.590361445783133,-0.5174739423666462,-6.03862660944206,-7.274064990803188,3.0,0.32434232434232435,3083.1622176591372,1.0762776062001058,0.22446244391352496,0.8109084552182285,1545.7875457875457,-1.0,82.45250576640805,0.32427924245823153,
2023-08-12 10:35:52.553000,-6.349397590361446,-0.6024096385542169,-7.566265060240965,-0.5174739423666462,-6.063151440833844,-7.288779889638258,3.0,0.32434232434232435,3083.1622176591372,1.2644950760445213,-0.015500262222480757,0.7506555562030196,1526.007326007326,-1.0,82.45250576640805,0.3242781821098592,
2023-08-12 10:35:52.560000,-6.349397590361446,-0.5903614457831325,-7.566265060240965,-0.5052115266707541,-6.102391171060699,-7.259350091968117,3.0,0.32434232434232435,3083.1622176591372,1.1290717324165271,0.11619369500611786,0.631431734747393,1506.9597069597069,-1.0,82.45250576640805,0.32427711487044725,
2023-08-12 10:35:52.568000,-6.337349397590362,-0.5903614457831325,-7.590361445783133,-0.5591661557326794,-6.026364193746168,-7.28632740649908,3.0,0.32434232434232435,3083.1622176591372,1.4825476370840862,0.035662257444205384,0.43843598857875293,1487.9120879120878,-1.0,82.45250576640805,0.3242760416076215,
2023-08-12 10:35:52.576000,-6.325301204819278,-0.5903614457831325,-7.590361445783133,-0.5444512568976088,-6.0705088902513795,-7.318209687308399,3.0,0.32434232434232435,3083.1622176591372,1.4369791970164925,-0.20907872501602504,0.552531903735214,1465.9340659340658,-1.0,82.45250576640805,0.3242749633814378,
2023-08-12 10:35:52.583000,-6.349397590361446,-0.5903614457831325,-7.566265060240965,-0.5640711220110362,-6.036174126302881,-7.320662170447577,3.0,0.32434232434232435,3083.1622176591372,1.3770759279762261,-0.2678165608064794,0.22026688421420573,1443.956043956044,-1.0,82.45250576640805,0.3242738812932767,
2023-08-12 10:35:52.591000,-6.337349397590362,-0.5783132530120483,-7.590361445783133,-0.5272838749233598,-6.033721643163703,-7.303494788473329,3.0,0.32434232434232435,3083.1622176591372,1.223937998951112,-0.1772623972961942,0.10209195268341105,1424.1758241758241,-1.0,82.45250576640805,0.3242727964839084,
2023-08-12 10:35:52.599000,-6.349397590361446,-0.6024096385542169,-7.590361445783133,-0.5910484365419988,-6.055793991416309,-7.342734518700183,3.0,0.32389832389832396,3087.388622344071,1.3489889866557907,-0.3621001107161584,0.4598799603752683,1406.5934065934066,-1.0,82.45250576640805,0.3242717101314382,
2023-08-12 10:35:52.606000,-6.349397590361446,-0.6265060240963856,-7.602409638554217,-0.6621704475781729,-6.0410790925812385,-7.359901900674433,3.0,0.32434232434232435,3083.1622176591372,1.1987646407552028,-0.45137229765165265,0.6176796223996267,1391.2087912087911,-1.0,82.45250576640805,0.32427062329984585,
2023-08-12 10:35:52.614000,-6.337349397590362,-0.6385542168674699,-7.602409638554217,-0.5125689760882893,-6.0778663396689145,-7.293684855916615,3.0,0.32389832389832396,3087.388622344071,1.2162461395023578,-0.0363615173940904,0.49857234426898234,1381.6849816849815,-1.0,82.45250576640805,0.3242695370641288,
2023-08-12 10:35:52.622000,-6.325301204819278,-0.6506024096385542,-7.626506024096386,-0.5714285714285714,-6.028816676885346,-7.34763948497854,3.0,0.32434232434232435,3083.1622176591372,1.0832702056989698,0.3594196142415939,0.7955247363207271,1373.6263736263736,-1.0,82.45250576640805,0.32426845251757025,
2023-08-12 10:35:52.629000,-6.36144578313253,-0.6385542168674699,-7.602409638554217,-0.615573267933783,-6.048436541998774,-7.328019619865113,3.0,0.32389832389832396,3087.388622344071,1.0241827399335695,0.631548278072373,1.0573975875531718,1367.032967032967,-1.0,82.45250576640805,0.3242673707577531,
2023-08-12 10:35:52.637000,-6.36144578313253,-0.6385542168674699,-7.638554216867471,-0.6253832004904966,-6.095033721643164,-7.37952176578786,3.0,0.32434232434232435,3083.1622176591372,0.6295670415476936,0.5046325971679974,1.0118291474855783,1363.3699633699632,-1.0,82.45250576640805,0.3242662928934692,
2023-08-12 10:35:52.645000,-6.349397590361446,-0.6385542168674699,-7.590361445783133,-0.5493562231759657,-6.095033721643164,-7.354996934396076,3.0,0.32434232434232435,3083.1622176591372,0.7576481557018828,0.42806363265544023,0.9801293630907296,1359.7069597069597,-1.0,82.45250576640805,0.32426522003040076,
2023-08-12 10:35:52.652000,-6.349397590361446,-0.6506024096385542,-7.626506024096386,-0.6425505824647455,-6.063151440833844,-7.37952176578786,3.0,0.32345432345432346,3091.6266300617704,0.7778101509236056,0.575490938756483,1.0413146087057854,1355.3113553113553,-1.0,82.45250576640805,0.3242641534270175,
2023-08-12 10:35:52.660000,-6.36144578313253,-0.6506024096385542,-7.626506024096386,-0.6229307173513182,-6.095033721643164,-7.381974248927039,3.0,0.32389832389832396,3087.388622344071,0.781656080647982,-0.22248120738884725,1.11741739991842,1354.5787545787546,-1.0,82.45250576640805,0.32426309419272487,
2023-08-12 10:35:52.668000,-6.373493975903615,-0.6385542168674699,-7.578313253012048,-0.5861434702636419,-6.048436541998774,-7.320662170447577,3.0,0.32389832389832396,3087.388622344071,0.7230347881825084,0.08204650078666682,0.8107919118932461,1356.7765567765566,-1.0,82.45250576640805,0.3242620432309966,
2023-08-12 10:35:52.675000,-6.337349397590362,-0.6506024096385542,-7.602409638554217,-0.6229307173513182,-6.08522378908645,-7.323114653586757,3.0,0.32389832389832396,3087.388622344071,0.8472699726123196,0.06503117533943172,0.7187226851582068,1358.974358974359,-1.0,82.45250576640805,0.3242610014044732,
2023-08-12 10:35:52.683000,-6.325301204819278,-0.6265060240963856,-7.614457831325302,-0.5787860208461066,-6.124463519313305,-7.367259350091968,3.0,0.32434232434232435,3083.1622176591372,1.0284948429578673,-0.5623215430336225,0.7017073597109716,1362.6373626373625,-1.0,82.45250576640805,0.3242599695399763,
2023-08-12 10:35:52.691000,-6.325301204819278,-0.6144578313253012,-7.614457831325302,-0.5959534028203556,-6.072961373390558,-7.389331698344574,3.0,0.32434232434232435,3083.1622176591372,0.8286230406153493,-0.4968241943942657,0.6546238564186247,1367.032967032967,-1.0,82.45250576640805,0.3242589485721292,
2023-08-12 10:35:52.698000,-6.325301204819278,-0.6024096385542169,-7.602409638554217,-0.5935009196811771,-6.021459227467811,-7.342734518700183,3.0,0.32434232434232435,3083.1622176591372,0.8142882116426804,-0.9409708058970926,0.5468212808111425,1370.6959706959706,-1.0,82.45250576640805,0.3242579395594465,
2023-08-12 10:35:52.706000,-6.313253012048193,-0.6265060240963856,-7.626506024096386,-0.5738810545677498,-5.977314530962599,-7.313304721030042,3.0,0.32434232434232435,3083.1622176591372,0.9675426839927737,-0.6450673037701761,0.7935434997960499,1372.161172161172,-1.0,82.45250576640805,0.32425694354140233,
2023-08-12 10:35:52.714000,-6.313253012048193,-0.6144578313253012,-7.626506024096386,-0.640098099325567,-6.00674432863274,-7.37952176578786,3.0,0.32389832389832396,3087.388622344071,0.5247945923897203,-0.4708350329234888,0.7814229939980177,1372.8937728937728,-1.0,82.45250576640805,0.3242559615343851,
2023-08-12 10:35:52.721000,-6.301204819277109,-0.6265060240963856,-7.626506024096386,-0.5861434702636419,-6.009196811771918,-7.352544451256898,3.0,0.32389832389832396,3087.388622344071,0.6810791911893257,-0.5999650370025056,0.7853854670473754,1373.6263736263736,-1.0,82.45250576640805,0.3242549943785168,
2023-08-12 10:35:52.729000,-6.301204819277109,-0.6144578313253012,-7.626506024096386,-0.5125689760882893,-6.050889025137952,-7.337829552421827,3.0,0.32389832389832396,3087.388622344071,0.7606782821513914,-0.5406444845871452,0.8815337101567514,1372.8937728937728,-1.0,82.45250576640805,0.3242540427120754,
2023-08-12 10:35:52.737000,-6.313253012048193,-0.6144578313253012,-7.626506024096386,-0.5910484365419988,-6.05334150827713,-7.328019619865113,3.0,0.32434232434232435,3083.1622176591372,0.7464599965036999,-0.5296894120389258,0.8710448109084551,1371.4285714285713,-1.0,82.45250576640805,0.32425310710506183,
2023-08-12 10:35:52.744000,-6.337349397590362,-0.6144578313253012,-7.602409638554217,-0.5616186388718577,-6.0410790925812385,-7.301042305334151,3.0,0.32434232434232435,3083.1622176591372,0.9321135131985316,-0.20150340889225504,0.752986422702639,1369.230769230769,-1.0,82.45250576640805,0.3242521882033564,
2023-08-12 10:35:52.752000,-6.349397590361446,-0.6024096385542169,-7.602409638554217,-0.5812385039852851,-6.063151440833844,-7.354996934396076,3.0,0.32434232434232435,3083.1622176591372,0.6858574675135487,0.18215721694539974,0.6357438377716913,1367.032967032967,-1.0,82.45250576640805,0.32425128674553005,
2023-08-12 10:35:52.760000,-6.373493975903615,-0.6024096385542169,-7.590361445783133,-0.5714285714285714,-6.0410790925812385,-7.308399754751686,3.0,0.32434232434232435,3083.1622176591372,0.27504224695530693,0.2739933570304759,0.5809684750305926,1364.8351648351647,-1.0,82.45250576640805,0.3242504034208213,
2023-08-12 10:35:52.767000,-6.36144578313253,-0.6024096385542169,-7.614457831325302,-0.5419987737584304,-6.043531575720417,-7.301042305334151,3.0,0.32434232434232435,3083.1622176591372,0.3885554454868586,0.35126158149291975,0.278655090029719,1361.904761904762,-1.0,82.45250576640805,0.32424953886617874,
2023-08-12 10:35:52.775000,-6.36144578313253,-0.5903614457831325,-7.626506024096386,-0.5272838749233598,-6.102391171060699,-7.330472103004292,3.0,0.32389832389832396,3087.388622344071,0.16222830837363852,0.19975525901753902,0.14509643960142116,1360.4395604395604,-1.0,82.45250576640805,0.32424869366364556,
2023-08-12 10:35:52.783000,-6.385542168674699,-0.5903614457831325,-7.602409638554217,-0.568976088289393,-6.072961373390558,-7.350091968117718,3.0,0.32389832389832396,3087.388622344071,0.5218810092651924,-0.2858807761785438,0.1306450673037699,1358.2417582417581,-1.0,82.45250576640805,0.32424786818880674,
2023-08-12 10:35:52.790000,-6.385542168674699,-0.5783132530120483,-7.614457831325302,-0.5027590435315757,-6.104843654199877,-7.330472103004292,3.0,0.32434232434232435,3083.1622176591372,0.40289027445952924,-0.461161936950062,0.13146087057863715,1356.0439560439559,-1.0,82.45250576640805,0.32424706258703045,
2023-08-12 10:35:52.798000,-6.349397590361446,-0.5783132530120483,-7.590361445783133,-0.5076640098099325,-6.026364193746168,-7.372164316370324,3.0,0.32434232434232435,3083.1622176591372,0.8673154245090616,-0.6376085309713886,0.10244158265835333,1352.3809523809523,-1.0,82.45250576640805,0.32424627705833275,
2023-08-12 10:35:52.806000,-6.325301204819278,-0.5662650602409639,-7.602409638554217,-0.5469037400367872,-6.080318822808093,-7.28632740649908,3.0,0.32389832389832396,3087.388622344071,0.7165083619835694,-1.1195151797680796,0.3776003729386405,1343.5897435897434,-1.0,82.45250576640805,0.32424551187629247,
2023-08-12 10:35:52.813000,-6.349397590361446,-0.5903614457831325,-7.602409638554217,-0.5567136725935009,-6.063151440833844,-7.318209687308399,3.0,0.32389832389832396,3087.388622344071,0.5969349105529969,-1.2935143639648032,0.8183672280170153,1332.6007326007325,-1.0,82.45250576640805,0.324244767237719,
2023-08-12 10:35:52.821000,-6.337349397590362,-0.5903614457831325,-7.626506024096386,-0.5444512568976088,-6.004291845493562,-7.261802575107295,3.0,0.32389832389832396,3087.388622344071,0.5714119223821451,-1.5152963114037639,1.3317405745585922,1322.3443223443223,-1.0,82.45250576640805,0.3242440430810515,
2023-08-12 10:35:52.829000,-6.36144578313253,-0.5903614457831325,-7.578313253012048,-0.5174739423666462,-6.068056407112201,-7.310852237890864,3.0,0.32389832389832396,3087.388622344071,0.668725598741331,-1.2767321251675317,1.3418798438319446,1316.4835164835165,-1.0,82.45250576640805,0.3242433390956574,
2023-08-12 10:35:52.836000,-6.349397590361446,-0.6024096385542169,-7.566265060240965,-0.5616186388718577,-6.122011036174126,-7.269160024524831,3.0,0.32389832389832396,3087.388622344071,0.8999475555037584,-0.91649670765107,1.3070333896626072,1315.018315018315,-1.0,82.45250576640805,0.32424265486936144,
2023-08-12 10:35:52.844000,-6.349397590361446,-0.5903614457831325,-7.590361445783133,-0.5272838749233598,-6.060698957694665,-7.291232372777436,3.0,0.32389832389832396,3087.388622344071,0.4282967193054019,-0.8047316589942309,1.0293106462327368,1315.7509157509157,-1.0,82.45250576640805,0.32424198988696273,
2023-08-12 10:35:52.852000,-6.349397590361446,-0.5903614457831325,-7.602409638554217,-0.5248313917841815,-6.019006744328633,-7.293684855916615,3.0,0.32389832389832396,3087.388622344071,0.5408775712371069,-0.5721111823320318,1.2931647339898606,1317.9487179487178,-1.0,82.45250576640805,0.3242413435290469,
2023-08-12 10:35:52.859000,-6.349397590361446,-0.5903614457831325,-7.602409638554217,-0.5027590435315757,-6.00674432863274,-7.301042305334151,3.0,0.32389832389832396,3087.388622344071,0.3929840918361408,-0.44496241477769277,1.0653225336518841,1320.14652014652,-1.0,82.45250576640805,0.324240715071106,
2023-08-12 10:35:52.867000,-6.36144578313253,-0.5903614457831325,-7.578313253012048,-0.5861434702636419,-6.065603923973022,-7.335377069282648,3.0,0.32389832389832396,3087.388622344071,0.2742264436804376,-0.7750131111240603,0.9463317988462212,1320.14652014652,-1.0,82.45250576640805,0.32424010368297695,
2023-08-12 10:35:52.875000,-6.325301204819278,-0.5903614457831325,-7.578313253012048,-0.5836909871244634,-6.058246474555487,-7.291232372777436,3.0,0.32389832389832396,3087.388622344071,0.24870345550958406,-0.8678981411339658,0.8433074995629614,1320.14652014652,-1.0,82.45250576640805,0.3242395084286113,
2023-08-12 10:35:52.882000,-6.349397590361446,-0.6265060240963856,-7.578313253012048,-0.5812385039852851,-5.989576946658492,-7.249540159411404,3.0,0.32389832389832396,3087.388622344071,0.43773672862886703,-1.1423576714643668,0.5094108734922207,1318.6813186813185,-1.0,82.45250576640805,0.3242389282661842,
2023-08-12 10:35:52.890000,-6.313253012048193,-0.6144578313253012,-7.566265060240965,-0.5542611894543225,-5.982219497240957,-7.23973022685469,3.0,0.32389832389832396,3087.388622344071,0.05827166249053105,-1.3256803216595767,0.6662781889167306,1317.216117216117,-1.0,82.45250576640805,0.32423836204855055,
2023-08-12 10:35:52.897000,-6.337349397590362,-0.6265060240963856,-7.578313253012048,-0.6180257510729613,-6.014101778050276,-7.291232372777436,3.0,0.32389832389832396,3087.388622344071,0.3236408134724094,-0.5901753977040962,0.393683351786027,1314.2857142857142,-1.0,82.45250576640805,0.324237808524058,
2023-08-12 10:35:52.905000,-6.27710843373494,-0.6385542168674699,-7.566265060240965,-0.6253832004904966,-6.0410790925812385,-7.212752912323728,3.0,0.32434232434232435,3083.1622176591372,0.2666511275566693,-0.9294330167239673,0.4877338150457433,1310.6227106227104,-1.0,82.45250576640805,0.32423726633771993,
2023-08-12 10:35:52.913000,-6.27710843373494,-0.6265060240963856,-7.542168674698796,-0.5640711220110362,-5.984671980380135,-7.234825260576333,3.0,0.32389832389832396,3087.388622344071,0.2863469494784689,-0.9148651011013349,0.4282967193054017,1306.227106227106,-1.0,82.45250576640805,0.324236734182049,
2023-08-12 10:35:52.920000,-6.265060240963856,-0.6265060240963856,-7.55421686746988,-0.598405885959534,-5.999386879215205,-7.251992642550582,3.0,0.32434232434232435,3083.1622176591372,0.5068469203426385,-0.8401608297884746,0.489365421595478,1304.0293040293038,-1.0,82.45250576640805,0.3242362106715467,
2023-08-12 10:35:52.928000,-6.265060240963856,-0.6385542168674699,-7.542168674698796,-0.5836909871244634,-6.031269160024524,-7.2323727774371545,3.0,0.32389832389832396,3087.388622344071,0.5270089155643614,-0.7684866849251214,0.4592972437503648,1304.0293040293038,-1.0,82.45250576640805,0.3242356943353373,
2023-08-12 10:35:52.936000,-6.27710843373494,-0.6265060240963856,-7.566265060240965,-0.6302881667688535,-6.023911710606989,-7.293684855916615,3.0,0.32434232434232435,3083.1622176591372,0.42573276615581657,-0.28343336635394273,0.5837655148301372,1304.0293040293038,-1.0,82.45250576640805,0.32423518363133413,
2023-08-12 10:35:52.943000,-6.313253012048193,-0.6265060240963856,-7.542168674698796,-0.5935009196811771,-5.987124463519313,-7.27161250766401,3.0,0.32389832389832396,3087.388622344071,0.550900297185478,-0.10582133908280432,0.6454169337451203,1304.7619047619046,-1.0,82.45250576640805,0.32423467693978814,
2023-08-12 10:35:52.951000,-6.325301204819278,-0.6144578313253012,-7.542168674698796,-0.568976088289393,-6.011649294911098,-7.283874923359901,3.0,0.32434232434232435,3083.1622176591372,0.785851640347299,-0.03589534409416706,0.7077676126099869,1307.6923076923076,-1.0,82.45250576640805,0.32423417257835385,
2023-08-12 10:35:52.959000,-6.349397590361446,-0.6265060240963856,-7.542168674698796,-0.598405885959534,-6.0705088902513795,-7.293684855916615,3.0,0.32389832389832396,3087.388622344071,0.45358662082629375,0.003496299749432037,0.43330808227958817,1310.6227106227104,-1.0,82.45250576640805,0.3242336687965183,
2023-08-12 10:35:52.966000,-6.373493975903615,-0.6385542168674699,-7.55421686746988,-0.5959534028203556,-6.080318822808093,-7.2323727774371545,3.0,0.32389832389832396,3087.388622344071,0.6711730085659338,0.10407318920808831,0.22353009731367718,1315.7509157509157,-1.0,82.45250576640805,0.32423316393026785,
2023-08-12 10:35:52.974000,-6.397590361445784,-0.6144578313253012,-7.590361445783133,-0.5836909871244634,-6.124463519313305,-7.23973022685469,3.0,0.32389832389832396,3087.388622344071,0.47468096264786336,-0.025522988170851784,-0.10640405570770888,1322.3443223443223,-1.0,82.45250576640805,0.3242326560889168,
2023-08-12 10:35:52.982000,-6.385542168674699,-0.6265060240963856,-7.578313253012048,-0.5714285714285714,-6.168608215818516,-7.305947271612507,3.0,0.32389832389832396,3087.388622344071,0.44764291125225725,-0.0027970397995452823,-0.1598974418740167,1329.6703296703297,-1.0,82.45250576640805,0.3242321431716159,
2023-08-12 10:35:52.989000,-6.397590361445784,-0.6265060240963856,-7.578313253012048,-0.5910484365419988,-6.03862660944206,-7.323114653586757,3.0,0.32389832389832396,3087.388622344071,0.47864343569722045,0.20115377891731254,0.031117067769943055,1337.7289377289376,-1.0,82.45250576640805,0.3242316230220875,
2023-08-12 10:35:52.997000,-6.397590361445784,-0.6265060240963856,-7.578313253012048,-0.5419987737584304,-6.1072961373390555,-7.296137339055794,3.0,0.32389832389832396,3087.388622344071,0.4208379465066145,0.40265718780956755,-0.4633762601247013,1340.6593406593406,-1.0,82.45250576640805,0.324231093434315,
2023-08-12 10:35:53.005000,-6.373493975903615,-0.6144578313253012,-7.602409638554217,-0.5640711220110362,-6.080318822808093,-7.261802575107295,3.0,0.32389832389832396,3087.388622344071,0.7296777577064282,0.18973253306916799,-0.16187867839869438,1340.6593406593406,-1.0,82.45250576640805,0.32423055215846025,
2023-08-12 10:35:53.012000,-6.36144578313253,-0.6024096385542169,-7.590361445783133,-0.5297363580625383,-6.0999386879215205,-7.269160024524831,3.0,0.32389832389832396,3087.388622344071,0.7173241652584352,0.18926635976924464,-0.1684051045976343,1339.194139194139,-1.0,82.45250576640805,0.3242299969069897,
2023-08-12 10:35:53.020000,-6.36144578313253,-0.6144578313253012,-7.590361445783133,-0.5616186388718577,-6.102391171060699,-7.283874923359901,3.0,0.32389832389832396,3087.388622344071,0.4282967193054019,-0.04125633704329595,-0.12808111415418633,1337.7289377289376,-1.0,82.45250576640805,0.3242294253609866,
2023-08-12 10:35:53.028000,-6.373493975903615,-0.6144578313253012,-7.614457831325302,-0.539546290619252,-6.060698957694665,-7.369711833231146,3.0,0.32389832389832396,3087.388622344071,0.8909737194802183,0.029485461220208904,-0.010955072548220052,1336.263736263736,-1.0,82.45250576640805,0.32422883517663037,
2023-08-12 10:35:53.035000,-6.385542168674699,-0.6024096385542169,-7.614457831325302,-0.5003065603923973,-6.072961373390558,-7.345187001839362,3.0,0.32389832389832396,3087.388622344071,0.32830254647164986,-0.38494260241244743,0.30452770817551433,1335.5311355311355,-1.0,82.45250576640805,0.32422822399181744,
2023-08-12 10:35:53.043000,-6.373493975903615,-0.6265060240963856,-7.626506024096386,-0.539546290619252,-6.058246474555487,-7.386879215205395,3.0,0.32389832389832396,3087.388622344071,0.484820231921217,-0.24613950236000218,0.281219043179302,1335.5311355311355,-1.0,82.45250576640805,0.3242275894329034,
2023-08-12 10:35:53.051000,-6.385542168674699,-0.6024096385542169,-7.626506024096386,-0.5567136725935009,-6.126916002452483,-7.364806866952789,3.0,0.32389832389832396,3087.388622344071,0.3026630149758172,-0.43843598857875377,0.6127848027504229,1334.7985347985348,-1.0,82.45250576640805,0.3242269291215388,
2023-08-12 10:35:53.058000,-6.397590361445784,-0.6144578313253012,-7.674698795180723,-0.6082158185162476,-6.082771305947271,-7.416309012875536,3.0,0.32389832389832396,3087.388622344071,0.15243866907522916,-0.29310646232736953,0.29835091195151825,1331.135531135531,-1.0,82.45250576640805,0.3242262406815789,
2023-08-12 10:35:53.066000,-6.397590361445784,-0.6385542168674699,-7.626506024096386,-0.6253832004904966,-6.13182096873084,-7.416309012875536,3.0,0.32389832389832396,3087.388622344071,-0.14859273935085288,-0.48050812889691735,0.1807586970456271,1328.2051282051282,-1.0,82.45250576640805,0.3242255217460394,
2023-08-12 10:35:53.074000,-6.385542168674699,-0.6506024096385542,-7.650602409638554,-0.6033108522378908,-6.055793991416309,-7.381974248927039,3.0,0.32389832389832396,3087.388622344071,-0.14416409300157415,-0.6560223763183956,0.2157216945399453,1327.4725274725274,-1.0,82.45250576640805,0.32422476996407346,
2023-08-12 10:35:53.081000,-6.385542168674699,-0.6385542168674699,-7.626506024096386,-0.5493562231759657,-6.0705088902513795,-7.372164316370324,3.0,0.32389832389832396,3087.388622344071,-0.7196550317580555,-0.35778800769185876,-0.08764058038575792,1327.4725274725274,-1.0,82.45250576640805,0.32422398300794725,
2023-08-12 10:35:53.089000,-6.385542168674699,-0.6506024096385542,-7.638554216867471,-0.6057633353770693,-6.124463519313305,-7.389331698344574,3.0,0.32389832389832396,3087.388622344071,-0.47887652234718214,-0.658003612843075,-0.3763183963638483,1328.2051282051282,-1.0,82.45250576640805,0.32422315857998746,
2023-08-12 10:35:53.097000,-6.373493975903615,-0.6385542168674699,-7.638554216867471,-0.5861434702636419,-6.1146535867565905,-7.313304721030042,3.0,0.32389832389832396,3087.388622344071,-0.806479808868947,-0.2863469494784689,-0.2948546122020864,1331.8681318681317,-1.0,82.45250576640805,0.32422229441947426,
2023-08-12 10:35:53.104000,-6.373493975903615,-0.6385542168674699,-7.650602409638554,-0.5297363580625383,-6.063151440833844,-7.389331698344574,3.0,0.32389832389832396,3087.388622344071,-0.9614824310937597,-0.4222364664063863,-0.8536798554862767,1342.1245421245421,-1.0,82.45250576640805,0.3242213883094598,
2023-08-12 10:35:53.112000,-6.349397590361446,-0.6385542168674699,-7.626506024096386,-0.5787860208461066,-6.058246474555487,-7.367259350091968,3.0,0.32389832389832396,3087.388622344071,-1.3893129770992365,-0.3891381621117645,-1.4520132859390478,1356.0439560439559,-1.0,82.45250576640805,0.32422043808348283,
2023-08-12 10:35:53.120000,-6.313253012048193,-0.6265060240963856,-7.614457831325302,-0.5959534028203556,-5.994481912936848,-7.323114653586757,3.0,0.32389832389832396,3087.388622344071,-1.615173940912535,-1.0283782996328883,-1.9657362624555677,1378.7545787545787,-1.0,82.45250576640805,0.32421944177090695,
2023-08-12 10:35:53.127000,-6.325301204819278,-0.6385542168674699,-7.578313253012048,-0.568976088289393,-5.923359901900674,-7.33292458614347,3.0,0.32389832389832396,3087.388622344071,-1.9002389138162112,-1.2928151040149183,-1.7290367694190314,1407.3260073260071,-1.0,82.45250576640805,0.3242183975829812,
2023-08-12 10:35:53.135000,-6.27710843373494,-0.674698795180723,-7.602409638554217,-0.5787860208461066,-5.999386879215205,-7.283874923359901,3.0,0.32389832389832396,3087.388622344071,-2.0003496299749424,-1.2945632538896343,-2.0117708758230872,1446.153846153846,-1.0,82.45250576640805,0.3242173036323658,
2023-08-12 10:35:53.143000,-6.240963855421687,-0.674698795180723,-7.590361445783133,-0.5738810545677498,-5.901287553648069,-7.298589822194972,3.0,0.32434232434232435,3083.1622176591372,-2.1284307441291297,-1.7686614999125918,-2.1222539479051337,1490.10989010989,-1.0,82.45250576640805,0.3242161579606875,
2023-08-12 10:35:53.150000,-6.228915662650603,-0.674698795180723,-7.578313253012048,-0.6916002452483139,-5.996934396076027,-7.274064990803188,3.0,0.32389832389832396,3087.388622344071,-2.3778334595886026,-1.5663422877454691,-2.200454518967426,1537.7289377289376,-1.0,82.45250576640805,0.3242149588425909,
2023-08-12 10:35:53.158000,-6.240963855421687,-0.674698795180723,-7.542168674698796,-0.615573267933783,-5.952789699570815,-7.335377069282648,3.0,0.32389832389832396,3087.388622344071,-2.8233785909912013,-1.1831478352077394,-2.1555853388497175,1591.2087912087911,-1.0,82.45250576640805,0.3242137046635494,
2023-08-12 10:35:53.166000,-6.216867469879518,-0.6987951807228916,-7.542168674698796,-0.6646229307173512,-5.884120171673819,-7.28632740649908,3.0,0.32389832389832396,3087.388622344071,-2.868131227783929,-1.075112172950294,-2.3426373754443213,1646.153846153846,-1.0,82.45250576640805,0.3242123937659098,
2023-08-12 10:35:53.173000,-6.240963855421687,-0.6867469879518072,-7.506024096385542,-0.6548129981606376,-5.935622317596566,-7.244635193133047,3.0,0.32389832389832396,3087.388622344071,-3.142241128139386,-0.3443855253190365,-2.420022143231746,1698.168498168498,-1.0,82.45250576640805,0.3242110245925442,
2023-08-12 10:35:53.181000,-6.253012048192772,-0.710843373493976,-7.542168674698796,-0.6989576946658491,-5.977314530962599,-7.259350091968117,3.0,0.32389832389832396,3087.388622344071,-3.2150807062525493,0.22725948371307023,-2.4654740399743607,1742.8571428571427,-1.0,82.45250576640805,0.3242095956914705,
2023-08-12 10:35:53.189000,-6.265060240963856,-0.6987951807228916,-7.566265060240965,-0.6768853464132434,-5.972409564684242,-7.217657878602084,3.0,0.32389832389832396,3087.388622344071,-3.241419497698269,0.38237864926286386,-2.6936658702872793,1781.6849816849815,-1.0,82.45250576640805,0.32420810572017394,
2023-08-12 10:35:53.196000,-6.27710843373494,-0.6867469879518072,-7.518072289156627,-0.6866952789699571,-5.967504598405886,-7.175965665236051,3.0,0.32389832389832396,3087.388622344071,-3.693957228599733,0.7295612143814456,-3.149816444263155,1813.186813186813,-1.0,82.45250576640805,0.3242065534496177,
2023-08-12 10:35:53.204000,-6.325301204819278,-0.6987951807228916,-7.55421686746988,-0.6425505824647455,-6.023911710606989,-7.264255058246474,3.0,0.32389832389832396,3087.388622344071,-3.4267233844181564,1.1338500087407501,-3.4916380164326086,1833.6996336996335,-1.0,82.45250576640805,0.32420493776792986,
2023-08-12 10:35:53.212000,-6.325301204819278,-0.7228915662650602,-7.542168674698796,-0.6351931330472103,-6.03862660944206,-7.259350091968117,3.0,0.32389832389832396,3087.388622344071,-3.282442748091603,1.0765106928500674,-3.8790280286696577,1843.956043956044,-1.0,82.45250576640805,0.3242032576837597,
2023-08-12 10:35:53.219000,-6.313253012048193,-0.7228915662650602,-7.542168674698796,-0.6989576946658491,-6.033721643163703,-7.205395462906192,3.0,0.32434232434232435,3083.1622176591372,-3.183380921857701,1.1261581492919992,-4.29205757240254,1847.6190476190475,-1.0,82.45250576640805,0.3242015123292886,
2023-08-12 10:35:53.227000,-6.301204819277109,-0.7228915662650602,-7.518072289156627,-0.6842427958307786,-6.019006744328633,-7.190680564071122,3.0,0.32389832389832396,3087.388622344071,-3.0917778684225863,0.8513489889866558,-4.45999650370025,1841.7582417582416,-1.0,82.45250576640805,0.3241997011121849,
2023-08-12 10:35:53.235000,-6.313253012048193,-0.7228915662650602,-7.506024096385542,-0.6670754138565297,-6.021459227467811,-7.217657878602084,3.0,0.32389832389832396,3087.388622344071,-2.969640463842434,0.8666161645591749,-5.024881999883456,1828.5714285714284,735.3515625,81.59362549800797,0.3241978235904898,
2023-08-12 10:35:53.242000,-6.301204819277109,-0.710843373493976,-7.518072289156627,-0.7136725935009196,-6.00674432863274,-7.217657878602084,3.0,0.32389832389832396,3087.388622344071,-2.633762601247014,0.6834100576889459,-4.673736961715517,1811.7216117216117,-1.0,81.59362549800797,0.32419587931562205,
2023-08-12 10:35:53.250000,-6.265060240963856,-0.7349397590361446,-7.493975903614459,-0.6793378295524218,-5.989576946658492,-7.25444512568976,3.0,0.32434232434232435,3083.1622176591372,-2.5726938989569375,0.24066196608589246,-4.979080473165899,1791.9413919413919,-1.0,81.59362549800797,0.3241938679728834,
2023-08-12 10:35:53.258000,-6.265060240963856,-0.7590361445783133,-7.518072289156627,-0.6008583690987124,-6.036174126302881,-7.210300429184549,3.0,0.32434232434232435,3083.1622176591372,-2.7253656546821285,-0.018880018646931958,-4.597401083852922,1771.4285714285713,-1.0,81.59362549800797,0.3241917895321348,
2023-08-12 10:35:53.265000,-6.289156626506024,-0.7590361445783133,-7.542168674698796,-0.6989576946658491,-5.960147148988351,-7.291232372777436,3.0,0.32389832389832396,3087.388622344071,-2.3742206165141897,0.4544024241011596,-5.177553755608647,1747.2527472527472,-1.0,81.59362549800797,0.3241896442706678,
2023-08-12 10:35:53.273000,-6.301204819277109,-0.7590361445783133,-7.542168674698796,-0.7774371551195585,-5.977314530962599,-7.281422440220723,3.0,0.32389832389832396,3087.388622344071,-2.435289318804266,0.43913524852864055,-4.918011770875823,1721.6117216117216,-1.0,81.59362549800797,0.32418743262621,
2023-08-12 10:35:53.280000,-6.289156626506024,-0.783132530120482,-7.566265060240965,-0.745554874310239,-5.989576946658492,-7.281422440220723,3.0,0.32389832389832396,3087.388622344071,-2.6795641279645714,0.8208146378416177,-5.024881999883456,1694.5054945054944,-1.0,81.59362549800797,0.3241851550180181,
2023-08-12 10:35:53.288000,-6.265060240963856,-0.819277108433735,-7.590361445783133,-0.82158185162477,-5.942979767014101,-7.298589822194972,3.0,0.32389832389832396,3087.388622344071,-2.6795641279645714,0.8208146378416177,-5.024881999883456,1670.3296703296703,-1.0,81.59362549800797,0.3241828118582136,
2023-08-12 10:35:53.296000,-6.265060240963856,-0.8313253012048193,-7.578313253012048,-0.7749846719803801,-5.962599632127529,-7.328019619865113,3.0,0.32389832389832396,3087.388622344071,-3.0307091661325103,0.9734863935668084,-5.13175222889109,1646.8864468864467,-1.0,81.59362549800797,0.32418040370067464,
2023-08-12 10:35:53.303000,-6.289156626506024,-0.855421686746988,-7.638554216867471,-0.8755364806866952,-5.950337216431636,-7.342734518700183,3.0,0.32389832389832396,3087.388622344071,-3.2597167997202963,1.3398986073072665,-5.666103373929258,1623.4432234432234,-1.0,81.59362549800797,0.32417793124022576,
2023-08-12 10:35:53.311000,-6.289156626506024,-0.8915662650602411,-7.626506024096386,-0.8559166155732679,-6.009196811771918,-7.389331698344574,3.0,0.32389832389832396,3087.388622344071,-3.397121379872968,1.233028378299633,-5.78824077850941,1600.0,-1.0,81.59362549800797,0.3241753953114295,
2023-08-12 10:35:53.319000,-6.313253012048193,-0.8915662650602411,-7.626506024096386,-0.8313917841814837,-5.989576946658492,-7.359901900674433,3.0,0.32434232434232435,3083.1622176591372,-3.8246022959035026,1.3246314317347474,-6.230988870112464,1578.7545787545787,-1.0,81.59362549800797,0.3241727968869723,
2023-08-12 10:35:53.326000,-6.289156626506024,-0.8915662650602411,-7.674698795180723,-0.8706315144083384,-5.999386879215205,-7.413856529736358,3.0,0.32389832389832396,3087.388622344071,-4.0078084027737315,1.2177612027271139,-6.4905308548452885,1559.7069597069597,-1.0,81.59362549800797,0.32417013722495286,
2023-08-12 10:35:53.334000,-6.27710843373494,-0.9156626506024097,-7.662650602409639,-0.9147762109135499,-5.952789699570815,-7.408951563458001,3.0,0.32389832389832396,3087.388622344071,-4.633762601247014,1.1872268515820756,-7.6050346716391815,1538.4615384615383,-1.0,81.59362549800797,0.3241674177390695,
2023-08-12 10:35:53.342000,-6.253012048192772,-0.9518072289156627,-7.674698795180723,-0.956468424279583,-5.947884733292458,-7.438381361128142,3.0,0.32389832389832396,3087.388622344071,-4.740632830254648,1.0040207447118465,-7.879843831944525,1517.216117216117,-1.0,81.59362549800797,0.32416463983690635,
2023-08-12 10:35:53.349000,-6.240963855421687,-0.963855421686747,-7.72289156626506,-0.9147762109135499,-5.972409564684242,-7.458001226241569,3.0,0.32389832389832396,3087.388622344071,-5.183380921857701,0.4544024241011596,-8.597401083852922,1493.7728937728937,-1.0,81.59362549800797,0.32416180505572195,
2023-08-12 10:35:53.357000,-6.27710843373494,-0.963855421686747,-7.746987951807229,-0.8706315144083384,-5.940527283874923,-7.4776210913549965,3.0,0.32389832389832396,3087.388622344071,-5.503991608880602,0.042188683643144376,-8.62793543499796,1470.3296703296703,-1.0,81.59362549800797,0.3241589151978632,
2023-08-12 10:35:53.365000,-6.253012048192772,-1.0,-7.746987951807229,-0.9515634580012262,-5.906192519926425,-7.465358675659105,3.0,0.32389832389832396,3087.388622344071,-6.114678631781365,-0.9196433774255579,-9.253889633471243,1447.6190476190475,-1.0,81.59362549800797,0.3241559721679449,
2023-08-12 10:35:53.372000,-6.240963855421687,-1.0,-7.746987951807229,-0.9711833231146535,-5.940527283874923,-7.531575720416922,3.0,0.32389832389832396,3087.388622344071,-6.35895344094167,-0.8891090262805197,-9.6203018472117,1430.03663003663,-1.0,81.59362549800797,0.32415297784119096,
2023-08-12 10:35:53.380000,-6.228915662650603,-1.0120481927710845,-7.783132530120482,-0.9760882893930104,-5.93071735131821,-7.494788473329246,3.0,0.32389832389832396,3087.388622344071,-7.152846570712662,-0.7517044461278479,-9.895111007517043,1415.3846153846152,-1.0,81.59362549800797,0.32414993420814747,
2023-08-12 10:35:53.388000,-6.240963855421687,-1.0120481927710845,-7.759036144578314,-0.9343960760269773,-5.928264868179031,-7.563458001226241,3.0,0.32389832389832396,3087.388622344071,-7.641396189033274,-0.5990326904026572,-10.536332381562845,1405.128205128205,-1.0,81.59362549800797,0.32414684336977667,
2023-08-12 10:35:53.395000,-6.253012048192772,-0.9879518072289157,-7.759036144578314,-0.9711833231146535,-5.903740036787247,-7.5070508890251375,3.0,0.32389832389832396,3087.388622344071,-8.160480158498922,0.042188683643144376,-11.070683526601012,1396.3369963369962,-1.0,81.59362549800797,0.32414370753224186,
2023-08-12 10:35:53.403000,-6.265060240963856,-0.963855421686747,-7.783132530120482,-0.9515634580012262,-5.906192519926425,-7.5291232372777435,3.0,0.32389832389832396,3087.388622344071,-8.786434356972205,-0.06468154536448921,-11.681370549501777,1389.7435897435896,-1.0,81.59362549800797,0.32414052900139884,
2023-08-12 10:35:53.411000,-6.265060240963856,-0.9397590361445783,-7.746987951807229,-0.9221336603310851,-5.987124463519313,-7.502145922746781,3.0,0.32389832389832396,3087.388622344071,-9.68719771575083,-0.5990326904026572,-12.063049938814753,1383.8827838827838,-1.0,81.59362549800797,0.32413731017701475,
2023-08-12 10:35:53.418000,-6.265060240963856,-0.9397590361445783,-7.710843373493976,-0.9245861434702636,-5.947884733292458,-7.462906192519926,3.0,0.32389832389832396,3087.388622344071,-10.19101450964396,-0.9654449041431151,-12.994347648738417,1378.7545787545787,-1.0,81.59362549800797,0.32413405354673364,
2023-08-12 10:35:53.426000,-6.265060240963856,-0.963855421686747,-7.72289156626506,-0.9000613120784794,-5.962599632127529,-7.458001226241569,3.0,0.32389832389832396,3087.388622344071,-11.122312219567624,-0.9654449041431151,-13.574500320494144,1377.2893772893772,-1.0,81.59362549800797,0.3241307618185534,
2023-08-12 10:35:53.434000,-6.289156626506024,-0.9277108433734941,-7.734939759036145,-0.9515634580012262,-5.979767014101777,-7.4776210913549965,3.0,0.32389832389832396,3087.388622344071,-11.656663364605793,-1.4081929957461685,-14.398927801410172,1379.4871794871794,-1.0,81.59362549800797,0.3241274378939632,
2023-08-12 10:35:53.441000,-6.27710843373494,-0.9156626506024097,-7.734939759036145,-0.9393010423053341,-5.91354996934396,-7.504598405885959,3.0,0.32389832389832396,3087.388622344071,-12.114678631781365,-1.683002156051512,-14.689004137288036,1383.150183150183,-1.0,81.59362549800797,0.3241240845745237,
2023-08-12 10:35:53.449000,-6.265060240963856,-0.9036144578313253,-7.710843373493976,-0.8976088289393009,-5.942979767014101,-7.509503372164316,3.0,0.32389832389832396,3087.388622344071,-12.740632830254647,-1.8051395606316647,-15.360759862478876,1385.3479853479853,-1.0,81.59362549800797,0.3241207047152509,
2023-08-12 10:35:53.457000,-6.27710843373494,-0.9036144578313253,-7.72289156626506,-0.8877988963825874,-5.962599632127529,-7.497240956468424,3.0,0.32389832389832396,3087.388622344071,-13.305518326437854,-1.88147543849426,-15.75770642736437,1385.3479853479853,-1.0,81.59362549800797,0.3241173012073907,
2023-08-12 10:35:53.464000,-6.313253012048193,-0.8674698795180723,-7.72289156626506,-0.8730839975475169,-6.009196811771918,-7.418761496014715,3.0,0.32389832389832396,3087.388622344071,-13.717732066895868,-1.6524678049064738,-15.92564535866208,1386.080586080586,-1.0,81.59362549800797,0.32411387684328924,
2023-08-12 10:35:53.472000,-6.337349397590362,-0.8795180722891567,-7.746987951807229,-0.838749233599019,-6.016554261189454,-7.509503372164316,3.0,0.32389832389832396,3087.388622344071,-14.20628168521648,-1.8051395606316647,-16.337859099120095,1391.2087912087911,-1.0,81.59362549800797,0.32411043445788157,
2023-08-12 10:35:53.480000,-6.337349397590362,-0.855421686746988,-7.698795180722892,-0.8044144696505211,-6.0410790925812385,-7.494788473329246,3.0,0.32389832389832396,3087.388622344071,-14.69483130353709,-2.04941436979197,-16.490530854845286,1394.8717948717947,-1.0,81.59362549800797,0.3241069769208152,
2023-08-12 10:35:53.487000,-6.349397590361446,-0.8433734939759037,-7.698795180722892,-0.7529123237277743,-6.058246474555487,-7.431023911710606,3.0,0.32389832389832396,3087.388622344071,-15.244449624147776,-1.3318571178835732,-17.024881999883455,1398.5347985347985,-1.0,81.59362549800797,0.32410350712853747,
2023-08-12 10:35:53.495000,-6.373493975903615,-0.8072289156626506,-7.650602409638554,-0.7651747394236664,-6.048436541998774,-7.337829552421827,3.0,0.32389832389832396,3087.388622344071,-15.900938173766097,-1.3623914690286112,-17.39129421362391,1400.7326007326005,-1.0,81.59362549800797,0.32410002799637516,
2023-08-12 10:35:53.503000,-6.421686746987952,-0.7710843373493976,-7.614457831325302,-0.7210300429184548,-6.148988350705088,-7.337829552421827,3.0,0.32389832389832396,3087.388622344071,-16.37422061651419,-0.8280403239904434,-17.864576656372005,1404.3956043956043,-1.0,81.59362549800797,0.3240965424506354,
2023-08-12 10:35:53.510000,-6.445783132530121,-0.7590361445783133,-7.626506024096386,-0.7872470876762722,-6.183323114653587,-7.374616799509503,3.0,0.32389832389832396,3087.388622344071,-16.816968708117244,-1.316589942311054,-18.353126274692613,1406.5934065934066,-1.0,81.59362549800797,0.32409305342075656,
2023-08-12 10:35:53.518000,-6.445783132530121,-0.746987951807229,-7.614457831325302,-0.7774371551195585,-6.168608215818516,-7.305947271612507,3.0,0.32389832389832396,3087.388622344071,-16.67956412796457,-1.7898723850591456,-18.673736961715516,1406.5934065934066,-1.0,81.59362549800797,0.32408956383153853,
2023-08-12 10:35:53.526000,-6.445783132530121,-0.7590361445783133,-7.614457831325302,-0.7185775597792765,-6.178418148375229,-7.310852237890864,3.0,0.32389832389832396,3087.388622344071,-17.091777868422586,-2.431093759104947,-18.76534001515063,1405.8608058608058,-1.0,81.59362549800797,0.32408607659548183,
2023-08-12 10:35:53.533000,-6.421686746987952,-0.746987951807229,-7.602409638554217,-0.6719803801348866,-6.171060698957694,-7.359901900674433,3.0,0.32389832389832396,3087.388622344071,-17.33605267758289,-2.980712079715634,-19.192820931181164,1406.5934065934066,-1.0,81.59362549800797,0.32408259460525535,
2023-08-12 10:35:53.541000,-6.397590361445784,-0.7349397590361446,-7.590361445783133,-0.733292458614347,-6.112201103617412,-7.276517473942366,3.0,0.32389832389832396,3087.388622344071,-17.458190082163043,-3.0570479575782294,-19.024881999883455,1403.6630036630036,-1.0,81.59362549800797,0.32407912072633077,
2023-08-12 10:35:53.549000,-6.36144578313253,-0.7349397590361446,-7.55421686746988,-0.7283874923359902,-6.055793991416309,-7.301042305334151,3.0,0.32389832389832396,3087.388622344071,-17.549793135598158,-2.980712079715634,-19.11648505331857,1398.5347985347985,-1.0,81.59362549800797,0.3240756577897973,
2023-08-12 10:35:53.556000,-6.325301204819278,-0.7349397590361446,-7.55421686746988,-0.6131207847946045,-6.028816676885346,-7.225015328019619,3.0,0.32389832389832396,3087.388622344071,-18.02307557834625,-3.4081929957461683,-18.643202610570476,1392.6739926739926,-1.0,81.59362549800797,0.3240722087241352,
2023-08-12 10:35:53.564000,-6.27710843373494,-0.783132530120482,-7.55421686746988,-0.6965052115266707,-6.023911710606989,-7.1808706315144075,3.0,0.32389832389832396,3087.388622344071,-18.02307557834625,-3.4081929957461683,-18.643202610570476,1387.5457875457876,-1.0,81.59362549800797,0.32406877652809324,
2023-08-12 10:35:53.572000,-6.27710843373494,-0.7590361445783133,-7.506024096385542,-0.7357449417535254,-6.001839362354383,-7.247087676272225,3.0,0.32345432345432346,3091.6266300617704,-17.99254122720121,-3.3013227667385348,-18.811141541868185,1380.2197802197802,-1.0,81.59362549800797,0.32406536397745467,
2023-08-12 10:35:53.579000,-6.289156626506024,-0.7710843373493976,-7.493975903614459,-0.733292458614347,-5.974862047823421,-7.2323727774371545,3.0,0.32389832389832396,3087.388622344071,-18.06887710506381,-2.583765514830138,-18.643202610570476,1375.091575091575,-1.0,81.59362549800797,0.32406197362975636,
2023-08-12 10:35:53.587000,-6.289156626506024,-0.783132530120482,-7.518072289156627,-0.7357449417535254,-5.977314530962599,-7.222562844880441,3.0,0.32389832389832396,3087.388622344071,-18.084144280636327,-2.7517044461278477,-18.24625604568498,1369.230769230769,-1.0,81.59362549800797,0.32405860807429776,
2023-08-12 10:35:53.595000,-6.337349397590362,-0.783132530120482,-7.518072289156627,-0.7798896382587369,-6.036174126302881,-7.229920294297976,3.0,0.32389832389832396,3087.388622344071,-18.221548860789,-2.003612843074413,-18.490530854845286,1358.974358974359,-1.0,81.59362549800797,0.32405526979832544,
2023-08-12 10:35:53.602000,-6.313253012048193,-0.783132530120482,-7.518072289156627,-0.8166768853464133,-6.068056407112201,-7.148988350705088,3.0,0.32389832389832396,3087.388622344071,-17.946739700483654,-1.4234601713186876,-19.05541635102849,1347.985347985348,-1.0,81.59362549800797,0.32405196106389694,
2023-08-12 10:35:53.610000,-6.313253012048193,-0.7951807228915663,-7.481927710843374,-0.7381974248927038,-5.989576946658492,-7.161250766400981,3.0,0.32389832389832396,3087.388622344071,-17.931472524911136,-1.133383835440825,-19.482897267059027,1335.5311355311355,-1.0,81.59362549800797,0.3240486840512725,
2023-08-12 10:35:53.618000,-6.301204819277109,-0.783132530120482,-7.457831325301205,-0.7234825260576333,-5.965052115266707,-7.153893316983446,3.0,0.32389832389832396,3087.388622344071,-17.83986947147602,-1.3471242934560923,-20.292057572402538,1323.8095238095236,-1.0,81.59362549800797,0.32404544085338677,
2023-08-12 10:35:53.625000,-6.289156626506024,-0.783132530120482,-7.457831325301205,-0.7112201103617413,-6.011649294911098,-7.156345800122624,3.0,0.32389832389832396,3087.388622344071,-17.488724433308082,-1.0875823087232679,-20.948546122020858,1314.2857142857142,-1.0,81.59362549800797,0.32404223347072253,
2023-08-12 10:35:53.633000,-6.265060240963856,-0.7710843373493976,-7.46987951807229,-0.7700797057020232,-5.957694665849172,-7.175965665236051,3.0,0.32389832389832396,3087.388622344071,-17.778800769185946,-1.7746052094866265,-21.376027038051394,1305.4945054945053,-1.0,81.59362549800797,0.3240390638066015,
2023-08-12 10:35:53.640000,-6.240963855421687,-0.783132530120482,-7.493975903614459,-0.7529123237277743,-5.947884733292458,-7.148988350705088,3.0,0.32389832389832396,3087.388622344071,-17.763533593613424,-2.018880018646932,-21.879843831944523,1297.4358974358975,-1.0,81.59362549800797,0.32403593366291106,
2023-08-12 10:35:53.648000,-6.228915662650603,-0.7590361445783133,-7.493975903614459,-0.7847946045370937,-5.977314530962599,-7.212752912323728,3.0,0.32389832389832396,3087.388622344071,-17.610861837888233,-2.4921624613950235,-22.12411864110483,1291.5750915750914,-1.0,81.59362549800797,0.32403284487502815,
2023-08-12 10:35:53.656000,-6.228915662650603,-0.7951807228915663,-7.530120481927711,-0.7504598405885959,-5.952789699570815,-7.23973022685469,3.0,0.32389832389832396,3087.388622344071,-17.763533593613424,-1.835673911776703,-22.536332381562843,1290.8424908424909,-1.0,81.59362549800797,0.3240297991493274,
2023-08-12 10:35:53.663000,-6.253012048192772,-0.8072289156626506,-7.518072289156627,-0.7406499080318822,-5.925812385039853,-7.23973022685469,3.0,0.32389832389832396,3087.388622344071,-17.626129013460755,-2.003612843074413,-22.612668259425437,1293.7728937728937,-1.0,81.59362549800797,0.3240267980714247,
2023-08-12 10:35:53.671000,-6.265060240963856,-0.7951807228915663,-7.530120481927711,-0.7529123237277743,-6.00674432863274,-7.296137339055794,3.0,0.32389832389832396,3087.388622344071,-17.565060311170676,-1.3318571178835732,-22.337859099120095,1296.7032967032967,-1.0,81.59362549800797,0.32402384309373045,
2023-08-12 10:35:53.679000,-6.301204819277109,-0.783132530120482,-7.566265060240965,-0.7406499080318822,-6.001839362354383,-7.288779889638258,3.0,0.32389832389832396,3087.388622344071,-17.946739700483654,-0.7975059728454053,-22.643202610570476,1299.6336996336995,-1.0,81.59362549800797,0.3240209354057079,
2023-08-12 10:35:53.686000,-6.337349397590362,-0.7710843373493976,-7.590361445783133,-0.7259350091968118,-6.055793991416309,-7.318209687308399,3.0,0.32389832389832396,3087.388622344071,-18.31315191422411,-0.7975059728454053,-22.9027445953033,1302.5641025641025,-1.0,81.59362549800797,0.3240180762200783,
2023-08-12 10:35:53.694000,-6.373493975903615,-0.7590361445783133,-7.590361445783133,-0.703862660944206,-6.163703249540159,-7.283874923359901,3.0,0.32389832389832396,3087.388622344071,-18.557426723384417,-0.7211700949828098,-22.9027445953033,1306.9597069597069,-1.0,81.59362549800797,0.3240152667510924,
2023-08-12 10:35:53.702000,-6.421686746987952,-0.746987951807229,-7.614457831325302,-0.7185775597792765,-6.1931330472103,-7.320662170447577,3.0,0.32389832389832396,3087.388622344071,-18.587961074529456,-0.8585746751354816,-23.25388963347124,1312.087912087912,-1.0,81.59362549800797,0.3240125079269332,
2023-08-12 10:35:53.709000,-6.445783132530121,-0.746987951807229,-7.590361445783133,-0.7357449417535254,-6.1735131820968725,-7.315757204169221,3.0,0.32389832389832396,3087.388622344071,-18.786434356972205,-0.568498339257619,-23.803507954081926,1317.216117216117,-1.0,81.59362549800797,0.32400980041083133,
2023-08-12 10:35:53.717000,-6.46987951807229,-0.7349397590361446,-7.602409638554217,-0.703862660944206,-6.175965665236051,-7.352544451256898,3.0,0.32389832389832396,3087.388622344071,-19.076510692850068,-0.9349105529980769,-24.12411864110483,1320.8791208791208,-1.0,81.59362549800797,0.32400714475008857,
2023-08-12 10:35:53.725000,-6.457831325301205,-0.6867469879518072,-7.602409638554217,-0.6548129981606376,-6.1735131820968725,-7.352544451256898,3.0,0.32345432345432346,3091.6266300617704,-19.595594662315715,-0.7822387972728861,-24.5821339082804,1321.6117216117216,-1.0,81.59362549800797,0.3240045413762892,
2023-08-12 10:35:53.732000,-6.457831325301205,-0.6867469879518072,-7.614457831325302,-0.6033108522378908,-6.183323114653587,-7.328019619865113,3.0,0.32389832389832396,3087.388622344071,-19.305518326437852,-1.4539945224637258,-24.459996503700246,1323.076923076923,-1.0,81.59362549800797,0.32400199059545015,
2023-08-12 10:35:53.740000,-6.457831325301205,-0.6867469879518072,-7.626506024096386,-0.6082158185162476,-6.139178418148375,-7.350091968117718,3.0,0.32389832389832396,3087.388622344071,-19.824602295903503,-1.469261698036245,-24.826408717440707,1323.8095238095236,-1.0,81.59362549800797,0.3239994926962279,
2023-08-12 10:35:53.748000,-6.409638554216868,-0.6626506024096386,-7.650602409638554,-0.6670754138565297,-6.153893316983446,-7.372164316370324,3.0,0.32389832389832396,3087.388622344071,-20.06887710506381,-2.095215896509527,-24.9027445953033,1324.5421245421244,-1.0,81.59362549800797,0.3239970479624982,
2023-08-12 10:35:53.755000,-6.409638554216868,-0.6626506024096386,-7.626506024096386,-0.6302881667688535,-6.063151440833844,-7.342734518700183,3.0,0.32389832389832396,3087.388622344071,-20.57269389895694,-2.171551774372123,-24.62793543499796,1325.2747252747251,-1.0,81.59362549800797,0.32399465639886565,
2023-08-12 10:35:53.763000,-6.373493975903615,-0.6626506024096386,-7.650602409638554,-0.6131207847946045,-6.124463519313305,-7.350091968117718,3.0,0.32389832389832396,3087.388622344071,-20.57269389895694,-2.21735330108968,-24.704271312860552,1326.007326007326,-1.0,81.59362549800797,0.32399231775430576,
2023-08-12 10:35:53.771000,-6.373493975903615,-0.6626506024096386,-7.626506024096386,-0.615573267933783,-6.109748620478234,-7.399141630901287,3.0,0.32389832389832396,3087.388622344071,-20.87803741040732,-2.812773148417924,-24.06304993881475,1325.2747252747251,-1.0,81.59362549800797,0.3239900316736624,
2023-08-12 10:35:53.778000,-6.36144578313253,-0.6506024096385542,-7.626506024096386,-0.5959534028203556,-6.117106069895769,-7.374616799509503,3.0,0.32389832389832396,3087.388622344071,-20.923838937124877,-2.782238797272886,-24.292057572402538,1325.2747252747251,-1.0,81.59362549800797,0.32398779770028,
2023-08-12 10:35:53.786000,-6.36144578313253,-0.6385542168674699,-7.614457831325302,-0.6106683016554261,-6.072961373390558,-7.328019619865113,3.0,0.32389832389832396,3087.388622344071,-21.137579395140143,-2.782238797272886,-24.07831711438727,1323.8095238095236,-1.0,81.59362549800797,0.3239856152790538,
2023-08-12 10:35:53.794000,-6.325301204819278,-0.6385542168674699,-7.602409638554217,-0.6351931330472103,-6.0778663396689145,-7.278969957081545,3.0,0.32389832389832396,3087.388622344071,-21.763533593613424,-2.8433074995629624,-24.41419497698269,1323.8095238095236,-1.0,81.59362549800797,0.32398348375988384,
2023-08-12 10:35:53.801000,-6.325301204819278,-0.6626506024096386,-7.566265060240965,-0.645003065603924,-6.05334150827713,-7.291232372777436,3.0,0.32389832389832396,3087.388622344071,-21.80933512033098,-2.7059029194102906,-24.292057572402538,1320.8791208791208,-1.0,81.59362549800797,0.3239814024015176,
2023-08-12 10:35:53.809000,-6.36144578313253,-0.6867469879518072,-7.55421686746988,-0.5935009196811771,-6.058246474555487,-7.328019619865113,3.0,0.32389832389832396,3087.388622344071,-22.053609929491287,-2.476895285822504,-24.521065205990325,1316.4835164835165,-1.0,81.59362549800797,0.32397937037576474,
2023-08-12 10:35:53.817000,-6.373493975903615,-0.6987951807228916,-7.542168674698796,-0.745554874310239,-6.124463519313305,-7.28632740649908,3.0,0.32389832389832396,3087.388622344071,-22.420022143231748,-2.400559407959909,-25.116485053318566,1311.3553113553112,-1.0,81.59362549800797,0.323977386772059,
2023-08-12 10:35:53.824000,-6.36144578313253,-0.710843373493976,-7.530120481927711,-0.6719803801348866,-6.097486204782342,-7.308399754751686,3.0,0.32389832389832396,3087.388622344071,-22.649029776819532,-2.095215896509527,-25.39129421362391,1304.7619047619046,-1.0,81.59362549800797,0.3239754506023562,
2023-08-12 10:35:53.832000,-6.373493975903615,-0.7349397590361446,-7.566265060240965,-0.7087676272225628,-6.0705088902513795,-7.266707541385653,3.0,0.32389832389832396,3087.388622344071,-22.801701532544723,-2.1410174232270847,-26.27679039683002,1298.168498168498,-1.0,81.59362549800797,0.32397356080633144,
2023-08-12 10:35:53.840000,-6.349397590361446,-0.746987951807229,-7.55421686746988,-0.645003065603924,-6.072961373390558,-7.288779889638258,3.0,0.32389832389832396,3087.388622344071,-22.801701532544723,-2.1410174232270847,-26.27679039683002,1293.040293040293,-1.0,81.59362549800797,0.3239717163956128,
2023-08-12 10:35:53.847000,-6.337349397590362,-0.7349397590361446,-7.566265060240965,-0.7651747394236664,-6.028816676885346,-7.261802575107295,3.0,0.32389832389832396,3087.388622344071,-22.81696870811724,-2.171551774372123,-26.78060719072315,1293.040293040293,-1.0,81.59362549800797,0.3239699163003862,
2023-08-12 10:35:53.855000,-6.349397590361446,-0.7349397590361446,-7.566265060240965,-0.7210300429184548,-6.048436541998774,-7.308399754751686,3.0,0.32389832389832396,3087.388622344071,-22.893304585979838,-2.583765514830138,-26.979080473165897,1296.7032967032967,-1.0,81.59362549800797,0.3239681592477473,
2023-08-12 10:35:53.863000,-6.36144578313253,-0.7228915662650602,-7.542168674698796,-0.7700797057020232,-6.031269160024524,-7.27161250766401,3.0,0.32389832389832396,3087.388622344071,-22.893304585979838,-2.8585746751354812,-27.116485053318566,1304.7619047619046,-1.0,81.59362549800797,0.3239664439169551,
2023-08-12 10:35:53.870000,-6.349397590361446,-0.7349397590361446,-7.566265060240965,-0.6327406499080318,-6.043531575720417,-7.276517473942366,3.0,0.32389832389832396,3087.388622344071,-22.755900005827165,-2.7517044461278477,-27.131752228891088,1318.6813186813185,-1.0,81.59362549800797,0.32396476894556525,
2023-08-12 10:35:53.878000,-6.337349397590362,-0.7349397590361446,-7.55421686746988,-0.6965052115266707,-6.0705088902513795,-7.269160024524831,3.0,0.32345432345432346,3091.6266300617704,-23.01544199055999,-2.980712079715634,-27.543965969349102,1336.263736263736,-1.0,81.59362549800797,0.3239631329356972,
2023-08-12 10:35:53.886000,-6.36144578313253,-0.6987951807228916,-7.55421686746988,-0.6499080318822807,-6.063151440833844,-7.283874923359901,3.0,0.32345432345432346,3091.6266300617704,-23.076510692850068,-3.453994522463726,-27.192820931181164,1360.4395604395604,-1.0,81.59362549800797,0.3239615344498678,
2023-08-12 10:35:53.893000,-6.373493975903615,-0.6987951807228916,-7.542168674698796,-0.6695278969957081,-6.097486204782342,-7.251992642550582,3.0,0.32389832389832396,3087.388622344071,-23.15284657071266,-3.2249868888759394,-27.528698793776584,1391.9413919413919,-1.0,81.59362549800797,0.32395997197519283,
2023-08-12 10:35:53.901000,-6.409638554216868,-0.710843373493976,-7.530120481927711,-0.6793378295524218,-6.095033721643164,-7.242182709993869,3.0,0.32389832389832396,3087.388622344071,-23.244449624147776,-3.2402540644484588,-27.452362915913987,1428.5714285714284,-1.0,81.59362549800797,0.32395844392950485,
2023-08-12 10:35:53.909000,-6.421686746987952,-0.674698795180723,-7.55421686746988,-0.6351931330472103,-6.126916002452483,-7.242182709993869,3.0,0.32389832389832396,3087.388622344071,-23.580327486743197,-3.0875823087232677,-27.75770642736437,1471.7948717948716,-1.0,81.59362549800797,0.3239569488481113,
2023-08-12 10:35:53.916000,-6.445783132530121,-0.6867469879518072,-7.542168674698796,-0.539546290619252,-6.141630901287553,-7.274064990803188,3.0,0.32389832389832396,3087.388622344071,-23.5039916088806,-2.934910552998077,-27.650836198356735,1519.4139194139193,-1.0,81.59362549800797,0.3239554852409617,
2023-08-12 10:35:53.924000,-6.481927710843374,-0.674698795180723,-7.530120481927711,-0.6229307173513182,-6.256897608828939,-7.1955855303494785,3.0,0.32389832389832396,3087.388622344071,-23.442922906590525,-2.72117009498281,-27.482897267059027,1572.161172161172,-1.0,81.59362549800797,0.3239540514707656,
2023-08-12 10:35:53.932000,-6.506024096385542,-0.6385542168674699,-7.542168674698796,-0.5812385039852851,-6.261802575107295,-7.259350091968117,3.0,0.32389832389832396,3087.388622344071,-23.946739700483654,-2.4921624613950235,-27.849309480799484,1627.8388278388277,-1.0,81.59362549800797,0.32395264590777345,
2023-08-12 10:35:53.939000,-6.518072289156627,-0.6385542168674699,-7.518072289156627,-0.5885959534028203,-6.2029429797670135,-7.227467811158798,3.0,0.32434232434232435,3083.1622176591372,-23.931472524911136,-2.5226968125400617,-27.71190490064681,1678.3882783882782,-1.0,81.59362549800797,0.32395126693520104,
2023-08-12 10:35:53.947000,-6.493975903614458,-0.6385542168674699,-7.530120481927711,-0.5910484365419988,-6.183323114653587,-7.237277743715511,3.0,0.32389832389832396,3087.388622344071,-24.114678631781363,-3.1333838354408248,-28.07831711438727,1724.5421245421244,-1.0,81.59362549800797,0.3239499131038594,
2023-08-12 10:35:53.955000,-6.481927710843374,-0.6265060240963856,-7.518072289156627,-0.551808706315144,-6.220110361741263,-7.225015328019619,3.0,0.32389832389832396,3087.388622344071,-24.114678631781363,-3.2402540644484588,-27.9409125342346,1763.3699633699632,-1.0,81.59362549800797,0.32394858314872016,
2023-08-12 10:35:53.962000,-6.481927710843374,-0.6265060240963856,-7.518072289156627,-0.568976088289393,-6.242182709993869,-7.244635193133047,3.0,0.32389832389832396,3087.388622344071,-24.129945807353884,-3.4692616980362447,-28.185187343394905,1791.2087912087911,-1.0,81.59362549800797,0.3239472756759587,
2023-08-12 10:35:53.970000,-6.46987951807229,-0.6144578313253012,-7.518072289156627,-0.5616186388718577,-6.222562844880441,-7.222562844880441,3.0,0.32389832389832396,3087.388622344071,-24.420022143231748,-3.866208262921741,-27.77297360293689,1805.128205128205,-1.0,81.59362549800797,0.32394598917924383,
2023-08-12 10:35:53.978000,-6.481927710843374,-0.6024096385542169,-7.506024096385542,-0.5861434702636419,-6.1587982832618025,-7.210300429184549,3.0,0.32389832389832396,3087.388622344071,-23.85513664704854,-3.331857117883573,-27.467630091486505,1809.5238095238094,-1.0,81.59362549800797,0.32394472219382026,
2023-08-12 10:35:53.985000,-6.493975903614458,-0.6144578313253012,-7.506024096385542,-0.568976088289393,-6.247087676272225,-7.237277743715511,3.0,0.32389832389832396,3087.388622344071,-23.70246489132335,-3.683002156051512,-27.528698793776584,1803.6630036630036,-1.0,81.59362549800797,0.32394347330111045,
2023-08-12 10:35:53.993000,-6.506024096385542,-0.5783132530120483,-7.518072289156627,-0.5321888412017167,-6.210300429184549,-7.163703249540159,3.0,0.32389832389832396,3087.388622344071,-24.03834275391877,-3.4387273468912065,-26.872210244158264,1790.4761904761904,-1.0,81.59362549800797,0.32394224113311243,
2023-08-12 10:35:54.001000,-6.481927710843374,-0.5903614457831325,-7.46987951807229,-0.5885959534028203,-6.210300429184549,-7.1931330472103,3.0,0.32389832389832396,3087.388622344071,-24.206281685216478,-3.4234601713186876,-27.40656138919643,1772.161172161172,-1.0,81.59362549800797,0.32394102437658245,
2023-08-12 10:35:54.008000,-6.506024096385542,-0.6024096385542169,-7.457831325301205,-0.5616186388718577,-6.2323727774371545,-7.148988350705088,3.0,0.32389832389832396,3087.388622344071,-23.99254122720121,-3.5913991026163976,-27.05541635102849,1750.18315018315,750.67138671875,79.92844946743638,0.3239398217769805,
2023-08-12 10:35:54.016000,-6.530120481927711,-0.5662650602409639,-7.433734939759036,-0.5052115266707541,-6.1735131820968725,-7.1661557326793375,3.0,0.32389832389832396,3087.388622344071,-23.88567099819358,-3.71353650719655,-26.994347648738415,1723.8095238095236,-1.0,79.92844946743638,0.32393863214217267,
2023-08-12 10:35:54.023000,-6.518072289156627,-0.5662650602409639,-7.445783132530121,-0.4659717964438994,-6.229920294297976,-7.1293684855916615,3.0,0.32389832389832396,3087.388622344071,-24.099411456208845,-3.286055591166016,-26.9027445953033,1696.7032967032967,-1.0,79.92844946743638,0.32393745434587307,
2023-08-12 10:35:54.031000,-6.530120481927711,-0.5301204819277109,-7.421686746987953,-0.4782342121397915,-6.229920294297976,-7.1514408338442665,3.0,0.32345432345432346,3091.6266300617704,-24.00780840277373,-3.2249868888759394,-26.963813297593376,1664.4688644688645,-1.0,79.92844946743638,0.3239362873308155,
2023-08-12 10:35:54.039000,-6.542168674698796,-0.5180722891566265,-7.421686746987953,-0.47087676272225626,-6.212752912323728,-7.126916002452483,3.0,0.32389832389832396,3087.388622344071,-23.916205349338615,-3.316589942311054,-27.131752228891088,1635.164835164835,-1.0,79.92844946743638,0.3239351301010983,
2023-08-12 10:35:54.046000,-6.493975903614458,-0.5060240963855422,-7.409638554216868,-0.49294911097486205,-6.281422440220723,-7.043531575720417,3.0,0.32389832389832396,3087.388622344071,-23.83986947147602,-3.7288036827690694,-27.05541635102849,1608.058608058608,-1.0,79.92844946743638,0.3239339818318235,
2023-08-12 10:35:54.054000,-6.493975903614458,-0.5060240963855422,-7.433734939759036,-0.4463519313304721,-6.1931330472103,-7.1367259350091965,3.0,0.32389832389832396,3087.388622344071,-23.717732066895866,-3.6372006293339547,-27.116485053318566,1581.6849816849815,-1.0,79.92844946743638,0.3239328418823403,
2023-08-12 10:35:54.062000,-6.506024096385542,-0.49397590361445787,-7.409638554216868,-0.43408951563458,-6.237277743715512,-7.14653586756591,3.0,0.32389832389832396,3087.388622344071,-23.610861837888233,-3.5761319270438783,-26.78060719072315,1553.113553113553,-1.0,79.92844946743638,0.32393170952166034,
2023-08-12 10:35:54.069000,-6.518072289156627,-0.5060240963855422,-7.421686746987953,-0.43654199877375843,-6.2323727774371545,-7.1293684855916615,3.0,0.32389832389832396,3087.388622344071,-23.473457257735564,-3.2555212400209776,-26.673736961715516,1524.5421245421244,-1.0,79.92844946743638,0.3239305839512484,
2023-08-12 10:35:54.077000,-6.506024096385542,-0.49397590361445787,-7.409638554216868,-0.38994481912936846,-6.264255058246475,-7.1440833844267315,3.0,0.32389832389832396,3087.388622344071,-23.137579395140143,-2.8891090262805195,-26.887477419730782,1495.970695970696,-1.0,79.92844946743638,0.32392946445492843,
2023-08-12 10:35:54.085000,-6.530120481927711,-0.4819277108433735,-7.421686746987953,-0.3727774371551195,-6.261802575107295,-7.1514408338442665,3.0,0.32389832389832396,3087.388622344071,-22.801701532544723,-3.163918186585863,-26.261523221257498,1468.8644688644688,-1.0,79.92844946743638,0.3239283503991938,
2023-08-12 10:35:54.092000,-6.530120481927711,-0.4819277108433735,-7.433734939759036,-0.4071122011036174,-6.293684855916616,-7.1735131820968725,3.0,0.32389832389832396,3087.388622344071,-22.832235883689762,-2.812773148417924,-26.24625604568498,1444.6886446886447,-1.0,79.92844946743638,0.3239272412332279,
2023-08-12 10:35:54.100000,-6.542168674698796,-0.46987951807228917,-7.433734939759036,-0.45616186388718577,-6.34763948497854,-7.0999386879215205,3.0,0.32389832389832396,3087.388622344071,-22.37422061651419,-2.6753685682652524,-25.834042305226966,1421.9780219780218,-1.0,79.92844946743638,0.32392613648863694,
2023-08-12 10:35:54.108000,-6.578313253012048,-0.45783132530120485,-7.409638554216868,-0.41446965052115264,-6.293684855916616,-6.999386879215205,3.0,0.32389832389832396,3087.388622344071,-22.236816036361517,-2.599032690402657,-25.467630091486505,1401.4652014652013,-1.0,79.92844946743638,0.3239250357789085,
2023-08-12 10:35:54.115000,-6.602409638554217,-0.45783132530120485,-7.385542168674699,-0.4095646842427958,-6.28632740649908,-7.08522378908645,3.0,0.32389832389832396,3087.388622344071,-22.236816036361517,-2.599032690402657,-25.467630091486505,1382.4175824175823,-1.0,79.92844946743638,0.3239239387986019,
2023-08-12 10:35:54.123000,-6.590361445783133,-0.43373493975903615,-7.36144578313253,-0.40465971796443895,-6.345187001839362,-7.117106069895769,3.0,0.32389832389832396,3087.388622344071,-22.206281685216478,-2.599032690402657,-25.330225511333836,1365.5677655677655,-1.0,79.92844946743638,0.32392284532228355,
2023-08-12 10:35:54.131000,-6.578313253012048,-0.43373493975903615,-7.36144578313253,-0.39239730226854685,-6.293684855916616,-7.063151440833844,3.0,0.32389832389832396,3087.388622344071,-21.946739700483654,-2.263154827807237,-25.681370549501775,1350.9157509157508,-1.0,79.92844946743638,0.32392175520321437,
2023-08-12 10:35:54.138000,-6.590361445783133,-0.4096385542168675,-7.397590361445784,-0.35806253832004903,-6.313304721030042,-7.043531575720417,3.0,0.32389832389832396,3087.388622344071,-21.580327486743197,-3.0570479575782294,-25.330225511333836,1339.194139194139,-1.0,79.92844946743638,0.32392066851055734,
2023-08-12 10:35:54.146000,-6.55421686746988,-0.42168674698795183,-7.409638554216868,-0.3359901900674433,-6.305947271612507,-7.0999386879215205,3.0,0.32389832389832396,3087.388622344071,-21.320785502010374,-3.148651011013344,-24.948546122020858,1328.937728937729,-1.0,79.92844946743638,0.32391958536847965,
2023-08-12 10:35:54.154000,-6.542168674698796,-0.43373493975903615,-7.433734939759036,-0.3507050889025138,-6.323114653586757,-7.102391171060699,3.0,0.32389832389832396,3087.388622344071,-21.107045043995104,-3.3471242934560923,-24.856943068585743,1324.5421245421244,-1.0,79.92844946743638,0.3239185059653173,
2023-08-12 10:35:54.161000,-6.518072289156627,-0.4096385542168675,-7.409638554216868,-0.3727774371551195,-6.261802575107295,-7.1367259350091965,3.0,0.32389832389832396,3087.388622344071,-21.397121379872967,-2.8738418507080006,-24.475263679272768,1324.5421245421244,-1.0,79.92844946743638,0.32391743054136957,
2023-08-12 10:35:54.169000,-6.542168674698796,-0.43373493975903615,-7.397590361445784,-0.37768240343347637,-6.23973022685469,-7.126916002452483,3.0,0.32389832389832396,3087.388622344071,-20.984907639414953,-3.1333838354408248,-23.818775129654448,1323.8095238095236,-1.0,79.92844946743638,0.32391635939748803,
2023-08-12 10:35:54.177000,-6.530120481927711,-0.4096385542168675,-7.421686746987953,-0.38749233599019006,-6.261802575107295,-7.122011036174126,3.0,0.32389832389832396,3087.388622344071,-20.649029776819532,-2.3242235300973135,-23.40656138919643,1326.7399267399267,-1.0,79.92844946743638,0.32391529288232773,
2023-08-12 10:35:54.184000,-6.542168674698796,-0.39759036144578314,-7.397590361445784,-0.29429797670141017,-6.276517473942366,-7.14653586756591,3.0,0.32345432345432346,3091.6266300617704,-20.297884738651593,-2.202086125517161,-23.345492686906354,1331.135531135531,-1.0,79.92844946743638,0.32391423126167374,
2023-08-12 10:35:54.192000,-6.55421686746988,-0.3734939759036145,-7.421686746987953,-0.3507050889025138,-6.291232372777436,-7.1293684855916615,3.0,0.32345432345432346,3091.6266300617704,-19.87040382262106,-1.8051395606316647,-23.147019404463606,1336.263736263736,-1.0,79.92844946743638,0.32391317499254846,
2023-08-12 10:35:54.200000,-6.590361445783133,-0.3855421686746988,-7.385542168674699,-0.32127529123237275,-6.283874923359901,-7.112201103617412,3.0,0.32389832389832396,3087.388622344071,-19.80933512033098,-1.3318571178835732,-22.963813297593376,1341.3919413919414,-1.0,79.92844946743638,0.3239121245183264,
2023-08-12 10:35:54.207000,-6.614457831325302,-0.3493975903614458,-7.397590361445784,-0.34334763948497854,-6.372164316370324,-7.097486204782342,3.0,0.32389832389832396,3087.388622344071,-19.595594662315715,-1.484528873608764,-22.826408717440707,1345.7875457875457,-1.0,79.92844946743638,0.3239110802758893,
2023-08-12 10:35:54.215000,-6.602409638554217,-0.3493975903614458,-7.385542168674699,-0.30901287553648066,-6.320662170447577,-7.0999386879215205,3.0,0.32389832389832396,3087.388622344071,-19.305518326437852,-1.499796049181283,-23.070683526601012,1348.7179487179487,-1.0,79.92844946743638,0.3239100428621629,
2023-08-12 10:35:54.223000,-6.602409638554217,-0.3614457831325301,-7.409638554216868,-0.2893930104230533,-6.33292458614347,-7.092581238503985,3.0,0.32389832389832396,3087.388622344071,-19.274983975292816,-1.683002156051512,-22.963813297593376,1352.3809523809523,-1.0,79.92844946743638,0.3239090127532506,
2023-08-12 10:35:54.230000,-6.578313253012048,-0.3493975903614458,-7.409638554216868,-0.29429797670141017,-6.27161250766401,-7.141630901287553,3.0,0.32389832389832396,3087.388622344071,-18.832235883689762,-2.1410174232270847,-22.765340015150628,1354.5787545787546,-1.0,79.92844946743638,0.32390799032123563,
2023-08-12 10:35:54.238000,-6.542168674698796,-0.3614457831325301,-7.421686746987953,-0.2893930104230533,-6.28632740649908,-7.1440833844267315,3.0,0.32389832389832396,3087.388622344071,-18.557426723384417,-2.415826583532428,-22.673736961715516,1356.0439560439559,-1.0,79.92844946743638,0.32390697597842566,
2023-08-12 10:35:54.246000,-6.518072289156627,-0.3614457831325301,-7.421686746987953,-0.2599632127529123,-6.242182709993869,-7.1661557326793375,3.0,0.32389832389832396,3087.388622344071,-18.450556494376784,-2.644834217120214,-22.047782763242232,1358.2417582417581,-1.0,79.92844946743638,0.32390597017235273,
2023-08-12 10:35:54.253000,-6.518072289156627,-0.3614457831325301,-7.457831325301205,-0.3703249540159411,-6.23973022685469,-7.171060698957694,3.0,0.32389832389832396,3087.388622344071,-18.252083211934035,-2.3547578812423517,-21.574500320494142,1362.6373626373625,-1.0,79.92844946743638,0.3239049735196093,
2023-08-12 10:35:54.261000,-6.493975903614458,-0.3855421686746988,-7.445783132530121,-0.3678724708767627,-6.205395462906192,-7.188228080931943,3.0,0.32389832389832396,3087.388622344071,-17.977274051628694,-2.247887652234718,-21.299691160188797,1367.032967032967,-1.0,79.92844946743638,0.323903986780668,
2023-08-12 10:35:54.269000,-6.46987951807229,-0.3855421686746988,-7.445783132530121,-0.31882280809319435,-6.1661557326793375,-7.102391171060699,3.0,0.32389832389832396,3087.388622344071,-18.129945807353884,-2.079948720937008,-21.192820931181164,1369.9633699633698,-1.0,79.92844946743638,0.3239030107072303,
2023-08-12 10:35:54.276000,-6.445783132530121,-0.3855421686746988,-7.433734939759036,-0.33353770692826484,-6.185775597792765,-7.183323114653587,3.0,0.32389832389832396,3087.388622344071,-17.641396189033273,-1.2707884155934968,-20.76534001515063,1373.6263736263736,-1.0,79.92844946743638,0.3239020459000928,
2023-08-12 10:35:54.284000,-6.433734939759036,-0.42168674698795183,-7.421686746987953,-0.3507050889025138,-6.1293684855916615,-7.163703249540159,3.0,0.32389832389832396,3087.388622344071,-17.68719771575083,-1.1181166598683059,-20.459996503700246,1373.6263736263736,-1.0,79.92844946743638,0.3239010928261364,
2023-08-12 10:35:54.292000,-6.433734939759036,-0.45783132530120485,-7.457831325301205,-0.42427958307786634,-6.1735131820968725,-7.153893316983446,3.0,0.32389832389832396,3087.388622344071,-17.458190082163043,-1.3776586446011303,-20.230988870112462,1372.8937728937728,-1.0,79.92844946743638,0.3239001519629527,
2023-08-12 10:35:54.299000,-6.397590361445784,-0.49397590361445787,-7.493975903614459,-0.45861434702636417,-6.180870631514408,-7.205395462906192,3.0,0.32389832389832396,3087.388622344071,-17.04597634170503,-1.1181166598683059,-20.09358428995979,1368.4981684981683,-1.0,79.92844946743638,0.32389922379441777,
2023-08-12 10:35:54.307000,-6.397590361445784,-0.5180722891566265,-7.493975903614459,-0.4782342121397915,-6.161250766400981,-7.188228080931943,3.0,0.32389832389832396,3087.388622344071,-17.33605267758289,-1.484528873608764,-20.06304993881475,1361.1721611721612,-1.0,79.92844946743638,0.32389830880653525,
2023-08-12 10:35:54.315000,-6.409638554216868,-0.5662650602409639,-7.481927710843374,-0.5125689760882893,-6.139178418148375,-7.20784794604537,3.0,0.32389832389832396,3087.388622344071,-17.03070916613251,-1.5761319270438785,-20.12411864110483,1350.9157509157508,-1.0,79.92844946743638,0.32389740762231833,
2023-08-12 10:35:54.322000,-6.421686746987952,-0.6024096385542169,-7.481927710843374,-0.551808706315144,-6.175965665236051,-7.1735131820968725,3.0,0.32389832389832396,3087.388622344071,-16.954373288269913,-1.0570479575782297,-19.92564535866208,1339.194139194139,-1.0,79.92844946743638,0.323896520977849,
2023-08-12 10:35:54.330000,-6.421686746987952,-0.6385542168674699,-7.46987951807229,-0.6229307173513182,-6.148988350705088,-7.1955855303494785,3.0,0.32345432345432346,3091.6266300617704,-16.862770234834798,-1.148651011013344,-20.368393450265135,1329.6703296703297,-1.0,79.92844946743638,0.32389564943230365,
2023-08-12 10:35:54.338000,-6.457831325301205,-0.6385542168674699,-7.457831325301205,-0.6646229307173512,-6.178418148375229,-7.1440833844267315,3.0,0.32345432345432346,3091.6266300617704,-17.137579395140143,-0.7211700949828098,-20.78060719072315,1321.6117216117216,-1.0,79.92844946743638,0.3238947932372432,
2023-08-12 10:35:54.345000,-6.493975903614458,-0.6385542168674699,-7.433734939759036,-0.6180257510729613,-6.259350091968117,-7.198038013488657,3.0,0.32389832389832396,3087.388622344071,-17.38185420430045,-0.7517044461278479,-21.42182856476895,1313.5531135531135,-1.0,79.92844946743638,0.32389395259983833,
2023-08-12 10:35:54.353000,-6.493975903614458,-0.6867469879518072,-7.457831325301205,-0.6523605150214592,-6.139178418148375,-7.122011036174126,3.0,0.32389832389832396,3087.388622344071,-17.290251150865334,-0.9043762018530388,-21.696637725074293,1304.7619047619046,-1.0,79.92844946743638,0.3238931279462606,
2023-08-12 10:35:54.361000,-6.493975903614458,-0.6867469879518072,-7.397590361445784,-0.5885959534028203,-6.178418148375229,-7.14653586756591,3.0,0.32389832389832396,3087.388622344071,-17.70246489132335,-1.2249868888759397,-22.337859099120095,1295.2380952380952,-1.0,79.92844946743638,0.32389231979147504,
2023-08-12 10:35:54.368000,-6.493975903614458,-0.710843373493976,-7.409638554216868,-0.5910484365419988,-6.205395462906192,-7.080318822808093,3.0,0.32389832389832396,3087.388622344071,-17.87040382262106,-1.5608647514713594,-22.689004137288034,1284.2490842490843,-1.0,79.92844946743638,0.323891528599388,
2023-08-12 10:35:54.376000,-6.46987951807229,-0.7349397590361446,-7.349397590361447,-0.640098099325567,-6.1367259350091965,-7.104843654199877,3.0,0.32389832389832396,3087.388622344071,-17.549793135598158,-1.850941087349222,-22.91801177087582,1274.7252747252746,-1.0,79.92844946743638,0.32389075478194224,
2023-08-12 10:35:54.384000,-6.433734939759036,-0.7590361445783133,-7.36144578313253,-0.6965052115266707,-6.163703249540159,-7.087676272225628,3.0,0.32389832389832396,3087.388622344071,-17.778800769185946,-2.079948720937008,-22.841675893013225,1268.131868131868,-1.0,79.92844946743638,0.3238899986984139,
2023-08-12 10:35:54.391000,-6.397590361445784,-0.7228915662650602,-7.409638554216868,-0.6351931330472103,-6.180870631514408,-7.104843654199877,3.0,0.32389832389832396,3087.388622344071,-17.778800769185946,-2.079948720937008,-22.841675893013225,1264.4688644688645,-1.0,79.92844946743638,0.32388926065492113,
2023-08-12 10:35:54.399000,-6.373493975903615,-0.7349397590361446,-7.385542168674699,-0.6842427958307786,-6.090128755364806,-7.1072961373390555,3.0,0.32389832389832396,3087.388622344071,-17.549793135598158,-2.1410174232270847,-22.337859099120095,1265.2014652014652,-1.0,79.92844946743638,0.32388854090414265,
2023-08-12 10:35:54.406000,-6.385542168674699,-0.6987951807228916,-7.397590361445784,-0.6499080318822807,-6.104843654199877,-7.119558553034947,3.0,0.32389832389832396,3087.388622344071,-17.595594662315715,-1.9730784919293747,-21.74243925179185,1271.062271062271,-1.0,79.92844946743638,0.3238878396452535,
2023-08-12 10:35:54.414000,-6.421686746987952,-0.710843373493976,-7.457831325301205,-0.6768853464132434,-6.092581238503985,-7.163703249540159,3.0,0.32389832389832396,3087.388622344071,-17.36658702872793,-1.3929258201736494,-20.979080473165897,1280.5860805860805,-1.0,79.92844946743638,0.32388715702407755,
2023-08-12 10:35:54.422000,-6.445783132530121,-0.6867469879518072,-7.421686746987953,-0.6131207847946045,-6.217657878602084,-7.109748620478234,3.0,0.32389832389832396,3087.388622344071,-17.458190082163043,-0.9959792552881533,-20.459996503700246,1293.040293040293,-1.0,79.92844946743638,0.32388649313345913,
2023-08-12 10:35:54.429000,-6.506024096385542,-0.6385542168674699,-7.409638554216868,-0.6351931330472103,-6.247087676272225,-7.198038013488657,3.0,0.32389832389832396,3087.388622344071,-17.15284657071266,0.24066196608589246,-19.864576656372,1305.4945054945053,-1.0,79.92844946743638,0.32388584801385134,
2023-08-12 10:35:54.437000,-6.55421686746988,-0.6506024096385542,-7.457831325301205,-0.5272838749233598,-6.269160024524831,-7.1735131820968725,3.0,0.32389832389832396,3087.388622344071,-16.84750305926228,0.5765398286813123,-19.376027038051394,1312.8205128205127,-1.0,79.92844946743638,0.32388522165412226,
2023-08-12 10:35:54.445000,-6.602409638554217,-0.6265060240963856,-7.46987951807229,-0.5935009196811771,-6.352544451256898,-7.1072961373390555,3.0,0.32389832389832396,3087.388622344071,-16.740632830254647,0.7444787599790222,-19.42182856476895,1316.4835164835165,-1.0,79.92844946743638,0.32388461385382394,
2023-08-12 10:35:54.452000,-6.626506024096386,-0.5783132530120483,-7.457831325301205,-0.5297363580625383,-6.308399754751686,-7.156345800122624,3.0,0.32389832389832396,3087.388622344071,-16.114678631781366,0.6834100576889459,-19.314958335761318,1317.216117216117,-1.0,79.92844946743638,0.32388402438355224,
2023-08-12 10:35:54.460000,-6.674698795180723,-0.5180722891566265,-7.46987951807229,-0.4880441446965052,-6.42611894543225,-7.205395462906192,3.0,0.32389832389832396,3087.388622344071,-15.900938173766097,0.22539479051337338,-19.543965969349102,1316.4835164835165,-1.0,79.92844946743638,0.323883452975245,
2023-08-12 10:35:54.468000,-6.662650602409639,-0.4819277108433735,-7.506024096385542,-0.45861434702636417,-6.399141630901287,-7.215205395462906,3.0,0.32345432345432346,3091.6266300617704,-15.900938173766097,-0.7517044461278479,-19.528698793776584,1314.2857142857142,-1.0,79.92844946743638,0.32388289933385106,
2023-08-12 10:35:54.475000,-6.662650602409639,-0.4819277108433735,-7.542168674698796,-0.43408951563458,-6.372164316370324,-7.217657878602084,3.0,0.32389832389832396,3087.388622344071,-15.53452596002564,-0.8891090262805197,-19.605034671639178,1311.3553113553112,-1.0,79.92844946743638,0.32388236297892425,
2023-08-12 10:35:54.483000,-6.674698795180723,-0.44578313253012053,-7.518072289156627,-0.3703249540159411,-6.374616799509503,-7.27161250766401,3.0,0.32389832389832396,3087.388622344071,-15.01544199055999,-1.484528873608764,-19.818775129654448,1309.89010989011,-1.0,79.92844946743638,0.3238818433842842,
2023-08-12 10:35:54.491000,-6.614457831325302,-0.3855421686746988,-7.530120481927711,-0.2795830778663397,-6.310852237890864,-7.20784794604537,3.0,0.32345432345432346,3091.6266300617704,-14.969640463842433,-2.1410174232270847,-19.605034671639178,1309.1575091575091,-1.0,79.92844946743638,0.3238813401283937,
2023-08-12 10:35:54.498000,-6.602409638554217,-0.3493975903614458,-7.542168674698796,-0.27713059472716123,-6.308399754751686,-7.264255058246474,3.0,0.32345432345432346,3091.6266300617704,-14.801701532544724,-2.6601013926927335,-19.482897267059027,1312.087912087912,-1.0,79.92844946743638,0.3238808526188994,
2023-08-12 10:35:54.506000,-6.578313253012048,-0.30120481927710846,-7.542168674698796,-0.24034334763948498,-6.283874923359901,-7.247087676272225,3.0,0.32389832389832396,3087.388622344071,-15.229182448575258,-2.72117009498281,-18.948546122020858,1314.2857142857142,-1.0,79.92844946743638,0.3238803802012689,
2023-08-12 10:35:54.514000,-6.55421686746988,-0.30120481927710846,-7.530120481927711,-0.23053341508277128,-6.357449417535254,-7.247087676272225,3.0,0.32389832389832396,3087.388622344071,-15.168113746285181,-2.9654449041431152,-18.612668259425437,1313.5531135531135,-1.0,79.92844946743638,0.32387992229908474,
2023-08-12 10:35:54.521000,-6.55421686746988,-0.27710843373493976,-7.506024096385542,-0.23543838136112813,-6.217657878602084,-7.249540159411404,3.0,0.32389832389832396,3087.388622344071,-15.229182448575258,-3.0112464308606723,-17.956179709807117,1311.3553113553112,-1.0,79.92844946743638,0.3238794784374007,
2023-08-12 10:35:54.529000,-6.542168674698796,-0.26506024096385544,-7.493975903614459,-0.25260576333537704,-6.305947271612507,-7.234825260576333,3.0,0.32389832389832396,3087.388622344071,-15.290251150865334,-2.8433074995629624,-17.26915680904376,1309.89010989011,-1.0,79.92844946743638,0.3238790481070857,
2023-08-12 10:35:54.537000,-6.518072289156627,-0.27710843373493976,-7.481927710843374,-0.2673206621704476,-6.220110361741263,-7.225015328019619,3.0,0.32389832389832396,3087.388622344071,-15.473457257735562,-2.5074296369675424,-16.9027445953033,1310.6227106227104,-1.0,79.92844946743638,0.32387863076801715,
2023-08-12 10:35:54.544000,-6.518072289156627,-0.27710843373493976,-7.493975903614459,-0.24279583077866337,-6.278969957081545,-7.256897608828939,3.0,0.32389832389832396,3087.388622344071,-15.244449624147776,-1.8967426140667791,-16.96381329759338,1311.3553113553112,-1.0,79.92844946743638,0.3238782258523621,
2023-08-12 10:35:54.552000,-6.542168674698796,-0.28915662650602414,-7.518072289156627,-0.2673206621704476,-6.237277743715512,-7.198038013488657,3.0,0.32389832389832396,3087.388622344071,-15.549793135598158,-1.5455975758988403,-16.383660625837653,1309.1575091575091,-1.0,79.92844946743638,0.32387783276792825,
2023-08-12 10:35:54.560000,-6.530120481927711,-0.3253012048192771,-7.481927710843374,-0.2722256284488044,-6.259350091968117,-7.183323114653587,3.0,0.32389832389832396,3087.388622344071,-15.626129013460753,-1.4234601713186876,-16.490530854845286,1307.6923076923076,-1.0,79.92844946743638,0.3238774509015711,
2023-08-12 10:35:54.567000,-6.506024096385542,-0.3734939759036145,-7.493975903614459,-0.3139178418148375,-6.261802575107295,-7.205395462906192,3.0,0.32389832389832396,3087.388622344071,-15.198648097430219,-1.316589942311054,-16.322591923547577,1305.4945054945053,-1.0,79.92844946743638,0.3238770796226407,
2023-08-12 10:35:54.575000,-6.506024096385542,-0.39759036144578314,-7.445783132530121,-0.42427958307786634,-6.207847946045371,-7.242182709993869,3.0,0.32389832389832396,3087.388622344071,-15.549793135598158,-1.1791853621583823,-16.673736961715516,1304.0293040293038,-1.0,79.92844946743638,0.3238767182864522,
2023-08-12 10:35:54.583000,-6.518072289156627,-0.44578313253012053,-7.46987951807229,-0.39239730226854685,-6.251992642550582,-7.161250766400981,3.0,0.32389832389832396,3087.388622344071,-15.168113746285181,-1.6066662781889167,-16.826408717440707,1305.4945054945053,-1.0,79.92844946743638,0.32387636623776483,
2023-08-12 10:35:54.590000,-6.46987951807229,-0.4819277108433735,-7.46987951807229,-0.46842427958307786,-6.234825260576333,-7.1931330472103,3.0,0.32389832389832396,3087.388622344071,-15.091777868422586,-1.7440708583415885,-16.872210244158264,1306.9597069597069,-1.0,79.92844946743638,0.3238760228142539,
2023-08-12 10:35:54.598000,-6.46987951807229,-0.5180722891566265,-7.46987951807229,-0.4316370324954016,-6.2029429797670135,-7.188228080931943,3.0,0.32389832389832396,3087.388622344071,-14.786434356972205,-1.8204067362041838,-16.856943068585743,1308.4249084249084,-1.0,79.92844946743638,0.32387568734996114,
2023-08-12 10:35:54.606000,-6.46987951807229,-0.5301204819277109,-7.457831325301205,-0.5027590435315757,-6.23973022685469,-7.185775597792765,3.0,0.32389832389832396,3087.388622344071,-14.52689237223938,-2.3394907056698324,-16.62793543499796,1310.6227106227104,-1.0,79.92844946743638,0.3238753591787071,
2023-08-12 10:35:54.613000,-6.433734939759036,-0.5421686746987953,-7.481927710843374,-0.5027590435315757,-6.1661557326793375,-7.178418148375229,3.0,0.32345432345432346,3091.6266300617704,-14.71009847910961,-2.4463609346774664,-16.856943068585743,1318.6813186813185,-1.0,79.92844946743638,0.32387503763745223,
2023-08-12 10:35:54.621000,-6.445783132530121,-0.5662650602409639,-7.481927710843374,-0.5321888412017167,-6.148988350705088,-7.1955855303494785,3.0,0.32389832389832396,3087.388622344071,-14.603228250101976,-2.476895285822504,-17.024881999883455,1331.135531135531,-1.0,79.92844946743638,0.3238747219202982,
2023-08-12 10:35:54.629000,-6.457831325301205,-0.5421686746987953,-7.46987951807229,-0.539546290619252,-6.183323114653587,-7.185775597792765,3.0,0.32389832389832396,3087.388622344071,-14.084144280636327,-2.431093759104947,-16.704271312860552,1351.6483516483515,-1.0,79.92844946743638,0.32387441120912197,
2023-08-12 10:35:54.636000,-6.481927710843374,-0.5180722891566265,-7.46987951807229,-0.48068669527896996,-6.151440833844267,-7.1661557326793375,3.0,0.32389832389832396,3087.388622344071,-13.931472524911136,-1.6524678049064738,-16.353126274692613,1380.2197802197802,-1.0,79.92844946743638,0.323874104835637,
2023-08-12 10:35:54.644000,-6.518072289156627,-0.49397590361445787,-7.481927710843374,-0.4218270999386879,-6.264255058246475,-7.183323114653587,3.0,0.32345432345432346,3091.6266300617704,-13.839869471476021,-1.3318571178835732,-15.635569022784217,1414.6520146520145,-1.0,79.92844946743638,0.3238738021454776,
2023-08-12 10:35:54.652000,-6.566265060240964,-0.43373493975903615,-7.493975903614459,-0.38994481912936846,-6.340282035561005,-7.190680564071122,3.0,0.32345432345432346,3091.6266300617704,-13.656663364605793,-0.9654449041431151,-15.910378183089561,1457.8754578754579,-1.0,79.92844946743638,0.3238735023516316,
2023-08-12 10:35:54.659000,-6.63855421686747,-0.4096385542168675,-7.46987951807229,-0.34825260576333533,-6.458001226241569,-7.178418148375229,3.0,0.32389832389832396,3087.388622344071,-14.236816036361517,-0.7822387972728861,-15.940912534234599,1504.0293040293038,-1.0,79.92844946743638,0.32387320451517454,
2023-08-12 10:35:54.667000,-6.710843373493976,-0.3734939759036145,-7.397590361445784,-0.22808093194359289,-6.494788473329246,-7.1367259350091965,3.0,0.32389832389832396,3087.388622344071,-14.236816036361517,-0.7822387972728861,-15.940912534234599,1552.3809523809523,-1.0,79.92844946743638,0.3238729078341108,
2023-08-12 10:35:54.675000,-6.698795180722892,-0.3253012048192771,-7.385542168674699,-0.26486817903126914,-6.418761496014715,-7.060698957694665,3.0,0.32389832389832396,3087.388622344071,-13.946739700483654,-0.4310937591049472,-16.001981236524674,1601.4652014652013,-1.0,79.92844946743638,0.32387261166573106,
2023-08-12 10:35:54.682000,-6.72289156626506,-0.27710843373493976,-7.397590361445784,-0.23053341508277128,-6.465358675659105,-7.0705088902513795,3.0,0.32389832389832396,3087.388622344071,-13.565060311170678,-0.9959792552881533,-16.017248412097196,1650.5494505494505,-1.0,79.92844946743638,0.3238723152509694,
2023-08-12 10:35:54.690000,-6.72289156626506,-0.24096385542168675,-7.36144578313253,-0.15941140404659718,-6.42611894543225,-7.0999386879215205,3.0,0.32389832389832396,3087.388622344071,-13.53452596002564,-0.6906357438377716,-15.879843831944523,1698.168498168498,-1.0,79.92844946743638,0.32387201787526226,
2023-08-12 10:35:54.698000,-6.662650602409639,-0.20481927710843376,-7.325301204819278,-0.18638871857755976,-6.372164316370324,-6.972409564684242,3.0,0.32389832389832396,3087.388622344071,-13.351319853155411,-1.6372006293339547,-15.74243925179185,1740.6593406593406,-1.0,79.92844946743638,0.32387171899776995,
2023-08-12 10:35:54.705000,-6.602409638554217,-0.1927710843373494,-7.325301204819278,-0.12507664009809932,-6.328019619865113,-7.065603923973022,3.0,0.32389832389832396,3087.388622344071,-13.229182448575258,-2.171551774372123,-15.26915680904376,1775.091575091575,-1.0,79.92844946743638,0.3238714181037615,
2023-08-12 10:35:54.713000,-6.530120481927711,-0.22891566265060243,-7.36144578313253,-0.22808093194359289,-6.323114653586757,-7.05334150827713,3.0,0.32389832389832396,3087.388622344071,-12.816968708117242,-2.3242235300973135,-14.078317114387273,1798.5347985347985,-1.0,79.92844946743638,0.3238711147061699,
2023-08-12 10:35:54.721000,-6.445783132530121,-0.22891566265060243,-7.36144578313253,-0.1618638871857756,-6.237277743715512,-7.0778663396689145,3.0,0.32389832389832396,3087.388622344071,-12.297884738651593,-3.0570479575782294,-13.070683526601012,1811.7216117216117,-1.0,79.92844946743638,0.3238708083470225,
2023-08-12 10:35:54.728000,-6.421686746987952,-0.2530120481927711,-7.36144578313253,-0.22808093194359289,-6.180870631514408,-7.08522378908645,3.0,0.32389832389832396,3087.388622344071,-11.656663364605793,-2.38529223238739,-11.834042305226967,1817.5824175824175,-1.0,79.92844946743638,0.3238704985987446,
2023-08-12 10:35:54.736000,-6.409638554216868,-0.28915662650602414,-7.385542168674699,-0.22808093194359289,-6.1293684855916615,-7.097486204782342,3.0,0.32389832389832396,3087.388622344071,-11.473457257735562,-2.1104830720820464,-10.979080473165899,1811.7216117216117,-1.0,79.92844946743638,0.3238701850653388,
2023-08-12 10:35:54.744000,-6.397590361445784,-0.28915662650602414,-7.349397590361447,-0.24034334763948498,-6.171060698957694,-7.119558553034947,3.0,0.32389832389832396,3087.388622344071,-10.557426723384419,-1.2555212400209776,-9.6203018472117,1797.8021978021977,-1.0,79.92844946743638,0.3238698673834376,
2023-08-12 10:35:54.751000,-6.421686746987952,-0.3253012048192771,-7.325301204819278,-0.2869405272838749,-6.13182096873084,-7.045984058859595,3.0,0.32389832389832396,3087.388622344071,-10.145212982926402,-0.8127731484179243,-9.28442398461628,1778.021978021978,-1.0,79.92844946743638,0.3238695452232332,
2023-08-12 10:35:54.759000,-6.457831325301205,-0.3614457831325301,-7.337349397590362,-0.2722256284488044,-6.183323114653587,-7.026364193746168,3.0,0.32389832389832396,3087.388622344071,-9.51925878445312,-0.49216246139502356,-8.643202610570478,1754.5787545787546,-1.0,79.92844946743638,0.3238692181505355,
2023-08-12 10:35:54.767000,-6.46987951807229,-0.3614457831325301,-7.36144578313253,-0.3408951563458001,-6.198038013488657,-7.001839362354383,3.0,0.32389832389832396,3087.388622344071,-9.183380921857701,0.5612726531087933,-8.841675893013226,1726.7399267399267,773.651123046875,77.55433710701747,0.3238688857865888,
2023-08-12 10:35:54.774000,-6.518072289156627,-0.39759036144578314,-7.337349397590362,-0.38749233599019006,-6.251992642550582,-7.060698957694665,3.0,0.32389832389832396,3087.388622344071,-8.725365654682129,0.5918070042538314,-9.437095740341471,1695.2380952380952,-1.0,77.55433710701747,0.32386854793625497,
2023-08-12 10:35:54.782000,-6.518072289156627,-0.4096385542168675,-7.349397590361447,-0.39975475168608215,-6.2323727774371545,-7.045984058859595,3.0,0.32389832389832396,3087.388622344071,-8.496358021094341,0.22539479051337338,-10.185187343394906,1661.5384615384614,-1.0,77.55433710701747,0.3238682044393718,
2023-08-12 10:35:54.789000,-6.530120481927711,-0.42168674698795183,-7.349397590361447,-0.41446965052115264,-6.210300429184549,-7.031269160024524,3.0,0.32389832389832396,3087.388622344071,-7.748266418040907,-0.11048307208204645,-11.223355282326205,1627.106227106227,-1.0,77.55433710701747,0.3238678550325462,
2023-08-12 10:35:54.797000,-6.530120481927711,-0.44578313253012053,-7.337349397590362,-0.3359901900674433,-6.269160024524831,-7.060698957694665,3.0,0.32345432345432346,3091.6266300617704,-7.595594662315716,-0.568498339257619,-11.818775129654448,1591.9413919413919,-1.0,77.55433710701747,0.3238674993699646,
2023-08-12 10:35:54.805000,-6.506024096385542,-0.46987951807228917,-7.373493975903615,-0.4463519313304721,-6.205395462906192,-7.0705088902513795,3.0,0.32389832389832396,3087.388622344071,-7.305518326437854,-0.8280403239904434,-12.429462152555212,1560.4395604395604,-1.0,77.55433710701747,0.3238671371611658,
2023-08-12 10:35:54.812000,-6.46987951807229,-0.49397590361445787,-7.421686746987953,-0.49785407725321884,-6.134273451870018,-7.1367259350091965,3.0,0.32389832389832396,3087.388622344071,-7.183380921857701,-1.2249868888759397,-12.536332381562845,1534.065934065934,-1.0,77.55433710701747,0.32386676827719213,
2023-08-12 10:35:54.820000,-6.445783132530121,-0.5060240963855422,-7.46987951807229,-0.4659717964438994,-6.183323114653587,-7.190680564071122,3.0,0.32389832389832396,3087.388622344071,-7.107045043995106,-0.950177728570596,-12.551599557135365,1509.89010989011,-1.0,77.55433710701747,0.3238663927607429,
2023-08-12 10:35:54.828000,-6.433734939759036,-0.5542168674698795,-7.445783132530121,-0.5125689760882893,-6.205395462906192,-7.200490496627835,3.0,0.32389832389832396,3087.388622344071,-6.984907639414953,-0.5226968125400617,-12.032515587669716,1487.9120879120878,-1.0,77.55433710701747,0.3238660106876435,
2023-08-12 10:35:54.835000,-6.433734939759036,-0.5421686746987953,-7.493975903614459,-0.47332924586143466,-6.220110361741263,-7.229920294297976,3.0,0.32389832389832396,3087.388622344071,-6.5726938989569375,0.042188683643144376,-11.6203018472117,1466.6666666666665,-1.0,77.55433710701747,0.32386562216696846,
2023-08-12 10:35:54.843000,-6.457831325301205,-0.5421686746987953,-7.506024096385542,-0.5272838749233598,-6.25444512568976,-7.200490496627835,3.0,0.32389832389832396,3087.388622344071,-6.679564127964571,0.6528757065439077,-10.750072839578113,1446.153846153846,-1.0,77.55433710701747,0.32386522734106676,
2023-08-12 10:35:54.851000,-6.493975903614458,-0.5542168674698795,-7.506024096385542,-0.4438994481912937,-6.185775597792765,-7.200490496627835,3.0,0.32389832389832396,3087.388622344071,-6.633762601247014,0.9429520424217703,-9.849309480799487,1426.3736263736262,-1.0,77.55433710701747,0.32386482638549297,
2023-08-12 10:35:54.858000,-6.55421686746988,-0.5421686746987953,-7.493975903614459,-0.46842427958307786,-6.337829552421827,-7.225015328019619,3.0,0.32389832389832396,3087.388622344071,-6.939106112697395,1.0498222714294039,-9.11648505331857,1406.5934065934066,-1.0,77.55433710701747,0.3238644193700953,
2023-08-12 10:35:54.866000,-6.602409638554217,-0.5180722891566265,-7.506024096385542,-0.46106683016554256,-6.34763948497854,-7.2323727774371545,3.0,0.32389832389832396,3087.388622344071,-6.679564127964571,0.8208146378416177,-8.765340015150631,1386.080586080586,-1.0,77.55433710701747,0.3238640064178878,
2023-08-12 10:35:54.874000,-6.626506024096386,-0.5180722891566265,-7.506024096385542,-0.47332924586143466,-6.372164316370324,-7.190680564071122,3.0,0.32389832389832396,3087.388622344071,-6.649029776819533,0.6376085309713886,-8.505798030417807,1368.4981684981683,-1.0,77.55433710701747,0.3238635878323183,
2023-08-12 10:35:54.881000,-6.614457831325302,-0.5060240963855422,-7.518072289156627,-0.4316370324954016,-6.362354383813611,-7.237277743715511,3.0,0.32389832389832396,3087.388622344071,-6.618495425674495,0.026921508070625294,-8.704271312860556,1352.3809523809523,-1.0,77.55433710701747,0.3238631639477355,
2023-08-12 10:35:54.889000,-6.614457831325302,-0.49397590361445787,-7.46987951807229,-0.46106683016554256,-6.345187001839362,-7.25444512568976,3.0,0.32389832389832396,3087.388622344071,-6.252083211934036,-0.568498339257619,-8.689004137288036,1338.4615384615383,-1.0,77.55433710701747,0.3238627351290639,
2023-08-12 10:35:54.897000,-6.578313253012048,-0.45783132530120485,-7.481927710843374,-0.3654199877375843,-6.264255058246475,-7.148988350705088,3.0,0.32389832389832396,3087.388622344071,-6.099411456208846,-0.9807120797156342,-8.490530854845288,1328.2051282051282,-1.0,77.55433710701747,0.3238623017713919,
2023-08-12 10:35:54.904000,-6.542168674698796,-0.44578313253012053,-7.46987951807229,-0.35806253832004903,-6.215205395462906,-7.161250766400981,3.0,0.32389832389832396,3087.388622344071,-6.252083211934036,-1.484528873608764,-8.750072839578113,1320.8791208791208,-1.0,77.55433710701747,0.3238618642994713,
2023-08-12 10:35:54.912000,-6.506024096385542,-0.44578313253012053,-7.46987951807229,-0.35806253832004903,-6.205395462906192,-7.178418148375229,3.0,0.32389832389832396,3087.388622344071,-6.2368160363615175,-1.5455975758988403,-8.398927801410174,1317.216117216117,-1.0,77.55433710701747,0.32386142316713185,
2023-08-12 10:35:54.920000,-6.46987951807229,-0.44578313253012053,-7.481927710843374,-0.4193746167995095,-6.210300429184549,-7.175965665236051,3.0,0.32389832389832396,3087.388622344071,-6.20628168521648,-1.9425441407843365,-7.895111007517044,1317.216117216117,-1.0,77.55433710701747,0.32386097885660925,
2023-08-12 10:35:54.927000,-6.457831325301205,-0.44578313253012053,-7.518072289156627,-0.3825873697118332,-6.200490496627835,-7.261802575107295,3.0,0.32389832389832396,3087.388622344071,-5.839869471476021,-1.3623914690286112,-7.940912534234601,1317.9487179487178,-1.0,77.55433710701747,0.3238605318777884,
2023-08-12 10:35:54.935000,-6.481927710843374,-0.44578313253012053,-7.506024096385542,-0.3384426732066217,-6.1955855303494785,-7.200490496627835,3.0,0.32389832389832396,3087.388622344071,-6.175747334071441,-1.0112464308606723,-7.223355282326204,1322.3443223443223,-1.0,77.55433710701747,0.32386008276736217,
2023-08-12 10:35:54.943000,-6.506024096385542,-0.45783132530120485,-7.493975903614459,-0.40220723482526055,-6.251992642550582,-7.212752912323728,3.0,0.32389832389832396,3087.388622344071,-6.175747334071441,-1.0112464308606723,-7.223355282326204,1326.7399267399267,-1.0,77.55433710701747,0.323859632087908,
2023-08-12 10:35:54.950000,-6.542168674698796,-0.44578313253012053,-7.46987951807229,-0.35806253832004903,-6.25444512568976,-7.190680564071122,3.0,0.32345432345432346,3091.6266300617704,-6.068877105063808,0.01165433249810621,-6.902744595303304,1329.6703296703297,-1.0,77.55433710701747,0.3238591804268835,
2023-08-12 10:35:54.958000,-6.566265060240964,-0.42168674698795183,-7.46987951807229,-0.39975475168608215,-6.296137339055794,-7.205395462906192,3.0,0.32389832389832396,3087.388622344071,-6.129945807353884,0.6070741798263505,-7.177553755608647,1335.5311355311355,-1.0,77.55433710701747,0.32385872824624945,
2023-08-12 10:35:54.966000,-6.578313253012048,-0.42168674698795183,-7.445783132530121,-0.34580012262415694,-6.33292458614347,-7.14653586756591,3.0,0.32389832389832396,3087.388622344071,-6.725365654682128,0.9887535691393275,-6.963813297593379,1341.3919413919414,-1.0,77.55433710701747,0.32385827600872635,
2023-08-12 10:35:54.973000,-6.614457831325302,-0.4096385542168675,-7.433734939759036,-0.30901287553648066,-6.310852237890864,-7.097486204782342,3.0,0.32345432345432346,3091.6266300617704,-6.511625196666861,1.0956237981469612,-7.009614824310937,1348.7179487179487,-1.0,77.55433710701747,0.323857824335497,
2023-08-12 10:35:54.981000,-6.650602409638554,-0.3734939759036145,-7.385542168674699,-0.3727774371551195,-6.350091968117719,-7.124463519313304,3.0,0.32389832389832396,3087.388622344071,-6.191014509643961,0.6834100576889459,-7.177553755608647,1356.7765567765566,-1.0,77.55433710701747,0.32385737371667145,
2023-08-12 10:35:54.989000,-6.674698795180723,-0.3614457831325301,-7.409638554216868,-0.3384426732066217,-6.39423666462293,-7.171060698957694,3.0,0.32389832389832396,3087.388622344071,-5.946739700483655,0.48493677524619777,-7.024881999883456,1360.4395604395604,-1.0,77.55433710701747,0.32385692463715215,
2023-08-12 10:35:54.996000,-6.63855421686747,-0.3734939759036145,-7.409638554216868,-0.2722256284488044,-6.381974248927039,-7.097486204782342,3.0,0.32389832389832396,3087.388622344071,-6.068877105063808,0.13379173707825887,-6.979080473165899,1364.8351648351647,-1.0,77.55433710701747,0.3238564777339637,
2023-08-12 10:35:55.004000,-6.590361445783133,-0.3253012048192771,-7.397590361445784,-0.2844880441446965,-6.362354383813611,-7.097486204782342,3.0,0.32389832389832396,3087.388622344071,-5.6719305401783116,-0.3394907056698327,-6.811141541868189,1368.4981684981683,-1.0,77.55433710701747,0.32385603365566135,
2023-08-12 10:35:55.012000,-6.566265060240964,-0.3373493975903615,-7.373493975903615,-0.26486817903126914,-6.308399754751686,-7.08522378908645,3.0,0.32389832389832396,3087.388622344071,-5.290251150865335,-0.7517044461278479,-6.536332381562845,1372.8937728937728,-1.0,77.55433710701747,0.323855593060454,
2023-08-12 10:35:55.019000,-6.506024096385542,-0.30120481927710846,-7.36144578313253,-0.25015328019619865,-6.212752912323728,-7.08522378908645,3.0,0.32389832389832396,3087.388622344071,-5.015441990559991,-1.0112464308606723,-6.001981236524678,1378.021978021978,-1.0,77.55433710701747,0.32385515661429887,
2023-08-12 10:35:55.027000,-6.457831325301205,-0.30120481927710846,-7.385542168674699,-0.19619865113427343,-6.163703249540159,-7.1146535867565905,3.0,0.32389832389832396,3087.388622344071,-4.8933045859798385,-0.9959792552881533,-5.314958335761319,1380.2197802197802,-1.0,77.55433710701747,0.3238547249889776,
2023-08-12 10:35:55.035000,-6.445783132530121,-0.30120481927710846,-7.385542168674699,-0.29429797670141017,-6.1931330472103,-7.055793991416309,3.0,0.32389832389832396,3087.388622344071,-3.9620068760561744,-1.4234601713186876,-4.429462152555212,1380.2197802197802,-1.0,77.55433710701747,0.3238542988601605,
2023-08-12 10:35:55.042000,-6.421686746987952,-0.3253012048192771,-7.36144578313253,-0.2575107296137339,-6.122011036174126,-7.033721643163703,3.0,0.32389832389832396,3087.388622344071,-3.351319853155411,-1.2555212400209776,-3.498164442631548,1377.2893772893772,-1.0,77.55433710701747,0.3238538789054669,
2023-08-12 10:35:55.050000,-6.433734939759036,-0.3493975903614458,-7.385542168674699,-0.2918454935622317,-6.1367259350091965,-7.023911710606989,3.0,0.32389832389832396,3087.388622344071,-3.0612435172775485,-1.1944525377309014,-3.0859507021735326,1372.161172161172,-1.0,77.55433710701747,0.3238534658025308,
2023-08-12 10:35:55.058000,-6.433734939759036,-0.3734939759036145,-7.409638554216868,-0.34334763948497854,-6.148988350705088,-7.08522378908645,3.0,0.32389832389832396,3087.388622344071,-2.664296952392052,-0.6906357438377716,-2.5515995571353645,1363.3699633699632,-1.0,77.55433710701747,0.3238530602270777,
2023-08-12 10:35:55.065000,-6.457831325301205,-0.3855421686746988,-7.445783132530121,-0.3408951563458001,-6.188228080931943,-7.1072961373390555,3.0,0.32389832389832396,3087.388622344071,-2.236816036361518,0.1185245615057398,-2.2004545189674256,1353.8461538461538,-1.0,77.55433710701747,0.3238526628510205,
2023-08-12 10:35:55.073000,-6.506024096385542,-0.4096385542168675,-7.457831325301205,-0.30901287553648066,-6.227467811158798,-7.205395462906192,3.0,0.32389832389832396,3087.388622344071,-1.916205349338617,0.9887535691393275,-1.9714468853796394,1342.8571428571427,-1.0,77.55433710701747,0.3238522743405844,
2023-08-12 10:35:55.081000,-6.518072289156627,-0.4096385542168675,-7.457831325301205,-0.3678724708767627,-6.256897608828939,-7.188228080931943,3.0,0.32389832389832396,3087.388622344071,-1.519258784453121,1.431501660742381,-2.3836606258376545,1331.8681318681317,-1.0,77.55433710701747,0.32385189535446407,
2023-08-12 10:35:55.088000,-6.55421686746988,-0.39759036144578314,-7.433734939759036,-0.2918454935622317,-6.293684855916616,-7.1514408338442665,3.0,0.32389832389832396,3087.388622344071,-1.1070450439951056,1.8742497523454344,-3.0706835266010133,1320.14652014652,-1.0,77.55433710701747,0.32385152654202326,
2023-08-12 10:35:55.096000,-6.614457831325302,-0.43373493975903615,-7.481927710843374,-0.3408951563458001,-6.359901900674433,-7.171060698957694,3.0,0.32389832389832396,3087.388622344071,-1.2139152730027392,1.7063108210477245,-3.2691568090437615,1309.89010989011,-1.0,77.55433710701747,0.3238511685415419,
2023-08-12 10:35:55.104000,-6.614457831325302,-0.4096385542168675,-7.46987951807229,-0.3948497854077253,-6.315757204169221,-7.1661557326793375,3.0,0.32345432345432346,3091.6266300617704,-1.0765106928500674,1.080356622574442,-3.8493094807994868,1300.3663003663003,-1.0,77.55433710701747,0.32385082197851717,
2023-08-12 10:35:55.111000,-6.614457831325302,-0.42168674698795183,-7.46987951807229,-0.3703249540159411,-6.301042305334151,-7.215205395462906,3.0,0.32389832389832396,3087.388622344071,-0.7253656546821285,0.5460054775362742,-4.1546529922498685,1291.5750915750914,-1.0,77.55433710701747,0.3238504874534823,
2023-08-12 10:35:55.119000,-6.578313253012048,-0.4096385542168675,-7.493975903614459,-0.3654199877375843,-6.318209687308399,-7.1808706315144075,3.0,0.32389832389832396,3087.388622344071,-0.7559000058271668,-0.06468154536448921,-4.307324747975059,1286.4468864468863,-1.0,77.55433710701747,0.32385016550872164,
2023-08-12 10:35:55.127000,-6.55421686746988,-0.43373493975903615,-7.493975903614459,-0.41446965052115264,-6.276517473942366,-7.200490496627835,3.0,0.32389832389832396,3087.388622344071,-0.8933045859798385,-0.400559407959909,-4.398927801410173,1283.5164835164835,-1.0,77.55433710701747,0.3238498566580951,
2023-08-12 10:35:55.134000,-6.530120481927711,-0.43373493975903615,-7.493975903614459,-0.3850398528510116,-6.259350091968117,-7.175965665236051,3.0,0.32389832389832396,3087.388622344071,-0.6795641279645713,-0.7364372705553289,-3.559233144921624,1281.3186813186812,-1.0,77.55433710701747,0.3238495613957755,
2023-08-12 10:35:55.142000,-6.518072289156627,-0.43373493975903615,-7.518072289156627,-0.4438994481912937,-6.283874923359901,-7.269160024524831,3.0,0.32389832389832396,3087.388622344071,-0.8322358836897622,-0.7975059728454053,-3.2386224578987233,1283.5164835164835,-1.0,77.55433710701747,0.32384928019453124,
2023-08-12 10:35:55.149000,-6.481927710843374,-0.43373493975903615,-7.518072289156627,-0.3629675045984059,-6.269160024524831,-7.20784794604537,3.0,0.32389832389832396,3087.388622344071,-1.351319853155411,-0.49216246139502356,-2.307324747975059,1284.9816849816848,-1.0,77.55433710701747,0.32384901350410766,
2023-08-12 10:35:55.157000,-6.481927710843374,-0.46987951807228917,-7.530120481927711,-0.4316370324954016,-6.23973022685469,-7.25444512568976,3.0,0.32389832389832396,3087.388622344071,-1.4123885554454874,-0.6142998659751762,-1.2996911601887997,1287.9120879120878,-1.0,77.55433710701747,0.32384876174971317,
2023-08-12 10:35:55.165000,-6.518072289156627,-0.4819277108433735,-7.55421686746988,-0.43899448191293683,-6.242182709993869,-7.288779889638258,3.0,0.32389832389832396,3087.388622344071,-1.53452596002564,0.34753219509352606,-0.7653400151506319,1292.3076923076922,-1.0,77.55433710701747,0.3238485253306204,
2023-08-12 10:35:55.172000,-6.518072289156627,-0.49397590361445787,-7.518072289156627,-0.46842427958307786,-6.33292458614347,-7.27161250766401,3.0,0.32389832389832396,3087.388622344071,-1.8704038226210598,1.0498222714294039,-0.47526367927276925,1295.970695970696,-1.0,77.55433710701747,0.32384830461888603,
2023-08-12 10:35:55.180000,-6.578313253012048,-0.49397590361445787,-7.518072289156627,-0.41446965052115264,-6.301042305334151,-7.249540159411404,3.0,0.32389832389832396,3087.388622344071,-2.1452129829264033,1.4620360118874192,0.013285939047841446,1298.168498168498,-1.0,77.55433710701747,0.32384809995819663,
2023-08-12 10:35:55.188000,-6.602409638554217,-0.49397590361445787,-7.506024096385542,-0.4659717964438994,-6.310852237890864,-7.256897608828939,3.0,0.32389832389832396,3087.388622344071,-1.9772740516286935,1.599440592040091,0.1354233436279941,1298.168498168498,-1.0,77.55433710701747,0.32384791166284627,
2023-08-12 10:35:55.195000,-6.602409638554217,-0.49397590361445787,-7.518072289156627,-0.42673206621704474,-6.342734518700183,-7.23973022685469,3.0,0.32389832389832396,3087.388622344071,-1.900938173766098,1.6299749431851291,-0.49053085484528836,1295.2380952380952,-1.0,77.55433710701747,0.32384774001684785,
2023-08-12 10:35:55.203000,-6.578313253012048,-0.5060240963855422,-7.518072289156627,-0.47087676272225626,-6.27161250766401,-7.225015328019619,3.0,0.32389832389832396,3087.388622344071,-1.8246022959035026,0.7902802866965795,-0.10885146553231122,1293.7728937728937,-1.0,77.55433710701747,0.3238475852731862,
2023-08-12 10:35:55.211000,-6.530120481927711,-0.49397590361445787,-7.518072289156627,-0.4659717964438994,-6.293684855916616,-7.2029429797670135,3.0,0.32389832389832396,3087.388622344071,-1.7635335936134262,0.13379173707825887,-0.35312627469261654,1291.5750915750914,-1.0,77.55433710701747,0.3238474476532101,
2023-08-12 10:35:55.218000,-6.506024096385542,-0.5060240963855422,-7.481927710843374,-0.40465971796443895,-6.1931330472103,-7.148988350705088,3.0,0.32389832389832396,3087.388622344071,-1.7635335936134262,0.13379173707825887,-0.35312627469261654,1291.5750915750914,-1.0,77.55433710701747,0.3238473273461706,
2023-08-12 10:35:55.226000,-6.46987951807229,-0.49397590361445787,-7.46987951807229,-0.46106683016554256,-6.215205395462906,-7.222562844880441,3.0,0.32389832389832396,3087.388622344071,-1.3360526775828918,-0.7059029194102907,-0.3378590991200975,1293.040293040293,-1.0,77.55433710701747,0.3238472245089039,
2023-08-12 10:35:55.234000,-6.46987951807229,-0.5180722891566265,-7.481927710843374,-0.4512568976088289,-6.163703249540159,-7.126916002452483,3.0,0.32389832389832396,3087.388622344071,-1.2749839752928156,-1.2707884155934968,-0.79587436629567,1293.7728937728937,-1.0,77.55433710701747,0.3238471392656593,
2023-08-12 10:35:55.241000,-6.421686746987952,-0.5180722891566265,-7.433734939759036,-0.41446965052115264,-6.112201103617412,-7.1808706315144075,3.0,0.32389832389832396,3087.388622344071,-0.8933045859798385,-1.7440708583415885,-0.3836606258376547,1293.040293040293,-1.0,77.55433710701747,0.32384707170807353,
2023-08-12 10:35:55.249000,-6.397590361445784,-0.5301204819277109,-7.445783132530121,-0.5003065603923973,-6.185775597792765,-7.119558553034947,3.0,0.32389832389832396,3087.388622344071,-0.6795641279645713,-1.9578113163568556,-0.612668259425441,1290.10989010989,-1.0,77.55433710701747,0.32384702189528763,
2023-08-12 10:35:55.257000,-6.445783132530121,-0.5301204819277109,-7.409638554216868,-0.47087676272225626,-6.1735131820968725,-7.122011036174126,3.0,0.32345432345432346,3091.6266300617704,-0.7711671813996859,-1.6372006293339547,-0.001981236524677637,1287.9120879120878,-1.0,77.55433710701747,0.32384698985420735,
2023-08-12 10:35:55.264000,-6.457831325301205,-0.5301204819277109,-7.445783132530121,-0.4904966278356836,-6.153893316983446,-7.14653586756591,3.0,0.32345432345432346,3091.6266300617704,-1.0459763417050294,-1.1181166598683059,0.22702639706310862,1286.4468864468863,-1.0,77.55433710701747,0.32384697556935765,
2023-08-12 10:35:55.272000,-6.481927710843374,-0.5421686746987953,-7.409638554216868,-0.49540159411404044,-6.153893316983446,-7.109748620478234,3.0,0.32345432345432346,3091.6266300617704,-0.8780374104073194,-0.18681894994464188,0.04382029019287961,1285.7142857142856,-1.0,77.55433710701747,0.3238469788024117,
2023-08-12 10:35:55.280000,-6.481927710843374,-0.5542168674698795,-7.409638554216868,-0.5052115266707541,-6.220110361741263,-7.1293684855916615,3.0,0.32389832389832396,3087.388622344071,-0.9238389371248766,0.6223413553988696,-0.18518734339490664,1287.179487179487,-1.0,77.55433710701747,0.3238469991023055,
2023-08-12 10:35:55.287000,-6.493975903614458,-0.5542168674698795,-7.397590361445784,-0.5199264255058246,-6.249540159411404,-7.117106069895769,3.0,0.32345432345432346,3091.6266300617704,-0.9543732882699149,1.1414253248645183,0.30336227492570406,1288.6446886446886,-1.0,77.55433710701747,0.3238470361025483,
2023-08-12 10:35:55.295000,-6.506024096385542,-0.5783132530120483,-7.36144578313253,-0.5346413243408952,-6.2029429797670135,-7.036174126302881,3.0,0.32389832389832396,3087.388622344071,-0.984907639414953,1.3093642561622283,0.3644309772157804,1288.6446886446886,-1.0,77.55433710701747,0.32384708939247314,
2023-08-12 10:35:55.303000,-6.506024096385542,-0.5783132530120483,-7.36144578313253,-0.5836909871244634,-6.249540159411404,-7.031269160024524,3.0,0.32389832389832396,3087.388622344071,-1.0612435172775485,1.1261581492919992,0.1354233436279941,1290.8424908424909,-1.0,77.55433710701747,0.3238471585062133,
2023-08-12 10:35:55.310000,-6.55421686746988,-0.5783132530120483,-7.385542168674699,-0.5542611894543225,-6.320662170447577,-7.036174126302881,3.0,0.32389832389832396,3087.388622344071,-0.9085717615523576,1.2940970805897092,0.9445836489715055,1291.5750915750914,-1.0,77.55433710701747,0.323847243082094,
2023-08-12 10:35:55.318000,-6.55421686746988,-0.5783132530120483,-7.397590361445784,-0.5346413243408952,-6.27161250766401,-7.109748620478234,3.0,0.32389832389832396,3087.388622344071,-0.6337626012470141,1.2482955538721519,0.9598508245440246,1289.3772893772893,-1.0,77.55433710701747,0.32384734272430016,
2023-08-12 10:35:55.326000,-6.614457831325302,-0.5542168674698795,-7.409638554216868,-0.5665236051502146,-6.328019619865113,-7.161250766400981,3.0,0.32389832389832396,3087.388622344071,-0.435289318804266,1.263562729444671,1.5094691451547115,1285.7142857142856,-1.0,77.55433710701747,0.3238474570034497,
2023-08-12 10:35:55.333000,-6.626506024096386,-0.5662650602409639,-7.421686746987953,-0.551808706315144,-6.354996934396076,-7.153893316983446,3.0,0.32389832389832396,3087.388622344071,0.4044053376842836,1.6299749431851291,1.6926752520249406,1285.7142857142856,-1.0,77.55433710701747,0.3238475854573251,
2023-08-12 10:35:55.341000,-6.602409638554217,-0.5542168674698795,-7.385542168674699,-0.5174739423666462,-6.323114653586757,-7.102391171060699,3.0,0.32389832389832396,3087.388622344071,0.8929549560048943,1.645242118757648,1.9980187634753221,1287.179487179487,-1.0,77.55433710701747,0.32384772759176417,
2023-08-12 10:35:55.349000,-6.578313253012048,-0.5421686746987953,-7.385542168674699,-0.47087676272225626,-6.288779889638258,-7.080318822808093,3.0,0.32345432345432346,3091.6266300617704,1.1066954140201615,1.431501660742381,2.089621816910437,1291.5750915750914,-1.0,77.55433710701747,0.3238478828817109,
2023-08-12 10:35:55.356000,-6.55421686746988,-0.5421686746987953,-7.36144578313253,-0.5076640098099325,-6.266707541385653,-7.0705088902513795,3.0,0.32345432345432346,3091.6266300617704,1.2440999941728332,0.8055474622690986,2.2728279237806657,1299.6336996336995,-1.0,77.55433710701747,0.32384805062313154,
2023-08-12 10:35:55.364000,-6.530120481927711,-0.5301204819277109,-7.349397590361447,-0.47332924586143466,-6.151440833844267,-7.109748620478234,3.0,0.32389832389832396,3087.388622344071,1.5647106811957339,0.5612726531087933,2.86824777110891,1310.6227106227104,-1.0,77.55433710701747,0.32384822991250406,
2023-08-12 10:35:55.372000,-6.457831325301205,-0.5180722891566265,-7.349397590361447,-0.47332924586143466,-6.139178418148375,-7.065603923973022,3.0,0.32389832389832396,3087.388622344071,1.5036419789056577,0.6223413553988696,3.3873317405745587,1326.7399267399267,-1.0,77.55433710701747,0.3238484199346965,
2023-08-12 10:35:55.379000,-6.433734939759036,-0.5542168674698795,-7.385542168674699,-0.5125689760882893,-6.207847946045371,-7.090128755364806,3.0,0.32389832389832396,3087.388622344071,2.0074587727987874,0.4086008973836024,4.02855311462036,1348.7179487179487,-1.0,77.55433710701747,0.3238486199846421,
2023-08-12 10:35:55.387000,-6.421686746987952,-0.5903614457831325,-7.36144578313253,-0.522378908645003,-6.1661557326793375,-7.075413856529736,3.0,0.32389832389832396,3087.388622344071,2.114329001806421,0.5918070042538314,4.349163801643261,1375.8241758241757,-1.0,77.55433710701747,0.3238488293300496,
2023-08-12 10:35:55.395000,-6.397590361445784,-0.5903614457831325,-7.373493975903615,-0.5591661557326794,-6.117106069895769,-7.163703249540159,3.0,0.32389832389832396,3087.388622344071,2.3738709865392456,0.9429520424217703,4.333896626070742,1406.5934065934066,-1.0,77.55433710701747,0.32384904721302366,
2023-08-12 10:35:55.402000,-6.421686746987952,-0.6024096385542169,-7.385542168674699,-0.522378908645003,-6.1367259350091965,-7.124463519313304,3.0,0.32389832389832396,3087.388622344071,2.3891381621117644,1.5841734164675718,4.746110366528757,1442.4908424908424,-1.0,77.55433710701747,0.32384927285184545,
2023-08-12 10:35:55.410000,-6.46987951807229,-0.6024096385542169,-7.409638554216868,-0.5370938074800735,-6.210300429184549,-7.1072961373390555,3.0,0.32389832389832396,3087.388622344071,2.328069459821688,1.8742497523454344,4.456034030650895,1482.051282051282,-1.0,77.55433710701747,0.32384950544291086,
2023-08-12 10:35:55.418000,-6.481927710843374,-0.5903614457831325,-7.385542168674699,-0.5199264255058246,-6.222562844880441,-7.072961373390558,3.0,0.32389832389832396,3087.388622344071,2.12959617737894,2.546005477536274,4.410232503933337,1524.5421245421244,-1.0,77.55433710701747,0.3238497443015719,
2023-08-12 10:35:55.425000,-6.493975903614458,-0.5903614457831325,-7.409638554216868,-0.5493562231759657,-6.1735131820968725,-7.139178418148375,3.0,0.32389832389832396,3087.388622344071,2.282267933104131,2.8818833401316937,4.04382029019288,1569.9633699633698,-1.0,77.55433710701747,0.3238499888439963,
2023-08-12 10:35:55.433000,-6.493975903614458,-0.5421686746987953,-7.421686746987953,-0.5125689760882893,-6.249540159411404,-7.13182096873084,3.0,0.32389832389832396,3087.388622344071,2.0837946506613827,3.080356622574442,3.280461511566925,1617.5824175824175,-1.0,77.55433710701747,0.3238502383028086,
2023-08-12 10:35:55.441000,-6.493975903614458,-0.5421686746987953,-7.409638554216868,-0.5027590435315757,-6.168608215818516,-7.095033721643163,3.0,0.32389832389832396,3087.388622344071,2.0379931239438256,2.9887535691393277,3.234659984849368,1665.201465201465,-1.0,77.55433710701747,0.3238504917510919,
2023-08-12 10:35:55.448000,-6.46987951807229,-0.5301204819277109,-7.433734939759036,-0.41446965052115264,-6.178418148375229,-7.1293684855916615,3.0,0.32389832389832396,3087.388622344071,2.2517335819590927,2.77501311112406,2.9903851756890627,1708.4249084249084,-1.0,77.55433710701747,0.3238507482539342,
2023-08-12 10:35:55.456000,-6.433734939759036,-0.5060240963855422,-7.457831325301205,-0.45616186388718577,-6.102391171060699,-7.1587982832618025,3.0,0.32389832389832396,3087.388622344071,2.526542742264436,2.347532195093526,2.8377134199638716,1744.3223443223442,-1.0,77.55433710701747,0.3238510068708033,
2023-08-12 10:35:55.464000,-6.409638554216868,-0.45783132530120485,-7.493975903614459,-0.42427958307786634,-6.112201103617412,-7.205395462906192,3.0,0.32389832389832396,3087.388622344071,3.1219625895926804,1.8589825767729153,3.280461511566925,1774.3589743589741,-1.0,77.55433710701747,0.3238512666580392,
2023-08-12 10:35:55.471000,-6.385542168674699,-0.45783132530120485,-7.506024096385542,-0.4095646842427958,-6.090128755364806,-7.227467811158798,3.0,0.32389832389832396,3087.388622344071,3.442573276615581,1.8895169279179536,3.7232096031699786,1794.139194139194,-1.0,77.55433710701747,0.3238515266714578,
2023-08-12 10:35:55.479000,-6.36144578313253,-0.43373493975903615,-7.506024096385542,-0.39975475168608215,-6.13182096873084,-7.249540159411404,3.0,0.32389832389832396,3087.388622344071,3.1066954140201615,2.011654332498106,4.562904259658528,1806.5934065934064,-1.0,77.55433710701747,0.3238517858303089,
2023-08-12 10:35:55.487000,-6.397590361445784,-0.3855421686746988,-7.542168674698796,-0.4218270999386879,-6.168608215818516,-7.296137339055794,3.0,0.32389832389832396,3087.388622344071,3.931122894936192,1.7063108210477245,5.204125633704329,1808.058608058608,-1.0,77.55433710701747,0.32385204307921023,
2023-08-12 10:35:55.494000,-6.409638554216868,-0.39759036144578314,-7.55421686746988,-0.31882280809319435,-6.1440833844267315,-7.357449417535254,3.0,0.32389832389832396,3087.388622344071,3.931122894936192,1.7063108210477245,5.204125633704329,1803.6630036630036,-1.0,77.55433710701747,0.32385229751865197,
2023-08-12 10:35:55.502000,-6.445783132530121,-0.39759036144578314,-7.578313253012048,-0.3016554261189454,-6.109748620478234,-7.274064990803188,3.0,0.32389832389832396,3087.388622344071,3.900588543791154,1.981119981353068,5.265194335994406,1791.2087912087911,-1.0,77.55433710701747,0.32385254825887083,
2023-08-12 10:35:55.510000,-6.457831325301205,-0.3734939759036145,-7.590361445783133,-0.34825260576333533,-6.210300429184549,-7.354996934396076,3.0,0.32389832389832396,3087.388622344071,3.6563137346308485,1.9047841034904724,5.585805023017307,1772.161172161172,758.331298828125,79.12109139200773,0.32385279442308385,
2023-08-12 10:35:55.517000,-6.518072289156627,-0.3855421686746988,-7.626506024096386,-0.3703249540159411,-6.229920294297976,-7.313304721030042,3.0,0.32389832389832396,3087.388622344071,3.1066954140201615,2.0269215080706253,5.753743954315016,1747.985347985348,-1.0,79.12109139200773,0.3238530351507758,
2023-08-12 10:35:55.525000,-6.518072289156627,-0.39759036144578314,-7.590361445783133,-0.3384426732066217,-6.229920294297976,-7.337829552421827,3.0,0.32389832389832396,3087.388622344071,3.396771749898024,2.2406619660858924,5.70794242759746,1720.8791208791208,-1.0,79.12109139200773,0.3238532696010244,
2023-08-12 10:35:55.532000,-6.518072289156627,-0.39759036144578314,-7.626506024096386,-0.40465971796443895,-6.222562844880441,-7.386879215205395,3.0,0.32389832389832396,3087.388622344071,3.045626711730085,2.347532195093526,5.143056931414254,1693.040293040293,-1.0,79.12109139200773,0.3238534969558508,
2023-08-12 10:35:55.540000,-6.493975903614458,-0.3855421686746988,-7.650602409638554,-0.26486817903126914,-6.188228080931943,-7.408951563458001,3.0,0.32389832389832396,3087.388622344071,3.1982984674552757,2.5002039508187166,4.929316473398986,1663.7362637362637,-1.0,79.12109139200773,0.3238537164235767,
2023-08-12 10:35:55.548000,-6.506024096385542,-0.39759036144578314,-7.674698795180723,-0.27467811158798283,-6.1735131820968725,-7.421213979153893,3.0,0.32389832389832396,3087.388622344071,2.831886253714818,1.8437154012003962,4.242293572635628,1637.3626373626373,-1.0,79.12109139200773,0.3238539272421732,
2023-08-12 10:35:55.555000,-6.481927710843374,-0.3855421686746988,-7.674698795180723,-0.30901287553648066,-6.210300429184549,-7.462906192519926,3.0,0.32389832389832396,3087.388622344071,2.496008391119398,1.3857001340248236,4.059087465765399,1610.989010989011,-1.0,79.12109139200773,0.3238541286825851,
2023-08-12 10:35:55.563000,-6.457831325301205,-0.3734939759036145,-7.674698795180723,-0.30656039239730226,-6.163703249540159,-7.431023911710606,3.0,0.32345432345432346,3091.6266300617704,2.511275566691917,0.6223413553988696,3.799545481032574,1583.150183150183,-1.0,79.12109139200773,0.3238543200520131,
2023-08-12 10:35:55.571000,-6.445783132530121,-0.3855421686746988,-7.650602409638554,-0.2844880441446965,-6.151440833844267,-7.404046597179644,3.0,0.32389832389832396,3087.388622344071,2.0532602995163445,0.530738301963755,3.784278305460055,1556.0439560439559,-1.0,79.12109139200773,0.32385450068659266,
2023-08-12 10:35:55.578000,-6.445783132530121,-0.3614457831325301,-7.638554216867471,-0.2893930104230533,-6.1587982832618025,-7.406499080318822,3.0,0.32389832389832396,3087.388622344071,1.6715809102033674,-0.18681894994464188,3.6774080764524215,1530.4029304029302,-1.0,79.12109139200773,0.32385466992283,
2023-08-12 10:35:55.586000,-6.409638554216868,-0.3855421686746988,-7.638554216867471,-0.34334763948497854,-6.175965665236051,-7.33292458614347,3.0,0.32389832389832396,3087.388622344071,1.1066954140201615,-0.37002505681487086,3.4636676184371544,1505.4945054945053,-1.0,79.12109139200773,0.32385482713197933,
2023-08-12 10:35:55.594000,-6.409638554216868,-0.3855421686746988,-7.662650602409639,-0.3359901900674433,-6.092581238503985,-7.408951563458001,3.0,0.32389832389832396,3087.388622344071,0.7708175514247416,-0.950177728570596,3.448400442864635,1480.5860805860805,-1.0,79.12109139200773,0.323854971733148,
2023-08-12 10:35:55.601000,-6.409638554216868,-0.3855421686746988,-7.650602409638554,-0.3237277743715512,-6.087676272225628,-7.350091968117718,3.0,0.32389832389832396,3087.388622344071,0.9234893071499324,-1.0570479575782297,2.9598508245440245,1453.4798534798533,-1.0,79.12109139200773,0.323855103195739,
2023-08-12 10:35:55.609000,-6.36144578313253,-0.4096385542168675,-7.626506024096386,-0.33353770692826484,-6.075413856529736,-7.384426732066217,3.0,0.32389832389832396,3087.388622344071,0.6028786201270316,-1.2097197133034205,3.417866091719597,1427.106227106227,-1.0,79.12109139200773,0.32385522104176123,
2023-08-12 10:35:55.617000,-6.349397590361446,-0.44578313253012053,-7.638554216867471,-0.42918454935622313,-6.05334150827713,-7.374616799509503,3.0,0.32389832389832396,3087.388622344071,0.23646640638657368,-1.3318571178835732,3.020919526834101,1402.197802197802,-1.0,79.12109139200773,0.3238553248479981,
2023-08-12 10:35:55.624000,-6.325301204819278,-0.46987951807228917,-7.602409638554217,-0.41692213366033104,-6.043531575720417,-7.318209687308399,3.0,0.32389832389832396,3087.388622344071,-0.2673503875065561,-1.4234601713186876,2.807179068818834,1378.7545787545787,-1.0,79.12109139200773,0.32385541424802156,
2023-08-12 10:35:55.632000,-6.325301204819278,-0.45783132530120485,-7.602409638554217,-0.3825873697118332,-6.001839362354383,-7.293684855916615,3.0,0.32389832389832396,3087.388622344071,-0.2368160363615179,-1.301322766738535,2.807179068818834,1356.7765567765566,-1.0,79.12109139200773,0.3238554889340404,
2023-08-12 10:35:55.640000,-6.337349397590362,-0.4819277108433735,-7.542168674698796,-0.4438994481912937,-6.058246474555487,-7.266707541385653,3.0,0.32389832389832396,3087.388622344071,-0.6337626012470141,-0.8280403239904434,2.898782122253948,1335.5311355311355,-1.0,79.12109139200773,0.3238555486585733,
2023-08-12 10:35:55.647000,-6.373493975903615,-0.5060240963855422,-7.55421686746988,-0.45616186388718577,-6.097486204782342,-7.269160024524831,3.0,0.32389832389832396,3087.388622344071,-0.2368160363615179,-0.766971621700367,2.6087057863760856,1316.4835164835165,-1.0,79.12109139200773,0.3238555932359341,
2023-08-12 10:35:55.655000,-6.385542168674699,-0.5180722891566265,-7.506024096385542,-0.5272838749233598,-6.092581238503985,-7.198038013488657,3.0,0.32345432345432346,3091.6266300617704,-0.6948313035370904,-0.6448342171202144,2.517102732940971,1301.8315018315018,-1.0,79.12109139200773,0.32385562254352296,
2023-08-12 10:35:55.663000,-6.397590361445784,-0.5060240963855422,-7.481927710843374,-0.46842427958307786,-6.050889025137952,-7.217657878602084,3.0,0.32389832389832396,3087.388622344071,-0.618495425674495,-0.583765514830138,2.0438202901928797,1291.5750915750914,-1.0,79.12109139200773,0.32385563637361847,
2023-08-12 10:35:55.670000,-6.421686746987952,-0.5301204819277109,-7.506024096385542,-0.42673206621704474,-6.148988350705088,-7.217657878602084,3.0,0.32389832389832396,3087.388622344071,-0.7253656546821285,-0.7059029194102907,1.4636676184371542,1283.5164835164835,-1.0,79.12109139200773,0.32385563456166916,
2023-08-12 10:35:55.678000,-6.46987951807229,-0.5301204819277109,-7.46987951807229,-0.47332924586143466,-6.210300429184549,-7.217657878602084,3.0,0.32389832389832396,3087.388622344071,-0.5879610745294568,-1.0417807820057106,0.44076685507837576,1280.5860805860805,-1.0,79.12109139200773,0.3238556171458857,
2023-08-12 10:35:55.686000,-6.46987951807229,-0.5180722891566265,-7.445783132530121,-0.48313917841814835,-6.198038013488657,-7.156345800122624,3.0,0.32389832389832396,3087.388622344071,-0.3589534409416706,-1.2402540644484585,0.3491638016432613,1282.7838827838827,-1.0,79.12109139200773,0.3238555842287352,
2023-08-12 10:35:55.693000,-6.433734939759036,-0.5060240963855422,-7.421686746987953,-0.4438994481912937,-6.139178418148375,-7.1146535867565905,3.0,0.32389832389832396,3087.388622344071,-0.17574733407144158,-1.316589942311054,-0.26152322125750205,1288.6446886446886,-1.0,79.12109139200773,0.32385553597696354,
2023-08-12 10:35:55.701000,-6.421686746987952,-0.4819277108433735,-7.457831325301205,-0.42427958307786634,-6.087676272225628,-7.163703249540159,3.0,0.32345432345432346,3091.6266300617704,-0.14521298292640342,-1.4081929957461685,-0.20045451896742572,1298.168498168498,-1.0,79.12109139200773,0.3238554726213908,
2023-08-12 10:35:55.709000,-6.373493975903615,-0.5180722891566265,-7.433734939759036,-0.48068669527896996,-6.151440833844267,-7.1661557326793375,3.0,0.32389832389832396,3087.388622344071,-0.29788473865159426,-1.3471242934560923,-0.3378590991200975,1306.227106227106,-1.0,79.12109139200773,0.32385539430718974,
2023-08-12 10:35:55.716000,-6.36144578313253,-0.5180722891566265,-7.46987951807229,-0.48559166155732675,-6.124463519313305,-7.139178418148375,3.0,0.32345432345432346,3091.6266300617704,-0.3131519142241133,-1.1181166598683059,0.4102325039333376,1312.087912087912,-1.0,79.12109139200773,0.3238553012206481,
2023-08-12 10:35:55.724000,-6.36144578313253,-0.5301204819277109,-7.445783132530121,-0.5370938074800735,-6.1293684855916615,-7.1293684855916615,3.0,0.32345432345432346,3091.6266300617704,0.25173358195909273,-1.316589942311054,0.7461103665287574,1318.6813186813185,-1.0,79.12109139200773,0.3238551937366821,
2023-08-12 10:35:55.732000,-6.385542168674699,-0.5421686746987953,-7.445783132530121,-0.4537093807480073,-6.148988350705088,-7.175965665236051,3.0,0.32389832389832396,3087.388622344071,0.17539770409649733,-0.766971621700367,1.020919526834101,1324.5421245421244,-1.0,79.12109139200773,0.3238550722365426,
2023-08-12 10:35:55.739000,-6.409638554216868,-0.5662650602409639,-7.457831325301205,-0.5150214592274678,-6.126916002452483,-7.141630901287553,3.0,0.32389832389832396,3087.388622344071,0.4502068644018408,-0.5532311636850998,1.4484004428646353,1329.6703296703297,-1.0,79.12109139200773,0.323854937105926,
2023-08-12 10:35:55.747000,-6.457831325301205,-0.5662650602409639,-7.457831325301205,-0.5076640098099325,-6.25444512568976,-7.205395462906192,3.0,0.32345432345432346,3091.6266300617704,0.5112755666919172,0.22539479051337338,1.585805023017307,1334.065934065934,-1.0,79.12109139200773,0.32385478877475393,
2023-08-12 10:35:55.755000,-6.530120481927711,-0.5542168674698795,-7.506024096385542,-0.5836909871244634,-6.266707541385653,-7.2029429797670135,3.0,0.32345432345432346,3091.6266300617704,0.4960083911193981,0.5154711263912359,1.8606141833226504,1336.9963369963368,-1.0,79.12109139200773,0.323854627575761,
2023-08-12 10:35:55.762000,-6.566265060240964,-0.5783132530120483,-7.457831325301205,-0.5469037400367872,-6.266707541385653,-7.2029429797670135,3.0,0.32389832389832396,3087.388622344071,0.7097488491346653,0.6070741798263505,1.402598916147078,1339.194139194139,-1.0,79.12109139200773,0.32385445371978533,
2023-08-12 10:35:55.770000,-6.602409638554217,-0.5662650602409639,-7.46987951807229,-0.5272838749233598,-6.328019619865113,-7.185775597792765,3.0,0.32389832389832396,3087.388622344071,0.41967251325680266,0.22539479051337338,0.7155760153837192,1342.1245421245421,-1.0,79.12109139200773,0.32385426757914165,
2023-08-12 10:35:55.778000,-6.602409638554217,-0.5542168674698795,-7.445783132530121,-0.5027590435315757,-6.367259350091968,-7.1735131820968725,3.0,0.32345432345432346,3091.6266300617704,0.41967251325680266,0.22539479051337338,0.7155760153837192,1344.3223443223442,-1.0,79.12109139200773,0.3238540697045057,
2023-08-12 10:35:55.785000,-6.602409638554217,-0.5301204819277109,-7.46987951807229,-0.46106683016554256,-6.296137339055794,-7.14653586756591,3.0,0.32345432345432346,3091.6266300617704,0.5723442689819935,-0.4616281102499854,0.15069051920051318,1345.054945054945,-1.0,79.12109139200773,0.3238538605332781,
2023-08-12 10:35:55.793000,-6.530120481927711,-0.5180722891566265,-7.457831325301205,-0.47087676272225626,-6.198038013488657,-7.229920294297976,3.0,0.32345432345432346,3091.6266300617704,0.5723442689819935,-0.8127731484179243,-0.07831711438727305,1345.7875457875457,-1.0,79.12109139200773,0.32385364036403763,
2023-08-12 10:35:55.801000,-6.493975903614458,-0.5421686746987953,-7.457831325301205,-0.4757817290006131,-6.151440833844267,-7.205395462906192,3.0,0.32345432345432346,3091.6266300617704,0.32806945982168817,-1.515063224753802,-0.7042713128605556,1342.8571428571427,-1.0,79.12109139200773,0.32385340948987995,
2023-08-12 10:35:55.808000,-6.409638554216868,-0.5542168674698795,-7.445783132530121,-0.5027590435315757,-6.180870631514408,-7.1367259350091965,3.0,0.32389832389832396,3087.388622344071,-0.0078084027737316646,-1.4234601713186876,-0.9027445953033036,1337.7289377289376,-1.0,79.12109139200773,0.3238531681927931,
2023-08-12 10:35:55.816000,-6.36144578313253,-0.5180722891566265,-7.493975903614459,-0.48559166155732675,-6.124463519313305,-7.1514408338442665,3.0,0.32345432345432346,3091.6266300617704,0.114329001806421,-1.8051395606316647,-0.8111415418681891,1329.6703296703297,-1.0,79.12109139200773,0.32385291688714646,
2023-08-12 10:35:55.824000,-6.325301204819278,-0.5301204819277109,-7.445783132530121,-0.41692213366033104,-6.075413856529736,-7.171060698957694,3.0,0.32389832389832396,3087.388622344071,0.23646640638657368,-1.7593380339141074,-0.5210652059903266,1320.14652014652,-1.0,79.12109139200773,0.3238526559863199,
2023-08-12 10:35:55.831000,-6.325301204819278,-0.5060240963855422,-7.457831325301205,-0.4316370324954016,-6.043531575720417,-7.244635193133047,3.0,0.32389832389832396,3087.388622344071,0.20593205524153552,-1.469261698036245,0.30336227492570406,1310.6227106227104,-1.0,79.12109139200773,0.3238523858869964,
2023-08-12 10:35:55.839000,-6.349397590361446,-0.5301204819277109,-7.481927710843374,-0.49294911097486205,-6.0705088902513795,-7.200490496627835,3.0,0.32389832389832396,3087.388622344071,-0.08414428063632708,-1.0112464308606723,0.39496532836081855,1302.5641025641025,-1.0,79.12109139200773,0.32385210712383616,
2023-08-12 10:35:55.847000,-6.397590361445784,-0.5180722891566265,-7.445783132530121,-0.4537093807480073,-6.109748620478234,-7.1514408338442665,3.0,0.32389832389832396,3087.388622344071,0.16013052852397824,-0.4616281102499854,0.5323699085134902,1292.3076923076922,-1.0,79.12109139200773,0.32385182022642084,
2023-08-12 10:35:55.854000,-6.421686746987952,-0.5180722891566265,-7.445783132530121,-0.5076640098099325,-6.183323114653587,-7.156345800122624,3.0,0.32389832389832396,3087.388622344071,-0.12994580735388434,0.13379173707825887,0.48656838179593304,1284.9816849816848,-1.0,79.12109139200773,0.3238515257151263,
2023-08-12 10:35:55.862000,-6.421686746987952,-0.5301204819277109,-7.445783132530121,-0.43654199877375843,-6.134273451870018,-7.156345800122624,3.0,0.32389832389832396,3087.388622344071,-0.14521298292640342,0.6681428821164268,0.08962181691043686,1278.3882783882782,-1.0,79.12109139200773,0.32385122409720507,
2023-08-12 10:35:55.870000,-6.457831325301205,-0.5060240963855422,-7.445783132530121,-0.3801348865726548,-6.180870631514408,-7.148988350705088,3.0,0.32345432345432346,3091.6266300617704,-0.435289318804266,0.7444787599790222,-0.6584697861429982,1270.3296703296703,-1.0,79.12109139200773,0.32385091600185584,
2023-08-12 10:35:55.877000,-6.481927710843374,-0.4819277108433735,-7.433734939759036,-0.46842427958307786,-6.190680564071122,-7.1072961373390555,3.0,0.32345432345432346,3091.6266300617704,-0.1604801584989225,0.6070741798263505,-1.1164850533185708,1263.7362637362637,-1.0,79.12109139200773,0.32385060200713633,
2023-08-12 10:35:55.885000,-6.493975903614458,-0.49397590361445787,-7.457831325301205,-0.43654199877375843,-6.2029429797670135,-7.222562844880441,3.0,0.32345432345432346,3091.6266300617704,-0.618495425674495,0.7292115844065031,-1.543965969349105,1257.142857142857,-1.0,79.12109139200773,0.32385028232821694,
2023-08-12 10:35:55.893000,-6.481927710843374,-0.4819277108433735,-7.433734939759036,-0.41201716738197425,-6.180870631514408,-7.1146535867565905,3.0,0.32345432345432346,3091.6266300617704,-0.05360992949128891,0.4086008973836024,-2.139385816677349,1253.4798534798533,-1.0,79.12109139200773,0.3238499569731114,
2023-08-12 10:35:55.900000,-6.457831325301205,-0.46987951807228917,-7.433734939759036,-0.47332924586143466,-6.1072961373390555,-7.178418148375229,3.0,0.32345432345432346,3091.6266300617704,-0.3131519142241133,0.042188683643144376,-2.5210652059903262,1249.084249084249,-1.0,79.12109139200773,0.3238496258872211,
2023-08-12 10:35:55.908000,-6.409638554216868,-0.46987951807228917,-7.445783132530121,-0.43408951563458,-6.097486204782342,-7.188228080931943,3.0,0.32345432345432346,3091.6266300617704,-0.11467863178136525,0.3627993706660451,-2.765340015150632,1243.956043956044,-1.0,79.12109139200773,0.3238492889487634,
2023-08-12 10:35:55.915000,-6.421686746987952,-0.46987951807228917,-7.481927710843374,-0.4316370324954016,-6.1072961373390555,-7.205395462906192,3.0,0.32345432345432346,3091.6266300617704,0.17539770409649733,0.19486043936833522,-2.765340015150632,1241.7582417582416,-1.0,79.12109139200773,0.32384894596440705,
2023-08-12 10:35:55.923000,-6.409638554216868,-0.44578313253012053,-7.506024096385542,-0.328632740649908,-6.0999386879215205,-7.1735131820968725,3.0,0.32389832389832396,3087.388622344071,-0.08414428063632708,0.042188683643144376,-2.597401083852922,1246.153846153846,-1.0,79.12109139200773,0.323848596665148,
2023-08-12 10:35:55.931000,-6.433734939759036,-0.44578313253012053,-7.493975903614459,-0.42427958307786634,-6.198038013488657,-7.183323114653587,3.0,0.32389832389832396,3087.388622344071,-0.068877105063808,0.3780665462385642,-1.9867140609521585,1252.7472527472526,-1.0,79.12109139200773,0.3238482408517482,
2023-08-12 10:35:55.938000,-6.457831325301205,-0.43373493975903615,-7.481927710843374,-0.37768240343347637,-6.222562844880441,-7.188228080931943,3.0,0.32345432345432346,3091.6266300617704,-0.252083211934037,0.8666161645591749,-1.711904900646815,1257.8754578754579,-1.0,79.12109139200773,0.32384787841305446,
2023-08-12 10:35:55.946000,-6.481927710843374,-0.46987951807228917,-7.481927710843374,-0.4414469650521152,-6.281422440220723,-7.2029429797670135,3.0,0.32389832389832396,3087.388622344071,-0.4658236699493042,1.0498222714294039,-1.4828972670590288,1260.8058608058607,-1.0,79.12109139200773,0.3238475090364125,
2023-08-12 10:35:55.954000,-6.518072289156627,-0.46987951807228917,-7.481927710843374,-0.3850398528510116,-6.27161250766401,-7.1808706315144075,3.0,0.32345432345432346,3091.6266300617704,-0.5116251966668615,1.4620360118874192,-0.9790804731658991,1263.003663003663,-1.0,79.12109139200773,0.3238471323340794,
2023-08-12 10:35:55.961000,-6.530120481927711,-0.46987951807228917,-7.46987951807229,-0.43408951563458,-6.25444512568976,-7.212752912323728,3.0,0.32345432345432346,3091.6266300617704,-0.29788473865159426,1.4162344851698618,-1.4218285647689524,1264.4688644688645,-1.0,79.12109139200773,0.32384674785241613,
2023-08-12 10:35:55.969000,-6.542168674698796,-0.45783132530120485,-7.46987951807229,-0.4218270999386879,-6.310852237890864,-7.23973022685469,3.0,0.32389832389832396,3087.388622344071,-0.5879610745294568,1.3704329584523047,-1.727172076219334,1264.4688644688645,-1.0,79.12109139200773,0.323846354911194,
2023-08-12 10:35:55.977000,-6.55421686746988,-0.45783132530120485,-7.518072289156627,-0.39239730226854685,-6.293684855916616,-7.212752912323728,3.0,0.32389832389832396,3087.388622344071,-0.5574267233844187,1.1261581492919992,-1.498164442631548,1266.6666666666665,-1.0,79.12109139200773,0.32384595289046364,
2023-08-12 10:35:55.984000,-6.566265060240964,-0.44578313253012053,-7.506024096385542,-0.4463519313304721,-6.293684855916616,-7.222562844880441,3.0,0.32345432345432346,3091.6266300617704,-0.7559000058271668,0.9734863935668084,-1.8187751296544485,1270.3296703296703,-1.0,79.12109139200773,0.3238455412516646,
2023-08-12 10:35:55.992000,-6.530120481927711,-0.45783132530120485,-7.518072289156627,-0.41446965052115264,-6.225015328019619,-7.283874923359901,3.0,0.32345432345432346,3091.6266300617704,-0.8933045859798385,0.6223413553988696,-2.0325155876697156,1273.9926739926739,-1.0,79.12109139200773,0.3238451192509196,
2023-08-12 10:35:56,-6.542168674698796,-0.46987951807228917,-7.55421686746988,-0.42918454935622313,-6.25444512568976,-7.210300429184549,3.0,0.32389832389832396,3087.388622344071,-0.801701532544724,0.6986772332614649,-2.1241186411048303,1276.923076923077,-1.0,79.12109139200773,0.32384468591910787,
2023-08-12 10:35:56.007000,-6.518072289156627,-0.46987951807228917,-7.55421686746988,-0.4071122011036174,-6.225015328019619,-7.220110361741263,3.0,0.32345432345432346,3091.6266300617704,-0.8627702348348003,0.9124176912767321,-2.230988870112464,1278.3882783882782,-1.0,79.12109139200773,0.3238442404895292,
2023-08-12 10:35:56.015000,-6.518072289156627,-0.45783132530120485,-7.518072289156627,-0.4463519313304721,-6.264255058246475,-7.274064990803188,3.0,0.32345432345432346,3091.6266300617704,-0.8933045859798385,0.24066196608589246,-1.9256453586620823,1279.8534798534797,-1.0,79.12109139200773,0.323843782112648,
2023-08-12 10:35:56.023000,-6.506024096385542,-0.45783132530120485,-7.518072289156627,-0.34334763948497854,-6.139178418148375,-7.200490496627835,3.0,0.32345432345432346,3091.6266300617704,-1.2597167997202965,0.33226501952100695,-1.9103781830895632,1281.3186813186812,-1.0,79.12109139200773,0.32384330957125107,
2023-08-12 10:35:56.030000,-6.481927710843374,-0.44578313253012053,-7.506024096385542,-0.45616186388718577,-6.198038013488657,-7.1955855303494785,3.0,0.32345432345432346,3091.6266300617704,-0.969640463842434,-0.04941436979197012,-1.9409125342346012,1283.5164835164835,-1.0,79.12109139200773,0.3238428217093518,
2023-08-12 10:35:56.038000,-6.46987951807229,-0.45783132530120485,-7.481927710843374,-0.3973022685469037,-6.225015328019619,-7.212752912323728,3.0,0.32345432345432346,3091.6266300617704,-1.2139152730027392,-0.20208612551716096,-1.9867140609521585,1284.9816849816848,-1.0,79.12109139200773,0.3238423174143219,
2023-08-12 10:35:56.046000,-6.433734939759036,-0.45783132530120485,-7.493975903614459,-0.43408951563458,-6.139178418148375,-7.310852237890864,3.0,0.32345432345432346,3091.6266300617704,-1.2444496241477774,-0.2478876522347182,-2.1851873433949067,1286.4468864468863,-1.0,79.12109139200773,0.32384179533305374,
2023-08-12 10:35:56.053000,-6.397590361445784,-0.46987951807228917,-7.530120481927711,-0.4071122011036174,-6.119558553034947,-7.227467811158798,3.0,0.32389832389832396,3087.388622344071,-1.2444496241477774,-0.2478876522347182,-2.1851873433949067,1287.9120879120878,-1.0,79.12109139200773,0.32384125389673335,
2023-08-12 10:35:56.061000,-6.409638554216868,-0.4819277108433735,-7.506024096385542,-0.43899448191293683,-6.109748620478234,-7.25444512568976,3.0,0.32345432345432346,3091.6266300617704,-1.4429229065905256,-0.37002505681487086,-1.8493094807994868,1287.179487179487,-1.0,79.12109139200773,0.32384069162269424,
2023-08-12 10:35:56.069000,-6.397590361445784,-0.45783132530120485,-7.530120481927711,-0.3507050889025138,-6.1072961373390555,-7.281422440220723,3.0,0.32345432345432346,3091.6266300617704,-1.748266418040907,-0.14101742322708463,-1.6813705495017768,1285.7142857142856,-1.0,79.12109139200773,0.32384010699062893,
2023-08-12 10:35:56.076000,-6.397590361445784,-0.43373493975903615,-7.493975903614459,-0.39975475168608215,-6.141630901287553,-7.264255058246474,3.0,0.32389832389832396,3087.388622344071,-1.5497931355981591,-0.04941436979197012,-1.9409125342346012,1283.5164835164835,-1.0,79.12109139200773,0.3238394982876316,
2023-08-12 10:35:56.084000,-6.409638554216868,-0.45783132530120485,-7.481927710843374,-0.3703249540159411,-6.14653586756591,-7.23973022685469,3.0,0.32345432345432346,3091.6266300617704,-1.6871977157508309,0.42386807295612144,-2.078317114387273,1282.7838827838827,-1.0,79.12109139200773,0.3238388639007455,
2023-08-12 10:35:56.092000,-6.433734939759036,-0.42168674698795183,-7.481927710843374,-0.3114653586756591,-6.1440833844267315,-7.198038013488657,3.0,0.32345432345432346,3091.6266300617704,-1.748266418040907,0.24066196608589246,-2.2920575724025403,1281.3186813186812,-1.0,79.12109139200773,0.3238382021943652,
2023-08-12 10:35:56.099000,-6.445783132530121,-0.42168674698795183,-7.506024096385542,-0.37768240343347637,-6.117106069895769,-7.237277743715511,3.0,0.32389832389832396,3087.388622344071,-1.9314725249111362,0.4544024241011596,-2.7348056640055938,1275.4578754578754,-1.0,79.12109139200773,0.3238375113564163,
2023-08-12 10:35:56.107000,-6.457831325301205,-0.4096385542168675,-7.506024096385542,-0.30901287553648066,-6.163703249540159,-7.1955855303494785,3.0,0.32345432345432346,3091.6266300617704,-1.9314725249111362,0.5460054775362742,-2.6890041372880362,1269.5970695970695,-1.0,79.12109139200773,0.3238367896919778,
2023-08-12 10:35:56.115000,-6.46987951807229,-0.4096385542168675,-7.481927710843374,-0.3654199877375843,-6.1931330472103,-7.185775597792765,3.0,0.32345432345432346,3091.6266300617704,-2.023075578346251,0.530738301963755,-2.7195384884330744,1265.9340659340658,-1.0,79.12109139200773,0.32383603550169077,
2023-08-12 10:35:56.122000,-6.46987951807229,-0.3855421686746988,-7.46987951807229,-0.33108522378908645,-6.183323114653587,-7.175965665236051,3.0,0.32345432345432346,3091.6266300617704,-2.084144280636327,0.42386807295612144,-3.528698793776586,1262.2710622710622,-1.0,79.12109139200773,0.3238352469288692,
2023-08-12 10:35:56.130000,-6.493975903614458,-0.3855421686746988,-7.457831325301205,-0.2722256284488044,-6.198038013488657,-7.171060698957694,3.0,0.32345432345432346,3091.6266300617704,-1.900938173766098,0.07272303478818254,-3.543965969349105,1260.07326007326,-1.0,79.12109139200773,0.3238344221046774,
2023-08-12 10:35:56.138000,-6.46987951807229,-0.3734939759036145,-7.481927710843374,-0.34334763948497854,-6.188228080931943,-7.234825260576333,3.0,0.32345432345432346,3091.6266300617704,-1.7940679447584644,-0.1562845987996037,-3.528698793776586,1259.3406593406592,-1.0,79.12109139200773,0.3238335591547174,
2023-08-12 10:35:56.145000,-6.481927710843374,-0.3614457831325301,-7.46987951807229,-0.3163703249540159,-6.207847946045371,-7.200490496627835,3.0,0.32345432345432346,3091.6266300617704,-1.9772740516286935,0.10325738593322072,-3.5745003204941432,1265.9340659340658,-1.0,79.12109139200773,0.323832656205745,
2023-08-12 10:35:56.153000,-6.457831325301205,-0.3614457831325301,-7.493975903614459,-0.2550582464745555,-6.163703249540159,-7.1955855303494785,3.0,0.32389832389832396,3087.388622344071,-1.916205349338617,0.2559291416584115,-3.528698793776586,1276.1904761904761,-1.0,79.12109139200773,0.32383171153123125,
2023-08-12 10:35:56.161000,-6.433734939759036,-0.3734939759036145,-7.493975903614459,-0.32127529123237275,-6.207847946045371,-7.141630901287553,3.0,0.32345432345432346,3091.6266300617704,-1.6108618378882353,0.2101276149408543,-3.0554163510284944,1290.8424908424909,-1.0,79.12109139200773,0.32383072354840425,
2023-08-12 10:35:56.168000,-6.493975903614458,-0.3493975903614458,-7.493975903614459,-0.2893930104230533,-6.163703249540159,-7.2029429797670135,3.0,0.32345432345432346,3091.6266300617704,-1.9772740516286935,0.34753219509352606,-2.597401083852922,1312.8205128205127,-1.0,79.12109139200773,0.3238296905701267,
2023-08-12 10:35:56.176000,-6.481927710843374,-0.3734939759036145,-7.46987951807229,-0.2893930104230533,-6.251992642550582,-7.171060698957694,3.0,0.32301032301032306,3095.8762886597933,-1.5955946623157162,0.27119631723093063,-2.4599965037002502,1341.3919413919414,-1.0,79.12109139200773,0.3238286108019627,
2023-08-12 10:35:56.184000,-6.493975903614458,-0.3855421686746988,-7.493975903614459,-0.3727774371551195,-6.183323114653587,-7.1587982832618025,3.0,0.32345432345432346,3091.6266300617704,-1.732999242468388,0.6223413553988696,-2.0019812365246774,1377.2893772893772,-1.0,79.12109139200773,0.32382748247724485,
2023-08-12 10:35:56.191000,-6.46987951807229,-0.3734939759036145,-7.46987951807229,-0.34580012262415694,-6.220110361741263,-7.212752912323728,3.0,0.32345432345432346,3091.6266300617704,-1.70246489132335,0.43913524852864055,-1.9561797098071203,1419.7802197802198,-1.0,79.12109139200773,0.3238263039709018,
2023-08-12 10:35:56.199000,-6.493975903614458,-0.39759036144578314,-7.481927710843374,-0.328632740649908,-6.266707541385653,-7.190680564071122,3.0,0.32389832389832396,3087.388622344071,-1.6261290134607544,0.6070741798263505,-1.5592331449216241,1468.8644688644688,-1.0,79.12109139200773,0.3238250736783378,
2023-08-12 10:35:56.207000,-6.518072289156627,-0.42168674698795183,-7.457831325301205,-0.38994481912936846,-6.215205395462906,-7.161250766400981,3.0,0.32345432345432346,3091.6266300617704,-1.8704038226210598,0.34753219509352606,-1.9103781830895632,1517.9487179487178,-1.0,79.12109139200773,0.32382379005382267,
2023-08-12 10:35:56.214000,-6.506024096385542,-0.42168674698795183,-7.457831325301205,-0.34825260576333533,-6.237277743715512,-7.175965665236051,3.0,0.32345432345432346,3091.6266300617704,-1.6719305401783118,0.5002039508187168,-1.6813705495017768,1569.9633699633698,-1.0,79.12109139200773,0.3238224516381759,
2023-08-12 10:35:56.222000,-6.506024096385542,-0.4096385542168675,-7.457831325301205,-0.4414469650521152,-6.205395462906192,-7.1293684855916615,3.0,0.32345432345432346,3091.6266300617704,-1.2291824485752583,0.530738301963755,-2.1699201678223874,1621.245421245421,-1.0,79.12109139200773,0.3238210569054522,
2023-08-12 10:35:56.230000,-6.481927710843374,-0.4096385542168675,-7.433734939759036,-0.30901287553648066,-6.212752912323728,-7.141630901287553,3.0,0.32345432345432346,3091.6266300617704,-1.3818542043004491,0.3169978439484879,-2.307324747975059,1668.131868131868,-1.0,79.12109139200773,0.3238196044072907,
2023-08-12 10:35:56.237000,-6.481927710843374,-0.4096385542168675,-7.445783132530121,-0.34580012262415694,-6.234825260576333,-7.13182096873084,3.0,0.32345432345432346,3091.6266300617704,-1.4123885554454874,0.6834100576889459,-2.5363323815628456,1708.4249084249084,-1.0,79.12109139200773,0.32381809277827867,
2023-08-12 10:35:56.245000,-6.457831325301205,-0.44578313253012053,-7.46987951807229,-0.3801348865726548,-6.1440833844267315,-7.126916002452483,3.0,0.32389832389832396,3087.388622344071,-1.5497931355981591,0.33226501952100695,-2.5210652059903262,1741.3919413919414,-1.0,79.12109139200773,0.32381652074105116,
2023-08-12 10:35:56.253000,-6.46987951807229,-0.44578313253012053,-7.433734939759036,-0.4193746167995095,-6.117106069895769,-7.1440833844267315,3.0,0.32389832389832396,3087.388622344071,-1.3818542043004491,0.3169978439484879,-2.475263679272769,1766.3003663003662,-1.0,79.12109139200773,0.32381488726040353,
2023-08-12 10:35:56.260000,-6.445783132530121,-0.44578313253012053,-7.421686746987953,-0.43654199877375843,-6.220110361741263,-7.210300429184549,3.0,0.32389832389832396,3087.388622344071,-1.2444496241477774,0.7597459355515412,-2.307324747975059,1782.4175824175823,-1.0,79.12109139200773,0.32381319156968263,
2023-08-12 10:35:56.268000,-6.433734939759036,-0.45783132530120485,-7.457831325301205,-0.42918454935622313,-6.156345800122624,-7.185775597792765,3.0,0.32389832389832396,3087.388622344071,-0.969640463842434,1.0192879202843657,-1.895111007517044,1791.9413919413919,743.011474609375,80.75245410112129,0.3238114330379166,
2023-08-12 10:35:56.276000,-6.433734939759036,-0.45783132530120485,-7.457831325301205,-0.3973022685469037,-6.168608215818516,-7.171060698957694,3.0,0.32389832389832396,3087.388622344071,-0.6032282501019759,1.0956237981469612,-2.0019812365246774,1794.8717948717947,-1.0,80.75245410112129,0.3238096111755406,
2023-08-12 10:35:56.283000,-6.433734939759036,-0.4819277108433735,-7.46987951807229,-0.4438994481912937,-6.220110361741263,-7.171060698957694,3.0,0.32389832389832396,3087.388622344071,-0.5726938989569378,0.9734863935668084,-2.047782763242235,1792.6739926739926,-1.0,80.75245410112129,0.32380772563994187,
2023-08-12 10:35:56.291000,-6.457831325301205,-0.45783132530120485,-7.481927710843374,-0.43654199877375843,-6.1661557326793375,-7.168608215818516,3.0,0.32389832389832396,3087.388622344071,-0.5116251966668615,0.8360818134141367,-1.2844239846162806,1782.4175824175823,-1.0,80.75245410112129,0.32380577624079976,
2023-08-12 10:35:56.298000,-6.493975903614458,-0.46987951807228917,-7.46987951807229,-0.46106683016554256,-6.259350091968117,-7.1587982832618025,3.0,0.32389832389832396,3087.388622344071,-0.5421595478118996,0.8360818134141367,-1.4523629159139906,1764.8351648351647,-1.0,80.75245410112129,0.3238037629451945,
2023-08-12 10:35:56.306000,-6.493975903614458,-0.46987951807228917,-7.481927710843374,-0.44880441446965047,-6.180870631514408,-7.1514408338442665,3.0,0.32389832389832396,3087.388622344071,-0.38948779208670875,0.5612726531087933,-1.177553755608647,1740.6593406593406,-1.0,80.75245410112129,0.32380168588245967,
2023-08-12 10:35:56.314000,-6.518072289156627,-0.5060240963855422,-7.481927710843374,-0.49294911097486205,-6.215205395462906,-7.212752912323728,3.0,0.32345432345432346,3091.6266300617704,-0.2368160363615179,0.9276848668492512,-1.2538896334712426,1711.3553113553112,-1.0,80.75245410112129,0.32379954534875016,
2023-08-12 10:35:56.321000,-6.518072289156627,-0.5060240963855422,-7.481927710843374,-0.43408951563458,-6.229920294297976,-7.178418148375229,3.0,0.32389832389832396,3087.388622344071,-0.11467863178136525,0.6986772332614649,-1.3607598624788761,1682.7838827838827,-1.0,80.75245410112129,0.32379734166200774,
2023-08-12 10:35:56.329000,-6.481927710843374,-0.4819277108433735,-7.457831325301205,-0.45616186388718577,-6.200490496627835,-7.20784794604537,3.0,0.32345432345432346,3091.6266300617704,-0.11467863178136525,0.6986772332614649,-1.3607598624788761,1649.8168498168498,-1.0,80.75245410112129,0.3237950752933018,
2023-08-12 10:35:56.337000,-6.493975903614458,-0.46987951807228917,-7.481927710843374,-0.3605150214592274,-6.207847946045371,-7.175965665236051,3.0,0.32345432345432346,3091.6266300617704,-0.11467863178136525,0.6528757065439077,-1.711904900646815,1616.117216117216,-1.0,80.75245410112129,0.3237927470187852,
2023-08-12 10:35:56.344000,-6.46987951807229,-0.44578313253012053,-7.481927710843374,-0.38749233599019006,-6.109748620478234,-7.1735131820968725,3.0,0.32389832389832396,3087.388622344071,-0.38948779208670875,0.13379173707825887,-1.6203018472117006,1580.9523809523807,-1.0,80.75245410112129,0.3237903576029287,
2023-08-12 10:35:56.352000,-6.445783132530121,-0.43373493975903615,-7.493975903614459,-0.4193746167995095,-6.1931330472103,-7.212752912323728,3.0,0.32389832389832396,3087.388622344071,-0.4658236699493042,0.6528757065439077,-1.4218285647689524,1546.5201465201465,-1.0,80.75245410112129,0.32378790795985074,
2023-08-12 10:35:56.360000,-6.445783132530121,-0.44578313253012053,-7.506024096385542,-0.39239730226854685,-6.124463519313305,-7.222562844880441,3.0,0.32345432345432346,3091.6266300617704,-0.5268923722393805,0.6070741798263505,-1.4523629159139906,1513.5531135531135,-1.0,80.75245410112129,0.32378539932457895,
2023-08-12 10:35:56.367000,-6.445783132530121,-0.43373493975903615,-7.493975903614459,-0.3801348865726548,-6.109748620478234,-7.2323727774371545,3.0,0.32389832389832396,3087.388622344071,-0.22154886078899882,0.7292115844065031,-1.879843831944525,1484.9816849816848,-1.0,80.75245410112129,0.32378283296616545,
2023-08-12 10:35:56.375000,-6.445783132530121,-0.43373493975903615,-7.506024096385542,-0.33353770692826484,-6.14653586756591,-7.215205395462906,3.0,0.32389832389832396,3087.388622344071,-0.3284190897966324,0.6834100576889459,-1.9867140609521585,1461.5384615384614,-1.0,80.75245410112129,0.32378021031581716,
2023-08-12 10:35:56.383000,-6.421686746987952,-0.4096385542168675,-7.506024096385542,-0.3408951563458001,-6.14653586756591,-7.242182709993869,3.0,0.32345432345432346,3091.6266300617704,-0.435289318804266,0.530738301963755,-1.8340423052269677,1443.956043956044,-1.0,80.75245410112129,0.3237775331260923,
2023-08-12 10:35:56.390000,-6.397590361445784,-0.43373493975903615,-7.506024096385542,-0.3801348865726548,-6.141630901287553,-7.269160024524831,3.0,0.32345432345432346,3091.6266300617704,-0.37422061651418964,0.5765398286813123,-1.727172076219334,1429.3040293040292,-1.0,80.75245410112129,0.32377480318246166,
2023-08-12 10:35:56.398000,-6.397590361445784,-0.44578313253012053,-7.506024096385542,-0.39975475168608215,-6.112201103617412,-7.247087676272225,3.0,0.32345432345432346,3091.6266300617704,-0.4658236699493042,0.3627993706660451,-1.5286987937765861,1413.9194139194137,-1.0,80.75245410112129,0.32377202228056773,
2023-08-12 10:35:56.406000,-6.385542168674699,-0.42168674698795183,-7.493975903614459,-0.35806253832004903,-6.0999386879215205,-7.229920294297976,3.0,0.32389832389832396,3087.388622344071,-0.38948779208670875,0.7597459355515412,-1.3607598624788761,1399.2673992673992,-1.0,80.75245410112129,0.32376919236194546,
2023-08-12 10:35:56.413000,-6.433734939759036,-0.4096385542168675,-7.542168674698796,-0.3973022685469037,-6.1587982832618025,-7.220110361741263,3.0,0.32345432345432346,3091.6266300617704,-0.37422061651418964,0.5002039508187168,-0.9790804731658991,1383.8827838827838,-1.0,80.75245410112129,0.3237663156596205,
2023-08-12 10:35:56.421000,-6.445783132530121,-0.4096385542168675,-7.518072289156627,-0.40465971796443895,-6.171060698957694,-7.237277743715511,3.0,0.32345432345432346,3091.6266300617704,-0.5421595478118996,0.8360818134141367,-1.13175222889109,1370.6959706959706,-1.0,80.75245410112129,0.32376339456633335,
2023-08-12 10:35:56.429000,-6.46987951807229,-0.44578313253012053,-7.481927710843374,-0.3531575720416922,-6.198038013488657,-7.200490496627835,3.0,0.32345432345432346,3091.6266300617704,-0.29788473865159426,0.6681428821164268,-1.2080881067536853,1356.0439560439559,-1.0,80.75245410112129,0.32376043147058947,
2023-08-12 10:35:56.436000,-6.46987951807229,-0.4096385542168675,-7.46987951807229,-0.4095646842427958,-6.183323114653587,-7.242182709993869,3.0,0.32389832389832396,3087.388622344071,-0.435289318804266,1.0345550958568848,-1.3760270380513953,1340.6593406593406,-1.0,80.75245410112129,0.3237574288899376,
2023-08-12 10:35:56.444000,-6.481927710843374,-0.4096385542168675,-7.542168674698796,-0.35806253832004903,-6.198038013488657,-7.28632740649908,3.0,0.32345432345432346,3091.6266300617704,-0.6642969523920522,0.5765398286813123,-1.5897674960666623,1327.4725274725274,-1.0,80.75245410112129,0.323754389614157,
2023-08-12 10:35:56.452000,-6.46987951807229,-0.4096385542168675,-7.518072289156627,-0.33353770692826484,-6.163703249540159,-7.28632740649908,3.0,0.32345432345432346,3091.6266300617704,-0.7100984791096095,0.3780665462385642,-1.6966377250742959,1317.216117216117,-1.0,80.75245410112129,0.3237513165711113,
2023-08-12 10:35:56.459000,-6.457831325301205,-0.39759036144578314,-7.518072289156627,-0.3629675045984059,-6.212752912323728,-7.247087676272225,3.0,0.32345432345432346,3091.6266300617704,-0.5421595478118996,0.42386807295612144,-1.895111007517044,1308.4249084249084,-1.0,80.75245410112129,0.32374821266048476,
2023-08-12 10:35:56.467000,-6.457831325301205,-0.42168674698795183,-7.542168674698796,-0.34334763948497854,-6.210300429184549,-7.242182709993869,3.0,0.32345432345432346,3091.6266300617704,-0.6948313035370904,0.5002039508187168,-1.9714468853796394,1303.2967032967033,-1.0,80.75245410112129,0.32374508088481074,
2023-08-12 10:35:56.475000,-6.481927710843374,-0.4096385542168675,-7.518072289156627,-0.41201716738197425,-6.171060698957694,-7.269160024524831,3.0,0.32345432345432346,3091.6266300617704,-0.3589534409416706,0.5918070042538314,-1.9714468853796394,1299.6336996336995,-1.0,80.75245410112129,0.32374192434119325,
2023-08-12 10:35:56.482000,-6.445783132530121,-0.42168674698795183,-7.493975903614459,-0.31882280809319435,-6.188228080931943,-7.298589822194972,3.0,0.32345432345432346,3091.6266300617704,-0.4047549676592278,-0.03414719421945104,-2.047782763242235,1295.970695970696,-1.0,80.75245410112129,0.32373874621249676,
2023-08-12 10:35:56.490000,-6.457831325301205,-0.42168674698795183,-7.530120481927711,-0.39239730226854685,-6.168608215818516,-7.247087676272225,3.0,0.32345432345432346,3091.6266300617704,-0.3589534409416706,-0.003612843074412873,-1.9561797098071203,1295.970695970696,-1.0,80.75245410112129,0.3237355498967865,
2023-08-12 10:35:56.498000,-6.46987951807229,-0.39759036144578314,-7.506024096385542,-0.38749233599019006,-6.156345800122624,-7.25444512568976,3.0,0.32345432345432346,3091.6266300617704,-0.5268923722393805,-0.30895635452479453,-1.4370957403414715,1295.970695970696,-1.0,80.75245410112129,0.32373233883842084,
2023-08-12 10:35:56.505000,-6.493975903614458,-0.4096385542168675,-7.493975903614459,-0.39975475168608215,-6.178418148375229,-7.276517473942366,3.0,0.32389832389832396,3087.388622344071,-0.7100984791096095,0.13379173707825887,-1.2996911601887997,1297.4358974358975,-1.0,80.75245410112129,0.3237291163902327,
2023-08-12 10:35:56.513000,-6.481927710843374,-0.43373493975903615,-7.542168674698796,-0.3654199877375843,-6.264255058246475,-7.27161250766401,3.0,0.32389832389832396,3087.388622344071,-0.5879610745294568,0.33226501952100695,-1.1012178777460517,1300.3663003663003,-1.0,80.75245410112129,0.3237258862400716,
2023-08-12 10:35:56.521000,-6.506024096385542,-0.43373493975903615,-7.542168674698796,-0.40465971796443895,-6.234825260576333,-7.274064990803188,3.0,0.32345432345432346,3091.6266300617704,-0.3589534409416706,0.3627993706660451,-1.2386224578987235,1304.7619047619046,-1.0,80.75245410112129,0.32372265226240987,
2023-08-12 10:35:56.528000,-6.506024096385542,-0.4096385542168675,-7.542168674698796,-0.33108522378908645,-6.2029429797670135,-7.261802575107295,3.0,0.32345432345432346,3091.6266300617704,-0.6795641279645713,0.28646349280344974,-1.2233552823262044,1311.3553113553112,-1.0,80.75245410112129,0.32371941809292903,
2023-08-12 10:35:56.536000,-6.530120481927711,-0.42168674698795183,-7.493975903614459,-0.41201716738197425,-6.183323114653587,-7.251992642550582,3.0,0.32345432345432346,3091.6266300617704,-0.6948313035370904,0.1185245615057398,-1.2080881067536853,1316.4835164835165,-1.0,80.75245410112129,0.3237161872459175,
2023-08-12 10:35:56.544000,-6.518072289156627,-0.44578313253012053,-7.481927710843374,-0.40465971796443895,-6.212752912323728,-7.23973022685469,3.0,0.32389832389832396,3087.388622344071,-0.3436862653691515,-0.003612843074412873,-1.4370957403414715,1317.9487179487178,-1.0,80.75245410112129,0.3237129632412861,
2023-08-12 10:35:56.551000,-6.493975903614458,-0.45783132530120485,-7.506024096385542,-0.4218270999386879,-6.225015328019619,-7.1931330472103,3.0,0.32345432345432346,3091.6266300617704,-0.5726938989569378,0.22539479051337338,-1.1928209311811662,1320.8791208791208,-1.0,80.75245410112129,0.32370974974196015,
2023-08-12 10:35:56.559000,-6.46987951807229,-0.46987951807228917,-7.481927710843374,-0.40220723482526055,-6.126916002452483,-7.190680564071122,3.0,0.32345432345432346,3091.6266300617704,-0.7100984791096095,-0.03414719421945104,-1.345492686906357,1324.5421245421244,-1.0,80.75245410112129,0.3237065504144455,
2023-08-12 10:35:56.567000,-6.445783132530121,-0.4819277108433735,-7.46987951807229,-0.4193746167995095,-6.178418148375229,-7.198038013488657,3.0,0.32345432345432346,3091.6266300617704,-0.8169687081172431,-0.5532311636850998,-1.2080881067536853,1326.007326007326,-1.0,80.75245410112129,0.32370336875780964,
2023-08-12 10:35:56.574000,-6.421686746987952,-0.4819277108433735,-7.506024096385542,-0.4438994481912937,-6.134273451870018,-7.198038013488657,3.0,0.32345432345432346,3091.6266300617704,-0.5574267233844187,-0.9349105529980769,-1.1928209311811662,1325.2747252747251,-1.0,80.75245410112129,0.3237002082305266,
2023-08-12 10:35:56.582000,-6.433734939759036,-0.4819277108433735,-7.518072289156627,-0.38749233599019006,-6.1440833844267315,-7.225015328019619,3.0,0.32345432345432346,3091.6266300617704,-0.252083211934037,-0.766971621700367,-1.2233552823262044,1323.8095238095236,-1.0,80.75245410112129,0.3236970722386069,
2023-08-12 10:35:56.590000,-6.421686746987952,-0.5060240963855422,-7.506024096385542,-0.48068669527896996,-6.141630901287553,-7.210300429184549,3.0,0.32345432345432346,3091.6266300617704,-0.5116251966668615,-0.6906357438377716,-1.1928209311811662,1322.3443223443223,-1.0,80.75245410112129,0.323693964123815,
2023-08-12 10:35:56.597000,-6.409638554216868,-0.5180722891566265,-7.518072289156627,-0.5174739423666462,-6.1293684855916615,-7.200490496627835,3.0,0.32345432345432346,3091.6266300617704,-0.5879610745294568,-0.4616281102499854,-1.1164850533185708,1319.4139194139193,-1.0,80.75245410112129,0.32369088715202654,
2023-08-12 10:35:56.605000,-6.397590361445784,-0.5421686746987953,-7.481927710843374,-0.5150214592274678,-6.1146535867565905,-7.215205395462906,3.0,0.32345432345432346,3091.6266300617704,-0.5879610745294568,-0.4616281102499854,-1.1164850533185708,1315.7509157509157,-1.0,80.75245410112129,0.3236878445017764,
2023-08-12 10:35:56.613000,-6.433734939759036,-0.5180722891566265,-7.493975903614459,-0.463519313304721,-6.0705088902513795,-7.237277743715511,3.0,0.32345432345432346,3091.6266300617704,-0.7711671813996859,-0.2631548278072373,-1.0554163510284944,1311.3553113553112,-1.0,80.75245410112129,0.32368483925305086,
2023-08-12 10:35:56.620000,-6.457831325301205,-0.5662650602409639,-7.493975903614459,-0.510116492949111,-6.183323114653587,-7.190680564071122,3.0,0.32389832389832396,3087.388622344071,-0.6032282501019759,-0.003612843074412873,-0.96381329759338,1306.227106227106,-1.0,80.75245410112129,0.3236818743763726,
2023-08-12 10:35:56.628000,-6.457831325301205,-0.5421686746987953,-7.493975903614459,-0.43408951563458,-6.119558553034947,-7.148988350705088,3.0,0.32389832389832396,3087.388622344071,-0.5574267233844187,0.3780665462385642,-1.2080881067536853,1300.3663003663003,-1.0,80.75245410112129,0.3236789528715229,
2023-08-12 10:35:56.636000,-6.481927710843374,-0.5542168674698795,-7.457831325301205,-0.522378908645003,-6.163703249540159,-7.212752912323728,3.0,0.32345432345432346,3091.6266300617704,-0.6948313035370904,0.3933337218110833,-1.3149583357613188,1295.970695970696,-1.0,80.75245410112129,0.323676077779238,
2023-08-12 10:35:56.643000,-6.457831325301205,-0.5421686746987953,-7.457831325301205,-0.49294911097486205,-6.156345800122624,-7.178418148375229,3.0,0.32345432345432346,3091.6266300617704,-0.6490297768195331,0.4544024241011596,-1.4676300914865097,1292.3076923076922,-1.0,80.75245410112129,0.32367325202386266,
2023-08-12 10:35:56.651000,-6.457831325301205,-0.5301204819277109,-7.481927710843374,-0.49785407725321884,-6.225015328019619,-7.148988350705088,3.0,0.32345432345432346,3091.6266300617704,-0.7100984791096095,0.4544024241011596,-1.727172076219334,1289.3772893772893,-1.0,80.75245410112129,0.323670478224959,
2023-08-12 10:35:56.659000,-6.46987951807229,-0.5060240963855422,-7.46987951807229,-0.49540159411404044,-6.1955855303494785,-7.220110361741263,3.0,0.32345432345432346,3091.6266300617704,-0.06503117533943172,0.27306101043062747,-0.6426198939455751,1286.4468864468863,-1.0,80.75245410112129,0.3236677587000724,
2023-08-12 10:35:56.666000,-6.46987951807229,-0.5301204819277109,-7.506024096385542,-0.5174739423666462,-6.156345800122624,-7.2029429797670135,3.0,0.32389832389832396,3087.388622344071,0.026688421420661884,0.020628168521647974,-0.24194394266068492,1282.051282051282,-1.0,80.75245410112129,0.32366509560600554,
2023-08-12 10:35:56.674000,-6.457831325301205,-0.49397590361445787,-7.46987951807229,-0.47087676272225626,-6.1735131820968725,-7.200490496627835,3.0,0.32345432345432346,3091.6266300617704,0.2098945282908909,-0.27527533360526857,-0.6110366528757061,1276.1904761904761,-1.0,80.75245410112129,0.3236624910806741,
2023-08-12 10:35:56.681000,-6.481927710843374,-0.49397590361445787,-7.506024096385542,-0.43408951563458,-6.1735131820968725,-7.227467811158798,3.0,0.32345432345432346,3091.6266300617704,0.14661150282617694,-0.21875182098945356,-0.4166423868072949,1268.131868131868,-1.0,80.75245410112129,0.3236599471088656,
2023-08-12 10:35:56.689000,-6.457831325301205,-0.49397590361445787,-7.481927710843374,-0.49540159411404044,-6.183323114653587,-7.200490496627835,3.0,0.32345432345432346,3091.6266300617704,0.0848435405862121,-0.5316706485636035,-0.10920109550725443,1261.5384615384614,-1.0,80.75245410112129,0.3236574653571248,
2023-08-12 10:35:56.697000,-6.46987951807229,-0.5060240963855422,-7.506024096385542,-0.42427958307786634,-6.139178418148375,-7.222562844880441,3.0,0.32345432345432346,3091.6266300617704,0.4069692908338672,-0.5842316881300631,0.28692966610337434,1260.07326007326,-1.0,80.75245410112129,0.32365504730718747,
2023-08-12 10:35:56.704000,-6.481927710843374,-0.49397590361445787,-7.481927710843374,-0.4512568976088289,-6.2029429797670135,-7.234825260576333,3.0,0.32389832389832396,3087.388622344071,0.17842783054600603,-0.4843540586212919,0.4006759512848903,1259.3406593406592,-1.0,80.75245410112129,0.32365269425135235,
2023-08-12 10:35:56.712000,-6.481927710843374,-0.49397590361445787,-7.46987951807229,-0.4512568976088289,-6.161250766400981,-7.200490496627835,3.0,0.32345432345432346,3091.6266300617704,0.1808752403706088,-0.06538080531437596,0.33086649962123366,1258.6080586080586,-1.0,80.75245410112129,0.3236504074378601,
2023-08-12 10:35:56.720000,-6.46987951807229,-0.49397590361445787,-7.46987951807229,-0.45616186388718577,-6.188228080931943,-7.2029429797670135,3.0,0.32389832389832396,3087.388622344071,0.44169920167822413,0.10652059903269108,0.3369267525202489,1260.8058608058607,-1.0,80.75245410112129,0.3236481879402862,
2023-08-12 10:35:56.727000,-6.481927710843374,-0.4819277108433735,-7.493975903614459,-0.45861434702636417,-6.2029429797670135,-7.178418148375229,3.0,0.32345432345432346,3091.6266300617704,0.2424101159606085,-0.16397645824835452,0.48610220849600855,1261.5384615384614,-1.0,80.75245410112129,0.32364603664544667,
2023-08-12 10:35:56.735000,-6.506024096385542,-0.49397590361445787,-7.518072289156627,-0.4316370324954016,-6.237277743715512,-7.200490496627835,3.0,0.32345432345432346,3091.6266300617704,0.09474972320960229,-0.12866383077909166,0.2093118116659867,1261.5384615384614,-1.0,80.75245410112129,0.3236439542632151,
2023-08-12 10:35:56.743000,-6.493975903614458,-0.46987951807228917,-7.481927710843374,-0.4414469650521152,-6.178418148375229,-7.200490496627835,3.0,0.32345432345432346,3091.6266300617704,0.22248120738884725,0.3379756424450784,0.44065031175339403,1263.003663003663,-1.0,80.75245410112129,0.3236419411668151,
2023-08-12 10:35:56.750000,-6.481927710843374,-0.4819277108433735,-7.481927710843374,-0.42673206621704474,-6.183323114653587,-7.153893316983446,3.0,0.32345432345432346,3091.6266300617704,-0.04556844006759558,0.31408426082396174,0.41407843365771213,1263.7362637362637,-1.0,80.75245410112129,0.3236399975317336,
2023-08-12 10:35:56.758000,-6.46987951807229,-0.4819277108433735,-7.506024096385542,-0.40465971796443895,-6.200490496627835,-7.222562844880441,3.0,0.32345432345432346,3091.6266300617704,0.13169395722860036,0.4489248878270499,0.5415768311869936,1263.003663003663,-1.0,80.75245410112129,0.32363812333661834,
2023-08-12 10:35:56.766000,-6.46987951807229,-0.4819277108433735,-7.481927710843374,-0.4463519313304721,-6.134273451870018,-7.288779889638258,3.0,0.32389832389832396,3087.388622344071,-0.10465590583299249,0.5238622457898718,0.39554804498572393,1263.7362637362637,-1.0,80.75245410112129,0.32363631836490364,
2023-08-12 10:35:56.773000,-6.445783132530121,-0.4819277108433735,-7.481927710843374,-0.4782342121397915,-6.1955855303494785,-7.251992642550582,3.0,0.32345432345432346,3091.6266300617704,-0.2917079424275978,0.2172367577646992,0.5526484470601948,1264.4688644688645,-1.0,80.75245410112129,0.32363458235644443,
2023-08-12 10:35:56.781000,-6.457831325301205,-0.4819277108433735,-7.506024096385542,-0.39975475168608215,-6.2029429797670135,-7.212752912323728,3.0,0.32345432345432346,3091.6266300617704,-0.06724549851407281,0.0779674844123306,0.4897150515704216,1268.131868131868,-1.0,80.75245410112129,0.3236329148831375,
2023-08-12 10:35:56.789000,-6.46987951807229,-0.46987951807228917,-7.481927710843374,-0.43899448191293683,-6.225015328019619,-7.161250766400981,3.0,0.32301032301032306,3095.8762886597933,0.21665404113979328,-0.16712312802284232,0.32049414369791945,1272.5274725274724,-1.0,80.75245410112129,0.32363131519370686,
2023-08-12 10:35:56.796000,-6.457831325301205,-0.49397590361445787,-7.506024096385542,-0.40465971796443895,-6.200490496627835,-7.259350091968117,3.0,0.32345432345432346,3091.6266300617704,-0.004195559699318791,-0.4461278480275046,0.45370316415127376,1276.923076923077,-1.0,80.75245410112129,0.3236297823464753,
2023-08-12 10:35:56.804000,-6.493975903614458,-0.46987951807228917,-7.506024096385542,-0.4438994481912937,-6.190680564071122,-7.190680564071122,3.0,0.32345432345432346,3091.6266300617704,-0.14696113280111944,-0.5730435289318803,0.6300332148476191,1282.7838827838827,-1.0,80.75245410112129,0.32362831532159725,
2023-08-12 10:35:56.812000,-6.481927710843374,-0.45783132530120485,-7.542168674698796,-0.4463519313304721,-6.2029429797670135,-7.247087676272225,3.0,0.32389832389832396,3087.388622344071,-0.12248703455509517,-0.3990443447351547,0.4949595011945693,1289.3772893772893,-1.0,80.75245410112129,0.3236269130377968,
2023-08-12 10:35:56.819000,-6.457831325301205,-0.46987951807228917,-7.506024096385542,-0.40465971796443895,-6.1587982832618025,-7.266707541385653,3.0,0.32389832389832396,3087.388622344071,-0.4671056465240951,-0.16467571819823956,0.4662898432492284,1295.970695970696,-1.0,80.75245410112129,0.32362557423143995,
2023-08-12 10:35:56.827000,-6.457831325301205,-0.46987951807228917,-7.493975903614459,-0.3973022685469037,-6.227467811158798,-7.1808706315144075,3.0,0.32345432345432346,3091.6266300617704,-0.4264320261057051,0.446594021327428,0.423285356331216,1301.8315018315018,-1.0,80.75245410112129,0.32362429764516404,
2023-08-12 10:35:56.835000,-6.457831325301205,-0.46987951807228917,-7.506024096385542,-0.41692213366033104,-6.205395462906192,-7.227467811158798,3.0,0.32345432345432346,3091.6266300617704,-0.5987996037526955,0.1984732824427481,0.45918070042538306,1306.227106227106,-1.0,80.75245410112129,0.3236230817383183,
2023-08-12 10:35:56.842000,-6.481927710843374,-0.46987951807228917,-7.518072289156627,-0.39239730226854685,-6.14653586756591,-7.27161250766401,3.0,0.32345432345432346,3091.6266300617704,-0.7242002214323168,-0.09148651011013366,0.1499912592506264,1308.4249084249084,-1.0,80.75245410112129,0.32362192454646066,
2023-08-12 10:35:56.850000,-6.445783132530121,-0.45783132530120485,-7.506024096385542,-0.4193746167995095,-6.1931330472103,-7.163703249540159,3.0,0.32345432345432346,3091.6266300617704,-0.3927510051861774,-0.07050871161354318,0.31723093059844953,1308.4249084249084,-1.0,80.75245410112129,0.3236208239771236,
2023-08-12 10:35:56.858000,-6.457831325301205,-0.4819277108433735,-7.530120481927711,-0.3973022685469037,-6.1440833844267315,-7.2029429797670135,3.0,0.32389832389832396,3087.388622344071,-0.8557776353359363,-0.15243866907522916,0.31641512732358196,1310.6227106227104,-1.0,80.75245410112129,0.32361977781793144,
2023-08-12 10:35:56.865000,-6.445783132530121,-0.46987951807228917,-7.518072289156627,-0.44880441446965047,-6.171060698957694,-7.210300429184549,3.0,0.32345432345432346,3091.6266300617704,-0.5387797913874484,-0.21397354466522883,0.28483188625371453,1310.6227106227104,-1.0,80.75245410112129,0.32361878389437004,
2023-08-12 10:35:56.873000,-6.457831325301205,-0.4819277108433735,-7.493975903614459,-0.46842427958307786,-6.183323114653587,-7.217657878602084,3.0,0.32345432345432346,3091.6266300617704,-0.4685041664238686,-0.39310063516112165,0.3574383777169171,1309.89010989011,-1.0,80.75245410112129,0.323617839951163,
2023-08-12 10:35:56.881000,-6.421686746987952,-0.4819277108433735,-7.493975903614459,-0.46842427958307786,-6.1293684855916615,-7.25444512568976,3.0,0.32345432345432346,3091.6266300617704,-0.4619777402249279,-0.38704038226210596,0.362799370666046,1309.1575091575091,-1.0,80.75245410112129,0.32361694350240916,
2023-08-12 10:35:56.888000,-6.445783132530121,-0.4819277108433735,-7.493975903614459,-0.4095646842427958,-6.1661557326793375,-7.229920294297976,3.0,0.32345432345432346,3091.6266300617704,-0.575490938756483,-0.6873725307383013,0.02878620127032128,1305.4945054945053,-1.0,80.75245410112129,0.32361609211858156,
2023-08-12 10:35:56.896000,-6.433734939759036,-0.5060240963855422,-7.493975903614459,-0.40220723482526055,-6.139178418148375,-7.1808706315144075,3.0,0.32345432345432346,3091.6266300617704,-0.7221024415826582,-0.40428879435930276,0.3352951459705148,1298.168498168498,-1.0,80.75245410112129,0.3236152834158365,
2023-08-12 10:35:56.904000,-6.445783132530121,-0.5060240963855422,-7.530120481927711,-0.47332924586143466,-6.178418148375229,-7.229920294297976,3.0,0.32345432345432346,3091.6266300617704,-0.8021677058446474,-0.5990326904026572,0.2685158207563653,1293.040293040293,-1.0,80.75245410112129,0.32361451477910574,
2023-08-12 10:35:56.911000,-6.457831325301205,-0.49397590361445787,-7.481927710843374,-0.4438994481912937,-6.171060698957694,-7.2029429797670135,3.0,0.32345432345432346,3091.6266300617704,-0.6239729619486047,-0.1843715401200391,-0.029718547870170576,1287.9120879120878,-1.0,80.75245410112129,0.32361378339351754,
2023-08-12 10:35:56.919000,-6.445783132530121,-0.4819277108433735,-7.481927710843374,-0.39239730226854685,-6.109748620478234,-7.264255058246474,3.0,0.32345432345432346,3091.6266300617704,-0.857758871860614,-0.350562321543033,0.1609463317988467,1287.179487179487,-1.0,80.75245410112129,0.32361308640328856,
2023-08-12 10:35:56.927000,-6.457831325301205,-0.49397590361445787,-7.518072289156627,-0.4218270999386879,-6.2029429797670135,-7.222562844880441,3.0,0.32345432345432346,3091.6266300617704,-0.5378474447875999,0.12446827107977461,0.16689004137288022,1286.4468864468863,-1.0,80.75245410112129,0.3236124209213402,
2023-08-12 10:35:56.934000,-6.481927710843374,-0.5060240963855422,-7.493975903614459,-0.40220723482526055,-6.117106069895769,-7.163703249540159,3.0,0.32345432345432346,3091.6266300617704,-0.6344618611968991,0.28937707592797585,0.11293048190664923,1284.2490842490843,-1.0,80.75245410112129,0.3236117840388905,
2023-08-12 10:35:56.942000,-6.46987951807229,-0.49397590361445787,-7.493975903614459,-0.3850398528510116,-6.156345800122624,-7.175965665236051,3.0,0.32345432345432346,3091.6266300617704,-0.5927393508536798,0.08915564361051173,-0.27189557718081653,1280.5860805860805,-1.0,80.75245410112129,0.32361117283498375,
2023-08-12 10:35:56.950000,-6.481927710843374,-0.49397590361445787,-7.506024096385542,-0.42427958307786634,-6.168608215818516,-7.168608215818516,3.0,0.32345432345432346,3091.6266300617704,-0.8121904317930184,0.0621175922149056,-0.05629042596585249,1278.3882783882782,-1.0,80.75245410112129,0.3236105843859227,
2023-08-12 10:35:56.957000,-6.46987951807229,-0.49397590361445787,-7.493975903614459,-0.4463519313304721,-6.1661557326793375,-7.264255058246474,3.0,0.32345432345432346,3091.6266300617704,-0.7719829846745534,0.12831420080414915,-0.20698094516636606,1276.1904761904761,-1.0,80.75245410112129,0.32361001577456067,
2023-08-12 10:35:56.965000,-6.46987951807229,-0.5060240963855422,-7.506024096385542,-0.4071122011036174,-6.217657878602084,-7.2029429797670135,3.0,0.32345432345432346,3091.6266300617704,-0.5338849717382428,-0.0012819765747909368,-0.2305226968125406,1273.9926739926739,-1.0,80.75245410112129,0.32360946409942276,
2023-08-12 10:35:56.973000,-6.46987951807229,-0.5060240963855422,-7.46987951807229,-0.49785407725321884,-6.1661557326793375,-7.210300429184549,3.0,0.32345432345432346,3091.6266300617704,-0.5707126624322584,-0.20651477186644143,0.18553697336985095,1274.7252747252746,-1.0,80.75245410112129,0.32360892648361883,
2023-08-12 10:35:56.980000,-6.457831325301205,-0.5060240963855422,-7.493975903614459,-0.4904966278356836,-6.210300429184549,-7.200490496627835,3.0,0.32389832389832396,3087.388622344071,-0.5178019928908579,-0.013519025697803066,0.10756948895752033,1279.8534798534797,-1.0,80.75245410112129,0.3236084000835164,
2023-08-12 10:35:56.988000,-6.493975903614458,-0.49397590361445787,-7.493975903614459,-0.46106683016554256,-6.200490496627835,-7.242182709993869,3.0,0.32345432345432346,3091.6266300617704,-0.4039391643843602,-0.174931530796574,0.10826874890740579,1289.3772893772893,-1.0,80.75245410112129,0.32360788224643317,
2023-08-12 10:35:56.996000,-6.493975903614458,-0.45783132530120485,-7.506024096385542,-0.4193746167995095,-6.178418148375229,-7.161250766400981,3.0,0.32345432345432346,3091.6266300617704,-0.20080414894236828,0.06071907231513382,-0.07668550783753793,1307.6923076923076,-1.0,80.75245410112129,0.3236073703913148,
2023-08-12 10:35:57.003000,-6.46987951807229,-0.45783132530120485,-7.46987951807229,-0.4193746167995095,-6.210300429184549,-7.1735131820968725,3.0,0.32345432345432346,3091.6266300617704,-0.5193170561156105,-0.34928034496824206,0.028203484645416232,1332.6007326007325,-1.0,80.75245410112129,0.3236068618575634,
2023-08-12 10:35:57.011000,-6.46987951807229,-0.46987951807228917,-7.457831325301205,-0.38994481912936846,-6.1367259350091965,-7.237277743715511,3.0,0.32345432345432346,3091.6266300617704,-0.6972787133616914,-0.37387098653924544,-0.08216304411164896,1366.3003663003662,-1.0,80.75245410112129,0.32360635405137783,
2023-08-12 10:35:57.019000,-6.457831325301205,-0.4819277108433735,-7.481927710843374,-0.42673206621704474,-6.141630901287553,-7.222562844880441,3.0,0.32345432345432346,3091.6266300617704,-0.46209428354991045,-0.32026105704795826,0.23495134316181976,1408.7912087912086,-1.0,80.75245410112129,0.3236058444529562,
2023-08-12 10:35:57.026000,-6.445783132530121,-0.4819277108433735,-7.481927710843374,-0.4414469650521152,-6.168608215818516,-7.188228080931943,3.0,0.32389832389832396,3087.388622344071,-0.8243109375910497,-0.027853854670473722,0.12446827107977461,1458.6080586080584,-1.0,80.75245410112129,0.3236053306232809,
2023-08-12 10:35:57.034000,-6.433734939759036,-0.49397590361445787,-7.481927710843374,-0.4463519313304721,-6.178418148375229,-7.2029429797670135,3.0,0.32345432345432346,3091.6266300617704,-0.7132451488840973,0.06456500203950837,-0.21409008799020968,1512.8205128205127,-1.0,80.75245410112129,0.32360481035976313,
2023-08-12 10:35:57.041000,-6.433734939759036,-0.46987951807228917,-7.445783132530121,-0.46842427958307786,-6.156345800122624,-7.220110361741263,3.0,0.32345432345432346,3091.6266300617704,-0.6465823669949304,0.26024124468271115,0.27410990035545674,1570.6959706959706,-1.0,80.75245410112129,0.32360428157471677,
2023-08-12 10:35:57.049000,-6.433734939759036,-0.49397590361445787,-7.445783132530121,-0.5174739423666462,-6.148988350705088,-7.185775597792765,3.0,0.32345432345432346,3091.6266300617704,-0.994464192063399,0.25476370840860146,0.0406736204183909,1627.8388278388277,-1.0,80.75245410112129,0.32360374214183907,
2023-08-12 10:35:57.057000,-6.433734939759036,-0.4819277108433735,-7.46987951807229,-0.4193746167995095,-6.126916002452483,-7.229920294297976,3.0,0.32389832389832396,3087.388622344071,-1.2024940271545947,0.2184021910145093,-0.13146087057863826,1680.5860805860805,758.331298828125,79.12109139200773,0.32360319004007637,
2023-08-12 10:35:57.064000,-6.397590361445784,-0.4819277108433735,-7.457831325301205,-0.3727774371551195,-6.171060698957694,-7.183323114653587,3.0,0.32345432345432346,3091.6266300617704,-0.8745411106578874,0.258609638132976,-0.13437445370316436,1728.2051282051282,-1.0,79.12109139200773,0.32360262350752306,
2023-08-12 10:35:57.072000,-6.409638554216868,-0.4819277108433735,-7.481927710843374,-0.3727774371551195,-6.112201103617412,-7.212752912323728,3.0,0.32389832389832396,3087.388622344071,-0.9474972320960316,0.2822679331041309,-0.16525843482314548,1768.4981684981683,-1.0,79.12109139200773,0.3236020409180889,
2023-08-12 10:35:57.080000,-6.421686746987952,-0.49397590361445787,-7.506024096385542,-0.45616186388718577,-6.0999386879215205,-7.1808706315144075,3.0,0.32389832389832396,3087.388622344071,-0.503117533943243,0.5669832760328646,0.20231921216712262,1800.7326007326005,-1.0,79.12109139200773,0.3236014407754115,
2023-08-12 10:35:57.087000,-6.433734939759036,-0.49397590361445787,-7.530120481927711,-0.46842427958307786,-6.1587982832618025,-7.1955855303494785,3.0,0.32345432345432346,3091.6266300617704,-0.6407552007458764,0.39216828856127317,0.10710331565759612,1824.1758241758241,-1.0,79.12109139200773,0.3236008218766833,
2023-08-12 10:35:57.095000,-6.421686746987952,-0.49397590361445787,-7.530120481927711,-0.4438994481912937,-6.148988350705088,-7.188228080931943,3.0,0.32345432345432346,3091.6266300617704,-0.35091195151797727,0.1764465940213266,0.37795000291358294,1835.8974358974358,-1.0,79.12109139200773,0.3236001830289525,
2023-08-12 10:35:57.103000,-6.433734939759036,-0.49397590361445787,-7.530120481927711,-0.44880441446965047,-6.212752912323728,-7.259350091968117,3.0,0.32345432345432346,3091.6266300617704,-0.5675659926577705,0.4037060777343986,0.034380280869412715,1837.3626373626373,-1.0,79.12109139200773,0.32359952316997165,
2023-08-12 10:35:57.110000,-6.481927710843374,-0.4819277108433735,-7.493975903614459,-0.4463519313304721,-6.163703249540159,-7.274064990803188,3.0,0.32389832389832396,3087.388622344071,-0.6160480158498922,-0.010372355923315273,0.08694132043587237,1829.3040293040292,-1.0,79.12109139200773,0.32359884134972916,
2023-08-12 10:35:57.118000,-6.46987951807229,-0.4819277108433735,-7.481927710843374,-0.43654199877375843,-6.1367259350091965,-7.210300429184549,3.0,0.32345432345432346,3091.6266300617704,-0.6031117067769933,0.28168521647922673,-0.18122487034555132,1814.6520146520145,-1.0,79.12109139200773,0.3235981367534704,
2023-08-12 10:35:57.126000,-6.46987951807229,-0.45783132530120485,-7.493975903614459,-0.42918454935622313,-6.185775597792765,-7.198038013488657,3.0,0.32345432345432346,3091.6266300617704,-0.3925179185362157,-0.08507662723617551,-0.24916962880950957,1794.139194139194,-1.0,79.12109139200773,0.3235974087241475,
2023-08-12 10:35:57.133000,-6.481927710843374,-0.45783132530120485,-7.518072289156627,-0.40220723482526055,-6.185775597792765,-7.2029429797670135,3.0,0.32389832389832396,3087.388622344071,-0.5962356506031118,-0.06817784511392125,-0.5365654682128077,1770.6959706959706,-1.0,79.12109139200773,0.32359665660348974,
2023-08-12 10:35:57.141000,-6.46987951807229,-0.45783132530120485,-7.518072289156627,-0.4438994481912937,-6.175965665236051,-7.229920294297976,3.0,0.32345432345432346,3091.6266300617704,-0.4611619369500603,-0.038808927218693175,-0.33343045277081795,1742.8571428571427,-1.0,79.12109139200773,0.32359588001968126,
2023-08-12 10:35:57.149000,-6.457831325301205,-0.46987951807228917,-7.518072289156627,-0.42673206621704474,-6.13182096873084,-7.1955855303494785,3.0,0.32345432345432346,3091.6266300617704,-0.6163976458248347,-0.16409300157333537,-0.6050929433016723,1712.087912087912,-1.0,79.12109139200773,0.32359507875901794,
2023-08-12 10:35:57.156000,-6.421686746987952,-0.4819277108433735,-7.542168674698796,-0.40465971796443895,-6.151440833844267,-7.222562844880441,3.0,0.32345432345432346,3091.6266300617704,-0.6191946856243801,-0.16432608822329706,-0.6155818425499676,1682.051282051282,-1.0,79.12109139200773,0.32359425260550523,
2023-08-12 10:35:57.164000,-6.433734939759036,-0.4819277108433735,-7.55421686746988,-0.4438994481912937,-6.1587982832618025,-7.222562844880441,3.0,0.32345432345432346,3091.6266300617704,-0.7894644834217118,-0.13285939047841044,-0.48831653167064815,1651.2820512820513,-1.0,79.12109139200773,0.3235934014777916,
2023-08-12 10:35:57.172000,-6.445783132530121,-0.44578313253012053,-7.530120481927711,-0.4438994481912937,-6.207847946045371,-7.269160024524831,3.0,0.32345432345432346,3091.6266300617704,-0.9713886137171499,0.0048948196492038095,-0.4042887943593032,1620.5128205128203,-1.0,79.12109139200773,0.32359252542682787,
2023-08-12 10:35:57.179000,-6.445783132530121,-0.44578313253012053,-7.518072289156627,-0.3507050889025138,-6.183323114653587,-7.288779889638258,3.0,0.32345432345432346,3091.6266300617704,-1.6127265310879322,-0.055824252665928276,-0.4548685974010838,1592.6739926739926,-1.0,79.12109139200773,0.3235916246330196,
2023-08-12 10:35:57.187000,-6.481927710843374,-0.44578313253012053,-7.566265060240965,-0.39239730226854685,-6.156345800122624,-7.259350091968117,3.0,0.32345432345432346,3091.6266300617704,-1.4828972670590288,-0.11665986830604294,-0.27504224695530605,1567.7655677655678,-1.0,79.12109139200773,0.3235906994028871,
2023-08-12 10:35:57.195000,-6.46987951807229,-0.46987951807228917,-7.506024096385542,-0.45616186388718577,-6.188228080931943,-7.237277743715511,3.0,0.32345432345432346,3091.6266300617704,-1.5229881708525146,-0.09801293630907265,-0.276324223530097,1542.8571428571427,-1.0,79.12109139200773,0.32358975030400383,
2023-08-12 10:35:57.202000,-6.481927710843374,-0.45783132530120485,-7.530120481927711,-0.44880441446965047,-6.161250766400981,-7.234825260576333,3.0,0.32345432345432346,3091.6266300617704,-1.3029543732882685,-0.23355282326204754,-0.3535924479925408,1518.6813186813185,-1.0,79.12109139200773,0.32358877800160984,
2023-08-12 10:35:57.210000,-6.457831325301205,-0.43373493975903615,-7.530120481927711,-0.39239730226854685,-6.175965665236051,-7.2029429797670135,3.0,0.32389832389832396,3087.388622344071,-1.2671755725190839,-0.15302138570013335,-0.6104539362508008,1493.040293040293,-1.0,79.12109139200773,0.32358778312631353,
2023-08-12 10:35:57.218000,-6.445783132530121,-0.43373493975903615,-7.530120481927711,-0.39975475168608215,-6.124463519313305,-7.237277743715511,3.0,0.32345432345432346,3091.6266300617704,-1.2792960783171152,-0.7773439776236823,-0.3031291882757414,1463.003663003663,-1.0,79.12109139200773,0.32358676656740104,
2023-08-12 10:35:57.225000,-6.421686746987952,-0.45783132530120485,-7.542168674698796,-0.3237277743715512,-6.185775597792765,-7.210300429184549,3.0,0.32345432345432346,3091.6266300617704,-1.6256628401608295,-0.38808927218693523,-0.4696695996736787,1431.5018315018315,-1.0,79.12109139200773,0.3235857293397671,
2023-08-12 10:35:57.233000,-6.421686746987952,-0.45783132530120485,-7.530120481927711,-0.4316370324954016,-6.161250766400981,-7.234825260576333,3.0,0.32345432345432346,3091.6266300617704,-1.7522288910902626,-0.4747975059728459,-0.6539245964687375,1402.197802197802,-1.0,79.12109139200773,0.3235846724189862,
2023-08-12 10:35:57.241000,-6.421686746987952,-0.46987951807228917,-7.542168674698796,-0.42673206621704474,-6.1661557326793375,-7.269160024524831,3.0,0.32345432345432346,3091.6266300617704,-1.6651710273294094,-1.0051861779616567,-1.0363032457316008,1378.7545787545787,-1.0,79.12109139200773,0.32358359701269945,
2023-08-12 10:35:57.248000,-6.445783132530121,-0.46987951807228917,-7.55421686746988,-0.41692213366033104,-6.117106069895769,-7.264255058246474,3.0,0.32301032301032306,3095.8762886597933,-1.6094633179884636,-0.7195384884330747,-0.654157683118699,1359.7069597069597,-1.0,79.12109139200773,0.3235825043950854,
2023-08-12 10:35:57.256000,-6.445783132530121,-0.4819277108433735,-7.55421686746988,-0.4438994481912937,-6.1931330472103,-7.291232372777436,3.0,0.32345432345432346,3091.6266300617704,-1.6772915331274407,-0.28599731950352464,-0.8244274809160305,1345.7875457875457,-1.0,79.12109139200773,0.3235813957620559,
2023-08-12 10:35:57.264000,-6.46987951807229,-0.49397590361445787,-7.55421686746988,-0.4193746167995095,-6.141630901287553,-7.25444512568976,3.0,0.32345432345432346,3091.6266300617704,-1.544781772623971,-0.40545422760911287,-0.7487908630033214,1334.7985347985348,-1.0,79.12109139200773,0.32358027248052296,
2023-08-12 10:35:57.271000,-6.445783132530121,-0.46987951807228917,-7.55421686746988,-0.40465971796443895,-6.156345800122624,-7.274064990803188,3.0,0.32345432345432346,3091.6266300617704,-1.9312394382611744,-0.29159139910261694,-0.6877221607132451,1328.937728937729,-1.0,79.12109139200773,0.32357913595334303,
2023-08-12 10:35:57.279000,-6.46987951807229,-0.45783132530120485,-7.518072289156627,-0.4316370324954016,-6.1931330472103,-7.256897608828939,3.0,0.32345432345432346,3091.6266300617704,-2.205698968591572,-0.16129596177379008,-1.0972554046966958,1325.2747252747251,-1.0,79.12109139200773,0.3235779874944667,
2023-08-12 10:35:57.287000,-6.481927710843374,-0.45783132530120485,-7.493975903614459,-0.3605150214592274,-6.200490496627835,-7.269160024524831,3.0,0.32345432345432346,3091.6266300617704,-1.910261639764584,-0.260357788007692,-0.9090379348522813,1320.8791208791208,-1.0,79.12109139200773,0.32357682860889897,
2023-08-12 10:35:57.294000,-6.46987951807229,-0.44578313253012053,-7.506024096385542,-0.3973022685469037,-6.247087676272225,-7.212752912323728,3.0,0.32345432345432346,3091.6266300617704,-1.8304294621525548,-0.7412155468795518,-1.1958510576306745,1317.216117216117,-1.0,79.12109139200773,0.3235756609641725,
2023-08-12 10:35:57.302000,-6.481927710843374,-0.45783132530120485,-7.518072289156627,-0.33353770692826484,-6.1955855303494785,-7.225015328019619,3.0,0.32345432345432346,3091.6266300617704,-2.300215605151213,-1.020919526834101,-1.2303478818250684,1312.8205128205127,-1.0,79.12109139200773,0.3235744860954378,
2023-08-12 10:35:57.310000,-6.46987951807229,-0.45783132530120485,-7.518072289156627,-0.4316370324954016,-6.207847946045371,-7.256897608828939,3.0,0.32345432345432346,3091.6266300617704,-2.277955830079831,-0.9930656721636272,-1.494784686207098,1307.6923076923076,-1.0,79.12109139200773,0.32357330541879936,
2023-08-12 10:35:57.317000,-6.481927710843374,-0.45783132530120485,-7.530120481927711,-0.4071122011036174,-6.102391171060699,-7.242182709993869,3.0,0.32345432345432346,3091.6266300617704,-2.2239962706135996,-1.2269681254006173,-1.4802167705844647,1304.7619047619046,-1.0,79.12109139200773,0.32357212051088013,
2023-08-12 10:35:57.325000,-6.46987951807229,-0.44578313253012053,-7.530120481927711,-0.32127529123237275,-6.188228080931943,-7.1931330472103,3.0,0.32345432345432346,3091.6266300617704,-2.6576539828681307,-1.059262280752869,-1.7563079074645997,1304.7619047619046,-1.0,79.12109139200773,0.3235709330800667,
2023-08-12 10:35:57.333000,-6.457831325301205,-0.42168674698795183,-7.518072289156627,-0.3801348865726548,-6.234825260576333,-7.261802575107295,3.0,0.32345432345432346,3091.6266300617704,-2.552531903735213,-1.0318745993823204,-1.7867257152846574,1308.4249084249084,-1.0,79.12109139200773,0.32356974481029105,
2023-08-12 10:35:57.340000,-6.481927710843374,-0.42168674698795183,-7.506024096385542,-0.34580012262415694,-6.207847946045371,-7.210300429184549,3.0,0.32345432345432346,3091.6266300617704,-2.677000174814986,-0.7755958277489663,-1.7099236641221374,1315.7509157509157,-1.0,79.12109139200773,0.3235685573540957,
2023-08-12 10:35:57.348000,-6.433734939759036,-0.42168674698795183,-7.518072289156627,-0.4071122011036174,-6.185775597792765,-7.222562844880441,3.0,0.32345432345432346,3091.6266300617704,-2.5407610279121275,-1.147485577763534,-1.8042072140318164,1326.7399267399267,-1.0,79.12109139200773,0.3235673721869834,
2023-08-12 10:35:57.356000,-6.457831325301205,-0.43373493975903615,-7.506024096385542,-0.3605150214592274,-6.122011036174126,-7.215205395462906,3.0,0.32345432345432346,3091.6266300617704,-2.8349163801643247,-1.2150807062525493,-1.91224287628926,1339.9267399267399,-1.0,79.12109139200773,0.32356619075971865,
2023-08-12 10:35:57.363000,-6.409638554216868,-0.43373493975903615,-7.457831325301205,-0.3850398528510116,-6.188228080931943,-7.205395462906192,3.0,0.32345432345432346,3091.6266300617704,-2.501252840743544,-1.5376726298001278,-1.6056173882640878,1350.18315018315,-1.0,79.12109139200773,0.32356501448047364,
2023-08-12 10:35:57.371000,-6.433734939759036,-0.44578313253012053,-7.493975903614459,-0.3703249540159411,-6.122011036174126,-7.200490496627835,3.0,0.32345432345432346,3091.6266300617704,-2.6894703105879616,-1.4458364897150515,-1.4846454169337453,1358.2417582417581,-1.0,79.12109139200773,0.3235638445795513,
2023-08-12 10:35:57.379000,-6.421686746987952,-0.43373493975903615,-7.493975903614459,-0.3801348865726548,-6.183323114653587,-7.1661557326793375,3.0,0.32345432345432346,3091.6266300617704,-3.0874657653982887,-1.1857117883573214,-1.7646990268632354,1362.6373626373625,-1.0,79.12109139200773,0.32356268225120516,
2023-08-12 10:35:57.386000,-6.421686746987952,-0.45783132530120485,-7.457831325301205,-0.38749233599019006,-6.112201103617412,-7.1661557326793375,3.0,0.32345432345432346,3091.6266300617704,-2.7349222073305746,-0.7903968300215602,-1.6616747275799781,1364.102564102564,-1.0,79.12109139200773,0.3235615286465928,
2023-08-12 10:35:57.394000,-6.433734939759036,-0.44578313253012053,-7.46987951807229,-0.39975475168608215,-6.180870631514408,-7.183323114653587,3.0,0.32345432345432346,3091.6266300617704,-2.5841151448050788,-1.025115086533418,-1.7261231862945057,1362.6373626373625,-1.0,79.12109139200773,0.32356038486719385,
2023-08-12 10:35:57.402000,-6.445783132530121,-0.43373493975903615,-7.457831325301205,-0.4071122011036174,-6.188228080931943,-7.1440833844267315,3.0,0.32345432345432346,3091.6266300617704,-2.6780490647398185,-0.6469319969698729,-2.033447934269565,1360.4395604395604,-1.0,79.12109139200773,0.3235592519587209,
2023-08-12 10:35:57.409000,-6.46987951807229,-0.44578313253012053,-7.457831325301205,-0.3801348865726548,-6.1587982832618025,-7.210300429184549,3.0,0.32345432345432346,3091.6266300617704,-2.6648796690169583,-0.7464599965036999,-1.9245964687372543,1354.5787545787546,-1.0,79.12109139200773,0.32355813104430503,
2023-08-12 10:35:57.417000,-6.493975903614458,-0.44578313253012053,-7.457831325301205,-0.40220723482526055,-6.183323114653587,-7.156345800122624,3.0,0.32345432345432346,3091.6266300617704,-2.7120797156342853,-0.09405046325971728,-1.9983683934502656,1347.2527472527472,-1.0,79.12109139200773,0.323557023299099,
2023-08-12 10:35:57.424000,-6.46987951807229,-0.44578313253012053,-7.445783132530121,-0.3948497854077253,-6.212752912323728,-7.171060698957694,3.0,0.32345432345432346,3091.6266300617704,-2.865450731309361,-0.07447118466289857,-2.2517335819590936,1336.9963369963368,-1.0,79.12109139200773,0.3235559297978393,
2023-08-12 10:35:57.432000,-6.518072289156627,-0.45783132530120485,-7.457831325301205,-0.40465971796443895,-6.261802575107295,-7.163703249540159,3.0,0.32345432345432346,3091.6266300617704,-2.835499096789231,-0.06771167181399616,-2.229357263562729,1326.7399267399267,-1.0,79.12109139200773,0.32355485151208846,
2023-08-12 10:35:57.440000,-6.530120481927711,-0.44578313253012053,-7.481927710843374,-0.3727774371551195,-6.220110361741263,-7.139178418148375,3.0,0.32345432345432346,3091.6266300617704,-2.6968125400617664,-0.12330283782996276,-2.5281743488141712,1317.216117216117,-1.0,79.12109139200773,0.3235537893078812,
2023-08-12 10:35:57.447000,-6.518072289156627,-0.46987951807228917,-7.445783132530121,-0.35806253832004903,-6.220110361741263,-7.109748620478234,3.0,0.32345432345432346,3091.6266300617704,-2.743196783404231,0.038109667268808156,-2.8105588252432847,1309.1575091575091,-1.0,79.12109139200773,0.3235527439437837,
2023-08-12 10:35:57.455000,-6.518072289156627,-0.45783132530120485,-7.46987951807229,-0.38994481912936846,-6.2323727774371545,-7.178418148375229,3.0,0.32345432345432346,3091.6266300617704,-2.500670124118642,-0.03414719421945104,-2.802167705844648,1301.098901098901,-1.0,79.12109139200773,0.3235517160693777,
2023-08-12 10:35:57.463000,-6.518072289156627,-0.44578313253012053,-7.481927710843374,-0.4537093807480073,-6.261802575107295,-7.1587982832618025,3.0,0.32345432345432346,3091.6266300617704,-2.260124701357732,-0.351611211467864,-2.733407144105822,1293.7728937728937,-1.0,79.12109139200773,0.32355070608542436,
2023-08-12 10:35:57.470000,-6.506024096385542,-0.4819277108433735,-7.457831325301205,-0.38749233599019006,-6.210300429184549,-7.210300429184549,3.0,0.32345432345432346,3091.6266300617704,-2.5542800536099293,-0.2540644484587147,-2.5901753977040975,1289.3772893772893,-1.0,79.12109139200773,0.3235497141635957,
2023-08-12 10:35:57.478000,-6.518072289156627,-0.46987951807228917,-7.481927710843374,-0.4095646842427958,-6.215205395462906,-7.161250766400981,3.0,0.32345432345432346,3091.6266300617704,-2.5570770934094744,-0.3398403356447752,-2.616397645824834,1289.3772893772893,-1.0,79.12109139200773,0.32354874053300975,
2023-08-12 10:35:57.486000,-6.506024096385542,-0.46987951807228917,-7.457831325301205,-0.44880441446965047,-6.244635193133047,-7.1661557326793375,3.0,0.32345432345432346,3091.6266300617704,-2.6028786201270315,-0.1341413670532014,-2.2453236990851333,1291.5750915750914,-1.0,79.12109139200773,0.323547785320232,
2023-08-12 10:35:57.493000,-6.518072289156627,-0.46987951807228917,-7.457831325301205,-0.40220723482526055,-6.249540159411404,-7.205395462906192,3.0,0.32345432345432346,3091.6266300617704,-2.3736378998892818,-0.011071615873200292,-2.45766563720063,1293.7728937728937,-1.0,79.12109139200773,0.32354684856018456,
2023-08-12 10:35:57.501000,-6.518072289156627,-0.46987951807228917,-7.506024096385542,-0.4512568976088289,-6.269160024524831,-7.20784794604537,3.0,0.32345432345432346,3091.6266300617704,-2.4356389487792067,-0.34671639181865843,-1.8889342112930472,1294.5054945054944,-1.0,79.12109139200773,0.3235459303252689,
2023-08-12 10:35:57.509000,-6.481927710843374,-0.45783132530120485,-7.46987951807229,-0.41692213366033104,-6.229920294297976,-7.20784794604537,3.0,0.32345432345432346,3091.6266300617704,-2.4371540120039645,-0.19357846279354426,-2.2670007575316125,1292.3076923076922,-1.0,79.12109139200773,0.32354503043945865,
2023-08-12 10:35:57.516000,-6.481927710843374,-0.4819277108433735,-7.46987951807229,-0.43654199877375843,-6.188228080931943,-7.139178418148375,3.0,0.32345432345432346,3091.6266300617704,-2.5314375619136418,-0.3435697220441689,-1.9539653866324822,1288.6446886446886,-1.0,79.12109139200773,0.3235441485012344,
2023-08-12 10:35:57.524000,-6.46987951807229,-0.4819277108433735,-7.457831325301205,-0.41201716738197425,-6.1661557326793375,-7.134273451870018,3.0,0.32345432345432346,3091.6266300617704,-2.4253831361808773,-0.23133850008740645,-2.038575840568733,1284.9816849816848,-1.0,79.12109139200773,0.3235432841732836,
2023-08-12 10:35:57.532000,-6.433734939759036,-0.45783132530120485,-7.433734939759036,-0.44880441446965047,-6.124463519313305,-7.168608215818516,3.0,0.32345432345432346,3091.6266300617704,-2.5624380863586067,0.3383252724200226,-2.474564419322884,1284.2490842490843,-1.0,79.12109139200773,0.32354243716436465,
2023-08-12 10:35:57.539000,-6.409638554216868,-0.44578313253012053,-7.445783132530121,-0.48313917841814835,-6.092581238503985,-7.210300429184549,3.0,0.32345432345432346,3091.6266300617704,-2.6243225919235473,-0.04347066021793705,-2.61686381912476,1283.5164835164835,-1.0,79.12109139200773,0.32354160694537015,
2023-08-12 10:35:57.547000,-6.36144578313253,-0.44578313253012053,-7.433734939759036,-0.39239730226854685,-6.060698957694665,-7.1514408338442665,3.0,0.32345432345432346,3091.6266300617704,-2.792494609871222,-0.454169337451198,-2.910436454752056,1285.7142857142856,-1.0,79.12109139200773,0.32354079291291454,
2023-08-12 10:35:57.555000,-6.313253012048193,-0.45783132530120485,-7.409638554216868,-0.43408951563458,-6.045984058859595,-7.1514408338442665,3.0,0.32301032301032306,3095.8762886597933,-2.6663947322417143,-0.40463842433424524,-3.26437853271954,1288.6446886446886,-1.0,79.12109139200773,0.3235399945217222,
2023-08-12 10:35:57.562000,-6.301204819277109,-0.4819277108433735,-7.433734939759036,-0.40465971796443895,-6.016554261189454,-7.161250766400981,3.0,0.32345432345432346,3091.6266300617704,-3.199230814055126,-0.7811899073480568,-3.583007983217763,1290.10989010989,-1.0,79.12109139200773,0.3235392109913117,
2023-08-12 10:35:57.570000,-6.325301204819278,-0.49397590361445787,-7.457831325301205,-0.47332924586143466,-6.00674432863274,-7.215205395462906,3.0,0.32345432345432346,3091.6266300617704,-3.102849484295785,0.0340306508944702,-3.869588019346192,1289.3772893772893,-1.0,79.12109139200773,0.32353844143894794,
2023-08-12 10:35:57.578000,-6.313253012048193,-0.5180722891566265,-7.457831325301205,-0.4659717964438994,-6.011649294911098,-7.1587982832618025,3.0,0.32345432345432346,3091.6266300617704,-3.0077501311112385,0.6711730085659338,-3.5877862595419847,1290.8424908424909,-1.0,79.12109139200773,0.3235376850443536,
2023-08-12 10:35:57.585000,-6.313253012048193,-0.5180722891566265,-7.457831325301205,-0.539546290619252,-6.036174126302881,-7.1661557326793375,3.0,0.32345432345432346,3091.6266300617704,-3.4760212108851474,1.7279878794942016,-3.8115494435056245,1290.8424908424909,-1.0,79.12109139200773,0.3235369409167513,
2023-08-12 10:35:57.593000,-6.385542168674699,-0.5180722891566265,-7.445783132530121,-0.510116492949111,-6.08522378908645,-7.2029429797670135,3.0,0.32345432345432346,3091.6266300617704,-3.7701765631373427,2.5794534118058383,-4.644251500495308,1290.8424908424909,-1.0,79.12109139200773,0.3235362079620874,
2023-08-12 10:35:57.601000,-6.397590361445784,-0.5301204819277109,-7.46987951807229,-0.5370938074800735,-6.097486204782342,-7.124463519313304,3.0,0.32345432345432346,3091.6266300617704,-3.9568789697570037,3.3332556377833464,-5.103665287570655,1291.5750915750914,-1.0,79.12109139200773,0.32353548504828794,
2023-08-12 10:35:57.608000,-6.457831325301205,-0.5180722891566265,-7.385542168674699,-0.5272838749233598,-6.1587982832618025,-7.112201103617412,3.0,0.32345432345432346,3091.6266300617704,-3.9416117941844844,4.157683118699377,-5.821222539479051,1293.040293040293,-1.0,79.12109139200773,0.3235347711391166,
2023-08-12 10:35:57.616000,-6.506024096385542,-0.5662650602409639,-7.433734939759036,-0.5665236051502146,-6.207847946045371,-7.090128755364806,3.0,0.32345432345432346,3091.6266300617704,-4.674436221665401,4.035545714119224,-6.309772157799662,1297.4358974358975,-1.0,79.12109139200773,0.3235340650126672,
2023-08-12 10:35:57.624000,-6.542168674698796,-0.5662650602409639,-7.421686746987953,-0.48068669527896996,-6.288779889638258,-7.141630901287553,3.0,0.32345432345432346,3091.6266300617704,-4.445428588077614,3.5469960957986135,-7.118932463143174,1302.5641025641025,-1.0,79.12109139200773,0.32353336542708855,
2023-08-12 10:35:57.631000,-6.590361445783133,-0.5783132530120483,-7.445783132530121,-0.5370938074800735,-6.276517473942366,-7.1587982832618025,3.0,0.32345432345432346,3091.6266300617704,-5.010314084260821,3.3332556377833464,-8.187634753219509,1306.227106227106,-1.0,79.12109139200773,0.3235326712548234,
2023-08-12 10:35:57.639000,-6.626506024096386,-0.5421686746987953,-7.481927710843374,-0.49540159411404044,-6.384426732066217,-7.23973022685469,3.0,0.32345432345432346,3091.6266300617704,-5.1477186644134925,2.7836373171726594,-8.294504982227142,1311.3553113553112,-1.0,79.12109139200773,0.3235319812013821,
2023-08-12 10:35:57.647000,-6.650602409638554,-0.5301204819277109,-7.530120481927711,-0.47332924586143466,-6.377069282648681,-7.229920294297976,3.0,0.32345432345432346,3091.6266300617704,-5.208787366703568,2.5851640347299116,-8.737253073830196,1315.018315018315,-1.0,79.12109139200773,0.3235312939712599,
2023-08-12 10:35:57.654000,-6.686746987951808,-0.5301204819277109,-7.542168674698796,-0.42673206621704474,-6.401594114040465,-7.296137339055794,3.0,0.32345432345432346,3091.6266300617704,-5.407260649146316,2.2340189965619723,-9.531146203601189,1320.14652014652,-1.0,79.12109139200773,0.32353060840226805,
2023-08-12 10:35:57.662000,-6.674698795180723,-0.5301204819277109,-7.530120481927711,-0.48313917841814835,-6.386879215205395,-7.212752912323728,3.0,0.32345432345432346,3091.6266300617704,-5.636268282734103,2.0813472408367817,-9.485344676883631,1324.5421245421244,-1.0,79.12109139200773,0.3235299233230587,
2023-08-12 10:35:57.670000,-6.626506024096386,-0.49397590361445787,-7.542168674698796,-0.43408951563458,-6.369711833231146,-7.227467811158798,3.0,0.32345432345432346,3091.6266300617704,-6.033214847619599,1.6844006759512855,-9.393741623448516,1326.007326007326,-1.0,79.12109139200773,0.32352923755981716,
2023-08-12 10:35:57.677000,-6.602409638554217,-0.49397590361445787,-7.542168674698796,-0.4512568976088289,-6.352544451256898,-7.20784794604537,3.0,0.32345432345432346,3091.6266300617704,-6.277489656779904,2.2034846454169346,-9.02732940970806,1323.8095238095236,-1.0,79.12109139200773,0.32352854994279334,
2023-08-12 10:35:57.685000,-6.578313253012048,-0.49397590361445787,-7.493975903614459,-0.44880441446965047,-6.328019619865113,-7.244635193133047,3.0,0.32301032301032306,3095.8762886597933,-6.399627061360057,2.2645533477070106,-8.935726356272944,1318.6813186813185,-1.0,79.12109139200773,0.3235278593126453,
2023-08-12 10:35:57.693000,-6.55421686746988,-0.5060240963855422,-7.518072289156627,-0.47332924586143466,-6.293684855916616,-7.308399754751686,3.0,0.32345432345432346,3091.6266300617704,-7.0408484354058585,2.6462327370199876,-8.737253073830196,1313.5531135531135,-1.0,79.12109139200773,0.3235271642385224,
2023-08-12 10:35:57.700000,-6.530120481927711,-0.49397590361445787,-7.590361445783133,-0.42673206621704474,-6.227467811158798,-7.33292458614347,3.0,0.32345432345432346,3091.6266300617704,-7.788940038459294,2.875240370607774,-8.065497348639356,1309.1575091575091,-1.0,79.12109139200773,0.32352646331049617,
2023-08-12 10:35:57.708000,-6.493975903614458,-0.5180722891566265,-7.626506024096386,-0.5027590435315757,-6.244635193133047,-7.374616799509503,3.0,0.32301032301032306,3095.8762886597933,-7.788940038459294,2.875240370607774,-8.065497348639356,1305.4945054945053,-1.0,79.12109139200773,0.323525755431729,
2023-08-12 10:35:57.716000,-6.493975903614458,-0.5421686746987953,-7.686746987951808,-0.5052115266707541,-6.198038013488657,-7.391784181483752,3.0,0.32345432345432346,3091.6266300617704,-7.498863702581431,3.211118233203194,-7.744886661616456,1301.8315018315018,-1.0,79.12109139200773,0.32352503952522627,
2023-08-12 10:35:57.723000,-6.506024096385542,-0.5662650602409639,-7.698795180722892,-0.5027590435315757,-6.2029429797670135,-7.435928877988964,3.0,0.32345432345432346,3091.6266300617704,-7.651535458306622,3.562263271371133,-7.6990851348988985,1296.7032967032967,-1.0,79.12109139200773,0.32352431450716573,
2023-08-12 10:35:57.731000,-6.506024096385542,-0.5542168674698795,-7.674698795180723,-0.5150214592274678,-6.1661557326793375,-7.401594114040465,3.0,0.32345432345432346,3091.6266300617704,-7.85000874074937,4.4324922790047205,-7.561680554746227,1295.2380952380952,-1.0,79.12109139200773,0.3235235793229425,
2023-08-12 10:35:57.739000,-6.493975903614458,-0.5662650602409639,-7.674698795180723,-0.5125689760882893,-6.156345800122624,-7.362354383813611,3.0,0.32345432345432346,3091.6266300617704,-7.85000874074937,4.5393625080123545,-7.867024066196608,1295.970695970696,-1.0,79.12109139200773,0.3235228328229682,
2023-08-12 10:35:57.746000,-6.421686746987952,-0.5903614457831325,-7.602409638554217,-0.5444512568976088,-6.0778663396689145,-7.283874923359901,3.0,0.32345432345432346,3091.6266300617704,-8.384359885787537,4.692034263737545,-8.386108035662257,1297.4358974358975,-1.0,79.12109139200773,0.3235220739254655,
2023-08-12 10:35:57.754000,-6.349397590361446,-0.6144578313253012,-7.566265060240965,-0.6842427958307786,-6.001839362354383,-7.293684855916615,3.0,0.32345432345432346,3091.6266300617704,-8.308024007924942,4.401957927859683,-9.33267292115844,1296.7032967032967,-1.0,79.12109139200773,0.3235213017474032,
2023-08-12 10:35:57.762000,-6.240963855421687,-0.6626506024096386,-7.542168674698796,-0.6180257510729613,-5.849785407725322,-7.237277743715511,3.0,0.32345432345432346,3091.6266300617704,-8.50649729036769,2.661499912592507,-10.370840860089737,1298.168498168498,-1.0,79.12109139200773,0.3235205154583667,
2023-08-12 10:35:57.769000,-6.1325301204819285,-0.6987951807228916,-7.542168674698796,-0.657265481299816,-5.741876149601471,-7.276517473942366,3.0,0.32345432345432346,3091.6266300617704,-8.84237515296311,0.8141716683176978,-10.905192005127907,1299.6336996336995,-1.0,79.12109139200773,0.323519714283376,
2023-08-12 10:35:57.777000,-6.0120481927710845,-0.7590361445783133,-7.626506024096386,-0.733292458614347,-5.656039239730227,-7.357449417535254,3.0,0.32345432345432346,3091.6266300617704,-9.51413087815395,-0.6667443622166533,-11.576947730318746,1298.168498168498,-1.0,79.12109139200773,0.32351889750534574,
2023-08-12 10:35:57.785000,-5.891566265060241,-0.8072289156626506,-7.602409638554217,-0.7995095033721643,-5.548129981606376,-7.369711833231146,3.0,0.32345432345432346,3091.6266300617704,-9.83474156517685,-1.7201794767204701,-11.928092768486685,1294.5054945054944,-1.0,79.12109139200773,0.3235180643284393,
2023-08-12 10:35:57.792000,-5.807228915662651,-0.855421686746988,-7.674698795180723,-0.7921520539546291,-5.508890251379522,-7.408951563458001,3.0,0.32345432345432346,3091.6266300617704,-9.911077443039446,-1.8423168813006228,-12.386108035662257,1291.5750915750914,-1.0,79.12109139200773,0.3235172139002034,
2023-08-12 10:35:57.800000,-5.771084337349398,-0.8915662650602411,-7.710843373493976,-0.8608215818516247,-5.467198038013488,-7.4114040465971796,3.0,0.32345432345432346,3091.6266300617704,-10.399627061360057,-1.8423168813006228,-12.569314142532486,1287.9120879120878,-1.0,79.12109139200773,0.3235163454609636,
2023-08-12 10:35:57.807000,-5.771084337349398,-0.9397590361445783,-7.746987951807229,-0.9221336603310851,-5.457388105456775,-7.465358675659105,3.0,0.32345432345432346,3091.6266300617704,-10.949245381970744,-0.6667443622166533,-12.737253073830196,1284.2490842490843,-1.0,79.12109139200773,0.3235154583437846,
2023-08-12 10:35:57.815000,-5.807228915662651,-0.9518072289156627,-7.72289156626506,-0.8583690987124463,-5.459840588595953,-7.453096259963212,3.0,0.32345432345432346,3091.6266300617704,-11.422527824718836,0.7836373171726596,-13.256337043295845,1287.179487179487,-1.0,79.12109139200773,0.3235145519742906,
2023-08-12 10:35:57.823000,-5.903614457831326,-0.9277108433734941,-7.698795180722892,-0.8976088289393009,-5.553034947884733,-7.433476394849785,3.0,0.32345432345432346,3091.6266300617704,-12.323291183497462,2.066080065264263,-13.82122253947905,1295.970695970696,-1.0,79.12109139200773,0.32351362587035887,
2023-08-12 10:35:57.830000,-6.0,-0.9277108433734941,-7.662650602409639,-0.9025137952176578,-5.7001839362354385,-7.416309012875536,3.0,0.32345432345432346,3091.6266300617704,-13.254588893421126,3.730202202668843,-14.630382844822563,1312.8205128205127,-1.0,79.12109139200773,0.32351267964168945,
2023-08-12 10:35:57.838000,-6.072289156626506,-0.9036144578313253,-7.698795180722892,-0.8730839975475169,-5.756591048436542,-7.372164316370324,3.0,0.32345432345432346,3091.6266300617704,-13.987413320902041,4.692034263737545,-16.67618437154012,1336.263736263736,-1.0,79.12109139200773,0.32351171298926035,
2023-08-12 10:35:57.846000,-6.168674698795181,-0.8795180722891567,-7.650602409638554,-0.8313917841814837,-5.842427958307787,-7.386879215205395,3.0,0.32345432345432346,3091.6266300617704,-14.720237748382957,4.93630907289785,-18.889924829555387,1367.7655677655678,-1.0,79.12109139200773,0.32351072570467254,
2023-08-12 10:35:57.853000,-6.265060240963856,-0.8313253012048193,-7.662650602409639,-0.7676272225628449,-5.950337216431636,-7.33292458614347,3.0,0.32345432345432346,3091.6266300617704,-15.529398053726469,4.417225103432202,-21.103665287570657,1403.6630036630036,-1.0,79.12109139200773,0.3235097178081401,
2023-08-12 10:35:57.861000,-6.36144578313253,-0.7710843373493976,-7.650602409638554,-0.7725321888412017,-6.016554261189454,-7.389331698344574,3.0,0.32301032301032306,3095.8762886597933,-16.109550725482194,3.806538080531438,-23.073130936425617,1443.956043956044,-1.0,79.12109139200773,0.32350868938850164,
2023-08-12 10:35:57.869000,-6.409638554216868,-0.7349397590361446,-7.662650602409639,-0.6597179644389944,-6.060698957694665,-7.401594114040465,3.0,0.32345432345432346,3091.6266300617704,-16.70497057281044,2.2645533477070106,-25.01206223413554,1490.8424908424906,-1.0,79.12109139200773,0.3235076404641096,
2023-08-12 10:35:57.876000,-6.433734939759036,-0.674698795180723,-7.650602409638554,-0.5959534028203556,-6.141630901287553,-7.335377069282648,3.0,0.32345432345432346,3091.6266300617704,-16.720237748382957,0.7531029660276215,-26.431909562379815,1543.5897435897434,-1.0,79.12109139200773,0.3235065712379169,
2023-08-12 10:35:57.884000,-6.457831325301205,-0.6385542168674699,-7.662650602409639,-0.5493562231759657,-6.175965665236051,-7.453096259963212,3.0,0.32345432345432346,3091.6266300617704,-17.025581259833338,-0.07132451488840903,-27.149466814288214,1600.0,788.970947265625,76.04842764862879,0.32350548196833967,
2023-08-12 10:35:57.892000,-6.493975903614458,-0.6144578313253012,-7.662650602409639,-0.6180257510729613,-6.183323114653587,-7.47271612507664,3.0,0.32345432345432346,3091.6266300617704,-17.300390420138683,-0.8957519958044395,-27.241069867723326,1656.4102564102564,-1.0,76.04842764862879,0.323504372850386,
2023-08-12 10:35:57.899000,-6.457831325301205,-0.6024096385542169,-7.710843373493976,-0.522378908645003,-6.122011036174126,-7.389331698344574,3.0,0.32345432345432346,3091.6266300617704,-17.712604160596698,-1.2926985606899357,-26.920459180700426,1708.4249084249084,-1.0,76.04842764862879,0.32350324430163047,
2023-08-12 10:35:57.907000,-6.409638554216868,-0.5783132530120483,-7.710843373493976,-0.5272838749233598,-6.153893316983446,-7.416309012875536,3.0,0.32345432345432346,3091.6266300617704,-17.865275916321888,-1.0484237515296304,-25.98916147077676,1755.311355311355,-1.0,76.04842764862879,0.3235020968009486,
2023-08-12 10:35:57.915000,-6.433734939759036,-0.5421686746987953,-7.710843373493976,-0.5321888412017167,-6.205395462906192,-7.443286327406499,3.0,0.32345432345432346,3091.6266300617704,-18.00268049647456,-0.5751413087815388,-24.767787424975236,1794.139194139194,-1.0,76.04842764862879,0.32350093075871295,
2023-08-12 10:35:57.922000,-6.445783132530121,-0.5301204819277109,-7.674698795180723,-0.45861434702636417,-6.156345800122624,-7.438381361128142,3.0,0.32345432345432346,3091.6266300617704,-18.15535225219975,-0.39193520191130976,-23.51587902802867,1822.7106227106226,-1.0,76.04842764862879,0.32349974680239885,
2023-08-12 10:35:57.930000,-6.445783132530121,-0.5180722891566265,-7.662650602409639,-0.4438994481912937,-6.163703249540159,-7.354996934396076,3.0,0.32345432345432346,3091.6266300617704,-18.399627061360057,-0.5751413087815388,-21.68381795932638,1841.0256410256409,-1.0,76.04842764862879,0.32349854575372794,
2023-08-12 10:35:57.938000,-6.493975903614458,-0.49397590361445787,-7.662650602409639,-0.43408951563458,-6.249540159411404,-7.345187001839362,3.0,0.32345432345432346,3091.6266300617704,-18.20115377891731,-0.6362100110716151,-20.462443913524854,1852.0146520146518,-1.0,76.04842764862879,0.32349732847816465,
2023-08-12 10:35:57.945000,-6.518072289156627,-0.46987951807228917,-7.602409638554217,-0.41692213366033104,-6.259350091968117,-7.337829552421827,3.0,0.32345432345432346,3091.6266300617704,-18.17061942777227,-0.3155993240487144,-19.439543150166074,1850.5494505494505,-1.0,76.04842764862879,0.32349609574473626,
2023-08-12 10:35:57.953000,-6.590361445783133,-0.43373493975903615,-7.578313253012048,-0.34580012262415694,-6.328019619865113,-7.325567136725935,3.0,0.32345432345432346,3091.6266300617704,-18.17061942777227,-0.620942835499096,-19.225802692150808,1839.5604395604394,-1.0,76.04842764862879,0.323494848383512,
2023-08-12 10:35:57.961000,-6.614457831325302,-0.3855421686746988,-7.55421686746988,-0.3973022685469037,-6.330472103004292,-7.23973022685469,3.0,0.32345432345432346,3091.6266300617704,-18.246955305634867,-1.5675077209952792,-19.317405745585923,1817.5824175824175,-1.0,76.04842764862879,0.3234935874113632,
2023-08-12 10:35:57.968000,-6.602409638554217,-0.3734939759036145,-7.506024096385542,-0.32127529123237275,-6.310852237890864,-7.198038013488657,3.0,0.32345432345432346,3091.6266300617704,-17.956878969757003,-2.3614008507662714,-19.729619486043937,1789.0109890109889,-1.0,76.04842764862879,0.32349231388081034,
2023-08-12 10:35:57.976000,-6.566265060240964,-0.3132530120481928,-7.46987951807229,-0.2844880441446965,-6.296137339055794,-7.183323114653587,3.0,0.32345432345432346,3091.6266300617704,-17.758405687314255,-2.7278130645067296,-20.05023017306684,1753.8461538461538,-1.0,76.04842764862879,0.3234910287392285,
2023-08-12 10:35:57.984000,-6.55421686746988,-0.27710843373493976,-7.46987951807229,-0.24034334763948498,-6.220110361741263,-7.1514408338442665,3.0,0.32345432345432346,3091.6266300617704,-17.758405687314255,-2.7278130645067296,-20.05023017306684,1716.4835164835163,-1.0,76.04842764862879,0.3234897329857492,
2023-08-12 10:35:57.991000,-6.457831325301205,-0.24096385542168675,-7.445783132530121,-0.16676885346413242,-6.126916002452483,-7.126916002452483,3.0,0.32345432345432346,3091.6266300617704,-17.66680263387914,-3.8423168813006225,-21.042596585280577,1679.8534798534797,-1.0,76.04842764862879,0.3234884277964775,
2023-08-12 10:35:57.999000,-6.373493975903615,-0.20481927710843376,-7.421686746987953,-0.164316370324954,-6.068056407112201,-7.1146535867565905,3.0,0.32345432345432346,3091.6266300617704,-17.51413087815395,-4.269797797331157,-21.83648971505157,1641.7582417582416,-1.0,76.04842764862879,0.32348711437284167,
2023-08-12 10:35:58.007000,-6.265060240963856,-0.20481927710843376,-7.373493975903615,-0.15450643776824033,-5.974862047823421,-7.0999386879215205,3.0,0.32345432345432346,3091.6266300617704,-17.36145912242876,-4.727813064506729,-21.98916147077676,1604.3956043956043,-1.0,76.04842764862879,0.3234857939390875,
2023-08-12 10:35:58.014000,-6.168674698795181,-0.18072289156626506,-7.373493975903615,-0.1496014714898835,-5.817903126916002,-7.058246474555487,3.0,0.32301032301032306,3095.8762886597933,-17.056115610978377,-4.666744362216654,-22.065497348639358,1567.032967032967,-1.0,76.04842764862879,0.3234844677396381,
2023-08-12 10:35:58.022000,-6.096385542168675,-0.21686746987951808,-7.373493975903615,-0.20846106683016552,-5.79092581238504,-7.033721643163703,3.0,0.32345432345432346,3091.6266300617704,-17.04084843540586,-4.6820115377891725,-21.98916147077676,1531.8681318681317,-1.0,76.04842764862879,0.3234831368870344,
2023-08-12 10:35:58.030000,-6.060240963855422,-0.24096385542168675,-7.337349397590362,-0.16922133660331085,-5.7664009809932555,-7.08522378908645,3.0,0.32345432345432346,3091.6266300617704,-16.430161412505093,-3.9644542858807754,-21.103665287570657,1498.168498168498,-1.0,76.04842764862879,0.3234818024864732,
2023-08-12 10:35:58.037000,-6.048192771084338,-0.26506024096385544,-7.36144578313253,-0.24279583077866337,-5.798283261802575,-7.0705088902513795,3.0,0.32345432345432346,3091.6266300617704,-16.53703164151273,-3.3690344385525313,-20.630382844822563,1468.131868131868,-1.0,76.04842764862879,0.3234804657917698,
2023-08-12 10:35:58.045000,-6.0843373493975905,-0.3132530120481928,-7.397590361445784,-0.21827099938687922,-5.7737584304107905,-7.1587982832618025,3.0,0.32345432345432346,3091.6266300617704,-16.01794767204708,-2.025522988170852,-20.004428646349282,1439.5604395604394,-1.0,76.04842764862879,0.32347912792460815,
2023-08-12 10:35:58.053000,-6.120481927710844,-0.30120481927710846,-7.421686746987953,-0.2820355610055181,-5.8105456774984665,-7.168608215818516,3.0,0.32345432345432346,3091.6266300617704,-15.956878969757003,-1.2163626828273404,-19.256337043295847,1413.9194139194137,-1.0,76.04842764862879,0.3234777898916106,
2023-08-12 10:35:58.060000,-6.19277108433735,-0.30120481927710846,-7.46987951807229,-0.2869405272838749,-5.923359901900674,-7.171060698957694,3.0,0.32345432345432346,3091.6266300617704,-15.361459122428759,-0.11712604160596629,-19.378474447876,1389.7435897435896,-1.0,76.04842764862879,0.3234764528677223,
2023-08-12 10:35:58.068000,-6.253012048192772,-0.3373493975903615,-7.506024096385542,-0.2673206621704476,-5.935622317596566,-7.2323727774371545,3.0,0.32345432345432346,3091.6266300617704,-14.49123011479517,0.5698968591573925,-19.271604218868365,1367.032967032967,-1.0,76.04842764862879,0.3234751181713432,
2023-08-12 10:35:58.076000,-6.313253012048193,-0.3855421686746988,-7.506024096385542,-0.3408951563458001,-6.004291845493562,-7.225015328019619,3.0,0.32345432345432346,3091.6266300617704,-13.956878969757003,1.5317289202260946,-19.439543150166074,1347.2527472527472,-1.0,76.04842764862879,0.3234737871120311,
2023-08-12 10:35:58.083000,-6.385542168674699,-0.3855421686746988,-7.493975903614459,-0.299202942979767,-6.1146535867565905,-7.220110361741263,3.0,0.32345432345432346,3091.6266300617704,-13.33092477128372,1.1195151797680796,-19.89755841734165,1331.8681318681317,-1.0,76.04842764862879,0.32347246084875353,
2023-08-12 10:35:58.091000,-6.433734939759036,-0.4096385542168675,-7.493975903614459,-0.3629675045984059,-6.104843654199877,-7.234825260576333,3.0,0.32345432345432346,3091.6266300617704,-12.964512557543262,1.3027212866383084,-20.37084086008974,1318.6813186813185,-1.0,76.04842764862879,0.32347114054603465,
2023-08-12 10:35:58.099000,-6.445783132530121,-0.3855421686746988,-7.55421686746988,-0.3801348865726548,-6.229920294297976,-7.261802575107295,3.0,0.32345432345432346,3091.6266300617704,-12.598100343802805,1.027912126332965,-21.088398111998135,1308.4249084249084,-1.0,76.04842764862879,0.3234698274986168,
2023-08-12 10:35:58.106000,-6.481927710843374,-0.42168674698795183,-7.530120481927711,-0.3654199877375843,-6.247087676272225,-7.293684855916615,3.0,0.32345432345432346,3091.6266300617704,-12.582833168230286,0.5393625080123543,-21.18000116543325,1300.3663003663003,-1.0,76.04842764862879,0.32346852297945283,
2023-08-12 10:35:58.114000,-6.506024096385542,-0.43373493975903615,-7.566265060240965,-0.4095646842427958,-6.1587982832618025,-7.27161250766401,3.0,0.32345432345432346,3091.6266300617704,-12.094283549909674,0.24928617213449172,-21.882291241769128,1296.7032967032967,-1.0,76.04842764862879,0.32346722823705065,
2023-08-12 10:35:58.122000,-6.518072289156627,-0.44578313253012053,-7.590361445783133,-0.3948497854077253,-6.281422440220723,-7.357449417535254,3.0,0.32345432345432346,3091.6266300617704,-11.880543091894408,-0.6514771866441342,-21.86702406619661,1293.7728937728937,-1.0,76.04842764862879,0.3234659444928809,
2023-08-12 10:35:58.129000,-6.518072289156627,-0.45783132530120485,-7.638554216867471,-0.4218270999386879,-6.205395462906192,-7.325567136725935,3.0,0.32345432345432346,3091.6266300617704,-11.788940038459293,-1.4606374919876457,-22.20290192879203,1296.7032967032967,-1.0,76.04842764862879,0.3234646729388626,
2023-08-12 10:35:58.137000,-6.506024096385542,-0.49397590361445787,-7.662650602409639,-0.3973022685469037,-6.237277743715512,-7.4114040465971796,3.0,0.32345432345432346,3091.6266300617704,-12.048482023192118,-1.4606374919876457,-21.98916147077676,1302.5641025641025,-1.0,76.04842764862879,0.32346341473493206,
2023-08-12 10:35:58.145000,-6.518072289156627,-0.49397590361445787,-7.698795180722892,-0.43654199877375843,-6.27161250766401,-7.372164316370324,3.0,0.32345432345432346,3091.6266300617704,-12.750772099527996,-1.170561156109783,-21.53114620360119,1310.6227106227104,-1.0,76.04842764862879,0.3234621710067091,
2023-08-12 10:35:58.152000,-6.493975903614458,-0.5301204819277109,-7.710843373493976,-0.49540159411404044,-6.2323727774371545,-7.37952176578786,3.0,0.32345432345432346,3091.6266300617704,-13.117184313268453,-0.5446069576365006,-21.302138570013405,1318.6813186813185,-1.0,76.04842764862879,0.3234609428432664,
2023-08-12 10:35:58.160000,-6.518072289156627,-0.5542168674698795,-7.734939759036145,-0.4659717964438994,-6.256897608828939,-7.4702636419374615,3.0,0.32345432345432346,3091.6266300617704,-14.201153778917309,-0.49880543091894336,-20.584581318105005,1328.937728937729,-1.0,76.04842764862879,0.3234597311562625,
2023-08-12 10:35:58.168000,-6.518072289156627,-0.5783132530120483,-7.686746987951808,-0.510116492949111,-6.225015328019619,-7.467811158798283,3.0,0.32301032301032306,3095.8762886597933,-14.567565992657766,0.18821746984441537,-19.729619486043937,1339.194139194139,-1.0,76.04842764862879,0.32345853669832697,
2023-08-12 10:35:58.175000,-6.542168674698796,-0.5662650602409639,-7.674698795180723,-0.5469037400367872,-6.335377069282648,-7.377069282648681,3.0,0.32301032301032306,3095.8762886597933,-14.9950469086883,0.11188159198181996,-19.18000116543325,1347.985347985348,-1.0,76.04842764862879,0.32345736019864085,
2023-08-12 10:35:58.183000,-6.590361445783133,-0.5903614457831325,-7.650602409638554,-0.5861434702636419,-6.259350091968117,-7.362354383813611,3.0,0.32345432345432346,3091.6266300617704,-15.605733931589064,-0.14766039275100445,-19.02732940970806,1353.8461538461538,-1.0,76.04842764862879,0.3234562023178489,
2023-08-12 10:35:58.190000,-6.602409638554217,-0.6265060240963856,-7.674698795180723,-0.6204782342121398,-6.34763948497854,-7.450643776824034,3.0,0.32345432345432346,3091.6266300617704,-16.17061942777227,-0.8652176446594013,-19.042596585280577,1357.5091575091574,-1.0,76.04842764862879,0.3234550637839296,
2023-08-12 10:35:58.198000,-6.614457831325302,-0.6265060240963856,-7.686746987951808,-0.5616186388718577,-6.308399754751686,-7.435928877988964,3.0,0.32345432345432346,3091.6266300617704,-16.82710797739059,-1.7965153545830654,-18.783054600547754,1357.5091575091574,-1.0,76.04842764862879,0.3234539454111542,
2023-08-12 10:35:58.206000,-6.602409638554217,-0.6385542168674699,-7.686746987951808,-0.645003065603924,-6.391784181483752,-7.386879215205395,3.0,0.32345432345432346,3091.6266300617704,-17.224054542276086,-2.666744362216653,-19.18000116543325,1355.3113553113553,-1.0,76.04842764862879,0.32345284782132816,
2023-08-12 10:35:58.213000,-6.578313253012048,-0.674698795180723,-7.698795180722892,-0.6082158185162476,-6.291232372777436,-7.399141630901287,3.0,0.32345432345432346,3091.6266300617704,-17.559932404871507,-4.132393217178485,-19.68381795932638,1355.3113553113553,-1.0,76.04842764862879,0.3234517716018322,
2023-08-12 10:35:58.221000,-6.530120481927711,-0.6987951807228916,-7.698795180722892,-0.7381974248927038,-6.1931330472103,-7.4776210913549965,3.0,0.32345432345432346,3091.6266300617704,-17.712604160596698,-2.5598741332090196,-19.378474447876,1353.8461538461538,-1.0,76.04842764862879,0.3234507174323169,
2023-08-12 10:35:58.229000,-6.493975903614458,-0.6385542168674699,-7.650602409638554,-0.6033108522378908,-6.13182096873084,-7.342734518700183,3.0,0.32345432345432346,3091.6266300617704,-18.277489656779903,-3.72017947672047,-20.03496299749432,1352.3809523809523,-1.0,76.04842764862879,0.323449685934864,
2023-08-12 10:35:58.236000,-6.433734939759036,-0.6506024096385542,-7.614457831325302,-0.5959534028203556,-6.092581238503985,-7.34763948497854,3.0,0.32345432345432346,3091.6266300617704,-17.97214614532952,-3.399568789697569,-19.71435231047142,1351.6483516483515,-1.0,76.04842764862879,0.3234486776736208,
2023-08-12 10:35:58.244000,-6.385542168674699,-0.6144578313253012,-7.614457831325302,-0.5640711220110362,-6.055793991416309,-7.337829552421827,3.0,0.32345432345432346,3091.6266300617704,-18.552298817085248,-5.078958102674668,-19.805955363906534,1350.18315018315,-1.0,76.04842764862879,0.32344769301586107,
2023-08-12 10:35:58.252000,-6.397590361445784,-0.6024096385542169,-7.566265060240965,-0.5297363580625383,-6.080318822808093,-7.27161250766401,3.0,0.32345432345432346,3091.6266300617704,-18.18588660334479,-5.1247596293922255,-19.74488666161646,1347.2527472527472,-1.0,76.04842764862879,0.3234467322911041,
2023-08-12 10:35:58.259000,-6.397590361445784,-0.5542168674698795,-7.530120481927711,-0.522378908645003,-6.1367259350091965,-7.220110361741263,3.0,0.32345432345432346,3091.6266300617704,-18.18588660334479,-5.1247596293922255,-19.74488666161646,1345.7875457875457,-1.0,76.04842764862879,0.32344579578014193,
2023-08-12 10:35:58.267000,-6.409638554216868,-0.5301204819277109,-7.457831325301205,-0.38749233599019006,-6.095033721643164,-7.188228080931943,3.0,0.32345432345432346,3091.6266300617704,-18.308024007924942,-4.453003904201386,-20.080764524211876,1342.8571428571427,-1.0,76.04842764862879,0.32344488372541097,
2023-08-12 10:35:58.275000,-6.373493975903615,-0.44578313253012053,-7.445783132530121,-0.43899448191293683,-6.05334150827713,-7.148988350705088,3.0,0.32345432345432346,3091.6266300617704,-18.872909504108147,-4.254530621758638,-20.798321776120275,1336.9963369963368,-1.0,76.04842764862879,0.32344399645931154,
2023-08-12 10:35:58.282000,-6.373493975903615,-0.4096385542168675,-7.421686746987953,-0.34334763948497854,-6.097486204782342,-7.148988350705088,3.0,0.32345432345432346,3091.6266300617704,-18.720237748382957,-4.208729095041081,-21.286871394440883,1328.937728937729,-1.0,76.04842764862879,0.32344313425598215,
2023-08-12 10:35:58.290000,-6.385542168674699,-0.3734939759036145,-7.421686746987953,-0.33353770692826484,-6.198038013488657,-7.161250766400981,3.0,0.32301032301032306,3095.8762886597933,-18.460695763650133,-5.399568789697569,-21.882291241769128,1320.14652014652,-1.0,76.04842764862879,0.32344229733252666,
2023-08-12 10:35:58.298000,-6.409638554216868,-0.3855421686746988,-7.433734939759036,-0.31882280809319435,-6.1367259350091965,-7.1293684855916615,3.0,0.32345432345432346,3091.6266300617704,-18.552298817085248,-6.544606957636501,-21.454810325738595,1313.5531135531135,-1.0,76.04842764862879,0.3234414857010977,
2023-08-12 10:35:58.305000,-6.433734939759036,-0.39759036144578314,-7.409638554216868,-0.34334763948497854,-6.200490496627835,-7.092581238503985,3.0,0.32345432345432346,3091.6266300617704,-18.15535225219975,-5.949187110308256,-21.74488666161646,1308.4249084249084,-1.0,76.04842764862879,0.3234406991590811,
2023-08-12 10:35:58.313000,-6.433734939759036,-0.3373493975903615,-7.373493975903615,-0.23053341508277128,-6.188228080931943,-7.08522378908645,3.0,0.32345432345432346,3091.6266300617704,-18.216420954489827,-4.865217644659401,-21.500611852456153,1304.7619047619046,-1.0,76.04842764862879,0.32343993760881085,
2023-08-12 10:35:58.321000,-6.457831325301205,-0.28915662650602414,-7.349397590361447,-0.27467811158798283,-6.2029429797670135,-7.080318822808093,3.0,0.32301032301032306,3095.8762886597933,-17.621001107161582,-4.300332148476195,-21.83648971505157,1301.098901098901,-1.0,76.04842764862879,0.32343920104801693,
2023-08-12 10:35:58.328000,-6.481927710843374,-0.26506024096385544,-7.337349397590362,-0.17167381974248927,-6.215205395462906,-7.045984058859595,3.0,0.32345432345432346,3091.6266300617704,-17.773672862886773,-3.4148359652700884,-22.18763475321951,1298.9010989010987,-1.0,76.04842764862879,0.3234384894118861,
2023-08-12 10:35:58.336000,-6.518072289156627,-0.2530120481927711,-7.313253012048193,-0.17167381974248927,-6.244635193133047,-7.014101778050276,3.0,0.32345432345432346,3091.6266300617704,-17.69733698502418,-3.781248179010546,-22.233436279937067,1294.5054945054944,-1.0,76.04842764862879,0.32343780254336174,
2023-08-12 10:35:58.344000,-6.55421686746988,-0.2530120481927711,-7.325301204819278,-0.18393623543838136,-6.301042305334151,-7.016554261189454,3.0,0.32345432345432346,3091.6266300617704,-17.025581259833338,-3.5980420721403172,-22.279237806654624,1290.10989010989,-1.0,76.04842764862879,0.3234371402265782,
2023-08-12 10:35:58.351000,-6.578313253012048,-0.24096385542168675,-7.301204819277109,-0.11281422440220723,-6.310852237890864,-7.004291845493562,3.0,0.32345432345432346,3091.6266300617704,-16.65916904609288,-3.017889400384592,-22.17236757764699,1287.179487179487,-1.0,76.04842764862879,0.32343650206047325,
2023-08-12 10:35:58.359000,-6.578313253012048,-0.20481927710843376,-7.325301204819278,-0.14714898835070508,-6.318209687308399,-7.021459227467811,3.0,0.32345432345432346,3091.6266300617704,-16.582833168230284,-2.3155993240487143,-21.6990851348989,1285.7142857142856,-1.0,76.04842764862879,0.32343588748107227,
2023-08-12 10:35:58.367000,-6.578313253012048,-0.18072289156626506,-7.313253012048193,-0.16922133660331085,-6.364806866952789,-7.016554261189454,3.0,0.32345432345432346,3091.6266300617704,-16.292756832352424,-1.8423168813006228,-21.470077501311113,1287.179487179487,-1.0,76.04842764862879,0.3234352960502168,
2023-08-12 10:35:58.374000,-6.590361445783133,-0.18072289156626506,-7.2771084337349405,-0.18638871857755976,-6.313304721030042,-7.016554261189454,3.0,0.32345432345432346,3091.6266300617704,-15.880543091894408,-1.7659810034380272,-20.783054600547754,1284.9816849816848,-1.0,76.04842764862879,0.32343472743614193,
2023-08-12 10:35:58.382000,-6.55421686746988,-0.1927710843373494,-7.313253012048193,-0.134886572654813,-6.357449417535254,-6.955242182709993,3.0,0.32345432345432346,3091.6266300617704,-15.040848435405858,-1.7201794767204701,-20.477711089097372,1283.5164835164835,-1.0,76.04842764862879,0.32343418126670637,
2023-08-12 10:35:58.390000,-6.566265060240964,-0.21686746987951808,-7.313253012048193,-0.11281422440220723,-6.276517473942366,-6.979767014101777,3.0,0.32345432345432346,3091.6266300617704,-14.979779733115782,-1.4301031408426075,-19.118932463143175,1282.7838827838827,-1.0,76.04842764862879,0.32343365713197575,
2023-08-12 10:35:58.397000,-6.55421686746988,-0.22891566265060243,-7.289156626506024,-0.14224402207234824,-6.330472103004292,-7.021459227467811,3.0,0.32301032301032306,3095.8762886597933,-14.384359885787537,-0.804148942369325,-18.21816910436455,1283.5164835164835,-1.0,76.04842764862879,0.3234331544481034,
2023-08-12 10:35:58.405000,-6.566265060240964,-0.20481927710843376,-7.289156626506024,-0.17412630288166767,-6.315757204169221,-6.979767014101777,3.0,0.32345432345432346,3091.6266300617704,-13.559932404871507,-0.16292756832352354,-17.39374162344852,1282.7838827838827,-1.0,76.04842764862879,0.3234326724698366,
2023-08-12 10:35:58.413000,-6.578313253012048,-0.24096385542168675,-7.301204819277109,-0.17167381974248927,-6.320662170447577,-7.014101778050276,3.0,0.32345432345432346,3091.6266300617704,-13.02558125983334,0.3866907522871635,-16.508245440242412,1283.5164835164835,-1.0,76.04842764862879,0.3234322105482443,
2023-08-12 10:35:58.420000,-6.578313253012048,-0.24096385542168675,-7.313253012048193,-0.18393623543838136,-6.377069282648681,-7.019006744328633,3.0,0.32345432345432346,3091.6266300617704,-12.704970572810439,0.8905075461802933,-15.744886661616457,1284.2490842490843,-1.0,76.04842764862879,0.323431768143272,
2023-08-12 10:35:58.428000,-6.63855421686747,-0.22891566265060243,-7.301204819277109,-0.20846106683016552,-6.374616799509503,-7.009196811771918,3.0,0.32345432345432346,3091.6266300617704,-12.216420954489827,1.3943243400734229,-15.470077501311112,1282.7838827838827,-1.0,76.04842764862879,0.32343134468772794,
2023-08-12 10:35:58.436000,-6.626506024096386,-0.22891566265060243,-7.325301204819278,-0.22808093194359289,-6.330472103004292,-6.989576946658492,3.0,0.32301032301032306,3095.8762886597933,-11.66680263387914,1.5317289202260946,-14.767787424975234,1280.5860805860805,-1.0,76.04842764862879,0.3234309395900201,
2023-08-12 10:35:58.443000,-6.614457831325302,-0.22891566265060243,-7.313253012048193,-0.18638871857755976,-6.34763948497854,-7.023911710606989,3.0,0.32345432345432346,3091.6266300617704,-11.453062175863874,1.959209836256629,-14.462443913524853,1279.120879120879,-1.0,76.04842764862879,0.32343055208759586,
2023-08-12 10:35:58.451000,-6.614457831325302,-0.26506024096385544,-7.313253012048193,-0.15450643776824033,-6.389331698344574,-7.0410790925812385,3.0,0.32301032301032306,3095.8762886597933,-10.811840801818072,2.0050113629741864,-14.477711089097372,1276.1904761904761,-1.0,76.04842764862879,0.3234301813770796,
2023-08-12 10:35:58.459000,-6.602409638554217,-0.2530120481927711,-7.325301204819278,-0.21336603310852237,-6.328019619865113,-7.036174126302881,3.0,0.32345432345432346,3091.6266300617704,-10.33855835906998,2.1882174698444152,-14.111298875356914,1275.4578754578754,-1.0,76.04842764862879,0.3234298266266137,
2023-08-12 10:35:58.466000,-6.578313253012048,-0.30120481927710846,-7.313253012048193,-0.19865113427345185,-6.264255058246475,-7.021459227467811,3.0,0.32345432345432346,3091.6266300617704,-9.529398053726469,1.8676067828215146,-14.401375211234775,1277.6556776556777,-1.0,76.04842764862879,0.3234294869670084,
2023-08-12 10:35:58.474000,-6.55421686746988,-0.30120481927710846,-7.36144578313253,-0.24770079705702022,-6.266707541385653,-7.023911710606989,3.0,0.32301032301032306,3095.8762886597933,-8.50649729036769,2.127148767554339,-14.050230173066836,1277.6556776556777,-1.0,76.04842764862879,0.3234291616531342,
2023-08-12 10:35:58.482000,-6.530120481927711,-0.3132530120481928,-7.373493975903615,-0.27467811158798283,-6.256897608828939,-7.075413856529736,3.0,0.32301032301032306,3095.8762886597933,-8.33855835906998,2.2340189965619723,-13.744886661616455,1280.5860805860805,-1.0,76.04842764862879,0.323428849778113,
2023-08-12 10:35:58.489000,-6.46987951807229,-0.3493975903614458,-7.397590361445784,-0.2158185162477008,-6.229920294297976,-7.122011036174126,3.0,0.32301032301032306,3095.8762886597933,-7.544665229298988,2.1882174698444152,-13.302138570013403,1284.2490842490843,-1.0,76.04842764862879,0.32342855025364875,
2023-08-12 10:35:58.497000,-6.457831325301205,-0.3855421686746988,-7.409638554216868,-0.35561005518087063,-6.2029429797670135,-7.065603923973022,3.0,0.32345432345432346,3091.6266300617704,-7.224054542276088,2.707301439310064,-12.783054600547754,1290.8424908424909,-1.0,76.04842764862879,0.3234282619492651,
2023-08-12 10:35:58.505000,-6.46987951807229,-0.4096385542168675,-7.421686746987953,-0.38994481912936846,-6.180870631514408,-7.122011036174126,3.0,0.32345432345432346,3091.6266300617704,-7.071382786550896,2.7989044927451787,-12.401375211234777,1295.2380952380952,-1.0,76.04842764862879,0.32342798384187244,
2023-08-12 10:35:58.512000,-6.445783132530121,-0.42168674698795183,-7.409638554216868,-0.3605150214592274,-6.126916002452483,-7.141630901287553,3.0,0.32345432345432346,3091.6266300617704,-6.308024007924942,3.3332556377833464,-11.958627119631723,1302.5641025641025,-1.0,76.04842764862879,0.32342771503770656,
2023-08-12 10:35:58.520000,-6.445783132530121,-0.44578313253012053,-7.433734939759036,-0.38994481912936846,-6.13182096873084,-7.126916002452483,3.0,0.32345432345432346,3091.6266300617704,-6.002680496474561,3.226385408775713,-11.50061185245615,1311.3553113553112,-1.0,76.04842764862879,0.32342745449638455,
2023-08-12 10:35:58.528000,-6.457831325301205,-0.43373493975903615,-7.409638554216868,-0.33108522378908645,-6.1931330472103,-7.0999386879215205,3.0,0.32345432345432346,3091.6266300617704,-5.529398053726469,2.707301439310064,-11.607482081463784,1317.9487179487178,-1.0,76.04842764862879,0.32342720119158735,
2023-08-12 10:35:58.535000,-6.457831325301205,-0.44578313253012053,-7.457831325301205,-0.42427958307786634,-6.185775597792765,-7.153893316983446,3.0,0.32345432345432346,3091.6266300617704,-5.529398053726469,2.707301439310064,-11.607482081463784,1324.5421245421244,-1.0,76.04842764862879,0.3234269542402344,
2023-08-12 10:35:58.543000,-6.457831325301205,-0.43373493975903615,-7.493975903614459,-0.3703249540159411,-6.212752912323728,-7.1931330472103,3.0,0.32301032301032306,3095.8762886597933,-4.979779733115782,2.1729502942718963,-10.950993531845464,1328.2051282051282,-1.0,76.04842764862879,0.3234267127549596,
2023-08-12 10:35:58.550000,-6.46987951807229,-0.42168674698795183,-7.518072289156627,-0.3261802575107296,-6.148988350705088,-7.2323727774371545,3.0,0.32345432345432346,3091.6266300617704,-4.84237515296311,1.6996678515238046,-10.6609171959676,1330.4029304029302,-1.0,76.04842764862879,0.3234264756966081,
2023-08-12 10:35:58.558000,-6.481927710843374,-0.42168674698795183,-7.566265060240965,-0.3531575720416922,-6.180870631514408,-7.244635193133047,3.0,0.32345432345432346,3091.6266300617704,-4.292756832352423,1.592797622516171,-10.935726356272944,1328.937728937729,-1.0,76.04842764862879,0.32342624200346703,
2023-08-12 10:35:58.566000,-6.506024096385542,-0.3855421686746988,-7.590361445783133,-0.3629675045984059,-6.2029429797670135,-7.283874923359901,3.0,0.32301032301032306,3095.8762886597933,-4.048482023192118,2.0355457141192246,-10.554046966959968,1326.7399267399267,-1.0,76.04842764862879,0.32342601061329285,
2023-08-12 10:35:58.573000,-6.457831325301205,-0.3855421686746988,-7.602409638554217,-0.3041079092581238,-6.185775597792765,-7.377069282648681,3.0,0.32301032301032306,3095.8762886597933,-3.7736728628867744,2.2034846454169346,-10.584581318105005,1321.6117216117216,-1.0,76.04842764862879,0.3234257803360817,
2023-08-12 10:35:58.581000,-6.46987951807229,-0.3855421686746988,-7.626506024096386,-0.2844880441446965,-6.1931330472103,-7.377069282648681,3.0,0.32345432345432346,3091.6266300617704,-3.4072606491463167,2.61569838587495,-10.554046966959968,1318.6813186813185,-1.0,76.04842764862879,0.3234255499615347,
2023-08-12 10:35:58.589000,-6.445783132530121,-0.3734939759036145,-7.662650602409639,-0.32127529123237275,-6.171060698957694,-7.396689147762109,3.0,0.32301032301032306,3095.8762886597933,-3.7278713361692173,2.676767088165026,-10.462443913524853,1316.4835164835165,-1.0,76.04842764862879,0.3234253183980911,
2023-08-12 10:35:58.596000,-6.421686746987952,-0.3614457831325301,-7.650602409638554,-0.35561005518087063,-6.112201103617412,-7.438381361128142,3.0,0.32301032301032306,3095.8762886597933,-3.819474389604332,3.012644950760446,-10.263970631082104,1315.018315018315,-1.0,76.04842764862879,0.32342508440690987,
2023-08-12 10:35:58.604000,-6.385542168674699,-0.4096385542168675,-7.686746987951808,-0.30901287553648066,-6.080318822808093,-7.4702636419374615,3.0,0.32301032301032306,3095.8762886597933,-4.048482023192118,2.5546296835848734,-10.034962997494318,1315.018315018315,-1.0,76.04842764862879,0.3234248466020918,
2023-08-12 10:35:58.612000,-6.325301204819278,-0.4096385542168675,-7.686746987951808,-0.41446965052115264,-6.068056407112201,-7.418761496014715,3.0,0.32301032301032306,3095.8762886597933,-3.9263446186119655,2.478293805722278,-9.66855078375386,1315.018315018315,-1.0,76.04842764862879,0.3234246035783939,
2023-08-12 10:35:58.619000,-6.301204819277109,-0.44578313253012053,-7.734939759036145,-0.4316370324954016,-5.989576946658492,-7.401594114040465,3.0,0.32301032301032306,3095.8762886597933,-3.697336985024179,1.8523396072489955,-9.210535516578288,1314.2857142857142,-1.0,76.04842764862879,0.32342435378250983,
2023-08-12 10:35:58.627000,-6.265060240963856,-0.46987951807228917,-7.72289156626506,-0.46106683016554256,-5.982219497240957,-7.519313304721029,3.0,0.32256632256632267,3100.137646249139,-3.865275916321889,1.2721869354932702,-8.874657653982869,1314.2857142857142,-1.0,76.04842764862879,0.32342409579991566,
2023-08-12 10:35:58.635000,-6.216867469879518,-0.49397590361445787,-7.771084337349398,-0.47332924586143466,-5.881667688534641,-7.516860821581851,3.0,0.32301032301032306,3095.8762886597933,-4.231688130062347,-0.0102558125983327,-8.49297826466989,1320.14652014652,-1.0,76.04842764862879,0.32342382818411586,
2023-08-12 10:35:58.642000,-6.19277108433735,-0.5180722891566265,-7.819277108433735,-0.42918454935622313,-5.896382587369711,-7.526670754138565,3.0,0.32301032301032306,3095.8762886597933,-4.674436221665401,-0.5751413087815388,-8.416642386807295,1333.3333333333333,-1.0,76.04842764862879,0.32342354943511886,
2023-08-12 10:35:58.650000,-6.168674698795181,-0.5662650602409639,-7.867469879518072,-0.5370938074800735,-5.859595340282035,-7.5364806866952785,3.0,0.32345432345432346,3091.6266300617704,-5.010314084260821,-1.2010955072548213,-7.989161470776761,1350.9157509157508,-1.0,76.04842764862879,0.32342325801992167,
2023-08-12 10:35:58.658000,-6.1807228915662655,-0.5903614457831325,-7.855421686746988,-0.627835683629675,-5.940527283874923,-7.578172900061312,3.0,0.32301032301032306,3095.8762886597933,-5.666802633879141,-1.0331565759571113,-7.9128255929141655,1374.3589743589744,-1.0,76.04842764862879,0.3234229525422537,
2023-08-12 10:35:58.665000,-6.204819277108434,-0.6385542168674699,-7.843373493975904,-0.627835683629675,-5.89883507050889,-7.556100551808706,3.0,0.32301032301032306,3095.8762886597933,-6.048482023192118,-0.8652176446594013,-7.851756890624089,1404.3956043956043,-1.0,76.04842764862879,0.3234226317428207,
2023-08-12 10:35:58.673000,-6.228915662650603,-0.6626506024096386,-7.83132530120482,-0.598405885959534,-5.938074800735745,-7.578172900061312,3.0,0.32345432345432346,3091.6266300617704,-6.537031641512729,-0.04079016374337087,-8.554046966959968,1440.2930402930401,-1.0,76.04842764862879,0.32342229405256395,
2023-08-12 10:35:58.681000,-6.27710843373494,-0.6867469879518072,-7.771084337349398,-0.6695278969957081,-5.925812385039853,-7.5144083384426725,3.0,0.32345432345432346,3091.6266300617704,-7.34619194685624,0.21875182098945356,-9.16473398986073,1482.7838827838827,-1.0,76.04842764862879,0.3234219380402679,
2023-08-12 10:35:58.688000,-6.301204819277109,-0.710843373493976,-7.771084337349398,-0.7847946045370937,-6.031269160024524,-7.4849785407725316,3.0,0.32345432345432346,3091.6266300617704,-7.880543091894408,-0.0102558125983327,-10.431909562379815,1527.4725274725274,-1.0,76.04842764862879,0.3234215625625028,
2023-08-12 10:35:58.696000,-6.301204819277109,-0.710843373493976,-7.746987951807229,-0.6499080318822807,-6.019006744328633,-7.465358675659105,3.0,0.32345432345432346,3091.6266300617704,-8.811840801818072,0.020278538546705464,-11.66855078375386,1573.6263736263736,-1.0,76.04842764862879,0.3234211664779474,
2023-08-12 10:35:58.704000,-6.349397590361446,-0.7590361445783133,-7.710843373493976,-0.6916002452483139,-6.019006744328633,-7.4114040465971796,3.0,0.32345432345432346,3091.6266300617704,-8.85764232853563,-0.9262863469494778,-12.767787424975234,1616.8498168498168,-1.0,76.04842764862879,0.32342074864998416,
2023-08-12 10:35:58.711000,-6.337349397590362,-0.8072289156626506,-7.686746987951808,-0.7480073574494175,-5.999386879215205,-7.428571428571428,3.0,0.32345432345432346,3091.6266300617704,-9.941611794184483,-1.6133092477128363,-14.157100402074471,1657.8754578754579,-1.0,76.04842764862879,0.3234203079495253,
2023-08-12 10:35:58.719000,-6.289156626506024,-0.7951807228915663,-7.686746987951808,-0.7700797057020232,-6.016554261189454,-7.435928877988964,3.0,0.32345432345432346,3091.6266300617704,-10.52176446594021,-2.620942835499096,-14.447176737952333,1694.5054945054944,827.2705078125,72.52766710934041,0.32341984325806866,
2023-08-12 10:35:58.727000,-6.265060240963856,-0.819277108433735,-7.686746987951808,-0.8019619865113427,-5.967504598405886,-7.401594114040465,3.0,0.32345432345432346,3091.6266300617704,-11.086649962123415,-3.307965736262455,-15.14946681428821,1722.3443223443223,-1.0,72.52766710934041,0.3234193534709848,
2023-08-12 10:35:58.734000,-6.216867469879518,-0.8313253012048193,-7.674698795180723,-0.7896995708154506,-5.967504598405886,-7.391784181483752,3.0,0.32345432345432346,3091.6266300617704,-11.02558125983334,-3.704912301147951,-14.676184371540119,1742.124542124542,-1.0,72.52766710934041,0.32341883750103106,
2023-08-12 10:35:58.742000,-6.228915662650603,-0.855421686746988,-7.698795180722892,-0.8142244022072348,-5.940527283874923,-7.4114040465971796,3.0,0.32345432345432346,3091.6266300617704,-11.34619194685624,-4.178194743896042,-14.477711089097372,1752.3809523809523,-1.0,72.52766710934041,0.3234182942820879,
2023-08-12 10:35:58.750000,-6.253012048192772,-0.8313253012048193,-7.674698795180723,-0.8044144696505211,-5.935622317596566,-7.438381361128142,3.0,0.32345432345432346,3091.6266300617704,-11.453062175863874,-3.8423168813006225,-14.096031699784394,1756.0439560439559,-1.0,72.52766710934041,0.3234177226343581,
2023-08-12 10:35:58.757000,-6.301204819277109,-0.7710843373493976,-7.650602409638554,-0.6768853464132434,-6.068056407112201,-7.335377069282648,3.0,0.32345432345432346,3091.6266300617704,-12.094283549909674,-3.38430161412505,-13.241069867723326,1750.18315018315,-1.0,72.52766710934041,0.32341712142765217,
2023-08-12 10:35:58.765000,-6.349397590361446,-0.746987951807229,-7.638554216867471,-0.7112201103617413,-6.090128755364806,-7.369711833231146,3.0,0.32345432345432346,3091.6266300617704,-12.659169046092881,-3.017889400384592,-12.523512615814928,1737.7289377289376,-1.0,72.52766710934041,0.32341648971334935,
2023-08-12 10:35:58.773000,-6.433734939759036,-0.710843373493976,-7.602409638554217,-0.7259350091968118,-6.198038013488657,-7.293684855916615,3.0,0.32345432345432346,3091.6266300617704,-12.52176446594021,-2.590408484354058,-12.294504982227142,1721.6117216117216,-1.0,72.52766710934041,0.32341582657982965,
2023-08-12 10:35:58.780000,-6.493975903614458,-0.6867469879518072,-7.530120481927711,-0.6253832004904966,-6.23973022685469,-7.200490496627835,3.0,0.32301032301032306,3095.8762886597933,-12.445428588077615,-2.5446069576365007,-12.447176737952333,1701.098901098901,-1.0,72.52766710934041,0.32341513115736364,
2023-08-12 10:35:58.788000,-6.518072289156627,-0.6385542168674699,-7.518072289156627,-0.5567136725935009,-6.308399754751686,-7.229920294297976,3.0,0.32345432345432346,3091.6266300617704,-12.552298817085248,-2.6514771866441342,-12.691451547112639,1679.120879120879,-1.0,72.52766710934041,0.3234144026126003,
2023-08-12 10:35:58.796000,-6.590361445783133,-0.5903614457831325,-7.46987951807229,-0.4757817290006131,-6.340282035561005,-7.217657878602084,3.0,0.32345432345432346,3091.6266300617704,-12.827107977390591,-3.04842375152963,-12.6609171959676,1657.142857142857,-1.0,72.52766710934041,0.32341364012201185,
2023-08-12 10:35:58.803000,-6.650602409638554,-0.5301204819277109,-7.46987951807229,-0.4438994481912937,-6.315757204169221,-7.1440833844267315,3.0,0.32345432345432346,3091.6266300617704,-12.460695763650133,-3.6743779500029126,-12.798321776120272,1630.7692307692307,-1.0,72.52766710934041,0.32341284290847155,
2023-08-12 10:35:58.811000,-6.63855421686747,-0.4819277108433735,-7.481927710843374,-0.45861434702636417,-6.384426732066217,-7.1931330472103,3.0,0.32345432345432346,3091.6266300617704,-12.460695763650133,-3.6743779500029126,-12.798321776120272,1604.3956043956043,-1.0,72.52766710934041,0.323412010256742,
2023-08-12 10:35:58.819000,-6.626506024096386,-0.42168674698795183,-7.457831325301205,-0.33353770692826484,-6.298589822194972,-7.188228080931943,3.0,0.32345432345432346,3091.6266300617704,-12.369092710215018,-3.903385583590699,-13.454810325738594,1578.021978021978,-1.0,72.52766710934041,0.3234111415184749,
2023-08-12 10:35:58.826000,-6.578313253012048,-0.3614457831325301,-7.445783132530121,-0.3114653586756591,-6.352544451256898,-7.156345800122624,3.0,0.32345432345432346,3091.6266300617704,-11.83474156517685,-4.422469553056348,-13.18000116543325,1550.9157509157508,-1.0,72.52766710934041,0.32341023611724234,
2023-08-12 10:35:58.834000,-6.518072289156627,-0.3373493975903615,-7.457831325301205,-0.2599632127529123,-6.247087676272225,-7.148988350705088,3.0,0.32301032301032306,3095.8762886597933,-11.300390420138683,-4.834683293514363,-13.088398111998135,1521.6117216117216,-1.0,72.52766710934041,0.32340929355357306,
2023-08-12 10:35:58.842000,-6.457831325301205,-0.28915662650602414,-7.421686746987953,-0.2673206621704476,-6.234825260576333,-7.112201103617412,3.0,0.32345432345432346,3091.6266300617704,-10.704970572810439,-4.37666802633879,-12.554046966959968,1493.040293040293,-1.0,72.52766710934041,0.32340831326067676,
2023-08-12 10:35:58.849000,-6.46987951807229,-0.2530120481927711,-7.409638554216868,-0.1226241569589209,-6.220110361741263,-7.102391171060699,3.0,0.32345432345432346,3091.6266300617704,-10.628634694947843,-4.208729095041081,-11.51587902802867,1467.3992673992673,-1.0,72.52766710934041,0.32340729473683083,
2023-08-12 10:35:58.857000,-6.421686746987952,-0.24096385542168675,-7.409638554216868,-0.12507664009809932,-6.212752912323728,-7.055793991416309,3.0,0.32345432345432346,3091.6266300617704,-9.651535458306622,-3.689645125575432,-10.721985898257676,1443.956043956044,-1.0,72.52766710934041,0.32340623770921145,
2023-08-12 10:35:58.865000,-6.433734939759036,-0.22891566265060243,-7.409638554216868,-0.1103617412630288,-6.153893316983446,-7.048436541998774,3.0,0.32301032301032306,3095.8762886597933,-9.208787366703568,-3.6438435988578743,-9.943359944059203,1421.245421245421,-1.0,72.52766710934041,0.32340514199974857,
2023-08-12 10:35:58.872000,-6.457831325301205,-0.21686746987951808,-7.36144578313253,-0.1496014714898835,-6.185775597792765,-7.033721643163703,3.0,0.32345432345432346,3091.6266300617704,-8.995046908688302,-3.017889400384592,-9.088398111998135,1398.5347985347985,-1.0,72.52766710934041,0.32340400738030894,
2023-08-12 10:35:58.880000,-6.493975903614458,-0.24096385542168675,-7.349397590361447,-0.15695892090741875,-6.215205395462906,-7.0705088902513795,3.0,0.32345432345432346,3091.6266300617704,-8.399627061360057,-2.819416117941844,-8.3403065089447,1375.8241758241757,-1.0,72.52766710934041,0.3234028337044374,
2023-08-12 10:35:58.888000,-6.518072289156627,-0.2530120481927711,-7.36144578313253,-0.21827099938687922,-6.269160024524831,-7.072961373390558,3.0,0.32345432345432346,3091.6266300617704,-7.605733931589064,-2.5446069576365007,-7.6990851348988985,1354.5787545787546,-1.0,72.52766710934041,0.3234016210704361,
2023-08-12 10:35:58.895000,-6.55421686746988,-0.24096385542168675,-7.385542168674699,-0.24034334763948498,-6.229920294297976,-7.058246474555487,3.0,0.32345432345432346,3091.6266300617704,-7.376726298001278,-1.8881184080181799,-7.638016432608822,1334.065934065934,-1.0,72.52766710934041,0.3234003696863607,
2023-08-12 10:35:58.903000,-6.590361445783133,-0.2530120481927711,-7.373493975903615,-0.1765787860208461,-6.293684855916616,-7.05334150827713,3.0,0.32345432345432346,3091.6266300617704,-6.567565992657767,-1.750713827865508,-7.973894295204242,1317.9487179487178,-1.0,72.52766710934041,0.3233990798735355,
2023-08-12 10:35:58.911000,-6.590361445783133,-0.26506024096385544,-7.373493975903615,-0.25015328019619865,-6.244635193133047,-7.028816676885346,3.0,0.32345432345432346,3091.6266300617704,-6.7049705728104385,-1.2010955072548213,-7.9128255929141655,1306.227106227106,-1.0,72.52766710934041,0.32339775206981214,
2023-08-12 10:35:58.918000,-6.530120481927711,-0.3132530120481928,-7.409638554216868,-0.24279583077866337,-6.261802575107295,-7.031269160024524,3.0,0.32345432345432346,3091.6266300617704,-6.277489656779904,-0.7583474156517678,-8.462443913524853,1299.6336996336995,-1.0,72.52766710934041,0.3233963868325468,
2023-08-12 10:35:58.926000,-6.518072289156627,-0.3614457831325301,-7.409638554216868,-0.2820355610055181,-6.2029429797670135,-7.112201103617412,3.0,0.32345432345432346,3091.6266300617704,-6.109550725482194,-0.5598741332090197,-8.370840860089737,1295.970695970696,-1.0,72.52766710934041,0.32339498484127005,
2023-08-12 10:35:58.933000,-6.457831325301205,-0.39759036144578314,-7.445783132530121,-0.3703249540159411,-6.256897608828939,-7.1440833844267315,3.0,0.32301032301032306,3095.8762886597933,-5.758405687314255,-0.8652176446594013,-8.874657653982869,1293.7728937728937,-1.0,72.52766710934041,0.3233935469000258,
2023-08-12 10:35:58.941000,-6.421686746987952,-0.42168674698795183,-7.481927710843374,-0.39239730226854685,-6.126916002452483,-7.139178418148375,3.0,0.32301032301032306,3095.8762886597933,-5.468329351436393,-0.7583474156517678,-8.721985898257676,1295.2380952380952,-1.0,72.52766710934041,0.32339207379005985,
2023-08-12 10:35:58.949000,-6.373493975903615,-0.45783132530120485,-7.530120481927711,-0.4438994481912937,-6.104843654199877,-7.274064990803188,3.0,0.32345432345432346,3091.6266300617704,-5.300390420138683,-0.8499504690868823,-8.370840860089737,1299.6336996336995,-1.0,72.52766710934041,0.32339056624955154,
2023-08-12 10:35:58.956000,-6.325301204819278,-0.5421686746987953,-7.518072289156627,-0.4659717964438994,-6.072961373390558,-7.212752912323728,3.0,0.32345432345432346,3091.6266300617704,-5.330924771283721,-0.5598741332090197,-7.989161470776761,1302.5641025641025,-1.0,72.52766710934041,0.32338902526117663,
2023-08-12 10:35:58.964000,-6.337349397590362,-0.5662650602409639,-7.55421686746988,-0.5812385039852851,-6.016554261189454,-7.293684855916615,3.0,0.32345432345432346,3091.6266300617704,-4.857642328535629,-0.5293397820639816,-7.18000116543325,1307.6923076923076,-1.0,72.52766710934041,0.32338745207290026,
2023-08-12 10:35:58.972000,-6.289156626506024,-0.6024096385542169,-7.626506024096386,-0.5150214592274678,-6.014101778050276,-7.320662170447577,3.0,0.32345432345432346,3091.6266300617704,-5.285123244566164,-0.9568206980945159,-7.34794009673096,1312.087912087912,-1.0,72.52766710934041,0.32338584805922,
2023-08-12 10:35:58.979000,-6.301204819277109,-0.6265060240963856,-7.590361445783133,-0.48068669527896996,-6.060698957694665,-7.313304721030042,3.0,0.32345432345432346,3091.6266300617704,-5.02558125983334,-0.3766680263387907,-6.920459180700425,1316.4835164835165,-1.0,72.52766710934041,0.3233842147207239,
2023-08-12 10:35:58.987000,-6.325301204819278,-0.674698795180723,-7.602409638554217,-0.6057633353770693,-6.028816676885346,-7.330472103004292,3.0,0.32345432345432346,3091.6266300617704,-5.391993473573797,-0.5904084843540579,-6.920459180700425,1320.8791208791208,-1.0,72.52766710934041,0.32338255368320584,
2023-08-12 10:35:58.995000,-6.36144578313253,-0.710843373493976,-7.638554216867471,-0.6989576946658491,-6.036174126302881,-7.406499080318822,3.0,0.32301032301032306,3095.8762886597933,-5.880543091894408,-0.5140726064914625,-7.210535516578288,1324.5421245421244,-1.0,72.52766710934041,0.32338086669632693,
2023-08-12 10:35:59.002000,-6.349397590361446,-0.746987951807229,-7.674698795180723,-0.7185775597792765,-6.090128755364806,-7.428571428571428,3.0,0.32345432345432346,3091.6266300617704,-6.323291183497462,-0.39193520191130976,-7.50061185245615,1325.2747252747251,-1.0,72.52766710934041,0.3233791554825247,
2023-08-12 10:35:59.010000,-6.397590361445784,-0.783132530120482,-7.650602409638554,-0.7210300429184548,-6.097486204782342,-7.386879215205395,3.0,0.32345432345432346,3091.6266300617704,-6.781306450673034,-0.34613367519375254,-8.67618437154012,1325.2747252747251,-1.0,72.52766710934041,0.32337742186216845,
2023-08-12 10:35:59.018000,-6.397590361445784,-0.8072289156626506,-7.698795180722892,-0.7774371551195585,-6.05334150827713,-7.4408338442673205,3.0,0.32301032301032306,3095.8762886597933,-7.315657595711202,-0.04079016374337087,-9.531146203601189,1323.8095238095236,-1.0,72.52766710934041,0.32337566790976974,
2023-08-12 10:35:59.025000,-6.397590361445784,-0.7951807228915663,-7.710843373493976,-0.7112201103617413,-6.08522378908645,-7.4408338442673205,3.0,0.32345432345432346,3091.6266300617704,-7.788940038459294,0.2798205232795299,-10.294504982227142,1317.9487179487178,-1.0,72.52766710934041,0.3233738956625571,
2023-08-12 10:35:59.033000,-6.385542168674699,-0.783132530120482,-7.674698795180723,-0.8166768853464133,-6.075413856529736,-7.443286327406499,3.0,0.32301032301032306,3095.8762886597933,-8.598100343802805,-0.07132451488840903,-11.409008799021036,1312.087912087912,-1.0,72.52766710934041,0.323372107244056,
2023-08-12 10:35:59.041000,-6.385542168674699,-0.7951807228915663,-7.698795180722892,-0.7970570202329859,-6.068056407112201,-7.435928877988964,3.0,0.32345432345432346,3091.6266300617704,-9.208787366703568,-0.1934619194685617,-11.973894295204241,1309.89010989011,-1.0,72.52766710934041,0.3233703048694441,
2023-08-12 10:35:59.048000,-6.385542168674699,-0.8313253012048193,-7.686746987951808,-0.7946045370938074,-6.055793991416309,-7.428571428571428,3.0,0.32301032301032306,3095.8762886597933,-9.69733698502418,-0.8346832935143632,-13.057863760853097,1310.6227106227104,-1.0,72.52766710934041,0.32336849082930336,
2023-08-12 10:35:59.056000,-6.409638554216868,-0.8313253012048193,-7.710843373493976,-0.8461066830165542,-6.153893316983446,-7.475168608215818,3.0,0.32345432345432346,3091.6266300617704,-10.628634694947843,-1.7812481790105463,-13.561680554746227,1312.087912087912,-1.0,72.52766710934041,0.32336666749392334,
2023-08-12 10:35:59.064000,-6.421686746987952,-0.8433734939759037,-7.72289156626506,-0.8068669527896996,-6.082771305947271,-7.521765787860208,3.0,0.32345432345432346,3091.6266300617704,-11.086649962123415,-2.590408484354058,-13.958627119631723,1315.018315018315,-1.0,72.52766710934041,0.32336483729603754,
2023-08-12 10:35:59.071000,-6.433734939759036,-0.8313253012048193,-7.734939759036145,-0.8559166155732679,-6.1440833844267315,-7.4996934396076025,3.0,0.32301032301032306,3095.8762886597933,-11.66680263387914,-3.0331565759571113,-13.928092768486685,1319.4139194139193,-1.0,72.52766710934041,0.3233630028834442,
2023-08-12 10:35:59.079000,-6.46987951807229,-0.8674698795180723,-7.734939759036145,-0.7995095033721643,-6.134273451870018,-7.460453709380747,3.0,0.32345432345432346,3091.6266300617704,-12.3538255346425,-3.2926985606899355,-14.386108035662257,1325.2747252747251,-1.0,72.52766710934041,0.3233611668241022,
2023-08-12 10:35:59.087000,-6.46987951807229,-0.8674698795180723,-7.674698795180723,-0.8534641324340895,-6.190680564071122,-7.453096259963212,3.0,0.32301032301032306,3095.8762886597933,-12.827107977390591,-3.5827748965677984,-14.99679505856302,1327.4725274725274,-1.0,72.52766710934041,0.32335933172635634,
2023-08-12 10:35:59.094000,-6.46987951807229,-0.8795180722891567,-7.674698795180723,-0.8093194359288779,-6.153893316983446,-7.391784181483752,3.0,0.32301032301032306,3095.8762886597933,-12.827107977390591,-3.5827748965677984,-14.99679505856302,1328.937728937729,-1.0,72.52766710934041,0.3233575003798367,
2023-08-12 10:35:59.102000,-6.481927710843374,-0.8915662650602411,-7.590361445783133,-0.8559166155732679,-6.200490496627835,-7.323114653586757,3.0,0.32301032301032306,3095.8762886597933,-13.68206980945166,-4.086591690460928,-15.561680554746227,1329.6703296703297,-1.0,72.52766710934041,0.32335567542775134,
2023-08-12 10:35:59.110000,-6.457831325301205,-0.8915662650602411,-7.55421686746988,-0.8976088289393009,-6.126916002452483,-7.328019619865113,3.0,0.32345432345432346,3091.6266300617704,-14.292756832352422,-4.254530621758638,-16.157100402074473,1331.135531135531,-1.0,72.52766710934041,0.3233538593681491,
2023-08-12 10:35:59.117000,-6.433734939759036,-0.8795180722891567,-7.530120481927711,-0.851011649294911,-6.13182096873084,-7.2323727774371545,3.0,0.32345432345432346,3091.6266300617704,-15.422527824718836,-4.2239962706136,-16.52351261581493,1331.8681318681317,-1.0,72.52766710934041,0.32335205484204854,
2023-08-12 10:35:59.125000,-6.421686746987952,-0.8795180722891567,-7.493975903614459,-0.8755364806866952,-6.082771305947271,-7.217657878602084,3.0,0.32345432345432346,3091.6266300617704,-16.124817901054712,-4.666744362216654,-17.0578637608531,1332.6007326007325,-1.0,72.52766710934041,0.3233502646445169,
2023-08-12 10:35:59.133000,-6.373493975903615,-0.8915662650602411,-7.46987951807229,-0.8779889638258737,-6.043531575720417,-7.190680564071122,3.0,0.32345432345432346,3091.6266300617704,-16.796573626245554,-4.6820115377891725,-17.775421012761495,1332.6007326007325,-1.0,72.52766710934041,0.32334849157651774,
2023-08-12 10:35:59.140000,-6.349397590361446,-0.8915662650602411,-7.481927710843374,-0.9025137952176578,-6.03862660944206,-7.175965665236051,3.0,0.32345432345432346,3091.6266300617704,-17.224054542276086,-4.666744362216654,-17.973894295204243,1328.2051282051282,-1.0,72.52766710934041,0.3233467384354552,
2023-08-12 10:35:59.148000,-6.313253012048193,-0.9156626506024097,-7.46987951807229,-0.86817903126916,-5.965052115266707,-7.188228080931943,3.0,0.32345432345432346,3091.6266300617704,-17.559932404871507,-4.55987413320902,-18.37084086008974,1321.6117216117216,-1.0,72.52766710934041,0.32334500800570826,
2023-08-12 10:35:59.156000,-6.27710843373494,-0.9277108433734941,-7.481927710843374,-0.8902513795217657,-5.967504598405886,-7.14653586756591,3.0,0.32345432345432346,3091.6266300617704,-17.804207214031813,-4.804148942369324,-18.55404696695997,1312.8205128205127,-1.0,72.52766710934041,0.3233433030492039,
2023-08-12 10:35:59.163000,-6.253012048192772,-0.9277108433734941,-7.421686746987953,-0.8338442673206621,-5.99202942979767,-7.119558553034947,3.0,0.32345432345432346,3091.6266300617704,-17.651535458306622,-4.5751413087815385,-18.35557368451722,1301.8315018315018,-1.0,72.52766710934041,0.32334162629607377,
2023-08-12 10:35:59.171000,-6.228915662650603,-0.9277108433734941,-7.409638554216868,-0.8338442673206621,-5.947884733292458,-7.102391171060699,3.0,0.32345432345432346,3091.6266300617704,-17.865275916321888,-4.71254588893421,-17.86702406619661,1292.3076923076922,-1.0,72.52766710934041,0.32333998043544027,
2023-08-12 10:35:59.179000,-6.240963855421687,-0.9036144578313253,-7.397590361445784,-0.8877988963825874,-5.935622317596566,-7.126916002452483,3.0,0.32301032301032306,3095.8762886597933,-17.712604160596698,-4.2392634461861185,-18.080764524211876,1282.7838827838827,-1.0,72.52766710934041,0.3233383681063777,
2023-08-12 10:35:59.186000,-6.253012048192772,-0.8795180722891567,-7.36144578313253,-0.838749233599019,-5.93071735131821,-7.109748620478234,3.0,0.32345432345432346,3091.6266300617704,-17.804207214031813,-3.6743779500029126,-18.462443913524854,1273.260073260073,-1.0,72.52766710934041,0.323336791739797,
2023-08-12 10:35:59.194000,-6.301204819277109,-0.8795180722891567,-7.349397590361447,-0.8779889638258737,-6.072961373390558,-7.048436541998774,3.0,0.32345432345432346,3091.6266300617704,-17.712604160596698,-3.21636268282734,-18.309772157799664,1266.6666666666665,-1.0,72.52766710934041,0.3233352536773049,
2023-08-12 10:35:59.202000,-6.337349397590362,-0.8674698795180723,-7.36144578313253,-0.838749233599019,-6.072961373390558,-7.0778663396689145,3.0,0.32345432345432346,3091.6266300617704,-17.605733931589064,-2.8652176446594013,-19.317405745585923,1262.2710622710622,-1.0,72.52766710934041,0.32333375632188643,
2023-08-12 10:35:59.209000,-6.385542168674699,-0.855421686746988,-7.349397590361447,-0.7921520539546291,-6.036174126302881,-7.065603923973022,3.0,0.32301032301032306,3095.8762886597933,-17.529398053726467,-2.575141308781539,-19.71435231047142,1260.07326007326,-1.0,72.52766710934041,0.32333230199105684,
2023-08-12 10:35:59.217000,-6.433734939759036,-0.8313253012048193,-7.337349397590362,-0.7946045370938074,-6.153893316983446,-7.0705088902513795,3.0,0.32345432345432346,3091.6266300617704,-17.941611794184485,-1.8575840568731419,-20.55404696695997,1263.003663003663,-1.0,72.52766710934041,0.3233308927598609,
2023-08-12 10:35:59.225000,-6.481927710843374,-0.783132530120482,-7.385542168674699,-0.8264868179031268,-6.1661557326793375,-7.092581238503985,3.0,0.32345432345432346,3091.6266300617704,-17.926344618611964,-1.521706194277722,-21.454810325738595,1269.5970695970695,-1.0,72.52766710934041,0.32332953071976034,
2023-08-12 10:35:59.232000,-6.506024096385542,-0.7951807228915663,-7.445783132530121,-0.8240343347639485,-6.200490496627835,-7.163703249540159,3.0,0.32345432345432346,3091.6266300617704,-18.15535225219975,-1.2468970339723784,-22.431909562379815,1278.3882783882782,-1.0,72.52766710934041,0.323328217971627,
2023-08-12 10:35:59.240000,-6.493975903614458,-0.7590361445783133,-7.445783132530121,-0.6965052115266707,-6.291232372777436,-7.097486204782342,3.0,0.32301032301032306,3095.8762886597933,-18.04848202319212,-1.0636909271021495,-22.950993531845466,1289.3772893772893,-1.0,72.52766710934041,0.3233269563528763,
2023-08-12 10:35:59.248000,-6.542168674698796,-0.7349397590361446,-7.46987951807229,-0.7234825260576333,-6.247087676272225,-7.163703249540159,3.0,0.32301032301032306,3095.8762886597933,-17.865275916321888,-1.4911718431326837,-23.393741623448516,1300.3663003663003,-1.0,72.52766710934041,0.3233257475700516,
2023-08-12 10:35:59.255000,-6.542168674698796,-0.710843373493976,-7.493975903614459,-0.657265481299816,-6.27161250766401,-7.212752912323728,3.0,0.32345432345432346,3091.6266300617704,-18.18588660334479,-1.8423168813006228,-23.317405745585923,1310.6227106227104,-1.0,72.52766710934041,0.32332459301222044,
2023-08-12 10:35:59.263000,-6.578313253012048,-0.6626506024096386,-7.518072289156627,-0.6499080318822807,-6.281422440220723,-7.244635193133047,3.0,0.32345432345432346,3091.6266300617704,-18.445428588077615,-2.025522988170852,-23.592214905891264,1320.8791208791208,-1.0,72.52766710934041,0.32332349390471316,
2023-08-12 10:35:59.271000,-6.602409638554217,-0.6265060240963856,-7.493975903614459,-0.5444512568976088,-6.301042305334151,-7.222562844880441,3.0,0.32301032301032306,3095.8762886597933,-18.47596293922265,-2.3003321484761954,-23.302138570013405,1328.2051282051282,-1.0,72.52766710934041,0.3233224514738395,
2023-08-12 10:35:59.278000,-6.614457831325302,-0.6024096385542169,-7.506024096385542,-0.5419987737584304,-6.303494788473329,-7.227467811158798,3.0,0.32345432345432346,3091.6266300617704,-18.62863469494784,-2.05605733931589,-22.737253073830196,1333.3333333333333,-1.0,72.52766710934041,0.32332146665454575,
2023-08-12 10:35:59.286000,-6.614457831325302,-0.5421686746987953,-7.518072289156627,-0.4904966278356836,-6.401594114040465,-7.227467811158798,3.0,0.32301032301032306,3095.8762886597933,-18.65916904609288,-2.5598741332090196,-23.103665287570657,1336.263736263736,-1.0,72.52766710934041,0.3233205402142172,
2023-08-12 10:35:59.294000,-6.626506024096386,-0.5060240963855422,-7.46987951807229,-0.43408951563458,-6.357449417535254,-7.200490496627835,3.0,0.32301032301032306,3095.8762886597933,-19.269856068993644,-3.0942252782471877,-22.752520249402718,1339.194139194139,-1.0,72.52766710934041,0.32331967275941076,
2023-08-12 10:35:59.301000,-6.650602409638554,-0.46987951807228917,-7.506024096385542,-0.4071122011036174,-6.354996934396076,-7.215205395462906,3.0,0.32345432345432346,3091.6266300617704,-19.36145912242876,-3.5827748965677984,-22.85939047841035,1338.4615384615383,-1.0,72.52766710934041,0.3233188645728543,
2023-08-12 10:35:59.309000,-6.63855421686747,-0.45783132530120485,-7.46987951807229,-0.3629675045984059,-6.386879215205395,-7.175965665236051,3.0,0.32301032301032306,3095.8762886597933,-19.83474156517685,-3.918652759163218,-22.386108035662257,1334.7985347985348,-1.0,72.52766710934041,0.32331811589817155,
2023-08-12 10:35:59.316000,-6.63855421686747,-0.44578313253012053,-7.481927710843374,-0.3825873697118332,-6.401594114040465,-7.185775597792765,3.0,0.32301032301032306,3095.8762886597933,-20.292756832352424,-3.88811840801818,-22.49297826466989,1331.8681318681317,-1.0,72.52766710934041,0.3233174268097155,
2023-08-12 10:35:59.324000,-6.614457831325302,-0.44578313253012053,-7.481927710843374,-0.37522992029429797,-6.364806866952789,-7.2029429797670135,3.0,0.32301032301032306,3095.8762886597933,-20.460695763650133,-3.4453703164151266,-22.3403065089447,1328.937728937729,-1.0,72.52766710934041,0.32331679705146743,
2023-08-12 10:35:59.332000,-6.626506024096386,-0.4096385542168675,-7.445783132530121,-0.34580012262415694,-6.384426732066217,-7.175965665236051,3.0,0.32301032301032306,3095.8762886597933,-20.613367519375323,-3.521706194277722,-22.889924829555387,1326.7399267399267,-1.0,72.52766710934041,0.3233162261744065,
2023-08-12 10:35:59.339000,-6.602409638554217,-0.3855421686746988,-7.445783132530121,-0.3850398528510116,-6.264255058246475,-7.124463519313304,3.0,0.32301032301032306,3095.8762886597933,-20.81184080181807,-3.567507720995279,-22.477711089097372,1325.2747252747251,-1.0,72.52766710934041,0.3233157135357327,
2023-08-12 10:35:59.347000,-6.578313253012048,-0.4096385542168675,-7.433734939759036,-0.34334763948497854,-6.352544451256898,-7.126916002452483,3.0,0.32345432345432346,3091.6266300617704,-20.766039275100514,-3.2926985606899355,-22.462443913524854,1320.8791208791208,-1.0,72.52766710934041,0.32331525829869745,
2023-08-12 10:35:59.355000,-6.578313253012048,-0.39759036144578314,-7.433734939759036,-0.299202942979767,-6.296137339055794,-7.134273451870018,3.0,0.32345432345432346,3091.6266300617704,-20.766039275100514,-3.0331565759571113,-22.431909562379815,1317.216117216117,-1.0,72.52766710934041,0.32331485958234146,
2023-08-12 10:35:59.362000,-6.590361445783133,-0.39759036144578314,-7.397590361445784,-0.34334763948497854,-6.288779889638258,-7.1293684855916615,3.0,0.32301032301032306,3095.8762886597933,-21.13245148884097,-2.819416117941844,-22.615115669250045,1314.2857142857142,-1.0,72.52766710934041,0.32331451648442944,
2023-08-12 10:35:59.370000,-6.566265060240964,-0.39759036144578314,-7.385542168674699,-0.3727774371551195,-6.269160024524831,-7.13182096873084,3.0,0.32345432345432346,3091.6266300617704,-21.13245148884097,-2.819416117941844,-22.615115669250045,1312.087912087912,-1.0,72.52766710934041,0.32331422779676866,
2023-08-12 10:35:59.378000,-6.566265060240964,-0.3855421686746988,-7.397590361445784,-0.3237277743715512,-6.303494788473329,-7.090128755364806,3.0,0.32345432345432346,3091.6266300617704,-21.101917137695935,-2.5140726064914625,-22.767787424975236,1312.087912087912,-1.0,72.52766710934041,0.3233139921367848,
2023-08-12 10:35:59.385000,-6.542168674698796,-0.3734939759036145,-7.349397590361447,-0.2918454935622317,-6.242182709993869,-7.104843654199877,3.0,0.32345432345432346,3091.6266300617704,-20.949245381970744,-2.834683293514363,-22.538779791387448,1315.7509157509157,-1.0,72.52766710934041,0.323313808111403,
2023-08-12 10:35:59.393000,-6.518072289156627,-0.3734939759036145,-7.313253012048193,-0.34580012262415694,-6.23973022685469,-7.023911710606989,3.0,0.32301032301032306,3095.8762886597933,-20.32329118349746,-2.468271079773905,-22.55404696695997,1318.6813186813185,-1.0,72.52766710934041,0.3233136741838189,
2023-08-12 10:35:59.401000,-6.518072289156627,-0.39759036144578314,-7.313253012048193,-0.3507050889025138,-6.283874923359901,-6.960147148988351,3.0,0.32301032301032306,3095.8762886597933,-20.369092710215018,-2.9110191713769584,-22.294504982227142,1324.5421245421244,-1.0,72.52766710934041,0.32331358866922877,
2023-08-12 10:35:59.408000,-6.506024096385542,-0.3734939759036145,-7.301204819277109,-0.3041079092581238,-6.28632740649908,-7.016554261189454,3.0,0.32345432345432346,3091.6266300617704,-20.231688130062345,-2.666744362216653,-22.3403065089447,1335.5311355311355,-1.0,72.52766710934041,0.3233135495608222,
2023-08-12 10:35:59.416000,-6.481927710843374,-0.3855421686746988,-7.337349397590362,-0.35806253832004903,-6.261802575107295,-6.996934396076027,3.0,0.32345432345432346,3091.6266300617704,-19.81947438960433,-2.6056756599265767,-22.20290192879203,1353.113553113553,-1.0,72.52766710934041,0.3233135546962203,
2023-08-12 10:35:59.424000,-6.518072289156627,-0.3855421686746988,-7.313253012048193,-0.4095646842427958,-6.249540159411404,-7.043531575720417,3.0,0.32301032301032306,3095.8762886597933,-20.00268049647456,-2.3155993240487143,-21.928092768486685,1377.2893772893772,-1.0,72.52766710934041,0.323313601934934,
2023-08-12 10:35:59.431000,-6.493975903614458,-0.3734939759036145,-7.325301204819278,-0.33108522378908645,-6.227467811158798,-7.0410790925812385,3.0,0.32345432345432346,3091.6266300617704,-19.636268282734104,-1.8881184080181799,-22.263970631082106,1407.3260073260071,-1.0,72.52766710934041,0.32331368887874734,
2023-08-12 10:35:59.439000,-6.481927710843374,-0.3734939759036145,-7.289156626506024,-0.31882280809319435,-6.291232372777436,-7.004291845493562,3.0,0.32345432345432346,3091.6266300617704,-19.208787366703568,-1.4301031408426075,-22.126566050929434,1441.7582417582416,-1.0,72.52766710934041,0.32331381300816897,
2023-08-12 10:35:59.447000,-6.506024096385542,-0.3855421686746988,-7.2771084337349405,-0.4316370324954016,-6.266707541385653,-6.996934396076027,3.0,0.32345432345432346,3091.6266300617704,-18.84237515296311,-1.0636909271021495,-21.821222539479052,1480.5860805860805,-1.0,72.52766710934041,0.3233139718509711,
2023-08-12 10:35:59.454000,-6.506024096385542,-0.3855421686746988,-7.265060240963856,-0.3139178418148375,-6.237277743715512,-6.982219497240956,3.0,0.32301032301032306,3095.8762886597933,-18.735504923955475,-0.7583474156517678,-21.729619486043937,1523.0769230769229,-1.0,72.52766710934041,0.3233141628533866,
2023-08-12 10:35:59.462000,-6.518072289156627,-0.39759036144578314,-7.2771084337349405,-0.33353770692826484,-6.303494788473329,-7.014101778050276,3.0,0.32345432345432346,3091.6266300617704,-18.262222481207385,-0.9110191713769586,-21.74488666161646,1567.7655677655678,-1.0,72.52766710934041,0.3233143832412497,
2023-08-12 10:35:59.470000,-6.518072289156627,-0.4096385542168675,-7.289156626506024,-0.33353770692826484,-6.237277743715512,-7.055793991416309,3.0,0.32345432345432346,3091.6266300617704,-17.83474156517685,-0.8652176446594013,-21.607482081463786,1613.186813186813,-1.0,72.52766710934041,0.3233146301582951,
2023-08-12 10:35:59.477000,-6.506024096385542,-0.4096385542168675,-7.325301204819278,-0.3678724708767627,-6.25444512568976,-7.019006744328633,3.0,0.32345432345432346,3091.6266300617704,-17.269856068993644,-0.8499504690868823,-21.409008799021038,1659.3406593406592,-1.0,72.52766710934041,0.3233149008363737,
2023-08-12 10:35:59.485000,-6.518072289156627,-0.42168674698795183,-7.325301204819278,-0.35806253832004903,-6.212752912323728,-7.092581238503985,3.0,0.32345432345432346,3091.6266300617704,-16.933978206398223,-1.353767262980012,-20.920459180700426,1699.6336996336995,-1.0,72.52766710934041,0.32331519246814067,
2023-08-12 10:35:59.493000,-6.530120481927711,-0.43373493975903615,-7.349397590361447,-0.4071122011036174,-6.259350091968117,-7.082771305947271,3.0,0.32345432345432346,3091.6266300617704,-16.781306450673032,-1.2163626828273404,-20.752520249402718,1732.6007326007325,-1.0,72.52766710934041,0.3233155022187944,
2023-08-12 10:35:59.500000,-6.506024096385542,-0.45783132530120485,-7.36144578313253,-0.41446965052115264,-6.291232372777436,-7.1735131820968725,3.0,0.32345432345432346,3091.6266300617704,-16.15535225219975,-1.0636909271021495,-20.645650020395085,1757.5091575091574,-1.0,72.52766710934041,0.32331582723805863,
2023-08-12 10:35:59.508000,-6.542168674698796,-0.46987951807228917,-7.421686746987953,-0.42918454935622313,-6.227467811158798,-7.161250766400981,3.0,0.32345432345432346,3091.6266300617704,-16.033214847619597,-1.170561156109783,-20.37084086008974,1773.6263736263736,-1.0,72.52766710934041,0.3233161646723612,
2023-08-12 10:35:59.516000,-6.55421686746988,-0.4819277108433735,-7.421686746987953,-0.4537093807480073,-6.325567136725935,-7.163703249540159,3.0,0.32345432345432346,3091.6266300617704,-16.094283549909676,-1.0484237515296304,-20.126566050929434,1781.6849816849815,-1.0,72.52766710934041,0.3233165116771404,
2023-08-12 10:35:59.523000,-6.566265060240964,-0.49397590361445787,-7.421686746987953,-0.48313917841814835,-6.283874923359901,-7.139178418148375,3.0,0.32345432345432346,3091.6266300617704,-15.743138511741735,-0.5598741332090197,-20.03496299749432,1783.150183150183,-1.0,72.52766710934041,0.32331686542923144,
2023-08-12 10:35:59.531000,-6.590361445783133,-0.49397590361445787,-7.433734939759036,-0.39975475168608215,-6.310852237890864,-7.161250766400981,3.0,0.32345432345432346,3091.6266300617704,-15.83474156517685,-0.3766680263387907,-19.943359944059203,1777.2893772893772,834.930419921875,71.86227566797032,0.3233172231392664,
2023-08-12 10:35:59.539000,-6.614457831325302,-0.49397590361445787,-7.445783132530121,-0.5248313917841815,-6.313304721030042,-7.205395462906192,3.0,0.32345432345432346,3091.6266300617704,-16.079016374337154,-0.39193520191130976,-20.447176737952336,1763.3699633699632,-1.0,71.86227566797032,0.3233175820640318,
2023-08-12 10:35:59.546000,-6.614457831325302,-0.5180722891566265,-7.457831325301205,-0.4512568976088289,-6.310852237890864,-7.188228080931943,3.0,0.32301032301032306,3095.8762886597933,-15.911077443039446,-0.3614008507662716,-20.37084086008974,1740.6593406593406,-1.0,71.86227566797032,0.32331793951872256,
2023-08-12 10:35:59.554000,-6.578313253012048,-0.5180722891566265,-7.445783132530121,-0.48313917841814835,-6.27161250766401,-7.244635193133047,3.0,0.32345432345432346,3091.6266300617704,-16.17061942777227,-1.155293980537264,-20.599848493677527,1715.7509157509157,-1.0,71.86227566797032,0.323318292878485,
2023-08-12 10:35:59.562000,-6.602409638554217,-0.5180722891566265,-7.457831325301205,-0.46106683016554256,-6.325567136725935,-7.163703249540159,3.0,0.32345432345432346,3091.6266300617704,-16.124817901054712,-1.353767262980012,-20.3403065089447,1688.6446886446886,-1.0,71.86227566797032,0.32331863955857193,
2023-08-12 10:35:59.569000,-6.578313253012048,-0.5301204819277109,-7.46987951807229,-0.5174739423666462,-6.330472103004292,-7.229920294297976,3.0,0.32345432345432346,3091.6266300617704,-16.277489656779903,-2.05605733931589,-20.584581318105005,1658.6080586080584,-1.0,71.86227566797032,0.32331897705724855,
2023-08-12 10:35:59.577000,-6.590361445783133,-0.5542168674698795,-7.506024096385542,-0.5419987737584304,-6.337829552421827,-7.288779889638258,3.0,0.32345432345432346,3091.6266300617704,-16.109550725482194,-2.254530621758638,-20.615115669250045,1624.9084249084249,-1.0,71.86227566797032,0.3233193029771949,
2023-08-12 10:35:59.585000,-6.578313253012048,-0.5542168674698795,-7.530120481927711,-0.5493562231759657,-6.298589822194972,-7.278969957081545,3.0,0.32345432345432346,3091.6266300617704,-16.3538255346425,-2.5446069576365007,-20.21816910436455,1594.139194139194,-1.0,71.86227566797032,0.32331961503597484,
2023-08-12 10:35:59.592000,-6.55421686746988,-0.5421686746987953,-7.530120481927711,-0.5321888412017167,-6.251992642550582,-7.217657878602084,3.0,0.32345432345432346,3091.6266300617704,-16.414894236932575,-2.239263446186119,-19.912825592914167,1567.032967032967,-1.0,71.86227566797032,0.3233199110760658,
2023-08-12 10:35:59.600000,-6.55421686746988,-0.5180722891566265,-7.518072289156627,-0.5052115266707541,-6.244635193133047,-7.227467811158798,3.0,0.32345432345432346,3091.6266300617704,-16.84237515296311,-2.5140726064914625,-19.86702406619661,1543.5897435897434,-1.0,71.86227566797032,0.3233201890743999,
2023-08-12 10:35:59.608000,-6.542168674698796,-0.5542168674698795,-7.481927710843374,-0.4414469650521152,-6.256897608828939,-7.168608215818516,3.0,0.32345432345432346,3091.6266300617704,-17.025581259833338,-2.1629275683235236,-19.71435231047142,1520.8791208791208,-1.0,71.86227566797032,0.32332044715136865,
2023-08-12 10:35:59.615000,-6.530120481927711,-0.5180722891566265,-7.481927710843374,-0.45616186388718577,-6.27161250766401,-7.215205395462906,3.0,0.32345432345432346,3091.6266300617704,-16.766039275100514,-2.7583474156517678,-19.912825592914167,1499.6336996336995,-1.0,71.86227566797032,0.3233206835792489,
2023-08-12 10:35:59.623000,-6.506024096385542,-0.5180722891566265,-7.493975903614459,-0.42427958307786634,-6.215205395462906,-7.20784794604537,3.0,0.32345432345432346,3091.6266300617704,-16.84237515296311,-2.9110191713769584,-19.607482081463786,1477.6556776556777,-1.0,71.86227566797032,0.32332089679000775,
2023-08-12 10:35:59.631000,-6.518072289156627,-0.5060240963855422,-7.46987951807229,-0.5027590435315757,-6.234825260576333,-7.168608215818516,3.0,0.32345432345432346,3091.6266300617704,-16.85764232853563,-3.1552939805372637,-19.83648971505157,1452.7472527472526,-1.0,71.86227566797032,0.32332108538244614,
2023-08-12 10:35:59.638000,-6.493975903614458,-0.5060240963855422,-7.457831325301205,-0.4438994481912937,-6.278969957081545,-7.205395462906192,3.0,0.32345432345432346,3091.6266300617704,-16.82710797739059,-3.1094924538197066,-19.98916147077676,1428.5714285714284,-1.0,71.86227566797032,0.3233212481286464,
2023-08-12 10:35:59.646000,-6.506024096385542,-0.49397590361445787,-7.493975903614459,-0.46842427958307786,-6.2029429797670135,-7.175965665236051,3.0,0.32301032301032306,3095.8762886597933,-16.82710797739059,-3.1094924538197066,-19.98916147077676,1402.197802197802,-1.0,71.86227566797032,0.3233213839796919,
2023-08-12 10:35:59.654000,-6.530120481927711,-0.49397590361445787,-7.46987951807229,-0.42673206621704474,-6.264255058246475,-7.2029429797670135,3.0,0.32345432345432346,3091.6266300617704,-17.01031408426082,-3.6591107744303937,-19.790688188334013,1376.5567765567764,-1.0,71.86227566797032,0.3233214919213335,
2023-08-12 10:35:59.661000,-6.518072289156627,-0.4819277108433735,-7.493975903614459,-0.4218270999386879,-6.249540159411404,-7.205395462906192,3.0,0.32345432345432346,3091.6266300617704,-16.81184080181807,-3.5064390187052026,-20.004428646349282,1350.9157509157508,-1.0,71.86227566797032,0.3233215711055874,
2023-08-12 10:35:59.669000,-6.530120481927711,-0.46987951807228917,-7.46987951807229,-0.4463519313304721,-6.256897608828939,-7.171060698957694,3.0,0.32301032301032306,3095.8762886597933,-17.254588893421126,-3.1247596293922255,-20.17236757764699,1328.2051282051282,-1.0,71.86227566797032,0.32332162101304324,
2023-08-12 10:35:59.677000,-6.530120481927711,-0.4819277108433735,-7.445783132530121,-0.46842427958307786,-6.291232372777436,-7.14653586756591,3.0,0.32345432345432346,3091.6266300617704,-17.300390420138683,-3.0331565759571113,-20.32503933337218,1312.087912087912,-1.0,71.86227566797032,0.32332164116718776,
2023-08-12 10:35:59.684000,-6.530120481927711,-0.4819277108433735,-7.421686746987953,-0.4414469650521152,-6.237277743715512,-7.1587982832618025,3.0,0.32345432345432346,3091.6266300617704,-17.34619194685624,-3.3690344385525313,-20.3403065089447,1300.3663003663003,-1.0,71.86227566797032,0.3233216312633608,
2023-08-12 10:35:59.692000,-6.55421686746988,-0.49397590361445787,-7.397590361445784,-0.34334763948497854,-6.278969957081545,-7.0705088902513795,3.0,0.32345432345432346,3091.6266300617704,-17.300390420138683,-2.88048482023192,-20.294504982227146,1293.7728937728937,-1.0,71.86227566797032,0.323321591328394,
2023-08-12 10:35:59.699000,-6.578313253012048,-0.46987951807228917,-7.385542168674699,-0.4218270999386879,-6.298589822194972,-7.087676272225628,3.0,0.32301032301032306,3095.8762886597933,-17.285123244566165,-2.834683293514363,-20.080764524211876,1290.10989010989,-1.0,71.86227566797032,0.32332152158154204,
2023-08-12 10:35:59.707000,-6.602409638554217,-0.46987951807228917,-7.36144578313253,-0.4659717964438994,-6.381974248927039,-7.097486204782342,3.0,0.32301032301032306,3095.8762886597933,-17.51413087815395,-3.0331565759571113,-19.805955363906534,1289.3772893772893,-1.0,71.86227566797032,0.32332142242278583,
2023-08-12 10:35:59.715000,-6.63855421686747,-0.45783132530120485,-7.373493975903615,-0.42918454935622313,-6.313304721030042,-7.033721643163703,3.0,0.32301032301032306,3095.8762886597933,-17.636268282734104,-3.2010955072548213,-19.622749257036304,1289.3772893772893,-1.0,71.86227566797032,0.3233212943886049,
2023-08-12 10:35:59.722000,-6.626506024096386,-0.46987951807228917,-7.409638554216868,-0.4414469650521152,-6.391784181483752,-7.13182096873084,3.0,0.32345432345432346,3091.6266300617704,-17.437795000291356,-3.2774313851174166,-19.71435231047142,1293.040293040293,-1.0,71.86227566797032,0.32332113799951123,
2023-08-12 10:35:59.730000,-6.63855421686747,-0.45783132530120485,-7.36144578313253,-0.45616186388718577,-6.396689147762109,-7.095033721643163,3.0,0.32345432345432346,3091.6266300617704,-17.437795000291356,-3.5980420721403172,-19.54641337917371,1301.098901098901,-1.0,71.86227566797032,0.32332095392537313,
2023-08-12 10:35:59.738000,-6.614457831325302,-0.46987951807228917,-7.373493975903615,-0.42918454935622313,-6.310852237890864,-7.033721643163703,3.0,0.32345432345432346,3091.6266300617704,-17.208787366703568,-4.162927568323523,-19.51587902802867,1310.6227106227104,-1.0,71.86227566797032,0.32332074314978126,
2023-08-12 10:35:59.745000,-6.626506024096386,-0.49397590361445787,-7.373493975903615,-0.3801348865726548,-6.406499080318823,-7.080318822808093,3.0,0.32345432345432346,3091.6266300617704,-17.33092477128372,-4.407202377483829,-19.02732940970806,1316.4835164835165,-1.0,71.86227566797032,0.32332050682526714,
2023-08-12 10:35:59.753000,-6.614457831325302,-0.4819277108433735,-7.36144578313253,-0.4218270999386879,-6.386879215205395,-7.0705088902513795,3.0,0.32301032301032306,3095.8762886597933,-17.17825301555853,-4.208729095041081,-18.70671872268516,1323.076923076923,-1.0,71.86227566797032,0.3233202462665814,
2023-08-12 10:35:59.761000,-6.63855421686747,-0.4819277108433735,-7.337349397590362,-0.47332924586143466,-6.384426732066217,-7.075413856529736,3.0,0.32345432345432346,3091.6266300617704,-17.224054542276086,-4.132393217178485,-18.309772157799664,1328.937728937729,-1.0,71.86227566797032,0.3233199627940277,
2023-08-12 10:35:59.768000,-6.650602409638554,-0.4819277108433735,-7.337349397590362,-0.39239730226854685,-6.372164316370324,-7.045984058859595,3.0,0.32301032301032306,3095.8762886597933,-17.48359652700891,-4.101858866033447,-18.508245440242412,1332.6007326007325,-1.0,71.86227566797032,0.32331965785290656,
2023-08-12 10:35:59.776000,-6.662650602409639,-0.45783132530120485,-7.2771084337349405,-0.3825873697118332,-6.364806866952789,-7.00674432863274,3.0,0.32345432345432346,3091.6266300617704,-17.17825301555853,-3.307965736262455,-18.14183322650195,1336.263736263736,-1.0,71.86227566797032,0.3233193330146217,
2023-08-12 10:35:59.784000,-6.674698795180723,-0.46987951807228917,-7.2771084337349405,-0.4316370324954016,-6.362354383813611,-6.972409564684242,3.0,0.32345432345432346,3091.6266300617704,-17.17825301555853,-3.55224054542276,-18.386108035662257,1340.6593406593406,-1.0,71.86227566797032,0.32331898995611885,
2023-08-12 10:35:59.791000,-6.63855421686747,-0.44578313253012053,-7.253012048192772,-0.3801348865726548,-6.399141630901287,-7.00674432863274,3.0,0.32345432345432346,3091.6266300617704,-17.3156575957112,-3.4453703164151266,-18.279237806654624,1345.054945054945,-1.0,71.86227566797032,0.3233186306091412,
2023-08-12 10:35:59.799000,-6.650602409638554,-0.44578313253012053,-7.240963855421687,-0.4438994481912937,-6.350091968117719,-7.016554261189454,3.0,0.32345432345432346,3091.6266300617704,-17.33092477128372,-3.399568789697569,-18.111298875356916,1347.985347985348,-1.0,71.86227566797032,0.323318257011215,
2023-08-12 10:35:59.807000,-6.662650602409639,-0.43373493975903615,-7.2771084337349405,-0.40220723482526055,-6.435928877988964,-6.979767014101777,3.0,0.32301032301032306,3095.8762886597933,-17.391993473573798,-3.2774313851174166,-17.622749257036304,1349.4505494505493,-1.0,71.86227566797032,0.32331787129505496,
2023-08-12 10:35:59.814000,-6.650602409638554,-0.43373493975903615,-7.301204819277109,-0.40465971796443895,-6.386879215205395,-6.982219497240956,3.0,0.32345432345432346,3091.6266300617704,-17.33092477128372,-3.017889400384592,-17.409008799021038,1350.18315018315,-1.0,71.86227566797032,0.3233174755284029,
2023-08-12 10:35:59.822000,-6.63855421686747,-0.43373493975903615,-7.289156626506024,-0.3629675045984059,-6.408951563458001,-6.918454935622317,3.0,0.32301032301032306,3095.8762886597933,-17.086649962123417,-2.437736728628867,-16.966260707417984,1347.2527472527472,-1.0,71.86227566797032,0.32331707183036623,
2023-08-12 10:35:59.830000,-6.650602409638554,-0.42168674698795183,-7.289156626506024,-0.41692213366033104,-6.345187001839362,-6.957694665849172,3.0,0.32301032301032306,3095.8762886597933,-16.68970339723792,-2.1476603927510043,-16.69145154711264,1343.5897435897434,-1.0,71.86227566797032,0.3233166625085804,
2023-08-12 10:35:59.837000,-6.650602409638554,-0.42168674698795183,-7.289156626506024,-0.3727774371551195,-6.480073574494175,-6.925812385039852,3.0,0.32345432345432346,3091.6266300617704,-16.766039275100514,-2.117126041605966,-16.55404696695997,1338.4615384615383,-1.0,71.86227566797032,0.3233162497279489,
2023-08-12 10:35:59.845000,-6.662650602409639,-0.39759036144578314,-7.240963855421687,-0.34825260576333533,-6.433476394849785,-6.876762722256284,3.0,0.32301032301032306,3095.8762886597933,-16.50649729036769,-1.9949886370258136,-16.37084086008974,1333.3333333333333,-1.0,71.86227566797032,0.3233158356578587,
2023-08-12 10:35:59.853000,-6.674698795180723,-0.39759036144578314,-7.228915662650603,-0.35806253832004903,-6.374616799509503,-6.896382587369711,3.0,0.32301032301032306,3095.8762886597933,-15.758405687314255,-1.536973369850241,-16.416642386807297,1328.937728937729,-1.0,71.86227566797032,0.32331542248050066,
2023-08-12 10:35:59.860000,-6.698795180722892,-0.3734939759036145,-7.1807228915662655,-0.35806253832004903,-6.4776210913549965,-6.94543225015328,3.0,0.32301032301032306,3095.8762886597933,-15.69733698502418,-1.4911718431326837,-16.599848493677527,1323.8095238095236,-1.0,71.86227566797032,0.3233150123570515,
2023-08-12 10:35:59.868000,-6.698795180722892,-0.3734939759036145,-7.2048192771084345,-0.31882280809319435,-6.399141630901287,-6.928264868179031,3.0,0.32301032301032306,3095.8762886597933,-15.254588893421126,-1.4453703164151266,-16.52351261581493,1320.14652014652,-1.0,71.86227566797032,0.32331460739384915,
2023-08-12 10:35:59.876000,-6.662650602409639,-0.3614457831325301,-7.2048192771084345,-0.3016554261189454,-6.413856529736358,-6.8399754751686075,3.0,0.32301032301032306,3095.8762886597933,-14.750772099527996,-0.8499504690868823,-16.447176737952336,1317.9487179487178,-1.0,71.86227566797032,0.3233142095013973,
2023-08-12 10:35:59.883000,-6.662650602409639,-0.3373493975903615,-7.19277108433735,-0.3041079092581238,-6.404046597179644,-6.928264868179031,3.0,0.32301032301032306,3095.8762886597933,-14.109550725482194,-1.0331565759571113,-16.279237806654624,1315.7509157509157,-1.0,71.86227566797032,0.3233138205302167,
2023-08-12 10:35:59.891000,-6.63855421686747,-0.3373493975903615,-7.216867469879518,-0.2893930104230533,-6.384426732066217,-6.923359901900674,3.0,0.32345432345432346,3091.6266300617704,-13.81947438960433,-0.8346832935143632,-15.668550783753862,1312.087912087912,-1.0,71.86227566797032,0.3233134422576069,
2023-08-12 10:35:59.899000,-6.626506024096386,-0.3493975903614458,-7.253012048192772,-0.2599632127529123,-6.328019619865113,-6.933169834457388,3.0,0.32345432345432346,3091.6266300617704,-13.02558125983334,-1.0789581026746686,-15.531146203601189,1307.6923076923076,-1.0,71.86227566797032,0.32331307652398145,
2023-08-12 10:35:59.906000,-6.63855421686747,-0.3253012048192771,-7.265060240963856,-0.21827099938687922,-6.413856529736358,-7.014101778050276,3.0,0.32345432345432346,3091.6266300617704,-12.399627061360057,-0.7583474156517678,-15.01206223413554,1303.2967032967033,-1.0,71.86227566797032,0.3233127252421358,
2023-08-12 10:35:59.914000,-6.686746987951808,-0.3132530120481928,-7.253012048192772,-0.2795830778663397,-6.413856529736358,-7.00674432863274,3.0,0.32345432345432346,3091.6266300617704,-11.743138511741735,-0.620942835499096,-14.721985898257676,1301.8315018315018,-1.0,71.86227566797032,0.3233123902479949,
2023-08-12 10:35:59.922000,-6.686746987951808,-0.3373493975903615,-7.289156626506024,-0.269773145309626,-6.431023911710606,-6.962599632127529,3.0,0.32345432345432346,3091.6266300617704,-11.743138511741735,-0.620942835499096,-14.721985898257676,1301.8315018315018,-1.0,71.86227566797032,0.3233120732907827,
2023-08-12 10:35:59.929000,-6.674698795180723,-0.3373493975903615,-7.301204819277109,-0.33108522378908645,-6.399141630901287,-6.99202942979767,3.0,0.32345432345432346,3091.6266300617704,-11.315657595711201,0.050812889691743635,-14.233436279937067,1301.098901098901,-1.0,71.86227566797032,0.32331177602391914,
2023-08-12 10:35:59.937000,-6.710843373493976,-0.3493975903614458,-7.337349397590362,-0.29429797670141017,-6.4776210913549965,-7.060698957694665,3.0,0.32345432345432346,3091.6266300617704,-10.84237515296311,0.09661441640930088,-13.897558417341646,1299.6336996336995,-1.0,71.86227566797032,0.32331150013544374,
2023-08-12 10:35:59.945000,-6.734939759036145,-0.3614457831325301,-7.349397590361447,-0.3261802575107296,-6.455548743102391,-7.092581238503985,3.0,0.32345432345432346,3091.6266300617704,-10.414894236932575,0.12714876755433904,-13.638016432608822,1298.9010989010987,-1.0,71.86227566797032,0.3233112471813881,
2023-08-12 10:35:59.952000,-6.771084337349398,-0.3734939759036145,-7.397590361445784,-0.35806253832004903,-6.516860821581851,-7.0410790925812385,3.0,0.32345432345432346,3091.6266300617704,-10.155352252199751,-0.04079016374337087,-13.531146203601189,1300.3663003663003,-1.0,71.86227566797032,0.3233110184515242,
2023-08-12 10:35:59.960000,-6.746987951807229,-0.3614457831325301,-7.409638554216868,-0.34334763948497854,-6.521765787860208,-7.097486204782342,3.0,0.32345432345432346,3091.6266300617704,-9.956878969757003,0.20348464541693448,-13.14946681428821,1301.8315018315018,-1.0,71.86227566797032,0.32331081511272514,
2023-08-12 10:35:59.968000,-6.783132530120482,-0.3614457831325301,-7.409638554216868,-0.33108522378908645,-6.526670754138565,-7.1808706315144075,3.0,0.32345432345432346,3091.6266300617704,-9.865275916321888,0.050812889691743635,-13.393741623448516,1301.8315018315018,-1.0,71.86227566797032,0.32331063820395756,
2023-08-12 10:35:59.975000,-6.783132530120482,-0.3614457831325301,-7.433734939759036,-0.3678724708767627,-6.531575720416922,-7.134273451870018,3.0,0.32345432345432346,3091.6266300617704,-9.788940038459293,-0.05605733931588995,-13.02732940970806,1302.5641025641025,-1.0,71.86227566797032,0.3233104887709766,
2023-08-12 10:35:59.983000,-6.759036144578314,-0.3855421686746988,-7.445783132530121,-0.33108522378908645,-6.455548743102391,-7.188228080931943,3.0,0.32345432345432346,3091.6266300617704,-9.941611794184483,-0.25453062175863805,-13.470077501311112,1304.0293040293038,-1.0,71.86227566797032,0.32331036770411153,
2023-08-12 10:35:59.991000,-6.759036144578314,-0.3855421686746988,-7.421686746987953,-0.2575107296137339,-6.438381361128142,-7.20784794604537,3.0,0.32301032301032306,3095.8762886597933,-10.109550725482194,-0.8652176446594013,-13.363207272303478,1305.4945054945053,-1.0,71.86227566797032,0.32331027574729865,
2023-08-12 10:35:59.998000,-6.686746987951808,-0.39759036144578314,-7.445783132530121,-0.29675045984058857,-6.433476394849785,-7.171060698957694,3.0,0.32345432345432346,3091.6266300617704,-10.246955305634867,-1.689645125575432,-13.561680554746227,1306.227106227106,-1.0,71.86227566797032,0.32331021333764187,
2023-08-12 10:36:00.006000,-6.662650602409639,-0.39759036144578314,-7.457831325301205,-0.34580012262415694,-6.396689147762109,-7.222562844880441,3.0,0.32301032301032306,3095.8762886597933,-10.598100343802805,-2.025522988170852,-13.561680554746227,1306.227106227106,-1.0,71.86227566797032,0.323310180604888,
2023-08-12 10:36:00.014000,-6.63855421686747,-0.43373493975903615,-7.46987951807229,-0.40220723482526055,-6.372164316370324,-7.249540159411404,3.0,0.32301032301032306,3095.8762886597933,-10.567565992657766,-2.3766680263387907,-13.302138570013403,1305.4945054945053,-1.0,71.86227566797032,0.3233101776695722,
2023-08-12 10:36:00.021000,-6.578313253012048,-0.42168674698795183,-7.46987951807229,-0.41692213366033104,-6.357449417535254,-7.222562844880441,3.0,0.32301032301032306,3095.8762886597933,-10.964512557543262,-2.788881766796806,-13.347940096730959,1304.7619047619046,-1.0,71.86227566797032,0.32331020446325776,
2023-08-12 10:36:00.029000,-6.602409638554217,-0.4096385542168675,-7.46987951807229,-0.3801348865726548,-6.308399754751686,-7.251992642550582,3.0,0.32345432345432346,3091.6266300617704,-11.605733931589064,-2.3614008507662714,-12.905192005127907,1305.4945054945053,-1.0,71.86227566797032,0.32331026071980656,
2023-08-12 10:36:00.037000,-6.566265060240964,-0.42168674698795183,-7.481927710843374,-0.35806253832004903,-6.308399754751686,-7.1514408338442665,3.0,0.32345432345432346,3091.6266300617704,-11.544665229298989,-2.422469553056348,-13.01206223413554,1306.227106227106,-1.0,71.86227566797032,0.32331034598830627,
2023-08-12 10:36:00.044000,-6.602409638554217,-0.42168674698795183,-7.457831325301205,-0.3654199877375843,-6.325567136725935,-7.1931330472103,3.0,0.32301032301032306,3095.8762886597933,-11.68206980945166,-2.422469553056348,-12.752520249402716,1306.227106227106,-1.0,71.86227566797032,0.32331045967824673,
2023-08-12 10:36:00.052000,-6.614457831325302,-0.3855421686746988,-7.457831325301205,-0.30656039239730226,-6.293684855916616,-7.171060698957694,3.0,0.32345432345432346,3091.6266300617704,-11.804207214031813,-2.1323932171784854,-12.828856127265311,1304.0293040293038,-1.0,71.86227566797032,0.3233106009246081,
2023-08-12 10:36:00.060000,-6.662650602409639,-0.3855421686746988,-7.457831325301205,-0.328632740649908,-6.384426732066217,-7.188228080931943,3.0,0.32345432345432346,3091.6266300617704,-11.987413320902041,-2.3614008507662714,-12.889924829555387,1302.5641025641025,-1.0,71.86227566797032,0.3233107687200021,
2023-08-12 10:36:00.067000,-6.698795180722892,-0.3373493975903615,-7.457831325301205,-0.2329858982219497,-6.445738810545677,-7.2323727774371545,3.0,0.32301032301032306,3095.8762886597933,-12.00268049647456,-2.0407901637433707,-13.317405745585921,1304.0293040293038,-1.0,71.86227566797032,0.3233109620791933,
2023-08-12 10:36:00.075000,-6.710843373493976,-0.3253012048192771,-7.409638554216868,-0.26486817903126914,-6.47271612507664,-7.134273451870018,3.0,0.32345432345432346,3091.6266300617704,-12.079016374337156,-2.636210011071615,-13.576947730318746,1306.9597069597069,-1.0,71.86227566797032,0.3233111797572762,
2023-08-12 10:36:00.082000,-6.734939759036145,-0.3253012048192771,-7.385542168674699,-0.24034334763948498,-6.384426732066217,-7.097486204782342,3.0,0.32345432345432346,3091.6266300617704,-12.231688130062347,-2.849950469086882,-14.126566050929432,1308.4249084249084,-1.0,71.86227566797032,0.3233114205228544,
2023-08-12 10:36:00.090000,-6.710843373493976,-0.30120481927710846,-7.313253012048193,-0.27713059472716123,-6.391784181483752,-7.060698957694665,3.0,0.32345432345432346,3091.6266300617704,-12.216420954489827,-3.2316298583998595,-14.431909562379815,1309.1575091575091,-1.0,71.86227566797032,0.32331168316560804,
2023-08-12 10:36:00.098000,-6.662650602409639,-0.30120481927710846,-7.325301204819278,-0.1912936848559166,-6.418761496014715,-7.045984058859595,3.0,0.32345432345432346,3091.6266300617704,-12.369092710215018,-3.9797214614532943,-14.569314142532486,1307.6923076923076,-1.0,71.86227566797032,0.3233119662382026,
2023-08-12 10:36:00.105000,-6.650602409638554,-0.27710843373493976,-7.2771084337349405,-0.21091354996934394,-6.396689147762109,-6.965052115266707,3.0,0.32345432345432346,3091.6266300617704,-12.704970572810439,-4.39193520191131,-14.279237806654624,1306.227106227106,-1.0,71.86227566797032,0.32331226835306015,
2023-08-12 10:36:00.113000,-6.650602409638554,-0.27710843373493976,-7.289156626506024,-0.25015328019619865,-6.384426732066217,-7.00674432863274,3.0,0.32301032301032306,3095.8762886597933,-12.537031641512728,-4.269797797331157,-14.233436279937067,1304.7619047619046,-1.0,71.86227566797032,0.3233125881713055,
2023-08-12 10:36:00.121000,-6.614457831325302,-0.27710843373493976,-7.2771084337349405,-0.19865113427345185,-6.372164316370324,-6.938074800735745,3.0,0.32345432345432346,3091.6266300617704,-12.933978206398224,-4.178194743896042,-13.592214905891264,1304.7619047619046,-1.0,71.86227566797032,0.323312923976598,
2023-08-12 10:36:00.128000,-6.626506024096386,-0.26506024096385544,-7.240963855421687,-0.21827099938687922,-6.381974248927039,-7.019006744328633,3.0,0.32345432345432346,3091.6266300617704,-13.117184313268453,-3.2926985606899355,-13.073130936425615,1308.4249084249084,-1.0,71.86227566797032,0.32331327397312964,
2023-08-12 10:36:00.136000,-6.614457831325302,-0.27710843373493976,-7.228915662650603,-0.24279583077866337,-6.345187001839362,-6.952789699570815,3.0,0.32301032301032306,3095.8762886597933,-13.17825301555853,-2.498805430918943,-12.767787424975234,1315.018315018315,-1.0,71.86227566797032,0.32331363658384626,
2023-08-12 10:36:00.144000,-6.614457831325302,-0.27710843373493976,-7.2048192771084345,-0.2329858982219497,-6.406499080318823,-6.911097486204782,3.0,0.32301032301032306,3095.8762886597933,-12.964512557543262,-2.071324514888409,-12.447176737952333,1328.937728937729,-1.0,71.86227566797032,0.3233140100249488,
2023-08-12 10:36:00.151000,-6.63855421686747,-0.26506024096385544,-7.168674698795181,-0.23789086450030655,-6.401594114040465,-6.862047823421213,3.0,0.32301032301032306,3095.8762886597933,-12.52176446594021,-1.9644542858807754,-11.928092768486685,1348.7179487179487,-1.0,71.86227566797032,0.32331439229595516,
2023-08-12 10:36:00.159000,-6.674698795180723,-0.28915662650602414,-7.144578313253012,-0.2207234825260576,-6.428571428571428,-6.815450643776824,3.0,0.32256632256632267,3100.137646249139,-12.537031641512728,-2.0102558125983325,-11.68381795932638,1375.091575091575,-1.0,71.86227566797032,0.3233147813287336,
2023-08-12 10:36:00.167000,-6.698795180722892,-0.27710843373493976,-7.120481927710844,-0.24279583077866337,-6.416309012875536,-6.854690374003678,3.0,0.32301032301032306,3095.8762886597933,-11.758405687314255,-2.3003321484761954,-11.546413379173707,1410.989010989011,-1.0,71.86227566797032,0.3233151749870284,
2023-08-12 10:36:00.174000,-6.72289156626506,-0.27710843373493976,-7.0843373493975905,-0.20110361741263028,-6.458001226241569,-6.783568362967504,3.0,0.32301032301032306,3095.8762886597933,-11.285123244566163,-2.2087290950410807,-11.51587902802867,1454.9450549450548,-1.0,71.86227566797032,0.3233155710445517,
2023-08-12 10:36:00.182000,-6.746987951807229,-0.26506024096385544,-7.144578313253012,-0.16922133660331085,-6.438381361128142,-6.7811158798283255,3.0,0.32301032301032306,3095.8762886597933,-10.460695763650133,-2.590408484354058,-12.096031699784394,1504.7619047619046,-1.0,71.86227566797032,0.32331596722579187,
2023-08-12 10:36:00.190000,-6.710843373493976,-0.2530120481927711,-7.144578313253012,-0.25015328019619865,-6.428571428571428,-6.817903126916002,3.0,0.32301032301032306,3095.8762886597933,-9.34619194685624,-2.5598741332090196,-12.111298875356914,1558.974358974359,-1.0,71.86227566797032,0.3233163610865443,
2023-08-12 10:36:00.197000,-6.698795180722892,-0.22891566265060243,-7.1807228915662655,-0.1912936848559166,-6.396689147762109,-6.8694052728387485,3.0,0.32301032301032306,3095.8762886597933,-9.34619194685624,-2.5598741332090196,-12.111298875356914,1614.6520146520145,-1.0,71.86227566797032,0.3233167501813783,
2023-08-12 10:36:00.205000,-6.650602409638554,-0.24096385542168675,-7.1807228915662655,-0.18638871857755976,-6.359901900674433,-6.837522992029429,3.0,0.32345432345432346,3091.6266300617704,-8.460695763650133,-2.437736728628867,-11.912825592914166,1668.8644688644688,-1.0,71.86227566797032,0.32331713219915426,
2023-08-12 10:36:00.213000,-6.63855421686747,-0.22891566265060243,-7.1807228915662655,-0.164316370324954,-6.362354383813611,-6.906192519926425,3.0,0.32301032301032306,3095.8762886597933,-7.559932404871507,-2.1476603927510043,-11.271604218868363,1717.9487179487178,-1.0,71.86227566797032,0.323317504831913,
2023-08-12 10:36:00.220000,-6.626506024096386,-0.22891566265060243,-7.216867469879518,-0.19619865113427343,-6.386879215205395,-6.923359901900674,3.0,0.32301032301032306,3095.8762886597933,-6.7049705728104385,-1.5522405454227601,-10.752520249402716,1760.4395604395604,-1.0,71.86227566797032,0.3233178656749867,
2023-08-12 10:36:00.228000,-6.578313253012048,-0.2530120481927711,-7.2048192771084345,-0.20110361741263028,-6.328019619865113,-6.876762722256284,3.0,0.32345432345432346,3091.6266300617704,-6.277489656779904,-1.0789581026746686,-10.111298875356914,1792.6739926739926,-1.0,71.86227566797032,0.32331821222269264,
2023-08-12 10:36:00.236000,-6.55421686746988,-0.26506024096385544,-7.19277108433735,-0.22808093194359289,-6.293684855916616,-6.889025137952176,3.0,0.32345432345432346,3091.6266300617704,-5.6973369850241795,-0.23926344618611894,-9.546413379173707,1813.9194139194137,-1.0,71.86227566797032,0.32331854216156686,
2023-08-12 10:36:00.243000,-6.518072289156627,-0.3132530120481928,-7.2048192771084345,-0.2452483139178418,-6.266707541385653,-6.91354996934396,3.0,0.32301032301032306,3095.8762886597933,-4.949245381970744,0.2645533477070108,-8.401375211234777,1827.106227106227,-1.0,71.86227566797032,0.3233188533970739,
2023-08-12 10:36:00.251000,-6.493975903614458,-0.3614457831325301,-7.216867469879518,-0.2795830778663397,-6.25444512568976,-6.928264868179031,3.0,0.32345432345432346,3091.6266300617704,-4.50649729036769,0.20348464541693448,-7.897558417341647,1829.3040293040292,-1.0,71.86227566797032,0.3233191437717175,
2023-08-12 10:36:00.259000,-6.481927710843374,-0.4096385542168675,-7.289156626506024,-0.32127529123237275,-6.261802575107295,-6.994481912936848,3.0,0.32345432345432346,3091.6266300617704,-4.216420954489828,0.14241594312685812,-6.9051920051279065,1822.7106227106226,-1.0,71.86227566797032,0.32331941119841645,
2023-08-12 10:36:00.266000,-6.493975903614458,-0.42168674698795183,-7.313253012048193,-0.4463519313304721,-6.301042305334151,-7.043531575720417,3.0,0.32345432345432346,3091.6266300617704,-3.987413320902042,0.21875182098945356,-6.17236757764699,1809.5238095238094,-1.0,71.86227566797032,0.3233196538251886,
2023-08-12 10:36:00.274000,-6.530120481927711,-0.46987951807228917,-7.36144578313253,-0.3678724708767627,-6.264255058246475,-7.0778663396689145,3.0,0.32345432345432346,3091.6266300617704,-3.9568789697570037,0.12714876755433904,-5.073130936425616,1789.7435897435896,-1.0,71.86227566797032,0.32331986990173456,
2023-08-12 10:36:00.282000,-6.542168674698796,-0.5060240963855422,-7.349397590361447,-0.47087676272225626,-6.244635193133047,-7.122011036174126,3.0,0.32301032301032306,3095.8762886597933,-3.5904667560165455,0.6462327370199878,-4.7983217761202726,1764.102564102564,-1.0,71.86227566797032,0.32332005778453116,
2023-08-12 10:36:00.289000,-6.566265060240964,-0.5180722891566265,-7.36144578313253,-0.5199264255058246,-6.283874923359901,-7.063151440833844,3.0,0.32301032301032306,3095.8762886597933,-3.666802633879141,1.1500495309131176,-4.767787424975235,1734.065934065934,-1.0,71.86227566797032,0.32332021579238446,
2023-08-12 10:36:00.297000,-6.590361445783133,-0.5421686746987953,-7.36144578313253,-0.5027590435315757,-6.281422440220723,-7.082771305947271,3.0,0.32345432345432346,3091.6266300617704,-3.7278713361692173,1.0584464774780031,-5.195268341005769,1701.8315018315018,-1.0,71.86227566797032,0.3233203421891356,
2023-08-12 10:36:00.305000,-6.614457831325302,-0.5662650602409639,-7.337349397590362,-0.5591661557326794,-6.313304721030042,-7.082771305947271,3.0,0.32345432345432346,3091.6266300617704,-3.8042072140318126,1.043179301905484,-5.561680554746227,1669.5970695970695,811.95068359375,73.89611365857326,0.32332043547432066,
2023-08-12 10:36:00.312000,-6.614457831325302,-0.6024096385542169,-7.337349397590362,-0.5297363580625383,-6.308399754751686,-7.097486204782342,3.0,0.32301032301032306,3095.8762886597933,-3.7889400384592937,1.1195151797680796,-6.141833226501952,1636.6300366300366,-1.0,73.89611365857326,0.323320494407194,
2023-08-12 10:36:00.320000,-6.626506024096386,-0.6144578313253012,-7.349397590361447,-0.5542611894543225,-6.359901900674433,-7.102391171060699,3.0,0.32301032301032306,3095.8762886597933,-4.048482023192118,1.409591515645942,-6.813588951692791,1605.128205128205,-1.0,73.89611365857326,0.32332051786079175,
2023-08-12 10:36:00.328000,-6.590361445783133,-0.6144578313253012,-7.397590361445784,-0.6817903126916002,-6.301042305334151,-7.109748620478234,3.0,0.32301032301032306,3095.8762886597933,-4.01794767204708,1.3943243400734229,-7.805955363906532,1576.5567765567764,-1.0,73.89611365857326,0.3233205046439944,
2023-08-12 10:36:00.335000,-6.55421686746988,-0.6385542168674699,-7.409638554216868,-0.5861434702636419,-6.308399754751686,-7.168608215818516,3.0,0.32345432345432346,3091.6266300617704,-4.109550725482195,1.5164617446535755,-7.867024066196608,1551.6483516483515,-1.0,73.89611365857326,0.32332045351374933,
2023-08-12 10:36:00.343000,-6.542168674698796,-0.6506024096385542,-7.397590361445784,-0.6057633353770693,-6.293684855916616,-7.1293684855916615,3.0,0.32301032301032306,3095.8762886597933,-4.323291183497462,1.3332556377833467,-8.17236757764699,1527.4725274725274,-1.0,73.89611365857326,0.3233203634740603,
2023-08-12 10:36:00.351000,-6.566265060240964,-0.6506024096385542,-7.433734939759036,-0.6106683016554261,-6.266707541385653,-7.1146535867565905,3.0,0.32345432345432346,3091.6266300617704,-3.8042072140318126,1.3332556377833467,-7.973894295204242,1504.0293040293038,-1.0,73.89611365857326,0.32332023364849155,
2023-08-12 10:36:00.358000,-6.55421686746988,-0.6385542168674699,-7.433734939759036,-0.568976088289393,-6.313304721030042,-7.185775597792765,3.0,0.32345432345432346,3091.6266300617704,-3.9416117941844844,1.1653167064856367,-7.5922149058912645,1482.051282051282,-1.0,73.89611365857326,0.3233200632699771,
2023-08-12 10:36:00.366000,-6.602409638554217,-0.6144578313253012,-7.457831325301205,-0.5248313917841815,-6.323114653586757,-7.1735131820968725,3.0,0.32345432345432346,3091.6266300617704,-4.231688130062347,1.5011945690810566,-6.935726356272944,1464.4688644688645,-1.0,73.89611365857326,0.3233198518406229,
2023-08-12 10:36:00.374000,-6.614457831325302,-0.6144578313253012,-7.421686746987953,-0.5738810545677498,-6.354996934396076,-7.175965665236051,3.0,0.32345432345432346,3091.6266300617704,-4.033214847619599,1.4859273935085375,-6.660917195967601,1447.6190476190475,-1.0,73.89611365857326,0.32331959913212005,
2023-08-12 10:36:00.381000,-6.590361445783133,-0.6144578313253012,-7.46987951807229,-0.6008583690987124,-6.328019619865113,-7.1072961373390555,3.0,0.32301032301032306,3095.8762886597933,-3.8958102674669273,1.027912126332965,-6.386108035662257,1431.5018315018315,-1.0,73.89611365857326,0.323319305026776,
2023-08-12 10:36:00.389000,-6.590361445783133,-0.6144578313253012,-7.457831325301205,-0.5027590435315757,-6.359901900674433,-7.188228080931943,3.0,0.32301032301032306,3095.8762886597933,-3.85000874074937,0.7531029660276215,-5.989161470776761,1416.117216117216,-1.0,73.89611365857326,0.32331896924052334,
2023-08-12 10:36:00.397000,-6.602409638554217,-0.6024096385542169,-7.493975903614459,-0.5738810545677498,-6.364806866952789,-7.220110361741263,3.0,0.32301032301032306,3095.8762886597933,-4.292756832352423,0.3866907522871635,-5.531146203601189,1401.4652014652013,-1.0,73.89611365857326,0.3233185914498197,
2023-08-12 10:36:00.404000,-6.590361445783133,-0.6144578313253012,-7.457831325301205,-0.5003065603923973,-6.28632740649908,-7.244635193133047,3.0,0.32301032301032306,3095.8762886597933,-4.338558359069981,-0.025522988170851784,-5.592214905891265,1386.8131868131868,-1.0,73.89611365857326,0.3233181715667172,
2023-08-12 10:36:00.412000,-6.590361445783133,-0.6265060240963856,-7.506024096385542,-0.598405885959534,-6.362354383813611,-7.215205395462906,3.0,0.32345432345432346,3091.6266300617704,-4.445428588077614,-0.3614008507662716,-5.34794009673096,1373.6263736263736,-1.0,73.89611365857326,0.3233177095768994,
2023-08-12 10:36:00.420000,-6.578313253012048,-0.6385542168674699,-7.518072289156627,-0.551808706315144,-6.367259350091968,-7.210300429184549,3.0,0.32301032301032306,3095.8762886597933,-4.52176446594021,-0.9262863469494778,-5.0273294097080585,1360.4395604395604,-1.0,73.89611365857326,0.3233172055581501,
2023-08-12 10:36:00.427000,-6.662650602409639,-0.6385542168674699,-7.46987951807229,-0.615573267933783,-6.359901900674433,-7.185775597792765,3.0,0.32301032301032306,3095.8762886597933,-5.101917137695935,-1.0636909271021495,-5.271604218868364,1349.4505494505493,-1.0,73.89611365857326,0.3233166596984613,
2023-08-12 10:36:00.435000,-6.698795180722892,-0.6024096385542169,-7.445783132530121,-0.5076640098099325,-6.34763948497854,-7.1367259350091965,3.0,0.32301032301032306,3095.8762886597933,-5.5904667560165455,-1.536973369850241,-5.515879028028669,1339.194139194139,-1.0,73.89611365857326,0.32331607213298785,
2023-08-12 10:36:00.442000,-6.734939759036145,-0.5421686746987953,-7.409638554216868,-0.5493562231759657,-6.458001226241569,-7.139178418148375,3.0,0.32301032301032306,3095.8762886597933,-6.109550725482194,-1.6438435988578746,-6.096031699784395,1333.3333333333333,-1.0,73.89611365857326,0.32331544307857063,
2023-08-12 10:36:00.450000,-6.771084337349398,-0.5060240963855422,-7.337349397590362,-0.3825873697118332,-6.421213979153893,-7.043531575720417,3.0,0.32301032301032306,3095.8762886597933,-6.582833168230286,-2.330866499621233,-6.706718722685158,1331.135531135531,-1.0,73.89611365857326,0.3233147728292181,
2023-08-12 10:36:00.458000,-6.759036144578314,-0.44578313253012053,-7.289156626506024,-0.38749233599019006,-6.502145922746781,-6.99202942979767,3.0,0.32345432345432346,3091.6266300617704,-6.827107977390591,-2.788881766796806,-7.409008799021036,1332.6007326007325,-1.0,73.89611365857326,0.32331406175133076,
2023-08-12 10:36:00.465000,-6.746987951807229,-0.39759036144578314,-7.240963855421687,-0.3654199877375843,-6.438381361128142,-6.942979767014101,3.0,0.32256632256632267,3100.137646249139,-7.162985839986011,-3.2010955072548213,-8.35557368451722,1335.5311355311355,-1.0,73.89611365857326,0.3233133104279854,
2023-08-12 10:36:00.473000,-6.662650602409639,-0.3614457831325301,-7.216867469879518,-0.3163703249540159,-6.4114040465971796,-6.896382587369711,3.0,0.32301032301032306,3095.8762886597933,-7.162985839986011,-3.2010955072548213,-8.35557368451722,1339.194139194139,-1.0,73.89611365857326,0.3233125195157637,
2023-08-12 10:36:00.481000,-6.626506024096386,-0.3132530120481928,-7.19277108433735,-0.27467811158798283,-6.33292458614347,-6.891477621091354,3.0,0.32301032301032306,3095.8762886597933,-7.132451488840973,-3.689645125575432,-8.691451547112639,1345.054945054945,-1.0,73.89611365857326,0.32331168968747254,
2023-08-12 10:36:00.488000,-6.55421686746988,-0.3132530120481928,-7.1807228915662655,-0.24770079705702022,-6.278969957081545,-6.891477621091354,3.0,0.32301032301032306,3095.8762886597933,-7.2698560689936444,-3.8728512324456608,-8.84412330283783,1353.113553113553,-1.0,73.89611365857326,0.3233108216377545,
2023-08-12 10:36:00.496000,-6.506024096385542,-0.30120481927710846,-7.1807228915662655,-0.24034334763948498,-6.276517473942366,-6.918454935622317,3.0,0.32345432345432346,3091.6266300617704,-6.796573626245553,-3.9949886370258136,-8.263970631082104,1361.904761904762,-1.0,73.89611365857326,0.32330991596018677,
2023-08-12 10:36:00.504000,-6.518072289156627,-0.28915662650602414,-7.168674698795181,-0.19374616799509503,-6.247087676272225,-6.889025137952176,3.0,0.32301032301032306,3095.8762886597933,-6.414894236932576,-3.6591107744303937,-7.0273294097080585,1369.9633699633698,-1.0,73.89611365857326,0.3233089734397617,
2023-08-12 10:36:00.511000,-6.518072289156627,-0.28915662650602414,-7.1807228915662655,-0.22808093194359289,-6.27161250766401,-6.933169834457388,3.0,0.32301032301032306,3095.8762886597933,-5.804207214031813,-2.6972787133616913,-5.638016432608822,1373.6263736263736,-1.0,73.89611365857326,0.32330799491932144,
2023-08-12 10:36:00.519000,-6.542168674698796,-0.28915662650602414,-7.156626506024097,-0.2158185162477008,-6.374616799509503,-6.8326180257510725,3.0,0.32301032301032306,3095.8762886597933,-5.422527824718836,-1.521706194277722,-4.599848493677524,1372.8937728937728,-1.0,73.89611365857326,0.3233069811344662,
2023-08-12 10:36:00.527000,-6.63855421686747,-0.3373493975903615,-7.2048192771084345,-0.33353770692826484,-6.455548743102391,-6.842427958307786,3.0,0.32301032301032306,3095.8762886597933,-4.903443855253187,-0.9568206980945159,-3.2868713944408836,1370.6959706959706,-1.0,73.89611365857326,0.32330593284636755,
2023-08-12 10:36:00.534000,-6.710843373493976,-0.3373493975903615,-7.2048192771084345,-0.2599632127529123,-6.509503372164316,-6.942979767014101,3.0,0.32301032301032306,3095.8762886597933,-3.880543091894408,0.005011362974186382,-2.248703455509586,1368.4981684981683,-1.0,73.89611365857326,0.32330485097463785,
2023-08-12 10:36:00.542000,-6.819277108433735,-0.3373493975903615,-7.216867469879518,-0.3041079092581238,-6.546290619251992,-6.947884733292458,3.0,0.32301032301032306,3095.8762886597933,-3.086649962123416,1.1042480041955605,-2.1723675776469906,1366.3003663003662,-1.0,73.89611365857326,0.3233037364324144,
2023-08-12 10:36:00.550000,-6.879518072289157,-0.42168674698795183,-7.240963855421687,-0.3850398528510116,-6.6026977314530955,-6.974862047823421,3.0,0.32301032301032306,3095.8762886597933,-3.1782530155585302,2.493560981294797,-2.1723675776469906,1363.3699633699632,-1.0,73.89611365857326,0.3233025899930823,
2023-08-12 10:36:00.557000,-6.91566265060241,-0.45783132530120485,-7.265060240963856,-0.3973022685469037,-6.637032495401594,-6.974862047823421,3.0,0.32301032301032306,3095.8762886597933,-2.2774896567799043,3.058446477478003,-2.2639706310821053,1360.4395604395604,-1.0,73.89611365857326,0.3233014125726084,
2023-08-12 10:36:00.565000,-6.891566265060241,-0.46987951807228917,-7.313253012048193,-0.4438994481912937,-6.592887798896382,-7.048436541998774,3.0,0.32301032301032306,3095.8762886597933,-1.3767262980012784,3.8676067828215146,-2.9357263562729448,1358.2417582417581,-1.0,73.89611365857326,0.32330020506488905,
2023-08-12 10:36:00.573000,-6.891566265060241,-0.46987951807228917,-7.385542168674699,-0.43654199877375843,-6.5732679337829545,-7.0705088902513795,3.0,0.32301032301032306,3095.8762886597933,-0.6591690460928815,4.249286172134491,-3.317405745585922,1355.3113553113553,-1.0,73.89611365857326,0.3232989683475742,
2023-08-12 10:36:00.580000,-6.843373493975904,-0.4819277108433735,-7.409638554216868,-0.43899448191293683,-6.619865113427345,-7.13182096873084,3.0,0.32301032301032306,3095.8762886597933,-0.1400850766272327,4.2187518209894534,-3.5311462036011894,1353.8461538461538,-1.0,73.89611365857326,0.3232977032669685,
2023-08-12 10:36:00.588000,-6.819277108433735,-0.49397590361445787,-7.457831325301205,-0.4659717964438994,-6.5364806866952785,-7.1808706315144075,3.0,0.32301032301032306,3095.8762886597933,0.07365538138803444,3.6996678515238046,-3.256337043295846,1350.18315018315,-1.0,73.89611365857326,0.32329641064416953,
2023-08-12 10:36:00.596000,-6.795180722891566,-0.49397590361445787,-7.46987951807229,-0.4512568976088289,-6.5291232372777435,-7.153893316983446,3.0,0.32301032301032306,3095.8762886597933,0.6232737019987215,2.6004312103024305,-2.8899248295553877,1343.5897435897434,-1.0,73.89611365857326,0.32329509126033606,
2023-08-12 10:36:00.603000,-6.771084337349398,-0.5301204819277109,-7.46987951807229,-0.4659717964438994,-6.438381361128142,-7.215205395462906,3.0,0.32301032301032306,3095.8762886597933,1.0507546180292557,1.6996678515238046,-2.279237806654624,1335.5311355311355,-1.0,73.89611365857326,0.32329374572449915,
2023-08-12 10:36:00.611000,-6.698795180722892,-0.5180722891566265,-7.481927710843374,-0.47087676272225626,-6.4481912936848556,-7.212752912323728,3.0,0.32301032301032306,3095.8762886597933,0.9744187401666604,0.31035487442456805,-1.470077501311113,1326.7399267399267,-1.0,73.89611365857326,0.3232923747571792,
2023-08-12 10:36:00.619000,-6.662650602409639,-0.5060240963855422,-7.481927710843374,-0.43654199877375843,-6.33292458614347,-7.188228080931943,3.0,0.32256632256632267,3100.137646249139,0.7454111065788741,-0.5751413087815388,-1.1800011654332503,1317.216117216117,-1.0,73.89611365857326,0.3232909790272,
2023-08-12 10:36:00.626000,-6.602409638554217,-0.5060240963855422,-7.481927710843374,-0.463519313304721,-6.320662170447577,-7.215205395462906,3.0,0.32301032301032306,3095.8762886597933,0.7454111065788741,-1.353767262980012,-0.26397063108210533,1310.6227106227104,-1.0,73.89611365857326,0.3232895590098655,
2023-08-12 10:36:00.634000,-6.542168674698796,-0.46987951807228917,-7.433734939759036,-0.4438994481912937,-6.217657878602084,-7.175965665236051,3.0,0.32301032301032306,3095.8762886597933,-0.09428354990967547,-1.9491871103082563,-0.03496299749431907,1306.9597069597069,-1.0,73.89611365857326,0.3232881152398398,
2023-08-12 10:36:00.642000,-6.493975903614458,-0.45783132530120485,-7.397590361445784,-0.37768240343347637,-6.237277743715512,-7.156345800122624,3.0,0.32301032301032306,3095.8762886597933,-0.5217644659402098,-1.6743779500029128,0.11770875823087176,1307.6923076923076,-1.0,73.89611365857326,0.32328664831906745,
2023-08-12 10:36:00.649000,-6.46987951807229,-0.46987951807228917,-7.397590361445784,-0.4512568976088289,-6.185775597792765,-7.122011036174126,3.0,0.32301032301032306,3095.8762886597933,-1.6362682827341029,-0.6820115377891723,-0.386108035662258,1312.087912087912,-1.0,73.89611365857326,0.32328515863761276,
2023-08-12 10:36:00.657000,-6.46987951807229,-0.46987951807228917,-7.397590361445784,-0.3825873697118332,-6.134273451870018,-7.117106069895769,3.0,0.32301032301032306,3095.8762886597933,-2.750772099527996,0.18821746984441537,-0.584581318105006,1318.6813186813185,-1.0,73.89611365857326,0.3232836463926451,
2023-08-12 10:36:00.665000,-6.433734939759036,-0.5301204819277109,-7.457831325301205,-0.5346413243408952,-6.188228080931943,-7.1587982832618025,3.0,0.32301032301032306,3095.8762886597933,-3.651535458306622,1.7760037293864,-1.3784744478759985,1323.8095238095236,-1.0,73.89611365857326,0.32328211173531984,
2023-08-12 10:36:00.672000,-6.409638554216868,-0.5301204819277109,-7.46987951807229,-0.48068669527896996,-6.104843654199877,-7.1587982832618025,3.0,0.32301032301032306,3095.8762886597933,-4.338558359069981,2.7989044927451787,-1.7754210127614947,1326.007326007326,-1.0,73.89611365857326,0.3232805547688619,
2023-08-12 10:36:00.680000,-6.409638554216868,-0.6024096385542169,-7.445783132530121,-0.5787860208461066,-6.14653586756591,-7.1440833844267315,3.0,0.32301032301032306,3095.8762886597933,-5.010314084260821,3.4553930423634993,-2.2945049822271435,1326.7399267399267,-1.0,73.89611365857326,0.3232789755471515,
2023-08-12 10:36:00.688000,-6.433734939759036,-0.6385542168674699,-7.445783132530121,-0.6253832004904966,-6.153893316983446,-7.183323114653587,3.0,0.32301032301032306,3095.8762886597933,-5.559932404871508,4.234018996561972,-3.0731309364256165,1327.4725274725274,-1.0,73.89611365857326,0.32327737407382756,
2023-08-12 10:36:00.695000,-6.481927710843374,-0.6626506024096386,-7.457831325301205,-0.6351931330472103,-6.229920294297976,-7.104843654199877,3.0,0.32301032301032306,3095.8762886597933,-5.758405687314255,4.035545714119224,-3.7143523104714182,1326.7399267399267,-1.0,73.89611365857326,0.3232757503019095,
2023-08-12 10:36:00.703000,-6.506024096385542,-0.6987951807228916,-7.433734939759036,-0.6989576946658491,-6.1931330472103,-7.122011036174126,3.0,0.32301032301032306,3095.8762886597933,-5.651535458306622,4.035545714119224,-4.50824544024241,1324.5421245421244,-1.0,73.89611365857326,0.3232741041339444,
2023-08-12 10:36:00.711000,-6.55421686746988,-0.6867469879518072,-7.373493975903615,-0.6719803801348866,-6.25444512568976,-7.080318822808093,3.0,0.32301032301032306,3095.8762886597933,-5.85000874074937,3.1195151797680793,-5.546413379173708,1322.3443223443223,-1.0,73.89611365857326,0.32327243542266937,
2023-08-12 10:36:00.718000,-6.590361445783133,-0.710843373493976,-7.36144578313253,-0.6327406499080318,-6.259350091968117,-7.011649294911097,3.0,0.32301032301032306,3095.8762886597933,-5.727871336169217,2.0508128896917435,-6.721985898257677,1318.6813186813185,-1.0,73.89611365857326,0.32327074411094403,
2023-08-12 10:36:00.726000,-6.542168674698796,-0.710843373493976,-7.337349397590362,-0.6670754138565297,-6.283874923359901,-7.043531575720417,3.0,0.32301032301032306,3095.8762886597933,-5.666802633879141,0.9210418973253314,-7.638016432608822,1315.7509157509157,-1.0,73.89611365857326,0.3232690300743057,
2023-08-12 10:36:00.734000,-6.530120481927711,-0.7349397590361446,-7.337349397590362,-0.7161250766400981,-6.264255058246475,-7.0680564071122,3.0,0.32301032301032306,3095.8762886597933,-5.6973369850241795,-0.6056756599265769,-8.248703455509585,1315.018315018315,-1.0,73.89611365857326,0.3232672929955399,
2023-08-12 10:36:00.741000,-6.518072289156627,-0.746987951807229,-7.349397590361447,-0.7259350091968118,-6.180870631514408,-7.097486204782342,3.0,0.32301032301032306,3095.8762886597933,-6.277489656779904,-0.6362100110716151,-8.859390478410349,1315.7509157509157,-1.0,73.89611365857326,0.3232655325164371,
2023-08-12 10:36:00.749000,-6.46987951807229,-0.7710843373493976,-7.36144578313253,-0.7283874923359902,-6.210300429184549,-7.082771305947271,3.0,0.32301032301032306,3095.8762886597933,-6.277489656779904,-0.6362100110716151,-8.859390478410349,1317.216117216117,-1.0,73.89611365857326,0.3232637483794636,
2023-08-12 10:36:00.757000,-6.433734939759036,-0.7951807228915663,-7.373493975903615,-0.7431023911710607,-6.185775597792765,-7.102391171060699,3.0,0.32301032301032306,3095.8762886597933,-6.18588660334479,-0.3614008507662716,-8.84412330283783,1317.9487179487178,-1.0,73.89611365857326,0.323261940272001,
2023-08-12 10:36:00.764000,-6.385542168674699,-0.7951807228915663,-7.36144578313253,-0.7921520539546291,-6.092581238503985,-7.0778663396689145,3.0,0.32301032301032306,3095.8762886597933,-6.445428588077614,0.20348464541693448,-9.042596585280577,1321.6117216117216,-1.0,73.89611365857326,0.32326010770251573,
2023-08-12 10:36:00.772000,-6.385542168674699,-0.7951807228915663,-7.36144578313253,-0.8313917841814837,-6.102391171060699,-7.117106069895769,3.0,0.32301032301032306,3095.8762886597933,-6.68970339723792,0.859973195035255,-9.088398111998135,1326.007326007326,-1.0,73.89611365857326,0.32325825015383436,
2023-08-12 10:36:00.780000,-6.409638554216868,-0.8072289156626506,-7.385542168674699,-0.7357449417535254,-6.1367259350091965,-7.095033721643163,3.0,0.32301032301032306,3095.8762886597933,-7.086649962123416,1.5011945690810566,-8.447176737952333,1334.7985347985348,-1.0,73.89611365857326,0.32325636722623974,
2023-08-12 10:36:00.787000,-6.445783132530121,-0.7951807228915663,-7.397590361445784,-0.7185775597792765,-6.1587982832618025,-7.021459227467811,3.0,0.32301032301032306,3095.8762886597933,-7.2698560689936444,2.11188159198182,-8.126566050929434,1343.5897435897434,-1.0,73.89611365857326,0.32325445862177715,
2023-08-12 10:36:00.795000,-6.530120481927711,-0.783132530120482,-7.385542168674699,-0.7676272225628449,-6.229920294297976,-7.097486204782342,3.0,0.32301032301032306,3095.8762886597933,-7.636268282734103,1.8523396072489955,-8.187634753219509,1353.113553113553,-1.0,73.89611365857326,0.32325252386250625,
2023-08-12 10:36:00.803000,-6.590361445783133,-0.7710843373493976,-7.397590361445784,-0.7406499080318822,-6.274064990803188,-7.153893316983446,3.0,0.32301032301032306,3095.8762886597933,-7.666802633879141,1.8676067828215146,-8.157100402074471,1361.1721611721612,-1.0,73.89611365857326,0.32325056231725074,
2023-08-12 10:36:00.810000,-6.614457831325302,-0.7349397590361446,-7.421686746987953,-0.6842427958307786,-6.337829552421827,-7.1931330472103,3.0,0.32301032301032306,3095.8762886597933,-7.407260649146316,1.94394266068411,-8.187634753219509,1367.032967032967,-1.0,73.89611365857326,0.3232485734947578,
2023-08-12 10:36:00.818000,-6.662650602409639,-0.6987951807228916,-7.46987951807229,-0.6548129981606376,-6.418761496014715,-7.188228080931943,3.0,0.32301032301032306,3095.8762886597933,-7.83474156517685,1.5317289202260946,-8.752520249402716,1370.6959706959706,-1.0,73.89611365857326,0.3232465568898891,
2023-08-12 10:36:00.825000,-6.686746987951808,-0.6506024096385542,-7.46987951807229,-0.5910484365419988,-6.408951563458001,-7.210300429184549,3.0,0.32301032301032306,3095.8762886597933,-7.972146145329522,1.0889808286230414,-9.33267292115844,1372.161172161172,-1.0,73.89611365857326,0.32324451200025456,
2023-08-12 10:36:00.833000,-6.686746987951808,-0.6024096385542169,-7.506024096385542,-0.5469037400367872,-6.438381361128142,-7.122011036174126,3.0,0.32301032301032306,3095.8762886597933,-8.048482023192118,0.661499912592507,-10.279237806654624,1371.4285714285713,-1.0,73.89611365857326,0.32324243846056266,
2023-08-12 10:36:00.841000,-6.63855421686747,-0.5542168674698795,-7.457831325301205,-0.46842427958307786,-6.305947271612507,-7.139178418148375,3.0,0.32301032301032306,3095.8762886597933,-7.865275916321889,0.2798205232795299,-11.042596585280577,1367.7655677655678,-1.0,73.89611365857326,0.3232403357614191,
2023-08-12 10:36:00.848000,-6.590361445783133,-0.5060240963855422,-7.457831325301205,-0.4218270999386879,-6.335377069282648,-7.161250766400981,3.0,0.32301032301032306,3095.8762886597933,-7.987413320902042,-0.5751413087815388,-11.790688188334013,1363.3699633699632,-1.0,73.89611365857326,0.3232382034151695,
2023-08-12 10:36:00.856000,-6.518072289156627,-0.45783132530120485,-7.421686746987953,-0.3703249540159411,-6.200490496627835,-7.185775597792765,3.0,0.32345432345432346,3091.6266300617704,-8.246955305634867,-0.8957519958044395,-12.691451547112639,1360.4395604395604,-1.0,73.89611365857326,0.3232360410900634,
2023-08-12 10:36:00.864000,-6.493975903614458,-0.45783132530120485,-7.421686746987953,-0.4095646842427958,-6.200490496627835,-7.1808706315144075,3.0,0.32301032301032306,3095.8762886597933,-8.475962939222653,-1.353767262980012,-12.477711089097372,1358.2417582417581,-1.0,73.89611365857326,0.3232338486168044,
2023-08-12 10:36:00.871000,-6.445783132530121,-0.43373493975903615,-7.457831325301205,-0.4512568976088289,-6.168608215818516,-7.163703249540159,3.0,0.32301032301032306,3095.8762886597933,-9.437795000291354,-1.5827748965677984,-12.17236757764699,1358.974358974359,-1.0,73.89611365857326,0.3232316258674532,
2023-08-12 10:36:00.879000,-6.409638554216868,-0.45783132530120485,-7.493975903614459,-0.38994481912936846,-6.139178418148375,-7.2323727774371545,3.0,0.32301032301032306,3095.8762886597933,-9.422527824718836,-1.8270497057281037,-11.98916147077676,1365.5677655677655,-1.0,73.89611365857326,0.3232293726025515,
2023-08-12 10:36:00.887000,-6.385542168674699,-0.44578313253012053,-7.481927710843374,-0.4095646842427958,-6.090128755364806,-7.217657878602084,3.0,0.32301032301032306,3095.8762886597933,-9.972146145329523,-1.369034438552531,-11.83648971505157,1376.5567765567764,-1.0,73.89611365857326,0.32322708847707743,
2023-08-12 10:36:00.894000,-6.397590361445784,-0.4819277108433735,-7.481927710843374,-0.43654199877375843,-6.068056407112201,-7.198038013488657,3.0,0.32301032301032306,3095.8762886597933,-10.50649729036769,-1.0178894003845922,-11.103665287570655,1395.6043956043954,-1.0,73.89611365857326,0.3232247730664531,
2023-08-12 10:36:00.902000,-6.373493975903615,-0.49397590361445787,-7.493975903614459,-0.47087676272225626,-6.13182096873084,-7.259350091968117,3.0,0.32301032301032306,3095.8762886597933,-10.6744362216654,-1.0636909271021495,-11.16473398986073,1419.7802197802198,-1.0,73.89611365857326,0.3232224261585633,
2023-08-12 10:36:00.910000,-6.349397590361446,-0.5421686746987953,-7.493975903614459,-0.5076640098099325,-6.112201103617412,-7.1808706315144075,3.0,0.32301032301032306,3095.8762886597933,-11.193520191131048,-0.7278130645067297,-11.241069867723326,1449.8168498168498,-1.0,73.89611365857326,0.32322004759842,
2023-08-12 10:36:00.917000,-6.397590361445784,-0.5783132530120483,-7.506024096385542,-0.5812385039852851,-6.104843654199877,-7.227467811158798,3.0,0.32301032301032306,3095.8762886597933,-11.468329351436392,-0.08659169046092811,-11.485344676883631,1486.4468864468863,-1.0,73.89611365857326,0.32321763716414337,
2023-08-12 10:36:00.925000,-6.433734939759036,-0.6265060240963856,-7.493975903614459,-0.6327406499080318,-6.220110361741263,-7.220110361741263,3.0,0.32301032301032306,3095.8762886597933,-11.865275916321888,0.32562204999708716,-11.760153837188975,1528.937728937729,-1.0,73.89611365857326,0.32321519471942595,
2023-08-12 10:36:00.933000,-6.481927710843374,-0.6385542168674699,-7.46987951807229,-0.6033108522378908,-6.234825260576333,-7.205395462906192,3.0,0.32301032301032306,3095.8762886597933,-12.140085076627232,0.8141716683176978,-12.50824544024241,1578.021978021978,-1.0,73.89611365857326,0.32321272035521215,
2023-08-12 10:36:00.940000,-6.518072289156627,-0.674698795180723,-7.518072289156627,-0.6670754138565297,-6.215205395462906,-7.2323727774371545,3.0,0.32301032301032306,3095.8762886597933,-12.414894236932575,0.9057747217528123,-13.83648971505157,1632.9670329670328,-1.0,73.89611365857326,0.3232102143719859,
2023-08-12 10:36:00.948000,-6.542168674698796,-0.6987951807228916,-7.457831325301205,-0.6866952789699571,-6.234825260576333,-7.200490496627835,3.0,0.32301032301032306,3095.8762886597933,-12.430161412505095,0.9363090728978505,-14.431909562379815,1687.9120879120878,-1.0,73.89611365857326,0.3232076769954202,
2023-08-12 10:36:00.956000,-6.55421686746988,-0.674698795180723,-7.457831325301205,-0.6744328632740649,-6.225015328019619,-7.1808706315144075,3.0,0.32301032301032306,3095.8762886597933,-12.6744362216654,0.6004312103024306,-16.03496299749432,1742.8571428571427,-1.0,73.89611365857326,0.3232051083999581,
2023-08-12 10:36:00.963000,-6.590361445783133,-0.710843373493976,-7.433734939759036,-0.6768853464132434,-6.256897608828939,-7.1735131820968725,3.0,0.32301032301032306,3095.8762886597933,-12.552298817085248,-0.5904084843540579,-16.783054600547754,1790.4761904761904,-1.0,73.89611365857326,0.32320250899825215,
2023-08-12 10:36:00.971000,-6.542168674698796,-0.6987951807228916,-7.421686746987953,-0.6842427958307786,-6.276517473942366,-7.117106069895769,3.0,0.32301032301032306,3095.8762886597933,-12.918711030825705,-1.155293980537264,-17.83648971505157,1830.7692307692307,-1.0,73.89611365857326,0.3231998792831152,
2023-08-12 10:36:00.979000,-6.481927710843374,-0.6867469879518072,-7.421686746987953,-0.6523605150214592,-6.185775597792765,-7.119558553034947,3.0,0.32345432345432346,3091.6266300617704,-12.628634694947843,-2.6820115377891725,-18.263970631082106,1859.3406593406592,-1.0,73.89611365857326,0.3231972197006595,
2023-08-12 10:36:00.986000,-6.445783132530121,-0.6867469879518072,-7.433734939759036,-0.6695278969957081,-6.08522378908645,-7.13182096873084,3.0,0.32301032301032306,3095.8762886597933,-12.781306450673034,-3.3232329118349737,-18.40137521123478,1876.923076923077,-1.0,73.89611365857326,0.32319453094910944,
2023-08-12 10:36:00.994000,-6.397590361445784,-0.6987951807228916,-7.433734939759036,-0.6866952789699571,-6.090128755364806,-7.13182096873084,3.0,0.32301032301032306,3095.8762886597933,-12.659169046092881,-3.7965153545830654,-17.71435231047142,1884.9816849816848,-1.0,73.89611365857326,0.3231918139900205,
2023-08-12 10:36:01.002000,-6.349397590361446,-0.6867469879518072,-7.433734939759036,-0.5935009196811771,-6.087676272225628,-7.126916002452483,3.0,0.32301032301032306,3095.8762886597933,-12.613367519375323,-3.307965736262455,-17.53114620360119,1884.9816849816848,-1.0,73.89611365857326,0.3231890697297613,
2023-08-12 10:36:01.009000,-6.337349397590362,-0.674698795180723,-7.433734939759036,-0.7014101778050276,-6.03862660944206,-7.190680564071122,3.0,0.32301032301032306,3095.8762886597933,-12.689703397237919,-2.9415535225219966,-16.55404696695997,1876.923076923077,-1.0,73.89611365857326,0.32318629903004503,
2023-08-12 10:36:01.017000,-6.325301204819278,-0.6506024096385542,-7.457831325301205,-0.5493562231759657,-6.104843654199877,-7.148988350705088,3.0,0.32345432345432346,3091.6266300617704,-13.300390420138683,-2.3003321484761954,-16.233436279937067,1862.2710622710622,-1.0,73.89611365857326,0.3231835028560747,
2023-08-12 10:36:01.025000,-6.385542168674699,-0.6626506024096386,-7.409638554216868,-0.5910484365419988,-6.14653586756591,-7.1735131820968725,3.0,0.32301032301032306,3095.8762886597933,-13.300390420138683,-2.3003321484761954,-16.233436279937067,1840.2930402930401,-1.0,73.89611365857326,0.32318068242434034,
2023-08-12 10:36:01.032000,-6.421686746987952,-0.6385542168674699,-7.409638554216868,-0.5738810545677498,-6.156345800122624,-7.102391171060699,3.0,0.32301032301032306,3095.8762886597933,-13.66680263387914,-1.2468970339723784,-15.821222539479052,1813.186813186813,773.651123046875,77.55433710701747,0.3231778390733624,
2023-08-12 10:36:01.040000,-6.506024096385542,-0.6265060240963856,-7.385542168674699,-0.5714285714285714,-6.2323727774371545,-7.112201103617412,3.0,0.32301032301032306,3095.8762886597933,-13.972146145329523,-0.7278130645067297,-15.790688188334014,1783.150183150183,-1.0,77.55433710701747,0.3231749741025774,
2023-08-12 10:36:01.048000,-6.566265060240964,-0.6144578313253012,-7.385542168674699,-0.5444512568976088,-6.318209687308399,-7.082771305947271,3.0,0.32301032301032306,3095.8762886597933,-14.216420954489827,-0.4835382553464243,-16.447176737952336,1753.113553113553,-1.0,77.55433710701747,0.3231720889087618,
2023-08-12 10:36:01.055000,-6.626506024096386,-0.5903614457831325,-7.373493975903615,-0.49785407725321884,-6.340282035561005,-7.0705088902513795,3.0,0.32301032301032306,3095.8762886597933,-14.537031641512728,0.005011362974186382,-17.088398111998135,1724.5421245421244,-1.0,77.55433710701747,0.3231691849833735,
2023-08-12 10:36:01.063000,-6.650602409638554,-0.6024096385542169,-7.385542168674699,-0.598405885959534,-6.33292458614347,-7.122011036174126,3.0,0.32301032301032306,3095.8762886597933,-14.735504923955476,0.24928617213449172,-18.17236757764699,1698.168498168498,-1.0,77.55433710701747,0.32316626390956404,
2023-08-12 10:36:01.071000,-6.63855421686747,-0.5903614457831325,-7.445783132530121,-0.5665236051502146,-6.330472103004292,-7.080318822808093,3.0,0.32301032301032306,3095.8762886597933,-15.315657595711201,-0.3614008507662716,-19.073130936425617,1676.1904761904761,-1.0,77.55433710701747,0.3231633273588749,
2023-08-12 10:36:01.078000,-6.614457831325302,-0.5783132530120483,-7.457831325301205,-0.5469037400367872,-6.264255058246475,-7.126916002452483,3.0,0.32301032301032306,3095.8762886597933,-14.979779733115782,-0.5446069576365006,-19.928092768486685,1654.212454212454,-1.0,77.55433710701747,0.3231603770876174,
2023-08-12 10:36:01.086000,-6.614457831325302,-0.5662650602409639,-7.457831325301205,-0.5763335377069282,-6.340282035561005,-7.156345800122624,3.0,0.32301032301032306,3095.8762886597933,-15.02558125983334,-1.5980420721403175,-20.477711089097372,1635.164835164835,-1.0,77.55433710701747,0.32315741507170287,
2023-08-12 10:36:01.094000,-6.614457831325302,-0.5542168674698795,-7.457831325301205,-0.568976088289393,-6.323114653586757,-7.161250766400981,3.0,0.32301032301032306,3095.8762886597933,-15.254588893421126,-2.1476603927510043,-20.67618437154012,1617.5824175824175,-1.0,77.55433710701747,0.3231544433433054,
2023-08-12 10:36:01.101000,-6.614457831325302,-0.5301204819277109,-7.457831325301205,-0.48559166155732675,-6.308399754751686,-7.171060698957694,3.0,0.32301032301032306,3095.8762886597933,-15.056115610978377,-2.4835382553464243,-20.660917195967603,1600.0,-1.0,77.55433710701747,0.32315146385876026,
2023-08-12 10:36:01.109000,-6.590361445783133,-0.5301204819277109,-7.46987951807229,-0.522378908645003,-6.352544451256898,-7.161250766400981,3.0,0.32301032301032306,3095.8762886597933,-14.750772099527996,-2.3461336751937525,-20.080764524211876,1581.6849816849815,-1.0,77.55433710701747,0.3231484786429075,
2023-08-12 10:36:01.117000,-6.602409638554217,-0.5180722891566265,-7.457831325301205,-0.4757817290006131,-6.364806866952789,-7.13182096873084,3.0,0.32345432345432346,3091.6266300617704,-14.720237748382957,-2.3155993240487143,-20.03496299749432,1562.6373626373625,-1.0,77.55433710701747,0.3231454897838933,
2023-08-12 10:36:01.124000,-6.63855421686747,-0.5180722891566265,-7.457831325301205,-0.42427958307786634,-6.359901900674433,-7.212752912323728,3.0,0.32301032301032306,3095.8762886597933,-15.224054542276088,-2.3919352019113096,-19.821222539479052,1541.3919413919414,-1.0,77.55433710701747,0.3231424995770306,
2023-08-12 10:36:01.132000,-6.662650602409639,-0.5060240963855422,-7.445783132530121,-0.47087676272225626,-6.42611894543225,-7.124463519313304,3.0,0.32301032301032306,3095.8762886597933,-15.239321717848606,-2.437736728628867,-19.470077501311113,1518.6813186813185,-1.0,77.55433710701747,0.32313951039173616,
2023-08-12 10:36:01.140000,-6.686746987951808,-0.49397590361445787,-7.421686746987953,-0.46842427958307786,-6.391784181483752,-7.153893316983446,3.0,0.32301032301032306,3095.8762886597933,-15.376726298001278,-2.422469553056348,-19.302138570013405,1495.2380952380952,-1.0,77.55433710701747,0.3231365245067531,
2023-08-12 10:36:01.147000,-6.674698795180723,-0.4819277108433735,-7.421686746987953,-0.46842427958307786,-6.367259350091968,-7.1808706315144075,3.0,0.32301032301032306,3095.8762886597933,-15.361459122428759,-2.804148942369325,-19.164733989860732,1472.5274725274724,-1.0,77.55433710701747,0.3231335442430693,
2023-08-12 10:36:01.155000,-6.686746987951808,-0.4819277108433735,-7.385542168674699,-0.4193746167995095,-6.467811158798283,-7.161250766400981,3.0,0.32301032301032306,3095.8762886597933,-16.140085076627233,-2.468271079773905,-19.01206223413554,1454.212454212454,-1.0,77.55433710701747,0.32313057195792605,
2023-08-12 10:36:01.163000,-6.686746987951808,-0.4819277108433735,-7.373493975903615,-0.49294911097486205,-6.399141630901287,-7.090128755364806,3.0,0.32301032301032306,3095.8762886597933,-16.47596293922265,-2.956820698094516,-19.54641337917371,1438.8278388278388,-1.0,77.55433710701747,0.32312761003868523,
2023-08-12 10:36:01.170000,-6.710843373493976,-0.4819277108433735,-7.397590361445784,-0.4095646842427958,-6.4408338442673205,-7.097486204782342,3.0,0.32301032301032306,3095.8762886597933,-16.460695763650133,-2.5140726064914625,-19.439543150166074,1427.8388278388277,-1.0,77.55433710701747,0.3231246608965696,
2023-08-12 10:36:01.178000,-6.662650602409639,-0.49397590361445787,-7.409638554216868,-0.39975475168608215,-6.34763948497854,-7.1146535867565905,3.0,0.32301032301032306,3095.8762886597933,-16.430161412505093,-2.788881766796806,-19.470077501311113,1422.7106227106226,-1.0,77.55433710701747,0.3231217269603049,
2023-08-12 10:36:01.186000,-6.63855421686747,-0.5060240963855422,-7.409638554216868,-0.43654199877375843,-6.39423666462293,-7.05334150827713,3.0,0.32301032301032306,3095.8762886597933,-16.84237515296311,-2.7583474156517678,-19.66855078375386,1419.047619047619,-1.0,77.55433710701747,0.3231188108084256,
2023-08-12 10:36:01.193000,-6.63855421686747,-0.5180722891566265,-7.36144578313253,-0.43654199877375843,-6.315757204169221,-7.080318822808093,3.0,0.32301032301032306,3095.8762886597933,-16.918711030825705,-3.2774313851174166,-19.882291241769128,1416.117216117216,-1.0,77.55433710701747,0.3231159150036442,
2023-08-12 10:36:01.201000,-6.626506024096386,-0.5060240963855422,-7.385542168674699,-0.4757817290006131,-6.381974248927039,-7.119558553034947,3.0,0.32301032301032306,3095.8762886597933,-17.208787366703568,-3.475904667560165,-19.805955363906534,1413.1868131868132,-1.0,77.55433710701747,0.32311304195869683,
2023-08-12 10:36:01.208000,-6.63855421686747,-0.5421686746987953,-7.373493975903615,-0.4904966278356836,-6.34763948497854,-7.0705088902513795,3.0,0.32301032301032306,3095.8762886597933,-17.254588893421126,-3.55224054542276,-19.500611852456153,1408.058608058608,-1.0,77.55433710701747,0.3231101942176275,
2023-08-12 10:36:01.216000,-6.63855421686747,-0.5421686746987953,-7.349397590361447,-0.4414469650521152,-6.305947271612507,-7.048436541998774,3.0,0.32301032301032306,3095.8762886597933,-17.04084843540586,-3.475904667560165,-19.439543150166074,1402.9304029304028,-1.0,77.55433710701747,0.3231073742899067,
2023-08-12 10:36:01.224000,-6.590361445783133,-0.5421686746987953,-7.349397590361447,-0.5174739423666462,-6.345187001839362,-7.045984058859595,3.0,0.32301032301032306,3095.8762886597933,-17.147718664413492,-3.4301031408426073,-19.638016432608822,1399.2673992673992,-1.0,77.55433710701747,0.3231045845160934,
2023-08-12 10:36:01.231000,-6.578313253012048,-0.5662650602409639,-7.313253012048193,-0.43654199877375843,-6.364806866952789,-6.979767014101777,3.0,0.32256632256632267,3100.137646249139,-17.17825301555853,-3.399568789697569,-19.66855078375386,1394.139194139194,-1.0,77.55433710701747,0.32310182721025726,
2023-08-12 10:36:01.239000,-6.590361445783133,-0.5421686746987953,-7.2771084337349405,-0.49540159411404044,-6.288779889638258,-6.982219497240956,3.0,0.32301032301032306,3095.8762886597933,-17.422527824718834,-3.2774313851174166,-19.71435231047142,1390.4761904761904,-1.0,77.55433710701747,0.3230991046426391,
2023-08-12 10:36:01.247000,-6.590361445783133,-0.5301204819277109,-7.253012048192772,-0.5346413243408952,-6.350091968117719,-7.00674432863274,3.0,0.32301032301032306,3095.8762886597933,-16.97977973311578,-2.9873550492395538,-20.096031699784398,1386.8131868131868,-1.0,77.55433710701747,0.3230964191399959,
2023-08-12 10:36:01.254000,-6.614457831325302,-0.5301204819277109,-7.289156626506024,-0.5125689760882893,-6.323114653586757,-6.989576946658492,3.0,0.32345432345432346,3091.6266300617704,-17.285123244566165,-2.407202377483829,-20.309772157799664,1386.8131868131868,-1.0,77.55433710701747,0.32309377308997617,
2023-08-12 10:36:01.262000,-6.602409638554217,-0.5421686746987953,-7.2771084337349405,-0.510116492949111,-6.33292458614347,-7.031269160024524,3.0,0.32301032301032306,3095.8762886597933,-17.147718664413492,-2.3461336751937525,-20.569314142532487,1388.278388278388,-1.0,77.55433710701747,0.32309116880741817,
2023-08-12 10:36:01.270000,-6.626506024096386,-0.5421686746987953,-7.265060240963856,-0.510116492949111,-6.298589822194972,-6.969957081545064,3.0,0.32301032301032306,3095.8762886597933,-17.239321717848608,-2.239263446186119,-20.569314142532487,1392.6739926739926,-1.0,77.55433710701747,0.32308860842179743,
2023-08-12 10:36:01.277000,-6.614457831325302,-0.5421686746987953,-7.240963855421687,-0.4757817290006131,-6.345187001839362,-6.965052115266707,3.0,0.32301032301032306,3095.8762886597933,-16.903443855253187,-1.9491871103082563,-20.309772157799664,1397.069597069597,-1.0,77.55433710701747,0.3230860938607842,
2023-08-12 10:36:01.285000,-6.626506024096386,-0.5060240963855422,-7.2771084337349405,-0.510116492949111,-6.352544451256898,-6.952789699570815,3.0,0.32301032301032306,3095.8762886597933,-16.643901870520363,-1.750713827865508,-20.40137521123478,1402.9304029304028,-1.0,77.55433710701747,0.3230836269826176,
2023-08-12 10:36:01.293000,-6.650602409638554,-0.5421686746987953,-7.265060240963856,-0.47332924586143466,-6.504598405885959,-6.977314530962599,3.0,0.32345432345432346,3091.6266300617704,-16.750772099527996,-1.6285764232853555,-20.111298875356916,1405.8608058608058,-1.0,77.55433710701747,0.3230812097087412,
2023-08-12 10:36:01.300000,-6.674698795180723,-0.5301204819277109,-7.253012048192772,-0.49294911097486205,-6.4114040465971796,-7.011649294911097,3.0,0.32301032301032306,3095.8762886597933,-16.750772099527996,-1.6285764232853555,-20.111298875356916,1403.6630036630036,-1.0,77.55433710701747,0.3230788440081425,
2023-08-12 10:36:01.308000,-6.698795180722892,-0.5180722891566265,-7.2771084337349405,-0.45861434702636417,-6.453096259963212,-7.031269160024524,3.0,0.32301032301032306,3095.8762886597933,-16.32329118349746,-1.155293980537264,-19.973894295204243,1397.069597069597,-1.0,77.55433710701747,0.32307653177555634,
2023-08-12 10:36:01.316000,-6.710843373493976,-0.5301204819277109,-7.265060240963856,-0.5272838749233598,-6.428571428571428,-6.994481912936848,3.0,0.32301032301032306,3095.8762886597933,-16.277489656779903,-1.2468970339723784,-19.882291241769128,1389.0109890109889,-1.0,77.55433710701747,0.3230742746573147,
2023-08-12 10:36:01.323000,-6.710843373493976,-0.5421686746987953,-7.265060240963856,-0.45861434702636417,-6.4629061925199265,-6.942979767014101,3.0,0.32301032301032306,3095.8762886597933,-16.246955305634867,-1.0331565759571113,-19.54641337917371,1382.4175824175823,-1.0,77.55433710701747,0.3230720740576478,
2023-08-12 10:36:01.331000,-6.72289156626506,-0.5542168674698795,-7.216867469879518,-0.49540159411404044,-6.416309012875536,-6.955242182709993,3.0,0.32301032301032306,3095.8762886597933,-15.773672862886775,-0.9262863469494778,-19.607482081463786,1378.7545787545787,-1.0,77.55433710701747,0.3230699312833161,
2023-08-12 10:36:01.339000,-6.698795180722892,-0.5301204819277109,-7.216867469879518,-0.49540159411404044,-6.428571428571428,-6.911097486204782,3.0,0.32301032301032306,3095.8762886597933,-15.361459122428759,-1.0942252782471875,-18.996795058563023,1376.5567765567764,-1.0,77.55433710701747,0.32306784753933354,
2023-08-12 10:36:01.346000,-6.72289156626506,-0.5301204819277109,-7.240963855421687,-0.5346413243408952,-6.421213979153893,-6.960147148988351,3.0,0.32301032301032306,3095.8762886597933,-15.224054542276088,-1.1247596293922257,-19.0578637608531,1372.8937728937728,-1.0,77.55433710701747,0.32306582406385004,
2023-08-12 10:36:01.354000,-6.698795180722892,-0.5180722891566265,-7.216867469879518,-0.3948497854077253,-6.435928877988964,-6.901287553648069,3.0,0.32301032301032306,3095.8762886597933,-15.101917137695935,-0.9415535225219968,-18.630382844822563,1368.4981684981683,-1.0,77.55433710701747,0.3230638619655738,
2023-08-12 10:36:01.362000,-6.674698795180723,-0.5301204819277109,-7.216867469879518,-0.48559166155732675,-6.455548743102391,-6.960147148988351,3.0,0.32301032301032306,3095.8762886597933,-14.720237748382957,-0.4682710797739052,-18.3403065089447,1363.3699633699632,-1.0,77.55433710701747,0.32306196223189565,
2023-08-12 10:36:01.369000,-6.674698795180723,-0.5180722891566265,-7.240963855421687,-0.42673206621704474,-6.435928877988964,-6.952789699570815,3.0,0.32301032301032306,3095.8762886597933,-14.628634694947843,-0.5140726064914625,-18.20290192879203,1357.5091575091574,-1.0,77.55433710701747,0.323060125855039,
2023-08-12 10:36:01.377000,-6.650602409638554,-0.5301204819277109,-7.2771084337349405,-0.45861434702636417,-6.340282035561005,-6.955242182709993,3.0,0.32301032301032306,3095.8762886597933,-14.246955305634867,-0.4835382553464243,-17.89755841734165,1355.3113553113553,-1.0,77.55433710701747,0.3230583535430115,
2023-08-12 10:36:01.385000,-6.650602409638554,-0.5301204819277109,-7.2771084337349405,-0.5419987737584304,-6.4408338442673205,-6.994481912936848,3.0,0.32256632256632267,3100.137646249139,-13.941611794184483,-0.9262863469494778,-17.271604218868365,1351.6483516483515,-1.0,77.55433710701747,0.3230566458779935,
2023-08-12 10:36:01.392000,-6.662650602409639,-0.5542168674698795,-7.265060240963856,-0.5052115266707541,-6.416309012875536,-6.974862047823421,3.0,0.32301032301032306,3095.8762886597933,-14.00268049647456,-0.6820115377891723,-16.981527882990502,1346.5201465201465,-1.0,77.55433710701747,0.323055003294191,
2023-08-12 10:36:01.400000,-6.662650602409639,-0.5783132530120483,-7.2771084337349405,-0.4757817290006131,-6.377069282648681,-7.021459227467811,3.0,0.32301032301032306,3095.8762886597933,-13.224054542276088,-0.620942835499096,-16.783054600547754,1340.6593406593406,-1.0,77.55433710701747,0.32305342605597276,
2023-08-12 10:36:01.408000,-6.650602409638554,-0.5903614457831325,-7.2771084337349405,-0.5616186388718577,-6.374616799509503,-6.925812385039852,3.0,0.32301032301032306,3095.8762886597933,-13.300390420138683,-0.2697977973311571,-16.630382844822563,1335.5311355311355,-1.0,77.55433710701747,0.32305191441710335,
2023-08-12 10:36:01.415000,-6.63855421686747,-0.6024096385542169,-7.301204819277109,-0.5297363580625383,-6.401594114040465,-6.920907418761495,3.0,0.32301032301032306,3095.8762886597933,-13.117184313268453,-0.16292756832352354,-16.3403065089447,1332.6007326007325,-1.0,77.55433710701747,0.323050468482396,
2023-08-12 10:36:01.423000,-6.614457831325302,-0.6144578313253012,-7.2771084337349405,-0.5935009196811771,-6.34763948497854,-6.955242182709993,3.0,0.32301032301032306,3095.8762886597933,-13.040848435405858,0.1576831186993772,-16.492978264669894,1332.6007326007325,-1.0,77.55433710701747,0.3230490882084144,
2023-08-12 10:36:01.431000,-6.614457831325302,-0.6265060240963856,-7.289156626506024,-0.5469037400367872,-6.303494788473329,-6.952789699570815,3.0,0.32301032301032306,3095.8762886597933,-12.50649729036769,0.3408892255696062,-16.752520249402718,1332.6007326007325,-1.0,77.55433710701747,0.323047773265731,
2023-08-12 10:36:01.438000,-6.614457831325302,-0.6385542168674699,-7.228915662650603,-0.6229307173513182,-6.359901900674433,-6.950337216431636,3.0,0.32301032301032306,3095.8762886597933,-12.643901870520361,0.4477594545772398,-16.0196958219218,1334.065934065934,-1.0,77.55433710701747,0.3230465230606256,
2023-08-12 10:36:01.446000,-6.578313253012048,-0.6506024096385542,-7.240963855421687,-0.568976088289393,-6.337829552421827,-6.91354996934396,3.0,0.32301032301032306,3095.8762886597933,-12.50649729036769,0.5698968591573925,-16.569314142532487,1333.3333333333333,-1.0,77.55433710701747,0.3230453368847094,
2023-08-12 10:36:01.454000,-6.602409638554217,-0.6626506024096386,-7.240963855421687,-0.6866952789699571,-6.328019619865113,-6.935622317596566,3.0,0.32301032301032306,3095.8762886597933,-11.804207214031813,0.6309655614474688,-16.447176737952336,1330.4029304029302,-1.0,77.55433710701747,0.32304421391577215,
2023-08-12 10:36:01.461000,-6.590361445783133,-0.6867469879518072,-7.228915662650603,-0.6621704475781729,-6.345187001839362,-6.938074800735745,3.0,0.32301032301032306,3095.8762886597933,-12.017947672047079,0.41722510343220165,-16.584581318105005,1327.4725274725274,-1.0,77.55433710701747,0.3230431532191432,
2023-08-12 10:36:01.469000,-6.566265060240964,-0.6987951807228916,-7.253012048192772,-0.6302881667688535,-6.269160024524831,-6.962599632127529,3.0,0.32301032301032306,3095.8762886597933,-11.987413320902041,0.6156983858749497,-16.584581318105005,1324.5421245421244,-1.0,77.55433710701747,0.3230421537495718,
2023-08-12 10:36:01.477000,-6.566265060240964,-0.6987951807228916,-7.216867469879518,-0.6842427958307786,-6.244635193133047,-6.938074800735745,3.0,0.32301032301032306,3095.8762886597933,-11.529398053726469,0.18821746984441537,-16.752520249402718,1324.5421245421244,-1.0,77.55433710701747,0.3230412143536181,
2023-08-12 10:36:01.484000,-6.542168674698796,-0.7349397590361446,-7.240963855421687,-0.6695278969957081,-6.320662170447577,-6.94543225015328,3.0,0.32301032301032306,3095.8762886597933,-11.69733698502418,0.14241594312685812,-16.844123302837833,1326.7399267399267,-1.0,77.55433710701747,0.32304033377254926,
2023-08-12 10:36:01.492000,-6.518072289156627,-0.7349397590361446,-7.240963855421687,-0.6499080318822807,-6.276517473942366,-6.942979767014101,3.0,0.32301032301032306,3095.8762886597933,-11.315657595711201,0.3561564011421253,-16.431909562379815,1329.6703296703297,-1.0,77.55433710701747,0.3230395106457332,
2023-08-12 10:36:01.500000,-6.530120481927711,-0.710843373493976,-7.289156626506024,-0.6351931330472103,-6.27161250766401,-6.920907418761495,3.0,0.32301032301032306,3095.8762886597933,-11.239321717848606,0.5088281568673161,-16.416642386807297,1331.135531135531,-1.0,77.55433710701747,0.323038743514513,
2023-08-12 10:36:01.507000,-6.530120481927711,-0.7349397590361446,-7.313253012048193,-0.7063151440833844,-6.303494788473329,-7.058246474555487,3.0,0.32301032301032306,3095.8762886597933,-10.766039275100514,1.1195151797680796,-16.508245440242412,1333.3333333333333,-1.0,77.55433710701747,0.3230380308265513,
2023-08-12 10:36:01.515000,-6.493975903614458,-0.710843373493976,-7.337349397590362,-0.6842427958307786,-6.269160024524831,-7.045984058859595,3.0,0.32301032301032306,3095.8762886597933,-10.598100343802805,1.4706602179360184,-16.233436279937067,1336.263736263736,-1.0,77.55433710701747,0.32303737094062207,
2023-08-12 10:36:01.523000,-6.530120481927711,-0.6987951807228916,-7.409638554216868,-0.6621704475781729,-6.283874923359901,-7.082771305947271,3.0,0.32301032301032306,3095.8762886597933,-10.720237748382958,1.7302022026688428,-15.71435231047142,1340.6593406593406,-1.0,77.55433710701747,0.3230367621318309,
2023-08-12 10:36:01.530000,-6.518072289156627,-0.6867469879518072,-7.421686746987953,-0.733292458614347,-6.212752912323728,-7.1146535867565905,3.0,0.32301032301032306,3095.8762886597933,-10.704970572810439,1.94394266068411,-15.454810325738594,1344.3223443223442,-1.0,77.55433710701747,0.32303620273598893,
2023-08-12 10:36:01.538000,-6.518072289156627,-0.710843373493976,-7.421686746987953,-0.6695278969957081,-6.229920294297976,-7.175965665236051,3.0,0.32256632256632267,3100.137646249139,-10.735504923955476,1.8370724316764764,-15.653283608181342,1346.5201465201465,-1.0,77.55433710701747,0.32303569099648743,
2023-08-12 10:36:01.546000,-6.55421686746988,-0.6867469879518072,-7.46987951807229,-0.6229307173513182,-6.264255058246475,-7.168608215818516,3.0,0.32256632256632267,3100.137646249139,-10.903443855253187,1.3943243400734229,-15.912825592914167,1347.985347985348,-1.0,77.55433710701747,0.32303522493249154,
2023-08-12 10:36:01.553000,-6.590361445783133,-0.674698795180723,-7.457831325301205,-0.6351931330472103,-6.244635193133047,-7.183323114653587,3.0,0.32301032301032306,3095.8762886597933,-11.254588893421126,1.3027212866383084,-15.790688188334014,1347.985347985348,-1.0,77.55433710701747,0.3230348024524524,
2023-08-12 10:36:01.561000,-6.602409638554217,-0.6506024096385542,-7.530120481927711,-0.6008583690987124,-6.318209687308399,-7.20784794604537,3.0,0.32301032301032306,3095.8762886597933,-11.605733931589064,1.4553930423634993,-16.18763475321951,1346.5201465201465,-1.0,77.55433710701747,0.32303442149923167,
2023-08-12 10:36:01.569000,-6.602409638554217,-0.6385542168674699,-7.542168674698796,-0.5567136725935009,-6.320662170447577,-7.244635193133047,3.0,0.32301032301032306,3095.8762886597933,-12.170619427772271,0.9057747217528123,-16.462443913524854,1345.054945054945,-1.0,77.55433710701747,0.3230340799394737,
2023-08-12 10:36:01.576000,-6.614457831325302,-0.6385542168674699,-7.602409638554217,-0.627835683629675,-6.328019619865113,-7.320662170447577,3.0,0.32301032301032306,3095.8762886597933,-12.170619427772271,0.9057747217528123,-16.462443913524854,1346.5201465201465,-1.0,77.55433710701747,0.3230337754530192,
2023-08-12 10:36:01.584000,-6.590361445783133,-0.6024096385542169,-7.614457831325302,-0.5199264255058246,-6.266707541385653,-7.335377069282648,3.0,0.32301032301032306,3095.8762886597933,-12.323291183497462,0.661499912592507,-16.87465765398287,1350.9157509157508,-1.0,77.55433710701747,0.32303350582743995,
2023-08-12 10:36:01.591000,-6.55421686746988,-0.6144578313253012,-7.614457831325302,-0.5959534028203556,-6.25444512568976,-7.401594114040465,3.0,0.32301032301032306,3095.8762886597933,-13.02558125983334,0.050812889691743635,-17.302138570013405,1357.5091575091574,-1.0,77.55433710701747,0.3230332688055862,
2023-08-12 10:36:01.599000,-6.55421686746988,-0.6385542168674699,-7.650602409638554,-0.5861434702636419,-6.293684855916616,-7.369711833231146,3.0,0.32301032301032306,3095.8762886597933,-13.865275916321888,-0.6820115377891723,-17.928092768486685,1364.102564102564,-1.0,77.55433710701747,0.3230330619648017,
2023-08-12 10:36:01.607000,-6.530120481927711,-0.6144578313253012,-7.686746987951808,-0.5812385039852851,-6.225015328019619,-7.408951563458001,3.0,0.32301032301032306,3095.8762886597933,-14.33855835906998,-1.2010955072548213,-18.05023017306684,1367.7655677655678,-1.0,77.55433710701747,0.32303288301172756,
2023-08-12 10:36:01.614000,-6.518072289156627,-0.6265060240963856,-7.626506024096386,-0.6474555487431024,-6.296137339055794,-7.423666462293071,3.0,0.32301032301032306,3095.8762886597933,-14.750772099527996,-1.521706194277722,-18.386108035662257,1366.3003663003662,-1.0,77.55433710701747,0.3230327296300332,
2023-08-12 10:36:01.622000,-6.518072289156627,-0.6265060240963856,-7.626506024096386,-0.6376456161863887,-6.283874923359901,-7.381974248927039,3.0,0.32301032301032306,3095.8762886597933,-15.529398053726469,-1.9491871103082563,-18.508245440242412,1361.1721611721612,-1.0,77.55433710701747,0.3230325993597345,
2023-08-12 10:36:01.630000,-6.506024096385542,-0.6385542168674699,-7.650602409638554,-0.6057633353770693,-6.278969957081545,-7.377069282648681,3.0,0.32301032301032306,3095.8762886597933,-16.00268049647456,-2.3003321484761954,-18.569314142532487,1354.5787545787546,-1.0,77.55433710701747,0.32303248975326754,
2023-08-12 10:36:01.637000,-6.530120481927711,-0.6385542168674699,-7.614457831325302,-0.6229307173513182,-6.283874923359901,-7.384426732066217,3.0,0.32301032301032306,3095.8762886597933,-16.70497057281044,-2.636210011071615,-18.69145154711264,1350.18315018315,-1.0,77.55433710701747,0.3230323983822835,
2023-08-12 10:36:01.645000,-6.506024096385542,-0.6385542168674699,-7.626506024096386,-0.5665236051502146,-6.242182709993869,-7.34763948497854,3.0,0.32301032301032306,3095.8762886597933,-17.269856068993644,-3.0942252782471877,-19.0578637608531,1350.18315018315,-1.0,77.55433710701747,0.3230323228444354,
2023-08-12 10:36:01.653000,-6.506024096385542,-0.6385542168674699,-7.590361445783133,-0.5836909871244634,-6.210300429184549,-7.33292458614347,3.0,0.32301032301032306,3095.8762886597933,-17.69733698502418,-3.781248179010546,-19.592214905891264,1355.3113553113553,-1.0,77.55433710701747,0.32303226090887627,
2023-08-12 10:36:01.660000,-6.518072289156627,-0.6265060240963856,-7.55421686746988,-0.6253832004904966,-6.210300429184549,-7.33292458614347,3.0,0.32301032301032306,3095.8762886597933,-18.781306450673032,-4.05605733931589,-20.263970631082106,1367.7655677655678,-1.0,77.55433710701747,0.32303221036381347,
2023-08-12 10:36:01.668000,-6.506024096385542,-0.6265060240963856,-7.55421686746988,-0.6131207847946045,-6.227467811158798,-7.276517473942366,3.0,0.32301032301032306,3095.8762886597933,-19.147718664413492,-4.39193520191131,-20.645650020395085,1389.7435897435896,-1.0,77.55433710701747,0.32303216889549075,
2023-08-12 10:36:01.676000,-6.46987951807229,-0.6506024096385542,-7.542168674698796,-0.6621704475781729,-6.2323727774371545,-7.288779889638258,3.0,0.32301032301032306,3095.8762886597933,-19.758405687314255,-4.285064972903676,-21.103665287570657,1422.7106227106226,-1.0,77.55433710701747,0.3230321343825071,
2023-08-12 10:36:01.683000,-6.481927710843374,-0.6506024096385542,-7.55421686746988,-0.5910484365419988,-6.247087676272225,-7.256897608828939,3.0,0.32301032301032306,3095.8762886597933,-20.231688130062345,-4.300332148476195,-21.500611852456153,1465.201465201465,-1.0,77.55433710701747,0.32303210488157086,
2023-08-12 10:36:01.691000,-6.46987951807229,-0.674698795180723,-7.493975903614459,-0.6180257510729613,-6.227467811158798,-7.266707541385653,3.0,0.32256632256632267,3100.137646249139,-20.460695763650133,-4.498805430918943,-21.729619486043937,1510.6227106227104,-1.0,77.55433710701747,0.3230320784854685,
2023-08-12 10:36:01.699000,-6.493975903614458,-0.6867469879518072,-7.46987951807229,-0.6033108522378908,-6.217657878602084,-7.1440833844267315,3.0,0.32301032301032306,3095.8762886597933,-20.872909504108147,-4.330866499621234,-21.83648971505157,1561.1721611721612,-1.0,77.55433710701747,0.3230320533193922,
2023-08-12 10:36:01.706000,-6.506024096385542,-0.710843373493976,-7.445783132530121,-0.6082158185162476,-6.269160024524831,-7.1367259350091965,3.0,0.32301032301032306,3095.8762886597933,-21.239321717848608,-4.37666802633879,-22.065497348639358,1616.117216117216,-1.0,77.55433710701747,0.32303202751568566,
2023-08-12 10:36:01.714000,-6.55421686746988,-0.6987951807228916,-7.409638554216868,-0.6425505824647455,-6.328019619865113,-7.1514408338442665,3.0,0.32301032301032306,3095.8762886597933,-21.254588893421126,-3.72017947672047,-22.263970631082106,1669.5970695970695,-1.0,77.55433710701747,0.32303199925119075,
2023-08-12 10:36:01.722000,-6.590361445783133,-0.674698795180723,-7.397590361445784,-0.6523605150214592,-6.308399754751686,-7.092581238503985,3.0,0.32301032301032306,3095.8762886597933,-21.300390420138683,-4.025522988170851,-22.49297826466989,1722.3443223443223,-1.0,77.55433710701747,0.32303196676298024,
2023-08-12 10:36:01.729000,-6.63855421686747,-0.6987951807228916,-7.349397590361447,-0.6548129981606376,-6.34763948497854,-7.080318822808093,3.0,0.32301032301032306,3095.8762886597933,-21.621001107161582,-3.949187110308256,-23.02732940970806,1769.230769230769,-1.0,77.55433710701747,0.3230319283530844,
2023-08-12 10:36:01.737000,-6.63855421686747,-0.6867469879518072,-7.325301204819278,-0.7014101778050276,-6.352544451256898,-7.045984058859595,3.0,0.32301032301032306,3095.8762886597933,-21.575199580444025,-4.37666802633879,-23.225802692150808,1808.7912087912086,-1.0,77.55433710701747,0.3230318823927589,
2023-08-12 10:36:01.745000,-6.650602409638554,-0.674698795180723,-7.313253012048193,-0.6499080318822807,-6.401594114040465,-7.028816676885346,3.0,0.32301032301032306,3095.8762886597933,-21.16298583998601,-5.094225278247188,-23.164733989860732,1838.8278388278386,-1.0,77.55433710701747,0.323031827187528,
2023-08-12 10:36:01.752000,-6.662650602409639,-0.6626506024096386,-7.301204819277109,-0.6376456161863887,-6.4114040465971796,-7.05334150827713,3.0,0.32301032301032306,3095.8762886597933,-21.254588893421126,-5.246897033972378,-23.02732940970806,1855.6776556776556,-1.0,77.55433710701747,0.32303176113964044,
2023-08-12 10:36:01.760000,-6.650602409638554,-0.674698795180723,-7.253012048192772,-0.6302881667688535,-6.386879215205395,-6.994481912936848,3.0,0.32301032301032306,3095.8762886597933,-20.81184080181807,-5.338500087407493,-23.271604218868365,1862.2710622710622,-1.0,77.55433710701747,0.32303168287854034,
2023-08-12 10:36:01.768000,-6.674698795180723,-0.6506024096385542,-7.240963855421687,-0.6744328632740649,-6.4408338442673205,-6.950337216431636,3.0,0.32301032301032306,3095.8762886597933,-20.65916904609288,-5.414835965270088,-23.0578637608531,1860.8058608058607,-1.0,77.55433710701747,0.32303159097541423,
2023-08-12 10:36:01.775000,-6.662650602409639,-0.6385542168674699,-7.216867469879518,-0.598405885959534,-6.453096259963212,-6.974862047823421,3.0,0.32301032301032306,3095.8762886597933,-20.567565992657766,-5.155293980537264,-22.950993531845466,1851.2820512820513,-1.0,77.55433710701747,0.32303148396570636,
2023-08-12 10:36:01.783000,-6.686746987951808,-0.6144578313253012,-7.216867469879518,-0.5763335377069282,-6.42611894543225,-6.947884733292458,3.0,0.32301032301032306,3095.8762886597933,-20.079016374337154,-4.773614591224287,-22.84412330283783,1837.3626373626373,727.691650390625,82.45250576640805,0.3230313606375465,
2023-08-12 10:36:01.791000,-6.698795180722892,-0.6265060240963856,-7.19277108433735,-0.5370938074800735,-6.421213979153893,-6.923359901900674,3.0,0.32301032301032306,3095.8762886597933,-20.033214847619597,-4.498805430918943,-22.40137521123478,1818.3150183150183,-1.0,82.45250576640805,0.32303121987276423,
2023-08-12 10:36:01.798000,-6.710843373493976,-0.6144578313253012,-7.19277108433735,-0.6180257510729613,-6.556100551808706,-6.8988350705088894,3.0,0.32301032301032306,3095.8762886597933,-19.911077443039446,-4.162927568323523,-21.928092768486685,1794.8717948717947,-1.0,82.45250576640805,0.32303106051919034,
2023-08-12 10:36:01.806000,-6.72289156626506,-0.6144578313253012,-7.2048192771084345,-0.5665236051502146,-6.4996934396076025,-6.886572654812998,3.0,0.32301032301032306,3095.8762886597933,-19.758405687314255,-3.5980420721403172,-21.48534467688363,1769.9633699633698,-1.0,82.45250576640805,0.32303088153944975,
2023-08-12 10:36:01.814000,-6.710843373493976,-0.6024096385542169,-7.1807228915662655,-0.5714285714285714,-6.458001226241569,-6.893930104230533,3.0,0.32345432345432346,3091.6266300617704,-19.54466522929899,-3.5827748965677984,-21.256337043295847,1741.3919413919414,-1.0,82.45250576640805,0.32303068201025753,
2023-08-12 10:36:01.821000,-6.710843373493976,-0.6144578313253012,-7.1807228915662655,-0.5763335377069282,-6.489883507050888,-6.871857755977928,3.0,0.32301032301032306,3095.8762886597933,-19.269856068993644,-3.6743779500029126,-20.889924829555387,1710.6227106227104,-1.0,82.45250576640805,0.3230304614095664,
2023-08-12 10:36:01.829000,-6.734939759036145,-0.5903614457831325,-7.156626506024097,-0.5346413243408952,-6.489883507050888,-6.857142857142857,3.0,0.32301032301032306,3095.8762886597933,-18.949245381970744,-2.9415535225219966,-20.70671872268516,1679.8534798534797,-1.0,82.45250576640805,0.3230302194676964,
2023-08-12 10:36:01.837000,-6.734939759036145,-0.6024096385542169,-7.1807228915662655,-0.5370938074800735,-6.438381361128142,-6.86695278969957,3.0,0.32301032301032306,3095.8762886597933,-18.796573626245554,-3.017889400384592,-20.85939047841035,1650.5494505494505,-1.0,82.45250576640805,0.3230299557204179,
2023-08-12 10:36:01.844000,-6.746987951807229,-0.5903614457831325,-7.1807228915662655,-0.5199264255058246,-6.431023911710606,-6.886572654812998,3.0,0.32256632256632267,3100.137646249139,-18.399627061360057,-2.7583474156517678,-20.462443913524854,1621.245421245421,-1.0,82.45250576640805,0.3230296696679811,
2023-08-12 10:36:01.852000,-6.710843373493976,-0.6024096385542169,-7.1807228915662655,-0.510116492949111,-6.4776210913549965,-6.903740036787247,3.0,0.32301032301032306,3095.8762886597933,-18.399627061360057,-2.7583474156517678,-20.462443913524854,1595.6043956043954,-1.0,82.45250576640805,0.3230293609121194,
2023-08-12 10:36:01.860000,-6.698795180722892,-0.6024096385542169,-7.156626506024097,-0.510116492949111,-6.4408338442673205,-6.8522378908645,3.0,0.32301032301032306,3095.8762886597933,-18.369092710215018,-3.1552939805372637,-20.111298875356916,1572.8937728937728,-1.0,82.45250576640805,0.323029029261205,
2023-08-12 10:36:01.867000,-6.698795180722892,-0.5903614457831325,-7.168674698795181,-0.5738810545677498,-6.391784181483752,-6.8399754751686075,3.0,0.32301032301032306,3095.8762886597933,-18.17061942777227,-3.0636909271021495,-20.447176737952336,1551.6483516483515,-1.0,82.45250576640805,0.3230286747391869,
2023-08-12 10:36:01.875000,-6.674698795180723,-0.6144578313253012,-7.216867469879518,-0.5542611894543225,-6.421213979153893,-6.859595340282035,3.0,0.32301032301032306,3095.8762886597933,-17.743138511741737,-2.620942835499096,-20.477711089097372,1530.4029304029302,-1.0,82.45250576640805,0.3230282973068937,
2023-08-12 10:36:01.883000,-6.650602409638554,-0.6024096385542169,-7.216867469879518,-0.5787860208461066,-6.34763948497854,-6.86695278969957,3.0,0.32301032301032306,3095.8762886597933,-17.880543091894406,-2.7430802400792484,-20.416642386807297,1509.89010989011,-1.0,82.45250576640805,0.32302789701967266,
2023-08-12 10:36:01.890000,-6.63855421686747,-0.6144578313253012,-7.240963855421687,-0.5370938074800735,-6.330472103004292,-6.925812385039852,3.0,0.32301032301032306,3095.8762886597933,-17.911077443039446,-2.437736728628867,-20.752520249402718,1491.5750915750914,-1.0,82.45250576640805,0.3230274740144909,
2023-08-12 10:36:01.898000,-6.626506024096386,-0.6024096385542169,-7.228915662650603,-0.5616186388718577,-6.345187001839362,-6.947884733292458,3.0,0.32301032301032306,3095.8762886597933,-17.69733698502418,-2.101858866033447,-20.35557368451722,1477.6556776556777,-1.0,82.45250576640805,0.3230270283791974,
2023-08-12 10:36:01.906000,-6.614457831325302,-0.6024096385542169,-7.228915662650603,-0.5616186388718577,-6.34763948497854,-6.923359901900674,3.0,0.32301032301032306,3095.8762886597933,-17.743138511741737,-1.8423168813006228,-20.52351261581493,1465.201465201465,-1.0,82.45250576640805,0.32302656029844856,
2023-08-12 10:36:01.913000,-6.614457831325302,-0.6024096385542169,-7.228915662650603,-0.539546290619252,-6.256897608828939,-6.984671980380135,3.0,0.32301032301032306,3095.8762886597933,-18.033214847619597,-1.5675077209952792,-20.660917195967603,1449.084249084249,-1.0,82.45250576640805,0.3230260700503142,
2023-08-12 10:36:01.921000,-6.614457831325302,-0.6024096385542169,-7.2048192771084345,-0.5861434702636419,-6.340282035561005,-6.928264868179031,3.0,0.32301032301032306,3095.8762886597933,-17.590466756016546,-1.2774313851174166,-20.660917195967603,1430.03663003663,-1.0,82.45250576640805,0.3230255581416175,
2023-08-12 10:36:01.929000,-6.590361445783133,-0.5903614457831325,-7.228915662650603,-0.6033108522378908,-6.389331698344574,-6.918454935622317,3.0,0.32256632256632267,3100.137646249139,-17.97214614532952,-1.1858283316823022,-20.935726356272944,1410.2564102564102,-1.0,82.45250576640805,0.32302502528414895,
2023-08-12 10:36:01.936000,-6.626506024096386,-0.5903614457831325,-7.265060240963856,-0.49294911097486205,-6.357449417535254,-7.026364193746168,3.0,0.32301032301032306,3095.8762886597933,-18.04848202319212,-0.6820115377891723,-21.134199638715693,1392.6739926739926,-1.0,82.45250576640805,0.3230244720939893,
2023-08-12 10:36:01.944000,-6.614457831325302,-0.5662650602409639,-7.2771084337349405,-0.5199264255058246,-6.340282035561005,-6.987124463519313,3.0,0.32301032301032306,3095.8762886597933,-17.85000874074937,-0.8804848202319204,-21.439543150166074,1375.091575091575,-1.0,82.45250576640805,0.32302389921666513,
2023-08-12 10:36:01.952000,-6.614457831325302,-0.5783132530120483,-7.325301204819278,-0.5787860208461066,-6.362354383813611,-6.977314530962599,3.0,0.32301032301032306,3095.8762886597933,-17.636268282734104,-1.1400268049647448,-21.454810325738595,1362.6373626373625,-1.0,82.45250576640805,0.3230233073449149,
2023-08-12 10:36:01.959000,-6.626506024096386,-0.5783132530120483,-7.301204819277109,-0.5125689760882893,-6.408951563458001,-7.004291845493562,3.0,0.32301032301032306,3095.8762886597933,-17.590466756016546,-1.1858283316823022,-21.622749257036304,1352.3809523809523,-1.0,82.45250576640805,0.323022697236312,
2023-08-12 10:36:01.967000,-6.650602409638554,-0.5542168674698795,-7.337349397590362,-0.539546290619252,-6.33292458614347,-7.063151440833844,3.0,0.32301032301032306,3095.8762886597933,-17.407260649146316,-1.2163626828273404,-21.653283608181344,1342.1245421245421,-1.0,82.45250576640805,0.32302206983798887,
2023-08-12 10:36:01.974000,-6.662650602409639,-0.5542168674698795,-7.337349397590362,-0.4414469650521152,-6.489883507050888,-7.095033721643163,3.0,0.32301032301032306,3095.8762886597933,-17.224054542276086,-1.2163626828273404,-21.500611852456153,1332.6007326007325,-1.0,82.45250576640805,0.32302142613453827,
2023-08-12 10:36:01.982000,-6.662650602409639,-0.5421686746987953,-7.337349397590362,-0.5346413243408952,-6.401594114040465,-7.0999386879215205,3.0,0.32301032301032306,3095.8762886597933,-17.453062175863874,-0.8499504690868823,-21.21053551657829,1327.4725274725274,-1.0,82.45250576640805,0.3230207671451016,
2023-08-12 10:36:01.990000,-6.674698795180723,-0.49397590361445787,-7.337349397590362,-0.47087676272225626,-6.460453709380747,-7.019006744328633,3.0,0.32301032301032306,3095.8762886597933,-17.285123244566165,-1.1858283316823022,-21.71435231047142,1326.7399267399267,-1.0,82.45250576640805,0.32302009392036984,
2023-08-12 10:36:01.997000,-6.72289156626506,-0.5060240963855422,-7.337349397590362,-0.41201716738197425,-6.4702636419374615,-7.023911710606989,3.0,0.32301032301032306,3095.8762886597933,-17.453062175863874,-0.9415535225219968,-21.53114620360119,1329.6703296703297,-1.0,82.45250576640805,0.3230194074007561,
2023-08-12 10:36:02.005000,-6.746987951807229,-0.46987951807228917,-7.373493975903615,-0.39239730226854685,-6.4702636419374615,-7.112201103617412,3.0,0.32301032301032306,3095.8762886597933,-17.34619194685624,-1.1400268049647448,-21.89755841734165,1333.3333333333333,-1.0,82.45250576640805,0.32301870871112875,
2023-08-12 10:36:02.013000,-6.759036144578314,-0.45783132530120485,-7.337349397590362,-0.3531575720416922,-6.4996934396076025,-7.065603923973022,3.0,0.32301032301032306,3095.8762886597933,-17.48359652700891,-1.2774313851174166,-21.68381795932638,1339.194139194139,-1.0,82.45250576640805,0.3230179991261014,
2023-08-12 10:36:02.020000,-6.759036144578314,-0.45783132530120485,-7.337349397590362,-0.41201716738197425,-6.502145922746781,-7.038626609442059,3.0,0.32301032301032306,3095.8762886597933,-17.758405687314255,-1.5675077209952792,-22.37084086008974,1347.985347985348,-1.0,82.45250576640805,0.32301727979008477,
2023-08-12 10:36:02.028000,-6.759036144578314,-0.46987951807228917,-7.325301204819278,-0.38994481912936846,-6.509503372164316,-7.0999386879215205,3.0,0.32301032301032306,3095.8762886597933,-17.788940038459295,-1.6133092477128363,-22.20290192879203,1354.5787545787546,-1.0,82.45250576640805,0.3230165518633177,
2023-08-12 10:36:02.036000,-6.734939759036145,-0.46987951807228917,-7.36144578313253,-0.4071122011036174,-6.460453709380747,-7.0999386879215205,3.0,0.32301032301032306,3095.8762886597933,-17.605733931589064,-2.407202377483829,-22.126566050929434,1361.904761904762,-1.0,82.45250576640805,0.3230158163798379,
2023-08-12 10:36:02.043000,-6.746987951807229,-0.46987951807228917,-7.373493975903615,-0.4414469650521152,-6.406499080318823,-7.097486204782342,3.0,0.32301032301032306,3095.8762886597933,-17.956878969757003,-2.575141308781539,-21.928092768486685,1366.3003663003662,-1.0,82.45250576640805,0.3230150744033263,
2023-08-12 10:36:02.051000,-6.72289156626506,-0.46987951807228917,-7.373493975903615,-0.4438994481912937,-6.47271612507664,-7.156345800122624,3.0,0.32301032301032306,3095.8762886597933,-17.590466756016546,-2.8652176446594013,-21.821222539479052,1367.032967032967,-1.0,82.45250576640805,0.3230143271514466,
2023-08-12 10:36:02.059000,-6.698795180722892,-0.46987951807228917,-7.385542168674699,-0.42918454935622313,-6.480073574494175,-7.122011036174126,3.0,0.32301032301032306,3095.8762886597933,-18.18588660334479,-2.590408484354058,-21.088398111998135,1364.102564102564,-1.0,82.45250576640805,0.32301357584349666,
2023-08-12 10:36:02.066000,-6.710843373493976,-0.46987951807228917,-7.349397590361447,-0.4095646842427958,-6.47271612507664,-7.036174126302881,3.0,0.32301032301032306,3095.8762886597933,-17.865275916321888,-2.575141308781539,-20.935726356272944,1358.974358974359,-1.0,82.45250576640805,0.323012821697385,
2023-08-12 10:36:02.074000,-6.72289156626506,-0.4819277108433735,-7.313253012048193,-0.38994481912936846,-6.453096259963212,-7.043531575720417,3.0,0.32301032301032306,3095.8762886597933,-18.50649729036769,-2.9415535225219966,-20.844123302837833,1354.5787545787546,-1.0,82.45250576640805,0.3230120659266536,
2023-08-12 10:36:02.082000,-6.72289156626506,-0.45783132530120485,-7.289156626506024,-0.46842427958307786,-6.450643776824034,-7.001839362354383,3.0,0.32345432345432346,3091.6266300617704,-18.460695763650133,-2.788881766796806,-20.82885612726531,1347.985347985348,-1.0,82.45250576640805,0.32301130973755143,
2023-08-12 10:36:02.089000,-6.72289156626506,-0.4819277108433735,-7.253012048192772,-0.44880441446965047,-6.399141630901287,-6.984671980380135,3.0,0.32301032301032306,3095.8762886597933,-18.582833168230284,-2.804148942369325,-20.82885612726531,1339.194139194139,-1.0,82.45250576640805,0.323010554475463,
2023-08-12 10:36:02.097000,-6.746987951807229,-0.46987951807228917,-7.240963855421687,-0.4193746167995095,-6.494788473329246,-6.99202942979767,3.0,0.32256632256632267,3100.137646249139,-18.414894236932575,-3.2010955072548213,-21.042596585280577,1331.8681318681317,-1.0,82.45250576640805,0.3230098014946974,
2023-08-12 10:36:02.105000,-6.710843373493976,-0.5060240963855422,-7.265060240963856,-0.41201716738197425,-6.4849785407725316,-6.93071735131821,3.0,0.32301032301032306,3095.8762886597933,-18.62863469494784,-3.857584056873142,-21.607482081463786,1324.5421245421244,-1.0,82.45250576640805,0.3230090518475383,
2023-08-12 10:36:02.112000,-6.72289156626506,-0.5060240963855422,-7.228915662650603,-0.45616186388718577,-6.511955855303494,-6.935622317596566,3.0,0.32301032301032306,3095.8762886597933,-18.53703164151273,-4.101858866033447,-21.48534467688363,1317.9487179487178,-1.0,82.45250576640805,0.323008306547967,
2023-08-12 10:36:02.120000,-6.686746987951808,-0.49397590361445787,-7.240963855421687,-0.45616186388718577,-6.445738810545677,-7.016554261189454,3.0,0.32301032301032306,3095.8762886597933,-18.720237748382957,-4.361400850766271,-21.653283608181344,1310.6227106227104,-1.0,82.45250576640805,0.3230075667282371,
2023-08-12 10:36:02.128000,-6.650602409638554,-0.5060240963855422,-7.240963855421687,-0.48068669527896996,-6.399141630901287,-6.974862047823421,3.0,0.32301032301032306,3095.8762886597933,-18.720237748382957,-4.361400850766271,-21.653283608181344,1304.7619047619046,-1.0,82.45250576640805,0.32300683349766945,
2023-08-12 10:36:02.135000,-6.650602409638554,-0.4819277108433735,-7.228915662650603,-0.3948497854077253,-6.39423666462293,-6.93071735131821,3.0,0.32301032301032306,3095.8762886597933,-18.20115377891731,-4.2392634461861185,-21.470077501311113,1301.098901098901,-1.0,82.45250576640805,0.32300610794029394,
2023-08-12 10:36:02.143000,-6.662650602409639,-0.4819277108433735,-7.240963855421687,-0.4537093807480073,-6.421213979153893,-6.918454935622317,3.0,0.32301032301032306,3095.8762886597933,-18.384359885787536,-4.208729095041081,-21.042596585280577,1297.4358974358975,-1.0,82.45250576640805,0.32300539111260285,
2023-08-12 10:36:02.151000,-6.662650602409639,-0.46987951807228917,-7.19277108433735,-0.44880441446965047,-6.389331698344574,-6.920907418761495,3.0,0.32256632256632267,3100.137646249139,-17.712604160596698,-3.6743779500029126,-21.088398111998135,1290.8424908424909,-1.0,82.45250576640805,0.3230046840414145,
2023-08-12 10:36:02.158000,-6.698795180722892,-0.45783132530120485,-7.19277108433735,-0.4316370324954016,-6.4114040465971796,-6.884120171673819,3.0,0.32301032301032306,3095.8762886597933,-17.69733698502418,-3.3232329118349737,-20.431909562379815,1284.9816849816848,-1.0,82.45250576640805,0.3230039877113112,
2023-08-12 10:36:02.166000,-6.710843373493976,-0.45783132530120485,-7.1807228915662655,-0.42427958307786634,-6.504598405885959,-6.80564071122011,3.0,0.32301032301032306,3095.8762886597933,-17.19352019113105,-3.0789581026746684,-20.309772157799664,1281.3186813186812,-1.0,82.45250576640805,0.32300330303103225,
2023-08-12 10:36:02.174000,-6.807228915662651,-0.46987951807228917,-7.156626506024097,-0.3678724708767627,-6.509503372164316,-6.871857755977928,3.0,0.32301032301032306,3095.8762886597933,-16.933978206398223,-2.849950469086882,-20.0196958219218,1277.6556776556777,-1.0,82.45250576640805,0.32300263086302705,
2023-08-12 10:36:02.181000,-6.819277108433735,-0.46987951807228917,-7.168674698795181,-0.4193746167995095,-6.62722256284488,-6.854690374003678,3.0,0.32301032301032306,3095.8762886597933,-16.84237515296311,-2.3614008507662714,-20.05023017306684,1276.1904761904761,-1.0,82.45250576640805,0.3230019720319765,
2023-08-12 10:36:02.189000,-6.867469879518072,-0.45783132530120485,-7.19277108433735,-0.5125689760882893,-6.583077866339669,-6.935622317596566,3.0,0.32301032301032306,3095.8762886597933,-16.292756832352424,-2.666744362216653,-19.68381795932638,1273.260073260073,-1.0,82.45250576640805,0.3230013273229093,
2023-08-12 10:36:02.197000,-6.891566265060241,-0.45783132530120485,-7.216867469879518,-0.3531575720416922,-6.597792765174739,-6.920907418761495,3.0,0.32301032301032306,3095.8762886597933,-15.83474156517685,-2.3766680263387907,-19.6990851348989,1269.5970695970695,-1.0,82.45250576640805,0.3230006974794648,
2023-08-12 10:36:02.204000,-6.891566265060241,-0.44578313253012053,-7.228915662650603,-0.41201716738197425,-6.629675045984058,-6.933169834457388,3.0,0.32301032301032306,3095.8762886597933,-15.468329351436392,-1.9644542858807754,-19.39374162344852,1268.131868131868,-1.0,82.45250576640805,0.32300008320231005,
2023-08-12 10:36:02.212000,-6.903614457831326,-0.43373493975903615,-7.265060240963856,-0.42427958307786634,-6.664009809932557,-6.962599632127529,3.0,0.32301032301032306,3095.8762886597933,-14.903443855253187,-1.5827748965677984,-18.87465765398287,1267.3992673992673,-1.0,82.45250576640805,0.32299948514771354,
2023-08-12 10:36:02.220000,-6.867469879518072,-0.43373493975903615,-7.240963855421687,-0.37522992029429797,-6.629675045984058,-6.94543225015328,3.0,0.32256632256632267,3100.137646249139,-14.720237748382957,-1.5675077209952792,-18.157100402074473,1263.003663003663,-1.0,82.45250576640805,0.3229989039262827,
2023-08-12 10:36:02.227000,-6.855421686746988,-0.4096385542168675,-7.216867469879518,-0.39975475168608215,-6.600245248313917,-6.933169834457388,3.0,0.32301032301032306,3095.8762886597933,-14.033214847619599,-1.1400268049647448,-17.85175689062409,1261.5384615384614,-1.0,82.45250576640805,0.3229983399525728,
2023-08-12 10:36:02.235000,-6.843373493975904,-0.4096385542168675,-7.216867469879518,-0.35806253832004903,-6.614960147148988,-6.8522378908645,3.0,0.32301032301032306,3095.8762886597933,-13.68206980945166,-1.5522405454227601,-16.90519200512791,1260.8058608058607,-1.0,82.45250576640805,0.3229977935715785,
2023-08-12 10:36:02.243000,-6.843373493975904,-0.44578313253012053,-7.216867469879518,-0.35806253832004903,-6.637032495401594,-6.886572654812998,3.0,0.32256632256632267,3100.137646249139,-12.949245381970744,-1.8117825301555845,-16.431909562379815,1260.8058608058607,-1.0,82.45250576640805,0.3229972652169156,
2023-08-12 10:36:02.250000,-6.819277108433735,-0.4819277108433735,-7.2048192771084345,-0.43654199877375843,-6.548743102391171,-6.952789699570815,3.0,0.32301032301032306,3095.8762886597933,-12.537031641512728,-2.788881766796806,-15.912825592914167,1262.2710622710622,-1.0,82.45250576640805,0.32299675512201276,
2023-08-12 10:36:02.258000,-6.807228915662651,-0.5180722891566265,-7.1807228915662655,-0.49540159411404044,-6.4923359901900675,-6.903740036787247,3.0,0.32301032301032306,3095.8762886597933,-11.987413320902041,-2.804148942369325,-15.317405745585921,1265.9340659340658,-1.0,82.45250576640805,0.32299626344694593,
2023-08-12 10:36:02.266000,-6.734939759036145,-0.5421686746987953,-7.1807228915662655,-0.5150214592274678,-6.497240956468424,-6.923359901900674,3.0,0.32301032301032306,3095.8762886597933,-11.453062175863874,-3.475904667560165,-15.042596585280577,1268.8644688644688,-1.0,82.45250576640805,0.3229957904369795,
2023-08-12 10:36:02.273000,-6.686746987951808,-0.5903614457831325,-7.2048192771084345,-0.5321888412017167,-6.377069282648681,-6.884120171673819,3.0,0.32301032301032306,3095.8762886597933,-11.16298583998601,-2.88048482023192,-14.279237806654624,1271.7948717948716,-1.0,82.45250576640805,0.32299533628342286,
2023-08-12 10:36:02.281000,-6.614457831325302,-0.6144578313253012,-7.19277108433735,-0.551808706315144,-6.251992642550582,-6.893930104230533,3.0,0.32256632256632267,3100.137646249139,-10.704970572810439,-2.7278130645067296,-14.263970631082104,1273.260073260073,-1.0,82.45250576640805,0.3229949011234328,
2023-08-12 10:36:02.289000,-6.493975903614458,-0.6265060240963856,-7.1325301204819285,-0.6229307173513182,-6.161250766400981,-6.8031882280809315,3.0,0.32301032301032306,3095.8762886597933,-10.689703397237919,-1.9797214614532945,-13.760153837188975,1274.7252747252746,-1.0,82.45250576640805,0.3229944848907224,
2023-08-12 10:36:02.296000,-6.421686746987952,-0.6867469879518072,-7.096385542168675,-0.615573267933783,-6.082771305947271,-6.79092581238504,3.0,0.32301032301032306,3095.8762886597933,-10.3538255346425,-2.3766680263387907,-14.32503933337218,1273.260073260073,-1.0,82.45250576640805,0.3229940874431815,
2023-08-12 10:36:02.304000,-6.325301204819278,-0.7228915662650602,-7.024096385542169,-0.6376456161863887,-6.058246474555487,-6.776210913549969,3.0,0.32256632256632267,3100.137646249139,-10.720237748382958,-2.330866499621233,-14.35557368451722,1270.3296703296703,-1.0,82.45250576640805,0.3229937087222181,
2023-08-12 10:36:02.312000,-6.253012048192772,-0.7710843373493976,-7.048192771084338,-0.733292458614347,-5.965052115266707,-6.7369711833231145,3.0,0.32256632256632267,3100.137646249139,-10.918711030825705,-1.4301031408426075,-14.447176737952333,1266.6666666666665,-1.0,82.45250576640805,0.32299334846513555,
2023-08-12 10:36:02.319000,-6.216867469879518,-0.8433734939759037,-7.0843373493975905,-0.8166768853464133,-5.989576946658492,-6.798283261802575,3.0,0.32301032301032306,3095.8762886597933,-10.598100343802805,-1.4606374919876457,-14.538779791387448,1263.003663003663,-1.0,82.45250576640805,0.32299300618388344,
2023-08-12 10:36:02.327000,-6.204819277108434,-0.8795180722891567,-7.096385542168675,-0.8436541998773758,-5.908645003065604,-6.7958307786633965,3.0,0.32256632256632267,3100.137646249139,-10.52176446594021,-0.972087873667035,-14.99679505856302,1260.07326007326,-1.0,82.45250576640805,0.3229926814522502,
2023-08-12 10:36:02.334000,-6.168674698795181,-0.9518072289156627,-7.168674698795181,-0.9809932556713672,-5.879215205395463,-6.889025137952176,3.0,0.32301032301032306,3095.8762886597933,-10.643901870520363,0.1729502942718963,-15.454810325738594,1257.142857142857,-1.0,82.45250576640805,0.3229923737776171,
2023-08-12 10:36:02.342000,-6.19277108433735,-0.9759036144578314,-7.216867469879518,-0.944206008583691,-5.901287553648069,-6.952789699570815,3.0,0.32301032301032306,3095.8762886597933,-9.911077443039446,1.0584464774780031,-15.439543150166074,1252.014652014652,-1.0,82.45250576640805,0.32299208259051554,
2023-08-12 10:36:02.350000,-6.204819277108434,-1.0240963855421688,-7.289156626506024,-1.0349478847332925,-5.935622317596566,-7.038626609442059,3.0,0.32301032301032306,3095.8762886597933,-9.636268282734102,1.5164617446535755,-15.760153837188977,1249.084249084249,-1.0,82.45250576640805,0.3229918074046756,
2023-08-12 10:36:02.357000,-6.253012048192772,-1.0481927710843375,-7.301204819277109,-0.9589209074187615,-5.989576946658492,-7.065603923973022,3.0,0.32301032301032306,3095.8762886597933,-9.483596527008912,3.058446477478003,-15.683817959326381,1243.956043956044,-1.0,82.45250576640805,0.32299154767942917,
2023-08-12 10:36:02.365000,-6.337349397590362,-1.072289156626506,-7.373493975903615,-1.0839975475168608,-6.102391171060699,-7.139178418148375,3.0,0.32256632256632267,3100.137646249139,-9.483596527008912,3.9134083095390717,-15.531146203601189,1236.6300366300366,-1.0,82.45250576640805,0.32299130282109023,
2023-08-12 10:36:02.373000,-6.457831325301205,-1.0963855421686748,-7.421686746987953,-1.0864500306560392,-6.1440833844267315,-7.141630901287553,3.0,0.32256632256632267,3100.137646249139,-10.048482023192118,5.119515179768079,-16.599848493677527,1229.3040293040292,-1.0,82.45250576640805,0.3229910720352784,
2023-08-12 10:36:02.380000,-6.530120481927711,-1.072289156626506,-7.421686746987953,-1.0938074800735744,-6.261802575107295,-7.1367259350091965,3.0,0.32256632256632267,3100.137646249139,-10.017947672047079,5.7760037293863995,-17.04259658528058,1224.1758241758241,-1.0,82.45250576640805,0.32299085430688973,
2023-08-12 10:36:02.388000,-6.63855421686747,-1.0481927710843375,-7.433734939759036,-1.0275904353157572,-6.39423666462293,-7.168608215818516,3.0,0.32256632256632267,3100.137646249139,-10.094283549909676,5.974477011829148,-17.973894295204243,1221.9780219780218,-1.0,82.45250576640805,0.32299064853923654,
2023-08-12 10:36:02.396000,-6.734939759036145,-1.0120481927710845,-7.421686746987953,-0.944206008583691,-6.480073574494175,-7.148988350705088,3.0,0.32256632256632267,3100.137646249139,-10.796573626245554,5.348522813355865,-19.19526834100577,1224.1758241758241,-1.0,82.45250576640805,0.3229904534157347,
2023-08-12 10:36:02.403000,-6.819277108433735,-1.0240963855421688,-7.445783132530121,-1.0374003678724708,-6.551195585530349,-7.220110361741263,3.0,0.32301032301032306,3095.8762886597933,-10.796573626245554,5.348522813355865,-19.19526834100577,1232.2344322344322,-1.0,82.45250576640805,0.3229902675595146,
2023-08-12 10:36:02.411000,-6.843373493975904,-1.0240963855421688,-7.506024096385542,-1.0006131207847946,-6.570815450643776,-7.168608215818516,3.0,0.32256632256632267,3100.137646249139,-10.445428588077615,3.9134083095390717,-19.928092768486685,1247.6190476190475,-1.0,82.45250576640805,0.3229900898108675,
2023-08-12 10:36:02.419000,-6.855421686746988,-1.0,-7.518072289156627,-0.9000613120784794,-6.5659104843654195,-7.291232372777436,3.0,0.32301032301032306,3095.8762886597933,-11.51413087815395,2.9821105996154076,-20.569314142532487,1265.9340659340658,-1.0,82.45250576640805,0.3229899189513328,
2023-08-12 10:36:02.426000,-6.879518072289157,-0.963855421686747,-7.578313253012048,-0.9245861434702636,-6.651747394236664,-7.340282035561005,3.0,0.32256632256632267,3100.137646249139,-11.621001107161584,2.2645533477070106,-20.950993531845466,1286.4468864468863,-1.0,82.45250576640805,0.3229897536949206,
2023-08-12 10:36:02.434000,-6.879518072289157,-0.9277108433734941,-7.626506024096386,-0.8804414469650521,-6.610055180870631,-7.342734518700183,3.0,0.32301032301032306,3095.8762886597933,-12.52176446594021,1.9286754851115908,-20.966260707417984,1309.1575091575091,-1.0,82.45250576640805,0.3229895927005738,
2023-08-12 10:36:02.442000,-6.867469879518072,-0.9036144578313253,-7.638554216867471,-0.8412017167381973,-6.659104843654199,-7.37952176578786,3.0,0.32301032301032306,3095.8762886597933,-12.811840801818072,1.7149350270963237,-20.263970631082106,1335.5311355311355,-1.0,82.45250576640805,0.3229894345637279,
2023-08-12 10:36:02.449000,-6.879518072289157,-0.8674698795180723,-7.650602409638554,-0.8583690987124463,-6.637032495401594,-7.352544451256898,3.0,0.32301032301032306,3095.8762886597933,-14.017947672047079,1.4706602179360184,-19.912825592914167,1372.161172161172,-1.0,82.45250576640805,0.32298927797840565,
2023-08-12 10:36:02.457000,-6.867469879518072,-0.819277108433735,-7.614457831325302,-0.7504598405885959,-6.600245248313917,-7.399141630901287,3.0,0.32256632256632267,3100.137646249139,-14.613367519375323,0.8752403706077742,-18.996795058563023,1415.3846153846152,-1.0,82.45250576640805,0.3229891216017039,
2023-08-12 10:36:02.465000,-6.855421686746988,-0.7951807228915663,-7.590361445783133,-0.7283874923359902,-6.61250766400981,-7.34763948497854,3.0,0.32301032301032306,3095.8762886597933,-15.51413087815395,-0.4835382553464243,-18.950993531845466,1464.4688644688645,-1.0,82.45250576640805,0.3229889639080041,
2023-08-12 10:36:02.472000,-6.855421686746988,-0.7710843373493976,-7.566265060240965,-0.7283874923359902,-6.59534028203556,-7.303494788473329,3.0,0.32301032301032306,3095.8762886597933,-15.911077443039446,-1.2468970339723784,-17.85175689062409,1514.2857142857142,-1.0,82.45250576640805,0.3229888033201572,
2023-08-12 10:36:02.480000,-6.879518072289157,-0.7710843373493976,-7.530120481927711,-0.7700797057020232,-6.551195585530349,-7.269160024524831,3.0,0.32301032301032306,3095.8762886597933,-16.933978206398223,-2.422469553056348,-17.439543150166074,1565.5677655677655,-1.0,82.45250576640805,0.3229886383724515,
2023-08-12 10:36:02.488000,-6.867469879518072,-0.746987951807229,-7.55421686746988,-0.7381974248927038,-6.605150214592275,-7.337829552421827,3.0,0.32301032301032306,3095.8762886597933,-17.086649962123417,-3.21636268282734,-17.89755841734165,1617.5824175824175,-1.0,82.45250576640805,0.3229884675759587,
2023-08-12 10:36:02.495000,-6.83132530120482,-0.7228915662650602,-7.578313253012048,-0.6965052115266707,-6.516860821581851,-7.293684855916615,3.0,0.32301032301032306,3095.8762886597933,-18.124817901054712,-3.6133092477128366,-18.080764524211876,1668.8644688644688,-1.0,82.45250576640805,0.3229882894228834,
2023-08-12 10:36:02.503000,-6.759036144578314,-0.746987951807229,-7.55421686746988,-0.7406499080318822,-6.39423666462293,-7.303494788473329,3.0,0.32301032301032306,3095.8762886597933,-18.33855835906998,-4.101858866033447,-18.431909562379815,1713.5531135531135,-1.0,82.45250576640805,0.3229881023911588,
2023-08-12 10:36:02.511000,-6.650602409638554,-0.7349397590361446,-7.506024096385542,-0.7234825260576333,-6.328019619865113,-7.25444512568976,3.0,0.32301032301032306,3095.8762886597933,-18.872909504108147,-5.21636268282734,-19.149466814288214,1750.9157509157508,-1.0,82.45250576640805,0.3229879049492763,
2023-08-12 10:36:02.518000,-6.55421686746988,-0.7710843373493976,-7.506024096385542,-0.745554874310239,-6.190680564071122,-7.20784794604537,3.0,0.32301032301032306,3095.8762886597933,-19.437795000291356,-5.369034438552531,-19.39374162344852,1778.021978021978,-1.0,82.45250576640805,0.32298769542259026,
2023-08-12 10:36:02.526000,-6.445783132530121,-0.7710843373493976,-7.506024096385542,-0.7651747394236664,-6.1661557326793375,-7.1931330472103,3.0,0.32301032301032306,3095.8762886597933,-20.20115377891731,-6.086591690460928,-20.538779791387448,1794.139194139194,-1.0,82.45250576640805,0.32298747215771195,
2023-08-12 10:36:02.534000,-6.409638554216868,-0.8072289156626506,-7.46987951807229,-0.7480073574494175,-6.033721643163703,-7.168608215818516,3.0,0.32301032301032306,3095.8762886597933,-20.85764232853563,-6.590408484354057,-20.263970631082106,1802.197802197802,-1.0,82.45250576640805,0.32298723365558357,
2023-08-12 10:36:02.541000,-6.349397590361446,-0.855421686746988,-7.457831325301205,-0.8313917841814837,-6.075413856529736,-7.134273451870018,3.0,0.32301032301032306,3095.8762886597933,-21.804207214031813,-6.2239962706136,-20.85939047841035,1802.9304029304028,-1.0,82.45250576640805,0.3229869784280189,
2023-08-12 10:36:02.549000,-6.313253012048193,-0.9156626506024097,-7.421686746987953,-0.9000613120784794,-6.004291845493562,-7.112201103617412,3.0,0.32301032301032306,3095.8762886597933,-22.33855835906998,-5.3537672629800115,-21.18000116543325,1797.8021978021977,750.67138671875,79.92844946743638,0.3229867050037013,
2023-08-12 10:36:02.557000,-6.349397590361446,-0.963855421686747,-7.385542168674699,-0.9515634580012262,-6.058246474555487,-7.072961373390558,3.0,0.32301032301032306,3095.8762886597933,-23.17825301555853,-5.369034438552531,-22.03496299749432,1786.8131868131868,-1.0,79.92844946743638,0.32298641179556725,
2023-08-12 10:36:02.564000,-6.349397590361446,-1.0240963855421688,-7.337349397590362,-1.0349478847332925,-6.068056407112201,-7.0680564071122,3.0,0.32301032301032306,3095.8762886597933,-24.109550725482194,-5.292698560689936,-22.508245440242412,1767.7655677655675,-1.0,79.92844946743638,0.32298609726618344,
2023-08-12 10:36:02.572000,-6.385542168674699,-1.0481927710843375,-7.313253012048193,-1.0839975475168608,-6.0999386879215205,-7.090128755364806,3.0,0.32301032301032306,3095.8762886597933,-24.70497057281044,-5.3537672629800115,-23.042596585280577,1743.5897435897434,-1.0,79.92844946743638,0.322985760061697,
2023-08-12 10:36:02.580000,-6.433734939759036,-1.036144578313253,-7.265060240963856,-1.0079705702023298,-6.180870631514408,-6.969957081545064,3.0,0.32301032301032306,3095.8762886597933,-25.682069809451658,-4.086591690460928,-24.065497348639358,1716.4835164835163,-1.0,79.92844946743638,0.3229853988691386,
2023-08-12 10:36:02.587000,-6.506024096385542,-1.0120481927710845,-7.240963855421687,-0.9809932556713672,-6.1735131820968725,-6.94543225015328,3.0,0.32301032301032306,3095.8762886597933,-26.50649729036769,-3.2316298583998595,-25.149466814288214,1688.6446886446886,-1.0,79.92844946743638,0.3229850124230531,
2023-08-12 10:36:02.595000,-6.542168674698796,-0.9879518072289157,-7.19277108433735,-0.9883507050889024,-6.234825260576333,-6.942979767014101,3.0,0.32301032301032306,3095.8762886597933,-26.796573626245554,-2.3919352019113096,-26.111298875356916,1660.07326007326,-1.0,79.92844946743638,0.3229845995121354,
2023-08-12 10:36:02.603000,-6.578313253012048,-0.9759036144578314,-7.240963855421687,-0.9491109748620478,-6.305947271612507,-6.920907418761495,3.0,0.32301032301032306,3095.8762886597933,-27.224054542276086,-1.369034438552531,-27.02732940970806,1633.6996336996335,-1.0,79.92844946743638,0.3229841589858377,
2023-08-12 10:36:02.610000,-6.626506024096386,-0.9397590361445783,-7.253012048192772,-0.927038626609442,-6.335377069282648,-6.952789699570815,3.0,0.32256632256632267,3100.137646249139,-27.04084843540586,-0.7736145912242869,-27.33267292115844,1609.5238095238094,-1.0,79.92844946743638,0.32298368976091624,
2023-08-12 10:36:02.618000,-6.674698795180723,-0.9036144578313253,-7.253012048192772,-0.8362967504598405,-6.494788473329246,-6.974862047823421,3.0,0.32301032301032306,3095.8762886597933,-27.086649962123413,-0.22399627061359986,-27.134199638715693,1588.278388278388,-1.0,79.92844946743638,0.3229831906785929,
2023-08-12 10:36:02.626000,-6.783132530120482,-0.855421686746988,-7.240963855421687,-0.7970570202329859,-6.5732679337829545,-6.86695278969957,3.0,0.32301032301032306,3095.8762886597933,-27.208787366703568,0.3408892255696062,-26.950993531845466,1569.9633699633698,-1.0,79.92844946743638,0.3229826606383002,
2023-08-12 10:36:02.633000,-6.891566265060241,-0.8072289156626506,-7.216867469879518,-0.7357449417535254,-6.664009809932557,-6.886572654812998,3.0,0.32301032301032306,3095.8762886597933,-26.70497057281044,0.6004312103024306,-26.538779791387448,1549.4505494505493,-1.0,79.92844946743638,0.3229820987627883,
2023-08-12 10:36:02.641000,-7.0,-0.7228915662650602,-7.1807228915662655,-0.7112201103617413,-6.764561618638871,-6.876762722256284,3.0,0.32301032301032306,3095.8762886597933,-26.277489656779903,0.8141716683176978,-26.309772157799664,1529.6703296703295,-1.0,79.92844946743638,0.32298150426516853,
2023-08-12 10:36:02.649000,-7.0843373493975905,-0.6867469879518072,-7.1325301204819285,-0.6253832004904966,-6.865113427345187,-6.7516860821581846,3.0,0.32301032301032306,3095.8762886597933,-25.85000874074937,0.3714235767146444,-26.065497348639358,1509.1575091575091,-1.0,79.92844946743638,0.3229808764544876,
2023-08-12 10:36:02.656000,-7.156626506024097,-0.6626506024096386,-7.096385542168675,-0.6131207847946045,-6.904353157572041,-6.776210913549969,3.0,0.32301032301032306,3095.8762886597933,-25.086649962123413,-0.39193520191130976,-26.096031699784394,1486.4468864468863,-1.0,79.92844946743638,0.3229802146023074,
2023-08-12 10:36:02.664000,-7.216867469879518,-0.6144578313253012,-7.072289156626506,-0.568976088289393,-6.970570202329859,-6.776210913549969,3.0,0.32301032301032306,3095.8762886597933,-24.68970339723792,-1.9491871103082563,-25.68381795932638,1465.201465201465,-1.0,79.92844946743638,0.32297951810688674,
2023-08-12 10:36:02.672000,-7.1807228915662655,-0.6024096385542169,-7.072289156626506,-0.539546290619252,-6.943592887798896,-6.8399754751686075,3.0,0.32301032301032306,3095.8762886597933,-23.926344618611964,-3.2010955072548213,-25.378474447876,1447.6190476190475,-1.0,79.92844946743638,0.32297878662554064,
2023-08-12 10:36:02.679000,-7.144578313253012,-0.6265060240963856,-7.060240963855422,-0.5885959534028203,-6.8847332924586135,-6.8326180257510725,3.0,0.32301032301032306,3095.8762886597933,-23.269856068993644,-4.269797797331157,-24.630382844822563,1428.5714285714284,-1.0,79.92844946743638,0.32297801992995795,
2023-08-12 10:36:02.687000,-7.048192771084338,-0.6144578313253012,-7.120481927710844,-0.5248313917841815,-6.791538933169834,-6.80564071122011,3.0,0.32301032301032306,3095.8762886597933,-23.269856068993644,-4.269797797331157,-24.630382844822563,1410.989010989011,-1.0,79.92844946743638,0.32297721791045164,
2023-08-12 10:36:02.695000,-6.9397590361445785,-0.6024096385542169,-7.1325301204819285,-0.49540159411404044,-6.686082158185162,-6.79092581238504,3.0,0.32301032301032306,3095.8762886597933,-22.84237515296311,-5.094225278247188,-23.729619486043937,1396.3369963369962,-1.0,79.92844946743638,0.322976380579819,
2023-08-12 10:36:02.702000,-6.855421686746988,-0.5903614457831325,-7.120481927710844,-0.551808706315144,-6.607602697731453,-6.8694052728387485,3.0,0.32301032301032306,3095.8762886597933,-22.414894236932575,-5.55224054542276,-22.35557368451722,1383.150183150183,-1.0,79.92844946743638,0.32297550807678804,
2023-08-12 10:36:02.710000,-6.771084337349398,-0.6144578313253012,-7.144578313253012,-0.5542611894543225,-6.497240956468424,-6.854690374003678,3.0,0.32301032301032306,3095.8762886597933,-21.727871336169216,-4.865217644659401,-21.409008799021038,1372.161172161172,-1.0,79.92844946743638,0.32297460066902295,
2023-08-12 10:36:02.717000,-6.698795180722892,-0.5903614457831325,-7.156626506024097,-0.5665236051502146,-6.4408338442673205,-6.817903126916002,3.0,0.32301032301032306,3095.8762886597933,-21.453062175863874,-4.819416117941844,-20.584581318105005,1357.5091575091574,-1.0,79.92844946743638,0.32297365875566447,
2023-08-12 10:36:02.725000,-6.650602409638554,-0.5903614457831325,-7.168674698795181,-0.568976088289393,-6.4114040465971796,-6.86695278969957,3.0,0.32301032301032306,3095.8762886597933,-20.918711030825705,-3.8423168813006225,-19.317405745585923,1345.7875457875457,-1.0,79.92844946743638,0.32297268286938713,
2023-08-12 10:36:02.733000,-6.614457831325302,-0.6024096385542169,-7.144578313253012,-0.5812385039852851,-6.283874923359901,-6.847332924586143,3.0,0.32301032301032306,3095.8762886597933,-20.720237748382957,-3.2621642095448973,-18.767787424975236,1334.7985347985348,-1.0,79.92844946743638,0.32297167367795104,
2023-08-12 10:36:02.740000,-6.578313253012048,-0.5903614457831325,-7.120481927710844,-0.5076640098099325,-6.23973022685469,-6.8522378908645,3.0,0.32301032301032306,3095.8762886597933,-20.414894236932575,-2.6820115377891725,-18.798321776120275,1326.7399267399267,-1.0,79.92844946743638,0.32297063198523246,
2023-08-12 10:36:02.748000,-6.493975903614458,-0.5903614457831325,-7.120481927710844,-0.5591661557326794,-6.185775597792765,-6.8326180257510725,3.0,0.32301032301032306,3095.8762886597933,-20.308024007924942,-2.5293397820639814,-18.82885612726531,1317.9487179487178,-1.0,79.92844946743638,0.32296955873171784,
2023-08-12 10:36:02.756000,-6.433734939759036,-0.6024096385542169,-7.144578313253012,-0.5910484365419988,-6.122011036174126,-6.864500306560392,3.0,0.32301032301032306,3095.8762886597933,-20.32329118349746,-2.254530621758638,-19.317405745585923,1310.6227106227104,-1.0,79.92844946743638,0.322968454994451,
2023-08-12 10:36:02.763000,-6.373493975903615,-0.6024096385542169,-7.156626506024097,-0.5616186388718577,-6.05334150827713,-6.886572654812998,3.0,0.32301032301032306,3095.8762886597933,-20.063749198764636,-2.3614008507662714,-20.20290192879203,1303.2967032967033,-1.0,79.92844946743638,0.3229673219864203,
2023-08-12 10:36:02.771000,-6.349397590361446,-0.6144578313253012,-7.1807228915662655,-0.6327406499080318,-5.994481912936848,-6.923359901900674,3.0,0.32301032301032306,3095.8762886597933,-20.231688130062345,-2.407202377483829,-20.721985898257678,1297.4358974358975,-1.0,79.92844946743638,0.32296616119413096,
2023-08-12 10:36:02.779000,-6.289156626506024,-0.674698795180723,-7.253012048192772,-0.6548129981606376,-6.019006744328633,-6.965052115266707,3.0,0.32345432345432346,3091.6266300617704,-20.52176446594021,-2.2087290950410807,-21.760153837188977,1293.7728937728937,-1.0,79.92844946743638,0.3229649742167289,
2023-08-12 10:36:02.786000,-6.301204819277109,-0.7228915662650602,-7.313253012048193,-0.6842427958307786,-5.987124463519313,-7.119558553034947,3.0,0.32345432345432346,3091.6266300617704,-20.567565992657766,-1.6133092477128363,-22.14183322650195,1292.3076923076922,-1.0,79.92844946743638,0.32296376278536165,
2023-08-12 10:36:02.794000,-6.289156626506024,-0.7710843373493976,-7.373493975903615,-0.8019619865113427,-5.994481912936848,-7.109748620478234,3.0,0.32301032301032306,3095.8762886597933,-20.964512557543262,-1.4148359652700884,-22.966260707417984,1291.5750915750914,-1.0,79.92844946743638,0.32296252879251264,
2023-08-12 10:36:02.802000,-6.325301204819278,-0.7951807228915663,-7.409638554216868,-0.8068669527896996,-5.962599632127529,-7.20784794604537,3.0,0.32301032301032306,3095.8762886597933,-21.056115610978377,-0.5751413087815388,-24.111298875356916,1290.10989010989,-1.0,79.92844946743638,0.3229612741611199,
2023-08-12 10:36:02.809000,-6.36144578313253,-0.8313253012048193,-7.445783132530121,-0.8461066830165542,-6.031269160024524,-7.1955855303494785,3.0,0.32345432345432346,3091.6266300617704,-21.559932404871507,0.6767670881650261,-24.737253073830196,1293.040293040293,-1.0,79.92844946743638,0.32296000094797517,
2023-08-12 10:36:02.817000,-6.385542168674699,-0.8313253012048193,-7.46987951807229,-0.7896995708154506,-6.095033721643164,-7.1931330472103,3.0,0.32345432345432346,3091.6266300617704,-22.01794767204708,1.2721869354932702,-25.576947730318746,1296.7032967032967,-1.0,79.92844946743638,0.32295871147827404,
2023-08-12 10:36:02.825000,-6.433734939759036,-0.8433734939759037,-7.493975903614459,-0.762722256284488,-6.1587982832618025,-7.23973022685469,3.0,0.32301032301032306,3095.8762886597933,-22.552298817085248,1.7760037293864,-26.416642386807297,1301.098901098901,-1.0,79.92844946743638,0.32295740836273984,
2023-08-12 10:36:02.832000,-6.433734939759036,-0.8433734939759037,-7.506024096385542,-0.8608215818516247,-6.043531575720417,-7.200490496627835,3.0,0.32301032301032306,3095.8762886597933,-23.17825301555853,1.9286754851115908,-27.56168055474623,1306.227106227106,-1.0,79.92844946743638,0.32295609406722603,
2023-08-12 10:36:02.840000,-6.409638554216868,-0.819277108433735,-7.46987951807229,-0.7774371551195585,-6.139178418148375,-7.2323727774371545,3.0,0.32345432345432346,3091.6266300617704,-23.758405687314255,1.3943243400734229,-27.86702406619661,1312.087912087912,-1.0,79.92844946743638,0.32295477104602094,
2023-08-12 10:36:02.848000,-6.46987951807229,-0.819277108433735,-7.433734939759036,-0.7725321888412017,-6.188228080931943,-7.188228080931943,3.0,0.32301032301032306,3095.8762886597933,-24.338558359069978,-0.17819474389604262,-28.538779791387448,1315.7509157509157,-1.0,79.92844946743638,0.3229534421515292,
2023-08-12 10:36:02.855000,-6.518072289156627,-0.819277108433735,-7.457831325301205,-0.7896995708154506,-6.305947271612507,-7.1931330472103,3.0,0.32345432345432346,3091.6266300617704,-24.995046908688302,-1.1094924538197066,-29.02732940970806,1317.9487179487178,-1.0,79.92844946743638,0.3229521103512728,
2023-08-12 10:36:02.863000,-6.590361445783133,-0.8313253012048193,-7.46987951807229,-0.7431023911710607,-6.305947271612507,-7.161250766400981,3.0,0.32301032301032306,3095.8762886597933,-25.529398053726467,-2.453003904201386,-29.439543150166074,1316.4835164835165,-1.0,79.92844946743638,0.322950778711459,
2023-08-12 10:36:02.871000,-6.662650602409639,-0.8072289156626506,-7.457831325301205,-0.7946045370938074,-6.418761496014715,-7.153893316983446,3.0,0.32301032301032306,3095.8762886597933,-25.926344618611964,-2.7736145912242867,-29.928092768486685,1310.6227106227104,-1.0,79.92844946743638,0.3229494504012298,
2023-08-12 10:36:02.878000,-6.674698795180723,-0.7951807228915663,-7.457831325301205,-0.7946045370938074,-6.445738810545677,-7.190680564071122,3.0,0.32345432345432346,3091.6266300617704,-26.949245381970744,-3.2774313851174166,-30.40137521123478,1302.5641025641025,-1.0,79.92844946743638,0.32294812852617377,
2023-08-12 10:36:02.886000,-6.734939759036145,-0.8072289156626506,-7.433734939759036,-0.7774371551195585,-6.377069282648681,-7.1931330472103,3.0,0.32345432345432346,3091.6266300617704,-27.17825301555853,-3.338500087407493,-30.767787424975236,1298.168498168498,-1.0,79.92844946743638,0.32294681640855327,
2023-08-12 10:36:02.894000,-6.759036144578314,-0.7951807228915663,-7.445783132530121,-0.762722256284488,-6.5144083384426725,-7.1514408338442665,3.0,0.32345432345432346,3091.6266300617704,-28.277489656779903,-3.72017947672047,-31.34794009673096,1295.2380952380952,-1.0,79.92844946743638,0.32294551760093143,
2023-08-12 10:36:02.901000,-6.795180722891566,-0.8072289156626506,-7.433734939759036,-0.7602697731453096,-6.489883507050888,-7.1661557326793375,3.0,0.32301032301032306,3095.8762886597933,-28.918711030825705,-3.933919934735737,-31.699085134898898,1293.7728937728937,-1.0,79.92844946743638,0.32294423574044834,
2023-08-12 10:36:02.909000,-6.843373493975904,-0.8313253012048193,-7.409638554216868,-0.8240343347639485,-6.570815450643776,-7.148988350705088,3.0,0.32345432345432346,3091.6266300617704,-29.407260649146316,-3.475904667560165,-32.0196958219218,1293.040293040293,-1.0,79.92844946743638,0.3229429743923516,
2023-08-12 10:36:02.917000,-6.891566265060241,-0.8433734939759037,-7.373493975903615,-0.7798896382587369,-6.587982832618025,-7.104843654199877,3.0,0.32301032301032306,3095.8762886597933,-29.453062175863874,-3.1247596293922255,-32.21816910436455,1290.8424908424909,-1.0,79.92844946743638,0.32294173717005603,
2023-08-12 10:36:02.924000,-6.91566265060241,-0.855421686746988,-7.349397590361447,-0.7921520539546291,-6.678724708767627,-7.092581238503985,3.0,0.32301032301032306,3095.8762886597933,-29.911077443039446,-2.0407901637433707,-32.431909562379815,1291.5750915750914,-1.0,79.92844946743638,0.32294052787601557,
2023-08-12 10:36:02.932000,-6.963855421686747,-0.8433734939759037,-7.373493975903615,-0.8632740649908032,-6.654199877375842,-7.060698957694665,3.0,0.32301032301032306,3095.8762886597933,-29.880543091894406,-1.9949886370258136,-32.6609171959676,1290.10989010989,-1.0,79.92844946743638,0.32293935017411757,
2023-08-12 10:36:02.940000,-6.963855421686747,-0.855421686746988,-7.325301204819278,-0.8313917841814837,-6.722869405272839,-7.060698957694665,3.0,0.32345432345432346,3091.6266300617704,-29.880543091894406,-1.5522405454227601,-32.4166423868073,1284.9816849816848,-1.0,79.92844946743638,0.32293820759116354,
2023-08-12 10:36:02.947000,-6.975903614457832,-0.8072289156626506,-7.289156626506024,-0.703862660944206,-6.73513182096873,-7.016554261189454,3.0,0.32345432345432346,3091.6266300617704,-30.70497057281044,-2.498805430918943,-32.6609171959676,1282.7838827838827,-1.0,79.92844946743638,0.3229371038053244,
2023-08-12 10:36:02.955000,-6.927710843373494,-0.7951807228915663,-7.228915662650603,-0.7578172900061312,-6.690987124463519,-6.942979767014101,3.0,0.32345432345432346,3091.6266300617704,-30.338558359069978,-3.170561156109783,-32.70671872268516,1280.5860805860805,-1.0,79.92844946743638,0.3229360426576317,
2023-08-12 10:36:02.963000,-6.855421686746988,-0.7710843373493976,-7.1807228915662655,-0.7725321888412017,-6.639484978540772,-6.925812385039852,3.0,0.32345432345432346,3091.6266300617704,-30.338558359069978,-3.170561156109783,-32.70671872268516,1279.120879120879,-1.0,79.92844946743638,0.32293502800431684,
2023-08-12 10:36:02.970000,-6.795180722891566,-0.8072289156626506,-7.1325301204819285,-0.7700797057020232,-6.563458001226241,-6.862047823421213,3.0,0.32345432345432346,3091.6266300617704,-30.124817901054712,-5.277431385117416,-32.50824544024241,1277.6556776556777,-1.0,79.92844946743638,0.3229340637079009,
2023-08-12 10:36:02.978000,-6.72289156626506,-0.8674698795180723,-7.1325301204819285,-0.8191293684855916,-6.4702636419374615,-6.8694052728387485,3.0,0.32345432345432346,3091.6266300617704,-29.94161179418448,-7.521706194277722,-31.973894295204243,1279.120879120879,-1.0,79.92844946743638,0.3229331536283168,
2023-08-12 10:36:02.986000,-6.698795180722892,-0.8915662650602411,-7.156626506024097,-0.927038626609442,-6.418761496014715,-6.906192519926425,3.0,0.32345432345432346,3091.6266300617704,-29.81947438960433,-8.514072606491462,-31.34794009673096,1279.8534798534797,-1.0,79.92844946743638,0.3229323016140928,
2023-08-12 10:36:02.993000,-6.590361445783133,-0.9036144578313253,-7.156626506024097,-0.8706315144083384,-6.276517473942366,-6.8522378908645,3.0,0.32345432345432346,3091.6266300617704,-29.36145912242876,-8.086591690460928,-30.660917195967603,1280.5860805860805,-1.0,79.92844946743638,0.3229315114936182,
2023-08-12 10:36:03.001000,-6.481927710843374,-0.9156626506024097,-7.1325301204819285,-0.9221336603310851,-6.183323114653587,-6.901287553648069,3.0,0.32345432345432346,3091.6266300617704,-29.17825301555853,-7.170561156109783,-30.431909562379815,1279.120879120879,-1.0,79.92844946743638,0.32293078706652195,
2023-08-12 10:36:03.009000,-6.421686746987952,-0.9156626506024097,-7.168674698795181,-0.8853464132434089,-6.1367259350091965,-6.889025137952176,3.0,0.32345432345432346,3091.6266300617704,-29.269856068993644,-7.369034438552531,-30.05023017306684,1276.1904761904761,-1.0,79.92844946743638,0.3229301320951879,
2023-08-12 10:36:03.016000,-6.373493975903615,-0.9397590361445783,-7.156626506024097,-0.8976088289393009,-6.119558553034947,-6.864500306560392,3.0,0.32345432345432346,3091.6266300617704,-28.97977973311578,-6.773614591224287,-29.56168055474623,1272.5274725274724,-1.0,79.92844946743638,0.3229295502964258,
2023-08-12 10:36:03.024000,-6.385542168674699,-0.963855421686747,-7.168674698795181,-0.9147762109135499,-6.104843654199877,-6.864500306560392,3.0,0.32345432345432346,3091.6266300617704,-28.949245381970744,-6.300332148476195,-29.302138570013405,1267.3992673992673,-1.0,79.92844946743638,0.32292904533332617,
2023-08-12 10:36:03.032000,-6.421686746987952,-0.9879518072289157,-7.156626506024097,-0.9466584917228693,-6.139178418148375,-6.8522378908645,3.0,0.32345432345432346,3091.6266300617704,-28.766039275100514,-5.201095507254821,-29.271604218868365,1261.5384615384614,-1.0,79.92844946743638,0.3229286208073134,
2023-08-12 10:36:03.039000,-6.506024096385542,-1.0,-7.168674698795181,-0.9638258736971183,-6.25444512568976,-6.874310239117106,3.0,0.32345432345432346,3091.6266300617704,-28.949245381970744,-3.2774313851174166,-29.225802692150808,1255.6776556776556,-1.0,79.92844946743638,0.32292828025042136,
2023-08-12 10:36:03.047000,-6.590361445783133,-0.9759036144578314,-7.168674698795181,-0.9123237277743715,-6.249540159411404,-6.896382587369711,3.0,0.32345432345432346,3091.6266300617704,-28.70497057281044,-2.3766680263387907,-30.447176737952333,1253.4798534798533,-1.0,79.92844946743638,0.32292802711780594,
2023-08-12 10:36:03.055000,-6.63855421686747,-0.9277108433734941,-7.168674698795181,-0.944206008583691,-6.318209687308399,-6.857142857142857,3.0,0.32345432345432346,3091.6266300617704,-29.040848435405856,-1.7812481790105463,-31.790688188334013,1251.2820512820513,-1.0,79.92844946743638,0.3229278647805126,
2023-08-12 10:36:03.062000,-6.710843373493976,-0.8674698795180723,-7.19277108433735,-0.8264868179031268,-6.435928877988964,-6.893930104230533,3.0,0.32345432345432346,3091.6266300617704,-29.48359652700891,-1.3079657362624548,-33.28687139444089,1252.014652014652,-1.0,79.92844946743638,0.32292779651851133,
2023-08-12 10:36:03.070000,-6.771084337349398,-0.7710843373493976,-7.156626506024097,-0.7136725935009196,-6.4114040465971796,-6.8399754751686075,3.0,0.32301032301032306,3095.8762886597933,-29.651535458306622,-1.1400268049647448,-34.70671872268516,1255.6776556776556,-1.0,79.92844946743638,0.32292782551401655,
2023-08-12 10:36:03.078000,-6.795180722891566,-0.710843373493976,-7.120481927710844,-0.6425505824647455,-6.5070508890251375,-6.8694052728387485,3.0,0.32301032301032306,3095.8762886597933,-29.956878969757003,-1.2621642095448975,-35.607482081463786,1263.003663003663,-1.0,79.92844946743638,0.32292795483455283,
2023-08-12 10:36:03.085000,-6.783132530120482,-0.6506024096385542,-7.1084337349397595,-0.6376456161863887,-6.548743102391171,-6.7664009809932555,3.0,0.32345432345432346,3091.6266300617704,-30.246955305634867,-2.330866499621233,-36.96626070741798,1273.260073260073,-1.0,79.92844946743638,0.3229281873846153,
2023-08-12 10:36:03.093000,-6.771084337349398,-0.6024096385542169,-7.060240963855422,-0.44880441446965047,-6.450643776824034,-6.788473329245861,3.0,0.32345432345432346,3091.6266300617704,-30.094283549909676,-3.04842375152963,-37.27160421886836,1283.5164835164835,-1.0,79.92844946743638,0.3229285258995106,
2023-08-12 10:36:03.100000,-6.759036144578314,-0.5542168674698795,-7.0843373493975905,-0.4438994481912937,-6.4629061925199265,-6.7443286327406495,3.0,0.32389832389832396,3087.388622344071,-30.430161412505093,-3.4453703164151266,-37.54641337917371,1293.040293040293,-1.0,79.92844946743638,0.3229289729813885,
2023-08-12 10:36:03.108000,-6.710843373493976,-0.5180722891566265,-7.0843373493975905,-0.4512568976088289,-6.497240956468424,-6.825260576333537,3.0,0.32389832389832396,3087.388622344071,-30.567565992657766,-3.6591107744303937,-36.737253073830196,1300.3663003663003,-1.0,79.92844946743638,0.3229295312531962,
2023-08-12 10:36:03.116000,-6.72289156626506,-0.5301204819277109,-7.144578313253012,-0.4757817290006131,-6.509503372164316,-6.798283261802575,3.0,0.32389832389832396,3087.388622344071,-30.582833168230284,-3.72017947672047,-35.51587902802867,1303.2967032967033,-1.0,79.92844946743638,0.32293020337501915,
2023-08-12 10:36:03.123000,-6.734939759036145,-0.49397590361445787,-7.168674698795181,-0.41201716738197425,-6.531575720416922,-6.86695278969957,3.0,0.32389832389832396,3087.388622344071,-30.414894236932575,-3.2926985606899355,-34.35557368451722,1303.2967032967033,-1.0,79.92844946743638,0.32293099190184643,
2023-08-12 10:36:03.131000,-6.783132530120482,-0.5060240963855422,-7.19277108433735,-0.42918454935622313,-6.5144083384426725,-6.837522992029429,3.0,0.32389832389832396,3087.388622344071,-30.246955305634867,-2.453003904201386,-32.798321776120275,1301.098901098901,-1.0,79.92844946743638,0.32293189928064087,
2023-08-12 10:36:03.139000,-6.843373493975904,-0.5180722891566265,-7.1807228915662655,-0.4904966278356836,-6.6026977314530955,-6.896382587369711,3.0,0.32389832389832396,3087.388622344071,-29.78894003845929,-1.9949886370258136,-31.699085134898898,1298.168498168498,-1.0,79.92844946743638,0.32293292784796396,
2023-08-12 10:36:03.146000,-6.879518072289157,-0.5301204819277109,-7.1807228915662655,-0.5493562231759657,-6.698344573881054,-6.876762722256284,3.0,0.32389832389832396,3087.388622344071,-29.46832935143639,-0.8652176446594013,-30.67618437154012,1294.5054945054944,-1.0,79.92844946743638,0.3229340798281504,
2023-08-12 10:36:03.154000,-6.9397590361445785,-0.5421686746987953,-7.168674698795181,-0.47332924586143466,-6.727774371551195,-6.886572654812998,3.0,0.32389832389832396,3087.388622344071,-29.040848435405856,-0.45300390420138614,-29.83648971505157,1291.5750915750914,-1.0,79.92844946743638,0.3229353573320219,
2023-08-12 10:36:03.162000,-6.987951807228916,-0.5301204819277109,-7.144578313253012,-0.463519313304721,-6.75229920294298,-6.842427958307786,3.0,0.32389832389832396,3087.388622344071,-28.720237748382957,-0.5293397820639816,-30.03496299749432,1288.6446886446886,-1.0,79.92844946743638,0.3229367623561302,
2023-08-12 10:36:03.169000,-7.0120481927710845,-0.5421686746987953,-7.1084337349397595,-0.4218270999386879,-6.76701410177805,-6.80564071122011,3.0,0.32389832389832396,3087.388622344071,-28.308024007924942,-0.4682710797739052,-30.096031699784394,1288.6446886446886,-1.0,79.92844946743638,0.3229382967825113,
2023-08-12 10:36:03.177000,-7.048192771084338,-0.5662650602409639,-7.144578313253012,-0.5174739423666462,-6.715511955855303,-6.857142857142857,3.0,0.32389832389832396,3087.388622344071,-27.529398053726467,-1.4453703164151266,-30.783054600547754,1292.3076923076922,-1.0,79.92844946743638,0.3229399623789298,
2023-08-12 10:36:03.185000,-7.0361445783132535,-0.5662650602409639,-7.156626506024097,-0.48068669527896996,-6.72041692213366,-6.847332924586143,3.0,0.32389832389832396,3087.388622344071,-26.933978206398223,-2.254530621758638,-30.99679505856302,1298.9010989010987,-1.0,79.92844946743638,0.32294176079959425,
2023-08-12 10:36:03.192000,-7.024096385542169,-0.5662650602409639,-7.2048192771084345,-0.539546290619252,-6.715511955855303,-6.903740036787247,3.0,0.32434232434232435,3083.1622176591372,-26.52176446594021,-3.2926985606899355,-32.111298875356916,1310.6227106227104,-1.0,79.92844946743638,0.32294369358631203,
2023-08-12 10:36:03.200000,-6.927710843373494,-0.5662650602409639,-7.216867469879518,-0.598405885959534,-6.661557326793378,-6.94543225015328,3.0,0.32389832389832396,3087.388622344071,-26.537031641512726,-3.735446652292989,-31.760153837188977,1326.7399267399267,-1.0,79.92844946743638,0.32294576231935435,
2023-08-12 10:36:03.208000,-6.855421686746988,-0.5903614457831325,-7.19277108433735,-0.5567136725935009,-6.538933169834457,-6.935622317596566,3.0,0.32434232434232435,3083.1622176591372,-26.140085076627233,-4.590408484354057,-32.309772157799664,1350.9157509157508,-1.0,79.92844946743638,0.3229479684919868,
2023-08-12 10:36:03.215000,-6.771084337349398,-0.6144578313253012,-7.2048192771084345,-0.5591661557326794,-6.4629061925199265,-6.94543225015328,3.0,0.32434232434232435,3083.1622176591372,-25.941611794184485,-5.1247596293922255,-32.309772157799664,1382.4175824175823,-1.0,79.92844946743638,0.322950313503124,
2023-08-12 10:36:03.223000,-6.746987951807229,-0.6265060240963856,-7.19277108433735,-0.5836909871244634,-6.450643776824034,-6.967504598405886,3.0,0.32389832389832396,3087.388622344071,-26.445428588077615,-5.704912301147951,-32.00442864634928,1417.5824175824175,-1.0,79.92844946743638,0.3229527988207457,
2023-08-12 10:36:03.231000,-6.686746987951808,-0.6626506024096386,-7.240963855421687,-0.6695278969957081,-6.384426732066217,-6.942979767014101,3.0,0.32389832389832396,3087.388622344071,-26.613367519375323,-5.521706194277722,-31.98916147077676,1457.8754578754579,-1.0,79.92844946743638,0.32295542583734316,
2023-08-12 10:36:03.238000,-6.674698795180723,-0.6867469879518072,-7.265060240963856,-0.6474555487431024,-6.362354383813611,-6.972409564684242,3.0,0.32389832389832396,3087.388622344071,-26.613367519375323,-5.521706194277722,-31.98916147077676,1500.3663003663003,-1.0,79.92844946743638,0.32295819569406053,
2023-08-12 10:36:03.246000,-6.662650602409639,-0.7228915662650602,-7.265060240963856,-0.640098099325567,-6.352544451256898,-6.908645003065604,3.0,0.32434232434232435,3083.1622176591372,-27.34619194685624,-5.430103140842608,-31.68381795932638,1543.5897435897434,-1.0,79.92844946743638,0.3229611092956377,
2023-08-12 10:36:03.254000,-6.650602409638554,-0.7349397590361446,-7.253012048192772,-0.7136725935009196,-6.350091968117719,-6.940527283874923,3.0,0.32434232434232435,3083.1622176591372,-27.422527824718834,-5.277431385117416,-31.790688188334013,1582.4175824175823,-1.0,79.92844946743638,0.3229641676127215,
2023-08-12 10:36:03.261000,-6.662650602409639,-0.7590361445783133,-7.253012048192772,-0.7651747394236664,-6.401594114040465,-6.938074800735745,3.0,0.32434232434232435,3083.1622176591372,-28.033214847619597,-5.155293980537264,-31.66855078375386,1616.117216117216,-1.0,79.92844946743638,0.32296737170752243,
2023-08-12 10:36:03.269000,-6.674698795180723,-0.746987951807229,-7.289156626506024,-0.7406499080318822,-6.418761496014715,-7.001839362354383,3.0,0.32478632478632485,3078.947368421052,-28.185886603344787,-5.399568789697569,-32.20290192879203,1646.153846153846,-1.0,79.92844946743638,0.32297072260054666,
2023-08-12 10:36:03.277000,-6.710843373493976,-0.7710843373493976,-7.2771084337349405,-0.7431023911710607,-6.423666462293071,-6.947884733292458,3.0,0.32478632478632485,3078.947368421052,-28.781306450673032,-5.536973369850241,-32.6609171959676,1669.5970695970695,-1.0,79.92844946743638,0.32297422142552284,
2023-08-12 10:36:03.284000,-6.734939759036145,-0.746987951807229,-7.289156626506024,-0.7896995708154506,-6.48743102391171,-6.979767014101777,3.0,0.32478632478632485,3078.947368421052,-29.254588893421126,-5.979721461453294,-33.241069867723326,1685.7142857142856,-1.0,79.92844946743638,0.3229778694569986,
2023-08-12 10:36:03.292000,-6.771084337349398,-0.746987951807229,-7.289156626506024,-0.6548129981606376,-6.431023911710606,-7.001839362354383,3.0,0.32434232434232435,3083.1622176591372,-29.51413087815395,-6.0102558125983325,-34.08076452421188,1693.7728937728937,-1.0,79.92844946743638,0.3229816679790377,
2023-08-12 10:36:03.300000,-6.819277108433735,-0.6987951807228916,-7.2771084337349405,-0.6621704475781729,-6.51931330472103,-6.994481912936848,3.0,0.32478632478632485,3078.947368421052,-29.78894003845929,-6.071324514888409,-34.737253073830196,1693.7728937728937,-1.0,79.92844946743638,0.3229856181435305,
2023-08-12 10:36:03.307000,-6.819277108433735,-0.6506024096385542,-7.265060240963856,-0.5567136725935009,-6.551195585530349,-7.036174126302881,3.0,0.32478632478632485,3078.947368421052,-29.66680263387914,-5.994988637025814,-35.561680554746225,1687.179487179487,-1.0,79.92844946743638,0.32298972110530755,
2023-08-12 10:36:03.315000,-6.855421686746988,-0.5903614457831325,-7.289156626506024,-0.5836909871244634,-6.570815450643776,-6.955242182709993,3.0,0.32478632478632485,3078.947368421052,-30.231688130062345,-5.918652759163218,-36.35557368451722,1674.7252747252746,-1.0,79.92844946743638,0.322993978188792,
2023-08-12 10:36:03.323000,-6.855421686746988,-0.5542168674698795,-7.216867469879518,-0.4512568976088289,-6.619865113427345,-6.950337216431636,3.0,0.32478632478632485,3078.947368421052,-30.231688130062345,-6.086591690460928,-37.057863760853095,1657.8754578754579,765.9912109375,78.32988047808765,0.3229983907567297,
2023-08-12 10:36:03.330000,-6.855421686746988,-0.5180722891566265,-7.168674698795181,-0.4537093807480073,-6.561005518087063,-6.93071735131821,3.0,0.32478632478632485,3078.947368421052,-30.308024007924942,-6.37666802633879,-37.82122253947905,1637.3626373626373,-1.0,78.32988047808765,0.3230029602175445,
2023-08-12 10:36:03.338000,-6.855421686746988,-0.46987951807228917,-7.1325301204819285,-0.40465971796443895,-6.58062538320049,-6.847332924586143,3.0,0.32478632478632485,3078.947368421052,-30.598100343802805,-6.666744362216653,-37.805955363906534,1613.9194139194137,-1.0,78.32988047808765,0.3230076880325055,
2023-08-12 10:36:03.346000,-6.879518072289157,-0.43373493975903615,-7.1084337349397595,-0.3801348865726548,-6.62722256284488,-6.830165542611894,3.0,0.32478632478632485,3078.947368421052,-31.071382786550895,-7.033156575957111,-37.72961948604394,1589.7435897435896,-1.0,78.32988047808765,0.3230125757226247,
2023-08-12 10:36:03.353000,-6.879518072289157,-0.4096385542168675,-7.120481927710844,-0.3359901900674433,-6.681177191906805,-6.8105456774984665,3.0,0.32478632478632485,3078.947368421052,-31.101917137695935,-7.38430161412505,-37.39374162344852,1566.3003663003662,-1.0,78.32988047808765,0.32301762473646456,
2023-08-12 10:36:03.361000,-6.891566265060241,-0.3734939759036145,-7.096385542168675,-0.30656039239730226,-6.6026977314530955,-6.8326180257510725,3.0,0.32478632478632485,3078.947368421052,-31.01031408426082,-7.307965736262455,-37.118932463143175,1542.8571428571427,-1.0,78.32988047808765,0.3230228366154111,
2023-08-12 10:36:03.369000,-6.891566265060241,-0.3493975903614458,-7.096385542168675,-0.35806253832004903,-6.651747394236664,-6.820355610055181,3.0,0.32478632478632485,3078.947368421052,-30.872909504108147,-6.6820115377891725,-36.6609171959676,1520.14652014652,-1.0,78.32988047808765,0.3230282131269445,
2023-08-12 10:36:03.376000,-6.879518072289157,-0.3253012048192771,-7.096385542168675,-0.24279583077866337,-6.676272225628448,-6.768853464132434,3.0,0.32434232434232435,3083.1622176591372,-31.54466522929899,-6.620942835499096,-35.59221490589127,1496.7032967032967,-1.0,78.32988047808765,0.32303375612063967,
2023-08-12 10:36:03.384000,-6.903614457831326,-0.3373493975903615,-7.0843373493975905,-0.3016554261189454,-6.740036787247087,-6.7737584304107905,3.0,0.32478632478632485,3078.947368421052,-31.46832935143639,-5.598042072140317,-34.99679505856302,1478.3882783882782,-1.0,78.32988047808765,0.3230394675222941,
2023-08-12 10:36:03.392000,-6.9397590361445785,-0.3373493975903615,-7.060240963855422,-0.3139178418148375,-6.705702023298589,-6.8105456774984665,3.0,0.32478632478632485,3078.947368421052,-31.48359652700891,-4.865217644659401,-33.76015383718897,1462.2710622710622,-1.0,78.32988047808765,0.32304534930618894,
2023-08-12 10:36:03.399000,-6.963855421686747,-0.3253012048192771,-7.024096385542169,-0.2869405272838749,-6.762109135499693,-6.709993868792152,3.0,0.32478632478632485,3078.947368421052,-30.52176446594021,-3.8117825301555843,-33.10366528757066,1448.3516483516482,-1.0,78.32988047808765,0.32305140352962736,
2023-08-12 10:36:03.407000,-6.963855421686747,-0.3253012048192771,-6.963855421686747,-0.27467811158798283,-6.757204169221336,-6.709993868792152,3.0,0.32478632478632485,3078.947368421052,-30.384359885787536,-3.735446652292989,-32.46244391352485,1436.6300366300366,-1.0,78.32988047808765,0.3230576323454893,
2023-08-12 10:36:03.415000,-6.975903614457832,-0.30120481927710846,-7.0,-0.20110361741263028,-6.786633966891477,-6.653586756591048,3.0,0.32478632478632485,3078.947368421052,-29.78894003845929,-3.38430161412505,-31.943359944059203,1421.9780219780218,-1.0,78.32988047808765,0.32306403800336664,
2023-08-12 10:36:03.422000,-7.024096385542169,-0.27710843373493976,-6.987951807228916,-0.2035561005518087,-6.820968730839975,-6.709993868792152,3.0,0.32478632478632485,3078.947368421052,-29.117184313268453,-2.788881766796806,-31.118932463143175,1405.128205128205,-1.0,78.32988047808765,0.32307062284978205,
2023-08-12 10:36:03.430000,-7.0120481927710845,-0.2530120481927711,-6.963855421686747,-0.21091354996934394,-6.747394236664623,-6.680564071122011,3.0,0.32478632478632485,3078.947368421052,-28.20115377891731,-2.6056756599265767,-30.767787424975236,1383.8827838827838,-1.0,78.32988047808765,0.32307738932744456,
2023-08-12 10:36:03.438000,-7.0,-0.20481927710843376,-6.963855421686747,-0.1103617412630288,-6.757204169221336,-6.7369711833231145,3.0,0.32478632478632485,3078.947368421052,-27.300390420138683,-2.6056756599265767,-30.32503933337218,1362.6373626373625,-1.0,78.32988047808765,0.3230843399734986,
2023-08-12 10:36:03.445000,-7.0,-0.18072289156626506,-6.963855421686747,-0.15695892090741875,-6.764561618638871,-6.611894543225015,3.0,0.32478632478632485,3078.947368421052,-26.6744362216654,-2.834683293514363,-29.592214905891264,1341.3919413919414,-1.0,78.32988047808765,0.3230914774167434,
2023-08-12 10:36:03.453000,-6.9397590361445785,-0.14457831325301207,-6.9397590361445785,-0.10300429184549356,-6.698344573881054,-6.658491722869405,3.0,0.32478632478632485,3078.947368421052,-25.529398053726467,-2.9110191713769584,-28.99679505856302,1320.8791208791208,-1.0,78.32988047808765,0.3230988043737877,
2023-08-12 10:36:03.461000,-6.91566265060241,-0.14457831325301207,-6.927710843373494,-0.06621704475781728,-6.727774371551195,-6.663396689147762,3.0,0.32478632478632485,3078.947368421052,-24.781306450673032,-2.972087873667035,-28.294504982227142,1302.5641025641025,-1.0,78.32988047808765,0.32310632364412134,
2023-08-12 10:36:03.468000,-6.891566265060241,-0.10843373493975904,-6.903614457831326,-0.07112201103617412,-6.661557326793378,-6.614347026364193,3.0,0.32478632478632485,3078.947368421052,-23.66680263387914,-2.6820115377891725,-27.134199638715693,1290.10989010989,-1.0,78.32988047808765,0.32311403824284207,
2023-08-12 10:36:03.476000,-6.855421686746988,-0.10843373493975904,-6.927710843373494,-0.07847946045370938,-6.59534028203556,-6.602084610668301,3.0,0.32478632478632485,3078.947368421052,-22.537031641512726,-2.3461336751937525,-26.462443913524854,1282.7838827838827,-1.0,78.32988047808765,0.3231219512343971,
2023-08-12 10:36:03.483000,-6.855421686746988,-0.12048192771084337,-6.9397590361445785,-0.05885959534028203,-6.614960147148988,-6.629061925199264,3.0,0.32478632478632485,3078.947368421052,-22.01794767204708,-2.117126041605966,-25.89755841734165,1281.3186813186812,-1.0,78.32988047808765,0.3231300655967357,
2023-08-12 10:36:03.491000,-6.819277108433735,-0.14457831325301207,-6.975903614457832,-0.07602697731453095,-6.570815450643776,-6.687921520539546,3.0,0.32478632478632485,3078.947368421052,-21.590466756016546,-1.369034438552531,-24.752520249402718,1284.2490842490843,-1.0,78.32988047808765,0.323138384361075,
2023-08-12 10:36:03.499000,-6.819277108433735,-0.18072289156626506,-6.975903614457832,-0.0956468424279583,-6.610055180870631,-6.683016554261189,3.0,0.32478632478632485,3078.947368421052,-20.53703164151273,-0.3614008507662716,-24.14183322650195,1287.9120879120878,-1.0,78.32988047808765,0.3231469106012847,
2023-08-12 10:36:03.506000,-6.83132530120482,-0.21686746987951808,-7.0,-0.18148375229920294,-6.5659104843654195,-6.739423666462293,3.0,0.32478632478632485,3078.947368421052,-19.956878969757003,0.6156983858749497,-23.378474447876,1291.5750915750914,-1.0,78.32988047808765,0.32315564742220876,
2023-08-12 10:36:03.514000,-6.843373493975904,-0.24096385542168675,-7.0,-0.17903126916002451,-6.622317596566523,-6.697731453096259,3.0,0.32478632478632485,3078.947368421052,-19.956878969757003,0.6156983858749497,-23.378474447876,1294.5054945054944,-1.0,78.32988047808765,0.32316459794696006,
2023-08-12 10:36:03.522000,-6.927710843373494,-0.3132530120481928,-7.0120481927710845,-0.19865113427345185,-6.597792765174739,-6.7148988350705086,3.0,0.32478632478632485,3078.947368421052,-18.933978206398223,1.3485228133558658,-22.67618437154012,1299.6336996336995,-1.0,78.32988047808765,0.3231737653032126,
2023-08-12 10:36:03.529000,-6.903614457831326,-0.3493975903614458,-7.0120481927710845,-0.35561005518087063,-6.688534641324341,-6.739423666462293,3.0,0.32434232434232435,3083.1622176591372,-18.3538255346425,2.44775945457724,-22.538779791387448,1304.7619047619046,-1.0,78.32988047808765,0.3231831526085478,
2023-08-12 10:36:03.537000,-6.9397590361445785,-0.3855421686746988,-7.0361445783132535,-0.3605150214592274,-6.747394236664623,-6.648681790312692,3.0,0.32478632478632485,3078.947368421052,-17.83474156517685,2.310354874424568,-22.065497348639358,1310.6227106227104,-1.0,78.32988047808765,0.3231927628056042,
2023-08-12 10:36:03.545000,-6.91566265060241,-0.4096385542168675,-7.0361445783132535,-0.47332924586143466,-6.722869405272839,-6.741876149601471,3.0,0.32478632478632485,3078.947368421052,-17.376726298001277,2.3866907522871634,-22.20290192879203,1316.4835164835165,-1.0,78.32988047808765,0.32320259877309504,
2023-08-12 10:36:03.552000,-6.891566265060241,-0.44578313253012053,-7.048192771084338,-0.39975475168608215,-6.644389944819129,-6.7369711833231145,3.0,0.32478632478632485,3078.947368421052,-16.01794767204708,2.0050113629741864,-21.958627119631725,1319.4139194139193,-1.0,78.32988047808765,0.32321266346756705,
2023-08-12 10:36:03.560000,-6.843373493975904,-0.49397590361445787,-7.024096385542169,-0.40220723482526055,-6.538933169834457,-6.705088902513795,3.0,0.32478632478632485,3078.947368421052,-15.315657595711201,2.0355457141192246,-21.973894295204243,1320.8791208791208,-1.0,78.32988047808765,0.3232229597665769,
2023-08-12 10:36:03.568000,-6.759036144578314,-0.5421686746987953,-7.024096385542169,-0.5174739423666462,-6.51931330472103,-6.778663396689147,3.0,0.32478632478632485,3078.947368421052,-14.50649729036769,0.9668434240428886,-21.56168055474623,1322.3443223443223,-1.0,78.32988047808765,0.32323349044999056,
2023-08-12 10:36:03.575000,-6.686746987951808,-0.5662650602409639,-7.0361445783132535,-0.49540159411404044,-6.4849785407725316,-6.741876149601471,3.0,0.32478632478632485,3078.947368421052,-14.3538255346425,0.1729502942718963,-21.729619486043937,1325.2747252747251,-1.0,78.32988047808765,0.32324425818074126,
2023-08-12 10:36:03.583000,-6.63855421686747,-0.6024096385542169,-7.072289156626506,-0.5346413243408952,-6.372164316370324,-6.8031882280809315,3.0,0.32478632478632485,3078.947368421052,-13.651535458306622,-0.1934619194685617,-20.966260707417984,1328.2051282051282,-1.0,78.32988047808765,0.32325526548513256,
2023-08-12 10:36:03.591000,-6.590361445783133,-0.6626506024096386,-7.1325301204819285,-0.6327406499080318,-6.350091968117719,-6.830165542611894,3.0,0.32478632478632485,3078.947368421052,-13.02558125983334,-0.5293397820639816,-20.03496299749432,1329.6703296703297,-1.0,78.32988047808765,0.3232665147327775,
2023-08-12 10:36:03.598000,-6.566265060240964,-0.6867469879518072,-7.1084337349397595,-0.6695278969957081,-6.318209687308399,-6.859595340282035,3.0,0.32478632478632485,3078.947368421052,-12.85764232853563,0.23401899656197264,-19.409008799021038,1330.4029304029302,-1.0,78.32988047808765,0.323278008116276,
2023-08-12 10:36:03.606000,-6.566265060240964,-0.7228915662650602,-7.168674698795181,-0.6695278969957081,-6.315757204169221,-6.886572654812998,3.0,0.32478632478632485,3078.947368421052,-12.369092710215018,0.8294388438902169,-18.737253073830196,1329.6703296703297,-1.0,78.32988047808765,0.32328974763072454,
2023-08-12 10:36:03.614000,-6.602409638554217,-0.7710843373493976,-7.168674698795181,-0.7014101778050276,-6.34763948497854,-6.940527283874923,3.0,0.32478632478632485,3078.947368421052,-11.865275916321888,1.3943243400734229,-18.03496299749432,1330.4029304029302,-1.0,78.32988047808765,0.3233017350531625,
2023-08-12 10:36:03.621000,-6.626506024096386,-0.7951807228915663,-7.2048192771084345,-0.7308399754751685,-6.377069282648681,-6.864500306560392,3.0,0.32478632478632485,3078.947368421052,-12.18588660334479,2.1882174698444152,-17.71435231047142,1331.8681318681317,-1.0,78.32988047808765,0.32331397178331817,
2023-08-12 10:36:03.629000,-6.650602409638554,-0.8313253012048193,-7.2048192771084345,-0.7381974248927038,-6.337829552421827,-6.916002452483139,3.0,0.32478632478632485,3078.947368421052,-11.956878969757003,3.2874541110657893,-17.592214905891268,1333.3333333333333,-1.0,78.32988047808765,0.3233264589823784,
2023-08-12 10:36:03.637000,-6.698795180722892,-0.8072289156626506,-7.216867469879518,-0.8117719190680563,-6.4481912936848556,-6.933169834457388,3.0,0.32478632478632485,3078.947368421052,-11.66680263387914,3.4095915156459418,-18.0196958219218,1336.263736263736,-1.0,78.32988047808765,0.32333919781925663,
2023-08-12 10:36:03.644000,-6.72289156626506,-0.819277108433735,-7.2048192771084345,-0.7946045370938074,-6.418761496014715,-6.955242182709993,3.0,0.32478632478632485,3078.947368421052,-11.529398053726469,3.821805256103957,-18.309772157799664,1336.263736263736,-1.0,78.32988047808765,0.32335218914264235,
2023-08-12 10:36:03.652000,-6.746987951807229,-0.8313253012048193,-7.253012048192772,-0.86817903126916,-6.4996934396076025,-6.896382587369711,3.0,0.32434232434232435,3083.1622176591372,-11.33092477128372,4.203484645416935,-18.55404696695997,1333.3333333333333,-1.0,78.32988047808765,0.3233654333343365,
2023-08-12 10:36:03.660000,-6.72289156626506,-0.8433734939759037,-7.289156626506024,-0.7847946045370937,-6.465358675659105,-6.984671980380135,3.0,0.32478632478632485,3078.947368421052,-11.437795000291354,3.7760037293864,-18.981527882990502,1327.4725274725274,-1.0,78.32988047808765,0.3233789302905938,
2023-08-12 10:36:03.667000,-6.698795180722892,-0.8313253012048193,-7.301204819277109,-0.8142244022072348,-6.418761496014715,-7.0410790925812385,3.0,0.32478632478632485,3078.947368421052,-11.071382786550897,3.6538663248062475,-19.18000116543325,1321.6117216117216,-1.0,78.32988047808765,0.3233926795315726,
2023-08-12 10:36:03.675000,-6.674698795180723,-0.8433734939759037,-7.36144578313253,-0.8583690987124463,-6.413856529736358,-7.095033721643163,3.0,0.32478632478632485,3078.947368421052,-10.903443855253187,3.0737136530505222,-19.48534467688363,1316.4835164835165,-1.0,78.32988047808765,0.3234066803431053,
2023-08-12 10:36:03.683000,-6.650602409638554,-0.8313253012048193,-7.36144578313253,-0.7946045370938074,-6.37952176578786,-7.080318822808093,3.0,0.32434232434232435,3083.1622176591372,-11.071382786550897,2.7683701416001405,-19.241069867723326,1310.6227106227104,-1.0,78.32988047808765,0.32342093162150065,
2023-08-12 10:36:03.690000,-6.63855421686747,-0.8313253012048193,-7.385542168674699,-0.7798896382587369,-6.386879215205395,-7.134273451870018,3.0,0.32434232434232435,3083.1622176591372,-10.84237515296311,1.745469378241362,-19.103665287570657,1306.227106227106,-1.0,78.32988047808765,0.32343543184756407,
2023-08-12 10:36:03.698000,-6.602409638554217,-0.8433734939759037,-7.373493975903615,-0.8019619865113427,-6.350091968117719,-7.102391171060699,3.0,0.32478632478632485,3078.947368421052,-10.903443855253187,1.195851057630675,-18.599848493677527,1301.098901098901,-1.0,78.32988047808765,0.32345017889127153,
2023-08-12 10:36:03.706000,-6.590361445783133,-0.855421686746988,-7.373493975903615,-0.82158185162477,-6.350091968117719,-7.119558553034947,3.0,0.32478632478632485,3078.947368421052,-11.086649962123415,0.8294388438902169,-18.05023017306684,1297.4358974358975,-1.0,78.32988047808765,0.3234651701573999,
2023-08-12 10:36:03.713000,-6.578313253012048,-0.855421686746988,-7.397590361445784,-0.8485591661557327,-6.357449417535254,-7.1367259350091965,3.0,0.32478632478632485,3078.947368421052,-10.84237515296311,0.661499912592507,-17.790688188334013,1297.4358974358975,-1.0,78.32988047808765,0.32348040274281725,
2023-08-12 10:36:03.721000,-6.614457831325302,-0.8674698795180723,-7.409638554216868,-0.8804414469650521,-6.335377069282648,-7.161250766400981,3.0,0.32478632478632485,3078.947368421052,-11.315657595711201,0.1729502942718963,-17.18000116543325,1298.168498168498,-1.0,78.32988047808765,0.32349587328674917,
2023-08-12 10:36:03.729000,-6.602409638554217,-0.855421686746988,-7.373493975903615,-0.8093194359288779,-6.369711833231146,-7.119558553034947,3.0,0.32478632478632485,3078.947368421052,-11.651535458306622,-0.08659169046092811,-16.920459180700426,1299.6336996336995,-1.0,78.32988047808765,0.32351157796128815,
2023-08-12 10:36:03.736000,-6.650602409638554,-0.8795180722891567,-7.36144578313253,-0.8289393010423053,-6.377069282648681,-7.063151440833844,3.0,0.32478632478632485,3078.947368421052,-12.140085076627232,0.12714876755433904,-17.33267292115844,1301.8315018315018,-1.0,78.32988047808765,0.32352751246346617,
2023-08-12 10:36:03.744000,-6.662650602409639,-0.8795180722891567,-7.349397590361447,-0.8730839975475169,-6.399141630901287,-7.08522378908645,3.0,0.32478632478632485,3078.947368421052,-12.308024007924942,-0.05605733931588995,-17.68381795932638,1302.5641025641025,-1.0,78.32988047808765,0.32354367200897466,
2023-08-12 10:36:03.752000,-6.698795180722892,-0.8795180722891567,-7.349397590361447,-0.9196811771919068,-6.406499080318823,-7.050889025137952,3.0,0.32478632478632485,3078.947368421052,-12.979779733115782,0.29508769885204894,-18.279237806654624,1302.5641025641025,-1.0,78.32988047808765,0.3235600513275896,
2023-08-12 10:36:03.759000,-6.674698795180723,-0.9277108433734941,-7.385542168674699,-0.8877988963825874,-6.374616799509503,-7.087676272225628,3.0,0.32478632478632485,3078.947368421052,-13.712604160596698,0.050812889691743635,-18.721985898257678,1303.2967032967033,-1.0,78.32988047808765,0.32357664479911247,
2023-08-12 10:36:03.767000,-6.686746987951808,-0.9518072289156627,-7.409638554216868,-0.9515634580012262,-6.39423666462293,-7.1072961373390555,3.0,0.32478632478632485,3078.947368421052,-13.972146145329523,-0.08659169046092811,-19.19526834100577,1303.2967032967033,-1.0,78.32988047808765,0.3235934462932462,
2023-08-12 10:36:03.775000,-6.650602409638554,-1.0240963855421688,-7.385542168674699,-1.015328019619865,-6.369711833231146,-7.092581238503985,3.0,0.32434232434232435,3083.1622176591372,-13.865275916321888,0.005011362974186382,-19.912825592914167,1302.5641025641025,-1.0,78.32988047808765,0.32361044904284625,
2023-08-12 10:36:03.782000,-6.63855421686747,-1.0240963855421688,-7.36144578313253,-1.0055180870631515,-6.308399754751686,-7.1146535867565905,3.0,0.32434232434232435,3083.1622176591372,-14.246955305634867,-0.23926344618611894,-20.279237806654624,1303.2967032967033,-1.0,78.32988047808765,0.32362764578521924,
2023-08-12 10:36:03.790000,-6.602409638554217,-1.0481927710843375,-7.385542168674699,-1.0594727161250765,-6.313304721030042,-7.119558553034947,3.0,0.32478632478632485,3078.947368421052,-14.246955305634867,-0.23926344618611894,-20.279237806654624,1302.5641025641025,-1.0,78.32988047808765,0.32364502858558286,
2023-08-12 10:36:03.798000,-6.55421686746988,-1.072289156626506,-7.397590361445784,-1.0275904353157572,-6.291232372777436,-7.08522378908645,3.0,0.32478632478632485,3078.947368421052,-14.628634694947843,-0.5446069576365006,-20.05023017306684,1301.098901098901,-1.0,78.32988047808765,0.3236625890021951,
2023-08-12 10:36:03.805000,-6.518072289156627,-1.0963855421686748,-7.385542168674699,-1.0079705702023298,-6.281422440220723,-7.0778663396689145,3.0,0.32478632478632485,3078.947368421052,-14.384359885787537,-0.6514771866441342,-19.638016432608822,1299.6336996336995,-1.0,78.32988047808765,0.32368031826377447,
2023-08-12 10:36:03.813000,-6.542168674698796,-1.1204819277108435,-7.385542168674699,-1.1232372777437154,-6.261802575107295,-7.102391171060699,3.0,0.32478632478632485,3078.947368421052,-14.811840801818072,-0.9110191713769586,-19.54641337917371,1301.098901098901,-1.0,78.32988047808765,0.32369820714044034,
2023-08-12 10:36:03.821000,-6.530120481927711,-1.1325301204819278,-7.397590361445784,-1.137952176578786,-6.33292458614347,-7.139178418148375,3.0,0.32478632478632485,3078.947368421052,-15.468329351436392,-0.422469553056348,-19.576947730318746,1303.2967032967033,-1.0,78.32988047808765,0.32371624609408883,
2023-08-12 10:36:03.828000,-6.566265060240964,-1.1204819277108435,-7.421686746987953,-1.1624770079705702,-6.310852237890864,-7.1146535867565905,3.0,0.32478632478632485,3078.947368421052,-15.269856068993644,-0.6362100110716151,-19.54641337917371,1305.4945054945053,-1.0,78.32988047808765,0.32373442513280837,
2023-08-12 10:36:03.836000,-6.602409638554217,-1.1686746987951808,-7.421686746987953,-1.1649294911097485,-6.340282035561005,-7.1146535867565905,3.0,0.32434232434232435,3083.1622176591372,-15.758405687314255,-1.1400268049647448,-19.68381795932638,1306.227106227106,-1.0,78.32988047808765,0.323752733698705,
2023-08-12 10:36:03.843000,-6.614457831325302,-1.1686746987951808,-7.445783132530121,-1.1771919068056407,-6.396689147762109,-7.1735131820968725,3.0,0.32434232434232435,3083.1622176591372,-15.68206980945166,-1.1247596293922257,-19.66855078375386,1306.227106227106,-1.0,78.32988047808765,0.3237711608237455,
2023-08-12 10:36:03.851000,-6.626506024096386,-1.1686746987951808,-7.445783132530121,-1.1453096259963211,-6.315757204169221,-7.190680564071122,3.0,0.32478632478632485,3078.947368421052,-16.598100343802805,-1.353767262980012,-19.68381795932638,1303.2967032967033,-1.0,78.32988047808765,0.3237896951064085,
2023-08-12 10:36:03.859000,-6.626506024096386,-1.180722891566265,-7.46987951807229,-1.1673819742489269,-6.308399754751686,-7.148988350705088,3.0,0.32478632478632485,3078.947368421052,-16.872909504108147,-1.7201794767204701,-20.309772157799664,1301.8315018315018,-1.0,78.32988047808765,0.32380832473195487,
2023-08-12 10:36:03.866000,-6.63855421686747,-1.1566265060240966,-7.457831325301205,-1.1330472103004292,-6.330472103004292,-7.1735131820968725,3.0,0.32478632478632485,3078.947368421052,-17.13245148884097,-2.0102558125983325,-20.615115669250045,1302.5641025641025,-1.0,78.32988047808765,0.3238270376750152,
2023-08-12 10:36:03.874000,-6.650602409638554,-1.144578313253012,-7.457831325301205,-1.1109748620478233,-6.345187001839362,-7.2323727774371545,3.0,0.32478632478632485,3078.947368421052,-16.903443855253187,-2.285064972903676,-21.042596585280577,1304.0293040293038,-1.0,78.32988047808765,0.3238458215742187,
2023-08-12 10:36:03.882000,-6.650602409638554,-1.0963855421686748,-7.445783132530121,-1.0668301655426118,-6.364806866952789,-7.205395462906192,3.0,0.32478632478632485,3078.947368421052,-17.224054542276086,-2.117126041605966,-21.409008799021038,1303.2967032967033,-1.0,78.32988047808765,0.32386466362935296,
2023-08-12 10:36:03.889000,-6.650602409638554,-1.0843373493975905,-7.493975903614459,-1.0251379521765787,-6.367259350091968,-7.183323114653587,3.0,0.32478632478632485,3078.947368421052,-17.239321717848608,-2.7736145912242867,-21.89755841734165,1302.5641025641025,-1.0,78.32988047808765,0.3238835507767132,
2023-08-12 10:36:03.897000,-6.686746987951808,-1.0602409638554218,-7.46987951807229,-1.0300429184549356,-6.39423666462293,-7.156345800122624,3.0,0.32478632478632485,3078.947368421052,-17.605733931589064,-2.2239962706135996,-22.17236757764699,1297.4358974358975,-1.0,78.32988047808765,0.3239024697165451,
2023-08-12 10:36:03.905000,-6.686746987951808,-1.036144578313253,-7.433734939759036,-0.9711833231146535,-6.404046597179644,-7.171060698957694,3.0,0.32434232434232435,3083.1622176591372,-18.17061942777227,-2.254530621758638,-22.447176737952336,1293.7728937728937,-1.0,78.32988047808765,0.3239214070805347,
2023-08-12 10:36:03.912000,-6.710843373493976,-0.9879518072289157,-7.433734939759036,-0.927038626609442,-6.4114040465971796,-7.291232372777436,3.0,0.32478632478632485,3078.947368421052,-18.552298817085248,-2.269797797331157,-22.69145154711264,1290.8424908424909,-1.0,78.32988047808765,0.3239403492920624,
2023-08-12 10:36:03.920000,-6.710843373493976,-0.963855421686747,-7.445783132530121,-0.8976088289393009,-6.443286327406499,-7.217657878602084,3.0,0.32478632478632485,3078.947368421052,-19.575199580444025,-2.5446069576365007,-22.645650020395085,1287.9120879120878,-1.0,78.32988047808765,0.3239592825766428,
2023-08-12 10:36:03.928000,-6.72289156626506,-0.9156626506024097,-7.433734939759036,-0.8461066830165542,-6.465358675659105,-7.156345800122624,3.0,0.32478632478632485,3078.947368421052,-19.926344618611964,-2.590408484354058,-22.783054600547754,1291.5750915750914,-1.0,78.32988047808765,0.3239781931539411,
2023-08-12 10:36:03.935000,-6.734939759036145,-0.8795180722891567,-7.385542168674699,-0.838749233599019,-6.467811158798283,-7.171060698957694,3.0,0.32434232434232435,3083.1622176591372,-20.15535225219975,-2.5293397820639814,-22.52351261581493,1301.098901098901,-1.0,78.32988047808765,0.3239970671325688,
2023-08-12 10:36:03.943000,-6.698795180722892,-0.8313253012048193,-7.409638554216868,-0.7847946045370937,-6.42611894543225,-7.1072961373390555,3.0,0.32434232434232435,3083.1622176591372,-20.62863469494784,-2.666744362216653,-22.599848493677527,1316.4835164835165,-1.0,78.32988047808765,0.32401589025611177,
2023-08-12 10:36:03.951000,-6.662650602409639,-0.8313253012048193,-7.373493975903615,-0.7896995708154506,-6.418761496014715,-7.058246474555487,3.0,0.32434232434232435,3083.1622176591372,-21.651535458306622,-3.4301031408426073,-22.569314142532487,1339.194139194139,-1.0,78.32988047808765,0.3240346480748624,
2023-08-12 10:36:03.958000,-6.63855421686747,-0.7951807228915663,-7.313253012048193,-0.7798896382587369,-6.445738810545677,-7.021459227467811,3.0,0.32434232434232435,3083.1622176591372,-21.682069809451658,-4.193461919468562,-22.630382844822563,1370.6959706959706,-1.0,78.32988047808765,0.3240533261065031,
2023-08-12 10:36:03.966000,-6.578313253012048,-0.819277108433735,-7.265060240963856,-0.7823421213979154,-6.310852237890864,-6.969957081545064,3.0,0.32434232434232435,3083.1622176591372,-22.216420954489827,-5.338500087407493,-22.798321776120275,1410.2564102564102,-1.0,78.32988047808765,0.32407190987917206,
2023-08-12 10:36:03.974000,-6.55421686746988,-0.8072289156626506,-7.253012048192772,-0.7798896382587369,-6.256897608828939,-6.999386879215205,3.0,0.32434232434232435,3083.1622176591372,-22.750772099527996,-6.208729095041081,-22.584581318105005,1454.212454212454,-1.0,78.32988047808765,0.3240903849534048,
2023-08-12 10:36:03.981000,-6.542168674698796,-0.8674698795180723,-7.240963855421687,-0.8093194359288779,-6.278969957081545,-6.99202942979767,3.0,0.32434232434232435,3083.1622176591372,-22.50649729036769,-6.697278713361691,-22.538779791387448,1501.098901098901,-1.0,78.32988047808765,0.32410873682621844,
2023-08-12 10:36:03.989000,-6.55421686746988,-0.8674698795180723,-7.253012048192772,-0.8902513795217657,-6.323114653586757,-6.940527283874923,3.0,0.32434232434232435,3083.1622176591372,-22.97977973311578,-6.590408484354057,-22.21816910436455,1549.4505494505493,-1.0,78.32988047808765,0.32412695111171147,
2023-08-12 10:36:03.997000,-6.566265060240964,-0.9036144578313253,-7.325301204819278,-0.9515634580012262,-6.296137339055794,-7.072961373390558,3.0,0.32434232434232435,3083.1622176591372,-23.086649962123413,-6.05605733931589,-21.592214905891264,1598.5347985347985,-1.0,78.32988047808765,0.3241450137108057,
2023-08-12 10:36:04.004000,-6.626506024096386,-0.9036144578313253,-7.301204819277109,-0.9123237277743715,-6.37952176578786,-7.004291845493562,3.0,0.32434232434232435,3083.1622176591372,-22.903443855253187,-4.71254588893421,-21.48534467688363,1644.6886446886447,-1.0,78.32988047808765,0.32416291068268505,
2023-08-12 10:36:04.012000,-6.734939759036145,-0.8915662650602411,-7.301204819277109,-0.8804414469650521,-6.42611894543225,-7.072961373390558,3.0,0.32434232434232435,3083.1622176591372,-22.537031641512726,-3.3232329118349737,-21.500611852456153,1684.9816849816848,-1.0,78.32988047808765,0.32418062814721643,
2023-08-12 10:36:04.020000,-6.83132530120482,-0.8433734939759037,-7.265060240963856,-0.8289393010423053,-6.610055180870631,-6.952789699570815,3.0,0.32434232434232435,3083.1622176591372,-22.277489656779903,-2.025522988170852,-22.309772157799664,1716.4835164835163,-1.0,78.32988047808765,0.32419815246343414,
2023-08-12 10:36:04.027000,-6.963855421686747,-0.7951807228915663,-7.228915662650603,-0.7357449417535254,-6.715511955855303,-6.906192519926425,3.0,0.32434232434232435,3083.1622176591372,-22.277489656779903,-0.5904084843540579,-23.470077501311113,1739.194139194139,-1.0,78.32988047808765,0.3242154702579834,
2023-08-12 10:36:04.035000,-7.024096385542169,-0.7228915662650602,-7.1807228915662655,-0.657265481299816,-6.747394236664623,-6.8694052728387485,3.0,0.32434232434232435,3083.1622176591372,-22.00268049647456,-0.9110191713769586,-24.294504982227142,1751.6483516483515,-1.0,78.32988047808765,0.32423256845271664,
2023-08-12 10:36:04.043000,-7.096385542168675,-0.674698795180723,-7.1325301204819285,-0.5763335377069282,-6.818516247700797,-6.864500306560392,3.0,0.32434232434232435,3083.1622176591372,-21.727871336169216,-1.4453703164151266,-25.33267292115844,1755.311355311355,-1.0,78.32988047808765,0.32424943429134756,
2023-08-12 10:36:04.050000,-7.096385542168675,-0.6506024096385542,-7.120481927710844,-0.6057633353770693,-6.904353157572041,-6.800735744941753,3.0,0.32434232434232435,3083.1622176591372,-21.575199580444025,-2.5598741332090196,-26.431909562379815,1753.113553113553,-1.0,78.32988047808765,0.3242660553650727,
2023-08-12 10:36:04.058000,-7.072289156626506,-0.6144578313253012,-7.096385542168675,-0.6082158185162476,-6.820968730839975,-6.835070508890251,3.0,0.32434232434232435,3083.1622176591372,-21.101917137695935,-4.071324514888409,-26.82885612726531,1743.5897435897434,-1.0,78.32988047808765,0.3242824196370763,
2023-08-12 10:36:04.066000,-6.987951807228916,-0.5662650602409639,-7.096385542168675,-0.4904966278356836,-6.75229920294298,-6.768853464132434,3.0,0.32434232434232435,3083.1622176591372,-21.101917137695935,-4.071324514888409,-26.82885612726531,1726.7399267399267,-1.0,78.32988047808765,0.324298515465836,
2023-08-12 10:36:04.073000,-6.867469879518072,-0.5421686746987953,-7.1084337349397595,-0.5003065603923973,-6.622317596566523,-6.80564071122011,3.0,0.32434232434232435,3083.1622176591372,-20.796573626245554,-5.491171843132683,-26.21816910436455,1705.4945054945053,-1.0,78.32988047808765,0.3243143316271584,
2023-08-12 10:36:04.081000,-6.746987951807229,-0.5180722891566265,-7.1325301204819285,-0.4659717964438994,-6.504598405885959,-6.835070508890251,3.0,0.32478632478632485,3078.947368421052,-20.430161412505093,-6.483538255346424,-25.02732940970806,1679.8534798534797,773.651123046875,77.55433710701747,0.3243298573348755,
2023-08-12 10:36:04.089000,-6.614457831325302,-0.5180722891566265,-7.1084337349397595,-0.4463519313304721,-6.381974248927039,-6.835070508890251,3.0,0.32434232434232435,3083.1622176591372,-19.911077443039446,-7.506439018705203,-23.378474447876,1652.7472527472526,-1.0,77.55433710701747,0.3243450824094312,
2023-08-12 10:36:04.096000,-6.518072289156627,-0.5180722891566265,-7.1325301204819285,-0.43654199877375843,-6.313304721030042,-6.786020846106682,3.0,0.32434232434232435,3083.1622176591372,-19.376726298001277,-6.972087873667035,-21.19526834100577,1624.9084249084249,-1.0,77.55433710701747,0.32435999716830227,
2023-08-12 10:36:04.104000,-6.46987951807229,-0.5180722891566265,-7.096385542168675,-0.5125689760882893,-6.274064990803188,-6.761496014714899,3.0,0.32434232434232435,3083.1622176591372,-18.82710797739059,-6.956820698094516,-18.87465765398287,1599.2673992673992,-1.0,77.55433710701747,0.32437459228339266,
2023-08-12 10:36:04.112000,-6.46987951807229,-0.5301204819277109,-7.0843373493975905,-0.5003065603923973,-6.205395462906192,-6.741876149601471,3.0,0.32434232434232435,3083.1622176591372,-18.796573626245554,-6.05605733931589,-16.55404696695997,1574.3589743589744,-1.0,77.55433710701747,0.3243888589347549,
2023-08-12 10:36:04.119000,-6.518072289156627,-0.5662650602409639,-7.060240963855422,-0.5444512568976088,-6.227467811158798,-6.7271612507664,3.0,0.32434232434232435,3083.1622176591372,-18.872909504108147,-4.8957519958044395,-15.653283608181342,1551.6483516483515,-1.0,77.55433710701747,0.3244027888239728,
2023-08-12 10:36:04.127000,-6.55421686746988,-0.5783132530120483,-7.024096385542169,-0.5861434702636419,-6.301042305334151,-6.741876149601471,3.0,0.32434232434232435,3083.1622176591372,-18.903443855253187,-3.0636909271021495,-14.386108035662257,1528.937728937729,-1.0,77.55433710701747,0.32441637418592495,
2023-08-12 10:36:04.135000,-6.650602409638554,-0.6024096385542169,-7.0120481927710845,-0.5493562231759657,-6.354996934396076,-6.7271612507664,3.0,0.32434232434232435,3083.1622176591372,-18.414894236932575,-1.323232911834974,-14.416642386807295,1508.4249084249084,-1.0,77.55433710701747,0.3244296077989115,
2023-08-12 10:36:04.142000,-6.662650602409639,-0.6144578313253012,-7.0120481927710845,-0.5714285714285714,-6.320662170447577,-6.746781115879828,3.0,0.32389832389832396,3087.388622344071,-18.50649729036769,0.020278538546705464,-15.118932463143173,1488.6446886446886,-1.0,77.55433710701747,0.3244424829931231,
2023-08-12 10:36:04.150000,-6.63855421686747,-0.6265060240963856,-7.060240963855422,-0.5640711220110362,-6.342734518700183,-6.7148988350705086,3.0,0.32434232434232435,3083.1622176591372,-18.3538255346425,0.478293805722278,-16.386108035662257,1466.6666666666665,-1.0,77.55433710701747,0.32445499364690805,
2023-08-12 10:36:04.158000,-6.602409638554217,-0.6506024096385542,-7.096385542168675,-0.6744328632740649,-6.310852237890864,-6.761496014714899,3.0,0.32434232434232435,3083.1622176591372,-17.437795000291356,0.8447060194627359,-17.653283608181344,1443.956043956044,-1.0,77.55433710701747,0.32446713416020867,
2023-08-12 10:36:04.165000,-6.542168674698796,-0.6385542168674699,-7.1325301204819285,-0.5959534028203556,-6.234825260576333,-6.761496014714899,3.0,0.32434232434232435,3083.1622176591372,-16.781306450673032,0.6309655614474688,-19.118932463143175,1421.245421245421,-1.0,77.55433710701747,0.3244788994893858,
2023-08-12 10:36:04.173000,-6.506024096385542,-0.6626506024096386,-7.144578313253012,-0.6302881667688535,-6.188228080931943,-6.837522992029429,3.0,0.32434232434232435,3083.1622176591372,-16.079016374337154,0.5851640347299115,-19.821222539479052,1398.5347985347985,-1.0,77.55433710701747,0.3244902851592381,
2023-08-12 10:36:04.181000,-6.481927710843374,-0.6626506024096386,-7.168674698795181,-0.5616186388718577,-6.210300429184549,-6.889025137952176,3.0,0.32434232434232435,3083.1622176591372,-15.132451488840973,-0.04079016374337087,-20.52351261581493,1374.3589743589744,-1.0,77.55433710701747,0.3245012872628738,
2023-08-12 10:36:04.188000,-6.46987951807229,-0.6506024096385542,-7.253012048192772,-0.6008583690987124,-6.256897608828939,-6.955242182709993,3.0,0.32434232434232435,3083.1622176591372,-14.52176446594021,-0.40720237748382887,-21.01206223413554,1351.6483516483515,-1.0,77.55433710701747,0.32451190246000744,
2023-08-12 10:36:04.196000,-6.493975903614458,-0.6626506024096386,-7.2771084337349405,-0.615573267933783,-6.237277743715512,-6.960147148988351,3.0,0.32434232434232435,3083.1622176591372,-13.758405687314255,0.2645533477070108,-20.630382844822563,1331.135531135531,-1.0,77.55433710701747,0.3245221279737226,
2023-08-12 10:36:04.204000,-6.518072289156627,-0.674698795180723,-7.265060240963856,-0.6646229307173512,-6.234825260576333,-6.957694665849172,3.0,0.32434232434232435,3083.1622176591372,-13.285123244566163,0.5698968591573925,-20.3403065089447,1312.8205128205127,-1.0,77.55433710701747,0.3245319615857473,
2023-08-12 10:36:04.211000,-6.578313253012048,-0.6506024096385542,-7.2771084337349405,-0.6131207847946045,-6.278969957081545,-6.99202942979767,3.0,0.32434232434232435,3083.1622176591372,-12.949245381970744,0.5240953324398352,-20.630382844822563,1298.168498168498,-1.0,77.55433710701747,0.32454140163029116,
2023-08-12 10:36:04.219000,-6.63855421686747,-0.6626506024096386,-7.2771084337349405,-0.6621704475781729,-6.381974248927039,-7.05334150827713,3.0,0.32434232434232435,3083.1622176591372,-12.85764232853563,0.8752403706077742,-20.462443913524854,1287.179487179487,-1.0,77.55433710701747,0.3245504469865028,
2023-08-12 10:36:04.226000,-6.710843373493976,-0.674698795180723,-7.301204819277109,-0.6842427958307786,-6.435928877988964,-7.060698957694665,3.0,0.32434232434232435,3083.1622176591372,-13.254588893421126,1.0584464774780031,-20.584581318105005,1280.5860805860805,-1.0,77.55433710701747,0.32455909706960995,
2023-08-12 10:36:04.234000,-6.746987951807229,-0.746987951807229,-7.301204819277109,-0.6695278969957081,-6.516860821581851,-6.996934396076027,3.0,0.32434232434232435,3083.1622176591372,-13.34619194685624,0.9210418973253314,-20.584581318105005,1279.120879120879,-1.0,77.55433710701747,0.3245673518208059,
2023-08-12 10:36:04.242000,-6.771084337349398,-0.7590361445783133,-7.289156626506024,-0.7921520539546291,-6.494788473329246,-7.031269160024524,3.0,0.32434232434232435,3083.1622176591372,-14.017947672047079,1.043179301905484,-20.966260707417984,1283.5164835164835,-1.0,77.55433710701747,0.32457521169595693,
2023-08-12 10:36:04.249000,-6.783132530120482,-0.7710843373493976,-7.337349397590362,-0.7529123237277743,-6.480073574494175,-7.082771305947271,3.0,0.32434232434232435,3083.1622176591372,-14.063749198764636,0.9210418973253314,-21.241069867723326,1294.5054945054944,-1.0,77.55433710701747,0.32458267765320037,
2023-08-12 10:36:04.257000,-6.783132530120482,-0.8072289156626506,-7.36144578313253,-0.838749233599019,-6.526670754138565,-7.0705088902513795,3.0,0.32434232434232435,3083.1622176591372,-14.796573626245554,0.3866907522871635,-21.21053551657829,1309.89010989011,-1.0,77.55433710701747,0.32458975113951577,
2023-08-12 10:36:04.265000,-6.759036144578314,-0.8313253012048193,-7.385542168674699,-0.7872470876762722,-6.524218270999387,-7.1440833844267315,3.0,0.32434232434232435,3083.1622176591372,-15.17825301555853,-0.0102558125983327,-21.118932463143175,1324.5421245421244,-1.0,77.55433710701747,0.3245964340763461,
2023-08-12 10:36:04.272000,-6.734939759036145,-0.855421686746988,-7.373493975903615,-0.7995095033721643,-6.516860821581851,-7.139178418148375,3.0,0.32389832389832396,3087.388622344071,-15.437795000291354,-0.5293397820639816,-20.783054600547754,1339.194139194139,-1.0,77.55433710701747,0.32460272884435226,
2023-08-12 10:36:04.280000,-6.698795180722892,-0.8674698795180723,-7.421686746987953,-0.8608215818516247,-6.413856529736358,-7.1440833844267315,3.0,0.32434232434232435,3083.1622176591372,-15.361459122428759,-0.9415535225219968,-19.958627119631725,1352.3809523809523,-1.0,77.55433710701747,0.32460863811809176,
2023-08-12 10:36:04.288000,-6.686746987951808,-0.9156626506024097,-7.457831325301205,-0.8804414469650521,-6.438381361128142,-7.14653586756591,3.0,0.32434232434232435,3083.1622176591372,-15.498863702581431,-1.6133092477128363,-19.805955363906534,1363.3699633699632,-1.0,77.55433710701747,0.32461416497671397,
2023-08-12 10:36:04.295000,-6.662650602409639,-0.9397590361445783,-7.457831325301205,-0.9368485591661557,-6.39423666462293,-7.217657878602084,3.0,0.32389832389832396,3087.388622344071,-15.727871336169217,-1.8575840568731419,-18.920459180700426,1369.9633699633698,-1.0,77.55433710701747,0.3246193130455647,
2023-08-12 10:36:04.303000,-6.662650602409639,-0.9518072289156627,-7.46987951807229,-0.8730839975475169,-6.4481912936848556,-7.183323114653587,3.0,0.32389832389832396,3087.388622344071,-15.66680263387914,-2.3614008507662714,-18.813588951692793,1375.091575091575,-1.0,77.55433710701747,0.3246240861901021,
2023-08-12 10:36:04.311000,-6.650602409638554,-0.963855421686747,-7.409638554216868,-0.8730839975475169,-6.404046597179644,-7.090128755364806,3.0,0.32434232434232435,3083.1622176591372,-15.529398053726469,-2.2087290950410807,-18.889924829555387,1379.4871794871794,-1.0,77.55433710701747,0.3246284884755518,
2023-08-12 10:36:04.318000,-6.674698795180723,-0.963855421686747,-7.433734939759036,-0.944206008583691,-6.364806866952789,-7.1146535867565905,3.0,0.32434232434232435,3083.1622176591372,-15.575199580444027,-2.3766680263387907,-19.149466814288214,1382.4175824175823,-1.0,77.55433710701747,0.3246325242957061,
2023-08-12 10:36:04.326000,-6.674698795180723,-0.963855421686747,-7.397590361445784,-0.927038626609442,-6.4481912936848556,-7.082771305947271,3.0,0.32389832389832396,3087.388622344071,-15.605733931589064,-2.422469553056348,-19.18000116543325,1383.150183150183,-1.0,77.55433710701747,0.3246361983942488,
2023-08-12 10:36:04.334000,-6.686746987951808,-0.963855421686747,-7.373493975903615,-0.9466584917228693,-6.359901900674433,-7.065603923973022,3.0,0.32434232434232435,3083.1622176591372,-15.987413320902041,-2.8957519958044395,-19.760153837188977,1382.4175824175823,-1.0,77.55433710701747,0.3246395158438656,
2023-08-12 10:36:04.341000,-6.662650602409639,-0.963855421686747,-7.337349397590362,-0.956468424279583,-6.33292458614347,-7.104843654199877,3.0,0.32434232434232435,3083.1622176591372,-15.987413320902041,-2.8957519958044395,-19.760153837188977,1378.021978021978,-1.0,77.55433710701747,0.32464248213252966,
2023-08-12 10:36:04.349000,-6.63855421686747,-0.963855421686747,-7.337349397590362,-0.9074187614960146,-6.33292458614347,-7.1072961373390555,3.0,0.32434232434232435,3083.1622176591372,-16.124817901054712,-2.666744362216653,-19.729619486043937,1373.6263736263736,-1.0,77.55433710701747,0.3246451030151614,
2023-08-12 10:36:04.357000,-6.63855421686747,-0.9518072289156627,-7.373493975903615,-0.9049662783568363,-6.33292458614347,-7.0999386879215205,3.0,0.32389832389832396,3087.388622344071,-16.567565992657766,-2.7583474156517678,-20.431909562379815,1366.3003663003662,-1.0,77.55433710701747,0.32464738437594226,
2023-08-12 10:36:04.364000,-6.626506024096386,-0.9518072289156627,-7.36144578313253,-0.9515634580012262,-6.367259350091968,-7.058246474555487,3.0,0.32434232434232435,3083.1622176591372,-16.735504923955478,-2.8652176446594013,-20.599848493677527,1361.1721611721612,-1.0,77.55433710701747,0.32464933234662785,
2023-08-12 10:36:04.372000,-6.626506024096386,-0.9397590361445783,-7.36144578313253,-0.8657265481299815,-6.337829552421827,-7.112201103617412,3.0,0.32434232434232435,3083.1622176591372,-17.437795000291356,-2.2087290950410807,-21.18000116543325,1355.3113553113553,-1.0,77.55433710701747,0.32465095339360694,
2023-08-12 10:36:04.380000,-6.626506024096386,-0.9397590361445783,-7.337349397590362,-0.9049662783568363,-6.354996934396076,-7.050889025137952,3.0,0.32434232434232435,3083.1622176591372,-17.36145912242876,-1.8728512324456608,-20.981527882990502,1350.18315018315,-1.0,77.55433710701747,0.3246522541706382,
2023-08-12 10:36:04.387000,-6.626506024096386,-0.9277108433734941,-7.36144578313253,-0.9172286940527283,-6.362354383813611,-7.065603923973022,3.0,0.32389832389832396,3087.388622344071,-17.788940038459295,-1.2926985606899357,-20.721985898257678,1344.3223443223442,-1.0,77.55433710701747,0.3246532415212737,
2023-08-12 10:36:04.395000,-6.650602409638554,-0.8915662650602411,-7.325301204819278,-0.7602697731453096,-6.350091968117719,-6.99202942979767,3.0,0.32389832389832396,3087.388622344071,-17.987413320902043,-1.0178894003845922,-20.767787424975236,1339.194139194139,-1.0,77.55433710701747,0.3246539223009248,
2023-08-12 10:36:04.403000,-6.674698795180723,-0.8674698795180723,-7.325301204819278,-0.7872470876762722,-6.445738810545677,-7.004291845493562,3.0,0.32389832389832396,3087.388622344071,-18.033214847619597,-0.9873550492395541,-20.3403065089447,1334.7985347985348,-1.0,77.55433710701747,0.3246543033480145,
2023-08-12 10:36:04.410000,-6.710843373493976,-0.8313253012048193,-7.325301204819278,-0.7896995708154506,-6.421213979153893,-7.050889025137952,3.0,0.32434232434232435,3083.1622176591372,-18.460695763650133,-0.30033214847619527,-19.89755841734165,1334.7985347985348,-1.0,77.55433710701747,0.3246543917323979,
2023-08-12 10:36:04.418000,-6.746987951807229,-0.783132530120482,-7.313253012048193,-0.7529123237277743,-6.48743102391171,-7.004291845493562,3.0,0.32389832389832396,3087.388622344071,-18.414894236932575,-0.39193520191130976,-19.653283608181344,1337.7289377289376,-1.0,77.55433710701747,0.32465419459927164,
2023-08-12 10:36:04.426000,-6.759036144578314,-0.783132530120482,-7.265060240963856,-0.7529123237277743,-6.531575720416922,-6.994481912936848,3.0,0.32389832389832396,3087.388622344071,-18.15535225219975,-0.8652176446594013,-19.51587902802867,1342.8571428571427,-1.0,77.55433710701747,0.3246537190452433,
2023-08-12 10:36:04.433000,-6.783132530120482,-0.7710843373493976,-7.265060240963856,-0.6621704475781729,-6.482526057633353,-6.994481912936848,3.0,0.32389832389832396,3087.388622344071,-18.033214847619597,-0.7430802400792487,-19.088398111998135,1348.7179487179487,-1.0,77.55433710701747,0.32465297209098043,
2023-08-12 10:36:04.441000,-6.771084337349398,-0.7590361445783133,-7.2771084337349405,-0.7553648068669527,-6.5340282035561,-6.938074800735745,3.0,0.32389832389832396,3087.388622344071,-17.712604160596698,-1.0789581026746686,-19.134199638715693,1353.8461538461538,-1.0,77.55433710701747,0.32465196094190707,
2023-08-12 10:36:04.449000,-6.771084337349398,-0.6987951807228916,-7.2048192771084345,-0.6180257510729613,-6.509503372164316,-6.893930104230533,3.0,0.32389832389832396,3087.388622344071,-17.300390420138683,-1.3843016141250502,-18.844123302837833,1355.3113553113553,-1.0,77.55433710701747,0.32465069281301556,
2023-08-12 10:36:04.456000,-6.759036144578314,-0.6987951807228916,-7.216867469879518,-0.657265481299816,-6.482526057633353,-6.938074800735745,3.0,0.32389832389832396,3087.388622344071,-17.36145912242876,-2.101858866033447,-18.783054600547754,1354.5787545787546,-1.0,77.55433710701747,0.32464917492470846,
2023-08-12 10:36:04.464000,-6.72289156626506,-0.674698795180723,-7.1807228915662655,-0.5665236051502146,-6.445738810545677,-6.8988350705088894,3.0,0.32389832389832396,3087.388622344071,-16.781306450673032,-2.6972787133616913,-18.37084086008974,1350.18315018315,-1.0,77.55433710701747,0.32464741461700825,
2023-08-12 10:36:04.472000,-6.674698795180723,-0.6626506024096386,-7.1807228915662655,-0.645003065603924,-6.423666462293071,-6.93071735131821,3.0,0.32389832389832396,3087.388622344071,-16.079016374337154,-2.9262863469494778,-18.263970631082106,1345.7875457875457,-1.0,77.55433710701747,0.3246454191876583,
2023-08-12 10:36:04.479000,-6.626506024096386,-0.6506024096385542,-7.168674698795181,-0.6817903126916002,-6.391784181483752,-6.849785407725322,3.0,0.32389832389832396,3087.388622344071,-15.66680263387914,-3.185828331682302,-17.53114620360119,1341.3919413919414,-1.0,77.55433710701747,0.32464319574138223,
2023-08-12 10:36:04.487000,-6.626506024096386,-0.674698795180723,-7.156626506024097,-0.6302881667688535,-6.328019619865113,-6.844880441446965,3.0,0.32389832389832396,3087.388622344071,-15.51413087815395,-2.5446069576365007,-16.950993531845466,1335.5311355311355,-1.0,77.55433710701747,0.3246407511988885,
2023-08-12 10:36:04.495000,-6.626506024096386,-0.674698795180723,-7.144578313253012,-0.6621704475781729,-6.296137339055794,-6.91354996934396,3.0,0.32389832389832396,3087.388622344071,-15.651535458306622,-1.7354466522929892,-16.966260707417984,1328.2051282051282,-1.0,77.55433710701747,0.3246380924341142,
2023-08-12 10:36:04.502000,-6.590361445783133,-0.6867469879518072,-7.144578313253012,-0.6842427958307786,-6.28632740649908,-6.800735744941753,3.0,0.32389832389832396,3087.388622344071,-15.086649962123415,-1.0636909271021495,-16.508245440242412,1321.6117216117216,-1.0,77.55433710701747,0.32463522626299296,
2023-08-12 10:36:04.510000,-6.566265060240964,-0.7228915662650602,-7.144578313253012,-0.6793378295524218,-6.318209687308399,-6.849785407725322,3.0,0.32389832389832396,3087.388622344071,-14.85764232853563,-0.6056756599265769,-16.492978264669894,1315.7509157509157,-1.0,77.55433710701747,0.32463215943304496,
2023-08-12 10:36:04.518000,-6.566265060240964,-0.746987951807229,-7.144578313253012,-0.6548129981606376,-6.34763948497854,-6.817903126916002,3.0,0.32389832389832396,3087.388622344071,-14.430161412505095,-0.07132451488840903,-16.18763475321951,1312.8205128205127,-1.0,77.55433710701747,0.3246288986137774,
2023-08-12 10:36:04.525000,-6.566265060240964,-0.7951807228915663,-7.156626506024097,-0.7063151440833844,-6.28632740649908,-6.859595340282035,3.0,0.32389832389832396,3087.388622344071,-14.292756832352422,0.20348464541693448,-16.065497348639358,1309.89010989011,-1.0,77.55433710701747,0.3246254503878924,
2023-08-12 10:36:04.533000,-6.578313253012048,-0.8072289156626506,-7.1325301204819285,-0.7651747394236664,-6.283874923359901,-6.842427958307786,3.0,0.32389832389832396,3087.388622344071,-13.68206980945166,0.32562204999708716,-16.05023017306684,1306.227106227106,-1.0,77.55433710701747,0.32462182124328276,
2023-08-12 10:36:04.541000,-6.566265060240964,-0.855421686746988,-7.144578313253012,-0.8338442673206621,-6.293684855916616,-6.896382587369711,3.0,0.32389832389832396,3087.388622344071,-13.269856068993644,-0.2850649729036762,-16.096031699784398,1300.3663003663003,-1.0,77.55433710701747,0.3246180175658013,
2023-08-12 10:36:04.548000,-6.55421686746988,-0.8915662650602411,-7.19277108433735,-0.8191293684855916,-6.251992642550582,-6.8694052728387485,3.0,0.32434232434232435,3083.1622176591372,-12.704970572810439,-0.1018588660334472,-16.279237806654624,1294.5054945054944,-1.0,77.55433710701747,0.32461404563278157,
2023-08-12 10:36:04.556000,-6.530120481927711,-0.9277108433734941,-7.216867469879518,-0.9172286940527283,-6.234825260576333,-6.8988350705088894,3.0,0.32389832389832396,3087.388622344071,-12.399627061360057,-0.5751413087815388,-16.3403065089447,1288.6446886446886,-1.0,77.55433710701747,0.32460991175658127,
2023-08-12 10:36:04.564000,-6.542168674698796,-0.9759036144578314,-7.240963855421687,-0.927038626609442,-6.259350091968117,-6.950337216431636,3.0,0.32389832389832396,3087.388622344071,-12.33855835906998,-0.17819474389604262,-16.35557368451722,1282.051282051282,-1.0,77.55433710701747,0.32460562215211397,
2023-08-12 10:36:04.571000,-6.530120481927711,-0.9879518072289157,-7.289156626506024,-0.9883507050889024,-6.207847946045371,-7.014101778050276,3.0,0.32389832389832396,3087.388622344071,-12.140085076627232,0.2645533477070108,-16.0196958219218,1274.7252747252746,-1.0,77.55433710701747,0.32460118277353445,
2023-08-12 10:36:04.579000,-6.530120481927711,-1.0120481927710845,-7.2771084337349405,-1.0251379521765787,-6.28632740649908,-7.023911710606989,3.0,0.32389832389832396,3087.388622344071,-12.216420954489827,0.3866907522871635,-16.03496299749432,1270.3296703296703,-1.0,77.55433710701747,0.3245965994494359,
2023-08-12 10:36:04.587000,-6.55421686746988,-1.0481927710843375,-7.289156626506024,-0.9883507050889024,-6.283874923359901,-7.033721643163703,3.0,0.32389832389832396,3087.388622344071,-11.895810267466928,0.29508769885204894,-16.080764524211876,1270.3296703296703,-1.0,77.55433710701747,0.32459187787989674,
2023-08-12 10:36:04.594000,-6.578313253012048,-1.0481927710843375,-7.313253012048193,-0.9883507050889024,-6.278969957081545,-7.004291845493562,3.0,0.32389832389832396,3087.388622344071,-11.865275916321888,0.12714876755433904,-16.141833226501955,1273.9926739926739,-1.0,77.55433710701747,0.32458702363408887,
2023-08-12 10:36:04.602000,-6.578313253012048,-1.0240963855421688,-7.337349397590362,-1.0374003678724708,-6.325567136725935,-7.016554261189454,3.0,0.32389832389832396,3087.388622344071,-12.079016374337156,0.1729502942718963,-16.55404696695997,1277.6556776556777,-1.0,77.55433710701747,0.3245820421484118,
2023-08-12 10:36:04.609000,-6.614457831325302,-1.0481927710843375,-7.337349397590362,-1.0177805027590434,-6.352544451256898,-7.065603923973022,3.0,0.32389832389832396,3087.388622344071,-11.85000874074937,0.035545714119224546,-16.67618437154012,1280.5860805860805,-1.0,77.55433710701747,0.32457693886385913,
2023-08-12 10:36:04.617000,-6.614457831325302,-1.0602409638554218,-7.36144578313253,-1.032495401594114,-6.303494788473329,-7.124463519313304,3.0,0.32389832389832396,3087.388622344071,-11.85000874074937,0.035545714119224546,-16.67618437154012,1282.7838827838827,-1.0,77.55433710701747,0.32457171920470196,
2023-08-12 10:36:04.625000,-6.626506024096386,-1.036144578313253,-7.385542168674699,-1.0570202329858982,-6.278969957081545,-7.0680564071122,3.0,0.32389832389832396,3087.388622344071,-12.50649729036769,-0.23926344618611894,-16.844123302837833,1286.4468864468863,-1.0,77.55433710701747,0.3245663882912178,
2023-08-12 10:36:04.632000,-6.602409638554217,-1.0481927710843375,-7.397590361445784,-1.0275904353157572,-6.281422440220723,-7.124463519313304,3.0,0.32389832389832396,3087.388622344071,-12.384359885787537,-0.13239321717848537,-17.347940096730962,1290.8424908424909,-1.0,77.55433710701747,0.32456095096100906,
2023-08-12 10:36:04.640000,-6.590361445783133,-1.036144578313253,-7.433734939759036,-1.003065603923973,-6.296137339055794,-7.185775597792765,3.0,0.32389832389832396,3087.388622344071,-12.567565992657766,-0.972087873667035,-17.347940096730962,1291.5750915750914,-1.0,77.55433710701747,0.32455541177932,
2023-08-12 10:36:04.648000,-6.578313253012048,-1.036144578313253,-7.46987951807229,-0.973635806253832,-6.227467811158798,-7.148988350705088,3.0,0.32389832389832396,3087.388622344071,-12.949245381970744,-1.0484237515296304,-17.424275974593556,1291.5750915750914,-1.0,77.55433710701747,0.32454977505947963,
2023-08-12 10:36:04.655000,-6.566265060240964,-1.0,-7.46987951807229,-0.9613733905579399,-6.293684855916616,-7.190680564071122,3.0,0.32389832389832396,3087.388622344071,-13.269856068993644,-0.9110191713769586,-17.118932463143175,1292.3076923076922,-1.0,77.55433710701747,0.32454404501122125,
2023-08-12 10:36:04.663000,-6.566265060240964,-1.036144578313253,-7.445783132530121,-0.9957081545064377,-6.328019619865113,-7.1931330472103,3.0,0.32389832389832396,3087.388622344071,-13.51413087815395,-0.8957519958044395,-17.103665287570657,1295.2380952380952,-1.0,77.55433710701747,0.3245382257401358,
2023-08-12 10:36:04.671000,-6.566265060240964,-1.0,-7.433734939759036,-0.9049662783568363,-6.28632740649908,-7.2323727774371545,3.0,0.32389832389832396,3087.388622344071,-13.636268282734102,-0.5904084843540579,-17.21053551657829,1299.6336996336995,-1.0,77.55433710701747,0.32453232124752357,
2023-08-12 10:36:04.678000,-6.590361445783133,-0.9879518072289157,-7.457831325301205,-0.9760882893930104,-6.256897608828939,-7.244635193133047,3.0,0.32389832389832396,3087.388622344071,-14.048482023192118,-1.0636909271021495,-17.118932463143175,1303.2967032967033,-1.0,77.55433710701747,0.3245263354306143,
2023-08-12 10:36:04.686000,-6.590361445783133,-0.9518072289156627,-7.46987951807229,-0.9540159411404046,-6.278969957081545,-7.2029429797670135,3.0,0.32389832389832396,3087.388622344071,-14.18588660334479,-0.7583474156517678,-16.889924829555387,1309.89010989011,-1.0,77.55433710701747,0.3245202720831253,
2023-08-12 10:36:04.694000,-6.614457831325302,-0.9277108433734941,-7.481927710843374,-0.9294911097486205,-6.293684855916616,-7.229920294297976,3.0,0.32389832389832396,3087.388622344071,-14.6744362216654,-0.8346832935143632,-17.0578637608531,1321.6117216117216,-1.0,77.55433710701747,0.32451413489612635,
2023-08-12 10:36:04.701000,-6.650602409638554,-0.9156626506024097,-7.493975903614459,-0.8951563458001226,-6.372164316370324,-7.190680564071122,3.0,0.32389832389832396,3087.388622344071,-15.483596527008912,-0.8804848202319204,-17.088398111998135,1339.194139194139,-1.0,77.55433710701747,0.3245079274591821,
2023-08-12 10:36:04.709000,-6.650602409638554,-0.8674698795180723,-7.518072289156627,-0.7602697731453096,-6.342734518700183,-7.225015328019619,3.0,0.32389832389832396,3087.388622344071,-15.285123244566163,-1.0484237515296304,-17.54641337917371,1361.1721611721612,-1.0,77.55433710701747,0.324501653261741,
2023-08-12 10:36:04.717000,-6.63855421686747,-0.8433734939759037,-7.481927710843374,-0.7774371551195585,-6.367259350091968,-7.185775597792765,3.0,0.32389832389832396,3087.388622344071,-15.926344618611965,-1.3079657362624548,-18.233436279937067,1389.0109890109889,-1.0,77.55433710701747,0.3244953156947385,
2023-08-12 10:36:04.724000,-6.614457831325302,-0.8313253012048193,-7.445783132530121,-0.7872470876762722,-6.328019619865113,-7.198038013488657,3.0,0.32389832389832396,3087.388622344071,-16.292756832352424,-1.8575840568731419,-18.279237806654624,1424.1758241758241,-1.0,77.55433710701747,0.3244889180523915,
2023-08-12 10:36:04.732000,-6.566265060240964,-0.819277108433735,-7.445783132530121,-0.7823421213979154,-6.305947271612507,-7.087676272225628,3.0,0.32389832389832396,3087.388622344071,-16.766039275100514,-2.5140726064914625,-19.088398111998135,1461.5384615384614,-1.0,77.55433710701747,0.32448246339539927,
2023-08-12 10:36:04.740000,-6.493975903614458,-0.783132530120482,-7.36144578313253,-0.7406499080318822,-6.251992642550582,-7.08522378908645,3.0,0.32389832389832396,3087.388622344071,-16.872909504108147,-2.9262863469494778,-18.844123302837833,1498.9010989010987,-1.0,77.55433710701747,0.32447595471215707,
2023-08-12 10:36:04.747000,-6.506024096385542,-0.7710843373493976,-7.36144578313253,-0.7431023911710607,-6.2029429797670135,-7.1293684855916615,3.0,0.32389832389832396,3087.388622344071,-17.147718664413492,-4.361400850766271,-18.798321776120275,1540.6593406593406,-1.0,77.55433710701747,0.32446939490981014,
2023-08-12 10:36:04.755000,-6.46987951807229,-0.8072289156626506,-7.385542168674699,-0.7823421213979154,-6.134273451870018,-7.1146535867565905,3.0,0.32345432345432346,3091.6266300617704,-17.285123244566165,-5.155293980537264,-18.599848493677527,1582.4175824175823,-1.0,77.55433710701747,0.32446278668780804,
2023-08-12 10:36:04.763000,-6.457831325301205,-0.8313253012048193,-7.445783132530121,-0.7921520539546291,-6.210300429184549,-7.171060698957694,3.0,0.32389832389832396,3087.388622344071,-17.300390420138683,-4.880484820231921,-18.492978264669894,1626.3736263736262,-1.0,77.55433710701747,0.3244561326778821,
2023-08-12 10:36:04.770000,-6.506024096385542,-0.8433734939759037,-7.493975903614459,-0.82158185162477,-6.27161250766401,-7.222562844880441,3.0,0.32389832389832396,3087.388622344071,-17.086649962123417,-4.132393217178485,-17.98916147077676,1668.8644688644688,-1.0,77.55433710701747,0.32444943555254085,
2023-08-12 10:36:04.778000,-6.542168674698796,-0.8433734939759037,-7.518072289156627,-0.838749233599019,-6.315757204169221,-7.215205395462906,3.0,0.32389832389832396,3087.388622344071,-16.97977973311578,-3.4453703164151266,-17.576947730318746,1706.227106227106,-1.0,77.55433710701747,0.32444269803768383,
2023-08-12 10:36:04.786000,-6.63855421686747,-0.8433734939759037,-7.566265060240965,-0.8755364806866952,-6.431023911710606,-7.323114653586757,3.0,0.32389832389832396,3087.388622344071,-17.056115610978377,-2.269797797331157,-17.622749257036304,1739.9267399267399,-1.0,77.55433710701747,0.32443592263787585,
2023-08-12 10:36:04.793000,-6.710843373493976,-0.8433734939759037,-7.55421686746988,-0.7602697731453096,-6.4923359901900675,-7.249540159411404,3.0,0.32389832389832396,3087.388622344071,-16.81184080181807,-0.5904084843540579,-18.05023017306684,1769.230769230769,-1.0,77.55433710701747,0.3244291116594767,
