Shimmer_F5D4_Timestamp_FormattedUnix_CAL,Shimmer_F5D4_Accel_LN_X_CAL,Shimmer_F5D4_Accel_LN_Y_CAL,Shimmer_F5D4_Accel_LN_Z_CAL,Shimmer_F5D4_Accel_WR_X_CAL,Shimmer_F5D4_Accel_WR_Y_CAL,Shimmer_F5D4_Accel_WR_Z_CAL,Shimmer_F5D4_GSR_Range_CAL,Shimmer_F5D4_GSR_Skin_Conductance_CAL,Shimmer_F5D4_GSR_Skin_Resistance_CAL,Shimmer_F5D4_Gyro_X_CAL,Shimmer_F5D4_Gyro_Y_CAL,Shimmer_F5D4_Gyro_Z_CAL,Shimmer_F5D4_PPG_A13_CAL,Shimmer_F5D4_PPG_IBI_CAL,Shimmer_F5D4_PPGtoHR_CAL,Shimmer_F5D4_GSR_Skin_Conductance_LPF_CAL,
yyyy/mm/dd hh:mm:ss.000,m/(s^2),m/(s^2),m/(s^2),m/(s^2),m/(s^2),m/(s^2),no_units,uS,kOhms,deg/s,deg/s,deg/s,mV,ms,BPM,uS,
2023-07-31 13:42:39.681000,-2.734939759036145,9.457831325301205,-1.4096385542168675,9.807480073574494,-2.367259350091968,-0.9098712446351931,3.0,0.22266622266622269,4491.026919242273,11.354349979604919,32.31723093059845,-2.704504399510517,1329.6703296703297,-1.0,-1.0,0.22350124627751194,
2023-07-31 13:42:39.689000,-2.6506024096385543,9.44578313253012,-1.3975903614457832,9.863887185775598,-2.367259350091968,-0.8804414469650521,3.0,0.22266622266622269,4491.026919242273,10.529922498688888,32.836314900064096,-3.727405162869296,1326.007326007326,-1.0,-1.0,0.22349200557639318,
2023-07-31 13:42:39.697000,-2.63855421686747,9.409638554216867,-1.3614457831325302,9.73390557939914,-2.4187614960147146,-0.8951563458001226,3.0,0.22266622266622269,4491.026919242273,9.50702173533011,31.95081871685799,-4.032748674319677,1320.8791208791208,-1.0,-1.0,0.22348275165980788,
2023-07-31 13:42:39.704000,-2.63855421686747,9.337349397590362,-1.385542168674699,9.709380748007357,-2.3648068669527897,-0.8068669527896996,3.0,0.22266622266622269,4491.026919242273,9.50702173533011,30.668375968766387,-3.727405162869296,1317.9487179487178,-1.0,-1.0,0.22347348492240754,
2023-07-31 13:42:39.712000,-2.710843373493976,9.289156626506024,-1.3614457831325302,9.687308399754752,-2.396689147762109,-0.7946045370938074,3.0,0.22266622266622269,4491.026919242273,9.262746926169806,29.279062991667153,-3.345725773556319,1317.216117216117,-1.0,-1.0,0.22346420578942125,
2023-07-31 13:42:39.720000,-2.710843373493976,9.27710843373494,-1.3734939759036144,9.638258736971183,-2.465358675659105,-0.8461066830165542,3.0,0.22266622266622269,4491.026919242273,9.598624788765225,27.431734747392344,-2.9945807353883795,1313.5531135531135,-1.0,-1.0,0.22345491471842063,
2023-07-31 13:42:39.727000,-2.7228915662650603,9.253012048192772,-1.421686746987952,9.630901287553648,-2.3991416309012874,-0.8632740649908032,3.0,0.22266622266622269,4491.026919242273,9.216945399452248,25.64547520540761,-2.887710506380746,1308.4249084249084,-1.0,-1.0,0.22344561233992968,
2023-07-31 13:42:39.735000,-2.6506024096385543,9.216867469879519,-1.493975903614458,9.552421827099938,-2.342734518700184,-0.9098712446351931,3.0,0.22266622266622269,4491.026919242273,9.278014101742324,23.553872151972495,-3.1625196666860895,1297.4358974358975,-1.0,-1.0,0.22343629930024755,
2023-07-31 13:42:39.743000,-2.5903614457831328,9.156626506024097,-1.5060240963855422,9.591661557326793,-2.2593500919681175,-0.9662783568362967,3.0,0.22266622266622269,4491.026919242273,8.957403414719423,21.935551541285474,-3.1167181399685324,1282.051282051282,-1.0,-1.0,0.22342697613587534,
2023-07-31 13:42:39.750000,-2.4819277108433737,9.120481927710843,-1.4819277108433735,9.508277130594726,-2.1980380134886572,-0.9540159411404046,3.0,0.22266622266622269,4491.026919242273,8.697861429986599,19.721811083270207,-3.5136647048540284,1268.131868131868,-1.0,-1.0,0.22341764342473186,
2023-07-31 13:42:39.758000,-2.433734939759036,9.144578313253012,-1.4819277108433735,9.515634580012263,-2.0901287553648067,-0.9172286940527283,3.0,0.22222222222222224,4500.0,8.163510284948432,18.439368335178603,-3.6816036361517384,1254.212454212454,-1.0,-1.0,0.2234083017881504,
2023-07-31 13:42:39.766000,-2.3493975903614457,9.084337349397591,-1.4698795180722892,9.45677498467198,-2.0705088902513795,-0.9196811771919068,3.0,0.22266622266622269,4491.026919242273,8.36198356739118,17.385933220674787,-4.002214323174639,1242.4908424908424,-1.0,-1.0,0.2233989518823953,
2023-07-31 13:42:39.773000,-2.325301204819277,9.072289156626507,-1.4457831325301205,9.483752299202942,-2.004291845493562,-0.9368485591661557,3.0,0.22266622266622269,4491.026919242273,8.774197307849194,17.18745993823204,-4.567099819357845,1235.8974358974358,-1.0,-1.0,0.22338959450781973,
2023-07-31 13:42:39.781000,-2.3493975903614457,9.036144578313253,-1.493975903614458,9.42489270386266,-2.033721643163703,-0.9883507050889024,3.0,0.22266622266622269,4491.026919242273,8.743662956704156,17.18745993823204,-5.025115086533418,1231.5018315018315,-1.0,-1.0,0.22338023048322847,
2023-07-31 13:42:39.789000,-2.3855421686746987,9.024096385542169,-1.5542168674698795,9.390557939914162,-2.114653586756591,-0.9858982219497241,3.0,0.22266622266622269,4491.026919242273,9.15587669716217,16.592040090903794,-5.941145620884563,1230.03663003663,-1.0,-1.0,0.22337086053063027,
2023-07-31 13:42:39.796000,-2.4578313253012047,8.975903614457831,-1.5903614457831325,9.321888412017167,-2.122011036174126,-1.0668301655426118,3.0,0.22266622266622269,4491.026919242273,8.881067536856827,16.95845230464425,-6.857176155235708,1231.5018315018315,-1.0,-1.0,0.2233614854261903,
2023-07-31 13:42:39.804000,-2.4939759036144578,8.963855421686748,-1.6626506024096386,9.370938074800735,-2.261802575107296,-1.1354996934396075,3.0,0.22266622266622269,4491.026919242273,8.819998834566752,16.393566808461046,-7.681603636151738,1234.4322344322343,-1.0,-1.0,0.22335210614066087,
2023-07-31 13:42:39.812000,-2.5421686746987953,8.951807228915664,-1.7228915662650603,9.243408951563458,-2.2814224402207235,-1.2115266707541386,3.0,0.22266622266622269,4491.026919242273,9.308548452887361,15.065322533651884,-8.078550201037235,1237.3626373626373,-1.0,-1.0,0.22334272382070192,
2023-07-31 13:42:39.819000,-2.5783132530120483,8.93975903614458,-1.7590361445783134,9.33169834457388,-2.33292458614347,-1.1747394236664623,3.0,0.22266622266622269,4491.026919242273,9.430685857467514,13.798146961132801,-8.277023483479983,1241.0256410256409,-1.0,-1.0,0.2233333395038447,
2023-07-31 13:42:39.827000,-2.63855421686747,8.975903614457831,-1.7349397590361446,9.33169834457388,-2.342734518700184,-1.1771919068056407,3.0,0.22222222222222224,4500.0,9.53755608647515,11.447001922964862,-7.910611269739524,1245.4212454212454,-1.0,-1.0,0.223323954141679,
2023-07-31 13:42:39.835000,-2.662650602409639,9.060240963855422,-1.6506024096385543,9.432250153280195,-2.42611894543225,-1.0717351318209687,3.0,0.22266622266622269,4491.026919242273,10.132975933803392,9.30959734281219,-7.925878445312043,1245.4212454212454,-1.0,-1.0,0.22331456873989655,
2023-07-31 13:42:39.842000,-2.674698795180723,9.156626506024097,-1.5421686746987953,9.594114040465971,-2.396689147762109,-1.0006131207847946,3.0,0.22222222222222224,4500.0,9.50702173533011,7.874482838995396,-7.238855544548685,1246.153846153846,-1.0,-1.0,0.22330518446660064,
2023-07-31 13:42:39.850000,-2.710843373493976,9.253012048192772,-1.4819277108433735,9.704475781729,-2.4163090128755362,-0.9368485591661557,3.0,0.22266622266622269,4491.026919242273,9.430685857467514,6.530971388613716,-7.162519666686089,1247.6190476190475,-1.0,-1.0,0.22329580237644606,
2023-07-31 13:42:39.858000,-2.734939759036145,9.301204819277109,-1.385542168674699,9.670141017780502,-2.435928877988964,-0.8338442673206621,3.0,0.22266622266622269,4491.026919242273,9.50702173533011,6.698910319911427,-7.360992949128837,1249.8168498168498,-1.0,-1.0,0.22328642356055015,
2023-07-31 13:42:39.865000,-2.7951807228915664,9.301204819277109,-1.313253012048193,9.682403433476395,-2.5757204169221337,-0.7308399754751685,3.0,0.22222222222222224,4500.0,9.262746926169806,6.882116426781655,-8.246489132334945,1255.6776556776556,-1.0,-1.0,0.22327704929616837,
2023-07-31 13:42:39.873000,-2.807228915662651,9.240963855421688,-1.2891566265060241,9.640711220110362,-2.514408338442673,-0.7749846719803801,3.0,0.22266622266622269,4491.026919242273,9.720762193345378,6.2866965794534115,-8.49076394149525,1265.2014652014652,-1.0,-1.0,0.22326768077012313,
2023-07-31 13:42:39.881000,-2.8313253012048194,9.240963855421688,-1.2530120481927711,9.554874310239116,-2.5830778663396687,-0.7185775597792765,3.0,0.22222222222222224,4500.0,9.766563720062935,5.447001922964861,-9.147252491113571,1279.120879120879,-1.0,-1.0,0.22325831919647895,
2023-07-31 13:42:39.888000,-2.819277108433735,9.204819277108435,-1.2530120481927711,9.635806253832005,-2.646842427958308,-0.6965052115266707,3.0,0.22222222222222224,4500.0,10.407785094108736,4.317230930598449,-8.933512033098303,1297.4358974358975,-1.0,-1.0,0.22324896569861474,
2023-07-31 13:42:39.896000,-2.807228915662651,9.19277108433735,-1.3012048192771084,9.623543838136113,-2.5389331698344573,-0.7112201103617413,3.0,0.22222222222222224,4500.0,11.400151506322477,3.2485286405221134,-8.13961890332731,1318.6813186813185,-1.0,-1.0,0.22323962143624795,
2023-07-31 13:42:39.904000,-2.771084337349398,9.265060240963855,-1.3614457831325302,9.697118332311465,-2.5340282035561006,-0.7896995708154506,3.0,0.22222222222222224,4500.0,12.071907231513316,2.271429403880892,-7.7884738651593715,1343.5897435897434,-1.0,-1.0,0.223230287721675,
2023-07-31 13:42:39.911000,-2.746987951807229,9.349397590361447,-1.3975903614457832,9.778050275904352,-2.445738810545677,-0.8902513795217657,3.0,0.22222222222222224,4500.0,12.117708758230874,1.294330167239671,-6.979313559815861,1364.102564102564,-1.0,-1.0,0.22322096586941853,
2023-07-31 13:42:39.919000,-2.734939759036145,9.409638554216867,-1.4337349397590362,9.807480073574494,-2.4212139791538934,-0.8804414469650521,3.0,0.22222222222222224,4500.0,12.270380513956065,1.14165841151448,-7.5594662315715855,1384.6153846153845,-1.0,-1.0,0.223211657194747,
2023-07-31 13:42:39.927000,-2.6867469879518073,9.397590361445783,-1.493975903614458,9.834457388105456,-2.4236664622930717,-1.0128755364806867,3.0,0.22266622266622269,4491.026919242273,12.377250742963698,1.6454752054076098,-7.941145620884563,1402.9304029304028,-1.0,-1.0,0.2232023630117835,
2023-07-31 13:42:39.934000,-2.6144578313253013,9.3855421686747,-1.566265060240964,9.819742489270386,-2.433476394849785,-1.061925199264255,3.0,0.22266622266622269,4491.026919242273,11.50702173533011,2.2561622283083733,-7.727405162869296,1419.7802197802198,-1.0,-1.0,0.22319308478051242,
2023-07-31 13:42:39.942000,-2.6506024096385543,9.361445783132531,-1.6987951807228916,9.802575107296137,-2.367259350091968,-1.1771919068056407,3.0,0.22266622266622269,4491.026919242273,10.102441582658354,3.9660858924305105,-6.5518326437853265,1432.2344322344322,-1.0,-1.0,0.22318382412598803,
2023-07-31 13:42:39.950000,-2.602409638554217,9.301204819277109,-1.7590361445783134,9.667688534641323,-2.33292458614347,-1.2777437155119558,3.0,0.22222222222222224,4500.0,9.629159139910263,6.8515820756366175,-6.032748674319677,1443.2234432234432,-1.0,-1.0,0.22317458269824528,
2023-07-31 13:42:39.957000,-2.5421686746987953,9.19277108433735,-1.8313253012048194,9.491109748620477,-2.2421827099938687,-1.2115266707541386,3.0,0.22222222222222224,4500.0,9.629159139910263,6.8515820756366175,-6.032748674319677,1452.014652014652,-1.0,-1.0,0.2231653620215172,
2023-07-31 13:42:39.965000,-2.566265060240964,9.156626506024097,-1.7228915662650603,9.56713672593501,-2.303494788473329,-1.108522378908645,3.0,0.22222222222222224,4500.0,10.071907231513316,8.576772915331274,-5.086183788823494,1461.5384615384614,-1.0,-1.0,0.22315616347073622,
2023-07-31 13:42:39.973000,-2.674698795180723,9.144578313253012,-1.6265060240963856,9.461679950950337,-2.433476394849785,-1.0889025137952175,3.0,0.22222222222222224,4500.0,11.293281277314843,10.027154594720587,-5.009847910960898,1469.5970695970695,-1.0,-1.0,0.22314698840685943,
2023-07-31 13:42:39.980000,-2.819277108433735,9.156626506024097,-1.6265060240963856,9.569589209074188,-2.5462906192519923,-1.0275904353157572,3.0,0.22222222222222224,4500.0,12.48412097197133,12.485169861896159,-5.269389895693723,1478.3882783882782,-1.0,-1.0,0.22313783817316685,
2023-07-31 13:42:39.988000,-2.9397590361445785,9.168674698795181,-1.602409638554217,9.584304107909258,-2.7498467198038012,-0.9883507050889024,3.0,0.22266622266622269,4491.026919242273,13.17114387273469,14.240895052735853,-5.98694714760212,1494.5054945054944,-1.0,-1.0,0.22312871409130686,
2023-07-31 13:42:39.996000,-3.096385542168675,9.204819277108435,-1.6144578313253013,9.633353770692827,-2.8283261802575104,-1.0128755364806867,3.0,0.22266622266622269,4491.026919242273,14.377250742963698,13.96608589243051,-6.261756307907463,1517.216117216117,-1.0,-1.0,0.22311961760641738,
2023-07-31 13:42:40.003000,-3.1566265060240966,9.204819277108435,-1.6144578313253013,9.576946658491723,-2.936235438381361,-1.125689760882894,3.0,0.22222222222222224,4500.0,15.186411048307209,12.668375968766387,-5.635802109434181,1547.2527472527472,-1.0,-1.0,0.22311055030464289,
2023-07-31 13:42:40.011000,-3.168674698795181,9.180722891566266,-1.6626506024096386,9.599019006744328,-2.9558553034947885,-1.125689760882894,3.0,0.22222222222222224,4500.0,15.67496066662782,9.889750014567914,-4.414428063632655,1580.9523809523807,-1.0,-1.0,0.22310151362226807,
2023-07-31 13:42:40.019000,-3.168674698795181,9.144578313253012,-1.6987951807228916,9.540159411404046,-2.8822808093194356,-1.2115266707541386,3.0,0.22222222222222224,4500.0,16.209311811665987,6.393566808461045,-3.8495425674494483,1616.8498168498168,-1.0,-1.0,0.22309250882108983,
2023-07-31 13:42:40.026000,-3.144578313253012,9.144578313253012,-1.746987951807229,9.530349478847333,-2.8920907418761495,-1.2360515021459226,3.0,0.22222222222222224,4500.0,17.552823262047667,2.576772915331274,-3.208321193403647,1654.212454212454,-1.0,-1.0,0.22308353712282844,
2023-07-31 13:42:40.034000,-3.108433734939759,9.120481927710843,-1.8192771084337351,9.540159411404046,-2.9117106069895766,-1.3366033108522377,3.0,0.22222222222222224,4500.0,17.797098071207973,-0.43086067245498555,-2.4296952392051736,1694.5054945054944,-1.0,-1.0,0.22307459970473278,
2023-07-31 13:42:40.041000,-3.096385542168675,9.120481927710843,-1.9397590361445785,9.483752299202942,-2.830778663396689,-1.461679950950337,3.0,0.22222222222222224,4500.0,18.636792727696523,-2.0644484587145273,-1.712137987296777,1738.4615384615383,-1.0,-1.0,0.2230656976951669,
2023-07-31 13:42:40.049000,-3.036144578313253,9.096385542168676,-2.072289156626506,9.50091968117719,-2.7106069895769465,-1.5695892090741874,3.0,0.22222222222222224,4500.0,18.65205990326904,-2.7667385350504055,-0.5976341705028838,1784.6153846153845,-1.0,-1.0,0.22305683216921574,
2023-07-31 13:42:40.057000,-2.951807228915663,9.048192771084338,-2.132530120481928,9.385652973635805,-2.624770079705702,-1.6333537706928265,3.0,0.22222222222222224,4500.0,19.3390828040324,-3.3163568556610925,0.07412155468795584,1828.5714285714284,-1.0,-1.0,0.22304800414434464,
2023-07-31 13:42:40.064000,-2.891566265060241,9.036144578313253,-2.168674698795181,9.466584917228694,-2.62722256284488,-1.6529736358062537,3.0,0.22222222222222224,4500.0,19.736029368917897,-4.323990443447352,0.8832818600314672,1860.8058608058607,-1.0,-1.0,0.22303921457615467,
2023-07-31 13:42:40.072000,-2.8674698795180724,9.060240963855422,-2.168674698795181,9.422440220723482,-2.619865113427345,-1.6922133660331085,3.0,0.22222222222222224,4500.0,20.407785094108736,-5.988112580851932,1.1428238447642918,1886.4468864468863,-1.0,-1.0,0.22303046449301805,
2023-07-31 13:42:40.080000,-2.879518072289157,9.144578313253012,-2.1566265060240966,9.532801961986511,-2.6223175965665235,-1.6039239730226853,3.0,0.22222222222222224,4500.0,20.575724025406444,-7.224753802225978,1.738243692092536,1903.296703296703,-1.0,-1.0,0.22302175483300474,
2023-07-31 13:42:40.087000,-2.91566265060241,9.240963855421688,-2.108433734939759,9.618638871857755,-2.686082158185162,-1.5867565910484365,3.0,0.22222222222222224,4500.0,21.15587669716217,-8.614066779325213,2.028320027970399,1912.087912087912,-1.0,-1.0,0.22301308631253197,
2023-07-31 13:42:40.095000,-3.0,9.313253012048193,-2.036144578313253,9.679950950337217,-2.737584304107909,-1.5180870631514407,3.0,0.22222222222222224,4500.0,21.216945399452246,-9.911776702989336,2.1962589592681088,1912.087912087912,-1.0,-1.0,0.22300445957196516,
2023-07-31 13:42:40.103000,-3.060240963855422,9.361445783132531,-2.060240963855422,9.763335377069282,-2.81361128142244,-1.5646842427958307,3.0,0.22222222222222224,4500.0,20.85053318571179,-11.087349222073305,2.318396363848261,1903.296703296703,-1.0,-1.0,0.22299587517220365,
2023-07-31 13:42:40.110000,-3.144578313253012,9.337349397590362,-2.168674698795181,9.716738197424892,-2.896995708154506,-1.702023298589822,3.0,0.22222222222222224,4500.0,19.583357613192707,-12.232387390012237,2.5168696462910094,1887.179487179487,-1.0,-1.0,0.22298733359158185,
2023-07-31 13:42:40.118000,-3.1566265060240966,9.301204819277109,-2.253012048192771,9.608828939301041,-2.8871857755977928,-1.7265481299816063,3.0,0.22222222222222224,4500.0,18.16351028494843,-14.659868306042771,2.5168696462910094,1863.7362637362637,-1.0,-1.0,0.22297883522311793,
2023-07-31 13:42:40.126000,-3.108433734939759,9.228915662650603,-2.253012048192771,9.559779276517473,-2.894543225015328,-1.7240956468424278,3.0,0.22222222222222224,4500.0,16.957403414719423,-16.81254006176796,3.127556669191773,1834.4322344322343,-1.0,-1.0,0.22297038037214534,
2023-07-31 13:42:40.133000,-3.0120481927710845,9.144578313253012,-2.3012048192771086,9.518087063151441,-2.7032495401594114,-1.7805027590435314,3.0,0.22222222222222224,4500.0,16.804731658994232,-18.888875939630555,3.0359536157566582,1804.3956043956043,-1.0,-1.0,0.2229619692543548,
2023-07-31 13:42:40.141000,-2.927710843373494,9.120481927710843,-2.4096385542168677,9.525444512568976,-2.683629675045984,-1.9570815450643775,3.0,0.22222222222222224,4500.0,17.50702173533011,-20.32399044344735,4.0130528523978795,1772.161172161172,-1.0,-1.0,0.22295360199427744,
2023-07-31 13:42:40.149000,-2.8313253012048194,9.132530120481928,-2.4457831325301207,9.515634580012263,-2.5928877988963825,-1.9153893316983446,3.0,0.22222222222222224,4500.0,17.461220208612552,-19.63696754268399,5.158091020336811,1744.3223443223442,-1.0,-1.0,0.22294527876298267,
2023-07-31 13:42:40.156000,-2.8313253012048194,9.132530120481928,-2.4216867469879517,9.554874310239116,-2.514408338442673,-1.930104230533415,3.0,0.22222222222222224,4500.0,16.209311811665987,-17.82017364955422,5.936716974535284,1714.2857142857142,-1.0,-1.0,0.22293699961838517,
2023-07-31 13:42:40.164000,-2.819277108433735,9.132530120481928,-2.4698795180722892,9.493562231759656,-2.526670754138565,-2.047823421213979,3.0,0.22222222222222224,4500.0,15.445953033040034,-16.17131868772216,6.379465066138337,1685.7142857142856,-1.0,-1.0,0.22292876437757583,
2023-07-31 13:42:40.172000,-2.843373493975904,9.084337349397591,-2.5301204819277108,9.417535254445125,-2.5536480686695278,-1.9840588595953401,3.0,0.22222222222222224,4500.0,14.468853796398813,-14.919410290775595,6.242060485985665,1659.3406593406592,-1.0,-1.0,0.22292057276638602,
2023-07-31 13:42:40.179000,-2.891566265060241,9.012048192771084,-2.4216867469879517,9.324340895156345,-2.637032495401594,-1.8663396689147762,3.0,0.22222222222222224,4500.0,14.071907231513316,-13.17895227550842,6.16572460812307,1634.4322344322343,-1.0,-1.0,0.22291242442019646,
2023-07-31 13:42:40.187000,-2.963855421686747,8.987951807228916,-2.3373493975903616,9.321888412017167,-2.6345800122624157,-1.7731453096259961,3.0,0.22222222222222224,4500.0,14.743662956704156,-11.240020977798496,6.379465066138337,1608.7912087912086,-1.0,-1.0,0.22290431888529494,
2023-07-31 13:42:40.195000,-3.0120481927710845,8.975903614457831,-2.3373493975903616,9.334150827713058,-2.7694665849172284,-1.8442673206621703,3.0,0.22222222222222224,4500.0,15.50702173533011,-9.759104947264145,6.379465066138337,1582.4175824175823,-1.0,-1.0,0.22289625562079388,
2023-07-31 13:42:40.202000,-3.036144578313253,9.024096385542169,-2.4096385542168677,9.41017780502759,-2.7915389331698344,-1.9227467811158798,3.0,0.22222222222222224,4500.0,14.804731658994232,-8.812540061767962,6.425266592855895,1556.0439560439559,-1.0,-1.0,0.22288823413985845,
2023-07-31 13:42:40.210000,-2.987951807228916,9.144578313253012,-2.3734939759036147,9.532801961986511,-2.730226854690374,-1.8957694665849172,3.0,0.22222222222222224,4500.0,14.575724025406446,-8.278188916729794,7.814579569955131,1531.8681318681317,-1.0,-1.0,0.22288025399236996,
2023-07-31 13:42:40.218000,-2.9397590361445785,9.19277108433735,-2.3855421686746987,9.62844880441447,-2.7007970570202326,-1.8933169834457386,3.0,0.2217782217782218,4509.009009009009,14.636792727696522,-6.7209370083328475,8.806945982168871,1506.227106227106,-1.0,-1.0,0.2228723146205378,
2023-07-31 13:42:40.225000,-2.951807228915663,9.216867469879519,-2.4216867469879517,9.574494175352545,-2.637032495401594,-1.9251992642550582,3.0,0.2217782217782218,4509.009009009009,14.026105704795759,-4.888875939630558,8.898549035603986,1485.7142857142856,-1.0,-1.0,0.2228644152148661,
2023-07-31 13:42:40.233000,-2.879518072289157,9.19277108433735,-2.4457831325301207,9.545064377682403,-2.6125076640098097,-1.9399141630901287,3.0,0.2217782217782218,4509.009009009009,14.026105704795759,-4.888875939630558,8.898549035603986,1468.8644688644688,-1.0,-1.0,0.2228565546978873,
2023-07-31 13:42:40.241000,-2.819277108433735,9.120481927710843,-2.397590361445783,9.47148988350705,-2.524218270999387,-1.9668914776210913,3.0,0.2217782217782218,4509.009009009009,12.667327078841561,-4.552998077035138,8.471068119573452,1456.4102564102564,-1.0,-1.0,0.2228487317284161,
2023-07-31 13:42:40.248000,-2.771084337349398,9.060240963855422,-2.4457831325301207,9.380748007357449,-2.4825260576333537,-1.9202942979767013,3.0,0.2217782217782218,4509.009009009009,12.056640055940797,-4.064448458714527,8.65427422644368,1447.6190476190475,-1.0,-1.0,0.2228409447263223,
2023-07-31 13:42:40.256000,-2.7590361445783134,9.024096385542169,-2.5060240963855422,9.37829552421827,-2.477621091354997,-1.917841814837523,3.0,0.2217782217782218,4509.009009009009,11.797098071207973,-2.9957461686381914,9.371831478352078,1440.2930402930401,-1.0,-1.0,0.22283319216379582,
2023-07-31 13:42:40.264000,-2.746987951807229,9.036144578313253,-2.4578313253012047,9.407725321888412,-2.484978540772532,-1.8908645003065603,3.0,0.2217782217782218,4509.009009009009,12.071907231513316,-2.0644484587145273,11.127556669191772,1438.8278388278388,-1.0,-1.0,0.22282547240976344,
2023-07-31 13:42:40.271000,-2.783132530120482,9.072289156626507,-2.4457831325301207,9.383200490496627,-2.526670754138565,-1.9153893316983446,3.0,0.2217782217782218,4509.009009009009,12.819998834566752,0.7905133733465411,11.402365829497116,1440.2930402930401,-1.0,-1.0,0.22281778374489025,
2023-07-31 13:42:40.279000,-2.807228915662651,9.060240963855422,-2.5180722891566267,9.417535254445125,-2.514408338442673,-2.0257510729613735,3.0,0.2217782217782218,4509.009009009009,13.6596934910553,3.5691393275450145,12.180991783695589,1443.956043956044,-1.0,-1.0,0.22281012449447346,
2023-07-31 13:42:40.287000,-2.843373493975904,9.084337349397591,-2.6144578313253013,9.47148988350705,-2.5830778663396687,-2.153280196198651,3.0,0.2217782217782218,4509.009009009009,13.751296544490415,4.63784161762135,12.150457432550551,1446.8864468864467,-1.0,-1.0,0.22280249274598518,
2023-07-31 13:42:40.294000,-2.879518072289157,9.060240963855422,-2.698795180722892,9.42489270386266,-2.5757204169221337,-2.1851624770079705,3.0,0.22222222222222224,4500.0,12.83526601013927,5.034788182506846,11.921449798962765,1448.3516483516482,-1.0,-1.0,0.2227948863751398,
2023-07-31 13:42:40.302000,-2.807228915662651,9.0,-2.746987951807229,9.312078479460453,-2.4825260576333537,-2.258736971183323,3.0,0.22222222222222224,4500.0,11.278014101742324,5.767612609987762,11.371831478352078,1451.2820512820513,-1.0,-1.0,0.22278730348770967,
2023-07-31 13:42:40.310000,-2.662650602409639,8.93975903614458,-2.7951807228915664,9.272838749233598,-2.2887798896382585,-2.3274064990803187,3.0,0.22222222222222224,4500.0,10.896334712429347,6.668375968766388,10.868014684458949,1453.4798534798533,-1.0,-1.0,0.22277974242578216,
2023-07-31 13:42:40.317000,-2.5783132530120483,8.91566265060241,-2.8674698795180724,9.272838749233598,-2.2470876762722254,-2.3789086450030656,3.0,0.22222222222222224,4500.0,11.125342346017133,5.462269098537381,10.65427422644368,1454.212454212454,-1.0,-1.0,0.2227722014877418,
2023-07-31 13:42:40.325000,-2.5301204819277108,8.951807228915664,-2.855421686746988,9.312078479460453,-2.232372777437155,-2.3617412630288164,3.0,0.22222222222222224,4500.0,11.00320494143698,5.462269098537381,11.280228424916963,1455.6776556776556,-1.0,-1.0,0.22276467893654603,
2023-07-31 13:42:40.333000,-2.4939759036144578,8.987951807228916,-2.855421686746988,9.326793378295523,-2.1882280809319434,-2.37155119558553,3.0,0.22222222222222224,4500.0,10.606258376551484,7.660742380980128,11.142823844764292,1456.4102564102564,-1.0,-1.0,0.22275717286948804,
2023-07-31 13:42:40.340000,-2.5060240963855422,9.0,-2.9036144578313254,9.388105456774984,-2.151440833844267,-2.423053341508277,3.0,0.22222222222222224,4500.0,9.980304178078201,9.935551541285472,11.066487966901697,1454.9450549450548,-1.0,-1.0,0.22274968138604878,
2023-07-31 13:42:40.348000,-2.5180722891566267,8.987951807228916,-2.963855421686747,9.412630288166769,-2.2078479460453706,-2.521152667075414,3.0,0.22222222222222224,4500.0,9.430685857467514,10.65310879319387,10.379465066138337,1453.4798534798533,-1.0,-1.0,0.22274220272442394,
2023-07-31 13:42:40.356000,-2.5421686746987953,8.951807228915664,-3.0,9.299816063764561,-2.1980380134886572,-2.5652973635806253,3.0,0.22222222222222224,4500.0,8.51465532311637,10.378299632888526,10.822213157741391,1452.014652014652,-1.0,-1.0,0.2227347351215087,
2023-07-31 13:42:40.363000,-2.566265060240964,8.891566265060241,-3.024096385542169,9.28755364806867,-2.291232372777437,-2.562844880441447,3.0,0.2217782217782218,4509.009009009009,7.552823262047667,9.46226909853738,10.944350562321544,1452.014652014652,-1.0,-1.0,0.22272727682231597,
2023-07-31 13:42:40.371000,-2.602409638554217,8.855421686746988,-3.0481927710843375,9.216431637032494,-2.315757204169221,-2.5432250153280194,3.0,0.2217782217782218,4509.009009009009,6.758930132276675,8.393566808461046,10.929083386749024,1449.084249084249,-1.0,-1.0,0.2227198259402124,
2023-07-31 13:42:40.379000,-2.6506024096385543,8.843373493975903,-3.072289156626506,9.167381974248926,-2.33292458614347,-2.5260576333537705,3.0,0.2217782217782218,4509.009009009009,7.384884330749958,6.7447118466289835,11.15809102033681,1443.956043956044,-1.0,-1.0,0.22271238044465452,
2023-07-31 13:42:40.386000,-2.662650602409639,8.843373493975903,-3.024096385542169,9.211526670754138,-2.3942366646229307,-2.4843654199877374,3.0,0.2217782217782218,4509.009009009009,7.888701124643087,5.431734747392342,11.356564302779558,1437.3626373626373,-1.0,-1.0,0.22270493830791321,
2023-07-31 13:42:40.394000,-2.6867469879518073,8.855421686746988,-2.9759036144578315,9.263028816676885,-2.4114040465971796,-2.4156958920907416,3.0,0.2217782217782218,4509.009009009009,8.392517918536218,4.210360701590816,11.921449798962765,1430.03663003663,-1.0,-1.0,0.22269749751288265,
2023-07-31 13:42:40.402000,-2.7590361445783134,8.903614457831326,-2.9397590361445785,9.25567136725935,-2.4310239117106067,-2.393623543838136,3.0,0.22222222222222224,4500.0,8.209311811665987,2.576772915331274,13.081755142474215,1422.7106227106226,-1.0,-1.0,0.22269005606069775,
2023-07-31 13:42:40.409000,-2.7590361445783134,8.987951807228916,-2.9036144578313254,9.280196198651133,-2.465358675659105,-2.376456161863887,3.0,0.2217782217782218,4509.009009009009,8.621525552124004,0.48516986189615946,13.356564302779558,1414.6520146520145,-1.0,-1.0,0.22268261212743334,
2023-07-31 13:42:40.417000,-2.807228915662651,9.036144578313253,-2.927710843373494,9.427345187001839,-2.5045984058859596,-2.4721030042918453,3.0,0.22222222222222224,4500.0,8.575724025406446,-0.9804789930656725,13.555037585222307,1408.058608058608,-1.0,-1.0,0.22267516394385678,
2023-07-31 13:42:40.424000,-2.771084337349398,9.0,-2.9759036144578315,9.385652973635805,-2.4015941140404657,-2.491722869405273,3.0,0.22222222222222224,4500.0,8.560456849833926,-4.461395023600024,12.791678806596353,1400.7326007326005,-1.0,-1.0,0.2226677097927002,
2023-07-31 13:42:40.432000,-2.662650602409639,8.963855421686748,-3.0481927710843375,9.380748007357449,-2.408951563458001,-2.5260576333537705,3.0,0.22222222222222224,4500.0,7.461220208612553,-8.049181283142008,12.455800944000933,1394.8717948717947,-1.0,-1.0,0.22266024817611474,
2023-07-31 13:42:40.440000,-2.5783132530120483,8.93975903614458,-3.108433734939759,9.282648681790311,-2.244635193133047,-2.6658491722869404,3.0,0.2217782217782218,4509.009009009009,6.499388147543851,-11.66750189382903,12.547403997436048,1386.8131868131868,-1.0,-1.0,0.22265277768514039,
2023-07-31 13:42:40.447000,-2.4578313253012047,8.891566265060241,-3.132530120481928,9.20907418761496,-2.124463519313305,-2.6977314530962597,3.0,0.22222222222222224,4500.0,6.163510284948431,-13.759104947264145,12.562671173008566,1377.2893772893772,-1.0,-1.0,0.2226452968585014,
2023-07-31 13:42:40.455000,-2.289156626506024,8.867469879518072,-3.144578313253012,9.16002452483139,-1.928264868179031,-2.6535867565910483,3.0,0.22222222222222224,4500.0,5.690227842200339,-14.232387390012237,12.180991783695589,1365.5677655677655,-1.0,-1.0,0.22263780431796082,
2023-07-31 13:42:40.463000,-2.2289156626506026,8.855421686746988,-3.144578313253012,9.263028816676885,-1.8792152053954627,-2.675659104843654,3.0,0.22222222222222224,4500.0,5.216945399452248,-13.652234718256512,12.028320027970398,1355.3113553113553,-1.0,-1.0,0.22263029893501554,
2023-07-31 13:42:40.470000,-2.1566265060240966,8.843373493975903,-3.180722891566265,9.204169221336603,-1.8252605763335377,-2.732066217044758,3.0,0.2217782217782218,4509.009009009009,4.438319445253774,-11.407959909096206,11.600839111939864,1347.2527472527472,-1.0,-1.0,0.222622779699518,
2023-07-31 13:42:40.478000,-2.096385542168675,8.855421686746988,-3.180722891566265,9.275291232372776,-1.6609442060085835,-2.722256284488044,3.0,0.22222222222222224,4500.0,4.148243109375912,-7.621700367111473,10.913816211176504,1339.9267399267399,-1.0,-1.0,0.2226152455775346,
2023-07-31 13:42:40.486000,-2.0481927710843375,8.951807228915664,-3.2289156626506026,9.31698344573881,-1.7099938687921519,-2.6781115879828326,3.0,0.2217782217782218,4509.009009009009,3.751296544490416,-2.9804789930656725,10.593205524153605,1333.3333333333333,-1.0,-1.0,0.22260769564567295,
2023-07-31 13:42:40.493000,-2.0843373493975905,9.012048192771084,-3.216867469879518,9.375843041079092,-1.6879215205395461,-2.705088902513795,3.0,0.2217782217782218,4509.009009009009,3.4612202086125534,1.4775362741098998,9.570304760794826,1328.2051282051282,-1.0,-1.0,0.2226001291073729,
2023-07-31 13:42:40.501000,-2.1566265060240966,9.072289156626507,-3.1927710843373496,9.432250153280195,-1.8890251379521765,-2.6781115879828326,3.0,0.2217782217782218,4509.009009009009,2.0108385292232405,4.821047724491579,8.028320027970398,1326.7399267399267,-1.0,-1.0,0.2225925451384547,
2023-07-31 13:42:40.509000,-2.2289156626506026,9.024096385542169,-3.168674698795181,9.39301042305334,-1.9160024524831392,-2.65113427345187,3.0,0.2217782217782218,4509.009009009009,2.0108385292232405,4.821047724491579,8.028320027970398,1328.2051282051282,-1.0,-1.0,0.22258494303005483,
2023-07-31 13:42:40.516000,-2.3012048192771086,8.963855421686748,-3.108433734939759,9.324340895156345,-1.9478847332924585,-2.580012262415696,3.0,0.2217782217782218,4509.009009009009,0.5604568498339274,5.782879785560281,5.982518501252842,1330.4029304029302,-1.0,-1.0,0.2225773221923042,
2023-07-31 13:42:40.524000,-2.27710843373494,8.891566265060241,-2.927710843373494,9.258123850398528,-2.0239117106069893,-2.3274064990803187,3.0,0.22133422133422131,4518.054162487462,-0.8899248295553855,5.156925587086999,5.3412971272070395,1331.8681318681317,-1.0,-1.0,0.2225696822962398,
2023-07-31 13:42:40.532000,-2.253012048192771,8.831325301204819,-2.8674698795180724,9.108522378908644,-1.8522378908645003,-2.2611894543225013,3.0,0.2217782217782218,4509.009009009009,-0.7372530738301948,5.706543907697686,5.249694073771925,1333.3333333333333,-1.0,-1.0,0.22256202310676731,
2023-07-31 13:42:40.539000,-2.2289156626506026,8.783132530120483,-2.819277108433735,9.128142244022072,-1.8669527896995708,-2.2857142857142856,3.0,0.2217782217782218,4509.009009009009,1.1711438727346908,5.660742380980129,6.135190256978032,1337.7289377289376,-1.0,-1.0,0.222554344325439,
2023-07-31 13:42:40.547000,-2.2289156626506026,8.807228915662652,-2.7951807228915664,9.196811771919068,-1.903740036787247,-2.2660944206008584,3.0,0.2217782217782218,4509.009009009009,2.3925179185362175,5.14165841151448,6.639007050871162,1342.1245421245421,-1.0,-1.0,0.2225466459111912,
2023-07-31 13:42:40.555000,-2.216867469879518,8.843373493975903,-2.771084337349398,9.20907418761496,-1.9184549356223175,-2.229307173513182,3.0,0.2217782217782218,4509.009009009009,3.0032049414369806,3.4928034496824187,6.929083386749024,1345.054945054945,-1.0,-1.0,0.2225389280709587,
2023-07-31 13:42:40.562000,-2.240963855421687,8.903614457831326,-2.771084337349398,9.253218884120171,-1.9135499693439606,-2.177805027590435,3.0,0.2217782217782218,4509.009009009009,4.774197307849194,2.6836431443389075,6.516869646291009,1347.985347985348,-1.0,-1.0,0.22253119111160727,
2023-07-31 13:42:40.570000,-2.253012048192771,8.927710843373495,-2.746987951807229,9.329245861434702,-1.9356223175965663,-2.229307173513182,3.0,0.22222222222222224,4500.0,5.064273643727057,1.874482838995396,5.631373463084903,1347.985347985348,-1.0,-1.0,0.2225234354404479,
2023-07-31 13:42:40.578000,-2.313253012048193,8.987951807228916,-2.734939759036145,9.343960760269773,-1.99202942979767,-2.160637645616186,3.0,0.22222222222222224,4500.0,5.537556086475148,0.6225744420488312,5.127556669191772,1350.18315018315,-1.0,-1.0,0.22251566157559724,
2023-07-31 13:42:40.585000,-2.3493975903614457,9.0,-2.734939759036145,9.395462906192519,-2.068056407112201,-2.1753525444512567,3.0,0.22222222222222224,4500.0,5.751296544490415,-1.1636850999359016,5.3412971272070395,1350.9157509157508,-1.0,-1.0,0.22250787018736706,
2023-07-31 13:42:40.593000,-2.289156626506024,9.036144578313253,-2.7951807228915664,9.375843041079092,-2.0018393623543838,-2.293071735131821,3.0,0.2217782217782218,4509.009009009009,6.224578987238507,-1.5453644892488787,5.356564302779559,1352.3809523809523,-1.0,-1.0,0.22250006210767106,
2023-07-31 13:42:40.601000,-2.1566265060240966,9.036144578313253,-2.8674698795180724,9.43960760269773,-1.8056407112201103,-2.3789086450030656,3.0,0.2217782217782218,4509.009009009009,6.331449216246141,-1.2094866266534587,5.3412971272070395,1356.0439560439559,-1.0,-1.0,0.22249223817934005,
2023-07-31 13:42:40.608000,-2.0843373493975905,9.048192771084338,-2.963855421686747,9.417535254445125,-1.692826486817903,-2.462293071735132,3.0,0.2217782217782218,4509.009009009009,6.117708758230874,-0.6446011304702527,5.524503234077269,1357.5091575091574,-1.0,-1.0,0.2224843993713753,
2023-07-31 13:42:40.616000,-1.9759036144578315,9.036144578313253,-3.0481927710843375,9.39301042305334,-1.5800122624156958,-2.55793991416309,3.0,0.2217782217782218,4509.009009009009,5.934502651360645,-0.033914107569489364,4.761144455451315,1357.5091575091574,-1.0,-1.0,0.22247654675504838,
2023-07-31 13:42:40.624000,-1.8915662650602412,9.012048192771084,-3.180722891566265,9.395462906192519,-1.5309625996321274,-2.6854690374003676,3.0,0.2217782217782218,4509.009009009009,5.613891964337744,-0.41559349688246644,3.8756482722452077,1360.4395604395604,-1.0,-1.0,0.2224686813723913,
2023-07-31 13:42:40.631000,-1.8433734939759037,9.048192771084338,-3.1927710843373496,9.368485591661557,-1.4671980380134886,-2.641324340895156,3.0,0.2217782217782218,4509.009009009009,5.171143872734691,-1.0110133442107108,2.7611444554513147,1363.3699633699632,-1.0,-1.0,0.22246080451979602,
2023-07-31 13:42:40.639000,-1.8192771084337351,9.072289156626507,-3.144578313253012,9.496014714898834,-1.4647455548743102,-2.6020846106683013,3.0,0.2217782217782218,4509.009009009009,4.423052269681255,-1.5453644892488787,2.409999417283376,1365.5677655677655,-1.0,-1.0,0.22245291772286677,
2023-07-31 13:42:40.647000,-1.7951807228915664,9.084337349397591,-3.060240963855422,9.459227467811159,-1.5088902513795217,-2.5162477007970567,3.0,0.2217782217782218,4509.009009009009,3.445953033040034,-1.3774255579511687,2.6390070508711623,1370.6959706959706,-1.0,-1.0,0.22244502258336893,
2023-07-31 13:42:40.654000,-1.8433734939759037,9.10843373493976,-3.0120481927710845,9.454322501532802,-1.5775597792765175,-2.4573881054567748,3.0,0.2217782217782218,4509.009009009009,2.6520599032690417,-1.255288153371016,2.318396363848261,1375.8241758241757,-1.0,-1.0,0.22243712063626314,
2023-07-31 13:42:40.662000,-1.963855421686747,9.132530120481928,-2.91566265060241,9.532801961986511,-1.680564071122011,-2.342121397915389,3.0,0.2217782217782218,4509.009009009009,2.468853796398813,-0.7820057106229245,2.5016024707184905,1383.8827838827838,-1.0,-1.0,0.22242921336544338,
2023-07-31 13:42:40.670000,-2.060240963855422,9.144578313253012,-2.8674698795180724,9.518087063151441,-1.7418761496014714,-2.322501532801962,3.0,0.2217782217782218,4509.009009009009,2.2093118116659882,-0.0949828098595657,2.028320027970399,1396.3369963369962,-1.0,-1.0,0.22242130248544525,
2023-07-31 13:42:40.677000,-2.144578313253012,9.156626506024097,-2.855421686746988,9.488657265481299,-1.8007357449417534,-2.3053341508277128,3.0,0.2217782217782218,4509.009009009009,2.0261057047957594,-0.33925761901987106,1.5245032340772688,1411.7216117216117,-1.0,-1.0,0.22241338991457496,
2023-07-31 13:42:40.685000,-2.2289156626506026,9.180722891566266,-2.783132530120482,9.559779276517473,-1.9944819129368485,-2.2562844880441446,3.0,0.2217782217782218,4509.009009009009,2.1024415826583547,-0.06444845871452753,1.5245032340772688,1434.4322344322343,-1.0,-1.0,0.22240547762030463,
2023-07-31 13:42:40.693000,-2.3493975903614457,9.168674698795181,-2.746987951807229,9.503372164316369,-2.1122011036174126,-2.300429184549356,3.0,0.2217782217782218,4509.009009009009,1.7360293689178967,-0.7972728861954436,1.8603810966726886,1465.9340659340658,-1.0,-1.0,0.2223975676136826,
2023-07-31 13:42:40.700000,-2.433734939759036,9.10843373493976,-2.771084337349398,9.437155119558552,-2.0876762722256283,-2.246474555487431,3.0,0.2217782217782218,4509.009009009009,1.1253423460171335,-1.8201736495542222,2.486335295145971,1501.8315018315018,-1.0,-1.0,0.2223896619435023,
2023-07-31 13:42:40.708000,-2.433734939759036,9.048192771084338,-2.7590361445783134,9.432250153280195,-2.1686082158185163,-2.2562844880441446,3.0,0.2217782217782218,4509.009009009009,1.1253423460171335,-2.2476545655847566,2.791678806596353,1546.5201465201465,-1.0,-1.0,0.22238176269026694,
2023-07-31 13:42:40.716000,-2.3373493975903616,9.0,-2.746987951807229,9.37829552421827,-1.9895769466584916,-2.239117106069896,3.0,0.2217782217782218,4509.009009009009,2.1482431093759122,-2.7972728861954437,3.371831478352078,1598.5347985347985,-1.0,-1.0,0.22237387195999134,
2023-07-31 13:42:40.723000,-2.204819277108434,8.951807228915664,-2.819277108433735,9.366033108522378,-1.8816676885346413,-2.339668914776211,3.0,0.2217782217782218,4509.009009009009,2.6215255521240035,-2.705669832760329,4.3336635394207805,1652.7472527472526,-1.0,-1.0,0.22236599173912996,
2023-07-31 13:42:40.731000,-2.072289156626506,8.927710843373495,-2.891566265060241,9.33169834457388,-1.7713059472716124,-2.4132434089515633,3.0,0.2217782217782218,4509.009009009009,2.881067536856828,-1.8965095274168176,5.600839111939864,1704.0293040293038,-1.0,-1.0,0.2223581239085522,
2023-07-31 13:42:40.739000,-1.9879518072289157,8.93975903614458,-2.891566265060241,9.292458614347026,-1.6118945432250151,-2.329858982219497,3.0,0.2217782217782218,4509.009009009009,3.3238156284598817,-0.07971563428704662,5.982518501252842,1753.113553113553,-1.0,-1.0,0.22235027052383813,
2023-07-31 13:42:40.746000,-1.9397590361445785,8.975903614457831,-2.879518072289157,9.373390557939913,-1.545677498467198,-2.4034334763948495,3.0,0.2217782217782218,4509.009009009009,3.5222889109026294,0.5615057397587548,6.6695414020162005,1795.6043956043954,-1.0,-1.0,0.22234243378735008,
2023-07-31 13:42:40.754000,-1.927710843373494,9.024096385542169,-2.8674698795180724,9.407725321888412,-1.5334150827713058,-2.3347639484978537,3.0,0.2217782217782218,4509.009009009009,3.7207621933453776,2.1187576481557016,5.799312394382612,1832.234432234432,-1.0,-1.0,0.22233461589292747,
2023-07-31 13:42:40.762000,-1.8795180722891567,9.048192771084338,-2.91566265060241,9.412630288166769,-1.5137952176578786,-2.4671980380134886,3.0,0.2217782217782218,4509.009009009009,3.3238156284598817,3.6302080298350905,4.806945982168872,1857.8754578754576,-1.0,-1.0,0.22232681901995288,
2023-07-31 13:42:40.769000,-1.8554216867469882,9.060240963855422,-2.927710843373494,9.444512568976087,-1.528510116492949,-2.4377682403433476,3.0,0.2217782217782218,4509.009009009009,2.636792727696523,4.576772915331274,4.684808577588719,1871.7948717948716,-1.0,-1.0,0.22231904532753416,
2023-07-31 13:42:40.777000,-1.8554216867469882,9.048192771084338,-2.963855421686747,9.446965052115265,-1.5211526670754139,-2.4377682403433476,3.0,0.2217782217782218,4509.009009009009,2.5909912009789653,5.095856884796922,4.440533768428414,1878.3882783882782,-1.0,-1.0,0.22231129694883045,
2023-07-31 13:42:40.785000,-1.8554216867469882,9.012048192771084,-2.987951807228916,9.31698344573881,-1.4843654199877374,-2.5187001839362355,3.0,0.2217782217782218,4509.009009009009,2.5909912009789653,5.095856884796922,4.440533768428414,1876.1904761904761,-1.0,-1.0,0.22230357598556028,
2023-07-31 13:42:40.792000,-1.8915662650602412,9.012048192771084,-2.987951807228916,9.39301042305334,-1.5971796443899446,-2.440220723482526,3.0,0.2217782217782218,4509.009009009009,2.0719072315133165,5.905017190140434,3.555037585222307,1868.131868131868,-1.0,-1.0,0.22229588450272236,
2023-07-31 13:42:40.800000,-1.9518072289156627,8.987951807228916,-2.987951807228916,9.33169834457388,-1.592274678111588,-2.4328632740649905,3.0,0.2217782217782218,4509.009009009009,1.6749606666278205,6.622574442048831,3.722976516520017,1854.9450549450548,-1.0,-1.0,0.22228822452355576,
2023-07-31 13:42:40.807000,-2.0,8.987951807228916,-3.024096385542169,9.307173513182097,-1.7099938687921519,-2.4868179031269158,3.0,0.2217782217782218,4509.009009009009,1.8276324223530114,7.553872151972495,3.17335819590933,1839.5604395604394,-1.0,-1.0,0.22228059802477307,
2023-07-31 13:42:40.815000,-2.024096385542169,9.036144578313253,-3.036144578313253,9.366033108522378,-1.6952789699570814,-2.5726548129981603,3.0,0.2217782217782218,4509.009009009009,2.51465532311637,7.996620243575548,3.2954956004894824,1819.047619047619,-1.0,-1.0,0.22227300693208918,
2023-07-31 13:42:40.823000,-2.036144578313253,9.072289156626507,-3.060240963855422,9.446965052115265,-1.6707541385652973,-2.5481299816063765,3.0,0.2217782217782218,4509.009009009009,2.4535866208262935,9.46226909853738,2.9138162111765054,1797.069597069597,-1.0,-1.0,0.22226545311607046,
2023-07-31 13:42:40.830000,-2.0481927710843375,9.132530120481928,-3.0843373493975905,9.562231759656651,-1.7614960147148988,-2.540772532188841,3.0,0.22133422133422131,4518.054162487462,2.468853796398813,9.782879785560281,3.0970223180467347,1770.6959706959706,-1.0,-1.0,0.2222579383883296,
2023-07-31 13:42:40.838000,-2.1204819277108435,9.216867469879519,-3.0843373493975905,9.56468424279583,-1.7860208461066829,-2.5260576333537705,3.0,0.2217782217782218,4509.009009009009,2.1482431093759122,9.294330167239671,2.8832818600314676,1742.124542124542,-1.0,-1.0,0.2222504644875378,
2023-07-31 13:42:40.846000,-2.168674698795181,9.216867469879519,-3.036144578313253,9.52053954629062,-1.8792152053954627,-2.5039852851011646,3.0,0.2217782217782218,4509.009009009009,2.0566400559407976,10.057688945865625,2.3489307149932994,1708.4249084249084,-1.0,-1.0,0.22224303318340025,
2023-07-31 13:42:40.853000,-2.289156626506024,9.144578313253012,-3.036144578313253,9.562231759656651,-2.004291845493562,-2.528510116492949,3.0,0.2217782217782218,4509.009009009009,1.216945399452248,9.065322533651884,2.7611444554513147,1671.7948717948716,-1.0,-1.0,0.2222356461461861,
2023-07-31 13:42:40.861000,-2.325301204819277,9.048192771084338,-3.036144578313253,9.432250153280195,-2.0239117106069893,-2.4770079705702024,3.0,0.2217782217782218,4509.009009009009,0.6978614299865991,6.683643144338907,3.555037585222307,1636.6300366300366,-1.0,-1.0,0.2222283049657666,
2023-07-31 13:42:40.869000,-2.27710843373494,9.024096385542169,-3.0120481927710845,9.375843041079092,-1.9478847332924585,-2.4868179031269158,3.0,0.2217782217782218,4509.009009009009,0.19404463609346936,4.759979022201502,3.6466406386574217,1602.9304029304028,-1.0,-1.0,0.22222101113936862,
2023-07-31 13:42:40.876000,-2.1566265060240966,8.963855421686748,-3.0843373493975905,9.309625996321275,-1.803188228080932,-2.562844880441447,3.0,0.2217782217782218,4509.009009009009,1.3085484528873625,4.225627877163335,3.6466406386574217,1572.8937728937728,-1.0,-1.0,0.22221376594198694,
2023-07-31 13:42:40.884000,-2.0,8.951807228915664,-3.1566265060240966,9.272838749233598,-1.6437768240343347,-2.680564071122011,3.0,0.2217782217782218,4509.009009009009,1.980304178078202,3.7676126099877623,4.196258959268109,1545.054945054945,-1.0,-1.0,0.22220657057395457,
2023-07-31 13:42:40.892000,-1.8795180722891567,8.975903614457831,-3.1927710843373496,9.297363580625383,-1.4475781729000612,-2.6658491722869404,3.0,0.2217782217782218,4509.009009009009,2.7894644834217135,3.095856884796923,4.700075753161238,1519.4139194139193,-1.0,-1.0,0.22219942629842543,
2023-07-31 13:42:40.899000,-1.746987951807229,9.036144578313253,-3.1927710843373496,9.422440220723482,-1.4426732066217045,-2.6364193746167994,3.0,0.2217782217782218,4509.009009009009,3.049006468154538,3.874482838995396,4.990152089039101,1498.168498168498,-1.0,-1.0,0.22219233442019035,
2023-07-31 13:42:40.907000,-1.710843373493976,9.096385542168676,-3.204819277108434,9.496014714898834,-1.3690987124463518,-2.7247087676272224,3.0,0.2217782217782218,4509.009009009009,2.804731658994233,5.569139327545014,5.035953615756658,1482.7838827838827,-1.0,-1.0,0.22218529599859774,
2023-07-31 13:42:40.915000,-1.710843373493976,9.19277108433735,-3.1927710843373496,9.616186388718576,-1.3789086450030654,-2.6879215205395464,3.0,0.2217782217782218,4509.009009009009,2.1482431093759122,7.370666045102266,4.6695414020162005,1468.131868131868,-1.0,-1.0,0.2221783118691656,
2023-07-31 13:42:40.922000,-1.7590361445783134,9.253012048192772,-3.168674698795181,9.61128142244022,-1.4647455548743102,-2.6903740036787247,3.0,0.2217782217782218,4509.009009009009,1.7207621933453776,8.897383602354175,4.608472699726124,1457.142857142857,-1.0,-1.0,0.22217138279307594,
2023-07-31 13:42:40.930000,-1.8554216867469882,9.289156626506024,-3.168674698795181,9.694665849172287,-1.5702023298589822,-2.6486817903126916,3.0,0.2217782217782218,4509.009009009009,1.1711438727346908,9.447001922964862,4.394732241710857,1447.6190476190475,-1.0,-1.0,0.22216450959658393,
2023-07-31 13:42:40.938000,-1.9156626506024097,9.313253012048193,-3.096385542168675,9.692213366033108,-1.6315144083384425,-2.5187001839362355,3.0,0.2217782217782218,4509.009009009009,0.31618204067362204,12.1187576481557,4.074121554687956,1439.5604395604394,-1.0,-1.0,0.22215769301300897,
2023-07-31 13:42:40.945000,-1.9759036144578315,9.313253012048193,-3.096385542168675,9.675045984058858,-1.6830165542611895,-2.6462293071735132,3.0,0.2217782217782218,4509.009009009009,0.25511333838354566,12.347765281743488,4.776411631023834,1431.5018315018315,-1.0,-1.0,0.2221509335566887,
2023-07-31 13:42:40.953000,-1.9156626506024097,9.228915662650603,-3.072289156626506,9.613733905579398,-1.6094420600858368,-2.5137952176578784,3.0,0.2217782217782218,4509.009009009009,-0.4777110890973703,12.988986655789288,4.929083386749024,1427.106227106227,-1.0,-1.0,0.2221442316740834,
2023-07-31 13:42:40.961000,-1.9156626506024097,9.156626506024097,-3.0843373493975905,9.52053954629062,-1.5898221949724094,-2.5260576333537705,3.0,0.2217782217782218,4509.009009009009,-0.8746576539828664,11.843948487850357,6.058854379115437,1425.6410256410256,-1.0,-1.0,0.22213758788476168,
2023-07-31 13:42:40.968000,-1.8915662650602412,9.096385542168676,-3.024096385542169,9.491109748620477,-1.516247700797057,-2.4770079705702024,3.0,0.2217782217782218,4509.009009009009,-0.06549734863935507,11.553872151972495,5.356564302779559,1430.7692307692307,-1.0,-1.0,0.2221310027636692,
2023-07-31 13:42:40.976000,-1.8433734939759037,9.048192771084338,-3.060240963855422,9.405272838749234,-1.5530349478847332,-2.5162477007970567,3.0,0.2217782217782218,4509.009009009009,0.6215255521240037,11.538604976399975,5.555037585222307,1438.8278388278388,-1.0,-1.0,0.2221244767961777,
2023-07-31 13:42:40.984000,-1.8192771084337351,9.060240963855422,-3.0843373493975905,9.415082771305947,-1.4892703862660943,-2.5652973635806253,3.0,0.22133422133422131,4518.054162487462,1.0490064681545381,12.469902686323639,5.692442165374978,1447.6190476190475,-1.0,-1.0,0.222118010382605,
2023-07-31 13:42:40.991000,-1.7590361445783134,9.072289156626507,-3.1204819277108435,9.442060085836909,-1.457388105456775,-2.5947271612507663,3.0,0.2217782217782218,4509.009009009009,1.3085484528873625,14.057688945865625,5.585571936367345,1459.3406593406592,-1.0,-1.0,0.22211160355484802,
2023-07-31 13:42:40.999000,-1.7710843373493976,9.072289156626507,-3.132530120481928,9.419987737584304,-1.4598405885959533,-2.6364193746167994,3.0,0.2217782217782218,4509.009009009009,1.5070217353301105,13.950818716857992,5.768778043237575,1473.9926739926739,-1.0,-1.0,0.22210525612898557,
2023-07-31 13:42:41.007000,-1.7831325301204821,8.987951807228916,-3.1927710843373496,9.27038626609442,-1.4304107909258124,-2.7173513182096873,3.0,0.22133422133422131,4518.054162487462,0.8505331857117899,13.233261464949594,5.753510867665055,1490.10989010989,-1.0,-1.0,0.22209896815587654,
2023-07-31 13:42:41.014000,-1.8313253012048194,8.951807228915664,-3.240963855421687,9.24095646842428,-1.5015328019619865,-2.7762109135499693,3.0,0.2217782217782218,4509.009009009009,0.8047316589942327,14.225627877163335,5.371831478352078,1506.9597069597069,-1.0,-1.0,0.22209273961645162,
2023-07-31 13:42:41.022000,-1.8192771084337351,8.867469879518072,-3.2650602409638556,9.263028816676885,-1.3715511955855302,-2.7860208461066827,3.0,0.22133422133422131,4518.054162487462,0.8505331857117899,14.775246197774022,4.516869646291009,1523.0769230769229,-1.0,-1.0,0.2220865704051236,
2023-07-31 13:42:41.030000,-1.7590361445783134,8.891566265060241,-3.3373493975903616,9.304721030042918,-1.3077866339668913,-2.8301655426118946,3.0,0.22133422133422131,4518.054162487462,1.8276324223530114,13.691276732125166,3.3107627760620018,1536.9963369963368,-1.0,-1.0,0.2220804603447674,
2023-07-31 13:42:41.037000,-1.6867469879518073,8.891566265060241,-3.325301204819277,9.263028816676885,-1.347026364193746,-2.8129981606376453,3.0,0.2217782217782218,4509.009009009009,2.4077850941087364,11.32486451838471,2.7764116310238336,1547.2527472527472,-1.0,-1.0,0.22207440903127124,
2023-07-31 13:42:41.045000,-1.6626506024096386,8.879518072289157,-3.349397590361446,9.233599019006745,-1.300429184549356,-2.8473329245861434,3.0,0.2217782217782218,4509.009009009009,1.6444263154827823,9.492803449682418,2.7000757531612383,1553.113553113553,-1.0,-1.0,0.22206841598633062,
2023-07-31 13:42:41.053000,-1.602409638554217,8.891566265060241,-3.313253012048193,9.199264255058246,-1.2391171060698958,-2.798283261802575,3.0,0.22133422133422131,4518.054162487462,1.216945399452248,9.126391235941961,2.074121554687956,1551.6483516483515,-1.0,-1.0,0.22206248084175742,
2023-07-31 13:42:41.060000,-1.530120481927711,8.867469879518072,-3.289156626506024,9.267933782955241,-1.2611894543225015,-2.6952789699570814,3.0,0.2217782217782218,4509.009009009009,1.216945399452248,9.126391235941961,2.074121554687956,1543.5897435897434,-1.0,-1.0,0.2220566031838352,
2023-07-31 13:42:41.068000,-1.63855421686747,8.891566265060241,-3.2650602409638556,9.265481299816063,-1.300429184549356,-2.768853464132434,3.0,0.2217782217782218,4509.009009009009,0.6520599032690418,6.454635510751121,2.104655905832994,1531.135531135531,-1.0,-1.0,0.22205078253639388,
2023-07-31 13:42:41.076000,-1.7590361445783134,8.927710843373495,-3.204819277108434,9.324340895156345,-1.4304107909258124,-2.722256284488044,3.0,0.2217782217782218,4509.009009009009,0.10244158265835486,5.385933220674786,1.7993123943826124,1515.018315018315,-1.0,-1.0,0.2220450185246526,
2023-07-31 13:42:41.083000,-1.8554216867469882,8.93975903614458,-3.180722891566265,9.346413243408952,-1.5849172286940527,-2.663396689147762,3.0,0.22133422133422131,4518.054162487462,-0.18763475321950773,7.2943301672396705,1.2802284249169633,1495.970695970696,-1.0,-1.0,0.2220393107411275,
2023-07-31 13:42:41.091000,-1.9879518072289157,8.93975903614458,-3.1566265060240966,9.260576333537706,-1.6756591048436542,-2.6315144083384427,3.0,0.2217782217782218,4509.009009009009,-0.5693141425324848,6.668375968766388,0.9901520890391008,1474.7252747252746,-1.0,-1.0,0.2220336586009263,
2023-07-31 13:42:41.099000,-2.0843373493975905,8.891566265060241,-3.0843373493975905,9.204169221336603,-1.7762109135499693,-2.5947271612507663,3.0,0.2217782217782218,4509.009009009009,-1.5464133791737062,4.576772915331274,1.3107627760620015,1451.2820512820513,-1.0,-1.0,0.22202806147367282,
2023-07-31 13:42:41.106000,-2.1566265060240966,8.843373493975903,-3.132530120481928,9.201716738197424,-1.8350705088902513,-2.709993868792152,3.0,0.22133422133422131,4518.054162487462,-1.3632072723034772,3.5996736786900523,1.585571936367345,1427.8388278388277,-1.0,-1.0,0.2220225188468577,
2023-07-31 13:42:41.114000,-2.0481927710843375,8.771084337349398,-3.168674698795181,9.064377682403434,-1.768853464132434,-2.580012262415696,3.0,0.22133422133422131,4518.054162487462,-0.24870345550958406,4.4088339840335635,0.5932055241536047,1402.197802197802,-1.0,-1.0,0.22201703004192053,
2023-07-31 13:42:41.122000,-1.9156626506024097,8.686746987951807,-3.132530120481928,9.101164929491109,-1.5039852851011648,-2.6658491722869404,3.0,0.2217782217782218,4509.009009009009,0.11770875823087394,4.011887419148068,0.04358720354291767,1378.7545787545787,-1.0,-1.0,0.22201159405764423,
2023-07-31 13:42:41.129000,-1.7710843373493976,8.590361445783133,-3.1204819277108435,8.851011649294911,-1.3715511955855302,-2.570202329858982,3.0,0.22133422133422131,4518.054162487462,0.2398461628110266,1.8897500145679151,-0.261756307907464,1356.7765567765566,-1.0,-1.0,0.22200621001954882,
2023-07-31 13:42:41.137000,-1.674698795180723,8.493975903614459,-3.132530120481928,8.801961986511342,-1.2636419374616799,-2.5947271612507663,3.0,0.22133422133422131,4518.054162487462,0.2398461628110266,1.4164675718198236,0.34893071499329936,1336.263736263736,-1.0,-1.0,0.22200087718200623,
2023-07-31 13:42:41.145000,-1.566265060240964,8.457831325301205,-3.132530120481928,8.873083997547516,-1.1434702636419374,-2.6069895769466584,3.0,0.22133422133422131,4518.054162487462,1.4612202086125532,3.874482838995396,-0.27702348347998307,1318.6813186813185,-1.0,-1.0,0.22199559476057734,
2023-07-31 13:42:41.152000,-1.4337349397590362,8.457831325301205,-3.168674698795181,8.792152053954629,-1.0846106683016554,-2.611894543225015,3.0,0.2217782217782218,4509.009009009009,2.163510284948431,6.2866965794534115,-1.4067944758463953,1307.6923076923076,-1.0,-1.0,0.2219903619133453,
2023-07-31 13:42:41.160000,-1.385542168674699,8.493975903614459,-3.144578313253012,8.826486817903126,-1.018393623543838,-2.6241569589209073,3.0,0.2217782217782218,4509.009009009009,2.34671639181866,6.668375968766388,-2.109084552182273,1302.5641025641025,-1.0,-1.0,0.22198517776401594,
2023-07-31 13:42:41.168000,-1.3975903614457832,8.578313253012048,-3.1204819277108435,8.870631514408338,-1.0331085223789085,-2.592274678111588,3.0,0.2217782217782218,4509.009009009009,3.491754559757591,7.004253831361808,-2.841908979663189,1304.0293040293038,-1.0,-1.0,0.22198004143527714,
2023-07-31 13:42:41.175000,-1.3614457831325302,8.650602409638555,-3.1566265060240966,9.047210300429184,-0.9570815450643776,-2.611894543225015,3.0,0.2217782217782218,4509.009009009009,4.224578987238507,8.439368335178601,-3.5289318804265477,1307.6923076923076,-1.0,-1.0,0.22197495193278277,
2023-07-31 13:42:41.183000,-1.385542168674699,8.74698795180723,-3.204819277108434,9.113427345187,-0.9914163090128755,-2.658491722869405,3.0,0.2217782217782218,4509.009009009009,4.224578987238507,10.057688945865625,-4.292290659052502,1314.2857142857142,-1.0,-1.0,0.221969908295428,
2023-07-31 13:42:41.190000,-1.349397590361446,8.771084337349398,-3.240963855421687,9.16002452483139,-0.9423666462293071,-2.7198038013488657,3.0,0.2217782217782218,4509.009009009009,4.361983567391179,11.202727113804556,-5.2235883689761655,1321.6117216117216,-1.0,-1.0,0.22196490973521454,
2023-07-31 13:42:41.198000,-1.3373493975903614,8.759036144578314,-3.3012048192771086,9.074187614960147,-0.9325567136725934,-2.815450643776824,3.0,0.2217782217782218,4509.009009009009,3.201678223879729,10.63784161762135,-5.238855544548685,1327.4725274725274,-1.0,-1.0,0.22195995561813292,
2023-07-31 13:42:41.206000,-1.385542168674699,8.771084337349398,-3.325301204819277,9.11587982832618,-1.0527283874923359,-2.844880441446965,3.0,0.22133422133422131,4518.054162487462,2.1940446360934693,9.859215663422876,-5.269389895693723,1334.065934065934,-1.0,-1.0,0.22195504531758264,
2023-07-31 13:42:41.213000,-1.4337349397590362,8.74698795180723,-3.313253012048193,9.103617412630287,-1.069895769466585,-2.8424279583077863,3.0,0.2217782217782218,4509.009009009009,1.949769826933164,9.034788182506846,-5.208321193403647,1342.8571428571427,-1.0,-1.0,0.2219501780677526,
2023-07-31 13:42:41.221000,-1.5180722891566265,8.72289156626506,-3.289156626506024,9.081545064377682,-1.1704475781729,-2.7958307786633965,3.0,0.2217782217782218,4509.009009009009,1.6902278422003396,9.156925587086999,-6.277023483479983,1353.113553113553,-1.0,-1.0,0.22194535309367475,
2023-07-31 13:42:41.229000,-1.63855421686747,8.686746987951807,-3.289156626506024,9.074187614960147,-1.3151440833844266,-2.7860208461066827,3.0,0.2217782217782218,4509.009009009009,1.2627469261698052,10.65310879319387,-7.193054017831128,1362.6373626373625,-1.0,-1.0,0.22194056977276283,
2023-07-31 13:42:41.236000,-1.7590361445783134,8.698795180722891,-3.253012048192771,9.030042918454935,-1.4255058246474555,-2.702636419374617,3.0,0.2217782217782218,4509.009009009009,1.4917545597575914,12.515704213041197,-8.13961890332731,1370.6959706959706,-1.0,-1.0,0.2219358274984472,
2023-07-31 13:42:41.244000,-1.9156626506024097,8.783132530120483,-3.2289156626506026,9.184549356223176,-1.6315144083384425,-2.670754138565297,3.0,0.22133422133422131,4518.054162487462,1.8734339490705685,12.744711846628983,-8.82664180409067,1380.952380952381,-1.0,-1.0,0.22193112568253556,
2023-07-31 13:42:41.252000,-2.072289156626506,8.903614457831326,-3.1927710843373496,9.39301042305334,-1.7933782955242181,-2.6364193746167994,3.0,0.22133422133422131,4518.054162487462,2.0413728803682782,11.859215663422876,-8.597634170502884,1387.5457875457876,-1.0,-1.0,0.22192646360826254,
2023-07-31 13:42:41.259000,-2.180722891566265,9.060240963855422,-3.168674698795181,9.415082771305947,-1.8816676885346413,-2.6609442060085837,3.0,0.22133422133422131,4518.054162487462,2.132975933803393,10.729444671056465,-8.017481498747157,1392.6739926739926,-1.0,-1.0,0.2219218404107422,
2023-07-31 13:42:41.267000,-2.216867469879518,9.204819277108435,-3.108433734939759,9.675045984058858,-1.9895769466584916,-2.675659104843654,3.0,0.22133422133422131,4518.054162487462,0.8810675368568281,10.057688945865625,-7.208321193403647,1394.139194139194,-1.0,-1.0,0.22191725521634534,
2023-07-31 13:42:41.275000,-2.240963855421687,9.253012048192772,-3.1204819277108435,9.623543838136113,-1.9503372164316368,-2.692826486817903,3.0,0.2217782217782218,4509.009009009009,-0.5845813181050039,9.355398869529747,-7.009847910960898,1394.8717948717947,-1.0,-1.0,0.22191270714313385,
2023-07-31 13:42:41.282000,-2.216867469879518,9.204819277108435,-3.1566265060240966,9.586756591048436,-1.8939301042305332,-2.6266094420600856,3.0,0.22133422133422131,4518.054162487462,-2.859390478410347,9.034788182506846,-6.857176155235708,1396.3369963369962,-1.0,-1.0,0.2219081954504036,
2023-07-31 13:42:41.290000,-2.168674698795181,9.156626506024097,-3.144578313253012,9.510729613733906,-1.8546903740036786,-2.6903740036787247,3.0,0.22133422133422131,4518.054162487462,-3.8059553639065307,9.32486451838471,-6.6739700483654785,1398.5347985347985,-1.0,-1.0,0.22190371941134365,
2023-07-31 13:42:41.298000,-2.132530120481928,9.10843373493976,-3.1566265060240966,9.451870018393622,-1.8816676885346413,-2.6658491722869404,3.0,0.22133422133422131,4518.054162487462,-3.592214905891263,8.530971388613716,-6.612901346075402,1403.6630036630036,-1.0,-1.0,0.2218992782927643,
2023-07-31 13:42:41.305000,-2.132530120481928,9.072289156626507,-3.204819277108434,9.461679950950337,-1.8767627222562844,-2.722256284488044,3.0,0.22133422133422131,4518.054162487462,-3.0425965852805765,8.439368335178601,-5.452596002563952,1410.2564102564102,-1.0,-1.0,0.2218948713346747,
2023-07-31 13:42:41.313000,-2.0481927710843375,9.036144578313253,-3.240963855421687,9.444512568976087,-1.69773145309626,-2.7467811158798283,3.0,0.22133422133422131,4518.054162487462,-3.2410698677233243,8.851582075636617,-4.292290659052502,1416.8498168498168,-1.0,-1.0,0.22189049762248744,
2023-07-31 13:42:41.321000,-1.9036144578313254,8.987951807228916,-3.240963855421687,9.329245861434702,-1.4966278356836296,-2.7786633966891476,3.0,0.22133422133422131,4518.054162487462,-4.202901928792027,9.599673678690053,-3.605267758289143,1423.4432234432234,-1.0,-1.0,0.2218861562358087,
2023-07-31 13:42:41.328000,-1.6867469879518073,8.93975903614458,-3.3012048192771086,9.263028816676885,-1.2979767014101777,-2.8252605763335374,3.0,0.22133422133422131,4518.054162487462,-4.554046966959966,10.94318512907173,-3.238855544548685,1432.2344322344322,-1.0,-1.0,0.22188184624782714,
2023-07-31 13:42:41.336000,-1.5060240963855422,8.879518072289157,-3.313253012048193,9.19435928877989,-1.099325567136726,-2.7786633966891476,3.0,0.22133422133422131,4518.054162487462,-4.554046966959966,10.94318512907173,-3.238855544548685,1445.4212454212454,-1.0,-1.0,0.22187756672461095,
2023-07-31 13:42:41.344000,-1.3975903614457832,8.855421686746988,-3.3373493975903616,9.243408951563458,-0.9497240956468423,-2.7664009809932555,3.0,0.22133422133422131,4518.054162487462,-3.9433599440592024,13.340131693957227,-3.238855544548685,1462.2710622710622,-1.0,-1.0,0.2218733167243356,
2023-07-31 13:42:41.351000,-1.349397590361446,8.91566265060241,-3.2650602409638556,9.263028816676885,-1.0159411404046597,-2.7148988350705086,3.0,0.22133422133422131,4518.054162487462,-3.2258026921508054,16.8363149000641,-3.727405162869296,1487.9120879120878,-1.0,-1.0,0.22186909529645885,
2023-07-31 13:42:41.359000,-1.3734939759036144,9.0,-3.253012048192771,9.397915389331699,-0.9865113427345187,-2.709993868792152,3.0,0.22133422133422131,4518.054162487462,-3.1036652875706525,20.882116426781657,-4.261756307907463,1519.4139194139193,-1.0,-1.0,0.2218649014808659,
2023-07-31 13:42:41.367000,-1.4457831325301205,9.10843373493976,-3.2650602409638556,9.491109748620477,-1.1508277130594726,-2.692826486817903,3.0,0.22133422133422131,4518.054162487462,-2.569314142532485,24.98898665578929,-4.918244857525784,1561.1721611721612,-1.0,-1.0,0.22186073444575105,
2023-07-31 13:42:41.374000,-1.602409638554217,9.19277108433735,-3.253012048192771,9.640711220110362,-1.300429184549356,-2.7786633966891476,3.0,0.22133422133422131,4518.054162487462,-2.233436279937065,27.18745993823204,-5.6663364605792195,1608.058608058608,-1.0,-1.0,0.22185659332763125,
2023-07-31 13:42:41.382000,-1.7590361445783134,9.265060240963855,-3.3012048192771086,9.645616186388718,-1.386266094420601,-2.8203556100551808,3.0,0.22133422133422131,4518.054162487462,-3.1341996387156907,27.599673678690053,-6.200687605617388,1660.8058608058607,-1.0,-1.0,0.22185247724165377,
2023-07-31 13:42:41.390000,-1.8795180722891567,9.27710843373494,-3.289156626506024,9.618638871857755,-1.5505824647455548,-2.827713059472716,3.0,0.22133422133422131,4518.054162487462,-4.676184371540118,28.210360701590815,-7.009847910960898,1717.216117216117,-1.0,-1.0,0.22184838527078368,
2023-07-31 13:42:41.397000,-1.963855421686747,9.216867469879519,-3.27710843373494,9.591661557326793,-1.616799509503372,-2.8424279583077863,3.0,0.22133422133422131,4518.054162487462,-5.836489715051568,28.378299632888528,-7.727405162869296,1781.6849816849815,-1.0,-1.0,0.22184431633728266,
2023-07-31 13:42:41.405000,-1.9879518072289157,9.132530120481928,-3.3012048192771086,9.466584917228694,-1.7664009809932555,-2.8375229920294296,3.0,0.22133422133422131,4518.054162487462,-6.355573684517218,27.706543907697686,-7.2235883689761655,1845.4212454212452,-1.0,-1.0,0.2218402694897373,
2023-07-31 13:42:41.413000,-2.0120481927710845,9.096385542168676,-3.325301204819277,9.41017780502759,-1.7026364193746166,-2.839975475168608,3.0,0.22133422133422131,4518.054162487462,-6.325039333372179,26.042421770293107,-6.704504399510517,1907.6923076923076,-1.0,-1.0,0.22183624374302582,
2023-07-31 13:42:41.420000,-2.0,9.060240963855422,-3.3734939759036147,9.451870018393622,-1.69773145309626,-2.8350705088902513,3.0,0.22133422133422131,4518.054162487462,-6.141833226501951,24.17982635044578,-5.712137987296776,1962.6373626373625,-1.0,-1.0,0.22183223808868302,
2023-07-31 13:42:41.428000,-1.9879518072289157,9.036144578313253,-3.349397590361446,9.368485591661557,-1.6315144083384425,-2.8841201716738194,3.0,0.22133422133422131,4518.054162487462,-6.096031699784393,23.156925587087,-4.9945807353883795,2010.989010989011,-1.0,-1.0,0.22182825162299924,
2023-07-31 13:42:41.436000,-1.927710843373494,8.975903614457831,-3.385542168674699,9.309625996321275,-1.5726548129981606,-2.869405272838749,3.0,0.22133422133422131,4518.054162487462,-6.859390478410347,21.874482838995398,-4.32282501019754,2046.153846153846,-1.0,-1.0,0.2218242833983867,
2023-07-31 13:42:41.443000,-1.8795180722891567,8.91566265060241,-3.397590361445783,9.30226854690374,-1.4990803188228081,-2.9552421827099935,3.0,0.22089022089022092,4527.135678391959,-7.592214905891264,21.18745993823204,-4.200687605617388,2065.201465201465,-1.0,-1.0,0.2218203324240344,
2023-07-31 13:42:41.451000,-1.8433734939759037,8.867469879518072,-3.385542168674699,9.164929491109747,-1.486817903126916,-2.8252605763335374,3.0,0.22133422133422131,4518.054162487462,-8.32503933337218,20.469902686323643,-4.353359361342578,2067.399267399267,-1.0,-1.0,0.2218163975172864,
2023-07-31 13:42:41.459000,-1.7590361445783134,8.855421686746988,-3.36144578313253,9.216431637032494,-1.4083384426732066,-2.8546903740036784,3.0,0.22133422133422131,4518.054162487462,-8.019695821921797,21.29433016723967,-4.65870287279296,2053.4798534798533,-1.0,-1.0,0.22181247743176558,
2023-07-31 13:42:41.466000,-1.6987951807228916,8.867469879518072,-3.36144578313253,9.236051502145923,-1.3985285101164928,-2.913549969343961,3.0,0.22133422133422131,4518.054162487462,-7.744886661616454,22.011887419148067,-4.6739700483654785,2027.106227106227,-1.0,-1.0,0.2218085708783242,
2023-07-31 13:42:41.474000,-1.63855421686747,8.855421686746988,-3.397590361445783,9.226241569589208,-1.270999386879215,-2.9086450030656037,3.0,0.22133422133422131,4518.054162487462,-8.202901928792027,22.66837596876639,-4.536565468212807,1988.278388278388,-1.0,-1.0,0.22180467640732573,
2023-07-31 13:42:41.482000,-1.5903614457831325,8.831325301204819,-3.3734939759036147,9.20907418761496,-1.2219497240956467,-2.8963825873697115,3.0,0.22133422133422131,4518.054162487462,-9.576947730318745,23.95081871685799,-5.116718139968532,1935.5311355311353,-1.0,-1.0,0.22180079255739604,
2023-07-31 13:42:41.489000,-1.566265060240964,8.783132530120483,-3.325301204819277,9.120784794604537,-1.1557326793378295,-2.8129981606376453,3.0,0.22133422133422131,4518.054162487462,-10.172367577646988,25.98135306800303,-5.437328826991433,1876.923076923077,-1.0,-1.0,0.22179691799395154,
2023-07-31 13:42:41.497000,-1.5180722891566265,8.734939759036145,-3.2650602409638556,9.054567749846719,-1.1630901287553648,-2.7173513182096873,3.0,0.22133422133422131,4518.054162487462,-10.599848493677523,29.29433016723967,-6.200687605617388,1812.4542124542124,-1.0,-1.0,0.2217930514889466,
2023-07-31 13:42:41.505000,-1.5180722891566265,8.72289156626506,-3.204819277108434,9.093807480073574,-1.199877375843041,-2.658491722869405,3.0,0.22133422133422131,4518.054162487462,-10.15710040207447,32.88211642678166,-6.383893712487616,1744.3223443223442,-1.0,-1.0,0.22178919177336925,
2023-07-31 13:42:41.512000,-1.493975903614458,8.710843373493976,-3.240963855421687,9.044757817290005,-1.1213979153893316,-2.71244635193133,3.0,0.22133422133422131,4518.054162487462,-10.172367577646988,35.81341413670532,-6.689237223937998,1674.7252747252746,-1.0,-1.0,0.22178533753921456,
2023-07-31 13:42:41.520000,-1.5180722891566265,8.674698795180724,-3.204819277108434,8.993255671367258,-1.1140404659717964,-2.7198038013488657,3.0,0.22133422133422131,4518.054162487462,-10.584581318105004,38.210360701590815,-7.467863178136471,1605.8608058608058,-1.0,-1.0,0.22178148744164977,
2023-07-31 13:42:41.528000,-1.530120481927711,8.614457831325302,-3.1566265060240966,8.86817903126916,-1.1581851624770079,-2.6020846106683013,3.0,0.22133422133422131,4518.054162487462,-11.882291241769126,39.93555154128547,-8.780840277373112,1540.6593406593406,-1.0,-1.0,0.22177763996263863,
2023-07-31 13:42:41.535000,-1.5783132530120483,8.506024096385543,-3.0843373493975905,8.784794604537094,-1.1851624770079705,-2.55793991416309,3.0,0.22133422133422131,4518.054162487462,-12.935726356272943,40.88211642678166,-9.956412796457082,1478.3882783882782,-1.0,-1.0,0.2217737934339075,
2023-07-31 13:42:41.543000,-1.5783132530120483,8.433734939759036,-2.987951807228916,8.762722256284487,-1.1729000613120784,-2.494175352544451,3.0,0.22133422133422131,4518.054162487462,-12.554046966959966,41.11112406036944,-11.727405162869296,1416.117216117216,-1.0,-1.0,0.2217699463265008,
2023-07-31 13:42:41.551000,-1.5542168674698795,8.421686746987952,-2.9759036144578315,8.770079705702022,-1.1974248927038627,-2.3960760269773145,3.0,0.22133422133422131,4518.054162487462,-11.546413379173705,40.98898665578929,-12.582366994930364,1356.0439560439559,-1.0,-1.0,0.2217660972323411,
2023-07-31 13:42:41.558000,-1.5180722891566265,8.409638554216867,-2.9397590361445785,8.799509503372164,-1.1091354996934395,-2.3323114653586754,3.0,0.22089022089022092,4527.135678391959,-10.752520249402714,40.1187576481557,-12.97931355981586,1299.6336996336995,-1.0,-1.0,0.2217622447186117,
2023-07-31 13:42:41.566000,-1.5060240963855422,8.433734939759036,-2.843373493975904,8.826486817903126,-1.1091354996934395,-2.288166768853464,3.0,0.22089022089022092,4527.135678391959,-10.279237806654622,39.44700192296486,-14.261756307907463,1246.8864468864467,-1.0,-1.0,0.22175838718237642,
2023-07-31 13:42:41.573000,-1.530120481927711,8.481927710843374,-2.746987951807229,8.83874923359902,-1.1729000613120784,-2.207234825260576,3.0,0.22133422133422131,4518.054162487462,-10.46244391352485,38.31723093059845,-16.292290659052505,1197.069597069597,-1.0,-1.0,0.22175452283285516,
2023-07-31 13:42:41.581000,-1.6144578313253013,8.602409638554217,-2.6867469879518073,9.027590435315757,-1.2489270386266094,-2.1385652973635807,3.0,0.22089022089022092,4527.135678391959,-9.882291241769126,36.10349047258318,-18.719771575083037,1150.9157509157508,-1.0,-1.0,0.22175064998216218,
2023-07-31 13:42:41.589000,-1.710843373493976,8.66265060240964,-2.698795180722892,9.047210300429184,-1.334763948497854,-2.2342121397915387,3.0,0.22133422133422131,4518.054162487462,-9.515879028028667,33.538604976399974,-20.612901346075404,1106.9597069597069,-1.0,-1.0,0.22174676692062723,
2023-07-31 13:42:41.596000,-1.7710843373493976,8.72289156626506,-2.698795180722892,9.142857142857142,-1.410790925812385,-2.1729000613120784,3.0,0.22089022089022092,4527.135678391959,-9.6227492570363,30.13402482372822,-21.83427539187693,1068.131868131868,-1.0,-1.0,0.22174287190993205,
2023-07-31 13:42:41.604000,-1.8433734939759037,8.855421686746988,-2.6506024096385543,9.248313917841815,-1.5530349478847332,-2.082158185162477,3.0,0.22089022089022092,4527.135678391959,-9.439543150166072,25.29433016723967,-23.51366470485403,1034.4322344322343,-1.0,-1.0,0.22173896319745512,
2023-07-31 13:42:41.612000,-1.9036144578313254,8.987951807228916,-2.6506024096385543,9.383200490496627,-1.621704475781729,-2.0870631514408338,3.0,0.22133422133422131,4518.054162487462,-9.439543150166072,25.29433016723967,-23.51366470485403,1004.3956043956043,-1.0,-1.0,0.2217350388603845,
2023-07-31 13:42:41.619000,-1.9879518072289157,9.180722891566266,-2.674698795180723,9.648068669527897,-1.69773145309626,-2.165542611894543,3.0,0.22089022089022092,4527.135678391959,-9.042596585280576,19.889750014567916,-24.215954781189907,978.7545787545787,-1.0,-1.0,0.22173109709703653,
2023-07-31 13:42:41.627000,-2.132530120481928,9.397590361445783,-2.626506024096386,9.905579399141631,-1.822808093194359,-2.1042305334150826,3.0,0.22133422133422131,4518.054162487462,-8.416642386807293,15.065322533651884,-25.574733407144105,958.2417582417581,-1.0,-1.0,0.2217271361027446,
2023-07-31 13:42:41.635000,-2.2650602409638556,9.602409638554217,-2.63855421686747,9.966891477621092,-2.050889025137952,-2.1140404659717964,3.0,0.22089022089022092,4527.135678391959,-8.859390478410347,9.416467571819823,-26.0480158498922,944.3223443223443,-1.0,-1.0,0.2217231540635533,
2023-07-31 13:42:41.642000,-2.3855421686746987,9.72289156626506,-2.6144578313253013,10.143470263641937,-2.104843654199877,-2.1213979153893314,3.0,0.22089022089022092,4527.135678391959,-8.79832177612027,3.2027271138045563,-26.32282501019754,937.7289377289377,-1.0,-1.0,0.22171914917110025,
2023-07-31 13:42:41.650000,-2.4578313253012047,9.771084337349398,-2.6144578313253013,10.1704475781729,-2.195585530349479,-2.1091354996934393,3.0,0.22089022089022092,4527.135678391959,-10.29450498222714,-3.988112580851932,-25.78847386515937,936.2637362637362,-1.0,-1.0,0.2217151194672505,
2023-07-31 13:42:41.658000,-2.5180722891566267,9.819277108433736,-2.5783132530120483,10.256284488044145,-2.303494788473329,-2.047823421213979,3.0,0.22089022089022092,4527.135678391959,-10.492978264669889,-11.591166015966435,-25.299924246838764,939.1941391941391,-1.0,-1.0,0.22171106298661977,
2023-07-31 13:42:41.665000,-2.5180722891566267,9.819277108433736,-2.602409638554217,10.20232985898222,-2.254445125689761,-2.1434702636419374,3.0,0.22089022089022092,4527.135678391959,-10.599848493677523,-18.415593496882465,-24.292290659052505,946.5201465201465,-1.0,-1.0,0.22170697776035486,
2023-07-31 13:42:41.673000,-2.5060240963855422,9.855421686746988,-2.5783132530120483,10.332311465358675,-2.296137339055794,-2.0453709380748006,3.0,0.22089022089022092,4527.135678391959,-10.492978264669889,-23.728570596119106,-22.643435697220443,958.2417582417581,-1.0,-1.0,0.22170286181991625,
2023-07-31 13:42:41.681000,-2.4939759036144578,9.891566265060241,-2.5542168674698797,10.29307173513182,-2.2985898221949723,-2.0625383200490495,3.0,0.22089022089022092,4527.135678391959,-10.46244391352485,-28.568265252607656,-20.246489132334947,977.2893772893772,-1.0,-1.0,0.22169871320085988,
2023-07-31 13:42:41.688000,-2.4457831325301207,9.879518072289157,-2.626506024096386,10.261189454322501,-2.1587982832618025,-2.12385039852851,3.0,0.22089022089022092,4527.135678391959,-9.97389429520424,-33.14841792436338,-18.109084552182274,1002.9304029304028,-1.0,-1.0,0.2216945299466131,
2023-07-31 13:42:41.696000,-2.3734939759036147,9.855421686746988,-2.746987951807229,10.224402207234824,-2.1171060698957693,-2.2832618025751072,3.0,0.22089022089022092,4527.135678391959,-9.256337043295844,-36.26292174115727,-15.177786842258609,1036.6300366300366,-1.0,-1.0,0.22169031011224288,
2023-07-31 13:42:41.704000,-2.27710843373494,9.783132530120483,-2.771084337349398,10.16799509503372,-1.9871244635193133,-2.27835683629675,3.0,0.22089022089022092,4527.135678391959,-8.859390478410347,-36.96521181749315,-12.13961890332731,1075.4578754578754,-1.0,-1.0,0.2216860517682121,
2023-07-31 13:42:41.711000,-2.180722891566265,9.759036144578314,-2.7951807228915664,10.192519926425506,-1.8645003065603922,-2.2979767014101777,3.0,0.22089022089022092,4527.135678391959,-8.15710040207447,-36.88887593963055,-9.910611269739524,1114.2857142857142,-1.0,-1.0,0.22168175300412146,
2023-07-31 13:42:41.719000,-2.108433734939759,9.734939759036145,-2.8313253012048194,10.15328019619865,-1.8645003065603922,-2.241569589209074,3.0,0.22133422133422131,4518.054162487462,-7.378474447875996,-35.30108968008857,-7.467863178136471,1151.6483516483515,-1.0,-1.0,0.22167741193243498,
2023-07-31 13:42:41.727000,-2.096385542168675,9.734939759036145,-2.819277108433735,10.160637645616186,-1.8350705088902513,-2.239117106069896,3.0,0.22089022089022092,4527.135678391959,-5.347940096730958,-32.47666219917254,-4.948779208670822,1187.5457875457876,-1.0,-1.0,0.2216730268414791,
2023-07-31 13:42:41.734000,-2.0843373493975905,9.72289156626506,-2.783132530120482,10.148375229920294,-1.8203556100551808,-2.2562844880441446,3.0,0.22089022089022092,4527.135678391959,-4.355573684517218,-28.690402657187807,-2.7350387506555554,1223.4432234432234,-1.0,-1.0,0.2216685960717086,
2023-07-31 13:42:41.742000,-2.0120481927710845,9.74698795180723,-2.746987951807229,10.148375229920294,-1.7590435315757202,-2.1925199264255055,3.0,0.22089022089022092,4527.135678391959,-3.7754210127614924,-24.507196550317577,-0.017481498747158663,1256.4102564102564,-1.0,-1.0,0.2216641178604281,
2023-07-31 13:42:41.750000,-1.9397590361445785,9.74698795180723,-2.63855421686747,10.18270999386879,-1.7762109135499693,-2.099325567136726,3.0,0.22089022089022092,4527.135678391959,-3.531146203601187,-19.346891206806127,2.654274226443681,1283.5164835164835,-1.0,-1.0,0.2216595904843595,
2023-07-31 13:42:41.757000,-1.9156626506024097,9.734939759036145,-2.5903614457831328,10.136112814224402,-1.6609442060085835,-2.0551808706315144,3.0,0.22089022089022092,4527.135678391959,-2.767787424975233,-14.00337975642445,5.2191597226268875,1309.89010989011,-1.0,-1.0,0.22165501240217153,
2023-07-31 13:42:41.765000,-1.8915662650602412,9.698795180722891,-2.5542168674698797,10.116492949110974,-1.6118945432250151,-1.9987737584304106,3.0,0.22089022089022092,4527.135678391959,-1.2258026921508054,-8.308723267874832,6.577938348581085,1331.135531135531,-1.0,-1.0,0.22165038223783964,
2023-07-31 13:42:41.773000,-1.927710843373494,9.674698795180724,-2.5180722891566267,10.057633353770692,-1.633966891477621,-1.9987737584304106,3.0,0.22089022089022092,4527.135678391959,-0.3708408600897367,-2.7820057106229243,7.982518501252842,1345.054945054945,-1.0,-1.0,0.2216456986363445,
2023-07-31 13:42:41.780000,-1.963855421686747,9.650602409638555,-2.5180722891566267,10.084610668301655,-1.6413243408951563,-1.9619865113427344,3.0,0.22089022089022092,4527.135678391959,-0.6303828448225611,2.790513373346541,9.34129712720704,1355.3113553113553,-1.0,-1.0,0.22164096026841812,
2023-07-31 13:42:41.788000,-2.0120481927710845,9.602409638554217,-2.5060240963855422,10.06008583690987,-1.739423666462293,-2.011036174126303,3.0,0.22089022089022092,4527.135678391959,-0.7372530738301948,7.004253831361808,10.65427422644368,1358.2417582417581,-1.0,-1.0,0.22163616583503634,
2023-07-31 13:42:41.796000,-2.072289156626506,9.518072289156628,-2.5421686746987953,9.92274678111588,-1.781115879828326,-2.0429184549356223,3.0,0.22089022089022092,4527.135678391959,-1.668550783753859,10.378299632888526,11.555037585222307,1352.3809523809523,-1.0,-1.0,0.22163131407165823,
2023-07-31 13:42:41.803000,-2.1204819277108435,9.421686746987952,-2.6144578313253013,9.73635806253832,-1.857142857142857,-2.064990803188228,3.0,0.22089022089022092,4527.135678391959,-1.7296194860439351,13.538604976399975,12.272594837130704,1340.6593406593406,-1.0,-1.0,0.22162640375221057,
2023-07-31 13:42:41.811000,-2.180722891566265,9.289156626506024,-2.5903614457831328,9.670141017780502,-1.8350705088902513,-2.082158185162477,3.0,0.22089022089022092,4527.135678391959,-1.9586271196317213,16.30196375502593,13.051220791329177,1318.6813186813185,-1.0,-1.0,0.22162143369282183,
2023-07-31 13:42:41.819000,-2.216867469879518,9.180722891566266,-2.566265060240964,9.481299816063764,-1.9601471489883506,-2.1042305334150826,3.0,0.22089022089022092,4527.135678391959,-2.4166423868072937,18.729444671056466,13.722976516520017,1294.5054945054944,-1.0,-1.0,0.2216164027553077,
2023-07-31 13:42:41.826000,-2.253012048192771,9.072289156626507,-2.5542168674698797,9.432250153280195,-1.928264868179031,-1.993868792152054,3.0,0.22089022089022092,4527.135678391959,-2.737253073830195,20.71417749548395,14.242060485985665,1271.7948717948716,-1.0,-1.0,0.22161130985041572,
2023-07-31 13:42:41.834000,-2.2289156626506026,9.012048192771084,-2.5301204819277108,9.380748007357449,-1.9184549356223175,-1.9987737584304106,3.0,0.22089022089022092,4527.135678391959,-2.218169104364546,22.17982635044578,14.761144455451314,1252.014652014652,-1.0,-1.0,0.22160615380208767,
2023-07-31 13:42:41.842000,-2.132530120481928,8.963855421686748,-2.4939759036144578,9.319435928877988,-1.8252605763335377,-1.9865113427345187,3.0,0.22089022089022092,4527.135678391959,-1.9433599440592024,22.561505739758754,14.974884913466582,1235.164835164835,-1.0,-1.0,0.2216009333706271,
2023-07-31 13:42:41.849000,-2.024096385542169,8.963855421686748,-2.4457831325301207,9.312078479460453,-1.6903740036787247,-1.888412017167382,3.0,0.22089022089022092,4527.135678391959,-2.431909562379813,23.569139327545017,15.371831478352078,1224.9084249084249,-1.0,-1.0,0.22159564740326745,
2023-07-31 13:42:41.857000,-1.9156626506024097,8.963855421686748,-2.433734939759036,9.294911097486205,-1.5652973635806253,-1.8810545677498467,3.0,0.22089022089022092,4527.135678391959,-2.3555736845172177,25.17219276265952,15.310762776062,1221.245421245421,-1.0,-1.0,0.22159029483544487,
2023-07-31 13:42:41.865000,-1.7951807228915664,8.951807228915664,-2.397590361445783,9.31698344573881,-1.3911710606989576,-1.8761496014714898,3.0,0.22089022089022092,4527.135678391959,-3.14946681428821,26.98898665578929,14.806945982168871,1224.9084249084249,-1.0,-1.0,0.22158487469208157,
2023-07-31 13:42:41.872000,-1.7349397590361446,8.951807228915664,-2.4096385542168677,9.324340895156345,-1.3666462293071735,-1.9055793991416308,3.0,0.22089022089022092,4527.135678391959,-3.546413379173706,28.927917953499215,13.707709340947497,1235.8974358974358,-1.0,-1.0,0.2215793860888919,
2023-07-31 13:42:41.880000,-1.63855421686747,8.903614457831326,-2.433734939759036,9.265481299816063,-1.3200490496627835,-1.9570815450643775,3.0,0.22089022089022092,4527.135678391959,-4.477711089097371,29.752345434415243,12.135190256978031,1254.212454212454,-1.0,-1.0,0.22157382823372368,
2023-07-31 13:42:41.888000,-1.5783132530120483,8.891566265060241,-2.4216867469879517,9.233599019006745,-1.1802575107296136,-1.8638871857755976,3.0,0.22089022089022092,4527.135678391959,-4.477711089097371,29.752345434415243,12.135190256978031,1291.5750915750914,-1.0,-1.0,0.2215682004279423,
2023-07-31 13:42:41.895000,-1.4819277108433735,8.855421686746988,-2.4698795180722892,9.24095646842428,-1.1164929491109747,-1.9742489270386265,3.0,0.22089022089022092,4527.135678391959,-5.103665287570653,30.973719480216772,10.028320027970398,1372.161172161172,-1.0,-1.0,0.22156250206786593,
2023-07-31 13:42:41.903000,-1.3975903614457832,8.843373493975903,-2.4698795180722892,9.221336603310851,-0.9840588595953402,-1.9767014101778049,3.0,0.22044622044622048,4536.2537764350445,-5.592214905891264,31.935551541285474,7.997785676825361,1513.5531135531135,-1.0,-1.0,0.2215567327850067,
2023-07-31 13:42:41.911000,-1.349397590361446,8.855421686746988,-2.4698795180722892,9.216431637032494,-0.8810545677498467,-1.9546290619251991,3.0,0.22089022089022092,4527.135678391959,-5.928092768486683,33.14165841151448,6.104655905832994,1731.8681318681317,-1.0,-1.0,0.22155089227795158,
2023-07-31 13:42:41.918000,-1.2409638554216869,8.831325301204819,-2.4939759036144578,9.211526670754138,-0.8025751072961373,-1.9963212752912323,3.0,0.22089022089022092,4527.135678391959,-6.7219858982576755,34.454635510751125,4.715342928733757,2019.7802197802196,-1.0,-1.0,0.22154498029340394,
2023-07-31 13:42:41.926000,-1.1566265060240966,8.795180722891567,-2.5421686746987953,9.110974862047822,-0.6627835683629675,-2.040465971796444,3.0,0.22089022089022092,4527.135678391959,-7.012062234135538,35.78287978556028,2.7000757531612383,2350.1831501831502,-1.0,-1.0,0.22153899678790395,
2023-07-31 13:42:41.933000,-1.0602409638554218,8.759036144578314,-2.5903614457831328,9.152667075413856,-0.6333537706928265,-2.0527283874923357,3.0,0.22133422133422131,4518.054162487462,-7.073130936425614,36.82104772449158,0.654274226443681,2682.7838827838827,-1.0,-1.0,0.22153294179154417,
2023-07-31 13:42:41.941000,-1.0,8.74698795180723,-2.6144578313253013,9.16002452483139,-0.5524218270999387,-2.0870631514408338,3.0,0.22089022089022092,4527.135678391959,-7.409008799021034,37.64547520540761,-1.4220616514189144,2805.128205128205,-1.0,-1.0,0.22152681542084948,
2023-07-31 13:42:41.949000,-0.9759036144578314,8.771084337349398,-2.602409638554217,9.140404659717964,-0.5033721643163703,-2.035561005518087,3.0,0.22133422133422131,4518.054162487462,-6.660917195967599,38.1187576481557,-3.81900821630441,2805.128205128205,-1.0,-1.0,0.22152061791269823,
2023-07-31 13:42:41.956000,-0.963855421686747,8.807228915662652,-2.5783132530120483,9.137952176578786,-0.5205395462906193,-2.0331085223789085,3.0,0.22089022089022092,4527.135678391959,-6.370840860089737,37.8744828389954,-6.292290659052502,2805.8608058608056,-1.0,-1.0,0.22151434960562716,
2023-07-31 13:42:41.964000,-1.0120481927710845,8.855421686746988,-2.5903614457831328,9.216431637032494,-0.6259963212752911,-1.9987737584304106,3.0,0.22089022089022092,4527.135678391959,-5.592214905891264,37.78287978556028,-8.902977681953265,2805.8608058608056,-1.0,-1.0,0.22150801082459368,
2023-07-31 13:42:41.972000,-1.0963855421686748,8.927710843373495,-2.5301204819277108,9.253218884120171,-0.7412630288166768,-1.908031882280809,3.0,0.22089022089022092,4527.135678391959,-5.393741623448515,36.271429403880894,-11.360992949128837,2805.8608058608056,-1.0,-1.0,0.2215016018722437,
2023-07-31 13:42:41.979000,-1.216867469879518,8.91566265060241,-2.5301204819277108,9.280196198651133,-0.8761496014714898,-2.008583690987124,3.0,0.22089022089022092,4527.135678391959,-5.805955363906531,35.18745993823204,-13.590000582716623,2805.8608058608056,-1.0,-1.0,0.22149512330757332,
2023-07-31 13:42:41.987000,-1.4457831325301205,8.93975903614458,-2.5180722891566267,9.324340895156345,-1.2219497240956467,-1.9816063764561618,3.0,0.22089022089022092,4527.135678391959,-6.187634753219507,33.340131693957225,-15.452596002563952,2805.8608058608056,-1.0,-1.0,0.22148857578801304,
2023-07-31 13:42:41.995000,-1.6987951807228916,8.93975903614458,-2.4578313253012047,9.341508277130595,-1.4156958920907419,-1.988963825873697,3.0,0.22089022089022092,4527.135678391959,-5.805955363906531,30.088223297010664,-17.528931880426548,2805.8608058608056,-1.0,-1.0,0.22148195994307404,
2023-07-31 13:42:42.002000,-1.9036144578313254,8.951807228915664,-2.4939759036144578,9.336603310852237,-1.6560392397302268,-1.9374616799509503,3.0,0.22089022089022092,4527.135678391959,-5.31740574558592,26.17982635044578,-19.19305401783113,2805.8608058608056,-1.0,-1.0,0.22147527652473825,
2023-07-31 13:42:42.010000,-2.024096385542169,8.987951807228916,-2.5542168674698797,9.388105456774984,-1.6879215205395461,-2.0453709380748006,3.0,0.22089022089022092,4527.135678391959,-3.347940096730958,21.01952100693433,-20.719771575083037,2805.128205128205,-1.0,-1.0,0.22146852654732943,
2023-07-31 13:42:42.018000,-2.072289156626506,9.024096385542169,-2.5060240963855422,9.446965052115265,-1.7467811158798283,-2.0232985898221947,3.0,0.22089022089022092,4527.135678391959,-3.0578637608530954,14.515704213041197,-21.84954256744945,2805.8608058608056,-1.0,-1.0,0.22146171112951638,
2023-07-31 13:42:42.025000,-2.144578313253012,9.036144578313253,-2.5180722891566267,9.366033108522378,-1.8620478234212139,-1.9791538933169834,3.0,0.22089022089022092,4527.135678391959,-3.1800011654332483,8.195093526018297,-23.299924246838764,2805.8608058608056,-1.0,-1.0,0.2214548315065828,
2023-07-31 13:42:42.033000,-2.216867469879518,9.024096385542169,-2.5421686746987953,9.370938074800735,-1.781115879828326,-2.0208461066830163,3.0,0.22133422133422131,4518.054162487462,-2.9204591807004237,2.271429403880892,-24.093817376609756,2805.8608058608056,-1.0,-1.0,0.22144788916025906,
2023-07-31 13:42:42.041000,-2.216867469879518,9.012048192771084,-2.566265060240964,9.437155119558552,-1.8350705088902513,-1.9742489270386265,3.0,0.22089022089022092,4527.135678391959,-2.233436279937065,-2.7820057106229243,-24.368626536915098,2751.6483516483513,-1.0,-1.0,0.22144088582090954,
2023-07-31 13:42:42.048000,-2.180722891566265,9.012048192771084,-2.5903614457831328,9.397915389331699,-1.8424279583077865,-2.011036174126303,3.0,0.22089022089022092,4527.135678391959,-1.4700775013111107,-6.537730901462619,-24.872443330808228,2629.304029304029,-1.0,-1.0,0.22143382334205272,
2023-07-31 13:42:42.056000,-2.108433734939759,8.975903614457831,-2.626506024096386,9.263028816676885,-1.7639484978540771,-2.118945432250153,3.0,0.22089022089022092,4527.135678391959,-0.7677874249752329,-9.865975176271778,-25.025115086533418,2487.179487179487,-1.0,-1.0,0.2214267035430982,
2023-07-31 13:42:42.064000,-2.0481927710843375,8.91566265060241,-2.710843373493976,9.233599019006745,-1.6756591048436542,-2.219497240956468,3.0,0.22044622044622048,4536.2537764350445,-0.5082454402424085,-13.17895227550842,-25.391527300273875,2344.322344322344,-1.0,-1.0,0.22141952848842059,
2023-07-31 13:42:42.071000,-2.0120481927710845,8.819277108433736,-2.746987951807229,9.184549356223176,-1.6241569589209073,-2.2611894543225013,3.0,0.22089022089022092,4527.135678391959,-0.8746576539828664,-16.583532428180174,-26.093817376609756,2210.25641025641,-1.0,-1.0,0.22141230018020658,
2023-07-31 13:42:42.079000,-2.0481927710843375,8.734939759036145,-2.7590361445783134,9.034947884733292,-1.6707541385652973,-2.2538320049049663,3.0,0.22089022089022092,4527.135678391959,-1.134199638715691,-18.537730901462616,-27.13198531554105,2087.912087912088,-1.0,-1.0,0.22140502055920194,
2023-07-31 13:42:42.087000,-2.060240963855422,8.626506024096386,-2.7590361445783134,8.951563458001226,-1.7345187001839362,-2.2047823421213977,3.0,0.22089022089022092,4527.135678391959,-0.7677874249752329,-19.698036244974066,-28.368626536915098,1982.4175824175823,-1.0,-1.0,0.22139769181335148,
2023-07-31 13:42:42.094000,-2.072289156626506,8.506024096385543,-2.7590361445783134,8.80441446965052,-1.7148988350705088,-2.241569589209074,3.0,0.22089022089022092,4527.135678391959,0.05664005594079761,-20.415593496882465,-29.16251966668609,1893.040293040293,-1.0,-1.0,0.2213903162389139,
2023-07-31 13:42:42.102000,-2.060240963855422,8.409638554216867,-2.7228915662650603,8.694052728387492,-1.65113427345187,-2.207234825260576,3.0,0.22044622044622048,4536.2537764350445,1.1864110483072097,-20.99574616863819,-30.628168521647922,1819.7802197802196,-1.0,-1.0,0.22138289623997318,
2023-07-31 13:42:42.110000,-1.9879518072289157,8.337349397590362,-2.7228915662650603,8.613120784794605,-1.5800122624156958,-2.1434702636419374,3.0,0.22089022089022092,4527.135678391959,2.0413728803682782,-21.78963929840918,-31.147252491113573,1758.2417582417581,-1.0,-1.0,0.22137543403953924,
2023-07-31 13:42:42.117000,-1.9518072289156627,8.373493975903616,-2.674698795180723,8.733292458614347,-1.5898221949724094,-2.106683016554261,3.0,0.22089022089022092,4527.135678391959,3.5222889109026294,-22.552998077035134,-32.53656546821281,1708.4249084249084,-1.0,-1.0,0.22136793182612372,
2023-07-31 13:42:42.125000,-1.9759036144578315,8.518072289156628,-2.566265060240964,8.909871244635193,-1.6388718577559778,-2.03065603923973,3.0,0.22089022089022092,4527.135678391959,4.758930132276675,-21.1636850999359,-33.78847386515937,1666.6666666666665,-1.0,-1.0,0.22136039205907135,
2023-07-31 13:42:42.133000,-2.060240963855422,8.710843373493976,-2.4819277108433737,9.11587982832618,-1.7467811158798283,-1.908031882280809,3.0,0.22089022089022092,4527.135678391959,5.858166773498049,-19.774372122836663,-34.78084027737311,1630.03663003663,-1.0,-1.0,0.22135281746530164,
2023-07-31 13:42:42.140000,-2.204819277108434,8.903614457831326,-2.4216867469879517,9.282648681790311,-1.8841201716738196,-1.8933169834457386,3.0,0.22089022089022092,4527.135678391959,5.690227842200339,-18.568265252607656,-35.803741040731886,1600.0,-1.0,-1.0,0.22134521101549792,
2023-07-31 13:42:42.148000,-2.36144578313253,9.012048192771084,-2.3373493975903616,9.442060085836909,-2.021459227467811,-1.8270999386879214,3.0,0.22089022089022092,4527.135678391959,4.774197307849194,-18.67513548161529,-36.90297768195326,1575.091575091575,-1.0,-1.0,0.2213375757725144,
2023-07-31 13:42:42.156000,-2.5301204819277108,9.024096385542169,-2.289156626506024,9.427345187001839,-2.2299202942979766,-1.824647455548743,3.0,0.22089022089022092,4527.135678391959,2.7436629567041564,-18.873608764058037,-38.39916088806013,1555.311355311355,-1.0,-1.0,0.221329914888711,
2023-07-31 13:42:42.163000,-2.662650602409639,8.91566265060241,-2.2650602409638556,9.267933782955241,-2.325567136725935,-1.841814837522992,3.0,0.22089022089022092,4527.135678391959,2.7436629567041564,-18.873608764058037,-38.39916088806013,1535.5311355311355,-1.0,-1.0,0.22132223160292142,
2023-07-31 13:42:42.171000,-2.7590361445783134,8.74698795180723,-2.289156626506024,9.047210300429184,-2.406499080318823,-1.719190680564071,3.0,0.22089022089022092,4527.135678391959,1.0948079948720952,-19.530097313676357,-39.94114562088456,1520.14652014652,-1.0,-1.0,0.22131452923705566,
2023-07-31 13:42:42.179000,-2.771084337349398,8.578313253012048,-2.325301204819277,8.828939301042304,-2.4530962599632127,-1.7706928264868178,3.0,0.22089022089022092,4527.135678391959,-0.1418332265019505,-20.552998077035134,-40.735038750655555,1506.227106227106,-1.0,-1.0,0.22130681119234238,
2023-07-31 13:42:42.186000,-2.698795180722892,8.46987951807229,-2.397590361445783,8.846106683016554,-2.3893316983445736,-1.8148375229920293,3.0,0.22089022089022092,4527.135678391959,0.5451896742614083,-21.98811258085193,-40.551832643785325,1493.040293040293,-1.0,-1.0,0.22129908094521392,
2023-07-31 13:42:42.194000,-2.602409638554217,8.481927710843374,-2.4939759036144578,8.885346413243408,-2.3500919681177193,-1.8982219497240955,3.0,0.22089022089022092,4527.135678391959,2.5757240254064464,-23.743837771691624,-40.94877920867082,1479.8534798534797,-1.0,-1.0,0.22129134204284362,
2023-07-31 13:42:42.202000,-2.5421686746987953,8.566265060240964,-2.5421686746987953,9.020232985898222,-2.2176578786020844,-2.1091354996934393,3.0,0.22089022089022092,4527.135678391959,5.262746926169805,-23.4842957869588,-40.07855020103723,1461.5384615384614,-1.0,-1.0,0.22128359809834233,
2023-07-31 13:42:42.209000,-2.4698795180722892,8.66265060240964,-2.674698795180723,9.059472716125077,-2.1293684855916615,-2.182709993868792,3.0,0.22044622044622048,4536.2537764350445,6.255113338383546,-21.026280519783228,-39.727405162869296,1438.8278388278388,-1.0,-1.0,0.22127585278562742,
2023-07-31 13:42:42.217000,-2.4216867469879517,8.759036144578314,-2.746987951807229,9.125689760882894,-2.0705088902513795,-2.364193746167995,3.0,0.22089022089022092,4527.135678391959,5.690227842200339,-18.064448458714526,-40.429695239205174,1413.9194139194137,-1.0,-1.0,0.22126810968468044,
2023-07-31 13:42:42.225000,-2.4578313253012047,8.831325301204819,-2.807228915662651,9.184549356223176,-2.134273451870018,-2.359288779889638,3.0,0.22044622044622048,4536.2537764350445,4.5146553231163695,-15.301089680088573,-41.40679447584639,1390.4761904761904,697.052001953125,86.07679173416226,0.22126037240321653,
2023-07-31 13:42:42.232000,-2.5301204819277108,8.879518072289157,-2.891566265060241,9.260576333537706,-2.2053954629061923,-2.462293071735132,3.0,0.22089022089022092,4527.135678391959,3.1253423460171335,-11.423227084668726,-42.38389371248761,1366.3003663003662,-1.0,86.07679173416226,0.22125264458029315,
2023-07-31 13:42:42.240000,-2.674698795180723,9.012048192771084,-3.0,9.45677498467198,-2.3599019006744326,-2.5162477007970567,3.0,0.22089022089022092,4527.135678391959,1.8581667734980494,-7.011013344210711,-43.42206165141891,1341.3919413919414,-1.0,86.07679173416226,0.22124492986849303,
2023-07-31 13:42:42.248000,-2.855421686746988,9.168674698795181,-3.072289156626506,9.61128142244022,-2.649294911097486,-2.5971796443899446,3.0,0.22044622044622048,4536.2537764350445,0.8199988345667518,-2.675135481615291,-44.429695239205174,1313.5531135531135,-1.0,86.07679173416226,0.22123723208613544,
2023-07-31 13:42:42.255000,-3.1204819277108435,9.313253012048193,-3.216867469879518,9.731453096259962,-2.877375843041079,-2.771305947271612,3.0,0.22089022089022092,4527.135678391959,0.3314492162461411,1.7523454344152434,-43.803741040731886,1285.7142857142856,-1.0,86.07679173416226,0.22122955492210747,
2023-07-31 13:42:42.263000,-3.325301204819277,9.46987951807229,-3.4457831325301207,9.93746167995095,-3.1030042918454934,-3.1538933169834458,3.0,0.22044622044622048,4536.2537764350445,-0.8899248295553855,6.027154594720587,-43.02511508653341,1257.8754578754579,-1.0,86.07679173416226,0.221221902055974,
2023-07-31 13:42:42.271000,-3.5060240963855422,9.578313253012048,-3.6867469879518073,9.959534028203555,-3.237890864500306,-3.3648068669527893,3.0,0.22044622044622048,4536.2537764350445,-2.767787424975233,10.530971388613716,-41.71213798729677,1228.5714285714284,-1.0,86.07679173416226,0.2212142771601586,
2023-07-31 13:42:42.278000,-3.6024096385542173,9.602409638554217,-3.9036144578313254,9.900674432863273,-3.4389944819129368,-3.5977927651747392,3.0,0.22089022089022092,4527.135678391959,-6.691451547112638,12.882116426781655,-40.811374628518145,1195.6043956043954,-1.0,86.07679173416226,0.2212066837315454,
2023-07-31 13:42:42.286000,-3.5903614457831328,9.566265060240964,-4.132530120481928,9.912936848559166,-3.3948497854077253,-3.86020846106683,3.0,0.22044622044622048,4536.2537764350445,-10.279237806654622,14.408833984033564,-39.3304585979838,1158.2417582417581,-1.0,86.07679173416226,0.22119912536997702,
2023-07-31 13:42:42.294000,-3.530120481927711,9.506024096385543,-4.289156626506024,9.86143470263642,-3.264868179031269,-3.926425505824647,3.0,0.22044622044622048,4536.2537764350445,-13.439543150166072,16.530971388613718,-37.07091661325097,1119.4139194139193,-1.0,86.07679173416226,0.22119160564105214,
2023-07-31 13:42:42.301000,-3.4096385542168677,9.506024096385543,-4.36144578313253,9.903126916002451,-3.159411404046597,-4.0,3.0,0.22089022089022092,4527.135678391959,-15.775421012761491,19.37066604510227,-34.62816852164792,1083.5164835164835,-1.0,86.07679173416226,0.2211841279072074,
2023-07-31 13:42:42.309000,-3.27710843373494,9.542168674698795,-4.421686746987952,9.935009196811771,-3.0024524831391783,-4.007357449417535,3.0,0.22044622044622048,4536.2537764350445,-17.424275974593552,21.7981469611328,-31.544199055999062,1054.9450549450548,-1.0,86.07679173416226,0.221176695605816,
2023-07-31 13:42:42.316000,-3.240963855421687,9.66265060240964,-4.421686746987952,10.074800735744942,-3.007357449417535,-4.058859595340282,3.0,0.22044622044622048,4536.2537764350445,-18.752520249402714,25.447001922964862,-27.98694714760212,1036.6300366300366,-1.0,86.07679173416226,0.2211693121117116,
2023-07-31 13:42:42.324000,-3.240963855421687,9.783132530120483,-4.445783132530121,10.234212139791538,-2.9754751686082157,-4.06131207847946,3.0,0.22044622044622048,4536.2537764350445,-21.103665287570653,32.1187576481557,-24.887710506380746,1031.5018315018315,-1.0,86.07679173416226,0.22116198056812886,
2023-07-31 13:42:42.332000,-3.349397590361446,9.903614457831326,-4.506024096385542,10.305334150827713,-3.1103617412630284,-4.206008583690987,3.0,0.22044622044622048,4536.2537764350445,-23.867024066196606,39.4775362741099,-23.025115086533418,1041.7582417582416,-1.0,86.07679173416226,0.22115470401550036,
2023-07-31 13:42:42.339000,-3.5180722891566267,9.987951807228916,-4.626506024096386,10.35438381361128,-3.282035561005518,-4.318822808093194,3.0,0.22044622044622048,4536.2537764350445,-28.218169104364545,47.99662024357555,-22.093817376609756,1065.9340659340658,-1.0,86.07679173416226,0.22114748538152987,
2023-07-31 13:42:42.347000,-3.698795180722892,10.012048192771084,-4.771084337349397,10.37155119558553,-3.500306560392397,-4.497854077253218,3.0,0.22044622044622048,4536.2537764350445,-32.43190956237981,56.60730726647631,-20.82664180409067,1101.098901098901,-1.0,86.07679173416226,0.22114032747134363,
2023-07-31 13:42:42.355000,-3.9036144578313254,9.975903614457831,-4.963855421686747,10.3862660944206,-3.7014101778050272,-4.627835683629675,3.0,0.22044622044622048,4536.2537764350445,-36.34030650894469,63.38593322067478,-19.81900821630441,1139.194139194139,-1.0,86.07679173416226,0.2211332329577677,
2023-07-31 13:42:42.362000,-4.096385542168675,9.975903614457831,-5.144578313253012,10.283261802575106,-3.951563458001226,-4.806866952789699,3.0,0.22044622044622048,4536.2537764350445,-39.02732940970805,68.27142940388089,-17.9716799720296,1177.2893772893772,-1.0,86.07679173416226,0.2211262043717869,
2023-07-31 13:42:42.370000,-4.313253012048193,9.927710843373495,-5.325301204819278,10.33966891477621,-4.2335990190067445,-5.047210300429184,3.0,0.22044622044622048,4536.2537764350445,-41.25633704329584,71.99662024357553,-15.391527300273875,1211.7216117216117,-1.0,86.07679173416226,0.2211192442319832,
2023-07-31 13:42:42.378000,-4.578313253012048,9.951807228915664,-5.409638554216868,10.236664622930716,-4.375843041079093,-5.06928264868179,3.0,0.22044622044622048,4536.2537764350445,-43.012062234135534,75.18745993823202,-12.246489132334943,1235.164835164835,-1.0,86.07679173416226,0.2211123548763816,
2023-07-31 13:42:42.385000,-4.771084337349397,10.0,-5.397590361445784,10.359288779889638,-4.714285714285714,-5.007970570202329,3.0,0.22089022089022092,4527.135678391959,-44.88992482955538,76.24089505273585,-8.536565468212807,1243.2234432234432,-1.0,86.07679173416226,0.22110553832614804,
2023-07-31 13:42:42.393000,-4.927710843373494,10.084337349397591,-5.385542168674699,10.501532801961986,-4.817290006131207,-5.015328019619865,3.0,0.22089022089022092,4527.135678391959,-46.72198589825767,76.82104772449158,-3.5441990559990666,1233.6996336996335,-1.0,86.07679173416226,0.22109879657568043,
2023-07-31 13:42:42.401000,-5.0361445783132535,10.180722891566266,-5.349397590361446,10.616799509503371,-4.979153893316983,-5.034947884733292,3.0,0.22089022089022092,4527.135678391959,-48.09603169978439,77.75234543441523,2.2115261348406277,1205.8608058608058,-1.0,86.07679173416226,0.22109213160642824,
2023-07-31 13:42:42.408000,-5.0602409638554215,10.361445783132531,-5.301204819277109,10.808093194359289,-4.988963825873697,-4.909871244635193,3.0,0.22089022089022092,4527.135678391959,-50.17236757764698,77.53860497639997,8.318396363848262,1154.5787545787546,-1.0,86.07679173416226,0.22108554524226653,
2023-07-31 13:42:42.416000,-5.072289156626506,10.55421686746988,-5.265060240963856,10.982219497240957,-4.964438994481912,-4.9147762109135495,3.0,0.22089022089022092,4527.135678391959,-51.699085134898894,77.0805897092244,13.722976516520017,1084.981684981685,-1.0,86.07679173416226,0.22107903914434876,
2023-07-31 13:42:42.424000,-5.096385542168675,10.734939759036145,-5.204819277108434,11.166155732679337,-5.052728387492336,-4.814224402207235,3.0,0.22089022089022092,4527.135678391959,-54.05023017306683,76.6836431443389,18.80694598216887,997.8021978021977,-1.0,86.07679173416226,0.2210726148067276,
2023-07-31 13:42:42.431000,-5.168674698795181,10.855421686746988,-5.0602409638554215,11.276517473942366,-5.072348252605763,-4.706315144083384,3.0,0.22044622044622048,4536.2537764350445,-56.73725307383019,76.59204009090378,23.44816735621467,901.8315018315018,-1.0,86.07679173416226,0.22106627355277902,
2023-07-31 13:42:42.439000,-5.253012048192772,10.903614457831326,-4.9156626506024095,11.274064990803188,-5.187614960147148,-4.473329245861435,3.0,0.22044622044622048,4536.2537764350445,-56.73725307383019,76.59204009090378,23.44816735621467,801.4652014652014,-1.0,86.07679173416226,0.2210600163831697,
2023-07-31 13:42:42.447000,-5.445783132530121,10.807228915662652,-4.686746987951808,11.131820968730839,-5.388718577559779,-4.220723482526058,3.0,0.22044622044622048,4536.2537764350445,-59.6227492570363,76.16455917487325,27.020686440184136,705.4945054945055,-1.0,86.07679173416226,0.22105384395210323,
2023-07-31 13:42:42.454000,-5.662650602409639,10.626506024096386,-4.36144578313253,10.982219497240957,-5.614347026364193,-3.9019006744328633,3.0,0.22044622044622048,4536.2537764350445,-61.98916147077675,74.97371948021676,31.066487966901693,620.5128205128204,-1.0,86.07679173416226,0.2210477567033876,
2023-07-31 13:42:42.462000,-5.91566265060241,10.3855421686747,-4.0602409638554215,10.683016554261188,-5.893930104230533,-3.5928877988963825,3.0,0.22044622044622048,4536.2537764350445,-63.943359944059196,72.02715459472059,34.62373987529865,552.3809523809523,-1.0,86.07679173416226,0.2210417548684685,
2023-07-31 13:42:42.470000,-6.1084337349397595,10.144578313253012,-3.7108433734939763,10.44757817290006,-6.0999386879215205,-3.1367259350091965,3.0,0.22044622044622048,4536.2537764350445,-64.99679505856301,69.12639123594195,38.01305285239788,507.6923076923077,-1.0,86.07679173416226,0.22103583846519728,
2023-07-31 13:42:42.477000,-6.1084337349397595,9.93975903614458,-3.385542168674699,10.23175965665236,-6.104843654199877,-2.761496014714899,3.0,0.22044622044622048,4536.2537764350445,-65.13419963871569,66.19509352601828,41.93671697453529,482.78388278388275,-1.0,86.07679173416226,0.22103000729734995,
2023-07-31 13:42:42.485000,-5.963855421686747,9.771084337349398,-3.096385542168675,10.101778050275904,-5.960147148988351,-2.388718577559779,3.0,0.22044622044622048,4536.2537764350445,-63.18000116543324,62.347765281743484,47.84511392110017,484.2490842490842,-1.0,86.07679173416226,0.22102426095491223,
2023-07-31 13:42:42.493000,-5.674698795180723,9.698795180722891,-2.746987951807229,10.07725321888412,-5.633966891477621,-2.0502759043531573,3.0,0.22089022089022092,4527.135678391959,-59.775421012761484,57.06532253365189,55.448167356214675,506.9597069597069,-1.0,86.07679173416226,0.22101859881513772,
2023-07-31 13:42:42.500000,-5.373493975903615,9.710843373493976,-2.4457831325301207,10.133660331085224,-5.334763948497854,-1.7240956468424278,3.0,0.22089022089022092,4527.135678391959,-55.5464133791737,51.24852864052211,63.951984150107805,552.3809523809523,-1.0,86.07679173416226,0.22101302019368127,
2023-07-31 13:42:42.508000,-5.024096385542169,9.795180722891567,-2.240963855421687,10.177805027590434,-4.873697118332311,-1.5793991416309012,3.0,0.22089022089022092,4527.135678391959,-50.92045918070042,46.94318512907173,71.84511392110016,621.978021978022,-1.0,86.07679173416226,0.22100752436909785,
2023-07-31 13:42:42.516000,-4.566265060240964,9.93975903614458,-2.132530120481928,10.35438381361128,-4.351318209687308,-1.5744941753525443,3.0,0.22044622044622048,4536.2537764350445,-46.24870345550958,47.56913932754502,78.42526659285589,723.8095238095237,-1.0,86.07679173416226,0.22100211044918583,
2023-07-31 13:42:42.523000,-4.0120481927710845,10.10843373493976,-2.060240963855422,10.49662783568363,-3.7725321888412013,-1.437155119558553,3.0,0.22044622044622048,4536.2537764350445,-42.325039333372175,50.91265077792669,83.60083911193986,855.6776556776556,-1.0,86.07679173416226,0.22099677736649595,
2023-07-31 13:42:42.531000,-3.457831325301205,10.265060240963855,-1.9036144578313254,10.702636419374617,-3.2207234825260573,-1.2973635806253832,3.0,0.22044622044622048,4536.2537764350445,-38.630382844822556,54.347765281743484,88.04358720354291,1012.4542124542124,-1.0,86.07679173416226,0.22099152370432415,
2023-07-31 13:42:42.539000,-3.0120481927710845,10.3855421686747,-1.7831325301204821,10.751686082158185,-2.6223175965665235,-1.0839975475168608,3.0,0.22044622044622048,4536.2537764350445,-36.004428646349275,59.11112406036944,92.24206048598566,1180.952380952381,-1.0,86.07679173416226,0.2209863477140793,
2023-07-31 13:42:42.546000,-2.698795180722892,10.44578313253012,-1.5903614457831325,10.871857755977928,-2.337829552421827,-0.9000613120784794,3.0,0.22044622044622048,4536.2537764350445,-32.88992482955538,65.88975001456791,93.61610628751238,1350.18315018315,-1.0,86.07679173416226,0.22098124761006432,
2023-07-31 13:42:42.554000,-2.566265060240964,10.46987951807229,-1.2650602409638554,10.906192519926424,-2.2201103617412628,-0.6327406499080318,3.0,0.22044622044622048,4536.2537764350445,-31.027329409708056,74.40883398403355,93.61610628751238,1509.89010989011,-1.0,86.07679173416226,0.2209762214177679,
2023-07-31 13:42:42.562000,-2.63855421686747,10.44578313253012,-0.9156626506024097,10.812998160637646,-2.291232372777437,-0.1520539546290619,3.0,0.22044622044622048,4536.2537764350445,-30.111298875356912,81.49280344968241,91.44816735621467,1649.084249084249,-1.0,86.07679173416226,0.2209712669930708,
2023-07-31 13:42:42.569000,-2.807228915662651,10.397590361445785,-0.6626506024096386,10.771305947271612,-2.5119558553034946,0.11771919068056406,3.0,0.22044622044622048,4536.2537764350445,-27.027329409708056,85.41646757181981,88.08938873026047,1766.3003663003662,-1.0,86.07679173416226,0.22096638215965672,
2023-07-31 13:42:42.577000,-2.963855421686747,10.361445783132531,-0.5421686746987953,10.729613733905579,-2.656652360515021,0.22317596566523604,3.0,0.22044622044622048,4536.2537764350445,-21.714352310471416,85.15692558708699,84.15045743255055,1855.6776556776556,-1.0,86.07679173416226,0.22096156443135265,
2023-07-31 13:42:42.585000,-3.0481927710843375,10.325301204819278,-0.44578313253012053,10.778663396689147,-2.8503985285101163,0.2893930104230533,3.0,0.22044622044622048,4536.2537764350445,-14.859390478410347,82.17982635044577,81.67717498980245,1920.8791208791208,-1.0,86.07679173416226,0.22095681104324869,
2023-07-31 13:42:42.592000,-2.951807228915663,10.337349397590362,-0.4096385542168675,10.744328632740649,-2.7400367872470874,0.32127529123237275,3.0,0.22044622044622048,4536.2537764350445,-9.103665287570653,76.27142940388089,80.86801468445894,1954.5787545787543,-1.0,86.07679173416226,0.22095211924949829,
2023-07-31 13:42:42.600000,-2.710843373493976,10.361445783132531,-0.42168674698795183,10.822808093194359,-2.404046597179644,0.3139178418148375,3.0,0.22044622044622048,4536.2537764350445,-2.8899248295553854,68.1187576481557,81.58557193636734,1950.9157509157508,-1.0,86.07679173416226,0.22094748617442503,
2023-07-31 13:42:42.608000,-2.325301204819277,10.421686746987952,-0.3373493975903615,10.879215205395463,-1.928264868179031,0.45616186388718577,3.0,0.22044622044622048,4536.2537764350445,2.34671639181866,59.38593322067479,83.2344268981994,1910.6227106227104,-1.0,86.07679173416226,0.22094290869558397,
2023-07-31 13:42:42.615000,-1.8915662650602412,10.46987951807229,-0.0963855421686747,10.938074800735745,-1.5187001839362353,0.5935009196811771,3.0,0.22044622044622048,4536.2537764350445,5.919235475788126,51.462269098537384,84.54740399743605,1844.6886446886447,-1.0,86.07679173416226,0.22093838360393295,
2023-07-31 13:42:42.623000,-1.4337349397590362,10.493975903614459,0.1927710843373494,10.88412017167382,-0.976701410177805,0.9834457388105456,3.0,0.22044622044622048,4536.2537764350445,8.621525552124004,44.94318512907173,84.6695414020162,1767.7655677655675,-1.0,86.07679173416226,0.2209339077538141,
2023-07-31 13:42:42.631000,-0.819277108433735,10.566265060240964,0.5180722891566265,10.950337216431636,-0.34150827713059473,1.2360515021459226,3.0,0.22044622044622048,4536.2537764350445,11.125342346017133,39.05005535807937,82.73061010430628,1684.9816849816848,-1.0,86.07679173416226,0.22092947791537362,
2023-07-31 13:42:42.638000,-0.42168674698795183,10.361445783132531,0.6987951807228916,10.722256284488044,0.14469650521152666,1.466584917228694,3.0,0.22089022089022092,4527.135678391959,13.430685857467514,32.01188741914807,80.3489307149933,1608.058608058608,-1.0,86.07679173416226,0.22092509065876387,
2023-07-31 13:42:42.646000,-0.10843373493975904,10.156626506024097,0.855421686746988,10.653586756591048,0.507050889025138,1.677498467198038,3.0,0.22089022089022092,4527.135678391959,16.81999883456675,24.943185129071733,76.53213682186353,1540.6593406593406,-1.0,86.07679173416226,0.22092074280332372,
2023-07-31 13:42:42.654000,0.46987951807228917,10.349397590361447,0.9156626506024097,10.798283261802574,1.0367872470876762,1.6873083997547516,3.0,0.22044622044622048,4536.2537764350445,21.9803041780782,18.103490472583182,72.31839636384827,1485.7142857142856,-1.0,86.07679173416226,0.22091643143109221,
2023-07-31 13:42:42.661000,0.963855421686747,10.373493975903616,0.9036144578313253,10.771305947271612,1.6327406499080317,1.6652360515021458,3.0,0.22044622044622048,4536.2537764350445,27.278014101742322,19.889750014567916,65.46343453178719,1442.4908424908424,-1.0,86.07679173416226,0.22091215332585856,
2023-07-31 13:42:42.669000,1.4337349397590362,10.409638554216867,0.8674698795180723,10.825260576333537,2.226241569589209,1.5058246474555486,3.0,0.22000222000222003,4545.4086781029255,30.606258376551484,23.614940854262574,56.9138162111765,1408.058608058608,-1.0,86.07679173416226,0.22090790512561978,
2023-07-31 13:42:42.677000,1.8433734939759037,10.361445783132531,0.7590361445783133,10.812998160637646,2.660331085223789,1.471489883507051,3.0,0.22044622044622048,4536.2537764350445,31.72076219334538,24.576772915331276,47.61610628751238,1386.8131868131868,-1.0,86.07679173416226,0.2209036834531782,
2023-07-31 13:42:42.684000,2.1204819277108435,10.228915662650603,0.783132530120482,10.653586756591048,2.8982219497240953,1.449417535254445,3.0,0.22044622044622048,4536.2537764350445,32.04137288036828,24.088223297010664,37.387098653924596,1378.7545787545787,-1.0,86.07679173416226,0.22089948490776204,
2023-07-31 13:42:42.692000,2.313253012048193,10.024096385542169,0.855421686746988,10.3862660944206,3.0208461066830163,1.6088289393010422,3.0,0.22089022089022092,4527.135678391959,33.0184721170095,23.17219276265952,26.715342928733754,1380.2197802197802,-1.0,86.07679173416226,0.22089530609843078,
2023-07-31 13:42:42.699000,2.3855421686746987,9.734939759036145,0.8072289156626506,10.094420600858369,3.040465971796444,1.5622317596566522,3.0,0.22044622044622048,4536.2537764350445,35.262746926169804,20.927917953499215,16.883281860031467,1390.4761904761904,-1.0,86.07679173416226,0.22089114368770218,
2023-07-31 13:42:42.707000,2.3734939759036147,9.46987951807229,0.6144578313253012,9.817290006131207,2.947271612507664,1.25567136725935,3.0,0.22044622044622048,4536.2537764350445,39.58335761319271,19.416467571819826,6.8985490356039865,1405.128205128205,-1.0,86.07679173416226,0.22088699442446674,
2023-07-31 13:42:42.715000,2.2650602409638556,9.313253012048193,0.3373493975903615,9.679950950337217,2.7927651747394235,1.0226854690374003,3.0,0.22044622044622048,4536.2537764350445,39.58335761319271,19.416467571819826,6.8985490356039865,1420.5128205128203,-1.0,86.07679173416226,0.2208828549958766,
2023-07-31 13:42:42.722000,2.0,9.325301204819278,0.024096385542168676,9.829552421827099,2.5107296137339055,0.6499080318822807,3.0,0.22044622044622048,4536.2537764350445,43.47648738418508,16.744711846628984,-0.99458073538838,1433.6996336996335,-1.0,86.07679173416226,0.22087872217686014,
2023-07-31 13:42:42.730000,1.6867469879518073,9.409638554216867,-0.13253012048192772,9.910484365419988,2.025137952176579,0.522378908645003,3.0,0.22044622044622048,4536.2537764350445,46.16351028494843,11.706543907697686,-7.574733407144104,1439.5604395604394,-1.0,86.07679173416226,0.22087459284059047,
2023-07-31 13:42:42.738000,1.1927710843373494,9.481927710843374,-0.2530120481927711,9.915389331698345,1.6327406499080317,0.4095646842427958,3.0,0.22044622044622048,4536.2537764350445,48.54518967426141,3.4012003962473045,-13.452596002563952,1432.9670329670328,-1.0,86.07679173416226,0.22087046396861934,
2023-07-31 13:42:42.745000,0.6987951807228916,9.481927710843374,-0.39759036144578314,9.883507050889024,0.9779276517473942,0.16922133660331085,3.0,0.22044622044622048,4536.2537764350445,50.316182040673624,-7.133150748790863,-18.85717615523571,1412.4542124542124,-1.0,86.07679173416226,0.22086633279938797,
2023-07-31 13:42:42.753000,0.2530120481927711,9.421686746987952,-0.46987951807228917,9.758430410790925,0.5389331698344574,0.002452483139178418,3.0,0.22044622044622048,4536.2537764350445,50.04137288036828,-14.797272886195444,-24.124351727754792,1383.8827838827838,-1.0,86.07679173416226,0.2208621966784481,
2023-07-31 13:42:42.761000,-0.08433734939759037,9.313253012048193,-0.6024096385542169,9.621091354996933,0.11771919068056406,-0.0809319435928878,3.0,0.22044622044622048,4536.2537764350445,48.86580036128431,-20.67513548161529,-27.712137987296778,1353.113553113553,-1.0,86.07679173416226,0.22085805293975386,
2023-07-31 13:42:42.768000,-0.30120481927710846,9.19277108433735,-0.6867469879518072,9.498467198038012,-0.061925199264255056,-0.04904966278356836,3.0,0.22044622044622048,4536.2537764350445,47.52228891090263,-27.75910494726414,-29.20832119340365,1334.065934065934,658.75244140625,91.08125636986937,0.2208538990631824,
2023-07-31 13:42:42.776000,-0.5180722891566265,9.060240963855422,-0.5421686746987953,9.385652973635805,-0.33415082771305943,0.1496014714898835,3.0,0.22044622044622048,4536.2537764350445,47.629159139910264,-38.7667385350504,-27.86480974302197,1326.007326007326,-1.0,91.08125636986937,0.2208497326822495,
2023-07-31 13:42:42.784000,-0.783132530120482,8.927710843373495,-0.44578313253012053,9.294911097486205,-0.6333537706928265,0.19374616799509503,3.0,0.22044622044622048,4536.2537764350445,47.613891964337746,-48.96521181749315,-26.00221432317464,1329.6703296703297,-1.0,91.08125636986937,0.22084555173003528,
2023-07-31 13:42:42.791000,-1.0,8.843373493975903,-0.3855421686746988,9.250766400980993,-0.8320049049662783,0.2575107296137339,3.0,0.22044622044622048,4536.2537764350445,48.40778509410874,-53.8049064739817,-24.429695239205174,1345.7875457875457,-1.0,91.08125636986937,0.22084135442541386,
2023-07-31 13:42:42.799000,-1.1325301204819278,8.759036144578314,-0.3373493975903615,9.133047210300429,-0.988963825873697,0.24770079705702022,3.0,0.22044622044622048,4536.2537764350445,49.35434997960492,-55.927043878561854,-22.414428063632656,1375.091575091575,-1.0,91.08125636986937,0.22083713913108172,
2023-07-31 13:42:42.807000,-1.216867469879518,8.63855421686747,-0.44578313253012053,8.995708154506437,-0.9791538933169834,0.19865113427345185,3.0,0.22044622044622048,4536.2537764350445,50.621525552124005,-56.20185303886719,-20.109084552182274,1414.6520146520145,-1.0,91.08125636986937,0.22083290436006936,
2023-07-31 13:42:42.814000,-1.1566265060240966,8.493975903614459,-0.6626506024096386,8.873083997547516,-0.9080318822808092,-0.0809319435928878,3.0,0.22044622044622048,4536.2537764350445,52.81999883456675,-55.301089680088566,-18.20068760561739,1470.3296703296703,-1.0,91.08125636986937,0.22082864864267818,
2023-07-31 13:42:42.822000,-1.0,8.397590361445783,-1.0240963855421688,8.787247087676272,-0.677498467198038,-0.522378908645003,3.0,0.22000222000222003,4545.4086781029255,55.79709807120798,-54.110249985432084,-15.345725773556318,1542.8571428571427,-1.0,91.08125636986937,0.22082437069045266,
2023-07-31 13:42:42.830000,-0.855421686746988,8.349397590361447,-1.2891566265060241,8.64990803188228,-0.5818516247700797,-0.7406499080318822,3.0,0.22044622044622048,4536.2537764350445,58.28564768952859,-52.24765456558475,-12.170153254472348,1633.6996336996335,-1.0,91.08125636986937,0.22082006937849427,
2023-07-31 13:42:42.837000,-0.819277108433735,8.397590361445783,-1.5903614457831325,8.784794604537094,-0.5573267933782955,-1.091354996934396,3.0,0.22044622044622048,4536.2537764350445,60.0566400559408,-49.71330342054659,-8.597634170502884,1743.5897435897434,-1.0,91.08125636986937,0.2208157437269202,
2023-07-31 13:42:42.845000,-0.8674698795180723,8.55421686746988,-1.7349397590361446,8.973635806253832,-0.6235438381361128,-1.2385039852851012,3.0,0.22044622044622048,4536.2537764350445,61.46122020861255,-44.7667385350504,-6.078550201037235,1871.0622710622708,-1.0,91.08125636986937,0.2208113930622818,
2023-07-31 13:42:42.853000,-1.0481927710843375,8.759036144578314,-1.8795180722891567,9.09871244635193,-0.753525444512569,-1.366033108522379,3.0,0.22044622044622048,4536.2537764350445,61.415418681895,-38.94994464192063,-4.078550201037235,2008.058608058608,-1.0,91.08125636986937,0.22080701688025883,
2023-07-31 13:42:42.860000,-1.2409638554216869,8.831325301204819,-2.096385542168675,9.253218884120171,-1.0331085223789085,-1.5793991416309012,3.0,0.22044622044622048,4536.2537764350445,61.67496066662782,-31.438494260241242,-2.5670998193578454,2144.322344322344,-1.0,91.08125636986937,0.22080261484626554,
2023-07-31 13:42:42.868000,-1.3975903614457832,8.91566265060241,-2.4216867469879517,9.290006131207848,-1.2415695892090741,-2.0453709380748006,3.0,0.22044622044622048,4536.2537764350445,62.300914865101106,-21.97284540527941,0.13519025697803216,2266.6666666666665,-1.0,91.08125636986937,0.22079818679523572,
2023-07-31 13:42:42.876000,-1.602409638554217,8.951807228915664,-2.698795180722892,9.3635806253832,-1.405885959534028,-2.3838136112814223,3.0,0.22044622044622048,4536.2537764350445,61.11007517044462,-14.232387390012237,4.074121554687956,2362.6373626373625,-1.0,91.08125636986937,0.22079373273060365,
2023-07-31 13:42:42.883000,-1.8192771084337351,8.903614457831326,-2.91566265060241,9.187001839362354,-1.6437768240343347,-2.4794604537093807,3.0,0.22044622044622048,4536.2537764350445,58.987937765864466,-10.232387390012237,8.440533768428415,2431.5018315018315,-1.0,91.08125636986937,0.22078925282250367,
2023-07-31 13:42:42.891000,-1.8915662650602412,8.867469879518072,-2.9397590361445785,9.191906805640711,-1.633966891477621,-2.400980993255671,3.0,0.22044622044622048,4536.2537764350445,57.38488433074996,-6.461395023600024,12.16572460812307,2473.9926739926736,-1.0,91.08125636986937,0.22078474740521578,
2023-07-31 13:42:42.899000,-1.8192771084337351,8.759036144578314,-2.9036144578313254,9.05211526670754,-1.540772532188841,-2.381361128142244,3.0,0.22044622044622048,4536.2537764350445,58.6978614299866,-2.2934560923023137,15.493968882932231,2490.842490842491,-1.0,91.08125636986937,0.22078021697388772,
2023-07-31 13:42:42.906000,-1.6867469879518073,8.674698795180724,-2.987951807228916,8.998160637645615,-1.381361128142244,-2.570202329858982,3.0,0.22000222000222003,4545.4086781029255,59.04900646815454,-2.369791970164909,17.677174989802456,2487.912087912088,-1.0,91.08125636986937,0.22077566218056624,
2023-07-31 13:42:42.914000,-1.5180722891566265,8.698795180722891,-3.144578313253012,9.128142244022072,-1.1876149601471488,-2.74432863274065,3.0,0.22000222000222003,4545.4086781029255,57.47648738418508,-4.247654565584757,19.432900180642154,2465.934065934066,-1.0,91.08125636986937,0.22077108368028373,
2023-07-31 13:42:42.922000,-1.3614457831325302,8.855421686746988,-3.2650602409638556,9.236051502145923,-0.9742489270386265,-2.8767627222562844,3.0,0.22000222000222003,4545.4086781029255,55.04900646815454,-3.255288153371016,20.043587203542916,2425.6410256410254,-1.0,91.08125636986937,0.22076648210394983,
2023-07-31 13:42:42.929000,-1.0481927710843375,8.975903614457831,-3.5421686746987953,9.34886572654813,-0.5818516247700797,-3.2078479460453706,3.0,0.22000222000222003,4545.4086781029255,52.34671639181866,0.7141774954839457,20.257327661558183,2369.9633699633696,-1.0,91.08125636986937,0.2207618581896137,
2023-07-31 13:42:42.937000,-0.7228915662650602,9.120481927710843,-3.9397590361445785,9.508277130594726,-0.17228694052728385,-3.6909871244635193,3.0,0.22000222000222003,4545.4086781029255,49.78183089563546,6.63784161762135,19.539770409649787,2300.3663003663,-1.0,91.08125636986937,0.2207572127742694,
2023-07-31 13:42:42.945000,-0.3855421686746988,9.180722891566266,-4.27710843373494,9.559779276517473,0.15450643776824033,-3.960760269773145,3.0,0.22000222000222003,4545.4086781029255,46.300914865101106,12.439368335178601,18.287862012703222,2221.978021978022,-1.0,91.08125636986937,0.22075254678501155,
2023-07-31 13:42:42.952000,-0.16867469879518074,9.096385542168676,-4.542168674698796,9.42489270386266,0.27896995708154504,-4.149601471489883,3.0,0.22044622044622048,4536.2537764350445,43.46122020861255,19.11112406036944,17.555037585222305,2139.9267399267396,-1.0,91.08125636986937,0.22074786122960227,
2023-07-31 13:42:42.960000,-0.024096385542168676,8.975903614457831,-4.807228915662651,9.319435928877988,0.4236664622930717,-4.404659717964439,3.0,0.22044622044622048,4536.2537764350445,41.40015150632248,26.424101159606085,17.035953615756657,2054.212454212454,-1.0,91.08125636986937,0.22074315733580774,
2023-07-31 13:42:42.968000,0.0,8.867469879518072,-4.867469879518072,9.157572041692212,0.43838136112814224,-4.421827099938688,3.0,0.22044622044622048,4536.2537764350445,40.42305226968126,32.40883398403356,16.440533768428413,1969.230769230769,-1.0,91.08125636986937,0.2207384365628606,
2023-07-31 13:42:42.975000,0.0,8.783132530120483,-4.855421686746988,9.110974862047822,0.45064377682403434,-4.338442673206622,3.0,0.22000222000222003,4545.4086781029255,39.15587669716217,38.759979022201506,15.79931239438261,1884.249084249084,-1.0,91.08125636986937,0.2207337004535998,
2023-07-31 13:42:42.983000,-0.04819277108433735,8.783132530120483,-4.867469879518072,9.079092581238504,0.49478847332924586,-4.367872470876763,3.0,0.22044622044622048,4536.2537764350445,38.54518967426141,45.721811083270204,13.646640638657422,1802.9304029304028,-1.0,91.08125636986937,0.22072895061468684,
2023-07-31 13:42:42.991000,0.08433734939759037,8.63855421686747,-4.879518072289157,8.91477621091355,0.6394849785407725,-4.282035561005518,3.0,0.22044622044622048,4536.2537764350445,38.54518967426141,45.721811083270204,13.646640638657422,1726.007326007326,-1.0,91.08125636986937,0.22072418867559476,
2023-07-31 13:42:42.998000,0.20481927710843376,8.493975903614459,-4.783132530120482,8.792152053954629,0.8430410790925812,-4.191293684855917,3.0,0.22044622044622048,4536.2537764350445,37.91923547578813,50.836314900064096,9.967251325680323,1650.5494505494505,-1.0,91.08125636986937,0.2207194163106358,
2023-07-31 13:42:43.006000,0.3493975903614458,8.349397590361447,-4.626506024096386,8.642550582464745,0.9386879215205395,-4.007357449417535,3.0,0.22044622044622048,4536.2537764350445,39.629159139910264,53.340131693957225,6.058854379115437,1583.8827838827838,-1.0,91.08125636986937,0.22071463523989468,
2023-07-31 13:42:43.014000,0.3855421686746988,8.19277108433735,-4.445783132530121,8.475781729000612,0.9632127529123237,-3.825873697118332,3.0,0.22000222000222003,4545.4086781029255,42.42305226968126,58.50043703746868,2.577938348581086,1524.5421245421244,-1.0,91.08125636986937,0.22070984721975773,
2023-07-31 13:42:43.021000,0.45783132530120485,8.144578313253012,-4.228915662650603,8.456161863887186,0.9264255058246474,-3.602697731453096,3.0,0.22044622044622048,4536.2537764350445,44.71312860555912,65.82868131227784,-0.21595478118990674,1472.5274725274724,-1.0,91.08125636986937,0.22070505388435105,
2023-07-31 13:42:43.029000,0.3493975903614458,8.156626506024097,-4.168674698795181,8.505211526670754,0.7964438994481913,-3.595340282035561,3.0,0.22044622044622048,4536.2537764350445,47.21694539945225,73.569139327545,-2.5518326437853265,1430.7692307692307,-1.0,91.08125636986937,0.2207002568639588,
2023-07-31 13:42:43.037000,0.0963855421686747,8.120481927710843,-4.301204819277109,8.51256897608829,0.45554874310239113,-3.8234212139791537,3.0,0.22044622044622048,4536.2537764350445,48.20931181166599,78.57677291533126,-3.788473865159372,1397.8021978021977,-1.0,91.08125636986937,0.22069545793528633,
2023-07-31 13:42:43.044000,-0.16867469879518074,8.0,-4.46987951807229,8.328632740649908,0.22746781115879827,-3.9828326180257507,3.0,0.22044622044622048,4536.2537764350445,48.46885379639881,78.45463551075112,-4.643435697220441,1372.8937728937728,-1.0,91.08125636986937,0.22069065887423414,
2023-07-31 13:42:43.052000,-0.3855421686746988,7.855421686746988,-4.397590361445784,8.13733905579399,0.04414469650521152,-3.7596566523605146,3.0,0.22044622044622048,4536.2537764350445,48.22457898723851,69.73707825884271,-5.605267758289143,1353.8461538461538,-1.0,91.08125636986937,0.2206858614478663,
2023-07-31 13:42:43.060000,-0.49397590361445787,7.626506024096386,-4.204819277108434,7.865113427345187,-0.12078479460453709,-3.5389331698344573,3.0,0.22044622044622048,4536.2537764350445,49.72076219334538,56.30196375502593,-6.765573101800594,1342.8571428571427,-1.0,91.08125636986937,0.22068106740687138,
2023-07-31 13:42:43.067000,-0.44578313253012053,7.578313253012048,-4.096385542168675,7.8994481912936845,0.034334763948497854,-3.602697731453096,3.0,0.22044622044622048,4536.2537764350445,52.63679272769652,44.31723093059845,-5.8953440941670054,1340.6593406593406,-1.0,91.08125636986937,0.22067627847856647,
2023-07-31 13:42:43.075000,-0.20481927710843376,7.542168674698796,-4.0,7.82832618025751,0.2740649908031882,-3.4064990803188224,3.0,0.22044622044622048,4536.2537764350445,53.15587669716217,36.01188741914807,-5.651069285006701,1345.054945054945,-1.0,91.08125636986937,0.22067149636048272,
2023-07-31 13:42:43.082000,0.08433734939759037,7.614457831325302,-3.7590361445783134,7.958307786633966,0.5708154506437768,-3.1489883507050886,3.0,0.22000222000222003,4545.4086781029255,54.77419730784919,26.592040090903794,-5.16251966668609,1350.9157509157508,-1.0,91.08125636986937,0.22066672271457136,
2023-07-31 13:42:43.090000,0.3373493975903615,7.457831325301205,-3.313253012048193,7.656652360515021,0.789086450030656,-2.582464745554874,3.0,0.22000222000222003,4545.4086781029255,55.568090437620185,15.798146961132803,-4.841908979663189,1358.2417582417581,-1.0,91.08125636986937,0.22066195901276725,
2023-07-31 13:42:43.098000,0.6024096385542169,7.253012048192772,-3.060240963855422,7.5438381361128135,1.071122011036174,-2.351931330472103,3.0,0.22044622044622048,4536.2537764350445,57.36961715517744,10.317230930598448,-4.82664180409067,1366.3003663003662,-1.0,91.08125636986937,0.2206572066493978,
2023-07-31 13:42:43.105000,0.8433734939759037,7.228915662650603,-2.9397590361445785,7.526670754138565,1.3310852237890864,-2.388718577559779,3.0,0.22000222000222003,4545.4086781029255,58.97267059029194,7.721811083270205,-5.14725249111357,1380.952380952381,-1.0,91.08125636986937,0.22065246720339346,
2023-07-31 13:42:43.113000,0.7951807228915663,7.301204819277109,-2.91566265060241,7.668914776210913,1.235438381361128,-2.400980993255671,3.0,0.22000222000222003,4545.4086781029255,57.90396830021561,6.13402482372822,-6.170153254472349,1392.6739926739926,-1.0,91.08125636986937,0.22064774201920462,
2023-07-31 13:42:43.121000,0.7710843373493976,7.048192771084338,-3.3734939759036147,7.315757204169221,1.2207234825260576,-2.9895769466584916,3.0,0.22000222000222003,4545.4086781029255,55.04900646815454,9.355398869529747,-7.574733407144104,1404.3956043956043,-1.0,91.08125636986937,0.22064303220372203,
2023-07-31 13:42:43.128000,0.9397590361445783,7.0120481927710845,-3.7228915662650603,7.183323114653587,1.2452483139178419,-3.28632740649908,3.0,0.22000222000222003,4545.4086781029255,58.10244158265836,21.46226909853738,-5.605267758289143,1414.6520146520145,-1.0,91.08125636986937,0.22063833875117073,
2023-07-31 13:42:43.136000,0.746987951807229,6.927710843373494,-3.9759036144578315,7.337829552421827,1.1814837522992028,-3.5806253832004904,3.0,0.22000222000222003,4545.4086781029255,55.995571353650725,27.217994289377078,-0.7197715750830365,1426.3736263736262,-1.0,91.08125636986937,0.22063366255079653,
2023-07-31 13:42:43.144000,0.6987951807228916,6.9397590361445785,-4.27710843373494,7.244635193133047,1.2673206621704476,-3.867565910484365,3.0,0.22044622044622048,4536.2537764350445,56.02610570479576,41.706543907697686,-1.0861837888234944,1440.2930402930401,-1.0,91.08125636986937,0.22062900451271356,
2023-07-31 13:42:43.151000,0.855421686746988,7.024096385542169,-4.674698795180723,7.288779889638258,1.4414469650521151,-4.318822808093194,3.0,0.22044622044622048,4536.2537764350445,57.79709807120798,54.759979022201506,-3.6358021094341813,1454.9450549450548,-1.0,91.08125636986937,0.2206243654279767,
2023-07-31 13:42:43.159000,0.9518072289156627,6.879518072289157,-5.0120481927710845,7.126916002452483,1.5248313917841814,-4.600858369098712,3.0,0.22000222000222003,4545.4086781029255,56.300914865101106,58.027154594720585,-5.452596002563952,1471.7948717948716,-1.0,91.08125636986937,0.22061974614880528,
2023-07-31 13:42:43.167000,1.0,6.783132530120482,-5.072289156626506,7.08522378908645,1.3776824034334763,-4.600858369098712,3.0,0.22044622044622048,4536.2537764350445,55.35434997960492,56.17982635044578,-5.360992949128837,1483.5164835164835,-1.0,91.08125636986937,0.22061514729070883,
2023-07-31 13:42:43.174000,1.0,6.734939759036145,-5.072289156626506,7.097486204782342,1.375229920294298,-4.5076640098099325,3.0,0.22000222000222003,4545.4086781029255,54.621525552124005,57.584406503117535,-3.3304585979837995,1492.3076923076922,-1.0,91.08125636986937,0.22061056937182646,
2023-07-31 13:42:43.182000,0.8795180722891567,6.783132530120482,-5.132530120481928,7.117106069895769,1.2501532801961985,-4.622930717351318,3.0,0.22000222000222003,4545.4086781029255,55.7360293689179,56.63784161762135,-0.9029776819532656,1497.4358974358972,-1.0,91.08125636986937,0.22060601295284604,
2023-07-31 13:42:43.190000,0.710843373493976,6.63855421686747,-5.156626506024097,6.884120171673819,1.164316370324954,-4.600858369098712,3.0,0.22000222000222003,4545.4086781029255,55.11007517044462,50.592040090903794,0.2115261348406276,1498.168498168498,-1.0,91.08125636986937,0.22060147833032018,
2023-07-31 13:42:43.197000,0.6867469879518072,6.626506024096386,-5.0361445783132535,6.911097486204782,1.1324340895156346,-4.443899448191293,3.0,0.22000222000222003,4545.4086781029255,54.78946448342172,43.41646757181982,0.16572460812307033,1495.2380952380952,-1.0,91.08125636986937,0.2205969656775127,
2023-07-31 13:42:43.205000,0.674698795180723,6.686746987951808,-4.9879518072289155,7.075413856529736,1.176578786020846,-4.5370938074800735,3.0,0.22044622044622048,4536.2537764350445,55.53755608647515,37.81341413670532,0.028320027970398585,1490.10989010989,-1.0,91.08125636986937,0.22059247504684037,
2023-07-31 13:42:43.213000,0.710843373493976,6.759036144578314,-5.132530120481928,7.026364193746168,1.2280809319435928,-4.738197424892704,3.0,0.22000222000222003,4545.4086781029255,54.42305226968126,32.16455917487326,0.287862012703223,1478.3882783882782,-1.0,91.08125636986937,0.22058800652193672,
2023-07-31 13:42:43.220000,0.8313253012048193,6.819277108433735,-5.19277108433735,7.087676272225628,1.3286327406499079,-4.873083997547517,3.0,0.22044622044622048,4536.2537764350445,51.98030417807821,29.385933220674787,-0.9029776819532656,1462.2710622710622,-1.0,91.08125636986937,0.22058356009331437,
2023-07-31 13:42:43.228000,0.9036144578313253,6.879518072289157,-5.144578313253012,7.153893316983446,1.4340895156345799,-4.706315144083384,3.0,0.22044622044622048,4536.2537764350445,48.97267059029195,31.17219276265952,-0.30755783462502123,1443.2234432234432,-1.0,91.08125636986937,0.2205791356520956,
2023-07-31 13:42:43.236000,0.8674698795180723,6.927710843373494,-5.325301204819278,7.220110361741263,1.446351931330472,-4.9368485591661555,3.0,0.22044622044622048,4536.2537764350445,48.46885379639881,34.36303245731601,-1.956412796457082,1420.5128205128203,-1.0,91.08125636986937,0.22057473315447212,
2023-07-31 13:42:43.243000,1.0602409638554218,7.072289156626506,-5.72289156626506,7.381974248927039,1.6057633353770693,-5.44206008583691,3.0,0.22044622044622048,4536.2537764350445,47.36961715517744,36.958452304644254,-3.1472524911135706,1396.3369963369962,-1.0,91.08125636986937,0.2205703524887243,
2023-07-31 13:42:43.251000,1.2289156626506024,7.048192771084338,-5.927710843373494,7.269160024524831,1.8877988963825874,-5.5744941753525445,3.0,0.22044622044622048,4536.2537764350445,43.82763242235301,35.11112406036944,-5.269389895693723,1372.8937728937728,-1.0,91.08125636986937,0.22056599348140177,
2023-07-31 13:42:43.259000,1.3975903614457832,6.91566265060241,-6.0843373493975905,7.156345800122624,1.9515634580012262,-5.6995708154506435,3.0,0.22044622044622048,4536.2537764350445,39.79709807120798,36.65310879319387,-6.704504399510517,1353.113553113553,-1.0,91.08125636986937,0.2205616557651338,
2023-07-31 13:42:43.266000,1.457831325301205,6.662650602409639,-6.19277108433735,6.842427958307786,1.9834457388105455,-5.792765174739423,3.0,0.22044622044622048,4536.2537764350445,39.79709807120798,36.65310879319387,-6.704504399510517,1336.9963369963368,-1.0,91.08125636986937,0.22055733894466548,
2023-07-31 13:42:43.274000,1.3975903614457832,6.481927710843374,-6.373493975903615,6.724708767627222,1.8559166155732678,-5.888412017167382,3.0,0.22044622044622048,4536.2537764350445,38.560456849833926,41.080589709224405,-6.368626536915097,1322.3443223443223,-1.0,91.08125636986937,0.2205530427316906,
2023-07-31 13:42:43.282000,1.2289156626506024,6.493975903614458,-6.46987951807229,6.812998160637645,1.787247087676272,-6.0478234212139785,3.0,0.22000222000222003,4545.4086781029255,39.629159139910264,43.217994289377074,-5.467863178136471,1309.1575091575091,-1.0,91.08125636986937,0.2205487668032487,
2023-07-31 13:42:43.289000,1.144578313253012,6.530120481927711,-6.63855421686747,6.754138565297363,1.662170447578173,-6.23175965665236,3.0,0.22044622044622048,4536.2537764350445,39.56809043762019,43.584406503117535,-5.040382262105937,1301.8315018315018,-1.0,91.08125636986937,0.2205445106603587,
2023-07-31 13:42:43.297000,1.0963855421686748,6.518072289156627,-6.927710843373494,6.7148988350705086,1.7063151440833844,-6.646229307173513,3.0,0.22044622044622048,4536.2537764350445,37.70549501777286,42.36303245731601,-5.360992949128837,1296.7032967032967,-1.0,91.08125636986937,0.22054027376355506,
2023-07-31 13:42:43.305000,1.180722891566265,6.433734939759036,-7.265060240963856,6.687921520539546,1.716125076640098,-6.967504598405886,3.0,0.22044622044622048,4536.2537764350445,35.40015150632248,37.11112406036944,-6.261756307907463,1293.7728937728937,-1.0,91.08125636986937,0.22053605570009405,
2023-07-31 13:42:43.312000,1.4337349397590362,6.301204819277109,-7.530120481927711,6.4696505211526665,2.0423053341508277,-7.104843654199877,3.0,0.22044622044622048,4536.2537764350445,32.3772507429637,28.14929199930074,-7.406794475846395,1292.3076923076922,-1.0,91.08125636986937,0.22053185605338957,
2023-07-31 13:42:43.320000,1.7590361445783134,6.1325301204819285,-7.674698795180723,6.351931330472103,2.4469650521152664,-7.2029429797670135,3.0,0.22089022089022092,4527.135678391959,29.873433949070566,17.706543907697686,-6.872443330808227,1293.040293040293,-1.0,91.08125636986937,0.22052767441126517,
2023-07-31 13:42:43.328000,2.108433734939759,6.048192771084338,-7.674698795180723,6.305334150827712,2.5867565910484362,-7.210300429184549,3.0,0.22133422133422131,4518.054162487462,30.19404463609347,0.8821164267816556,-8.170153254472348,1291.5750915750914,-1.0,91.08125636986937,0.2205235105235202,
2023-07-31 13:42:43.335000,2.036144578313253,6.024096385542169,-7.590361445783133,6.219497240956468,2.294911097486205,-7.161250766400981,3.0,0.22222222222222224,4500.0,28.13297593380339,-23.911776702989336,-6.261756307907463,1287.9120879120878,-1.0,91.08125636986937,0.22051936448134654,
2023-07-31 13:42:43.343000,1.6626506024096386,6.0,-7.289156626506024,6.224402207234825,1.8730839975475169,-6.687921520539546,3.0,0.22222222222222224,4500.0,26.65205990326904,-45.59116601596643,-1.1930540178311282,1286.4468864468863,-1.0,91.08125636986937,0.22051523690890906,
2023-07-31 13:42:43.351000,1.180722891566265,6.0361445783132535,-6.650602409638554,6.297976701410177,1.404659717964439,-6.209687308399754,3.0,0.2217782217782218,4509.009009009009,25.49175455975759,-51.37742555795116,3.7077093409474977,1288.6446886446886,-1.0,91.08125636986937,0.22051112887996813,
2023-07-31 13:42:43.358000,0.674698795180723,6.27710843373494,-6.566265060240964,6.609442060085836,0.9803801348865726,-6.234212139791539,3.0,0.22133422133422131,4518.054162487462,20.453586620826293,-53.37742555795116,10.043587203542918,1294.5054945054944,-1.0,91.08125636986937,0.2205070415062819,
2023-07-31 13:42:43.366000,0.4096385542168675,6.518072289156627,-6.421686746987952,6.901287553648069,0.923973022685469,-6.101778050275904,3.0,0.22133422133422131,4518.054162487462,13.354349979604919,-58.24765456558475,13.66190781422994,1301.8315018315018,-1.0,91.08125636986937,0.22050297578213388,
2023-07-31 13:42:43.374000,0.3734939759036145,6.819277108433735,-6.0361445783132535,7.210300429184549,1.1226241569589208,-5.716738197424893,3.0,0.22133422133422131,4518.054162487462,3.8428995979255305,-65.92704387856186,11.768778043237575,1313.5531135531135,-1.0,91.08125636986937,0.2204989327156318,
2023-07-31 13:42:43.381000,0.49397590361445787,7.1325301204819285,-6.1807228915662655,7.497240956468424,1.2477007970570202,-5.836909871244635,3.0,0.22089022089022092,4527.135678391959,-3.500611852456149,-56.81254006176796,3.600839111939864,1332.6007326007325,-1.0,91.08125636986937,0.22049491348033198,
2023-07-31 13:42:43.389000,0.6265060240963856,7.048192771084338,-6.63855421686747,7.205395462906192,1.2893930104230533,-6.339668914776211,3.0,0.22089022089022092,4527.135678391959,-6.294504982227141,-36.7667385350504,-5.880076918594487,1361.904761904762,-1.0,91.08125636986937,0.22049091927867895,
2023-07-31 13:42:43.397000,0.6506024096385542,6.686746987951808,-6.855421686746988,6.8326180257510725,1.0662170447578172,-6.359288779889638,3.0,0.22089022089022092,4527.135678391959,-7.851756890624087,-20.049181283142005,-8.612901346075402,1398.5347985347985,-1.0,91.08125636986937,0.2204869513326342,
2023-07-31 13:42:43.404000,0.5180722891566265,6.518072289156627,-6.662650602409639,6.7811158798283255,0.8798283261802574,-6.175352544451257,3.0,0.22089022089022092,4527.135678391959,-6.6151156692500415,-14.888875939630557,-6.399160888060135,1441.7582417582416,-1.0,91.08125636986937,0.22048301103292303,
2023-07-31 13:42:43.412000,0.3253012048192771,6.710843373493976,-6.46987951807229,7.139178418148375,0.894543225015328,-6.006131207847946,3.0,0.22044622044622048,4536.2537764350445,-5.867024066196607,-16.29345609230231,-4.948779208670822,1494.5054945054944,-1.0,91.08125636986937,0.2204790999489371,
2023-07-31 13:42:43.420000,0.24096385542168675,7.0120481927710845,-6.518072289156627,7.408951563458001,0.7572041692213366,-6.114040465971796,3.0,0.22044622044622048,4536.2537764350445,-6.9357263562729425,-17.28582250451605,-6.719771575083036,1554.5787545787546,-1.0,91.08125636986937,0.22047521968866465,
2023-07-31 13:42:43.427000,0.22891566265060243,7.19277108433735,-6.674698795180723,7.548743102391171,0.6958920907418761,-6.241569589209074,3.0,0.22000222000222003,4545.4086781029255,-8.126566050929432,-13.804906473981703,-5.956412796457082,1618.3150183150183,-1.0,91.08125636986937,0.22047137188528174,
2023-07-31 13:42:43.435000,0.30120481927710846,7.2771084337349405,-6.686746987951808,7.639484978540772,0.8430410790925812,-6.111587982832618,3.0,0.21955821955821958,4554.600606673407,-7.378474447875996,-10.552998077035138,-4.506031117067769,1677.6556776556774,-1.0,91.08125636986937,0.22046755819255068,
2023-07-31 13:42:43.442000,0.3855421686746988,7.337349397590362,-6.614457831325302,7.678724708767627,0.8503985285101164,-6.1066830165542605,3.0,0.22000222000222003,4545.4086781029255,-4.111298875356912,-10.980478993065672,-2.5670998193578454,1734.7985347985348,-1.0,91.08125636986937,0.22046378025724875,
2023-07-31 13:42:43.450000,0.44578313253012053,7.421686746987953,-6.674698795180723,7.737584304107909,0.90680564071122,-6.204782342121398,3.0,0.21955821955821958,4554.600606673407,-1.5616805547462251,-14.385059145737427,0.6390070508711619,1785.3479853479853,-1.0,91.08125636986937,0.2204600398282111,
2023-07-31 13:42:43.458000,0.4096385542168675,7.518072289156627,-6.710843373493976,7.904353157572041,0.6174126302881667,-6.194972409564684,3.0,0.21955821955821958,4554.600606673407,0.05664005594079761,-22.62933395489773,4.852747508886429,1826.3736263736262,-1.0,91.08125636986937,0.2204563386389716,
2023-07-31 13:42:43.465000,0.18072289156626506,7.698795180722892,-6.542168674698796,8.088289393010422,0.36971183323114654,-6.0110361741263025,3.0,0.21955821955821958,4554.600606673407,0.6062583765514846,-29.087349222073303,10.83748033331391,1855.6776556776556,-1.0,91.08125636986937,0.22045267839522426,
2023-07-31 13:42:43.473000,-0.060240963855421686,7.951807228915663,-6.253012048192772,8.353157572041692,0.325567136725935,-5.702023298589822,3.0,0.21955821955821958,4554.600606673407,2.8352660101392706,-26.873608764058037,16.058854379115434,1871.7948717948716,-1.0,91.08125636986937,0.22044906077047563,
2023-07-31 13:42:43.481000,-0.18072289156626506,8.168674698795181,-6.19277108433735,8.593500919681176,0.3500919681177192,-5.719190680564071,3.0,0.22000222000222003,4545.4086781029255,6.270380513956065,-14.904143115203077,17.61610628751238,1875.4578754578754,-1.0,91.08125636986937,0.22044548755917226,
2023-07-31 13:42:43.488000,-0.13253012048192772,8.433734939759036,-6.373493975903615,8.855916615573268,0.6002452483139178,-6.035561005518087,3.0,0.22000222000222003,4545.4086781029255,7.980304178078202,-4.064448458714527,15.066487966901695,1867.3992673992673,-1.0,91.08125636986937,0.22044196080720832,
2023-07-31 13:42:43.496000,0.20481927710843376,8.614457831325302,-6.506024096385542,8.94420600858369,1.0907418761496015,-6.050275904353157,3.0,0.22000222000222003,4545.4086781029255,7.827632422353011,4.943185129071732,7.9061826233902455,1849.8168498168498,-1.0,91.08125636986937,0.22043848283455209,
2023-07-31 13:42:43.504000,0.6987951807228916,8.518072289156628,-6.542168674698796,8.7725321888412,1.3408951563458,-6.074800735744941,3.0,0.22044622044622048,4536.2537764350445,8.423052269681255,15.279062991667152,1.6313734630849024,1821.9780219780218,-1.0,91.08125636986937,0.22043505621510878,
2023-07-31 13:42:43.511000,0.963855421686747,8.265060240963855,-6.626506024096386,8.480686695278969,1.546903740036787,-6.145922746781116,3.0,0.22044622044622048,4536.2537764350445,9.552823262047667,27.32486451838471,2.2573276615581848,1787.5457875457873,-1.0,91.08125636986937,0.22043168376653913,
2023-07-31 13:42:43.519000,1.036144578313253,8.132530120481928,-6.518072289156627,8.483139178418147,1.5640711220110362,-6.013488657265481,3.0,0.22044622044622048,4536.2537764350445,12.209311811665987,37.75234543441525,2.5321368218635283,1745.7875457875457,-1.0,91.08125636986937,0.22042836856061418,
2023-07-31 13:42:43.527000,0.9156626506024097,8.216867469879519,-6.614457831325302,8.581238503985285,1.3016554261189455,-6.202329858982219,3.0,0.22089022089022092,4527.135678391959,12.713128605559117,44.79051337334654,2.7611444554513147,1701.098901098901,-1.0,91.08125636986937,0.22042511377334784,
2023-07-31 13:42:43.534000,0.6506024096385542,8.25301204819277,-6.746987951807229,8.57388105456775,0.9411404046597179,-6.378908645003065,3.0,0.22089022089022092,4527.135678391959,11.308548452887361,48.74471184662898,5.249694073771925,1655.6776556776556,-1.0,91.08125636986937,0.22042192282212777,
2023-07-31 13:42:43.542000,0.3734939759036145,8.156626506024097,-6.9397590361445785,8.407112201103617,0.7915389331698344,-6.550582464745554,3.0,0.22089022089022092,4527.135678391959,10.560456849833926,47.85921566342288,7.3412971272070395,1610.2564102564102,-1.0,91.08125636986937,0.22041879937444558,
2023-07-31 13:42:43.550000,0.30120481927710846,7.963855421686747,-7.0843373493975905,8.255058246474555,0.7326793378295524,-6.643776824034334,3.0,0.22089022089022092,4527.135678391959,10.560456849833926,47.85921566342288,7.3412971272070395,1567.032967032967,-1.0,91.08125636986937,0.22041574719677343,
2023-07-31 13:42:43.557000,0.39759036144578314,7.819277108433735,-7.048192771084338,8.093194359288779,0.9779276517473942,-6.631514408338442,3.0,0.22133422133422131,4518.054162487462,10.377250742963698,42.94318512907173,8.119923081405513,1526.007326007326,-1.0,91.08125636986937,0.22041277014152913,
2023-07-31 13:42:43.565000,0.6506024096385542,7.698795180722892,-6.9397590361445785,7.943592887798896,1.2305334150827711,-6.484365419987737,3.0,0.22089022089022092,4527.135678391959,9.430685857467514,40.63784161762135,7.921449798962765,1491.5750915750914,-1.0,91.08125636986937,0.22040987228274714,
2023-07-31 13:42:43.573000,0.8795180722891567,7.662650602409639,-6.771084337349398,7.941140404659717,1.5395462906192519,-6.256284488044145,3.0,0.22089022089022092,4527.135678391959,9.6596934910553,42.10349047258318,6.3336635394207805,1461.5384615384614,-1.0,91.08125636986937,0.2204070576357726,
2023-07-31 13:42:43.580000,1.1686746987951808,7.698795180722892,-6.55421686746988,8.004904966278357,1.82158185162477,-6.0257510729613735,3.0,0.22089022089022092,4527.135678391959,9.52228891090263,46.759979022201506,3.4634345317871924,1435.164835164835,-1.0,91.08125636986937,0.22040433014287328,
2023-07-31 13:42:43.588000,1.313253012048193,7.662650602409639,-6.650602409638554,7.970570202329858,1.8117719190680563,-6.302881667688534,3.0,0.22000222000222003,4545.4086781029255,10.590991200978966,56.01188741914807,1.00541926461162,1410.2564102564102,-1.0,91.08125636986937,0.22040169392484682,
2023-07-31 13:42:43.596000,1.2771084337349399,7.433734939759036,-7.0843373493975905,7.686082158185162,1.6719803801348865,-6.702636419374617,3.0,0.22044622044622048,4536.2537764350445,10.453586620826293,67.14165841151447,2.150457432550551,1388.278388278388,-1.0,91.08125636986937,0.220399152818292,
2023-07-31 13:42:43.603000,1.1204819277108435,7.072289156626506,-7.265060240963856,7.249540159411404,1.6253832004904964,-6.7664009809932555,3.0,0.22089022089022092,4527.135678391959,10.209311811665987,68.89738360235417,5.6771749898024595,1368.4981684981683,-1.0,91.08125636986937,0.22039671060484206,
2023-07-31 13:42:43.611000,1.0481927710843375,6.855421686746988,-7.048192771084338,7.1367259350091965,1.6891477621091353,-6.45003065603924,3.0,0.22089022089022092,4527.135678391959,10.209311811665987,61.63020802983509,6.761144455451315,1350.18315018315,-1.0,91.08125636986937,0.22039437128214068,
2023-07-31 13:42:43.619000,1.0963855421686748,6.807228915662651,-6.879518072289157,7.072961373390558,1.6768853464132434,-6.3740036787247085,3.0,0.22089022089022092,4527.135678391959,12.163510284948432,58.94318512907173,5.417633005069635,1331.8681318681317,-1.0,91.08125636986937,0.22039213880205663,
2023-07-31 13:42:43.626000,1.1566265060240966,6.734939759036145,-6.72289156626506,7.001839362354383,1.6057633353770693,-6.219497240956468,3.0,0.22133422133422131,4518.054162487462,13.644426315482782,60.530971388613715,5.2191597226268875,1315.7509157509157,-1.0,91.08125636986937,0.22039001706528047,
2023-07-31 13:42:43.634000,1.2650602409638554,6.626506024096386,-6.493975903614458,6.8988350705088894,1.7553648068669527,-5.954629061925199,3.0,0.22133422133422131,4518.054162487462,12.98793776586446,58.22562787716333,5.875648272245208,1302.5641025641025,-1.0,91.08125636986937,0.2203880100548079,
2023-07-31 13:42:43.642000,1.2891566265060241,6.481927710843374,-6.27710843373494,6.629061925199264,1.7087676272225627,-5.719190680564071,3.0,0.22089022089022092,4527.135678391959,12.957403414719423,55.35539886952974,7.600839111939864,1291.5750915750914,-1.0,91.08125636986937,0.22038612198097735,
2023-07-31 13:42:43.649000,1.5060240963855422,6.253012048192772,-6.19277108433735,6.489270386266094,2.0815450643776825,-5.6701410177805025,3.0,0.22133422133422131,4518.054162487462,12.453586620826293,56.31723093059845,9.142823844764292,1284.9816849816848,-1.0,91.08125636986937,0.22038435682070828,
2023-07-31 13:42:43.657000,1.963855421686747,6.337349397590362,-5.891566265060241,6.656039239730227,2.5229920294297976,-5.444512568976088,3.0,0.22089022089022092,4527.135678391959,13.6596934910553,60.851582075636614,10.577938348581085,1285.7142857142856,-1.0,91.08125636986937,0.22038271830429207,
2023-07-31 13:42:43.665000,2.1566265060240966,6.409638554216868,-5.867469879518072,6.734518700183936,2.7388105456774983,-5.591661557326793,3.0,0.22089022089022092,4527.135678391959,10.713128605559119,63.14165841151447,12.623739875298643,1291.5750915750914,-1.0,91.08125636986937,0.22038121006176684,
2023-07-31 13:42:43.672000,2.289156626506024,6.421686746987952,-6.120481927710844,6.658491722869405,2.778050275904353,-5.805027590435316,3.0,0.22089022089022092,4527.135678391959,5.812365246780492,73.88975001456791,13.081755142474215,1300.3663003663003,-1.0,91.08125636986937,0.22037983545026005,
2023-07-31 13:42:43.680000,2.289156626506024,6.337349397590362,-6.481927710843374,6.599632127529123,2.7020232985898223,-6.12385039852851,3.0,0.22089022089022092,4527.135678391959,2.1940446360934693,85.34013169395722,14.929083386749024,1315.018315018315,-1.0,-1.0,0.22037859767980453,
2023-07-31 13:42:43.688000,2.036144578313253,6.253012048192772,-6.771084337349398,6.474555487431023,2.606376456161864,-6.347026364193746,3.0,0.22089022089022092,4527.135678391959,-1.0273294097080574,85.29433016723966,18.15045743255055,1331.8681318681317,-1.0,-1.0,0.22037749980106636,
2023-07-31 13:42:43.695000,1.7590361445783134,6.253012048192772,-6.867469879518072,6.535867565910484,2.275291232372777,-6.452483139178418,3.0,0.22089022089022092,4527.135678391959,-2.615115669250042,91.0042538313618,16.013052852397877,1353.113553113553,-1.0,-1.0,0.2203765446937954,
2023-07-31 13:42:43.703000,1.6265060240963856,6.228915662650603,-7.072289156626506,6.518700183936235,2.238503985285101,-6.71244635193133,3.0,0.22089022089022092,4527.135678391959,-3.8517568906240878,99.20272711380454,11.631373463084902,1378.7545787545787,-1.0,-1.0,0.22037573505605346,
2023-07-31 13:42:43.711000,1.6506024096385543,6.228915662650603,-7.1325301204819285,6.4696505211526665,2.3586756591048434,-6.663396689147762,3.0,0.22089022089022092,4527.135678391959,-3.7906881883340113,102.89738360235417,7.585571936367345,1404.3956043956043,-1.0,-1.0,0.22037507339427606,
2023-07-31 13:42:43.718000,1.8192771084337351,6.253012048192772,-7.1084337349397595,6.557939914163089,2.5352544451256898,-6.7516860821581846,3.0,0.22089022089022092,4527.135678391959,-4.64565002039508,99.8134141367053,3.8298467455276506,1433.6996336996335,-1.0,-1.0,0.22037456201420993,
2023-07-31 13:42:43.726000,1.9879518072289157,6.253012048192772,-7.1807228915662655,6.52605763335377,2.5524218270999386,-6.658491722869405,3.0,0.22089022089022092,4527.135678391959,-5.958627119631721,95.30959734281218,0.7916788065963527,1466.6666666666665,-1.0,-1.0,0.22037420301276991,
2023-07-31 13:42:43.734000,2.180722891566265,6.313253012048193,-6.879518072289157,6.562844880441447,2.9914163090128754,-6.327406499080318,3.0,0.22089022089022092,4527.135678391959,-6.767787424975233,88.75997902220149,0.5016024707184902,1500.3663003663003,-1.0,-1.0,0.22037399827085022,
2023-07-31 13:42:43.741000,2.4819277108433737,6.1807228915662655,-6.421686746987952,6.430410790925812,3.351931330472103,-5.763335377069282,3.0,0.22044622044622048,4536.2537764350445,-8.019695821921797,87.90501719014043,-3.5441990559990666,1531.8681318681317,-1.0,-1.0,0.22037394944711913,
2023-07-31 13:42:43.749000,2.927710843373494,6.204819277108434,-5.855421686746988,6.484365419987737,3.680564071122011,-5.113427345187001,3.0,0.22044622044622048,4536.2537764350445,-7.180001165433248,88.57677291533126,-10.96404638424334,1555.311355311355,-1.0,-1.0,0.22037405796227594,
2023-07-31 13:42:43.757000,3.433734939759036,6.337349397590362,-5.337349397590362,6.658491722869405,4.009196811771919,-4.6400980993255665,3.0,0.22044622044622048,4536.2537764350445,-7.180001165433248,89.55387215197248,-13.208321193403647,1572.161172161172,-1.0,-1.0,0.22037432481387262,
2023-07-31 13:42:43.764000,3.7228915662650603,6.590361445783133,-5.132530120481928,7.004291845493562,4.0925812385039855,-4.5370938074800735,3.0,0.22044622044622048,4536.2537764350445,-6.584581318105004,94.42410115960607,-9.48313035370899,1583.150183150183,-1.0,-1.0,0.22037475072137222,
2023-07-31 13:42:43.772000,3.698795180722892,6.91566265060241,-5.457831325301205,7.369711833231146,4.033721643163703,-5.066830165542612,3.0,0.22044622044622048,4536.2537764350445,-6.325039333372179,102.4393683351786,-3.0251150865334178,1587.5457875457873,-1.0,-1.0,0.22037533611214563,
2023-07-31 13:42:43.780000,3.4698795180722892,7.265060240963856,-6.156626506024097,7.708154506437768,3.800735744941753,-5.809932556713672,3.0,0.22044622044622048,4536.2537764350445,-5.897558417341645,105.50807062525493,3.6466406386574217,1586.8131868131868,-1.0,-1.0,0.2203760809905533,
2023-07-31 13:42:43.787000,3.036144578313253,7.46987951807229,-6.867469879518072,7.845493562231759,3.329858982219497,-6.423053341508277,3.0,0.22044622044622048,4536.2537764350445,-4.767787424975233,97.38593322067477,7.967251325680322,1580.2197802197802,-1.0,-1.0,0.22037698522335422,
2023-07-31 13:42:43.795000,2.397590361445783,7.542168674698796,-7.024096385542169,7.845493562231759,2.8050275904353157,-6.454935622317596,3.0,0.22133422133422131,4518.054162487462,-2.9815278829905,77.49280344968241,8.104655905832994,1570.6959706959706,-1.0,-1.0,0.22037804837881447,
2023-07-31 13:42:43.803000,1.8915662650602412,7.46987951807229,-6.614457831325302,7.793991416309012,2.402820355610055,-5.935009196811771,3.0,0.22133422133422131,4518.054162487462,-0.44717673795233215,58.69891031991143,5.402365829497116,1562.6373626373625,-1.0,-1.0,0.22037927003553978,
2023-07-31 13:42:43.810000,1.674698795180723,7.313253012048193,-6.27710843373494,7.614960147148988,2.233599019006744,-5.591661557326793,3.0,0.2217782217782218,4509.009009009009,1.8581667734980494,51.156925587087,1.0817551424742153,1553.113553113553,-1.0,-1.0,0.22038064995491827,
2023-07-31 13:42:43.818000,1.7228915662650603,7.253012048192772,-5.843373493975904,7.590435315757204,2.2507664009809933,-5.054567749846719,3.0,0.22133422133422131,4518.054162487462,4.942136239146905,41.23326146494959,-0.444962414777693,1543.5897435897434,-1.0,-1.0,0.2203821876701855,
2023-07-31 13:42:43.825000,1.8795180722891567,7.1807228915662655,-5.301204819277109,7.502145922746781,2.4347026364193747,-4.54199877375843,3.0,0.2217782217782218,4509.009009009009,4.942136239146905,41.23326146494959,-0.444962414777693,1526.007326007326,-1.0,-1.0,0.22038388252446944,
2023-07-31 13:42:43.833000,2.144578313253012,7.19277108433735,-4.975903614457832,7.509503372164316,2.64316370324954,-4.367872470876763,3.0,0.22133422133422131,4518.054162487462,7.476487384185072,34.86684925120914,0.31839636384826114,1501.098901098901,-1.0,-1.0,0.22038573379608337,
2023-07-31 13:42:43.841000,2.4698795180722892,7.289156626506024,-5.0602409638554215,7.703249540159411,2.9276517473942367,-4.492949110974862,3.0,0.22133422133422131,4518.054162487462,8.926869063574385,35.43173474739234,2.4710681195734523,1467.3992673992673,-1.0,-1.0,0.2203877404304734,
2023-07-31 13:42:43.848000,2.734939759036145,7.457831325301205,-5.289156626506024,7.845493562231759,3.246474555487431,-4.941753525444512,3.0,0.22133422133422131,4518.054162487462,12.163510284948432,34.958452304644254,5.997785676825361,1427.8388278388277,-1.0,-1.0,0.22038990104997078,
2023-07-31 13:42:43.856000,3.036144578313253,7.662650602409639,-5.650602409638554,8.004904966278357,3.550582464745555,-5.231146535867565,3.0,0.22133422133422131,4518.054162487462,12.34671639181866,39.06532253365189,9.753510867665055,1383.150183150183,-1.0,-1.0,0.2203922142307482,
2023-07-31 13:42:43.864000,3.313253012048193,7.795180722891566,-6.0120481927710845,8.0907418761496,3.952789699570815,-5.657878602084611,3.0,0.22133422133422131,4518.054162487462,11.82763242235301,47.92028436571295,13.493968882932231,1337.7289377289376,-1.0,-1.0,0.22039467836510002,
2023-07-31 13:42:43.871000,3.5421686746987953,7.795180722891566,-6.385542168674699,8.20110361741263,4.261802575107296,-6.052728387492336,3.0,0.22133422133422131,4518.054162487462,12.132975933803392,52.332498106170966,15.631373463084902,1293.7728937728937,-1.0,-1.0,0.22039729167373323,
2023-07-31 13:42:43.879000,3.698795180722892,7.746987951807229,-6.421686746987952,8.073574494175352,4.335377069282648,-5.976701410177805,3.0,0.22133422133422131,4518.054162487462,9.369617155177439,50.97371948021677,13.631373463084902,1254.9450549450548,-1.0,-1.0,0.2204000522187044,
2023-07-31 13:42:43.887000,3.6746987951807233,7.566265060240965,-6.481927710843374,7.789086450030656,4.266707541385653,-5.949724095646842,3.0,0.22133422133422131,4518.054162487462,5.308548452887362,41.35539886952975,10.959617737894062,1219.047619047619,-1.0,-1.0,0.2204029579169274,
2023-07-31 13:42:43.894000,3.626506024096386,7.325301204819278,-6.493975903614458,7.526670754138565,4.168608215818516,-6.067443286327406,3.0,0.22133422133422131,4518.054162487462,4.697861429986599,36.40883398403356,8.65427422644368,1188.278388278388,-1.0,-1.0,0.2204060065541742,
2023-07-31 13:42:43.902000,3.6385542168674703,7.1084337349397595,-6.662650602409639,7.374616799509503,4.217657878602084,-6.236664622930717,3.0,0.22133422133422131,4518.054162487462,4.68259425441408,39.61494085426257,8.532136821863528,1163.3699633699632,-1.0,-1.0,0.22040919579948498,
2023-07-31 13:42:43.910000,3.8192771084337354,6.987951807228916,-6.9397590361445785,7.28632740649908,4.482526057633353,-6.528510116492948,3.0,0.2217782217782218,4509.009009009009,3.8887011246430876,41.584406503117535,9.555037585222307,1145.054945054945,-1.0,-1.0,0.22041252321990604,
2023-07-31 13:42:43.917000,4.0843373493975905,7.0120481927710845,-7.072289156626506,7.313304721030042,4.7743715511955855,-6.6781115879828326,3.0,0.2217782217782218,4509.009009009009,1.5528232620476679,40.65310879319387,10.959617737894062,1134.7985347985348,-1.0,-1.0,0.22041598644476015,
2023-07-31 13:42:43.925000,4.265060240963856,7.0361445783132535,-6.771084337349398,7.354996934396076,4.95340282035561,-6.256284488044145,3.0,0.2217782217782218,4509.009009009009,-3.500611852456149,35.98135306800303,10.806945982168871,1129.6703296703297,-1.0,-1.0,0.22041958306390314,
2023-07-31 13:42:43.933000,4.27710843373494,7.048192771084338,-6.1084337349397595,7.357449417535254,5.029429797670141,-5.459227467811158,3.0,0.22222222222222224,4500.0,-8.660917195967599,33.8744828389954,9.69244216537498,1131.135531135531,-1.0,-1.0,0.22042331052623387,
2023-07-31 13:42:43.940000,4.228915662650603,7.060240963855422,-5.27710843373494,7.305947271612507,4.896995708154506,-4.6327406499080315,3.0,0.22222222222222224,4500.0,-11.561680554746225,38.0424217702931,5.555037585222307,1136.2637362637363,-1.0,-1.0,0.22042716645401955,
2023-07-31 13:42:43.948000,4.19277108433735,7.048192771084338,-5.096385542168675,7.34763948497854,4.622317596566523,-4.63519313304721,3.0,0.2217782217782218,4509.009009009009,-12.935726356272943,48.0424217702931,2.1199230814055134,1145.7875457875457,-1.0,-1.0,0.2204311486807675,
2023-07-31 13:42:43.956000,4.096385542168675,6.975903614457832,-5.096385542168675,7.27161250766401,4.502145922746781,-4.5665236051502145,3.0,0.22222222222222224,4500.0,-14.30977215779966,62.4393683351786,1.3412971272070398,1156.0439560439559,-1.0,-1.0,0.22043525498102173,
2023-07-31 13:42:43.963000,3.963855421686747,6.963855421686747,-4.650602409638554,7.251992642550582,4.455548743102391,-3.9092581238503983,3.0,0.22222222222222224,4500.0,-16.81358895169279,75.50807062525493,2.623739875298643,1165.5677655677655,-1.0,-1.0,0.22043948321585952,
2023-07-31 13:42:43.971000,3.927710843373494,6.91566265060241,-4.819277108433735,7.198038013488657,4.541385652973635,-4.191293684855917,3.0,0.22222222222222224,4500.0,-13.744886661616453,85.14165841151447,3.2344268981994064,1174.3589743589744,-1.0,-1.0,0.22044383164877962,
2023-07-31 13:42:43.979000,4.072289156626506,6.891566265060241,-5.903614457831326,7.269160024524831,4.641937461679951,-5.7069282648681785,3.0,0.22222222222222224,4500.0,-8.004428646349279,89.35539886952974,3.4176330050696353,1178.7545787545787,-1.0,-1.0,0.22044829880459318,
2023-07-31 13:42:43.986000,4.0120481927710845,6.879518072289157,-6.614457831325302,7.134273451870018,4.4408338442673205,-6.038013488657265,3.0,0.22222222222222224,4500.0,-6.523512615814927,79.66074238098012,4.318396363848262,1184.6153846153845,-1.0,-1.0,0.2204528833393384,
2023-07-31 13:42:43.994000,3.5662650602409642,6.698795180722892,-6.0361445783132535,6.881667688534641,3.903740036787247,-5.216431637032495,3.0,0.22266622266622269,4491.026919242273,-7.5006118524561485,59.034788182506844,6.471068119573452,1188.278388278388,-1.0,-1.0,0.2204575840590571,
2023-07-31 13:42:44.002000,3.1204819277108435,6.46987951807229,-5.216867469879518,6.732066217044758,3.521152667075414,-4.397302268546904,3.0,0.22311022311022313,4482.0895522388055,-5.088398111998133,45.66074238098013,8.944350562321544,1194.1391941391942,-1.0,-1.0,0.22046240008730594,
2023-07-31 13:42:44.009000,3.1204819277108435,6.445783132530121,-5.216867469879518,6.7664009809932555,3.6854690374003676,-4.674432863274065,3.0,0.22311022311022313,4482.0895522388055,-1.6380164326088207,43.00425383136181,9.768778043237575,1199.2673992673992,-1.0,-1.0,0.22046733105385946,
2023-07-31 13:42:44.017000,3.4819277108433737,6.602409638554217,-4.867469879518072,6.974862047823421,4.124463519313305,-4.1961986511342735,3.0,0.22266622266622269,4491.026919242273,-0.4777110890973703,38.454635510751125,11.784045218810093,1205.8608058608058,-1.0,-1.0,0.22047237699625113,
2023-07-31 13:42:44.025000,3.91566265060241,6.891566265060241,-4.9397590361445785,7.251992642550582,4.602697731453096,-4.365419987737584,3.0,0.22266622266622269,4491.026919242273,-0.6914515471126375,27.584406503117535,13.890915447817726,1218.3150183150183,-1.0,-1.0,0.22047753809108936,
2023-07-31 13:42:44.032000,4.240963855421687,6.951807228915663,-4.879518072289157,7.261802575107295,4.95340282035561,-4.282035561005518,3.0,0.22266622266622269,4491.026919242273,-1.0425965852805763,19.217994289377078,12.471068119573452,1238.095238095238,-1.0,-1.0,0.22048281451210558,
2023-07-31 13:42:44.040000,4.55421686746988,6.855421686746988,-4.771084337349397,7.063151440833844,5.333537706928265,-4.2158185162477,3.0,0.22266622266622269,4491.026919242273,-3.118932463143172,23.034788182506848,9.448167356214674,1262.2710622710622,-1.0,-1.0,0.22048820660545257,
2023-07-31 13:42:44.048000,4.891566265060241,6.614457831325302,-4.819277108433735,6.793378295524218,5.618025751072961,-4.309012875536481,3.0,0.22266622266622269,4491.026919242273,-2.8899248295553854,29.034788182506848,6.959617737894063,1293.040293040293,-1.0,-1.0,0.22049371505273163,
2023-07-31 13:42:44.055000,4.9879518072289155,6.36144578313253,-5.096385542168675,6.663396689147762,5.399754751686082,-4.43408951563458,3.0,0.22311022311022313,4482.0895522388055,-2.5540469669599655,33.767612609987765,9.234426898199406,1331.135531135531,-1.0,-1.0,0.22049934102241414,
2023-07-31 13:42:44.063000,4.63855421686747,6.313253012048193,-5.63855421686747,6.643776824034334,4.955855303494788,-5.054567749846719,3.0,0.22311022311022313,4482.0895522388055,1.934502651360645,32.34776528174349,15.02068644018414,1380.2197802197802,-1.0,-1.0,0.2205050863102491,
2023-07-31 13:42:44.071000,4.0602409638554215,6.493975903614458,-5.975903614457832,6.80564071122011,4.450643776824034,-5.3635806253832,3.0,0.22311022311022313,4482.0895522388055,7.278014101742324,29.065322533651884,18.79167880659635,1434.4322344322343,-1.0,-1.0,0.22051095322334352,
2023-07-31 13:42:44.078000,3.6867469879518073,6.746987951807229,-5.807228915662651,7.1735131820968725,4.249540159411404,-5.005518087063151,3.0,0.22355422355422358,4473.187686196623,11.415418681894996,27.508070625254938,17.99778567682536,1496.7032967032967,-1.0,-1.0,0.2205169444529942,
2023-07-31 13:42:44.086000,3.771084337349398,7.060240963855422,-5.493975903614458,7.521765787860208,4.39423666462293,-4.8706315144083385,3.0,0.22355422355422358,4473.187686196623,12.255113338383545,20.622574442048833,16.013052852397877,1562.6373626373625,-1.0,-1.0,0.22052306323403348,
2023-07-31 13:42:44.094000,4.144578313253012,7.385542168674699,-5.493975903614458,7.8479460453709375,4.727774371551195,-5.030042918454935,3.0,0.22355422355422358,4473.187686196623,11.644426315482782,8.897383602354175,17.875648272245204,1627.8388278388277,-1.0,-1.0,0.22052931337511986,
2023-07-31 13:42:44.101000,4.27710843373494,7.638554216867471,-4.120481927710844,8.026977314530962,4.710606989576946,-2.768853464132434,3.0,0.22355422355422358,4473.187686196623,11.644426315482782,8.897383602354175,17.875648272245204,1687.9120879120878,-1.0,-1.0,0.22053569912834922,
2023-07-31 13:42:44.109000,4.409638554216868,7.9397590361445785,-8.024096385542169,8.203556100551808,5.515021459227468,-9.601471489883506,3.0,0.22399822399822403,4464.321110009911,9.323815628459881,1.2637958160946328,21.478701707359708,1743.5897435897434,-1.0,-1.0,0.22054222519596078,
2023-07-31 13:42:44.117000,5.578313253012048,7.698795180722892,-5.096385542168675,7.960760269773145,6.59656652360515,-4.122624156958921,3.0,0.22444222444222442,4455.489614243324,16.224578987238505,-15.850708000699258,22.33366353942078,1793.4065934065932,-1.0,-1.0,0.22054889688458532,
2023-07-31 13:42:44.124000,7.156626506024097,6.963855421686747,-6.301204819277109,7.026364193746168,8.055793991416309,-6.160637645616186,3.0,0.2248862248862249,4446.692991115498,-10.172367577646988,46.36303245731601,19.097022318046733,1832.9670329670328,-1.0,-1.0,0.22055572027952278,
2023-07-31 13:42:44.132000,7.746987951807229,6.1807228915662655,-6.156626506024097,6.18516247700797,8.50214592274678,-5.037400367872471,3.0,0.2248862248862249,4446.692991115498,-9.210535516578286,51.73707825884272,19.829846745527647,1857.142857142857,-1.0,-1.0,0.22056270228002609,
2023-07-31 13:42:44.140000,7.301204819277109,5.867469879518072,-4.795180722891566,6.126302881667688,8.22501532801962,-3.7007970570202326,3.0,0.2248862248862249,4446.692991115498,-8.29450498222714,15.050055358079366,17.753510867665053,1868.8644688644688,-1.0,-1.0,0.2205698504851499,
2023-07-31 13:42:44.147000,6.951807228915663,5.759036144578314,-5.289156626506024,6.0919681177191904,7.614347026364193,-4.730839975475169,3.0,0.22444222444222442,4455.489614243324,-2.065497348639355,30.378299632888528,5.463434531787192,1867.3992673992673,-1.0,-1.0,0.2205771730576875,
2023-07-31 13:42:44.155000,6.265060240963856,5.91566265060241,-5.349397590361446,6.280809319435929,6.559779276517474,-4.6106683016554255,3.0,0.22399822399822403,4464.321110009911,7.522288910902629,27.767612609987765,-0.9487792086708228,1854.212454212454,-1.0,-1.0,0.22058467857593872,
2023-07-31 13:42:44.163000,5.36144578313253,6.325301204819278,-5.048192771084338,6.80564071122011,5.723482526057633,-4.29429797670141,3.0,0.22355422355422358,4473.187686196623,7.110075170444614,29.64547520540761,0.2573276615581848,1830.7692307692307,-1.0,-1.0,0.22059237586189148,
2023-07-31 13:42:44.170000,4.566265060240964,6.614457831325302,-5.0120481927710845,6.999386879215205,5.051502145922747,-4.389944819129369,3.0,0.22355422355422358,4473.187686196623,9.949769826933164,34.74471184662898,0.8985490356039864,1794.8717948717947,-1.0,-1.0,0.2206002739446671,
2023-07-31 13:42:44.178000,4.120481927710844,6.795180722891566,-4.72289156626506,7.117106069895769,4.713059472716125,-4.073574494175352,3.0,0.22399822399822403,4464.321110009911,11.53755608647515,30.851582075636617,-4.139618903327311,1748.7179487179485,-1.0,-1.0,0.22060838203075772,
2023-07-31 13:42:44.186000,4.132530120481928,6.759036144578314,-4.746987951807229,7.028816676885346,4.725321888412017,-4.176578786020846,3.0,0.22399822399822403,4464.321110009911,10.071907231513316,21.84394848785036,-8.887710506380746,1690.8424908424906,-1.0,-1.0,0.22061670980056033,
2023-07-31 13:42:44.193000,4.63855421686747,6.55421686746988,-4.867469879518072,6.835070508890251,5.252605763335377,-4.375229920294298,3.0,0.22399822399822403,4464.321110009911,9.69022784220034,13.126391235941961,-8.429695239205174,1622.7106227106226,-1.0,-1.0,0.220625267702551,
2023-07-31 13:42:44.201000,5.457831325301205,6.433734939759036,-4.819277108433735,6.71244635193133,6.10116492949111,-4.2403433476394845,3.0,0.22355422355422358,4473.187686196623,7.797098071207973,9.126391235941961,-3.5289318804265477,1551.6483516483515,-1.0,-1.0,0.22063406677770891,
2023-07-31 13:42:44.208000,6.0361445783132535,6.457831325301205,-4.662650602409639,6.820355610055181,6.574494175352544,-4.026977314530963,3.0,0.22355422355422358,4473.187686196623,5.262746926169805,12.225627877163335,4.257327661558185,1482.051282051282,-1.0,-1.0,0.2206431184823056,
2023-07-31 13:42:44.216000,6.0361445783132535,6.746987951807229,-4.819277108433735,7.1955855303494785,6.613733905579399,-4.103004291845493,3.0,0.22355422355422358,4473.187686196623,7.5070217353301105,22.286696579453412,10.623739875298643,1419.047619047619,-1.0,-1.0,0.2206524344870858,
2023-07-31 13:42:44.224000,5.530120481927711,7.240963855421687,-5.0602409638554215,7.732679337829552,6.123237277743716,-4.416922133660331,3.0,0.22355422355422358,4473.187686196623,13.965037002505683,36.46990268632364,11.00541926461162,1366.3003663003662,-1.0,-1.0,0.2206620266644494,
2023-07-31 13:42:44.231000,4.855421686746988,7.903614457831326,-5.457831325301205,8.483139178418147,5.483139178418148,-5.11587982832618,3.0,0.22355422355422358,4473.187686196623,18.01083852922324,45.905017190140434,3.906182623390246,1318.6813186813185,-1.0,-1.0,0.22067190707221135,
2023-07-31 13:42:44.239000,4.204819277108434,8.481927710843374,-6.0,8.907418761496015,4.698344573881054,-5.721643163703249,3.0,0.22399822399822403,4464.321110009911,17.552823262047667,42.16455917487326,-4.628168521647922,1279.8534798534797,-1.0,-1.0,0.22068208808333725,
2023-07-31 13:42:44.247000,3.325301204819277,8.602409638554217,-5.746987951807229,8.907418761496015,3.582464745554874,-5.3366033108522375,3.0,0.22399822399822403,4464.321110009911,10.132975933803392,22.95845230464425,-7.437328826991433,1246.153846153846,-1.0,-1.0,0.2206925826308861,
2023-07-31 13:42:44.254000,2.4457831325301207,8.204819277108435,-4.927710843373494,8.358062538320048,2.6701410177805025,-4.48068669527897,3.0,0.22399822399822403,4464.321110009911,-1.9128255929141642,7.981353068003029,-6.765573101800594,1220.5128205128203,-1.0,-1.0,0.22070340404631275,
2023-07-31 13:42:44.262000,2.313253012048193,7.590361445783133,-4.493975903614458,7.681177191906805,2.743715511955855,-4.031882280809319,3.0,0.22444222444222442,4455.489614243324,-12.508245440242408,7.019521006934327,-4.017481498747158,1200.7326007326008,-1.0,-1.0,0.22071456588568253,
2023-07-31 13:42:44.270000,3.253012048192771,6.927710843373494,-5.168674698795181,7.065603923973022,3.8203556100551808,-4.792152053954629,3.0,0.22444222444222442,4455.489614243324,-16.84412330283783,8.729444671056465,2.5168696462910094,1189.0109890109889,-1.0,-1.0,0.2207260820417515,
2023-07-31 13:42:44.277000,4.433734939759036,6.409638554216868,-5.19277108433735,6.57265481299816,5.1741263028816675,-4.5959534028203555,3.0,0.2248862248862249,4446.692991115498,-15.439543150166072,12.195093526018296,11.722976516520017,1182.4175824175823,-1.0,-1.0,0.22073796672654009,
2023-07-31 13:42:44.285000,5.445783132530121,6.144578313253012,-5.0843373493975905,6.413243408951563,6.3439607602697725,-4.291845493562231,3.0,0.22444222444222442,4455.489614243324,-14.660917195967599,19.859215663422876,16.83748033331391,1183.150183150183,-1.0,-1.0,0.22075023444227487,
2023-07-31 13:42:44.293000,6.072289156626506,6.0120481927710845,-4.855421686746988,6.256284488044145,7.0331085223789085,-4.100551808706315,3.0,0.22444222444222442,4455.489614243324,-10.935726356272943,31.599673678690053,14.822213157741391,1189.7435897435896,-1.0,-1.0,0.2207628998126755,
2023-07-31 13:42:44.300000,6.481927710843374,5.963855421686747,-4.759036144578314,6.248927038626609,7.297976701410177,-3.9926425505824645,3.0,0.22444222444222442,4455.489614243324,-3.9891614707767595,44.1950935260183,9.127556669191772,1200.7326007326008,-1.0,-1.0,0.22077597738114646,
2023-07-31 13:42:44.308000,6.63855421686747,6.024096385542169,-4.72289156626506,6.349478847332924,7.23175965665236,-4.07602697731453,3.0,0.22444222444222442,4455.489614243324,1.0184721170095,50.30196375502593,6.379465066138337,1211.7216117216117,-1.0,-1.0,0.22078948170538726,
2023-07-31 13:42:44.316000,6.337349397590362,6.096385542168675,-4.879518072289157,6.4402207234825255,6.871244635193133,-4.372777437155119,3.0,0.22444222444222442,4455.489614243324,4.01083852922324,53.38593322067479,5.875648272245208,1224.9084249084249,-1.0,-1.0,0.22080342731192565,
2023-07-31 13:42:44.323000,5.819277108433735,6.1807228915662655,-5.0120481927710845,6.508890251379522,6.282648681790312,-4.380134886572654,3.0,0.22444222444222442,4455.489614243324,4.835266010139271,51.69127673212517,4.623739875298643,1236.6300366300366,-1.0,-1.0,0.22081782864946004,
2023-07-31 13:42:44.331000,5.253012048192772,6.313253012048193,-4.83132530120482,6.633966891477621,5.794604537093807,-4.2182709993868786,3.0,0.22444222444222442,4455.489614243324,4.560456849833927,41.8744828389954,2.226793310413147,1250.5494505494505,-1.0,-1.0,0.2208327000411606,
2023-07-31 13:42:44.339000,4.807228915662651,6.481927710843374,-4.578313253012048,6.835070508890251,5.3408951563458,-3.9215205395462904,3.0,0.22399822399822403,4464.321110009911,5.491754559757592,30.897383602354175,-0.2922906590525022,1263.003663003663,-1.0,-1.0,0.22084805563607995,
2023-07-31 13:42:44.346000,4.734939759036145,6.650602409638554,-4.253012048192772,7.097486204782342,5.237890864500306,-3.504598405885959,3.0,0.22444222444222442,4455.489614243324,6.987937765864461,29.279062991667153,-1.177786842258609,1279.8534798534797,-1.0,-1.0,0.22086390921054327,
2023-07-31 13:42:44.354000,5.228915662650603,6.795180722891566,-4.0602409638554215,7.190680564071122,5.9000613120784795,-3.337829552421827,3.0,0.22399822399822403,4464.321110009911,8.743662956704156,27.355398869529747,2.272594837130704,1299.6336996336995,-1.0,-1.0,0.22088027424568768,
2023-07-31 13:42:44.362000,5.975903614457832,6.843373493975904,-4.240963855421687,7.210300429184549,6.64316370324954,-3.7057020232985898,3.0,0.22444222444222442,4455.489614243324,10.209311811665987,22.225627877163337,7.188625371481849,1319.4139194139193,-1.0,-1.0,0.22089716402558882,
2023-07-31 13:42:44.369000,6.433734939759036,6.867469879518072,-4.144578313253012,7.178418148375229,7.13856529736358,-3.4408338442673205,3.0,0.22444222444222442,4455.489614243324,10.01083852922324,21.01952100693433,9.15809102033681,1336.263736263736,-1.0,-1.0,0.22091459141613876,
2023-07-31 13:42:44.377000,6.409638554216868,6.9397590361445785,-4.253012048192772,7.227467811158798,7.126302881667688,-3.6689147762109133,3.0,0.22444222444222442,4455.489614243324,10.01083852922324,21.01952100693433,9.15809102033681,1350.18315018315,-1.0,-1.0,0.220932568845684,
2023-07-31 13:42:44.385000,5.987951807228916,7.048192771084338,-4.867469879518072,7.389331698344574,6.606376456161864,-4.377682403433476,3.0,0.22444222444222442,4455.489614243324,12.285647689528583,28.408833984033564,6.577938348581085,1361.1721611721612,-1.0,-1.0,0.22095110826467101,
2023-07-31 13:42:44.392000,5.301204819277109,7.373493975903615,-5.626506024096386,7.590435315757204,5.730839975475169,-4.679337829552422,3.0,0.22444222444222442,4455.489614243324,17.629159139910264,30.98898665578929,0.2573276615581848,1371.4285714285713,-1.0,-1.0,0.22097022109510656,
2023-07-31 13:42:44.400000,4.662650602409639,8.963855421686748,-4.879518072289157,9.542611894543224,5.48068669527897,-5.493562231759657,3.0,0.2248862248862249,4446.692991115498,18.026105704795757,21.202727113804556,-6.918244857525784,1375.8241758241757,-1.0,-1.0,0.22098991818057961,
2023-07-31 13:42:44.408000,4.0602409638554215,8.060240963855422,-5.626506024096386,7.9141630901287545,4.075413856529736,-4.980993255671367,3.0,0.22577422577422576,4429.203539823009,-59.83648971505156,-19.713303420546588,-43.177786842258605,1375.8241758241757,-1.0,-1.0,0.22101020988633224,
2023-07-31 13:42:44.415000,4.240963855421687,6.795180722891566,-5.746987951807229,6.859595340282035,5.230533415082771,-4.43408951563458,3.0,0.22577422577422576,4429.203539823009,-57.18000116543324,-14.705669832760329,-38.56709981935784,1371.4285714285713,-1.0,-1.0,0.22103110637144857,
2023-07-31 13:42:44.423000,4.951807228915663,6.63855421686747,-4.385542168674699,6.925812385039852,5.645003065603924,-3.9435928877988964,3.0,0.22577422577422576,4429.203539823009,-44.950993531845455,-22.98047899306567,-37.13198531554105,1364.102564102564,-1.0,-1.0,0.22105261744841675,
2023-07-31 13:42:44.431000,5.710843373493976,6.674698795180723,-5.313253012048193,6.957694665849172,6.233599019006744,-4.649908031882281,3.0,0.22577422577422576,4429.203539823009,-48.141833226501944,-23.10261639764582,-38.689237223937994,1349.4505494505493,-1.0,-1.0,0.2210747522650846,
2023-07-31 13:42:44.438000,6.096385542168675,6.843373493975904,-4.710843373493976,7.080318822808093,6.2777437155119555,-3.877375843041079,3.0,0.2248862248862249,4446.692991115498,-42.55404696695996,-8.278188916729794,-28.429695239205174,1321.6117216117216,-1.0,-1.0,0.2210975192661866,
2023-07-31 13:42:44.446000,6.1807228915662655,6.807228915662651,-4.698795180722891,7.119558553034947,6.290006131207847,-3.948497854077253,3.0,0.2248862248862249,4446.692991115498,-39.98916147077676,-3.0262805197832296,-11.81900821630441,1279.120879120879,-1.0,-1.0,0.22112092599725874,
2023-07-31 13:42:44.454000,5.457831325301205,6.91566265060241,-4.674698795180723,7.281422440220723,5.6327406499080315,-4.053954629061925,3.0,0.2248862248862249,4446.692991115498,-34.462443913524844,-4.476662199172543,3.524503234077269,1223.4432234432234,-1.0,-1.0,0.22114497900663407,
2023-07-31 13:42:44.461000,4.783132530120482,6.807228915662651,-4.590361445783133,7.072961373390558,5.304107909258123,-3.8798283261802573,3.0,0.2248862248862249,4446.692991115498,-30.81358895169279,-0.24765456558475654,11.432900180642154,1159.7069597069597,-1.0,-1.0,0.22116968394020334,
2023-07-31 13:42:44.469000,4.409638554216868,6.72289156626506,-4.433734939759036,6.952789699570815,5.1373390557939915,-3.683629675045984,3.0,0.22444222444222442,4455.489614243324,-26.492978264669887,-2.2171202144397184,9.921449798962765,1090.8424908424909,-1.0,-1.0,0.2211950455100324,
2023-07-31 13:42:44.477000,4.46987951807229,6.734939759036145,-4.289156626506024,7.036174126302881,5.259963212752912,-3.578172900061312,3.0,0.22444222444222442,4455.489614243324,-22.706718722685157,-7.575898840393917,3.127556669191773,1021.2454212454212,-1.0,-1.0,0.22122106731586808,
2023-07-31 13:42:44.484000,4.819277108433735,6.855421686746988,-4.253012048192772,7.234825260576333,5.414469650521152,-3.595340282035561,3.0,0.2248862248862249,4446.692991115498,-19.714352310471416,-12.583532428180176,-1.742672338441815,953.113553113553,-1.0,-1.0,0.22124775179636394,
2023-07-31 13:42:44.492000,5.168674698795181,6.975903614457832,-4.156626506024097,7.303494788473329,5.703862660944206,-3.4898835070508887,3.0,0.22444222444222442,4455.489614243324,-16.9815278829905,-20.110249985432084,-1.208321193403647,888.6446886446886,-1.0,-1.0,0.22127510035220224,
2023-07-31 13:42:44.500000,5.72289156626506,7.36144578313253,-3.771084337349398,7.9362354383813605,6.530349478847333,-3.266707541385653,3.0,0.22399822399822403,4464.321110009911,-15.699085134898896,-26.965211817493152,1.4634345317871924,828.5714285714286,-1.0,-1.0,0.22130311321521434,
2023-07-31 13:42:44.507000,5.457831325301205,7.228915662650603,-4.686746987951808,6.911097486204782,6.150214592274677,-3.9239730226854688,3.0,0.22399822399822403,4464.321110009911,-16.752520249402714,-18.232387390012235,-1.7732066895868532,775.091575091575,-1.0,-1.0,0.2213317892667372,
2023-07-31 13:42:44.515000,5.325301204819278,6.493975903614458,-4.506024096385542,6.746781115879828,5.15450643776824,-4.169221336603311,3.0,0.22444222444222442,4455.489614243324,-6.218169104364546,-10.049181283142008,-10.246489132334945,728.9377289377289,-1.0,-1.0,0.22136112627344265,
2023-07-31 13:42:44.523000,5.265060240963856,6.759036144578314,-4.433734939759036,7.377069282648681,6.827099938687921,-3.561005518087063,3.0,0.22444222444222442,4455.489614243324,-12.279237806654622,-22.79727288619544,9.32602995163452,693.040293040293,-1.0,-1.0,0.22139112099758118,
2023-07-31 13:42:44.530000,5.024096385542169,6.9397590361445785,-4.614457831325302,7.377069282648681,5.831391784181483,-4.1741263028816675,3.0,0.22444222444222442,4455.489614243324,-9.088398111998133,-19.377425557951167,0.34893071499329936,668.131868131868,-1.0,-1.0,0.22142176907527616,
2023-07-31 13:42:44.538000,5.0,7.253012048192772,-4.891566265060241,7.8479460453709375,5.6327406499080315,-4.309012875536481,3.0,0.2248862248862249,4446.692991115498,-11.760153837188973,-16.751471359477883,4.043587203542918,651.2820512820513,-1.0,-1.0,0.2214530650153667,
2023-07-31 13:42:44.546000,5.096385542168675,7.156626506024097,-4.855421686746988,7.646842427958307,6.098712446351931,-4.1961986511342735,3.0,0.22444222444222442,4455.489614243324,-10.46244391352485,-11.66750189382903,3.50923605850475,646.8864468864468,-1.0,-1.0,0.221485002340034,
2023-07-31 13:42:44.553000,5.301204819277109,7.2048192771084345,-4.674698795180723,7.605150214592275,6.196811771919068,-4.012262415695892,3.0,0.2248862248862249,4446.692991115498,-10.187634753219507,-2.6293339548977337,0.654274226443681,652.0146520146519,-1.0,-1.0,0.22151757359054405,
2023-07-31 13:42:44.561000,5.0120481927710845,6.759036144578314,-4.746987951807229,6.830165542611894,5.284488044144696,-4.230533415082771,3.0,0.22444222444222442,4455.489614243324,-11.332672921158439,-3.621700367111474,7.356564302779558,666.6666666666666,-1.0,-1.0,0.22155077015601457,
2023-07-31 13:42:44.569000,4.698795180722891,7.1807228915662655,-4.506024096385542,7.825873697118332,5.679337829552422,-3.744941753525444,3.0,0.2248862248862249,4446.692991115498,-12.889924829555385,-8.446127848027505,12.83748033331391,686.4468864468864,-1.0,-1.0,0.2215845821580097,
2023-07-31 13:42:44.576000,4.819277108433735,7.9397590361445785,-4.132530120481928,8.605763335377068,6.007970570202329,-3.5511955855303494,3.0,0.22444222444222442,4455.489614243324,-12.767787424975232,-6.644601130470252,-1.0861837888234944,711.3553113553113,-1.0,-1.0,0.2216189985940343,
2023-07-31 13:42:44.584000,5.325301204819278,7.36144578313253,-4.265060240963856,7.291232372777436,5.5370938074800735,-3.808706315144083,3.0,0.22444222444222442,4455.489614243324,-14.630382844822561,-11.102616397645825,-6.704504399510517,733.3333333333333,-1.0,-1.0,0.22165400735606364,
2023-07-31 13:42:44.591000,5.590361445783133,6.927710843373494,-4.228915662650603,7.0999386879215205,6.096259963212753,-3.649294911097486,3.0,0.22444222444222442,4455.489614243324,-15.790688188334011,-21.698036244974066,0.8680146844589481,755.3113553113552,-1.0,-1.0,0.22168959508195984,
2023-07-31 13:42:44.599000,5.301204819277109,6.83132530120482,-4.337349397590362,7.926425505824647,6.005518087063151,-3.6468424279583074,3.0,0.22444222444222442,4455.489614243324,-17.943359944059203,-40.90414311520308,14.65427422644368,777.2893772893773,-1.0,-1.0,0.2217257473078993,
2023-07-31 13:42:44.607000,4.951807228915663,7.506024096385542,-4.265060240963856,8.392397302268547,6.380748007357449,-3.5413856529736356,3.0,0.22444222444222442,4455.489614243324,-18.14183322650195,-46.2018530388672,10.959617737894062,800.0,-1.0,-1.0,0.22176244848514795,
2023-07-31 13:42:44.614000,4.903614457831326,7.746987951807229,-4.409638554216868,7.973022685469037,5.228080931943593,-4.115266707541386,3.0,0.22444222444222442,4455.489614243324,-18.78305460054775,-35.51483013810384,-5.254122720121204,820.5128205128204,-1.0,-1.0,0.221799681999897,
2023-07-31 13:42:44.622000,5.0602409638554215,7.024096385542169,-4.698795180722891,7.4996934396076025,5.684242795830778,-3.9313304721030042,3.0,0.22444222444222442,4455.489614243324,-17.92809276848668,-31.927043878561854,1.3107627760620015,837.3626373626373,-1.0,-1.0,0.22183743033484696,
2023-07-31 13:42:44.630000,4.9397590361445785,7.1084337349397595,-4.614457831325302,7.681177191906805,5.676885346413243,-3.7106069895769465,3.0,0.2248862248862249,4446.692991115498,-11.836489715051568,-22.736204183905365,-2.0174814987471583,854.9450549450548,-1.0,-1.0,0.22187567507460346,
2023-07-31 13:42:44.637000,4.72289156626506,7.048192771084338,-4.265060240963856,7.764561618638871,5.598405885959534,-3.5193133047210297,3.0,0.22444222444222442,4455.489614243324,-9.821222539479049,-14.766738535050404,1.8451139211001695,869.5970695970695,-1.0,-1.0,0.2219143967968656,
2023-07-31 13:42:44.645000,4.855421686746988,7.0361445783132535,-4.325301204819278,7.0705088902513795,5.230533415082771,-3.695892090741876,3.0,0.22444222444222442,4455.489614243324,-5.546413379173706,-3.392692733523688,-5.467863178136471,879.8534798534798,-1.0,-1.0,0.22195357513665243,
2023-07-31 13:42:44.653000,4.807228915662651,7.072289156626506,-4.132530120481928,7.558553034947884,5.510116492949111,-3.354996934396076,3.0,0.22444222444222442,4455.489614243324,-5.546413379173706,-3.392692733523688,-5.467863178136471,887.9120879120878,-1.0,-1.0,0.22199318878998212,
2023-07-31 13:42:44.660000,4.63855421686747,7.072289156626506,-3.91566265060241,6.933169834457388,4.816063764561618,-3.3868792152053953,3.0,0.22399822399822403,4464.321110009911,-2.1571004020744695,3.8286813122778387,-1.696870811724258,892.3076923076923,-1.0,-1.0,0.22203321554109048,
2023-07-31 13:42:44.668000,4.72289156626506,7.36144578313253,-3.734939759036145,7.749846719803801,5.228080931943593,-3.0705088902513795,3.0,0.22444222444222442,4455.489614243324,0.010838529223240355,3.9202843657129534,-4.933512033098303,897.4358974358973,-1.0,-1.0,0.22207363215316628,
2023-07-31 13:42:44.676000,4.975903614457832,7.325301204819278,-3.8313253012048194,7.713059472716124,5.532188841201717,-3.173513182096873,3.0,0.22399822399822403,4464.321110009911,-0.18763475321950773,1.6149408542625716,-7.880076918594487,898.9010989010989,-1.0,-1.0,0.22211441453794206,
2023-07-31 13:42:44.683000,5.120481927710844,7.481927710843374,-3.891566265060241,7.664009809932557,5.564071122011036,-3.3059472716125073,3.0,0.22444222444222442,4455.489614243324,-0.7983217761202711,-1.240020977798497,-9.406794475846395,897.4358974358973,-1.0,-1.0,0.22215553767077814,
2023-07-31 13:42:44.691000,5.1807228915662655,7.542168674698796,-3.9397590361445785,8.154506437768239,6.06928264868179,-3.2789699570815447,3.0,0.22444222444222442,4455.489614243324,-0.8288561272653092,0.42410115960608313,-10.338092185770059,895.9706959706959,-1.0,-1.0,0.2221969756456061,
2023-07-31 13:42:44.699000,5.373493975903615,6.891566265060241,-4.228915662650603,6.80564071122011,5.443899448191293,-3.624770079705702,3.0,0.22355422355422358,4473.187686196623,-0.1418332265019505,9.30959734281219,-11.360992949128837,895.2380952380952,-1.0,-1.0,0.2222387021682609,
2023-07-31 13:42:44.706000,5.024096385542169,7.55421686746988,-4.120481927710844,8.333537706928265,5.546903740036787,-3.421213979153893,3.0,0.22399822399822403,4464.321110009911,3.3085484528873623,10.729444671056465,-3.177786842258609,898.9010989010989,-1.0,-1.0,0.22228069000800837,
2023-07-31 13:42:44.714000,4.951807228915663,7.325301204819278,-4.240963855421687,7.629675045984058,5.529736358062538,-3.654199877375843,3.0,0.22355422355422358,4473.187686196623,5.430685857467515,17.18745993823204,-4.414428063632655,906.2271062271062,-1.0,-1.0,0.22232291116390235,
2023-07-31 13:42:44.722000,4.9156626506024095,7.433734939759036,-4.337349397590362,7.578172900061312,5.409564684242795,-3.8528510116492947,3.0,0.22311022311022313,4482.0895522388055,6.667327078841561,15.431734747392342,-4.872443330808227,915.7509157509157,-1.0,-1.0,0.2223653371914318,
2023-07-31 13:42:44.729000,4.9156626506024095,7.734939759036145,-4.27710843373494,8.196198651134273,5.568976088289393,-3.7866339668914772,3.0,0.22311022311022313,4482.0895522388055,5.690227842200339,9.874482838995396,-3.620534933861662,925.2747252747253,-1.0,-1.0,0.2224079387949773,
2023-07-31 13:42:44.737000,4.951807228915663,8.048192771084338,-4.421686746987952,8.618025751072961,5.671980380134887,-3.997547516860821,3.0,0.22355422355422358,4473.187686196623,2.7589301322766753,5.431734747392342,-6.964046384243342,931.8681318681319,-1.0,-1.0,0.22245068599554485,
2023-07-31 13:42:44.745000,5.27710843373494,7.120481927710844,-4.819277108433735,7.4702636419374615,5.767627222562845,-4.2624156958920905,3.0,0.22311022311022313,4482.0895522388055,-1.9433599440592024,4.927917953499213,-10.64343569722044,938.4615384615385,-1.0,-1.0,0.22249354832979135,
2023-07-31 13:42:44.752000,5.301204819277109,7.2048192771084345,-4.602409638554217,7.389331698344574,5.931943592887799,-4.07602697731453,3.0,0.22311022311022313,4482.0895522388055,-2.1723675776469884,2.576772915331274,-3.605267758289143,945.7875457875457,-1.0,-1.0,0.22253649493170308,
2023-07-31 13:42:44.760000,5.0843373493975905,7.927710843373494,-4.36144578313253,8.566523605150214,5.576333537706928,-3.8283261802575104,3.0,0.22311022311022313,4482.0895522388055,-4.294504982227141,1.6454752054076098,-0.8724433308082273,955.3113553113552,-1.0,-1.0,0.22257949441261565,
2023-07-31 13:42:44.768000,4.9397590361445785,8.289156626506024,-4.216867469879518,8.446351931330472,5.532188841201717,-3.806253832004905,3.0,0.22311022311022313,4482.0895522388055,-9.210535516578286,1.492803449682419,-3.8495425674494483,974.3589743589743,-1.0,-1.0,0.22262251492153298,
2023-07-31 13:42:44.775000,5.0602409638554215,7.807228915662651,-4.349397590361446,8.083384426732065,5.512568976088289,-3.6811771919068055,3.0,0.22355422355422358,4473.187686196623,-14.9815278829905,-1.1484179243633825,-7.1014509643960135,999.9999999999999,-1.0,-1.0,0.22266552434350353,
2023-07-31 13:42:44.783000,5.409638554216868,6.951807228915663,-4.204819277108434,7.367259350091968,5.927038626609442,-3.595340282035561,3.0,0.22355422355422358,4473.187686196623,-17.332672921158437,-7.621700367111473,-4.292290659052502,1032.2344322344322,-1.0,-1.0,0.22270849049798894,
2023-07-31 13:42:44.791000,5.493975903614458,7.048192771084338,-4.1807228915662655,7.381974248927039,5.789699570815451,-3.6713672593500917,3.0,0.22311022311022313,4482.0895522388055,-19.332672921158437,-16.82780723734048,2.8985490356039865,1068.8644688644688,-1.0,-1.0,0.22275138120971413,
2023-07-31 13:42:44.798000,5.096385542168675,7.530120481927711,-4.132530120481928,7.938687921520539,5.5665236051502145,-3.548743102391171,3.0,0.22311022311022313,4482.0895522388055,-21.210535516578286,-24.659868306042767,10.593205524153605,1111.3553113553112,-1.0,-1.0,0.22279416407109512,
2023-07-31 13:42:44.806000,4.963855421686747,7.662650602409639,-4.240963855421687,7.958307786633966,5.5591661557326795,-3.6909871244635193,3.0,0.22311022311022313,4482.0895522388055,-22.676184371540117,-32.06444845871452,12.532136821863528,1156.0439560439559,-1.0,-1.0,0.2228368064707458,
2023-07-31 13:42:44.814000,4.819277108433735,7.662650602409639,-4.36144578313253,8.017167381974248,5.328632740649907,-3.7351318209687308,3.0,0.22266622266622269,4491.026919242273,-22.767787424975232,-34.38505914573742,12.440533768428413,1202.9304029304028,-1.0,-1.0,0.22287927578074482,
2023-07-31 13:42:44.821000,4.662650602409639,7.638554216867471,-4.457831325301205,7.9656652360515015,5.272225628448804,-3.816063764561618,3.0,0.22266622266622269,4491.026919242273,-21.561680554746225,-30.32399044344735,10.532136821863528,1250.5494505494505,-1.0,-1.0,0.22292153939416487,
2023-07-31 13:42:44.829000,4.602409638554217,7.506024096385542,-4.397590361445784,7.8847332924586135,5.2403433476394845,-3.708154506437768,3.0,0.22311022311022313,4482.0895522388055,-18.63038284482256,-21.36215838237865,7.616106287512383,1295.2380952380952,-1.0,-1.0,0.22296356459162428,
2023-07-31 13:42:44.837000,4.698795180722891,7.638554216867471,-4.36144578313253,7.958307786633966,5.485591661557327,-3.708154506437768,3.0,0.22311022311022313,4482.0895522388055,-15.271604218868362,-10.629333954897733,3.0664879669016964,1333.3333333333333,-1.0,-1.0,0.22300531874700516,
2023-07-31 13:42:44.844000,5.0843373493975905,7.951807228915663,-3.963855421686747,8.551808706315144,5.88289393010423,-3.3182096873083995,3.0,0.22311022311022313,4482.0895522388055,-14.340306508944698,-4.812540061767963,-1.5136647048540288,1361.904761904762,-1.0,-1.0,0.22304676954288613,
2023-07-31 13:42:44.852000,5.686746987951808,8.0,-3.963855421686747,8.269773145309626,6.290006131207847,-3.320662170447578,3.0,0.22311022311022313,4482.0895522388055,-17.13419963871569,-7.68276906940155,-4.567099819357845,1383.150183150183,-1.0,-1.0,0.22308788487687076,
2023-07-31 13:42:44.860000,5.72289156626506,7.879518072289157,-3.9759036144578315,8.176578786020846,6.184549356223176,-3.3795217657878602,3.0,0.22355422355422358,4473.187686196623,-17.668550783753858,-10.614066779325213,-1.7732066895868532,1396.3369963369962,-1.0,-1.0,0.22312863276719436,
2023-07-31 13:42:44.867000,5.445783132530121,7.674698795180723,-4.024096385542169,7.872470876762722,5.801961986511342,-3.315757204169221,3.0,0.22355422355422358,4473.187686196623,-17.180001165433247,-12.156051512149642,1.219159722626887,1405.128205128205,-1.0,-1.0,0.22316898142724112,
2023-07-31 13:42:44.875000,5.156626506024097,7.506024096385542,-4.0361445783132535,7.784181483752299,5.63519313304721,-3.3108522378908645,3.0,0.22355422355422358,4473.187686196623,-14.783054600547752,-13.148417924363383,2.3641978905658187,1406.5934065934066,-1.0,-1.0,0.22320889922109588,
2023-07-31 13:42:44.883000,4.9879518072289155,7.313253012048193,-4.096385542168675,7.637032495401594,5.397302268546904,-3.421213979153893,3.0,0.22355422355422358,4473.187686196623,-11.286871394440881,-9.896509527416818,3.4939688829322306,1406.5934065934066,-1.0,-1.0,0.22324835475611246,
2023-07-31 13:42:44.890000,4.55421686746988,7.072289156626506,-4.168674698795181,7.237277743715511,5.017167381974248,-3.5168608215818513,3.0,0.22355422355422358,4473.187686196623,-7.180001165433248,1.3706660451022663,4.913816211176505,1400.7326007326005,-1.0,-1.0,0.22328731735864873,
2023-07-31 13:42:44.898000,4.048192771084338,6.746987951807229,-4.289156626506024,6.928264868179031,4.526670754138565,-3.6223175965665235,3.0,0.22355422355422358,4473.187686196623,-2.64565002039508,15.82868131227784,2.791678806596353,1391.9413919413919,-1.0,-1.0,0.22332575723093306,
2023-07-31 13:42:44.906000,3.9397590361445785,6.566265060240964,-4.048192771084338,6.901287553648069,4.546290619251993,-3.320662170447578,3.0,0.22355422355422358,4473.187686196623,1.613891964337744,24.45463551075112,-2.5212982926402883,1377.2893772893772,-1.0,-1.0,0.22336364532125458,
2023-07-31 13:42:44.913000,4.265060240963856,6.590361445783133,-3.91566265060241,6.960147148988351,4.850398528510116,-3.2299202942979766,3.0,0.22355422355422358,4473.187686196623,4.972670590291942,23.080589709224405,-2.796107452945632,1359.7069597069597,-1.0,-1.0,0.22340095321565487,
2023-07-31 13:42:44.921000,4.506024096385542,6.662650602409639,-3.855421686746988,6.996934396076027,5.034334763948498,-3.0950337216431634,3.0,0.22311022311022313,4482.0895522388055,7.949769826933164,17.99662024357555,-0.21595478118990674,1339.194139194139,-1.0,-1.0,0.2234376533172404,
2023-07-31 13:42:44.929000,4.686746987951808,6.783132530120482,-3.5662650602409642,7.126916002452483,5.335990190067443,-2.781115879828326,3.0,0.22355422355422358,4473.187686196623,7.949769826933164,17.99662024357555,-0.21595478118990674,1315.018315018315,-1.0,-1.0,0.22347371871659075,
2023-07-31 13:42:44.936000,4.867469879518072,6.951807228915663,-3.530120481927711,7.318209687308399,5.458614347026364,-2.9675045984058857,3.0,0.22355422355422358,4473.187686196623,9.629159139910263,6.439368335178602,0.6695414020162,1289.3772893772893,-1.0,-1.0,0.22350912321072355,
2023-07-31 13:42:44.944000,4.903614457831326,7.048192771084338,-3.6144578313253013,7.335377069282648,5.490496627835683,-2.9601471489883506,3.0,0.22311022311022313,4482.0895522388055,10.590991200978966,-5.972845405279413,0.5168696462910093,1264.4688644688645,-1.0,-1.0,0.22354384150207118,
2023-07-31 13:42:44.952000,4.807228915662651,7.0361445783132535,-3.5783132530120483,7.303494788473329,5.451256897608829,-3.0165542611894542,3.0,0.22311022311022313,4482.0895522388055,10.300914865101102,-12.171318687722161,-1.2693898956937235,1237.3626373626373,-1.0,-1.0,0.2235778490881724,
2023-07-31 13:42:44.959000,4.662650602409639,6.963855421686747,-3.7590361445783134,7.323114653586757,5.2992029429797665,-3.13182096873084,3.0,0.22311022311022313,4482.0895522388055,8.438319445253775,-14.323990443447352,-4.093817376609754,1211.7216117216117,-1.0,-1.0,0.22361112225747234,
2023-07-31 13:42:44.967000,4.578313253012048,6.963855421686747,-3.771084337349398,7.25444512568976,5.1667688534641325,-3.2814224402207235,3.0,0.22266622266622269,4491.026919242273,8.697861429986599,-13.881242351844298,-8.261756307907463,1185.3479853479853,-1.0,-1.0,0.22364363825420028,
2023-07-31 13:42:44.974000,4.457831325301205,7.072289156626506,-4.0,7.516860821581851,5.100551808706315,-3.507050889025138,3.0,0.22311022311022313,4482.0895522388055,7.766563720062934,-10.552998077035138,-12.017481498747157,1158.2417582417581,-1.0,-1.0,0.2236753752826705,
2023-07-31 13:42:44.982000,4.325301204819278,7.289156626506024,-4.156626506024097,7.698344573881054,5.120171673819742,-3.666462293071735,3.0,0.22355422355422358,4473.187686196623,6.972670590291942,-4.476662199172543,-17.284657071266242,1134.065934065934,-1.0,-1.0,0.22370631236129454,
2023-07-31 13:42:44.990000,4.542168674698796,7.506024096385542,-4.289156626506024,7.931330472103004,5.353157572041692,-3.889638258736971,3.0,0.22355422355422358,4473.187686196623,5.415418681894996,0.5462385641862358,-25.3304585979838,1109.89010989011,-1.0,-1.0,0.22373642967520185,
2023-07-31 13:42:44.997000,4.795180722891566,7.698795180722892,-4.518072289156627,8.051502145922747,5.2992029429797665,-4.026977314530963,3.0,0.22355422355422358,4473.187686196623,2.4841209719713317,5.431734747392342,-32.38389371248761,1087.9120879120878,-1.0,-1.0,0.22376570861933331,
2023-07-31 13:42:45.005000,4.879518072289157,7.698795180722892,-4.72289156626506,8.031882280809318,5.387492335990189,-4.223175965665236,3.0,0.22355422355422358,4473.187686196623,-0.2792378066546222,12.210360701590815,-33.5747334071441,1072.5274725274724,-1.0,-1.0,0.22379413154258093,
2023-07-31 13:42:45.013000,4.759036144578314,7.578313253012048,-4.83132530120482,7.904353157572041,5.2109135499693435,-4.1814837522992025,3.0,0.22399822399822403,4464.321110009911,0.010838529223240355,20.882116426781657,-32.2922906590525,1065.9340659340658,-1.0,-1.0,0.22382168177806175,
2023-07-31 13:42:45.020000,4.349397590361446,6.63855421686747,-5.1084337349397595,6.0698957694665845,3.55793991416309,-4.667075413856529,3.0,0.22355422355422358,4473.187686196623,2.51465532311637,26.50043703746868,-29.803741040731893,1065.2014652014652,-1.0,-1.0,0.22384834368198375,
2023-07-31 13:42:45.028000,2.771084337349398,4.662650602409639,-5.289156626506024,4.718577559779276,2.083997547516861,-4.740649908031882,3.0,0.22355422355422358,4473.187686196623,5.049006468154538,18.622574442048833,-8.093817376609753,1071.062271062271,-1.0,-1.0,0.2238741025529414,
2023-07-31 13:42:45.036000,1.710843373493976,5.530120481927711,-5.204819277108434,6.430410790925812,2.7314530962599632,-4.6253832004904964,3.0,0.22311022311022313,4482.0895522388055,0.9879377658644617,5.569139327545014,15.707709340947495,1083.5164835164835,-1.0,-1.0,0.22389894464528343,
2023-07-31 13:42:45.043000,2.1566265060240966,7.1084337349397595,-5.072289156626506,7.779276517473942,3.447578172900061,-4.77498467198038,3.0,0.22266622266622269,4491.026919242273,2.9726705902919424,-4.995746168638192,-3.177786842258609,1104.7619047619046,-1.0,-1.0,0.22392285704116652,
2023-07-31 13:42:45.051000,3.0481927710843375,7.795180722891566,-4.975903614457832,8.196198651134273,3.903740036787247,-4.539546290619252,3.0,0.22222222222222224,4500.0,-0.615115669250042,-11.331624031233611,-12.918244857525783,1131.135531135531,-1.0,-1.0,0.22394582751923275,
2023-07-31 13:42:45.059000,3.771084337349398,7.855421686746988,-4.975903614457832,7.9068056407112195,4.058246474555487,-4.2158185162477,3.0,0.22133422133422131,4518.054162487462,-4.202901928792027,-14.232387390012237,-14.902977681953265,1164.8351648351647,-1.0,-1.0,0.22396784468606096,
2023-07-31 13:42:45.066000,4.55421686746988,7.662650602409639,-4.698795180722891,7.830778663396689,4.985285101164929,-3.8405885959534025,3.0,0.22222222222222224,4500.0,-3.2258026921508054,-14.904143115203077,-20.65870287279296,1200.7326007326008,-1.0,-1.0,0.22398889766668564,
2023-07-31 13:42:45.074000,4.927710843373494,7.55421686746988,-4.204819277108434,7.963212752912323,5.6621704475781724,-3.396689147762109,3.0,0.22266622266622269,4491.026919242273,-2.447176737952332,-23.82017364955422,-18.154886078899832,1240.2930402930401,-1.0,-1.0,0.22400897652575727,
2023-07-31 13:42:45.082000,5.313253012048193,7.674698795180723,-4.1084337349397595,8.174126302881668,5.708767627222563,-3.3353770692826483,3.0,0.22266622266622269,4491.026919242273,-2.1723675776469884,-32.15605151214964,-19.528931880426548,1279.8534798534797,-1.0,-1.0,0.22402807288761883,
2023-07-31 13:42:45.089000,5.493975903614458,7.867469879518072,-4.0602409638554215,8.328632740649908,6.30226854690374,-3.3697118332311464,3.0,0.22266622266622269,4491.026919242273,1.7970980712079732,-45.39269273352368,-15.971679972029602,1317.216117216117,-1.0,-1.0,0.2240461796818612,
2023-07-31 13:42:45.097000,5.698795180722892,8.060240963855422,-3.9036144578313254,8.296750459840588,6.341508277130594,-3.1980380134886572,3.0,0.22266622266622269,4491.026919242273,4.407785094108736,-50.30872326787483,-17.17778684225861,1351.6483516483515,-1.0,-1.0,0.22406329086666152,
2023-07-31 13:42:45.105000,5.734939759036145,8.048192771084338,-3.9036144578313254,8.313917841814837,5.9368485591661555,-3.173513182096873,3.0,0.22222222222222224,4500.0,8.285647689528583,-52.1255171610046,-19.16251966668609,1383.150183150183,-1.0,-1.0,0.22407940158694112,
2023-07-31 13:42:45.112000,5.493975903614458,7.807228915662651,-3.987951807228916,8.259963212752911,5.5076640098099325,-3.1686082158185163,3.0,0.22222222222222224,4500.0,10.926869063574385,-62.07971563428704,-8.124351727754792,1413.9194139194137,-1.0,-1.0,0.22409450814992826,
2023-07-31 13:42:45.120000,5.240963855421687,7.734939759036145,-3.7831325301204823,8.149601471489882,5.637645616186388,-2.839975475168608,3.0,0.22222222222222224,4500.0,16.65205990326904,-69.92704387856186,-4.628168521647922,1438.095238095238,-1.0,-1.0,0.2241086078496726,
2023-07-31 13:42:45.128000,5.289156626506024,7.987951807228916,-3.4698795180722892,8.438994481912937,6.265481299816064,-2.741876149601471,3.0,0.22266622266622269,4491.026919242273,19.094807994872095,-75.77437212283667,-7.391527300273876,1460.07326007326,-1.0,-1.0,0.22412169937556034,
2023-07-31 13:42:45.135000,5.289156626506024,8.144578313253012,-3.5903614457831328,8.571428571428571,5.725935009196811,-3.1293684855916615,3.0,0.22266622266622269,4491.026919242273,18.19404463609347,-75.9575782297069,-12.215954781189906,1476.1904761904761,-1.0,-1.0,0.22413378277247967,
2023-07-31 13:42:45.143000,5.120481927710844,8.084337349397591,-3.891566265060241,8.424279583077865,5.426732066217045,-3.607602697731453,3.0,0.22266622266622269,4491.026919242273,11.67496066662782,-67.77437212283667,-10.231221956762425,1487.9120879120878,-1.0,-1.0,0.2241448590368706,
2023-07-31 13:42:45.151000,4.819277108433735,7.879518072289157,-4.096385542168675,8.215818516247701,5.2697731453096255,-3.6591048436541995,3.0,0.22266622266622269,4491.026919242273,6.865800361284308,-57.85070800069926,-5.5594662315715855,1494.5054945054944,-1.0,-1.0,0.2241549301369616,
2023-07-31 13:42:45.158000,4.457831325301205,7.626506024096386,-4.325301204819278,7.931330472103004,4.639484978540772,-3.8332311465358675,3.0,0.22266622266622269,4491.026919242273,4.819998834566752,-46.79727288619544,-4.506031117067769,1499.6336996336995,-1.0,-1.0,0.22416399914829638,
2023-07-31 13:42:45.166000,3.987951807228916,7.674698795180723,-4.530120481927711,8.044144696505212,4.730226854690374,-4.103004291845493,3.0,0.22266622266622269,4491.026919242273,2.7436629567041564,-39.94231105413437,0.6084726997261237,1505.4945054945053,-1.0,-1.0,0.2241720700996771,
2023-07-31 13:42:45.174000,3.5783132530120483,7.698795180722892,-4.819277108433735,7.955855303494788,4.08522378908645,-4.267320662170447,3.0,0.22266622266622269,4491.026919242273,5.216945399452248,-31.499562962531318,-0.9182448575257846,1509.1575091575091,-1.0,-1.0,0.2241791479767417,
2023-07-31 13:42:45.181000,3.421686746987952,7.518072289156627,-4.975903614457832,8.022072348252605,3.982219497240956,-4.564071122011036,3.0,0.22266622266622269,4491.026919242273,8.529922498688888,-23.33162403123361,2.4710681195734523,1510.6227106227104,-1.0,-1.0,0.224185238990452,
2023-07-31 13:42:45.189000,3.457831325301205,7.578313253012048,-5.0361445783132535,7.8749233599019,3.9969343960760266,-4.492949110974862,3.0,0.22266622266622269,4491.026919242273,11.201678223879728,-12.217120214439717,2.623739875298643,1514.2857142857142,-1.0,-1.0,0.2241903503972055,
2023-07-31 13:42:45.197000,3.6385542168674703,7.493975903614459,-5.0602409638554215,7.762109135499693,4.090128755364806,-4.41937461679951,3.0,0.22266622266622269,4491.026919242273,14.316182040673622,-7.972845405279413,6.7916788065963525,1520.14652014652,-1.0,-1.0,0.2241944904880478,
2023-07-31 13:42:45.204000,3.9036144578313254,7.530120481927711,-4.867469879518072,7.8749233599019,4.342734518700183,-3.9386879215205393,3.0,0.22266622266622269,4491.026919242273,14.316182040673622,-7.972845405279413,6.7916788065963525,1526.007326007326,-1.0,-1.0,0.2241976686943476,
2023-07-31 13:42:45.212000,4.325301204819278,7.638554216867471,-4.759036144578314,7.943592887798896,4.754751686082158,-3.995095033721643,3.0,0.22266622266622269,4491.026919242273,18.270380513956063,-7.438494260241245,11.249694073771925,1533.3333333333333,-1.0,-1.0,0.22419989541549012,
2023-07-31 13:42:45.220000,4.602409638554217,7.445783132530121,-4.734939759036145,7.678724708767627,4.8626609442060085,-4.24770079705702,3.0,0.22222222222222224,4500.0,20.423052269681254,-7.911776702989337,14.135190256978031,1538.4615384615383,-1.0,-1.0,0.2242011819946307,
2023-07-31 13:42:45.227000,4.72289156626506,7.301204819277109,-4.819277108433735,7.548743102391171,4.997547516860822,-4.066217044757817,3.0,0.22222222222222224,4500.0,19.568090437620185,-4.50719655031758,23.936716974535283,1542.1245421245421,-1.0,-1.0,0.22420154054396313,
2023-07-31 13:42:45.235000,4.795180722891566,7.325301204819278,-4.807228915662651,7.678724708767627,5.456161863887186,-4.1446965052115265,3.0,0.22222222222222224,4500.0,15.323815628459881,-1.9117767029893367,32.776411631023834,1541.3919413919414,-1.0,-1.0,0.22420098389625662,
2023-07-31 13:42:45.243000,4.855421686746988,7.518072289156627,-4.650602409638554,7.8479460453709375,5.576333537706928,-3.8871857755977928,3.0,0.22222222222222224,4500.0,14.056640055940797,-1.3468912068061305,35.890915447817726,1536.263736263736,-1.0,-1.0,0.2241995257142195,
2023-07-31 13:42:45.250000,5.024096385542169,7.855421686746988,-4.662650602409639,8.27958307786634,5.897608828939301,-4.039239730226854,3.0,0.22222222222222224,4500.0,16.132975933803394,-0.0949828098595657,32.761144455451316,1528.937728937729,-1.0,-1.0,0.22419718045986378,
2023-07-31 13:42:45.258000,5.156626506024097,8.060240963855422,-4.650602409638554,8.419374616799509,5.912323727774371,-3.7866339668914772,3.0,0.22222222222222224,4500.0,14.774197307849194,-3.2400209777984967,21.79931239438261,1517.216117216117,-1.0,-1.0,0.2241939633626684,
2023-07-31 13:42:45.266000,5.168674698795181,8.289156626506024,-4.63855421686747,8.71122011036174,5.762722256284488,-3.9460453709380747,3.0,0.22222222222222224,4500.0,19.35434997960492,-0.21712021443971838,15.234426898199406,1501.8315018315018,-1.0,-1.0,0.2241898903865972,
2023-07-31 13:42:45.273000,5.024096385542169,8.325301204819278,-4.614457831325302,8.645003065603923,5.6989576946658485,-4.264868179031269,3.0,0.2217782217782218,4509.009009009009,15.400151506322477,-1.6675018938290314,9.493968882932231,1484.9816849816848,-1.0,-1.0,0.22418497819603148,
2023-07-31 13:42:45.281000,4.855421686746988,8.25301204819277,-4.710843373493976,8.593500919681176,5.586143470263641,-4.515021459227468,3.0,0.22222222222222224,4500.0,11.720762193345378,-3.3621583823786496,5.600839111939864,1469.5970695970695,-1.0,-1.0,0.22417924411012974,
2023-07-31 13:42:45.289000,4.734939759036145,8.168674698795181,-4.891566265060241,8.49294911097486,5.223175965665236,-4.122624156958921,3.0,0.22222222222222224,4500.0,8.972670590291942,-3.224753802225978,3.051220791329177,1454.9450549450548,-1.0,-1.0,0.2241727061738095,
2023-07-31 13:42:45.296000,4.698795180722891,8.048192771084338,-5.0120481927710845,8.419374616799509,5.206008583690987,-4.554261189454322,3.0,0.22266622266622269,4491.026919242273,7.064273643727057,-4.629333954897733,1.2954956004894824,1440.2930402930401,-1.0,-1.0,0.22416538313173978,
2023-07-31 13:42:45.304000,4.674698795180723,7.9397590361445785,-5.0361445783132535,8.16922133660331,5.080931943592888,-4.443899448191293,3.0,0.22222222222222224,4500.0,6.300914865101102,-5.224753802225978,2.6695414020162,1424.9084249084249,-1.0,-1.0,0.22415729440202745,
2023-07-31 13:42:45.312000,4.530120481927711,7.879518072289157,-5.024096385542169,8.230533415082771,4.8994481912936845,-4.353157572041692,3.0,0.22266622266622269,4491.026919242273,4.194044636093469,-6.461395023600024,5.249694073771925,1406.5934065934066,-1.0,-1.0,0.22414845991099927,
2023-07-31 13:42:45.319000,4.349397590361446,7.867469879518072,-5.1084337349397595,8.208461066830164,4.992642550582464,-4.843654199877376,3.0,0.22266622266622269,4491.026919242273,-1.2105355165782863,-10.156051512149642,6.303129188275742,1389.7435897435896,-1.0,-1.0,0.2241389000449001,
2023-07-31 13:42:45.327000,4.144578313253012,7.819277108433735,-5.072289156626506,8.129981606376456,4.649294911097486,-4.546903740036787,3.0,0.22266622266622269,4491.026919242273,-3.928092768486683,-9.743837771691627,5.50923605850475,1375.091575091575,-1.0,-1.0,0.22412863577126765,
2023-07-31 13:42:45.334000,3.9397590361445785,7.927710843373494,-5.0843373493975905,8.237890864500306,4.556100551808706,-4.551808706315144,3.0,0.22311022311022313,4482.0895522388055,-7.989161470776759,-10.568265252607658,2.150457432550551,1363.3699633699632,-1.0,-1.0,0.2241176881844304,
2023-07-31 13:42:45.342000,3.8192771084337354,7.987951807228916,-5.096385542168675,8.40220723482526,4.688534641324341,-5.108522378908645,3.0,0.22311022311022313,4482.0895522388055,-13.790688188334011,-11.316356855661091,-2.5518326437853265,1350.9157509157508,-1.0,-1.0,0.22410607865689014,
2023-07-31 13:42:45.350000,3.843373493975904,7.9397590361445785,-5.0602409638554215,8.269773145309626,4.350091968117719,-4.5444512568976085,3.0,0.22311022311022313,4482.0895522388055,-16.599848493677523,-10.50719655031758,-4.5518326437853265,1339.9267399267399,-1.0,-1.0,0.2240938289794358,
2023-07-31 13:42:45.357000,3.951807228915663,7.783132530120482,-4.9879518072289155,8.13733905579399,4.521765787860208,-4.492949110974862,3.0,0.22311022311022313,4482.0895522388055,-21.16473398986073,-10.064448458714526,-4.8877105063807464,1332.6007326007325,-1.0,-1.0,0.22408096134176744,
2023-07-31 13:42:45.365000,4.0361445783132535,7.638554216867471,-4.903614457831326,7.960760269773145,4.644389944819129,-4.404659717964439,3.0,0.22311022311022313,4482.0895522388055,-25.607482081463782,-7.865975176271779,-3.040382262105937,1335.5311355311355,-1.0,-1.0,0.2240674982820392,
2023-07-31 13:42:45.373000,4.0120481927710845,7.626506024096386,-4.843373493975903,7.82832618025751,4.742489270386266,-4.446351931330472,3.0,0.22311022311022313,4482.0895522388055,-28.920459180700423,-7.011013344210711,-1.4678631781364715,1345.054945054945,-1.0,-1.0,0.22405346265808015,
2023-07-31 13:42:45.380000,3.9759036144578315,7.445783132530121,-4.807228915662651,7.806253832004905,4.51931330472103,-4.193746167995095,3.0,0.22311022311022313,4482.0895522388055,-30.27923780665462,-4.278188916729794,-1.696870811724258,1364.8351648351647,-1.0,-1.0,0.2240388777369797,
2023-07-31 13:42:45.388000,3.8313253012048194,7.397590361445784,-4.771084337349397,7.754751686082158,4.431023911710607,-4.122624156958921,3.0,0.22355422355422358,4473.187686196623,-30.9815278829905,-5.331624031233611,-1.742672338441815,1394.139194139194,-1.0,-1.0,0.22402376700861232,
2023-07-31 13:42:45.396000,3.8192771084337354,7.228915662650603,-4.734939759036145,7.587982832618025,4.171060698957694,-4.1079092581238505,3.0,0.22355422355422358,4473.187686196623,-31.56168055474622,-3.606433191538955,-5.16251966668609,1430.7692307692307,-1.0,-1.0,0.22400815429845988,
2023-07-31 13:42:45.403000,3.8192771084337354,7.325301204819278,-4.771084337349397,7.622317596566523,4.509503372164316,-4.161863887185775,3.0,0.22355422355422358,4473.187686196623,-30.81358895169279,-6.50719655031758,-5.81900821630441,1476.923076923077,-1.0,-1.0,0.22399206375377304,
2023-07-31 13:42:45.411000,3.7831325301204823,7.481927710843374,-4.783132530120482,7.855303494788473,4.308399754751686,-4.245248313917841,3.0,0.22355422355422358,4473.187686196623,-28.752520249402714,-7.102616397645825,-5.238855544548685,1532.6007326007325,-1.0,-1.0,0.2239755196716017,
2023-07-31 13:42:45.419000,3.8313253012048194,7.46987951807229,-4.746987951807229,7.872470876762722,4.264255058246475,-4.156958920907418,3.0,0.22355422355422358,4473.187686196623,-28.187634753219506,-7.438494260241245,-4.170153254472349,1598.5347985347985,-1.0,-1.0,0.22395854646660107,
2023-07-31 13:42:45.426000,3.951807228915663,7.530120481927711,-4.710843373493976,7.644389944819129,4.816063764561618,-4.1741263028816675,3.0,0.22311022311022313,4482.0895522388055,-29.012062234135538,-5.4842957869588025,-2.2159547811899065,1674.7252747252746,-1.0,-1.0,0.22394116863989125,
2023-07-31 13:42:45.434000,4.168674698795181,7.325301204819278,-4.771084337349397,7.634580012262416,5.071122011036174,-4.1814837522992025,3.0,0.22355422355422358,4473.187686196623,-26.248703455509585,-4.323990443447352,0.7611444554513146,1758.2417582417581,-1.0,-1.0,0.22392341059969015,
2023-07-31 13:42:45.442000,4.253012048192772,7.289156626506024,-4.783132530120482,7.575720416922133,4.816063764561618,-4.156958920907418,3.0,0.22355422355422358,4473.187686196623,-21.897558417341646,-4.629333954897733,0.7611444554513146,1848.3516483516482,-1.0,-1.0,0.22390529675973686,
2023-07-31 13:42:45.449000,4.349397590361446,7.2048192771084345,-4.771084337349397,7.4776210913549965,5.112814224402207,-4.348252605763335,3.0,0.22355422355422358,4473.187686196623,-17.012062234135538,-3.8965095274168173,1.1275566691917727,1939.9267399267399,-1.0,-1.0,0.22388685153156235,
2023-07-31 13:42:45.457000,4.301204819277109,7.228915662650603,-4.783132530120482,7.5340282035561,4.592887798896382,-4.058859595340282,3.0,0.22355422355422358,4473.187686196623,-13.65328360818134,-1.3163568556610923,2.577938348581086,2029.3040293040292,-1.0,-1.0,0.22386809917909026,
2023-07-31 13:42:45.465000,4.0361445783132535,7.1807228915662655,-4.819277108433735,7.548743102391171,4.357449417535254,-4.125076640098099,3.0,0.22355422355422358,4473.187686196623,-10.554046966959966,-3.438494260241245,9.432900180642154,2112.087912087912,-1.0,-1.0,0.22384906394066903,
2023-07-31 13:42:45.472000,4.1807228915662655,7.216867469879518,-4.734939759036145,7.568362967504598,4.980380134886572,-3.877375843041079,3.0,0.22355422355422358,4473.187686196623,-4.676184371540118,-0.8430744129130008,9.081755142474215,2184.6153846153843,-1.0,-1.0,0.22382976986430952,
2023-07-31 13:42:45.480000,4.433734939759036,7.349397590361447,-4.698795180722891,7.730226854690374,4.857755977927652,-3.8822808093194356,3.0,0.22355422355422358,4473.187686196623,-4.676184371540118,-0.8430744129130008,9.081755142474215,2246.153846153846,-1.0,-1.0,0.22381024080327647,
2023-07-31 13:42:45.488000,4.46987951807229,7.19277108433735,-4.927710843373494,7.4996934396076025,4.51931330472103,-4.2158185162477,3.0,0.22355422355422358,4473.187686196623,0.9116018880018663,2.072956121438144,6.287862012703223,2294.5054945054944,-1.0,-1.0,0.223790500679238,
2023-07-31 13:42:45.495000,4.313253012048193,7.301204819277109,-5.0602409638554215,7.61250766400981,4.690987124463519,-4.49540159411404,3.0,0.22311022311022313,4482.0895522388055,5.110075170444614,1.706543907697686,17.524503234077265,2331.8681318681315,-1.0,-1.0,0.22377057329959585,
2023-07-31 13:42:45.503000,4.240963855421687,7.2771084337349405,-4.9397590361445785,7.558553034947884,4.830778663396689,-4.080931943592888,3.0,0.22266622266622269,4491.026919242273,8.33144921624614,6.240895052735854,27.982518501252837,2357.5091575091574,-1.0,-1.0,0.22375048205834386,
2023-07-31 13:42:45.511000,4.156626506024097,7.253012048192772,-4.759036144578314,7.548743102391171,4.742489270386266,-4.06131207847946,3.0,0.22266622266622269,4491.026919242273,12.545189674261408,7.691276732125167,29.203892547054366,2369.9633699633696,-1.0,-1.0,0.22373024989301557,
2023-07-31 13:42:45.518000,4.0602409638554215,7.614457831325302,-4.698795180722891,8.161863887185776,4.926425505824647,-4.2109135499693435,3.0,0.22266622266622269,4491.026919242273,16.896334712429347,5.019521006934327,29.219159722626884,2370.6959706959706,-1.0,-1.0,0.2237098993798839,
2023-07-31 13:42:45.526000,4.144578313253012,7.903614457831326,-4.746987951807229,8.365419987737583,5.019619865113427,-4.409564684242795,3.0,0.22266622266622269,4491.026919242273,15.781830895635453,3.874482838995396,23.326029951634517,2358.974358974359,-1.0,-1.0,0.223689452850291,
2023-07-31 13:42:45.534000,4.325301204819278,8.108433734939759,-4.783132530120482,8.515021459227468,5.193746167995095,-4.608215818516247,3.0,0.22311022311022313,4482.0895522388055,14.209311811665987,1.508070625254938,16.043587203542916,2334.065934065934,-1.0,-1.0,0.22366893223017234,
2023-07-31 13:42:45.541000,4.433734939759036,7.951807228915663,-4.746987951807229,8.17167381974249,4.614960147148988,-3.9239730226854688,3.0,0.22311022311022313,4482.0895522388055,10.529922498688888,-3.0262805197832296,10.700075753161238,2300.3663003663,-1.0,-1.0,0.22364835904988858,
2023-07-31 13:42:45.549000,4.265060240963856,8.096385542168676,-4.626506024096386,8.549356223175964,4.742489270386266,-4.291845493562231,3.0,0.22311022311022313,4482.0895522388055,8.453586620826293,-5.438494260241245,13.417633005069636,2260.8058608058604,-1.0,-1.0,0.22362775461395892,
2023-07-31 13:42:45.557000,4.265060240963856,8.096385542168676,-4.626506024096386,8.515021459227468,4.737584304107909,-4.019619865113427,3.0,0.22311022311022313,4482.0895522388055,-1.3021385700134007,-9.636967542683992,13.616106287512382,2215.3846153846152,-1.0,-1.0,0.22360714012964222,
2023-07-31 13:42:45.564000,4.349397590361446,8.180722891566266,-4.734939759036145,8.645003065603923,5.024524831391784,-4.3408951563458,3.0,0.22355422355422358,4473.187686196623,-9.592214905891263,-10.385059145737427,13.371831478352078,2165.5677655677655,-1.0,-1.0,0.22358653666688705,
2023-07-31 13:42:45.572000,4.397590361445784,8.349397590361447,-4.83132530120482,8.716125076640097,5.15450643776824,-4.54199877375843,3.0,0.22355422355422358,4473.187686196623,-14.889924829555385,-9.911776702989336,11.249694073771925,2112.8205128205127,-1.0,-1.0,0.22356596514093977,
2023-07-31 13:42:45.580000,4.63855421686747,8.349397590361447,-4.771084337349397,8.625383200490496,5.372777437155119,-4.377682403433476,3.0,0.22355422355422358,4473.187686196623,-18.828856127265308,-7.194219451080939,9.738243692092535,2057.875457875458,-1.0,-1.0,0.22354544631753595,
2023-07-31 13:42:45.587000,4.867469879518072,8.108433734939759,-4.855421686746988,8.468424279583077,5.394849785407725,-4.461066830165542,3.0,0.22355422355422358,4473.187686196623,-22.386108035662254,-2.7972728861954437,6.974884913466582,2002.9304029304028,-1.0,-1.0,0.22352500065979017,
2023-07-31 13:42:45.595000,4.867469879518072,8.144578313253012,-4.83132530120482,8.608215818516248,5.058859595340282,-4.117719190680564,3.0,0.22355422355422358,4473.187686196623,-25.28687139444088,-0.32399044344735195,8.455800944000933,1949.4505494505493,-1.0,-1.0,0.22350464817583565,
2023-07-31 13:42:45.603000,4.843373493975903,7.927710843373494,-4.855421686746988,8.18638871857756,5.5567136725935,-4.335990190067443,3.0,0.22399822399822403,4464.321110009911,-25.27160421886836,4.088223297010663,11.493968882932231,1898.168498168498,-1.0,-1.0,0.22348440842625503,
2023-07-31 13:42:45.610000,4.734939759036145,7.771084337349398,-4.783132530120482,8.07602697731453,5.09319435928878,-3.9534028203556097,3.0,0.22399822399822403,4464.321110009911,-23.95862711963172,7.065322533651885,14.715342928733756,1851.2820512820513,-1.0,-1.0,0.22346430080900684,
2023-07-31 13:42:45.618000,4.614457831325302,7.807228915662651,-4.710843373493976,8.142244022072347,4.8626609442060085,-3.8626609442060085,3.0,0.22399822399822403,4464.321110009911,-22.84412330283783,7.4775362741099,17.600839111939862,1809.5238095238094,-1.0,-1.0,0.2234443444295887,
2023-07-31 13:42:45.626000,4.542168674698796,7.759036144578314,-4.686746987951808,8.093194359288779,5.017167381974248,-4.088289393010423,3.0,0.22399822399822403,4464.321110009911,-22.370840860089736,6.683643144338907,21.15809102033681,1769.9633699633698,-1.0,-1.0,0.2234245579720124,
2023-07-31 13:42:45.633000,4.578313253012048,7.698795180722892,-4.566265060240964,8.112814224402207,5.09319435928878,-3.7302268546903736,3.0,0.22355422355422358,4473.187686196623,-22.737253073830193,4.2866965794534115,23.371831478352075,1735.5311355311353,-1.0,-1.0,0.22340495983686234,
2023-07-31 13:42:45.641000,4.566265060240964,7.746987951807229,-4.385542168674699,8.193746167995094,4.93868792152054,-3.6002452483139176,3.0,0.22355422355422358,4473.187686196623,-23.042596585280574,5.14165841151448,22.440533768428413,1708.4249084249084,-1.0,-1.0,0.22338556798159873,
2023-07-31 13:42:45.649000,4.650602409638554,7.662650602409639,-4.240963855421687,8.071122011036174,5.277130594727161,-3.725321888412017,3.0,0.22355422355422358,4473.187686196623,-24.767787424975232,1.0653225336518846,23.677174989802456,1683.5164835164835,-1.0,-1.0,0.2233663997502663,
2023-07-31 13:42:45.656000,4.734939759036145,7.457831325301205,-4.168674698795181,7.641937461679951,5.242795830778663,-3.3599019006744326,3.0,0.22399822399822403,4464.321110009911,-25.760153837188973,-0.1713186877221611,24.80694598216887,1662.2710622710622,651.092529296875,92.15280056245606,0.22334747188316917,
2023-07-31 13:42:45.664000,4.963855421686747,7.265060240963856,-4.1084337349397595,7.482526057633353,5.868179031269159,-3.384426732066217,3.0,0.22399822399822403,4464.321110009911,-25.97389429520424,0.07295612143814421,20.516869646291006,1646.8864468864467,-1.0,92.15280056245606,0.2233288006854476,
2023-07-31 13:42:45.672000,4.975903614457832,7.1807228915662655,-4.0602409638554215,7.546290619251992,5.389944819129369,-3.3083997547516857,3.0,0.22355422355422358,4473.187686196623,-25.515879028028667,-1.8965095274168176,17.509236058504747,1635.164835164835,-1.0,92.15280056245606,0.22331040220616574,
2023-07-31 13:42:45.679000,5.0,7.120481927710844,-3.9759036144578315,7.305947271612507,5.429184549356223,-3.6051502145922747,3.0,0.22355422355422358,4473.187686196623,-24.920459180700423,-3.4995629625313214,19.12755666919177,1631.5018315018315,-1.0,92.15280056245606,0.22329229208807858,
2023-07-31 13:42:45.687000,4.891566265060241,7.0843373493975905,-3.891566265060241,7.27161250766401,5.326180257510729,-3.0484365419987736,3.0,0.22355422355422358,4473.187686196623,-25.424275974593552,-6.873608764058039,17.005419264611618,1630.03663003663,-1.0,92.15280056245606,0.2232744856739146,
2023-07-31 13:42:45.695000,4.795180722891566,7.060240963855422,-3.879518072289157,7.301042305334151,5.48068669527897,-3.1931330472103,3.0,0.22355422355422358,4473.187686196623,-24.874657653982865,-11.407959909096206,16.48633529514597,1629.3040293040292,-1.0,92.15280056245606,0.22325699825201503,
2023-07-31 13:42:45.702000,4.795180722891566,6.987951807228916,-3.771084337349398,7.33292458614347,5.313917841814837,-3.0533415082771302,3.0,0.22399822399822403,4464.321110009911,-24.15710040207447,-16.67513548161529,12.33366353942078,1628.5714285714284,-1.0,92.15280056245606,0.22323984501575023,
2023-07-31 13:42:45.710000,4.843373493975903,6.819277108433735,-3.807228915662651,6.940527283874923,5.784794604537094,-3.1244635193133043,3.0,0.22355422355422358,4473.187686196623,-22.46244391352485,-22.5224637258901,10.257327661558184,1630.03663003663,-1.0,92.15280056245606,0.22322304103501212,
2023-07-31 13:42:45.717000,5.0,6.807228915662651,-3.8313253012048194,7.421213979153893,5.534641324340895,-3.2421827099938687,3.0,0.22399822399822403,4464.321110009911,-20.080764524211872,-20.843074412912998,3.0359536157566582,1632.2344322344322,-1.0,92.15280056245606,0.22320660083386945,
2023-07-31 13:42:45.725000,4.698795180722891,7.349397590361447,-3.891566265060241,7.808706315144083,5.159411404046597,-3.2887798896382585,3.0,0.22355422355422358,4473.187686196623,-18.9815278829905,-26.965211817493152,2.9138162111765054,1635.164835164835,-1.0,92.15280056245606,0.2231905383940814,
2023-07-31 13:42:45.733000,4.457831325301205,7.421686746987953,-3.951807228915663,7.781729000613121,5.049049662783568,-3.28632740649908,3.0,0.22355422355422358,4473.187686196623,-18.00442864634928,-30.99574616863819,1.4939688829322306,1632.9670329670328,-1.0,92.15280056245606,0.22317486730696337,
2023-07-31 13:42:45.740000,4.771084337349397,6.397590361445784,-4.216867469879518,6.329858982219497,5.446351931330472,-3.455548743102391,3.0,0.22355422355422358,4473.187686196623,-12.416642386807293,-34.15605151214964,-0.7350387506555556,1628.5714285714284,-1.0,92.15280056245606,0.22315960074414276,
2023-07-31 13:42:45.748000,5.240963855421687,5.614457831325302,-4.445783132530121,5.704475781729,6.017780502759043,-3.4604537093807477,3.0,0.22399822399822403,4464.321110009911,-2.8441233028378283,-34.99574616863819,1.6771749898024595,1621.9780219780218,-1.0,92.15280056245606,0.22314475156669344,
2023-07-31 13:42:45.756000,5.63855421686747,5.518072289156627,-4.373493975903615,5.988963825873697,6.133047210300429,-3.6517473942366645,3.0,0.22399822399822403,4464.321110009911,-2.8441233028378283,-34.99574616863819,1.6771749898024595,1611.7216117216117,-1.0,92.15280056245606,0.22313033231677792,
2023-07-31 13:42:45.763000,5.542168674698796,6.253012048192772,-4.1807228915662655,6.835070508890251,5.946658491722869,-3.5708154506437766,3.0,0.22399822399822403,4464.321110009911,7.0184721170095,-25.270555328943534,4.639007050871162,1600.0,-1.0,92.15280056245606,0.22311635523049925,
2023-07-31 13:42:45.771000,5.204819277108434,6.602409638554217,-4.048192771084338,6.8522378908645,5.446351931330472,-3.3942366646229307,3.0,0.22399822399822403,4464.321110009911,10.713128605559119,-13.66750189382903,10.50160247071849,1586.8131868131868,-1.0,92.15280056245606,0.22310283209110962,
2023-07-31 13:42:45.779000,4.650602409638554,6.807228915662651,-4.228915662650603,7.141630901287553,4.926425505824647,-3.8503985285101163,3.0,0.22399822399822403,4464.321110009911,10.621525552124004,-0.1713186877221611,18.226793310413143,1569.9633699633698,-1.0,92.15280056245606,0.22308977408167863,
2023-07-31 13:42:45.786000,4.253012048192772,6.819277108433735,-4.63855421686747,7.097486204782342,4.830778663396689,-3.9386879215205393,3.0,0.22399822399822403,4464.321110009911,8.957403414719423,10.759979022201502,22.852747508886427,1553.8461538461538,-1.0,92.15280056245606,0.2230771917963253,
2023-07-31 13:42:45.794000,4.096385542168675,6.674698795180723,-4.819277108433735,6.903740036787247,4.764561618638871,-3.9337829552421826,3.0,0.22399822399822403,4464.321110009911,14.575724025406446,17.752345434415243,20.715342928733754,1537.7289377289376,-1.0,92.15280056245606,0.22306509537849545,
2023-07-31 13:42:45.802000,4.144578313253012,6.83132530120482,-4.795180722891566,7.1367259350091965,4.884733292458614,-3.9239730226854688,3.0,0.22399822399822403,4464.321110009911,25.430685857467513,22.592040090903794,17.49396888293223,1522.3443223443223,-1.0,92.15280056245606,0.2230534943708194,
2023-07-31 13:42:45.809000,4.325301204819278,6.445783132530121,-5.024096385542169,6.687921520539546,4.732679337829552,-4.335990190067443,3.0,0.22399822399822403,4464.321110009911,26.621525552124,19.966085892430513,11.67717498980246,1507.6923076923076,-1.0,92.15280056245606,0.22304239772374204,
2023-07-31 13:42:45.817000,4.506024096385542,6.0120481927710845,-5.048192771084338,6.121397915389331,4.8994481912936845,-4.029429797670141,3.0,0.22399822399822403,4464.321110009911,42.178777460520955,20.33249810617097,15.707709340947495,1494.5054945054944,-1.0,92.15280056245606,0.22303181379267742,
2023-07-31 13:42:45.825000,4.626506024096386,5.819277108433735,-5.0602409638554215,6.087063151440834,5.2403433476394845,-4.86817903126916,3.0,0.22399822399822403,4464.321110009911,60.59099120097897,26.439368335178603,21.982518501252837,1478.3882783882782,-1.0,92.15280056245606,0.22302175048363476,
2023-07-31 13:42:45.832000,4.759036144578314,5.867469879518072,-5.0361445783132535,6.224402207234825,5.335990190067443,-4.82158185162477,3.0,0.22399822399822403,4464.321110009911,74.23984616281103,25.263795816094632,26.42526659285589,1463.7362637362637,-1.0,92.15280056245606,0.2230122153672587,
2023-07-31 13:42:45.840000,4.903614457831326,6.614457831325302,-5.325301204819278,7.205395462906192,5.691600245248313,-6.023298589822194,3.0,0.22444222444222442,4455.489614243324,76.46885379639882,18.347765281743488,29.44816735621467,1446.8864468864467,-1.0,92.15280056245606,0.22300321551612512,
2023-07-31 13:42:45.848000,4.674698795180723,7.734939759036145,-5.0602409638554215,8.335990190067443,5.519926425505824,-5.164929491109748,3.0,0.22533022533022537,4437.931034482758,34.19404463609347,-5.911776702989337,24.211526134840625,1424.9084249084249,-1.0,92.15280056245606,0.22299475764064927,
2023-07-31 13:42:45.855000,4.433734939759036,8.337349397590362,-4.457831325301205,8.750459840588595,5.289393010423053,-3.9730226854690374,3.0,0.22533022533022537,4437.931034482758,-3.5616805547462254,-22.064448458714526,13.99778567682536,1400.0,-1.0,92.15280056245606,0.22298684839623012,
2023-07-31 13:42:45.863000,4.457831325301205,8.096385542168676,-4.433734939759036,8.289393010423053,5.264868179031269,-3.8871857755977928,3.0,0.22577422577422576,4429.203539823009,-17.485344676883628,-25.209486626653455,1.7840452188100933,1372.161172161172,-1.0,92.15280056245606,0.2229794942767525,
2023-07-31 13:42:45.871000,4.734939759036145,7.421686746987953,-4.746987951807229,7.551195585530349,5.43408951563458,-4.252605763335377,3.0,0.22577422577422576,4429.203539823009,-16.78305460054775,-22.537730901462616,-6.475496765922731,1343.5897435897434,-1.0,92.15280056245606,0.22297270147863024,
2023-07-31 13:42:45.878000,4.963855421686747,6.795180722891566,-4.807228915662651,6.920907418761495,5.441446965052115,-4.2035561005518085,3.0,0.22577422577422576,4429.203539823009,-15.958627119631721,-24.904143115203073,-7.864809743021968,1315.7509157509157,-1.0,92.15280056245606,0.2229664760544797,
2023-07-31 13:42:45.886000,5.024096385542169,6.397590361445784,-4.626506024096386,6.626609442060086,5.510116492949111,-3.926425505824647,3.0,0.22533022533022537,4437.931034482758,-16.9815278829905,-29.499562962531318,-4.8877105063807464,1290.8424908424909,-1.0,92.15280056245606,0.2229608236108183,
2023-07-31 13:42:45.894000,5.0361445783132535,6.27710843373494,-4.55421686746988,6.521152667075413,5.5591661557326795,-3.825873697118332,3.0,0.22533022533022537,4437.931034482758,-13.836489715051568,-32.30872326787483,-1.2999242468387617,1268.131868131868,-1.0,92.15280056245606,0.22295574916654645,
2023-07-31 13:42:45.901000,5.120481927710844,6.385542168674699,-4.590361445783133,6.771305947271612,5.694052728387492,-3.7596566523605146,3.0,0.22533022533022537,4437.931034482758,-8.218169104364545,-30.98047899306567,0.7764116310238337,1248.3516483516482,-1.0,92.15280056245606,0.22295125711876318,
2023-07-31 13:42:45.909000,5.265060240963856,6.698795180722892,-4.626506024096386,7.104843654199877,5.868179031269159,-4.009809932556713,3.0,0.22533022533022537,4437.931034482758,-1.882291241769126,-30.033914107569487,2.150457432550551,1230.7692307692307,-1.0,92.15280056245606,0.22294735125084714,
2023-07-31 13:42:45.917000,5.325301204819278,7.0120481927710845,-4.542168674698796,7.418761496014715,5.9074187614960145,-3.919068056407112,3.0,0.22577422577422576,4429.203539823009,-0.2792378066546222,-30.598799603752692,3.7840452188100935,1216.117216117216,-1.0,92.15280056245606,0.2229440348794318,
2023-07-31 13:42:45.924000,5.349397590361446,7.265060240963856,-4.373493975903615,7.646842427958307,5.985898221949724,-3.8454935622317596,3.0,0.22533022533022537,4437.931034482758,-1.8364897150515687,-31.621700367111472,3.7535108676650553,1200.7326007326008,-1.0,92.15280056245606,0.22294131100232745,
2023-07-31 13:42:45.932000,5.301204819277109,7.36144578313253,-4.301204819277109,7.717964438994482,5.9442060085836905,-3.725321888412017,3.0,0.22577422577422576,4429.203539823009,-4.767787424975233,-32.64460113047025,1.4023658294971162,1187.5457875457876,-1.0,92.15280056245606,0.22293918217069766,
2023-07-31 13:42:45.940000,5.325301204819278,7.337349397590362,-4.253012048192772,7.676272225628448,5.998160637645616,-3.7302268546903736,3.0,0.2262182262182262,4420.510304219823,-7.714352310471416,-32.90414311520308,-2.857176155235708,1176.5567765567764,-1.0,92.15280056245606,0.22293765034122964,
2023-07-31 13:42:45.947000,5.349397590361446,7.289156626506024,-4.240963855421687,7.592887798896382,5.956468424279583,-3.6934396076026976,3.0,0.2262182262182262,4420.510304219823,-9.454810325738592,-32.33925761901987,-7.269389895693723,1168.4981684981685,-1.0,92.15280056245606,0.2229367169306571,
2023-07-31 13:42:45.955000,5.325301204819278,7.144578313253012,-4.301204819277109,7.438381361128142,5.855916615573268,-3.7400367872470874,3.0,0.2262182262182262,4420.510304219823,-11.912825592914164,-30.79727288619544,-9.3304585979838,1165.5677655677655,-1.0,92.15280056245606,0.22293638289201545,
2023-07-31 13:42:45.963000,5.301204819277109,7.0361445783132535,-4.325301204819278,7.34763948497854,5.816676885346413,-3.7498467198038012,3.0,0.22577422577422576,4429.203539823009,-12.111298875356912,-27.255288153371012,-9.009847910960898,1167.032967032967,-1.0,92.15280056245606,0.22293664887797837,
2023-07-31 13:42:45.970000,5.168674698795181,6.987951807228916,-4.409638554216868,7.291232372777436,5.691600245248313,-3.8038013488657265,3.0,0.22577422577422576,4429.203539823009,-12.386108035662255,-21.270555328943534,-6.612901346075402,1167.7655677655678,-1.0,92.15280056245606,0.22293751509695722,
2023-07-31 13:42:45.978000,5.0843373493975905,7.0,-4.493975903614458,7.318209687308399,5.62047823421214,-3.896995708154506,3.0,0.22577422577422576,4429.203539823009,-10.660917195967599,-16.125517161004602,-4.246489132334944,1171.4285714285713,-1.0,92.15280056245606,0.2229389815759673,
2023-07-31 13:42:45.986000,4.9879518072289155,7.0120481927710845,-4.626506024096386,7.330472103004292,5.576333537706928,-4.022072348252606,3.0,0.22577422577422576,4429.203539823009,-8.950993531845462,-13.927043878561856,-4.628168521647922,1176.5567765567764,-1.0,-1.0,0.22294104826596625,
2023-07-31 13:42:45.993000,4.927710843373494,7.120481927710844,-4.674698795180723,7.4996934396076025,5.546903740036787,-4.07847946045371,3.0,0.22577422577422576,4429.203539823009,-8.370840860089736,-12.904143115203077,-6.735038750655555,1186.8131868131868,-1.0,-1.0,0.22294371475474967,
2023-07-31 13:42:46.001000,4.9397590361445785,7.19277108433735,-4.662650602409639,7.489883507050888,5.54199877375843,-4.049049662783568,3.0,0.2262182262182262,4420.510304219823,-8.767787424975232,-11.606433191538954,-8.64343569722044,1200.0,-1.0,-1.0,0.22294698027948906,
2023-07-31 13:42:46.009000,5.0,7.216867469879518,-4.626506024096386,7.563458001226241,5.593500919681177,-4.125076640098099,3.0,0.2262182262182262,4420.510304219823,-9.836489715051568,-10.232387390012237,-9.666336460579219,1218.3150183150183,-1.0,-1.0,0.22295084402827492,
2023-07-31 13:42:46.016000,5.0361445783132535,7.19277108433735,-4.590361445783133,7.5291232372777435,5.5885959534028204,-3.985285101164929,3.0,0.2262182262182262,4420.510304219823,-11.210535516578286,-9.270555328943535,-9.757939514014334,1237.3626373626373,-1.0,-1.0,0.22295530515597325,
2023-07-31 13:42:46.024000,5.072289156626506,7.265060240963856,-4.481927710843374,7.624770079705701,5.534641324340895,-4.098099325567136,3.0,0.2262182262182262,4420.510304219823,-12.599848493677522,-10.18658586329468,-9.070916613250976,1261.5384615384614,-1.0,-1.0,0.22296036237553202,
2023-07-31 13:42:46.032000,4.963855421686747,7.2048192771084345,-4.301204819277109,7.519313304721029,5.534641324340895,-3.7057020232985898,3.0,0.2262182262182262,4420.510304219823,-12.599848493677522,-10.18658586329468,-9.070916613250976,1290.10989010989,-1.0,-1.0,0.22296601413583356,
2023-07-31 13:42:46.039000,4.843373493975903,7.0843373493975905,-4.072289156626506,7.416309012875536,5.475781729000613,-3.3868792152053953,3.0,0.2262182262182262,4420.510304219823,-16.27923780665462,-14.262921741157275,-8.704504399510517,1326.007326007326,-1.0,-1.0,0.22297225890727373,
2023-07-31 13:42:46.047000,4.746987951807229,6.975903614457832,-3.91566265060241,7.264255058246474,5.335990190067443,-3.1661557326793375,3.0,0.22666222666222668,4411.851126346719,-17.668550783753858,-19.927043878561854,-11.299924246838762,1369.230769230769,-1.0,-1.0,0.22297909503186442,
2023-07-31 13:42:46.055000,4.734939759036145,6.879518072289157,-3.951807228915663,7.185775597792765,5.274678111587982,-3.433476394849785,3.0,0.2271062271062271,4403.225806451613,-14.691451547112637,-23.13315074879086,-15.040382262105936,1419.047619047619,-1.0,-1.0,0.22298652060578306,
2023-07-31 13:42:46.062000,4.710843373493976,6.843373493975904,-4.132530120481928,7.2029429797670135,5.095646842427958,-3.6051502145922747,3.0,0.2271062271062271,4403.225806451613,-12.538779791387446,-23.407959909096203,-15.819008216304411,1473.9926739926739,-1.0,-1.0,0.2229945336921021,
2023-07-31 13:42:46.070000,4.602409638554217,6.891566265060241,-4.19277108433735,7.264255058246474,5.098099325567136,-3.6125076640098097,3.0,0.22755022755022752,4394.634146341464,-13.042596585280576,-23.087349222073303,-13.3304585979838,1531.8681318681317,-1.0,-1.0,0.22300313237451527,
2023-07-31 13:42:46.078000,4.493975903614458,6.927710843373494,-4.168674698795181,7.2029429797670135,5.056407112201104,-3.5708154506437766,3.0,0.2271062271062271,4403.225806451613,-13.714352310471416,-22.82780723734048,-11.193054017831127,1594.8717948717947,-1.0,-1.0,0.22301231465210117,
2023-07-31 13:42:46.085000,4.445783132530121,6.9397590361445785,-4.265060240963856,7.242182709993869,4.970570202329859,-3.725321888412017,3.0,0.22755022755022752,4394.634146341464,-13.836489715051568,-21.95757822970689,-11.513664704854028,1663.003663003663,-1.0,-1.0,0.22302207849401465,
2023-07-31 13:42:46.093000,4.349397590361446,6.951807228915663,-4.397590361445784,7.303494788473329,4.9656652360515015,-3.8626609442060085,3.0,0.22755022755022752,4394.634146341464,-15.180001165433248,-20.29345609230231,-12.017481498747157,1729.6703296703295,-1.0,-1.0,0.22303242184153665,
2023-07-31 13:42:46.100000,4.325301204819278,6.867469879518072,-4.481927710843374,7.190680564071122,4.931330472103004,-4.026977314530963,3.0,0.227994227994228,4386.0759493670885,-15.515879028028667,-17.911776702989336,-13.3304585979838,1797.069597069597,-1.0,-1.0,0.22304334280143198,
2023-07-31 13:42:46.108000,4.289156626506024,6.807228915662651,-4.55421686746988,7.119558553034947,4.830778663396689,-3.9705702023298586,3.0,0.227994227994228,4386.0759493670885,-17.225802692150804,-15.789639298409181,-14.582366994930364,1860.8058608058607,-1.0,-1.0,0.22305483966945727,
2023-07-31 13:42:46.116000,4.228915662650603,6.734939759036145,-4.530120481927711,7.043531575720417,4.730226854690374,-4.073574494175352,3.0,0.22843822843822845,4377.551020408163,-18.050230173066836,-14.308723267874832,-15.162519666686089,1916.4835164835163,-1.0,-1.0,0.22306691098589276,
2023-07-31 13:42:46.123000,4.204819277108434,6.710843373493976,-4.566265060240964,7.001839362354383,4.705702023298589,-3.997547516860821,3.0,0.22932622932622934,4360.600193610842,-19.882291241769124,-12.430860672454985,-14.13961890332731,1964.8351648351647,-1.0,-1.0,0.22307955569855764,
2023-07-31 13:42:46.131000,4.1807228915662655,6.674698795180723,-4.46987951807229,6.918454935622317,4.710606989576946,-3.8503985285101163,3.0,0.22977022977022976,4352.173913043478,-20.15710040207447,-11.591166015966435,-14.063283025464715,1999.9999999999998,-1.0,-1.0,0.22309277335838507,
2023-07-31 13:42:46.139000,4.19277108433735,6.686746987951808,-4.397590361445784,6.999386879215205,4.661557326793378,-3.8626609442060085,3.0,0.23021423021423018,4343.780135004822,-20.370840860089736,-11.392692733523688,-13.895344094167005,2024.9084249084249,-1.0,-1.0,0.22310656419897157,
2023-07-31 13:42:46.146000,4.204819277108434,6.746987951807229,-4.313253012048193,7.104843654199877,4.771919068056407,-3.708154506437768,3.0,0.23065823065823063,4335.418671799808,-21.393741623448516,-10.171318687722161,-13.345725773556318,2037.3626373626373,-1.0,-1.0,0.223120929058028,
2023-07-31 13:42:46.154000,4.19277108433735,6.759036144578314,-4.204819277108434,7.109748620478234,4.759656652360515,-3.686082158185162,3.0,0.23065823065823063,4335.418671799808,-22.00442864634928,-8.766738535050406,-12.719771575083035,2038.0952380952378,-1.0,-1.0,0.223135869438589,
2023-07-31 13:42:46.162000,4.216867469879518,6.855421686746988,-4.19277108433735,7.2029429797670135,4.779276517473942,-3.5977927651747392,3.0,0.23065823065823063,4335.418671799808,-23.50061185245615,-7.759104947264145,-12.96404638424334,2026.3736263736262,-1.0,-1.0,0.22315138742190288,
2023-07-31 13:42:46.169000,4.216867469879518,6.91566265060241,-4.096385542168675,7.298589822194972,4.8038013488657265,-3.5291232372777435,3.0,0.23021423021423018,4343.780135004822,-24.81358895169279,-7.545364489248878,-13.162519666686089,2003.6630036630036,-1.0,-1.0,0.22316748542062417,
2023-07-31 13:42:46.177000,4.240963855421687,7.072289156626506,-4.0843373493975905,7.465358675659105,4.8479460453709375,-3.5413856529736356,3.0,0.23065823065823063,4335.418671799808,-26.218169104364545,-6.904143115203077,-16.231221956762425,1972.8937728937728,-1.0,-1.0,0.2231841662185224,
2023-07-31 13:42:46.185000,4.240963855421687,7.1325301204819285,-4.1084337349397595,7.431023911710606,4.879828326180257,-3.5634580012262416,3.0,0.23065823065823063,4335.418671799808,-26.99679505856302,-6.629333954897733,-18.33809218577006,1938.4615384615383,-1.0,-1.0,0.22320143325431221,
2023-07-31 13:42:46.192000,4.253012048192772,7.253012048192772,-4.204819277108434,7.629675045984058,4.801348865726548,-3.5708154506437766,3.0,0.23021423021423018,4343.780135004822,-27.836489715051567,-5.4842957869588025,-19.895344094167008,1896.7032967032965,-1.0,-1.0,0.22321929065895751,
2023-07-31 13:42:46.200000,4.216867469879518,7.265060240963856,-4.240963855421687,7.578172900061312,4.818516247700797,-3.678724708767627,3.0,0.22977022977022976,4352.173913043478,-27.14946681428821,-4.461395023600024,-20.918244857525785,1853.4798534798533,-1.0,-1.0,0.22323774313224995,
2023-07-31 13:42:46.208000,4.19277108433735,7.240963855421687,-4.385542168674699,7.563458001226241,4.717964438994482,-3.789086450030656,3.0,0.22932622932622934,4360.600193610842,-26.645650020395077,-3.484295786958802,-21.086183788823494,1808.058608058608,-1.0,-1.0,0.22325679563652204,
2023-07-31 13:42:46.215000,4.156626506024097,7.1807228915662655,-4.493975903614458,7.519313304721029,4.7743715511955855,-3.896995708154506,3.0,0.22977022977022976,4352.173913043478,-28.554046966959966,-2.491929374745062,-20.689237223937997,1759.7069597069597,-1.0,-1.0,0.22327645339555827,
2023-07-31 13:42:46.223000,4.1084337349397595,7.144578313253012,-4.506024096385542,7.4849785407725316,4.715511955855304,-4.051502145922747,3.0,0.23065823065823063,4335.418671799808,-31.16473398986073,-3.0110133442107108,-21.620534933861663,1708.4249084249084,-1.0,-1.0,0.2232967221666635,
2023-07-31 13:42:46.231000,4.096385542168675,7.168674698795181,-4.457831325301205,7.4996934396076025,4.67381974248927,-3.7498467198038012,3.0,0.23199023199023197,4310.526315789474,-32.88992482955538,-4.888875939630558,-23.34572577355632,1658.6080586080584,-1.0,-1.0,0.22331760858330102,
2023-07-31 13:42:46.238000,4.096385542168675,7.060240963855422,-4.373493975903615,7.369711833231146,4.602697731453096,-3.7277743715511953,3.0,0.23199023199023197,4310.526315789474,-31.805955363906527,-4.995746168638192,-23.605267758289145,1611.7216117216117,-1.0,-1.0,0.2233391209438697,
2023-07-31 13:42:46.246000,4.072289156626506,6.9397590361445785,-4.325301204819278,7.28632740649908,4.570815450643776,-3.7694665849172284,3.0,0.23287823287823287,4294.089609151573,-34.01969582192179,-4.446127848027505,-21.83427539187693,1567.032967032967,-1.0,-1.0,0.22336126882935173,
2023-07-31 13:42:46.254000,4.072289156626506,7.096385542168675,-4.156626506024097,7.5144083384426725,4.622317596566523,-3.3010423053341507,3.0,0.23287823287823287,4294.089609151573,-31.08839811199813,-5.270555328943535,-20.00221432317464,1529.6703296703295,-1.0,-1.0,0.22338406285959952,
2023-07-31 13:42:46.261000,4.120481927710844,7.2048192771084345,-3.91566265060241,7.5144083384426725,4.592887798896382,-3.4015941140404657,3.0,0.23199023199023197,4310.526315789474,-25.180001165433247,-3.942311054134375,-19.376260124701357,1500.3663003663003,-1.0,-1.0,0.22340751501352976,
2023-07-31 13:42:46.269000,4.144578313253012,7.337349397590362,-3.951807228915663,7.671367259350092,4.700797057020233,-3.3304721030042916,3.0,0.2315462315462315,4318.7919463087255,-29.6227492570363,-0.4613950236000237,-16.887710506380746,1476.923076923077,-1.0,-1.0,0.22343163789347464,
2023-07-31 13:42:46.277000,4.204819277108434,7.530120481927711,-3.963855421686747,7.933782955242182,4.896995708154506,-3.4923359901900675,3.0,0.23110223110223108,4327.089337175793,-34.92045918070042,1.3095973428121899,-17.803741040731893,1460.07326007326,-1.0,-1.0,0.22345644425212133,
2023-07-31 13:42:46.284000,4.301204819277109,7.614457831325302,-3.951807228915663,7.923973022685469,5.009809932556713,-3.475168608215818,3.0,0.23065823065823063,4335.418671799808,-39.515879028028664,1.676009556552648,-22.796107452945634,1450.5494505494505,-1.0,-1.0,0.22348194725884032,
2023-07-31 13:42:46.292000,4.385542168674699,7.46987951807229,-3.987951807228916,7.747394236664623,5.071122011036174,-3.315757204169221,3.0,0.23065823065823063,4335.418671799808,-42.20290192879202,3.553872151972495,-27.193054017831127,1445.4212454212454,-1.0,-1.0,0.2235081605897018,
2023-07-31 13:42:46.300000,4.457831325301205,7.337349397590362,-3.951807228915663,7.639484978540772,5.024524831391784,-3.4114040465971796,3.0,0.23021423021423018,4343.780135004822,-44.34030650894469,5.981353068003029,-30.185420430044868,1443.956043956044,-1.0,-1.0,0.2235350983836833,
2023-07-31 13:42:46.307000,4.397590361445784,7.265060240963856,-3.8674698795180724,7.61250766400981,4.948497854077253,-3.0386266094420598,3.0,0.23065823065823063,4335.418671799808,-44.34030650894469,5.981353068003029,-30.185420430044868,1443.2234432234432,-1.0,-1.0,0.22356277521403345,
2023-07-31 13:42:46.315000,4.27710843373494,7.325301204819278,-3.7831325301204823,7.713059472716124,4.619865113427345,-3.0484365419987736,3.0,0.23065823065823063,4335.418671799808,-41.500611852456146,6.63784161762135,-31.254122720121206,1440.2930402930401,-1.0,-1.0,0.2235912060535321,
2023-07-31 13:42:46.323000,4.024096385542169,7.493975903614459,-3.662650602409639,7.8749233599019,4.418761496014715,-3.0827713059472717,3.0,0.23065823065823063,4335.418671799808,-36.88992482955538,6.958452304644251,-30.44496241477769,1434.4322344322343,-1.0,-1.0,0.2236204064250087,
2023-07-31 13:42:46.330000,3.771084337349398,7.674698795180723,-3.5542168674698797,8.132434089515634,4.1587982832618025,-3.0656039239730224,3.0,0.23065823065823063,4335.418671799808,-34.29450498222714,5.798146961132801,-26.872443330808228,1422.7106227106226,-1.0,-1.0,0.22365039251492833,
2023-07-31 13:42:46.338000,3.5060240963855422,7.734939759036145,-3.4457831325301207,8.098099325567135,4.021459227467811,-3.080318822808093,3.0,0.22977022977022976,4352.173913043478,-37.28687139444088,2.3324981061709686,-23.83427539187693,1405.8608058608058,-1.0,-1.0,0.22368118111207777,
2023-07-31 13:42:46.346000,3.397590361445783,7.807228915662651,-3.3734939759036147,8.149601471489882,4.293684855916616,-2.6977314530962597,3.0,0.22977022977022976,4352.173913043478,-46.23343627993706,-4.705669832760329,-23.559466231571587,1383.150183150183,-1.0,-1.0,0.2237127891148568,
2023-07-31 13:42:46.353000,3.5180722891566267,7.891566265060241,-3.108433734939759,8.179031269160024,4.759656652360515,-2.1312078479460452,3.0,0.23110223110223108,4327.089337175793,-55.073130936425606,-12.415593496882465,-31.60526775828914,1353.113553113553,-1.0,-1.0,0.2237452335761151,
2023-07-31 13:42:46.361000,3.951807228915663,7.867469879518072,-2.843373493975904,8.250153280196198,4.664009809932557,-2.21704475781729,3.0,0.23110223110223108,4327.089337175793,-46.508245440242405,-17.759104947264145,-57.360992949128836,1315.018315018315,-1.0,-1.0,0.22377853234937414,
2023-07-31 13:42:46.369000,4.072289156626506,8.108433734939759,-2.807228915662651,8.505211526670754,4.058246474555487,-2.4745554874310236,3.0,0.23110223110223108,4327.089337175793,-41.74488666161645,-21.743837771691624,-71.92587844531204,1268.8644688644688,-1.0,-1.0,0.22381270380344814,
2023-07-31 13:42:46.376000,3.6506024096385543,8.216867469879519,-2.734939759036145,8.591048436541998,3.440220723482526,-2.300429184549356,3.0,0.2315462315462315,4318.7919463087255,-50.84412330283782,-22.62933395489773,-59.94114562088456,1211.7216117216117,-1.0,-1.0,0.22384776636316173,
2023-07-31 13:42:46.384000,3.024096385542169,8.024096385542169,-2.6144578313253013,8.313917841814837,3.3200490496627832,-1.7952176578786019,3.0,0.2315462315462315,4318.7919463087255,-61.28687139444087,-23.28582250451605,-40.09381737660975,1147.2527472527472,-1.0,-1.0,0.22388373873848103,
2023-07-31 13:42:46.392000,2.783132530120482,7.674698795180723,-2.626506024096386,7.855303494788473,3.400980993255671,-1.64316370324954,3.0,0.23065823065823063,4335.418671799808,-59.39374162344851,-25.51483013810384,-33.34572577355632,1084.981684981685,-1.0,-1.0,0.2239206398726082,
2023-07-31 13:42:46.399000,2.987951807228916,7.397590361445784,-2.626506024096386,7.656652360515021,3.6683016554261187,-1.7167381974248925,3.0,0.23065823065823063,4335.418671799808,-47.073130936425606,-28.98047899306567,-37.559466231571584,1026.3736263736264,-1.0,-1.0,0.22395848828973605,
2023-07-31 13:42:46.407000,3.36144578313253,7.457831325301205,-2.5903614457831328,7.865113427345187,3.8203556100551808,-1.9619865113427344,3.0,0.23021423021423018,4343.780135004822,-35.18000116543325,-31.163685099935897,-42.07855020103723,975.091575091575,-1.0,-1.0,0.22399730199191517,
2023-07-31 13:42:46.415000,3.5421686746987953,7.795180722891566,-2.5180722891566267,8.240343347639485,3.810545677498467,-1.8712446351931329,3.0,0.22977022977022976,4352.173913043478,-31.073130936425613,-28.507196550317577,-37.9716799720296,928.9377289377288,-1.0,-1.0,0.22403709864881938,
2023-07-31 13:42:46.422000,3.5060240963855422,8.216867469879519,-2.397590361445783,8.671980380134887,3.982219497240956,-1.8663396689147762,3.0,0.22977022977022976,4352.173913043478,-32.691451547112635,-22.64460113047025,-31.513664704854026,885.7142857142857,-1.0,-1.0,0.22407789533569622,
2023-07-31 13:42:46.430000,3.4096385542168677,8.578313253012048,-2.4096385542168677,9.030042918454935,4.13182096873084,-1.8859595340282034,3.0,0.22932622932622934,4360.600193610842,-34.141833226501944,-16.934677466348113,-30.82664180409067,846.1538461538461,-1.0,-1.0,0.22411970855489152,
2023-07-31 13:42:46.438000,3.3734939759036147,8.686746987951807,-2.4096385542168677,9.027590435315757,4.055793991416309,-1.8786020846106681,3.0,0.22977022977022976,4352.173913043478,-37.56168055474622,-16.354524794592386,-36.62816852164792,809.5238095238095,-1.0,-1.0,0.2241625541256889,
2023-07-31 13:42:46.445000,3.2650602409638556,8.74698795180723,-2.3493975903614457,9.110974862047822,3.8179031269160024,-1.8957694665849172,3.0,0.22977022977022976,4352.173913043478,-39.83648971505156,-17.240020977798494,-44.06328302546471,777.2893772893773,-1.0,-1.0,0.22420644720976438,
2023-07-31 13:42:46.453000,3.060240963855422,8.674698795180724,-2.27710843373494,9.005518087063152,3.518700183936235,-1.6627835683629675,3.0,0.22977022977022976,4352.173913043478,-45.34794009673095,-17.499562962531318,-48.490763941495246,756.043956043956,-1.0,-1.0,0.22425140236625815,
2023-07-31 13:42:46.461000,2.771084337349398,8.55421686746988,-2.1566265060240966,8.83874923359902,3.239117106069896,-1.4812998160637645,3.0,0.22977022977022976,4352.173913043478,-47.454810325738585,-17.850708000699257,-52.24648913233494,747.2527472527472,-1.0,-1.0,0.22429743344629025,
2023-07-31 13:42:46.468000,2.5421686746987953,8.409638554216867,-2.0843373493975905,8.750459840588595,3.006131207847946,-1.4150827713059473,3.0,0.23021423021423018,4343.780135004822,-46.09603169978439,-19.95757822970689,-56.628168521647915,746.5201465201465,-1.0,-1.0,0.22434455332740869,
2023-07-31 13:42:46.476000,2.3855421686746987,8.313253012048193,-2.072289156626506,8.664622930717352,2.765787860208461,-1.3586756591048437,3.0,0.23021423021423018,4343.780135004822,-42.508245440242405,-22.30872326787483,-58.94877920867082,753.113553113553,-1.0,-1.0,0.22439277382841327,
2023-07-31 13:42:46.483000,2.2650602409638556,8.337349397590362,-2.0120481927710845,8.782342121397916,2.554874310239117,-1.4126302881667687,3.0,0.22977022977022976,4352.173913043478,-40.66091719596759,-25.377425557951167,-57.544199055999066,769.9633699633699,-1.0,-1.0,0.22444210591230543,
2023-07-31 13:42:46.491000,2.108433734939759,8.493975903614459,-2.0,8.949110974862048,2.3979153893316982,-1.3537706928264868,3.0,0.22977022977022976,4352.173913043478,-39.65328360818133,-27.056814870928264,-52.673970048365476,791.2087912087911,-1.0,-1.0,0.22449255927319903,
2023-07-31 13:42:46.499000,1.963855421686747,8.710843373493976,-1.9879518072289157,9.113427345187,2.331698344573881,-1.3120784794604536,3.0,0.22932622932622934,4360.600193610842,-38.01969582192179,-27.072082046500785,-48.53656546821281,817.5824175824175,-1.0,-1.0,0.22454414206312698,
2023-07-31 13:42:46.506000,1.9397590361445785,8.891566265060241,-1.9879518072289157,9.299816063764561,2.361128142244022,-1.361128142244022,3.0,0.22977022977022976,4352.173913043478,-35.21053551657828,-26.339257619019868,-47.77320668958685,847.6190476190476,-1.0,-1.0,0.22459686091821335,
2023-07-31 13:42:46.514000,1.9397590361445785,9.060240963855422,-2.024096385542169,9.466584917228694,2.4690374003678723,-1.4788473329245861,3.0,0.22977022977022976,4352.173913043478,-33.65328360818133,-26.568265252607656,-49.864809743021965,878.3882783882783,-1.0,-1.0,0.22465072082696674,
2023-07-31 13:42:46.522000,1.9397590361445785,9.132530120481928,-2.0481927710843375,9.498467198038012,2.39546290619252,-1.4396076026977314,3.0,0.22977022977022976,4352.173913043478,-33.683817959326376,-27.94231105413437,-52.06328302546471,905.4945054945055,-1.0,-1.0,0.2247057249254388,
2023-07-31 13:42:46.529000,1.8554216867469882,9.084337349397591,-1.9397590361445785,9.45677498467198,2.2900061312078477,-1.3439607602697732,3.0,0.22977022977022976,4352.173913043478,-36.23343627993706,-29.560631664821393,-53.116718139968526,934.065934065934,-1.0,-1.0,0.22476187443347725,
2023-07-31 13:42:46.537000,1.6987951807228916,9.012048192771084,-1.8192771084337351,9.380748007357449,2.0717351318209687,-1.1722869405272838,3.0,0.22977022977022976,4352.173913043478,-37.72961948604393,-30.17131868772216,-52.79610745294563,961.172161172161,-1.0,-1.0,0.224819168711728,
2023-07-31 13:42:46.545000,1.530120481927711,8.963855421686748,-1.7349397590361446,9.336603310852237,1.9172286940527283,-1.0545677498467196,3.0,0.22977022977022976,4352.173913043478,-37.683817959326376,-30.61406677932521,-53.040382262105936,984.6153846153845,-1.0,-1.0,0.22487760517375638,
2023-07-31 13:42:46.552000,1.457831325301205,8.903614457831326,-1.5783132530120483,9.201716738197424,1.8019619865113425,-0.9540159411404046,3.0,0.22977022977022976,4352.173913043478,-36.08076452421187,-32.27818891672979,-52.94877920867082,1010.9890109890109,-1.0,-1.0,0.22493717906436703,
2023-07-31 13:42:46.560000,1.3614457831325302,8.831325301204819,-1.5060240963855422,9.189454322501533,1.662170447578173,-0.8264868179031268,3.0,0.22977022977022976,4352.173913043478,-36.950993531845455,-36.06444845871452,-51.864809743021965,1042.4908424908424,-1.0,-1.0,0.22499788354125896,
2023-07-31 13:42:46.568000,1.2891566265060241,8.807228915662652,-1.3253012048192772,9.13059472716125,1.5836909871244633,-0.7112201103617413,3.0,0.22977022977022976,4352.173913043478,-38.37084086008973,-40.6904026571878,-49.78847386515937,1082.051282051282,-1.0,-1.0,0.22505970973112022,
2023-07-31 13:42:46.575000,1.1927710843373494,8.807228915662652,-1.1686746987951808,9.167381974248926,1.5199264255058245,-0.4782342121397915,3.0,0.22977022977022976,4352.173913043478,-38.92045918070042,-45.041547695355746,-48.53656546821281,1133.3333333333333,-1.0,-1.0,0.22512264665418974,
2023-07-31 13:42:46.583000,1.144578313253012,8.843373493975903,-1.0481927710843375,9.182096873083998,1.5174739423666461,-0.34580012262415694,3.0,0.22932622932622934,4360.600193610842,-38.92045918070042,-45.041547695355746,-48.53656546821281,1197.8021978021977,-1.0,-1.0,0.22518668128460925,
2023-07-31 13:42:46.591000,1.108433734939759,8.927710843373495,-1.0843373493975905,9.341508277130595,1.4659717964438994,-0.38994481912936846,3.0,0.22932622932622934,4360.600193610842,-37.500611852456146,-48.15605151214964,-47.177786842258605,1271.062271062271,-1.0,-1.0,0.225251798320787,
2023-07-31 13:42:46.598000,1.1686746987951808,9.072289156626507,-1.216867469879518,9.50091968117719,1.5321888412017166,-0.5787860208461066,3.0,0.22932622932622934,4360.600193610842,-34.325039333372175,-49.02628051978323,-45.864809743021965,1354.5787545787546,-1.0,-1.0,0.2253179802307161,
2023-07-31 13:42:46.606000,1.2048192771084338,9.216867469879519,-1.349397590361446,9.648068669527897,1.6057633353770693,-0.7283874923359902,3.0,0.22932622932622934,4360.600193610842,-31.622749257036297,-47.89650952741681,-44.368626536915095,1446.153846153846,-1.0,-1.0,0.2253852068898065,
2023-07-31 13:42:46.614000,1.216867469879518,9.313253012048193,-1.457831325301205,9.743715511955855,1.6719803801348865,-0.9245861434702636,3.0,0.22932622932622934,4360.600193610842,-30.080764524211872,-45.53009731367636,-42.994580735388375,1538.4615384615383,-1.0,-1.0,0.2254534551611364,
2023-07-31 13:42:46.621000,1.2048192771084338,9.325301204819278,-1.6144578313253013,9.716738197424892,1.7063151440833844,-1.0889025137952175,3.0,0.22932622932622934,4360.600193610842,-29.989161470776757,-43.07208204650078,-42.97931355981586,1627.106227106227,-1.0,-1.0,0.22552269919615156,
2023-07-31 13:42:46.629000,1.2409638554216869,9.253012048192772,-1.710843373493976,9.638258736971183,1.7431023911710606,-1.1624770079705702,3.0,0.22932622932622934,4360.600193610842,-30.844123302837826,-39.97284540527941,-45.10145096439601,1707.6923076923076,-1.0,-1.0,0.22559291057256262,
2023-07-31 13:42:46.637000,1.216867469879518,9.120481927710843,-1.6987951807228916,9.437155119558552,1.6744328632740648,-1.1060698957694666,3.0,0.22932622932622934,4360.600193610842,-31.775421012761488,-37.1636850999359,-48.59763417050288,1778.021978021978,-1.0,-1.0,0.22566405829156858,
2023-07-31 13:42:46.644000,1.144578313253012,8.951807228915664,-1.6144578313253013,9.258123850398528,1.5738810545677497,-0.9957081545064377,3.0,0.22932622932622934,4360.600193610842,-32.73725307383019,-34.537730901462616,-51.13198531554105,1838.8278388278386,-1.0,-1.0,0.22573610892265952,
2023-07-31 13:42:46.652000,1.0481927710843375,8.867469879518072,-1.4819277108433735,9.137952176578786,1.4414469650521151,-0.8461066830165542,3.0,0.22932622932622934,4360.600193610842,-33.04259658528057,-31.4842957869588,-53.37626012470135,1887.9120879120878,-1.0,-1.0,0.22580902659830004,
2023-07-31 13:42:46.660000,0.9277108433734941,8.807228915662652,-1.385542168674699,9.147762109135499,1.3335377069282648,-0.7136725935009196,3.0,0.22932622932622934,4360.600193610842,-33.073130936425606,-28.49192937474506,-55.69687081172425,1929.6703296703295,-1.0,-1.0,0.22588277289014547,
2023-07-31 13:42:46.667000,0.8313253012048193,8.867469879518072,-1.2771084337349399,9.309625996321275,1.1250766400980992,-0.6204782342121398,3.0,0.22932622932622934,4360.600193610842,-32.30977215779966,-26.858341588485516,-57.28465707126624,1966.3003663003662,-1.0,-1.0,0.22595730670484712,
2023-07-31 13:42:46.675000,0.6626506024096386,9.0,-1.0602409638554218,9.449417535254444,0.9264255058246474,-0.3973022685469037,3.0,0.22932622932622934,4360.600193610842,-31.11893246314317,-27.8049064739817,-57.66633646057922,1996.3369963369962,-1.0,-1.0,0.22603258434809087,
2023-07-31 13:42:46.683000,0.46987951807228917,9.156626506024097,-0.9397590361445783,9.599019006744328,0.7792765174739423,-0.27467811158798283,3.0,0.22977022977022976,4352.173913043478,-30.63038284482256,-30.812540061767958,-57.895344094167,2023.4432234432234,-1.0,-1.0,0.22610855972536728,
2023-07-31 13:42:46.690000,0.28915662650602414,9.301204819277109,-0.819277108433735,9.726548129981605,0.6811771919068056,-0.19865113427345185,3.0,0.22977022977022976,4352.173913043478,-30.569314142532484,-35.28582250451605,-58.94877920867082,2050.5494505494503,-1.0,-1.0,0.22618518455203346,
2023-07-31 13:42:46.698000,0.18072289156626506,9.373493975903616,-0.783132530120482,9.800122624156959,0.5561005518087063,-0.19865113427345185,3.0,0.22977022977022976,4352.173913043478,-31.363207272303473,-40.21712021443972,-60.2922906590525,2082.0512820512818,-1.0,-1.0,0.22626240844518639,
2023-07-31 13:42:46.706000,0.10843373493975904,9.325301204819278,-0.783132530120482,9.760882893930104,0.4629061925199264,-0.23789086450030655,3.0,0.22932622932622934,4360.600193610842,-32.34030650894469,-46.79727288619544,-62.39916088806013,2117.2161172161173,-1.0,-1.0,0.22634017886571411,
2023-07-31 13:42:46.713000,0.08433734939759037,9.216867469879519,-0.8072289156626506,9.537706928264868,0.44328632740649904,-0.2550582464745555,3.0,0.22932622932622934,4360.600193610842,-34.84412330283782,-53.39269273352368,-64.35335936134257,2153.113553113553,-1.0,-1.0,0.2264184410589543,
2023-07-31 13:42:46.721000,0.07228915662650603,9.048192771084338,-0.819277108433735,9.383200490496627,0.45309625996321273,-0.2207234825260576,3.0,0.22932622932622934,4360.600193610842,-36.92045918070042,-59.07208204650078,-65.71213798729677,2188.2783882783883,-1.0,-1.0,0.22649713813171543,
2023-07-31 13:42:46.729000,0.03614457831325302,8.903614457831326,-0.7951807228915663,9.167381974248926,0.37461679950950333,-0.18148375229920294,3.0,0.22932622932622934,4360.600193610842,-38.828856127265304,-63.54536448924888,-67.11671813996853,2218.3150183150183,-1.0,-1.0,0.22657621129693098,
2023-07-31 13:42:46.736000,-0.04819277108433735,8.783132530120483,-0.746987951807229,9.118332311465359,0.325567136725935,-0.08338442673206621,3.0,0.22932622932622934,4360.600193610842,-39.8670240661966,-66.93467746634812,-68.09381737660975,2243.223443223443,-1.0,-1.0,0.22665559998777954,
2023-07-31 13:42:46.744000,-0.13253012048192772,8.72289156626506,-0.6506024096385542,9.108522378908644,0.21030042918454933,0.07112201103617412,3.0,0.22977022977022976,4352.173913043478,-39.79068818833401,-68.3545247945924,-69.55946623157158,2262.271062271062,-1.0,-1.0,0.2267352419796944,
2023-07-31 13:42:46.752000,-0.26506024096385544,8.72289156626506,-0.5783132530120483,9.09871244635193,0.13733905579399142,0.056407112201103615,3.0,0.22932622932622934,4360.600193610842,-38.996795058563016,-68.049181283142,-71.75793951401432,2273.260073260073,-1.0,-1.0,0.22681507366918183,
2023-07-31 13:42:46.759000,-0.3493975903614458,8.771084337349398,-0.5783132530120483,9.191906805640711,-0.01778050275904353,0.08828939301042305,3.0,0.22932622932622934,4360.600193610842,-38.43190956237981,-67.78963929840918,-73.6510692850067,2276.190476190476,-1.0,-1.0,0.2268950302217892,
2023-07-31 13:42:46.767000,-0.43373493975903615,8.867469879518072,-0.5662650602409639,9.282648681790311,-0.1502145922746781,0.06376456161863887,3.0,0.22932622932622934,4360.600193610842,-36.78305460054775,-67.69803624497408,-74.99458073538838,2268.8644688644686,-1.0,-1.0,0.2269750455360903,
2023-07-31 13:42:46.775000,-0.5060240963855422,9.024096385542169,-0.43373493975903615,9.451870018393622,-0.2188841201716738,0.15695892090741875,3.0,0.22932622932622934,4360.600193610842,-36.17236757764698,-68.94994464192064,-75.95641279645707,2251.2820512820513,-1.0,-1.0,0.22705505238411455,
2023-07-31 13:42:46.782000,-0.5783132530120483,9.144578313253012,-0.3132530120481928,9.518087063151441,-0.24831391784181484,0.39239730226854685,3.0,0.22977022977022976,4352.173913043478,-36.05023017306683,-70.50719655031759,-76.64343569722044,2226.3736263736264,-1.0,-1.0,0.22713498256778894,
2023-07-31 13:42:46.790000,-0.6385542168674699,9.289156626506024,-0.10843373493975904,9.694665849172287,-0.31698344573881054,0.5297363580625383,3.0,0.22932622932622934,4360.600193610842,-36.386108035662254,-72.58353242818018,-77.94114562088456,2195.6043956043954,-1.0,-1.0,0.22721476722959555,
2023-07-31 13:42:46.798000,-0.674698795180723,9.373493975903616,0.060240963855421686,9.802575107296137,-0.37339055793991416,0.7946045370938074,3.0,0.22977022977022976,4352.173913043478,-36.78305460054775,-74.94994464192064,-79.97167997202959,2158.974358974359,-1.0,-1.0,0.2272943368908688,
2023-07-31 13:42:46.805000,-0.7590361445783133,9.433734939759036,0.1927710843373494,9.824647455548742,-0.36112814224402207,0.8755364806866952,3.0,0.22977022977022976,4352.173913043478,-37.28687139444088,-78.32399044344736,-82.12435172775479,2116.4835164835163,-1.0,-1.0,0.22737362161162258,
2023-07-31 13:42:46.813000,-0.855421686746988,9.433734939759036,0.14457831325301207,9.814837522992029,-0.437155119558553,0.7651747394236664,3.0,0.22932622932622934,4360.600193610842,-37.2258026921508,-80.90414311520308,-84.8571761552357,2070.32967032967,-1.0,-1.0,0.22745255146272067,
2023-07-31 13:42:46.821000,-0.9518072289156627,9.44578313253012,0.14457831325301207,9.782955242182709,-0.5107296137339056,0.7234825260576333,3.0,0.22977022977022976,4352.173913043478,-37.57694773031874,-84.11024998543209,-88.87244333080822,2019.0476190476188,-1.0,-1.0,0.22753105625568773,
2023-07-31 13:42:46.828000,-1.0843373493975905,9.421686746987952,0.21686746987951808,9.778050275904352,-0.7633353770692826,0.7872470876762722,3.0,0.22977022977022976,4352.173913043478,-39.638016432608815,-87.14841792436339,-92.35335936134257,1963.3699633699632,-1.0,-1.0,0.22760906572152756,
2023-07-31 13:42:46.836000,-1.3012048192771084,9.325301204819278,0.3373493975903615,9.648068669527897,-0.9914163090128755,0.9834457388105456,3.0,0.22977022977022976,4352.173913043478,-41.3021385700134,-91.33162403123362,-96.47549676592273,1904.0293040293038,-1.0,-1.0,0.22768650986038344,
2023-07-31 13:42:46.843000,-1.530120481927711,9.204819277108435,0.42168674698795183,9.59656652360515,-1.229307173513182,1.0521152667075413,3.0,0.22977022977022976,4352.173913043478,-41.8670240661966,-94.40032632130995,-101.59000058271661,1841.0256410256409,-1.0,-1.0,0.227763319142591,
2023-07-31 13:42:46.851000,-1.674698795180723,9.060240963855422,0.3614457831325301,9.339055793991415,-1.334763948497854,1.0521152667075413,3.0,0.22977022977022976,4352.173913043478,-41.08839811199813,-96.26292174115727,-106.73503875065555,1779.4871794871794,-1.0,-1.0,0.22783942467821378,
2023-07-31 13:42:46.859000,-1.8433734939759037,8.951807228915664,0.30120481927710846,9.19435928877989,-1.4426732066217045,0.9908031882280809,3.0,0.22977022977022976,4352.173913043478,-41.08839811199813,-96.26292174115727,-106.73503875065555,1720.8791208791208,-1.0,-1.0,0.22791475826830984,
2023-07-31 13:42:46.866000,-1.9156626506024097,8.879518072289157,0.27710843373493976,9.22378908645003,-1.6143470263641937,1.0079705702023298,3.0,0.22977022977022976,4352.173913043478,-38.950993531845455,-98.38505914573743,-111.71213798729677,1663.7362637362637,-1.0,-1.0,0.22798925273172183,
2023-07-31 13:42:46.874000,-2.0120481927710845,8.951807228915664,0.27710843373493976,9.336603310852237,-1.768853464132434,1.049662783568363,3.0,0.22977022977022976,4352.173913043478,-36.59984849367752,-101.07208204650078,-115.26938989569372,1605.128205128205,-1.0,-1.0,0.2280628419419503,
2023-07-31 13:42:46.882000,-2.144578313253012,9.096385542168676,0.30120481927710846,9.466584917228694,-1.89883507050889,1.0275904353157572,3.0,0.22977022977022976,4352.173913043478,-34.01969582192179,-102.69040265718782,-118.10908455218227,1539.9267399267399,-1.0,-1.0,0.22813546102059226,
2023-07-31 13:42:46.889000,-2.240963855421687,9.289156626506024,0.30120481927710846,9.633353770692827,-1.9061925199264254,0.9491109748620478,3.0,0.22977022977022976,4352.173913043478,-30.111298875356912,-104.5224637258901,-121.04038226210594,1462.2710622710622,-1.0,-1.0,0.22820704665515323,
2023-07-31 13:42:46.897000,-2.313253012048193,9.397590361445783,0.3132530120481928,9.787860208461066,-1.9871244635193133,0.9368485591661557,3.0,0.22977022977022976,4352.173913043478,-27.65328360818134,-107.08734922207331,-124.44496241477769,1362.6373626373625,-1.0,-1.0,0.22827753726385036,
2023-07-31 13:42:46.905000,-2.3493975903614457,9.421686746987952,0.27710843373493976,9.795217657878602,-2.0239117106069893,0.8362967504598405,3.0,0.22977022977022976,4352.173913043478,-27.515879028028667,-110.56826525260766,-128.03274867431966,1236.6300366300366,-1.0,-1.0,0.22834687315604565,
2023-07-31 13:42:46.912000,-2.4216867469879517,9.397590361445783,0.12048192771084337,9.724095646842427,-2.068056407112201,0.6302881667688535,3.0,0.22977022977022976,4352.173913043478,-28.950993531845462,-113.42322708466872,-131.63580210943417,1083.5164835164835,-1.0,-1.0,0.2284149966876645,
2023-07-31 13:42:46.920000,-2.5903614457831328,9.265060240963855,-0.0963855421686747,9.56468424279583,-2.2716125076640097,0.40220723482526055,3.0,0.23021423021423018,4343.780135004822,-30.12656605092943,-112.843074412913,-136.00221432317463,906.9597069597069,-1.0,-1.0,0.2284818524109755,
2023-07-31 13:42:46.928000,-2.819277108433735,9.072289156626507,-0.22891566265060243,9.280196198651133,-2.507050889025138,0.3384426732066217,3.0,0.23021423021423018,4343.780135004822,-32.01969582192179,-107.42322708466872,-140.49076394149523,716.4835164835164,-1.0,-1.0,0.2285473872286716,
2023-07-31 13:42:46.935000,-3.132530120481928,8.891566265060241,-0.20481927710843376,9.108522378908644,-2.7988963825873694,0.34825260576333533,3.0,0.22977022977022976,4352.173913043478,-33.74488666161645,-98.49192937474507,-145.37626012470136,539.1941391941392,-1.0,-1.0,0.22861155057283536,
2023-07-31 13:42:46.943000,-3.5060240963855422,8.783132530120483,-0.1566265060240964,9.071735131820969,-3.2673206621704476,0.5125689760882893,3.0,0.23021423021423018,4343.780135004822,-34.09603169978439,-89.63696754268399,-149.77320668958686,400.0,-1.0,-1.0,0.22867429439590736,
2023-07-31 13:42:46.951000,-3.879518072289157,8.734939759036145,0.060240963855421686,8.988350705088902,-3.539546290619252,0.7872470876762722,3.0,0.23021423021423018,4343.780135004822,-32.72198589825767,-82.65986830604277,-153.45259600256395,326.00732600732596,-1.0,-1.0,0.2287355734202974,
2023-07-31 13:42:46.958000,-4.1807228915662655,8.674698795180724,0.2530120481927711,9.003065603923973,-4.142857142857142,0.944206008583691,3.0,0.22977022977022976,4352.173913043478,-30.920459180700423,-79.14841792436339,-156.07855020103722,336.996336996337,-1.0,-1.0,0.2287953454114908,
2023-07-31 13:42:46.966000,-4.530120481927711,8.72289156626506,0.5903614457831325,8.99080318822808,-4.429797670141017,1.2360515021459226,3.0,0.23021423021423018,4343.780135004822,-29.607482081463782,-75.20948662665346,-157.6663364605792,432.96703296703294,-1.0,-1.0,0.2288535711342394,
2023-07-31 13:42:46.974000,-4.759036144578314,8.72289156626506,0.9759036144578314,9.025137952176578,-4.650521152667075,1.6799509503372163,3.0,0.23021423021423018,4343.780135004822,-29.012062234135538,-73.11788357321835,-158.65870287279296,601.4652014652014,-1.0,-1.0,0.22891021441740628,
2023-07-31 13:42:46.981000,-4.963855421686747,8.734939759036145,1.2771084337349399,9.0226854690374,-4.814837522992029,1.9619865113427344,3.0,0.23021423021423018,4343.780135004822,-29.882291241769124,-73.17895227550842,-158.94877920867083,824.9084249084249,-1.0,-1.0,0.22896524227251305,
2023-07-31 13:42:46.989000,-5.0843373493975905,8.710843373493976,1.4457831325301205,8.973635806253832,-5.03065603923973,2.1630901287553645,3.0,0.23021423021423018,4343.780135004822,-27.897558417341646,-76.06444845871452,-158.41442806363264,1071.7948717948718,-1.0,-1.0,0.22901862498142844,
2023-07-31 13:42:46.997000,-5.204819277108434,8.650602409638555,1.4096385542168675,8.922133660331085,-5.084610668301655,2.0232985898221947,3.0,0.23021423021423018,4343.780135004822,-25.393741623448513,-78.85834158848552,-158.84190897966317,1318.6813186813185,-1.0,-1.0,0.22907033616349526,
2023-07-31 13:42:47.004000,-5.27710843373494,8.578313253012048,1.144578313253012,8.851011649294911,-5.165542611894543,1.7290006131207847,3.0,0.23021423021423018,4343.780135004822,-22.47771108909737,-80.99574616863819,-159.895344094167,1544.3223443223442,-1.0,-1.0,0.2291203528323603,
2023-07-31 13:42:47.012000,-5.313253012048193,8.493975903614459,0.8072289156626506,8.765174739423665,-5.158185162477007,1.3341508277130594,3.0,0.23021423021423018,4343.780135004822,-20.386108035662254,-82.5224637258901,-161.94114562088456,1736.9963369963368,-1.0,-1.0,0.22916865544226683,
2023-07-31 13:42:47.020000,-5.337349397590362,8.3855421686747,0.49397590361445787,8.600858369098711,-5.241569589209074,1.0668301655426118,3.0,0.23065823065823063,4335.418671799808,-19.34794009673096,-83.19421945108094,-162.71977157508303,1887.179487179487,-1.0,-1.0,0.22921522792361299,
2023-07-31 13:42:47.027000,-5.325301204819278,8.27710843373494,0.44578313253012053,8.561618638871858,-5.24892703862661,1.0177805027590434,3.0,0.23065823065823063,4335.418671799808,-19.180001165433247,-81.25528815337101,-162.4602295903502,1996.3369963369962,-1.0,-1.0,0.22926005785691783,
2023-07-31 13:42:47.035000,-5.289156626506024,8.19277108433735,0.5301204819277109,8.473329245861434,-5.187614960147148,1.1673819742489269,3.0,0.23065823065823063,4335.418671799808,-17.989161470776757,-77.5606316648214,-160.04801584989218,2067.399267399267,-1.0,-1.0,0.22930313664712612,
2023-07-31 13:42:47.043000,-5.349397590361446,8.072289156626507,0.7590361445783133,8.264868179031268,-5.283261802575107,1.4224402207234825,3.0,0.23065823065823063,4335.418671799808,-16.15710040207447,-74.21712021443972,-158.26175630790746,2103.296703296703,-1.0,-1.0,0.22934445950754148,
2023-07-31 13:42:47.050000,-5.457831325301205,7.9397590361445785,0.9036144578313253,8.191293684855916,-5.339668914776211,1.5352544451256898,3.0,0.23110223110223108,4327.089337175793,-14.523512615814926,-69.42322708466872,-157.5747334071441,2113.5531135531132,-1.0,-1.0,0.2293840252848823,
2023-07-31 13:42:47.058000,-5.542168674698796,7.734939759036145,1.1204819277108435,7.9362354383813605,-5.4622930717351315,1.7633353770692826,3.0,0.23110223110223108,4327.089337175793,-14.523512615814926,-64.55299807703514,-158.15488607889984,2106.227106227106,-1.0,-1.0,0.22942183644425057,
2023-07-31 13:42:47.066000,-5.674698795180723,7.518072289156627,1.349397590361446,7.759656652360515,-5.555487431023911,2.0331085223789085,3.0,0.23110223110223108,4327.089337175793,-14.599848493677522,-61.95757822970689,-159.84954256744945,2087.179487179487,-1.0,-1.0,0.22945789906478828,
2023-07-31 13:42:47.073000,-5.843373493975904,7.301204819277109,1.4819277108433735,7.4923359901900675,-5.739423666462293,2.1091354996934393,3.0,0.23110223110223108,4327.089337175793,-13.867024066196606,-59.85070800069926,-161.13198531554104,2059.3406593406594,-1.0,-1.0,0.22949222252656606,
2023-07-31 13:42:47.081000,-6.048192771084338,7.060240963855422,1.530120481927711,7.293684855916615,-5.969957081545064,2.148375229920294,3.0,0.2315462315462315,4318.7919463087255,-12.370840860089736,-57.927043878561854,-163.37626012470136,2027.8388278388277,-1.0,-1.0,0.22952481948461972,
2023-07-31 13:42:47.089000,-6.265060240963856,6.891566265060241,1.530120481927711,7.087676272225628,-6.153893316983446,2.148375229920294,3.0,0.23110223110223108,4327.089337175793,-11.271604218868362,-54.70566983276033,-165.4067944758464,1997.069597069597,-1.0,-1.0,0.22955570610935813,
2023-07-31 13:42:47.096000,-6.445783132530121,6.759036144578314,1.5060240963855422,6.960147148988351,-6.377069282648681,2.0527283874923357,3.0,0.2315462315462315,4318.7919463087255,-10.79832177612027,-49.102616397645825,-166.33809218577005,1967.032967032967,-1.0,-1.0,0.22958490189087113,
2023-07-31 13:42:47.104000,-6.614457831325302,6.614457831325302,1.4096385542168675,6.842427958307786,-6.5144083384426725,1.9742489270386265,3.0,0.2315462315462315,4318.7919463087255,-10.889924829555385,-45.102616397645825,-166.1396189033273,1942.8571428571427,-1.0,-1.0,0.22961242941245144,
2023-07-31 13:42:47.112000,-6.686746987951808,6.566265060240964,1.4337349397590362,6.79092581238504,-6.659104843654199,1.9668914776210913,3.0,0.2315462315462315,4318.7919463087255,-11.424275974593552,-42.797272886195444,-165.2693898956937,1918.6813186813185,-1.0,-1.0,0.2296383144442122,
2023-07-31 13:42:47.119000,-6.783132530120482,6.506024096385542,1.566265060240964,6.700183936235438,-6.75229920294298,2.160637645616186,3.0,0.23110223110223108,4327.089337175793,-13.103665287570653,-40.369791970164904,-164.8724433308082,1901.098901098901,-1.0,-1.0,0.22966258585749394,
2023-07-31 13:42:47.127000,-6.91566265060241,6.373493975903615,1.9156626506024097,6.516247700797057,-6.896995708154506,2.481912936848559,3.0,0.2315462315462315,4318.7919463087255,-15.13419963871569,-35.97284540527941,-164.44496241477768,1887.9120879120878,-1.0,-1.0,0.22968527537107156,
2023-07-31 13:42:47.135000,-7.072289156626506,6.1084337349397595,2.096385542168675,6.236664622930717,-7.068669527896995,2.6462293071735132,3.0,0.23199023199023197,4310.526315789474,-15.13419963871569,-35.97284540527941,-164.44496241477768,1878.3882783882782,-1.0,-1.0,0.22970641756612997,
2023-07-31 13:42:47.142000,-7.19277108433735,5.843373493975904,2.1927710843373496,5.947271612507664,-7.2182709993868786,2.739423666462293,3.0,0.23199023199023197,4310.526315789474,-16.584581318105002,-28.873608764058037,-164.30755783462502,1870.3296703296703,-1.0,-1.0,0.22972604993580323,
2023-07-31 13:42:47.150000,-7.409638554216868,5.506024096385542,2.27710843373494,5.679950950337216,-7.409564684242795,2.793378295524218,3.0,0.2324342324342324,4302.292263610316,-17.683817959326376,-23.728570596119106,-164.23122195676243,1864.4688644688642,-1.0,-1.0,0.22974421266152104,
2023-07-31 13:42:47.158000,-7.590361445783133,5.204819277108434,2.4096385542168677,5.285101164929491,-7.659717964438994,2.9675045984058857,3.0,0.2324342324342324,4302.292263610316,-18.294504982227142,-17.63696754268399,-164.15488607889984,1860.07326007326,-1.0,-1.0,0.2297609486395432,
2023-07-31 13:42:47.165000,-7.879518072289157,4.879518072289157,2.5542168674698797,5.037400367872471,-8.103617412630287,3.0901287553648067,3.0,0.2324342324342324,4302.292263610316,-18.248703455509585,-14.552998077035138,-163.8037410407319,1856.4102564102564,-1.0,-1.0,0.22977630336389218,
2023-07-31 13:42:47.173000,-8.204819277108435,4.626506024096386,2.5903614457831328,4.738197424892704,-8.45677498467198,3.1195585530349477,3.0,0.2324342324342324,4302.292263610316,-16.889924829555383,-15.255288153371016,-162.24648913233494,1851.2820512820513,-1.0,-1.0,0.22979032478398367,
2023-07-31 13:42:47.181000,-8.216867469879519,4.566265060240964,2.63855421686747,4.828939301042305,-8.22378908645003,3.274064990803188,3.0,0.2324342324342324,4302.292263610316,-15.48534467688363,-19.66750189382903,-160.09381737660973,1844.6886446886447,-1.0,-1.0,0.22980306313747528,
2023-07-31 13:42:47.188000,-8.867469879518072,4.36144578313253,2.7590361445783134,4.576333537706928,-9.087063151440834,3.3182096873083995,3.0,0.2324342324342324,4302.292263610316,-14.508245440242408,-27.713303420546584,-158.10908455218225,1835.164835164835,-1.0,-1.0,0.22981457065163335,
2023-07-31 13:42:47.196000,-9.253012048192772,4.253012048192772,2.8313253012048194,4.389944819129369,-9.442673206621704,3.445738810545677,3.0,0.2324342324342324,4302.292263610316,-14.034962997494317,-35.988112580851926,-156.52129829264027,1821.9780219780218,-1.0,-1.0,0.22982490125171012,
2023-07-31 13:42:47.204000,-9.530120481927712,4.1084337349397595,2.819277108433735,4.250153280196199,-9.751686082158185,3.396689147762109,3.0,0.2324342324342324,4302.292263610316,-13.943359944059202,-45.95757822970689,-154.39916088806012,1804.3956043956043,-1.0,-1.0,0.22983411042545301,
2023-07-31 13:42:47.211000,-9.734939759036145,3.987951807228916,2.746987951807229,4.127529123237277,-9.893930104230533,3.2789699570815447,3.0,0.23287823287823287,4294.089609151573,-13.699085134898896,-58.47666219917254,-152.5976341705029,1781.6849816849815,-1.0,-1.0,0.2298422553515119,
2023-07-31 13:42:47.219000,-9.74698795180723,3.843373493975904,2.698795180722892,3.958307786633967,-9.933169834457388,3.251992642550582,3.0,0.23287823287823287,4294.089609151573,-14.111298875356912,-69.5606316648214,-150.2006876056174,1748.7179487179485,-1.0,-1.0,0.22984939486699046,
2023-07-31 13:42:47.226000,-9.542168674698795,3.7469879518072293,2.771084337349398,3.867565910484365,-9.705088902513795,3.3697118332311464,3.0,0.23287823287823287,4294.089609151573,-15.180001165433248,-80.049181283142,-145.91061126973952,1710.6227106227104,-1.0,-1.0,0.22985558917876345,
2023-07-31 13:42:47.234000,-9.253012048192772,3.7108433734939763,2.9036144578313254,3.9215205395462904,-9.332311465358675,3.526670754138565,3.0,0.23287823287823287,4294.089609151573,-16.828856127265308,-91.42322708466872,-140.4754967659227,1668.131868131868,-1.0,-1.0,0.2298608995642779,
2023-07-31 13:42:47.242000,-9.0,3.662650602409639,3.0120481927710845,3.843041079092581,-9.025751072961373,3.5217657878602084,3.0,0.23287823287823287,4294.089609151573,-18.447176737952333,-101.42322708466872,-136.49076394149523,1628.5714285714284,-1.0,-1.0,0.2298653880721752,
2023-07-31 13:42:47.249000,-8.734939759036145,3.5903614457831328,3.0481927710843375,3.7106069895769465,-8.763335377069282,3.5708154506437766,3.0,0.23287823287823287,4294.089609151573,-21.210535516578286,-106.14078433657713,-134.03274867431966,1590.4761904761904,-1.0,-1.0,0.22986911752110833,
2023-07-31 13:42:47.257000,-8.506024096385543,3.4096385542168677,3.168674698795181,3.5634580012262416,-8.53525444512569,3.7522992029429796,3.0,0.23287823287823287,4294.089609151573,-24.79832177612027,-104.03391410756949,-132.58236699493037,1558.2417582417581,-1.0,-1.0,0.229872151329091,
2023-07-31 13:42:47.265000,-8.301204819277109,3.1566265060240966,3.493975903614458,3.2372777437155116,-8.329245861434702,4.142244022072348,3.0,0.2324342324342324,4302.292263610316,-28.401375211234775,-98.62933395489773,-130.84190897966317,1528.937728937729,-1.0,-1.0,0.22987455336527385,
2023-07-31 13:42:47.272000,-8.180722891566266,2.8313253012048194,3.8192771084337354,2.940527283874923,-8.250766400980993,4.43408951563458,3.0,0.23287823287823287,4294.089609151573,-30.416642386807293,-88.96521181749316,-129.14725249111356,1500.3663003663003,-1.0,-1.0,0.2298763877719112,
2023-07-31 13:42:47.280000,-8.144578313253012,2.4698795180722892,4.0602409638554215,2.553034947884733,-8.221336603310851,4.708767627222563,3.0,0.23287823287823287,4294.089609151573,-31.775421012761488,-73.94231105413438,-127.02511508653342,1464.4688644688645,-1.0,-1.0,0.22987771878846197,
2023-07-31 13:42:47.288000,-8.180722891566266,2.1204819277108435,4.325301204819278,2.219497240956468,-8.245861434702636,5.025137952176578,3.0,0.2333222333222333,4285.918173168411,-32.88992482955538,-56.858341588485516,-125.83427539187693,1408.7912087912086,-1.0,-1.0,0.22987861062028875,
2023-07-31 13:42:47.295000,-8.325301204819278,1.9156626506024097,4.518072289156627,2.057633353770693,-8.459227467811159,5.150214592274678,3.0,0.23287823287823287,4294.089609151573,-33.02732940970805,-39.83544082512674,-124.88771050638074,1321.6117216117216,-1.0,-1.0,0.229879127320826,
2023-07-31 13:42:47.303000,-8.566265060240964,1.7228915662650603,4.55421686746988,1.836909871244635,-8.716738197424892,5.135499693439607,3.0,0.2333222333222333,4285.918173168411,-32.24870345550958,-25.10261639764582,-124.0480158498922,1200.0,-1.0,-1.0,0.2298793326666837,
2023-07-31 13:42:47.311000,-8.903614457831326,1.530120481927711,4.46987951807229,1.601471489883507,-9.104230533415082,4.998160637645616,3.0,0.2333222333222333,4285.918173168411,-32.06549734863935,-14.415593496882465,-122.90297768195326,1057.8754578754579,-1.0,-1.0,0.22987929000505056,
2023-07-31 13:42:47.318000,-9.265060240963855,1.3734939759036144,4.301204819277109,1.4518700183936235,-9.413243408951564,4.824034334763948,3.0,0.2333222333222333,4285.918173168411,-31.37847444787599,-10.400326321309947,-121.94114562088456,921.6117216117216,-1.0,-1.0,0.2298790622756841,
2023-07-31 13:42:47.326000,-9.686746987951807,1.2048192771084338,4.120481927710844,1.2630288166768853,-9.969957081545063,4.686695278969957,3.0,0.2333222333222333,4285.918173168411,-29.59221490589126,-12.552998077035138,-120.91824485752578,827.8388278388278,-1.0,-1.0,0.22987871173962468,
2023-07-31 13:42:47.334000,-10.036144578313253,1.0481927710843375,3.987951807228916,1.1992642550582464,-10.124463519313304,4.5812385039852845,3.0,0.2333222333222333,4285.918173168411,-27.989161470776757,-21.60643319153895,-120.81137462851814,804.3956043956043,-1.0,-1.0,0.22987829985150984,
2023-07-31 13:42:47.341000,-10.313253012048193,0.9036144578313253,3.8674698795180724,0.9343960760269773,-10.563458001226241,4.380134886572654,3.0,0.2333222333222333,4285.918173168411,-26.218169104364545,-33.240020977798494,-120.36862653691509,868.8644688644688,-1.0,-1.0,0.22987788713696175,
2023-07-31 13:42:47.349000,-10.542168674698797,0.6144578313253012,3.734939759036145,0.6621704475781729,-10.793991416309012,4.274678111587982,3.0,0.2333222333222333,4285.918173168411,-24.6609171959676,-42.38505914573742,-120.03274867431968,1019.7802197802197,-1.0,-1.0,0.22987753307523617,
2023-07-31 13:42:47.357000,-10.457831325301205,0.3493975903614458,3.8192771084337354,0.38994481912936846,-10.58062538320049,4.397302268546904,3.0,0.2333222333222333,4285.918173168411,-23.79068818833401,-47.45376143581376,-118.20068760561738,1241.0256410256409,-1.0,-1.0,0.22987729598729653,
2023-07-31 13:42:47.364000,-10.180722891566266,0.21686746987951808,3.9397590361445785,0.3016554261189454,-10.168608215818516,4.505211526670754,3.0,0.2333222333222333,4285.918173168411,-23.882291241769124,-48.26292174115727,-116.689237223938,1506.9597069597069,-1.0,-1.0,0.22987723292944223,
2023-07-31 13:42:47.372000,-9.795180722891567,0.14457831325301207,4.120481927710844,0.22562844880441446,-9.786020846106682,4.748007357449417,3.0,0.2333222333222333,4285.918173168411,-24.61511566925004,-43.20948662665346,-117.40679447584638,1789.0109890109889,-1.0,-1.0,0.22987739959259723,
2023-07-31 13:42:47.380000,-9.44578313253012,0.07228915662650603,4.27710843373494,0.14714898835070508,-9.437768240343347,4.738197424892704,3.0,0.2333222333222333,4285.918173168411,-25.378474447875995,-32.62933395489773,-116.689237223938,2062.271062271062,-1.0,-1.0,0.22987785006858247,
2023-07-31 13:42:47.387000,-9.19277108433735,-0.04819277108433735,4.325301204819278,-0.06376456161863887,-9.283261802575106,4.824034334763948,3.0,0.2333222333222333,4285.918173168411,-27.9433599440592,-19.30108968008857,-114.8571761552357,2306.227106227106,-1.0,-1.0,0.2298786365038011,
2023-07-31 13:42:47.395000,-9.180722891566266,-0.26506024096385544,4.397590361445784,-0.23789086450030655,-9.454935622317596,4.954015941140405,3.0,0.23376623376623373,4277.777777777778,-29.92809276848668,-7.224753802225978,-110.10908455218227,2510.6227106227107,-1.0,-1.0,0.2298798092046037,
2023-07-31 13:42:47.403000,-9.542168674698795,-0.5180722891566265,4.481927710843374,-0.4512568976088289,-9.903740036787246,5.086450030656039,3.0,0.23376623376623373,4277.777777777778,-30.706718722685157,0.9279179534992129,-104.27702348347998,2672.527472527472,-1.0,-1.0,0.22988141686512928,
2023-07-31 13:42:47.410000,-10.072289156626507,-0.6987951807228916,4.493975903614458,-0.6621704475781729,-10.570815450643776,5.152667075413857,3.0,0.23376623376623373,4277.777777777778,-30.706718722685157,0.9279179534992129,-104.27702348347998,2794.8717948717945,-1.0,-1.0,0.22988350653464248,
2023-07-31 13:42:47.418000,-10.819277108433736,-1.0602409638554218,4.83132530120482,-1.1722869405272838,-11.441446965052114,5.4886572654813,3.0,0.2333222333222333,4285.918173168411,-29.882291241769124,2.6683759687663886,-97.2541227201212,2805.128205128205,-1.0,-1.0,0.22988612355986648,
2023-07-31 13:42:47.426000,-11.409638554216867,-1.2530120481927711,4.590361445783133,-1.2066217044757817,-11.740649908031882,5.088902513795217,3.0,0.23376623376623373,4277.777777777778,-32.47771108909737,-4.247654565584757,-91.54419905599906,2805.8608058608056,-1.0,-1.0,0.22988931151285205,
2023-07-31 13:42:47.433000,-11.614457831325302,-1.5421686746987953,4.807228915662651,-1.554874310239117,-11.931943592887798,5.518087063151441,3.0,0.23376623376623373,4277.777777777778,-32.325039333372175,-24.47666219917254,-87.22358836897617,2805.128205128205,-1.0,-1.0,0.22989311224294057,
2023-07-31 13:42:47.441000,-11.433734939759036,-1.7951807228915664,4.83132530120482,-1.6676885346413242,-11.625383200490496,5.50337216431637,3.0,0.23421023421023418,4269.668246445498,-29.515879028028667,-17.698036244974066,-83.34572577355631,2805.128205128205,-1.0,-1.0,0.22989756583900658,
2023-07-31 13:42:47.449000,-11.19277108433735,-1.7590361445783134,4.602409638554217,-1.7044757817290006,-11.318822808093193,5.150214592274678,3.0,0.23421023421023418,4269.668246445498,-23.851756890624088,-22.049181283142005,-78.79610745294563,2747.9853479853477,-1.0,-1.0,0.2299027105984205,
2023-07-31 13:42:47.456000,-10.879518072289157,-1.6987951807228916,4.746987951807229,-1.5303494788473329,-11.063764561618639,5.236051502145923,3.0,0.23376623376623373,4277.777777777778,-20.84412330283783,-43.13315074879086,-75.63580210943418,2632.234432234432,-1.0,-1.0,0.22990858287442037,
2023-07-31 13:42:47.464000,-10.457831325301205,-1.6144578313253013,4.9156626506024095,-1.4837522992029428,-10.600245248313918,5.508277130594727,3.0,0.23421023421023418,4269.668246445498,-24.46244391352485,-52.09498280985956,-71.94114562088456,2484.2490842490843,-1.0,-1.0,0.22991521691874472,
2023-07-31 13:42:47.472000,-9.987951807228916,-1.5903614457831325,4.710843373493976,-1.491109748620478,-9.967504598405885,5.265481299816064,3.0,0.23421023421023418,4269.668246445498,-25.92809276848668,-52.90414311520308,-68.27702348347998,2326.7399267399264,-1.0,-1.0,0.22992264497503806,
2023-07-31 13:42:47.479000,-9.44578313253012,-1.602409638554217,4.674698795180723,-1.5107296137339055,-9.459840588595952,5.260576333537706,3.0,0.23421023421023418,4269.668246445498,-24.569314142532484,-49.94231105413437,-65.37626012470135,2185.3479853479853,-1.0,-1.0,0.22993089715277232,
2023-07-31 13:42:47.487000,-9.060240963855422,-1.63855421686747,4.578313253012048,-1.5401594114040464,-9.16799509503372,5.130594727161251,3.0,0.23376623376623373,4277.777777777778,-24.920459180700423,-41.8049064739817,-63.10145096439601,2072.5274725274726,-1.0,-1.0,0.22994000144439694,
2023-07-31 13:42:47.495000,-8.734939759036145,-1.710843373493976,4.590361445783133,-1.6799509503372163,-8.809932556713672,5.272838749233599,3.0,0.23421023421023418,4269.668246445498,-24.15710040207447,-31.499562962531318,-60.170153254472346,1999.9999999999998,-1.0,-1.0,0.22994998371525344,
2023-07-31 13:42:47.502000,-8.542168674698795,-1.7590361445783134,4.63855421686747,-1.6186388718577558,-8.731453096259962,5.218884120171674,3.0,0.23376623376623373,4277.777777777778,-22.080764524211872,-14.552998077035138,-55.742672338441814,1972.8937728937728,-1.0,-1.0,0.2299608679645636,
2023-07-31 13:42:47.510000,-8.626506024096386,-1.7590361445783134,4.662650602409639,-1.6161863887185774,-8.917841814837523,5.213979153893317,3.0,0.23376623376623373,4277.777777777778,-19.989161470776757,0.33249810617096864,-51.238855544548684,1984.6153846153845,-1.0,-1.0,0.22997267631412233,
2023-07-31 13:42:47.518000,-8.975903614457831,-1.7590361445783134,4.662650602409639,-1.7142857142857142,-9.288166768853463,5.22378908645003,3.0,0.23376623376623373,4277.777777777778,-19.363207272303477,7.019521006934327,-46.44496241477769,2025.6410256410254,-1.0,-1.0,0.22998542870322858,
2023-07-31 13:42:47.525000,-9.349397590361447,-1.8313253012048194,4.746987951807229,-1.7142857142857142,-9.521152667075413,5.3954629061925194,3.0,0.23421023421023418,4269.668246445498,-19.210535516578286,7.874482838995396,-44.09381737660975,2084.2490842490843,-1.0,-1.0,0.2299991430344043,
2023-07-31 13:42:47.533000,-9.530120481927712,-1.8674698795180724,4.879518072289157,-1.7682403433476395,-9.65113427345187,5.478847332924586,3.0,0.23421023421023418,4269.668246445498,-16.78305460054775,9.828681312277839,-43.13198531554105,2149.4505494505493,-1.0,-1.0,0.2300138353329682,
2023-07-31 13:42:47.541000,-9.518072289156628,-1.8795180722891567,4.891566265060241,-1.8270999386879214,-9.49662783568363,5.405272838749234,3.0,0.23421023421023418,4269.668246445498,-14.767787424975232,9.385933220674785,-43.40679447584639,2211.7216117216117,-1.0,-1.0,0.23002951964344995,
2023-07-31 13:42:47.548000,-9.301204819277109,-1.8192771084337351,4.855421686746988,-1.7633353770692826,-9.270999386879215,5.405272838749234,3.0,0.23421023421023418,4269.668246445498,-14.492978264669889,4.836314900064099,-45.22358836897616,2265.201465201465,-1.0,-1.0,0.2300462079289092,
2023-07-31 13:42:47.556000,-9.0,-1.7951807228915664,4.843373493975903,-1.7093807480073573,-8.888412017167381,5.351318209687308,3.0,0.23421023421023418,4269.668246445498,-14.325039333372178,1.9813530680030296,-47.3304585979838,2306.9597069597066,-1.0,-1.0,0.2300639102392234,
2023-07-31 13:42:47.564000,-8.602409638554217,-1.8072289156626506,4.734939759036145,-1.648068669527897,-8.515634580012263,5.287553648068669,3.0,0.23421023421023418,4269.668246445498,-14.447176737952331,1.7370782588427243,-48.689237223937994,2334.7985347985345,-1.0,-1.0,0.23008263473260207,
2023-07-31 13:42:47.571000,-8.265060240963855,-1.7831325301204821,4.602409638554217,-1.6750459840588594,-8.157572041692212,5.061925199264254,3.0,0.23421023421023418,4269.668246445498,-13.790688188334011,4.775246197774022,-48.91824485752578,2344.322344322344,-1.0,-1.0,0.2301023876993383,
2023-07-31 13:42:47.579000,-8.048192771084338,-1.7831325301204821,4.409638554216868,-1.6922133660331085,-8.015328019619865,4.873083997547517,3.0,0.23421023421023418,4269.668246445498,-13.744886661616453,8.240895052735853,-49.42206165141891,2336.263736263736,-1.0,-1.0,0.23012317358753231,
2023-07-31 13:42:47.587000,-7.843373493975904,-1.8915662650602412,4.662650602409639,-1.8761496014714898,-8.118332311465359,5.500919681177192,3.0,0.23421023421023418,4269.668246445498,-14.676184371540117,10.1187576481557,-49.13198531554105,2310.6227106227107,-1.0,-1.0,0.2301449948917767,
2023-07-31 13:42:47.594000,-7.891566265060241,-2.144578313253012,5.481927710843374,-2.0797057020232983,-8.893316983445738,6.535867565910484,3.0,0.23465423465423463,4261.58940397351,-11.912825592914164,32.31723093059845,-32.170153254472346,2268.8644688644686,-1.0,-1.0,0.2301678520636897,
2023-07-31 13:42:47.602000,-9.373493975903616,-2.325301204819277,5.759036144578314,-2.251379521765788,-10.676272225628448,6.452483139178418,3.0,0.23465423465423463,4261.58940397351,-1.5769477303187442,60.332498106170966,-6.170153254472349,2216.8498168498168,-1.0,-1.0,0.23019174385972063,
2023-07-31 13:42:47.609000,-11.265060240963855,-2.216867469879518,5.590361445783133,-2.0870631514408338,-12.049662783568362,6.244022072348252,3.0,0.23465423465423463,4261.58940397351,4.361983567391179,71.569139327545,11.707709340947497,2158.241758241758,-1.0,-1.0,0.23021666740232757,
2023-07-31 13:42:47.617000,-12.734939759036145,-1.8674698795180724,5.313253012048193,-1.672593500919681,-12.99877375843041,5.812385039852851,3.0,0.23465423465423463,4261.58940397351,9.201678223879728,69.53860497639997,11.066487966901697,2093.7728937728934,-1.0,-1.0,0.23024261823201983,
2023-07-31 13:42:47.625000,-13.253012048192772,-1.5180722891566265,5.072289156626506,-1.2777437155119558,-13.393623543838135,5.493562231759657,3.0,0.23465423465423463,4261.58940397351,9.613891964337745,59.401200396247305,0.7611444554513146,2027.8388278388277,-1.0,-1.0,0.2302695903291054,
2023-07-31 13:42:47.632000,-12.927710843373495,-1.1927710843373494,4.771084337349397,-1.0472103004291844,-12.836909871244634,5.236051502145923,3.0,0.23465423465423463,4261.58940397351,9.888701124643088,40.69891031991143,-5.605267758289143,1959.7069597069597,-1.0,-1.0,0.23029757601890197,
2023-07-31 13:42:47.640000,-12.072289156626507,-1.1204819277108435,4.55421686746988,-1.0055180870631515,-11.951563458001226,4.978540772532188,3.0,0.23465423465423463,4261.58940397351,9.934502651360644,21.66074238098013,-10.13961890332731,1892.3076923076922,-1.0,-1.0,0.2303265660159833,
2023-07-31 13:42:47.648000,-11.0,-1.1927710843373494,4.36144578313253,-1.061925199264255,-10.776824034334764,4.748007357449417,3.0,0.23509823509823508,4253.541076487252,8.255113338383545,10.072956121438144,-13.162519666686089,1829.3040293040292,-1.0,-1.0,0.23035654947918655,
2023-07-31 13:42:47.655000,-9.927710843373495,-1.3253012048192772,4.0361445783132535,-1.2654812998160636,-9.732066217044757,4.412017167381974,3.0,0.23465423465423463,4261.58940397351,6.667327078841561,1.3706660451022663,-14.780840277373112,1770.6959706959706,-1.0,-1.0,0.23038751420556294,
2023-07-31 13:42:47.663000,-9.120481927710843,-1.4337349397590362,3.7590361445783134,-1.4003678724708768,-8.743715511955855,4.176578786020846,3.0,0.23509823509823508,4253.541076487252,4.026105704795759,-8.094982809859566,-19.34572577355632,1717.9487179487178,-1.0,-1.0,0.23041944628081193,
2023-07-31 13:42:47.671000,-8.204819277108435,-1.5783132530120483,3.4698795180722892,-1.5180870631514407,-7.9957081545064375,3.9166155732679337,3.0,0.23465423465423463,4261.58940397351,0.45358662082629375,-13.759104947264145,-21.437328826991433,1671.0622710622708,-1.0,-1.0,0.23045233015535654,
2023-07-31 13:42:47.678000,-7.433734939759036,-1.63855421686747,3.2650602409638556,-1.5524218270999386,-7.237890864500306,3.8798283261802573,3.0,0.23509823509823508,4253.541076487252,1.2627469261698052,-14.827807237340481,-19.620534933861663,1632.2344322344322,-1.0,-1.0,0.23048614886873553,
2023-07-31 13:42:47.686000,-6.662650602409639,-1.6626506024096386,3.240963855421687,-1.5892090741876148,-6.431023911710606,3.8209687308399753,3.0,0.23509823509823508,4253.541076487252,1.2627469261698052,-14.827807237340481,-19.620534933861663,1598.5347985347985,-1.0,-1.0,0.23052088410356453,
2023-07-31 13:42:47.694000,-6.048192771084338,-1.602409638554217,3.168674698795181,-1.5033721643163702,-5.849785407725322,3.747394236664623,3.0,0.23509823509823508,4253.541076487252,1.598624788765225,-7.911776702989337,-17.48313035370899,1564.102564102564,-1.0,-1.0,0.23055651654865286,
2023-07-31 13:42:47.701000,-5.650602409638554,-1.5903614457831325,3.1204819277108435,-1.4543225015328018,-5.52605763335377,3.654199877375843,3.0,0.23509823509823508,4253.541076487252,1.2627469261698052,2.927917953499213,-14.719771575083035,1528.2051282051282,-1.0,-1.0,0.23059302594411873,
2023-07-31 13:42:47.709000,-5.9397590361445785,-1.5542168674698795,3.27710843373494,-1.3709380748007356,-6.1735131820968725,3.9460453709380747,3.0,0.23509823509823508,4253.541076487252,-0.9051920051279047,17.99662024357555,-12.719771575083035,1491.5750915750914,-1.0,-1.0,0.23063039125637513,
2023-07-31 13:42:47.717000,-6.686746987951808,-1.5783132530120483,3.5903614457831328,-1.5352544451256898,-7.129981606376456,4.316370324954016,3.0,0.23509823509823508,4253.541076487252,-2.401375211234775,21.874482838995398,-7.6663364605792195,1454.9450549450548,-1.0,-1.0,0.23066859055682085,
2023-07-31 13:42:47.724000,-7.903614457831326,-1.6506024096385543,3.8674698795180724,-1.5793991416309012,-8.351318209687308,4.571428571428571,3.0,0.23509823509823508,4253.541076487252,-1.4548103257385916,27.233261464949596,-1.0251150865334182,1418.3150183150183,-1.0,-1.0,0.23070760093353765,
2023-07-31 13:42:47.732000,-9.0,-1.7349397590361446,4.096385542168675,-1.625996321275291,-9.391171060698957,4.814224402207235,3.0,0.23509823509823508,4253.541076487252,-1.0425965852805763,30.790513373346542,3.127556669191773,1386.080586080586,-1.0,-1.0,0.2307473988198403,
2023-07-31 13:42:47.740000,-9.891566265060241,-1.9036144578313254,4.349397590361446,-1.8221949724095645,-10.14408338442673,4.988350705088902,3.0,0.23509823509823508,4253.541076487252,0.5757240254064464,28.927917953499215,6.135190256978032,1362.6373626373625,-1.0,-1.0,0.23078796015445552,
2023-07-31 13:42:47.747000,-10.27710843373494,-1.9759036144578315,4.55421686746988,-1.9399141630901287,-10.450643776824034,5.201716738197424,3.0,0.23554223554223552,4245.523091423186,0.2398461628110266,14.927917953499213,3.8756482722452077,1351.6483516483515,-1.0,-1.0,0.2308292603949029,
2023-07-31 13:42:47.755000,-10.457831325301205,-2.168674698795181,4.795180722891566,-2.1704475781729,-10.668914776210913,5.449417535254445,3.0,0.23509823509823508,4253.541076487252,0.865800361284309,10.65310879319387,1.753510867665055,1350.9157509157508,-1.0,-1.0,0.23087127440487212,
2023-07-31 13:42:47.763000,-10.457831325301205,-2.2289156626506026,4.963855421686747,-2.148375229920294,-10.578172900061311,5.59656652360515,3.0,0.23509823509823508,4253.541076487252,1.033739292582019,-6.446127848027505,2.5016024707184905,1361.1721611721612,-1.0,-1.0,0.23091397596879432,
2023-07-31 13:42:47.770000,-10.27710843373494,-2.1566265060240966,5.19277108433735,-2.047823421213979,-10.458001226241569,5.84426732066217,3.0,0.23509823509823508,4253.541076487252,3.1253423460171335,-14.5224637258901,3.2954956004894824,1378.021978021978,-1.0,-1.0,0.2309573374541053,
2023-07-31 13:42:47.778000,-10.0,-2.0843373493975905,5.265060240963856,-2.0257510729613735,-10.060698957694665,5.878602084610668,3.0,0.23509823509823508,4253.541076487252,2.377250742963698,-25.17895227550842,4.409999417283376,1398.5347985347985,-1.0,-1.0,0.2310013303550885,
2023-07-31 13:42:47.786000,-9.650602409638555,-2.1204819277108435,5.240963855421687,-2.018393623543838,-9.629061925199263,5.721643163703249,3.0,0.23509823509823508,4253.541076487252,2.1024415826583547,-20.4461278480275,6.104655905832994,1419.047619047619,-1.0,-1.0,0.23104592550540123,
2023-07-31 13:42:47.793000,-9.228915662650603,-2.072289156626506,4.975903614457832,-2.001226241569589,-9.229307173513181,5.483752299202942,3.0,0.23509823509823508,4253.541076487252,0.6062583765514846,-22.62933395489773,7.188625371481849,1437.3626373626373,-1.0,-1.0,0.23109109316214937,
2023-07-31 13:42:47.801000,-8.807228915662652,-2.096385542168675,4.819277108433735,-1.9325567136725934,-8.758430410790925,5.334150827713059,3.0,0.23509823509823508,4253.541076487252,0.5757240254064464,-21.63696754268399,8.119923081405513,1452.014652014652,-1.0,-1.0,0.231136803623761,
2023-07-31 13:42:47.809000,-8.361445783132531,-2.072289156626506,4.674698795180723,-2.0208461066830163,-8.297363580625383,5.184549356223176,3.0,0.23509823509823508,4253.541076487252,-0.3861080356622558,-21.346891206806127,9.097022318046735,1460.8058608058607,-1.0,-1.0,0.23118302737112184,
2023-07-31 13:42:47.816000,-8.036144578313253,-2.1566265060240966,4.433734939759036,-2.0723482526057633,-7.946658491722869,4.83629675045984,3.0,0.23509823509823508,4253.541076487252,-1.4548103257385916,-16.232387390012235,8.745877279878796,1460.8058608058607,-1.0,-1.0,0.23122973493434712,
2023-07-31 13:42:47.824000,-7.819277108433735,-2.204819277108434,4.144578313253012,-2.0968730839975476,-7.750459840588595,4.608215818516247,3.0,0.23509823509823508,4253.541076487252,-4.080764524211874,-17.881242351844296,7.6771749898024595,1450.5494505494505,-1.0,-1.0,0.23127689691086556,
2023-07-31 13:42:47.832000,-7.578313253012048,-2.144578313253012,3.9759036144578315,-1.9619865113427344,-7.458614347026364,4.502759043531576,3.0,0.23465423465423463,4261.58940397351,-4.81358895169279,-19.209486626653458,6.3336635394207805,1433.6996336996335,-1.0,-1.0,0.23132448384643478,
2023-07-31 13:42:47.839000,-7.433734939759036,-2.0,3.879518072289157,-1.9104843654199877,-7.436541998773758,4.443899448191293,3.0,0.23509823509823508,4253.541076487252,-3.2410698677233243,-16.339257619019868,7.158091020336811,1409.5238095238094,-1.0,-1.0,0.23137246612732928,
2023-07-31 13:42:47.847000,-7.530120481927711,-1.927710843373494,3.951807228915663,-1.7878602084610666,-7.571428571428571,4.49540159411404,3.0,0.23509823509823508,4253.541076487252,-3.286871394440882,-14.262921741157275,8.058854379115436,1380.2197802197802,-1.0,-1.0,0.2314208140003438,
2023-07-31 13:42:47.855000,-7.759036144578314,-1.9397590361445785,3.987951807228916,-1.8638871857755976,-7.77498467198038,4.510116492949111,3.0,0.23509823509823508,4253.541076487252,-5.48534467688363,-16.461395023600023,7.463434531787192,1346.5201465201465,-1.0,-1.0,0.2314694976553714,
2023-07-31 13:42:47.862000,-7.963855421686747,-1.927710843373494,3.987951807228916,-1.7903126916002452,-7.985898221949724,4.6253832004904964,3.0,0.23509823509823508,4253.541076487252,-6.325039333372179,-17.270555328943534,8.211526134840627,1311.3553113553112,-1.0,-1.0,0.23151848728621008,
2023-07-31 13:42:47.870000,-8.144578313253012,-1.9518072289156627,4.168674698795181,-1.7952176578786019,-8.187001839362354,4.745554874310239,3.0,0.23509823509823508,4253.541076487252,-4.554046966959966,-15.682769069401548,8.776411631023834,1281.3186813186812,-1.0,-1.0,0.23156775314008102,
2023-07-31 13:42:47.878000,-8.25301204819277,-1.9156626506024097,4.168674698795181,-1.7903126916002452,-8.370938074800735,4.792152053954629,3.0,0.23465423465423463,4261.58940397351,-3.8059553639065307,-17.95757822970689,8.3489307149933,1254.9450549450548,-1.0,-1.0,0.23161726584376427,
2023-07-31 13:42:47.885000,-8.457831325301205,-1.8554216867469882,4.373493975903615,-1.7240956468424278,-8.510729613733906,4.9589209074187615,3.0,0.23465423465423463,4261.58940397351,-1.9280927684866833,-16.552998077035134,9.112289493619253,1236.6300366300366,-1.0,-1.0,0.2316669962611688,
2023-07-31 13:42:47.893000,-8.614457831325302,-1.927710843373494,4.397590361445784,-1.78295524218271,-8.729000613120784,4.971183323114653,3.0,0.23509823509823508,4253.541076487252,-3.2563370432958436,-17.896509527416814,8.394732241710857,1227.106227106227,-1.0,-1.0,0.23171691480570628,
2023-07-31 13:42:47.901000,-8.734939759036145,-1.9397590361445785,4.349397590361446,-1.812385039852851,-8.854077253218884,4.946658491722869,3.0,0.23465423465423463,4261.58940397351,-2.737253073830195,-18.278188916729793,8.959617737894062,1221.9780219780218,-1.0,-1.0,0.2317669918352106,
2023-07-31 13:42:47.908000,-8.795180722891567,-1.927710843373494,4.349397590361446,-1.7952176578786019,-8.925199264255058,4.980993255671367,3.0,0.23509823509823508,4253.541076487252,-2.004428646349279,-21.75910494726414,8.822213157741391,1224.1758241758241,-1.0,-1.0,0.23181719801227968,
2023-07-31 13:42:47.916000,-8.807228915662652,-1.8674698795180724,4.373493975903615,-1.7412630288166768,-8.903126916002453,4.988350705088902,3.0,0.23509823509823508,4253.541076487252,-0.9815278829905001,-22.415593496882465,8.761144455451314,1230.03663003663,-1.0,-1.0,0.23186750419429822,
2023-07-31 13:42:47.924000,-8.807228915662652,-1.8313253012048194,4.506024096385542,-1.731453096259963,-8.866339668914776,5.137952176578786,3.0,0.23509823509823508,4253.541076487252,0.010838529223240355,-23.224753802225976,8.913816211176504,1241.7582417582416,-1.0,-1.0,0.23191788165149604,
2023-07-31 13:42:47.931000,-8.771084337349398,-1.8433734939759037,4.566265060240964,-1.7216431637032494,-8.82709993868792,5.137952176578786,3.0,0.23509823509823508,4253.541076487252,-0.18763475321950773,-19.66750189382903,8.822213157741391,1252.014652014652,-1.0,-1.0,0.23196830239080116,
2023-07-31 13:42:47.939000,-8.759036144578314,-1.8072289156626506,4.506024096385542,-1.7559779276517473,-8.778050275904352,5.064377682403433,3.0,0.23509823509823508,4253.541076487252,-0.17236757764698865,-18.843074412912998,7.84511392110017,1261.5384615384614,-1.0,-1.0,0.23201873914956714,
2023-07-31 13:42:47.947000,-8.74698795180723,-1.8072289156626506,4.421686746987952,-1.7167381974248925,-8.741263028816677,4.9515634580012255,3.0,0.23509823509823508,4253.541076487252,-0.2792378066546222,-22.14078433657712,8.455800944000933,1268.131868131868,-1.0,-1.0,0.23206916527142668,
2023-07-31 13:42:47.954000,-8.91566265060241,-1.8674698795180724,4.530120481927711,-1.812385039852851,-8.883507050889024,4.9442060085836905,3.0,0.23509823509823508,4253.541076487252,-3.928092768486683,-23.30108968008857,4.028320027970398,1268.8644688644688,-1.0,-1.0,0.23211955485849076,
2023-07-31 13:42:47.962000,-8.891566265060241,-1.9879518072289157,4.301204819277109,-1.8859595340282034,-8.93746167995095,4.9074187614960145,3.0,0.23509823509823508,4253.541076487252,-3.928092768486683,-23.30108968008857,4.028320027970398,1265.9340659340658,-1.0,-1.0,0.23216988263487306,
2023-07-31 13:42:47.970000,-8.831325301204819,-1.9036144578313254,4.301204819277109,-1.7952176578786019,-8.782955242182709,4.949110974862047,3.0,0.23509823509823508,4253.541076487252,-6.3861080356622555,-26.552998077035134,2.4710681195734523,1260.8058608058607,-1.0,-1.0,0.23222012396845518,
2023-07-31 13:42:47.977000,-8.698795180722891,-1.927710843373494,4.481927710843374,-1.78295524218271,-8.67259350091968,5.049662783568363,3.0,0.23509823509823508,4253.541076487252,-3.531146203601187,-26.965211817493152,3.188625371481849,1258.6080586080586,-1.0,-1.0,0.23227025474163024,
2023-07-31 13:42:47.985000,-8.493975903614459,-1.9759036144578315,4.457831325301205,-1.908031882280809,-8.373390557939913,5.010423053341508,3.0,0.23509823509823508,4253.541076487252,-4.248703455509584,-24.17131868772216,1.585571936367345,1264.4688644688645,-1.0,-1.0,0.23232025125108005,
2023-07-31 13:42:47.992000,-8.25301204819277,-1.9759036144578315,4.397590361445784,-1.8638871857755976,-8.204169221336603,5.010423053341508,3.0,0.23554223554223552,4245.523091423186,-5.622749257036301,-24.049181283142005,0.5321368218635283,1281.3186813186812,-1.0,-1.0,0.23237009038175616,
2023-07-31 13:42:48,-8.072289156626507,-2.0120481927710845,4.493975903614458,-1.9325567136725934,-8.05211526670754,5.0226854690374,3.0,0.23554223554223552,4245.523091423186,-5.3784744478759965,-21.728570596119106,0.5932055241536047,1311.3553113553112,-1.0,-1.0,0.23241974977833574,
2023-07-31 13:42:48.008000,-8.024096385542169,-2.072289156626506,4.481927710843374,-1.942366646229307,-8.049662783568362,5.042305334150828,3.0,0.23554223554223552,4245.523091423186,-6.676184371540118,-20.904143115203073,0.2115261348406276,1354.5787545787546,-1.0,-1.0,0.23246920774798696,
2023-07-31 13:42:48.015000,-7.951807228915663,-2.060240963855422,4.397590361445784,-1.9251992642550582,-8.11587982832618,4.956468424279583,3.0,0.23554223554223552,4245.523091423186,-8.584581318105004,-23.530097313676357,0.5168696462910093,1410.2564102564102,-1.0,-1.0,0.23251844316081272,
2023-07-31 13:42:48.023000,-8.012048192771084,-2.036144578313253,4.445783132530121,-1.8736971183323115,-8.044757817290005,5.106069895769466,3.0,0.23554223554223552,4245.523091423186,-6.9357263562729425,-22.79727288619544,3.7535108676650553,1480.5860805860805,-1.0,-1.0,0.2325674357531013,
2023-07-31 13:42:48.031000,-8.060240963855422,-2.024096385542169,4.542168674698796,-1.9227467811158798,-8.059472716125077,5.110974862047823,3.0,0.23554223554223552,4245.523091423186,-6.096031699784393,-21.17895227550842,5.646640638657422,1559.7069597069597,-1.0,-1.0,0.23261616612007513,
2023-07-31 13:42:48.038000,-8.120481927710843,-2.168674698795181,4.55421686746988,-2.064990803188228,-8.128142244022072,5.079092581238504,3.0,0.23554223554223552,4245.523091423186,-7.775421012761492,-19.224753802225976,3.936716974535284,1642.4908424908424,-1.0,-1.0,0.23266461571772884,
2023-07-31 13:42:48.046000,-8.096385542168676,-2.1204819277108435,4.493975903614458,-2.001226241569589,-8.150214592274677,5.118332311465358,3.0,0.23554223554223552,4245.523091423186,-9.48534467688363,-23.423227084668724,3.219159722626887,1718.6813186813185,-1.0,-1.0,0.232712766713881,
2023-07-31 13:42:48.054000,-8.060240963855422,-2.0481927710843375,4.55421686746988,-1.9840588595953401,-8.074187614960147,5.172286940527283,3.0,0.23554223554223552,4245.523091423186,-7.515879028028667,-23.117883573218343,5.188625371481849,1788.278388278388,-1.0,-1.0,0.23276060186858757,
2023-07-31 13:42:48.061000,-7.975903614457832,-1.927710843373494,4.602409638554217,-1.78295524218271,-8.00797057020233,5.245861434702636,3.0,0.23554223554223552,4245.523091423186,-6.355573684517218,-24.415593496882465,5.280228424916963,1848.3516483516482,-1.0,-1.0,0.2328081046891654,
2023-07-31 13:42:48.069000,-8.048192771084338,-1.9397590361445785,4.710843373493976,-1.836909871244635,-8.054567749846719,5.370938074800735,3.0,0.23554223554223552,4245.523091423186,-5.363207272303477,-22.62933395489773,6.547403997436048,1893.040293040293,-1.0,-1.0,0.23285525943388527,
2023-07-31 13:42:48.077000,-8.156626506024097,-1.9879518072289157,4.783132530120482,-1.9251992642550582,-8.110974862047822,5.375843041079093,3.0,0.23554223554223552,4245.523091423186,-5.851756890624087,-24.965211817493152,5.371831478352078,1922.344322344322,-1.0,-1.0,0.23290205111369827,
2023-07-31 13:42:48.084000,-8.120481927710843,-2.0120481927710845,4.783132530120482,-1.8908645003065603,-8.201716738197424,5.469037400367872,3.0,0.23598623598623594,4237.535277516464,-6.340306508944698,-24.843074412912998,3.524503234077269,1935.5311355311353,-1.0,-1.0,0.23294846549207443,
2023-07-31 13:42:48.092000,-7.963855421686747,-1.8433734939759037,4.843373493975903,-1.7510729613733904,-7.978540772532188,5.527896995708154,3.0,0.23554223554223552,4245.523091423186,-4.0502301730668355,-24.919410290775595,4.852747508886429,1936.263736263736,-1.0,-1.0,0.2329944892323268,
2023-07-31 13:42:48.100000,-7.951807228915663,-1.8192771084337351,5.072289156626506,-1.702023298589822,-7.909871244635193,5.606376456161864,3.0,0.23598623598623594,4237.535277516464,-2.431909562379813,-21.927043878561854,4.929083386749024,1928.9377289377287,-1.0,-1.0,0.23304010976650488,
2023-07-31 13:42:48.107000,-8.012048192771084,-1.8915662650602412,5.1084337349397595,-1.8050275904353157,-8.042305334150827,5.731453096259963,3.0,0.23554223554223552,4245.523091423186,-3.592214905891263,-19.78963929840918,3.6161062875123835,1911.3553113553112,-1.0,-1.0,0.23308531528043355,
2023-07-31 13:42:48.115000,-8.012048192771084,-1.8915662650602412,5.0602409638554215,-1.807480073574494,-7.983445738810545,5.672593500919681,3.0,0.23554223554223552,4245.523091423186,-3.2258026921508054,-22.888875939630555,3.1122894936192536,1884.9816849816848,-1.0,-1.0,0.23313009471837498,
2023-07-31 13:42:48.123000,-7.855421686746988,-1.8795180722891567,5.1807228915662655,-1.7927651747394235,-7.83629675045984,5.770692826486818,3.0,0.23598623598623594,4237.535277516464,-1.8517568906240878,-19.14841792436338,1.738243692092536,1849.8168498168498,-1.0,-1.0,0.23317443775472665,
2023-07-31 13:42:48.130000,-7.759036144578314,-1.7710843373493976,5.156626506024097,-1.5941140404659717,-7.75781729000613,5.770692826486818,3.0,0.23554223554223552,4245.523091423186,-0.4777110890973703,-18.461395023600023,3.203892547054368,1812.4542124542124,-1.0,-1.0,0.23321833505240414,
2023-07-31 13:42:48.138000,-7.662650602409639,-1.710843373493976,5.228915662650603,-1.4812998160637645,-7.676885346413243,5.854077253218883,3.0,0.23554223554223552,4245.523091423186,0.04137288036827852,-13.804906473981703,3.188625371481849,1772.161172161172,-1.0,-1.0,0.23326177797688852,
2023-07-31 13:42:48.146000,-7.710843373493976,-1.602409638554217,5.265060240963856,-1.4003678724708768,-7.6989576946658485,5.90557939914163,3.0,0.23554223554223552,4245.523091423186,1.7207621933453776,-10.568265252607658,4.425266592855895,1731.135531135531,-1.0,-1.0,0.23330475842668544,
2023-07-31 13:42:48.153000,-7.83132530120482,-1.63855421686747,5.349397590361446,-1.525444512568976,-7.831391784181483,5.988963825873697,3.0,0.23554223554223552,4245.523091423186,2.4841209719713317,-5.911776702989337,2.6695414020162,1691.5750915750914,-1.0,-1.0,0.23334726896039126,
2023-07-31 13:42:48.161000,-7.783132530120482,-1.63855421686747,5.349397590361446,-1.4837522992029428,-7.792152053954629,5.991416309012875,3.0,0.23554223554223552,4245.523091423186,2.5909912009789653,-5.911776702989337,1.8603810966726886,1654.9450549450548,-1.0,-1.0,0.23338930278383432,
2023-07-31 13:42:48.169000,-7.843373493975904,-1.6506024096385543,5.409638554216868,-1.5033721643163702,-7.848559166155733,6.087063151440834,3.0,0.23554223554223552,4245.523091423186,3.3696171551774388,-5.346891206806131,0.11992308140551308,1617.5824175824175,-1.0,-1.0,0.23343085373613873,
2023-07-31 13:42:48.176000,-7.771084337349398,-1.602409638554217,5.433734939759036,-1.4592274678111588,-7.814224402207234,6.114040465971796,3.0,0.23554223554223552,4245.523091423186,3.8428995979255305,-5.1484179243633825,0.22679331041314668,1578.021978021978,-1.0,-1.0,0.23347191627480915,
2023-07-31 13:42:48.184000,-7.638554216867471,-1.5421686746987953,5.46987951807229,-1.3513182096873084,-7.691600245248313,6.072348252605763,3.0,0.23509823509823508,4253.541076487252,5.369617155177439,-2.675135481615291,0.028320027970398585,1540.6593406593406,-1.0,-1.0,0.23351248545993677,
2023-07-31 13:42:48.192000,-7.602409638554217,-1.457831325301205,5.409638554216868,-1.2998160637645615,-7.608215818516247,6.018393623543838,3.0,0.23509823509823508,4253.541076487252,6.896334712429347,0.7905133733465411,1.0970223180467344,1505.4945054945053,-1.0,-1.0,0.23355255678832756,
2023-07-31 13:42:48.199000,-7.566265060240965,-1.3975903614457832,5.506024096385542,-1.2703862660944205,-7.5665236051502145,6.1287553648068664,3.0,0.23554223554223552,4245.523091423186,8.33144921624614,2.4851698618961593,0.5626711730085665,1471.062271062271,-1.0,-1.0,0.233592126154366,
2023-07-31 13:42:48.207000,-7.506024096385542,-1.3614457831325302,5.481927710843374,-1.2703862660944205,-7.578786020846106,6.163090128755364,3.0,0.23554223554223552,4245.523091423186,9.18641104830721,7.996620243575548,1.3565643027795589,1435.8974358974358,-1.0,-1.0,0.2336311901185217,
2023-07-31 13:42:48.215000,-7.493975903614459,-1.2771084337349399,5.46987951807229,-1.0938074800735744,-7.502759043531575,6.094420600858369,3.0,0.23554223554223552,4245.523091423186,10.560456849833926,12.363032457316006,3.3107627760620018,1402.9304029304028,-1.0,-1.0,0.2336697459090089,
2023-07-31 13:42:48.222000,-7.638554216867471,-1.3373493975903614,5.518072289156627,-1.1919068056407112,-7.659717964438994,6.145922746781116,3.0,0.23554223554223552,4245.523091423186,10.819998834566752,16.82104772449158,2.3947322417108565,1371.4285714285713,-1.0,-1.0,0.23370779112517986,
2023-07-31 13:42:48.230000,-7.746987951807229,-1.3614457831325302,5.457831325301205,-1.2507664009809931,-7.816676885346413,6.057633353770693,3.0,0.23554223554223552,4245.523091423186,10.285647689528583,16.195093526018297,2.0435872035429177,1342.8571428571427,-1.0,-1.0,0.23374532373850435,
2023-07-31 13:42:48.238000,-7.903614457831326,-1.2891566265060241,5.46987951807229,-1.108522378908645,-7.9147762109135495,6.018393623543838,3.0,0.23509823509823508,4253.541076487252,10.285647689528583,16.195093526018297,2.0435872035429177,1315.7509157509157,-1.0,-1.0,0.23378234222095504,
2023-07-31 13:42:48.245000,-8.0,-1.2048192771084338,5.457831325301205,-1.0766400980993256,-8.012875536480687,6.094420600858369,3.0,0.23554223554223552,4245.523091423186,11.797098071207973,18.33249810617097,1.8451139211001695,1293.7728937728937,-1.0,-1.0,0.23381884551363621,
2023-07-31 13:42:48.253000,-8.096385542168676,-1.144578313253012,5.397590361445784,-1.0349478847332925,-8.162477007970569,5.986511342734518,3.0,0.23554223554223552,4245.523091423186,11.705495017772858,21.30959734281219,1.585571936367345,1273.9926739926739,-1.0,-1.0,0.2338548331131537,
2023-07-31 13:42:48.261000,-8.289156626506024,-1.1566265060240966,5.409638554216868,-1.0300429184549356,-8.39546290619252,5.971796443899448,3.0,0.23554223554223552,4245.523091423186,12.102441582658354,23.630208029835092,0.8527475088864291,1253.4798534798533,-1.0,-1.0,0.2338903050621271,
2023-07-31 13:42:48.268000,-8.44578313253012,-1.1686746987951808,5.421686746987952,-1.020232985898222,-8.466584917228694,5.954629061925199,3.0,0.23509823509823508,4253.541076487252,10.911601888001865,19.599673678690053,-1.2235883689761662,1238.8278388278388,-1.0,-1.0,0.23392526179122866,
2023-07-31 13:42:48.276000,-8.433734939759036,-1.2530120481927711,5.349397590361446,-1.1698344573881054,-8.491109748620477,5.832004904966278,3.0,0.23509823509823508,4253.541076487252,10.17877746052095,23.66074238098013,-3.48313035370899,1227.8388278388277,-1.0,-1.0,0.23395970395085253,
2023-07-31 13:42:48.284000,-8.421686746987952,-1.3373493975903614,5.216867469879518,-1.2335990190067443,-8.42489270386266,5.7657878602084605,3.0,0.23509823509823508,4253.541076487252,8.881067536856827,26.469902686323643,-4.796107452945631,1224.1758241758241,-1.0,-1.0,0.23399363223168546,
2023-07-31 13:42:48.291000,-8.457831325301205,-1.349397590361446,5.168674698795181,-1.2188841201716738,-8.473942366646229,5.741263028816676,3.0,0.23509823509823508,4253.541076487252,7.888701124643087,25.630208029835092,-5.98694714760212,1224.9084249084249,-1.0,-1.0,0.23402704764237817,
2023-07-31 13:42:48.299000,-8.349397590361447,-1.3614457831325302,5.132530120481928,-1.2654812998160636,-8.442060085836909,5.6480686695278965,3.0,0.23509823509823508,4253.541076487252,6.438319445253774,21.11112406036944,-6.750305926228074,1234.4322344322343,-1.0,-1.0,0.23405995161710144,
2023-07-31 13:42:48.307000,-8.337349397590362,-1.4096385542168675,5.0,-1.2875536480686696,-8.3635806253832,5.520539546290619,3.0,0.23509823509823508,4253.541076487252,5.384884330749958,27.935551541285474,-6.246489132334944,1252.7472527472526,-1.0,-1.0,0.23409234584658975,
2023-07-31 13:42:48.314000,-8.337349397590362,-1.4337349397590362,4.927710843373494,-1.280196198651134,-8.324340895156345,5.383200490496628,3.0,0.23509823509823508,4253.541076487252,4.835266010139271,28.866849251209135,-6.32282501019754,1276.923076923077,-1.0,-1.0,0.2341242322587268,
2023-07-31 13:42:48.322000,-8.361445783132531,-1.493975903614458,4.843373493975903,-1.3684855916615573,-8.451870018393624,5.415082771305947,3.0,0.23509823509823508,4253.541076487252,3.8123652467804923,27.401200396247305,-6.5518326437853265,1304.0293040293038,-1.0,-1.0,0.23415561286067033,
2023-07-31 13:42:48.330000,-8.481927710843374,-1.5421686746987953,4.807228915662651,-1.4886572654812997,-8.513182096873084,5.339055793991416,3.0,0.23509823509823508,4253.541076487252,2.7589301322766753,24.759979022201502,-6.81137462851815,1333.3333333333333,-1.0,-1.0,0.2341864898791829,
2023-07-31 13:42:48.337000,-8.530120481927712,-1.602409638554217,4.783132530120482,-1.5352544451256898,-8.540159411404046,5.280196198651134,3.0,0.23465423465423463,4261.58940397351,1.5833576131927058,22.469902686323643,-6.857176155235708,1360.4395604395604,-1.0,-1.0,0.23421686573106432,
2023-07-31 13:42:48.345000,-8.433734939759036,-1.63855421686747,4.686746987951808,-1.537706928264868,-8.473942366646229,5.2703862660944205,3.0,0.23509823509823508,4253.541076487252,0.9726705902919426,23.263795816094632,-6.948779208670822,1385.3479853479853,-1.0,-1.0,0.23424674272710685,
2023-07-31 13:42:48.353000,-8.397590361445783,-1.710843373493976,4.63855421686747,-1.5744941753525443,-8.42489270386266,5.218884120171674,3.0,0.23509823509823508,4253.541076487252,1.064273643727057,23.065322533651887,-5.8953440941670054,1407.3260073260071,-1.0,-1.0,0.23427612346884644,
2023-07-31 13:42:48.360000,-8.361445783132531,-1.746987951807229,4.626506024096386,-1.5793991416309012,-8.39301042305334,5.152667075413857,3.0,0.23509823509823508,4253.541076487252,0.499388147543851,18.210360701590815,-6.261756307907463,1423.4432234432234,-1.0,-1.0,0.23430501083031452,
2023-07-31 13:42:48.368000,-8.3855421686747,-1.8072289156626506,4.626506024096386,-1.6873083997547516,-8.442060085836909,5.201716738197424,3.0,0.23509823509823508,4253.541076487252,0.11770875823087394,17.66074238098013,-5.1014509643960135,1436.6300366300366,-1.0,-1.0,0.2343334076741061,
2023-07-31 13:42:48.375000,-8.397590361445783,-1.8433734939759037,4.590361445783133,-1.7265481299816063,-8.449417535254444,5.150214592274678,3.0,0.23509823509823508,4253.541076487252,-0.34030650894469855,15.843948487850358,-4.506031117067769,1443.2234432234432,-1.0,-1.0,0.23436131698360665,
2023-07-31 13:42:48.383000,-8.3855421686747,-1.8554216867469882,4.506024096385542,-1.7878602084610666,-8.446965052115265,5.064377682403433,3.0,0.23509823509823508,4253.541076487252,-0.26397063108210317,15.4775362741099,-3.6510692850067,1447.6190476190475,-1.0,-1.0,0.2343887418466425,
2023-07-31 13:42:48.391000,-8.3855421686747,-1.8795180722891567,4.506024096385542,-1.7388105456774983,-8.478847332924586,5.118332311465358,3.0,0.23509823509823508,4253.541076487252,0.46885379639881286,14.103490472583182,-2.7503059262280742,1449.084249084249,-1.0,-1.0,0.23441568543985844,
2023-07-31 13:42:48.398000,-8.3855421686747,-1.8674698795180724,4.493975903614458,-1.7510729613733904,-8.449417535254444,5.06928264868179,3.0,0.23509823509823508,4253.541076487252,0.667327078841561,14.088223297010662,-1.3457257735563188,1449.8168498168498,-1.0,-1.0,0.23444215101383317,
2023-07-31 13:42:48.406000,-8.493975903614459,-1.9156626506024097,4.46987951807229,-1.7976701410177804,-8.542611894543224,5.039852851011649,3.0,0.23509823509823508,4253.541076487252,0.9574034147194235,13.569139327545013,-0.7961074529456319,1449.084249084249,-1.0,-1.0,0.23446814187893722,
2023-07-31 13:42:48.414000,-8.578313253012048,-1.9518072289156627,4.481927710843374,-1.836909871244635,-8.530349478847333,5.0324954015941135,3.0,0.23465423465423463,4261.58940397351,0.5757240254064464,8.225627877163335,-1.4525960025639526,1445.4212454212454,-1.0,-1.0,0.2344936613919339,
2023-07-31 13:42:48.421000,-8.530120481927712,-1.927710843373494,4.481927710843374,-1.8099325567136726,-8.601471489883506,5.061925199264254,3.0,0.23465423465423463,4261.58940397351,0.3467163918186602,9.660742380980128,-1.2541227201212044,1439.5604395604394,-1.0,-1.0,0.2345187127940274,
2023-07-31 13:42:48.429000,-8.542168674698795,-1.9518072289156627,4.445783132530121,-1.8344573881054567,-8.59656652360515,5.054567749846719,3.0,0.23465423465423463,4261.58940397351,1.033739292582019,8.515704213041197,-0.7350387506555556,1431.5018315018315,-1.0,-1.0,0.23454329917706243,
2023-07-31 13:42:48.437000,-8.542168674698795,-1.9397590361445785,4.433734939759036,-1.812385039852851,-8.564684242795831,5.007970570202329,3.0,0.23465423465423463,4261.58940397351,1.1406095215896526,6.439368335178602,-0.6892372239379984,1423.4432234432234,-1.0,-1.0,0.23456742360939062,
2023-07-31 13:42:48.444000,-8.493975903614459,-1.9397590361445785,4.445783132530121,-1.8393623543838136,-8.537706928264868,5.034947884733292,3.0,0.23465423465423463,4261.58940397351,0.9726705902919426,3.737078258842724,-0.7961074529456319,1413.1868131868132,-1.0,-1.0,0.2345910891235154,
2023-07-31 13:42:48.452000,-8.44578313253012,-1.9156626506024097,4.457831325301205,-1.8148375229920293,-8.437155119558552,5.020232985898222,3.0,0.23465423465423463,4261.58940397351,1.3848843307499579,3.553872151972495,-0.444962414777693,1401.4652014652013,-1.0,-1.0,0.23461429870426512,
2023-07-31 13:42:48.460000,-8.44578313253012,-1.927710843373494,4.46987951807229,-1.8908645003065603,-8.473942366646229,5.030042918454935,3.0,0.23465423465423463,4261.58940397351,1.9039683002156067,3.126391235941961,-0.15488607889983041,1387.5457875457876,-1.0,-1.0,0.23463705513873714,
2023-07-31 13:42:48.467000,-8.457831325301205,-1.9518072289156627,4.493975903614458,-1.854077253218884,-8.476394849785407,5.030042918454935,3.0,0.23465423465423463,4261.58940397351,1.5070217353301105,-0.47666219917254277,-0.5365654682128075,1373.6263736263736,-1.0,-1.0,0.2346593610258905,
2023-07-31 13:42:48.475000,-8.433734939759036,-1.9397590361445785,4.530120481927711,-1.812385039852851,-8.459227467811159,5.059472716125076,3.0,0.23465423465423463,4261.58940397351,1.8428995979255303,-0.033914107569489364,-0.36862653691509756,1360.4395604395604,-1.0,-1.0,0.2346812190530148,
2023-07-31 13:42:48.483000,-8.3855421686747,-1.8915662650602412,4.506024096385542,-1.8270999386879214,-8.434702636419374,5.088902513795217,3.0,0.23465423465423463,4261.58940397351,2.300914865101103,0.6531087931938694,0.07412155468795584,1350.18315018315,-1.0,-1.0,0.23470263182573972,
2023-07-31 13:42:48.490000,-8.337349397590362,-1.9036144578313254,4.493975903614458,-1.748620478234212,-8.30226854690374,5.054567749846719,3.0,0.23421023421023418,4269.668246445498,2.2551133383835458,-0.2629217411572756,0.34893071499329936,1338.4615384615383,-1.0,-1.0,0.23472360173026796,
2023-07-31 13:42:48.498000,-8.27710843373494,-1.8554216867469882,4.518072289156627,-1.7903126916002452,-8.339055793991417,5.086450030656039,3.0,0.23421023421023418,4269.668246445498,2.499388147543851,2.011887419148068,1.219159722626887,1329.6703296703297,-1.0,-1.0,0.2347441310624826,
2023-07-31 13:42:48.506000,-8.289156626506024,-1.8554216867469882,4.530120481927711,-1.6946658491722868,-8.304721030042918,5.074187614960147,3.0,0.23465423465423463,4261.58940397351,2.5909912009789653,-0.30872326787483284,1.7229765165200168,1325.2747252747251,-1.0,-1.0,0.23476422183800416,
2023-07-31 13:42:48.513000,-8.325301204819278,-1.8433734939759037,4.578313253012048,-1.6750459840588594,-8.400367872470877,5.187001839362354,3.0,0.23421023421023418,4269.668246445498,2.5909912009789653,-0.30872326787483284,1.7229765165200168,1320.8791208791208,-1.0,-1.0,0.23478387594270062,
2023-07-31 13:42:48.521000,-8.373493975903616,-1.7951807228915664,4.55421686746988,-1.648068669527897,-8.351318209687308,5.157572041692213,3.0,0.23421023421023418,4269.668246445498,2.2703805139560647,0.6073072664763122,2.1199230814055134,1319.4139194139193,-1.0,-1.0,0.23480309514496317,
2023-07-31 13:42:48.529000,-8.421686746987952,-1.7710843373493976,4.578313253012048,-1.6578786020846106,-8.476394849785407,5.191906805640711,3.0,0.23421023421023418,4269.668246445498,2.68259425441408,0.408833984033564,2.226793310413147,1318.6813186813185,-1.0,-1.0,0.23482188092769515,
2023-07-31 13:42:48.536000,-8.409638554216867,-1.7590361445783134,4.578313253012048,-1.5892090741876148,-8.481299816063764,5.150214592274678,3.0,0.23421023421023418,4269.668246445498,2.4077850941087364,-0.32399044344735195,1.9825185012528415,1315.7509157509157,-1.0,-1.0,0.2348402346187097,
2023-07-31 13:42:48.544000,-8.409638554216867,-1.7349397590361446,4.602409638554217,-1.6112814224402205,-8.43960760269773,5.160024524831392,3.0,0.23421023421023418,4269.668246445498,2.1482431093759122,-0.04918128314200845,2.242060485985666,1314.2857142857142,-1.0,-1.0,0.23485815738292162,
2023-07-31 13:42:48.552000,-8.373493975903616,-1.7228915662650603,4.542168674698796,-1.5818516247700796,-8.417535254445125,5.135499693439607,3.0,0.23421023421023418,4269.668246445498,2.3619835673911793,-0.3850591457374283,1.906182623390246,1312.087912087912,-1.0,-1.0,0.23487565021509368,
2023-07-31 13:42:48.559000,-8.373493975903616,-1.710843373493976,4.566265060240964,-1.5009196811771919,-8.461679950950337,5.081545064377682,3.0,0.23421023421023418,4269.668246445498,1.8887011246430876,0.7905133733465411,2.287862012703223,1311.3553113553112,-1.0,-1.0,0.2348927137944074,
2023-07-31 13:42:48.567000,-8.397590361445783,-1.674698795180723,4.566265060240964,-1.537706928264868,-8.429797670141017,5.169834457388105,3.0,0.23421023421023418,4269.668246445498,1.7970980712079732,0.8210477244915793,2.5321368218635283,1309.89010989011,-1.0,-1.0,0.23490934849875186,
2023-07-31 13:42:48.575000,-8.433734939759036,-1.6506024096385543,4.542168674698796,-1.4739423666462292,-8.461679950950337,5.135499693439607,3.0,0.23421023421023418,4269.668246445498,1.8734339490705685,1.706543907697686,2.7306101043062765,1309.1575091575091,-1.0,-1.0,0.2349255545472357,
2023-07-31 13:42:48.582000,-8.46987951807229,-1.63855421686747,4.518072289156627,-1.5278969957081545,-8.476394849785407,5.076640098099325,3.0,0.23421023421023418,4269.668246445498,1.3238156284598814,1.5538721519724954,2.9290833867490247,1308.4249084249084,-1.0,-1.0,0.23494133199423584,
2023-07-31 13:42:48.590000,-8.481927710843374,-1.6265060240963856,4.506024096385542,-1.4837522992029428,-8.503372164316369,5.034947884733292,3.0,0.23421023421023418,4269.668246445498,1.232212575024767,1.9966202435755487,2.8527475088864294,1307.6923076923076,-1.0,-1.0,0.23495668058554836,
2023-07-31 13:42:48.598000,-8.46987951807229,-1.6265060240963856,4.530120481927711,-1.537706928264868,-8.515634580012263,5.042305334150828,3.0,0.23421023421023418,4269.668246445498,1.232212575024767,1.5538721519724954,2.6390070508711623,1309.89010989011,-1.0,-1.0,0.2349715997745461,
2023-07-31 13:42:48.605000,-8.46987951807229,-1.6265060240963856,4.493975903614458,-1.466584917228694,-8.562231759656651,5.061925199264254,3.0,0.23421023421023418,4269.668246445498,1.2627469261698052,1.5996736786900525,1.8451139211001695,1315.7509157509157,-1.0,-1.0,0.23498608886684624,
2023-07-31 13:42:48.613000,-8.46987951807229,-1.602409638554217,4.493975903614458,-1.4297976701410178,-8.473942366646229,5.071735131820969,3.0,0.23376623376623373,4277.777777777778,1.0032049414369808,1.5844065031175334,1.8603810966726886,1328.2051282051282,-1.0,-1.0,0.23500014701680239,
2023-07-31 13:42:48.621000,-8.44578313253012,-1.602409638554217,4.506024096385542,-1.513182096873084,-8.478847332924586,5.066830165542612,3.0,0.23376623376623373,4277.777777777778,0.6978614299865991,1.7370782588427243,1.6466406386574215,1347.985347985348,-1.0,-1.0,0.23501377293708983,
2023-07-31 13:42:48.628000,-8.46987951807229,-1.6144578313253013,4.46987951807229,-1.4763948497854076,-8.48620478234212,5.096259963212753,3.0,0.23421023421023418,4269.668246445498,0.5909912009789655,1.7981469611328007,1.387098653924597,1377.2893772893772,-1.0,-1.0,0.235026965034741,
2023-07-31 13:42:48.636000,-8.481927710843374,-1.6144578313253013,4.46987951807229,-1.5058246474555486,-8.576946658491723,5.025137952176578,3.0,0.23376623376623373,4277.777777777778,0.3925179185362174,2.027154594720587,0.9901520890391008,1418.3150183150183,-1.0,-1.0,0.23503972168631443,
2023-07-31 13:42:48.644000,-8.506024096385543,-1.6265060240963856,4.46987951807229,-1.4984671980380133,-8.493562231759656,5.081545064377682,3.0,0.2333222333222333,4285.918173168411,0.4383194452537747,1.7370782588427243,0.4099994172833757,1465.201465201465,-1.0,-1.0,0.2350520409810128,
2023-07-31 13:42:48.651000,-8.506024096385543,-1.6144578313253013,4.457831325301205,-1.466584917228694,-8.518087063151441,5.044757817290006,3.0,0.23376623376623373,4277.777777777778,0.4383194452537747,1.0653225336518846,0.104655905832994,1522.3443223443223,-1.0,-1.0,0.23506392056090047,
2023-07-31 13:42:48.659000,-8.493975903614459,-1.6265060240963856,4.457831325301205,-1.5573267933782955,-8.466584917228694,5.042305334150828,3.0,0.23376623376623373,4277.777777777778,0.30091486510110294,0.4546355107511213,0.16572460812307033,1585.3479853479853,-1.0,-1.0,0.2350753580263722,
2023-07-31 13:42:48.667000,-8.44578313253012,-1.63855421686747,4.46987951807229,-1.5058246474555486,-8.50091968117719,5.037400367872471,3.0,0.23376623376623373,4277.777777777778,0.5757240254064464,0.19509352601829688,-0.6587028727929601,1647.6190476190475,-1.0,-1.0,0.2350863509377275,
2023-07-31 13:42:48.674000,-8.421686746987952,-1.6265060240963856,4.493975903614458,-1.5180870631514407,-8.48620478234212,5.066830165542612,3.0,0.23376623376623373,4277.777777777778,0.5604568498339274,0.21036070159081596,-0.99458073538838,1706.9597069597069,-1.0,-1.0,0.23509689641285336,
2023-07-31 13:42:48.682000,-8.409638554216867,-1.6626506024096386,4.506024096385542,-1.525444512568976,-8.488657265481299,5.10116492949111,3.0,0.23376623376623373,4277.777777777778,0.8352660101392708,0.43936833517860224,-0.7197715750830365,1761.9047619047617,-1.0,-1.0,0.23510699130071555,
2023-07-31 13:42:48.690000,-8.44578313253012,-1.6626506024096386,4.481927710843374,-1.496014714898835,-8.437155119558552,5.086450030656039,3.0,0.23376623376623373,4277.777777777778,0.667327078841561,0.24089505273585413,-0.8877105063807464,1808.058608058608,-1.0,-1.0,0.23511663219563742,
2023-07-31 13:42:48.697000,-8.433734939759036,-1.63855421686747,4.493975903614458,-1.567136725935009,-8.473942366646229,5.076640098099325,3.0,0.23376623376623373,4277.777777777778,0.6978614299865991,0.6073072664763122,-0.9487792086708228,1844.6886446886447,-1.0,-1.0,0.23512581546282213,
2023-07-31 13:42:48.705000,-8.433734939759036,-1.6626506024096386,4.46987951807229,-1.5524218270999386,-8.473942366646229,5.052115266707541,3.0,0.23376623376623373,4277.777777777778,0.8505331857117899,1.0042538313618083,-1.2999242468387617,1872.5274725274724,-1.0,-1.0,0.2351345373928854,
2023-07-31 13:42:48.713000,-8.44578313253012,-1.6626506024096386,4.46987951807229,-1.4935622317596566,-8.45677498467198,5.06928264868179,3.0,0.23376623376623373,4277.777777777778,0.8810675368568281,0.8668492512091366,-1.0251150865334182,1891.5750915750914,-1.0,-1.0,0.23514279420867082,
2023-07-31 13:42:48.720000,-8.457831325301205,-1.63855421686747,4.481927710843374,-1.5499693439607602,-8.488657265481299,5.108522378908645,3.0,0.23376623376623373,4277.777777777778,0.7741973078491945,0.7905133733465411,-0.8571761552357082,1903.296703296703,-1.0,-1.0,0.235150582073619,
2023-07-31 13:42:48.728000,-8.506024096385543,-1.6506024096385543,4.457831325301205,-1.5401594114040464,-8.476394849785407,5.081545064377682,3.0,0.2333222333222333,4285.918173168411,1.1406095215896526,0.48516986189615946,-0.7503059262280747,1906.227106227106,-1.0,-1.0,0.23515789710165422,
2023-07-31 13:42:48.735000,-8.493975903614459,-1.6626506024096386,4.457831325301205,-1.5303494788473329,-8.537706928264868,5.044757817290006,3.0,0.2333222333222333,4285.918173168411,0.9574034147194235,-0.5224637258901,-1.4067944758463953,1898.9010989010987,-1.0,-1.0,0.23516473521925615,
2023-07-31 13:42:48.743000,-8.46987951807229,-1.674698795180723,4.481927710843374,-1.5744941753525443,-8.493562231759656,5.061925199264254,3.0,0.2333222333222333,4285.918173168411,1.1100751704446143,-0.6751354816152909,-1.6510692850067006,1882.051282051282,-1.0,-1.0,0.23517109215637555,
2023-07-31 13:42:48.751000,-8.409638554216867,-1.674698795180723,4.506024096385542,-1.567136725935009,-8.446965052115265,5.071735131820969,3.0,0.2333222333222333,4285.918173168411,1.0032049414369808,-0.6140667793252146,-1.4067944758463953,1858.6080586080584,-1.0,-1.0,0.23517696345890682,
2023-07-31 13:42:48.758000,-8.397590361445783,-1.6867469879518073,4.542168674698796,-1.5328019619865112,-8.461679950950337,5.088902513795217,3.0,0.2333222333222333,4285.918173168411,0.7741973078491945,-0.0033797564244512,-1.376260124701357,1827.8388278388277,-1.0,-1.0,0.2351823445226588,
2023-07-31 13:42:48.766000,-8.3855421686747,-1.6867469879518073,4.542168674698796,-1.59656652360515,-8.488657265481299,5.10116492949111,3.0,0.2333222333222333,4285.918173168411,0.9421362391469045,0.4546355107511213,-1.1930540178311282,1789.7435897435896,-1.0,-1.0,0.23518723075599093,
2023-07-31 13:42:48.774000,-8.409638554216867,-1.6867469879518073,4.530120481927711,-1.6088289393010422,-8.493562231759656,5.125689760882894,3.0,0.2333222333222333,4285.918173168411,0.5299224986888892,1.1721927626595183,-1.0709166132509753,1750.18315018315,-1.0,-1.0,0.23519161759433696,
2023-07-31 13:42:48.781000,-8.44578313253012,-1.6987951807228916,4.518072289156627,-1.5646842427958307,-8.473942366646229,5.059472716125076,3.0,0.2333222333222333,4285.918173168411,0.30091486510110294,0.775246197774022,-0.7808402773731128,1712.087912087912,-1.0,-1.0,0.2351955005158345,
2023-07-31 13:42:48.789000,-8.433734939759036,-1.6987951807228916,4.493975903614458,-1.6333537706928265,-8.518087063151441,5.108522378908645,3.0,0.2333222333222333,4285.918173168411,0.30091486510110294,0.775246197774022,-0.7808402773731128,1677.6556776556774,-1.0,-1.0,0.23519887505798076,
2023-07-31 13:42:48.797000,-8.44578313253012,-1.6987951807228916,4.493975903614458,-1.6210913549969344,-8.469037400367872,5.044757817290006,3.0,0.23287823287823287,4294.089609151573,0.865800361284309,1.126391235941961,-0.6739700483654792,1643.2234432234432,-1.0,-1.0,0.2352017368352267,
2023-07-31 13:42:48.804000,-8.457831325301205,-1.710843373493976,4.481927710843374,-1.6186388718577558,-8.473942366646229,5.0324954015941135,3.0,0.23287823287823287,4294.089609151573,0.7436629567041564,1.0805897092244037,-1.009847910960899,1613.186813186813,-1.0,-1.0,0.23520408154687478,
2023-07-31 13:42:48.812000,-8.44578313253012,-1.7228915662650603,4.493975903614458,-1.5769466584917229,-8.464132434089516,5.059472716125076,3.0,0.23287823287823287,4294.089609151573,0.5451896742614083,0.5920400909037931,-1.3151914224112808,1583.8827838827838,-1.0,-1.0,0.23520590481526582,
2023-07-31 13:42:48.820000,-8.409638554216867,-1.7228915662650603,4.493975903614458,-1.6235438381361127,-8.527896995708154,5.054567749846719,3.0,0.23287823287823287,4294.089609151573,0.3314492162461411,0.6989103199114266,-1.376260124701357,1557.5091575091574,-1.0,-1.0,0.23520720221506886,
2023-07-31 13:42:48.827000,-8.397590361445783,-1.746987951807229,4.46987951807229,-1.6382587369711832,-8.454322501532802,5.076640098099325,3.0,0.23287823287823287,4294.089609151573,0.3314492162461411,0.5920400909037931,-1.4678631781364715,1531.135531135531,-1.0,-1.0,0.23520796930214308,
2023-07-31 13:42:48.835000,-8.409638554216867,-1.7228915662650603,4.46987951807229,-1.5818516247700796,-8.380748007357449,5.0030656039239725,3.0,0.23287823287823287,4294.089609151573,0.3925179185362174,0.8821164267816556,-1.6510692850067006,1506.9597069597069,-1.0,-1.0,0.23520820179124494,
2023-07-31 13:42:48.843000,-8.421686746987952,-1.7349397590361446,4.46987951807229,-1.648068669527897,-8.442060085836909,5.059472716125076,3.0,0.23287823287823287,4294.089609151573,0.4383194452537747,1.2790629916671519,-1.3151914224112808,1483.5164835164835,-1.0,-1.0,0.23520789556363655,
2023-07-31 13:42:48.850000,-8.433734939759036,-1.746987951807229,4.457831325301205,-1.6284488044144696,-8.481299816063764,5.049662783568363,3.0,0.23287823287823287,4294.089609151573,0.46885379639881286,1.508070625254938,-1.2693898956937235,1460.8058608058607,-1.0,-1.0,0.23520704655718216,
2023-07-31 13:42:48.858000,-8.44578313253012,-1.746987951807229,4.421686746987952,-1.648068669527897,-8.48620478234212,4.980993255671367,3.0,0.23287823287823287,4294.089609151573,0.2398461628110266,1.676009556552648,-1.2846570712662426,1438.8278388278388,-1.0,-1.0,0.23520565093332554,
2023-07-31 13:42:48.866000,-8.421686746987952,-1.7349397590361446,4.433734939759036,-1.6456161863887184,-8.419987737584304,5.0324954015941135,3.0,0.23287823287823287,4294.089609151573,0.5451896742614083,1.4470019229648616,-1.16251966668609,1417.5824175824175,-1.0,-1.0,0.23520370509484925,
2023-07-31 13:42:48.873000,-8.409638554216867,-1.7590361445783134,4.409638554216868,-1.59656652360515,-8.434702636419374,5.0226854690374,3.0,0.2324342324342324,4302.292263610316,0.7436629567041564,1.5233378008274572,-1.0861837888234944,1394.139194139194,-1.0,-1.0,0.23520120570361386,
2023-07-31 13:42:48.881000,-8.433734939759036,-1.7349397590361446,4.397590361445784,-1.6235438381361127,-8.459227467811159,5.015328019619865,3.0,0.2324342324342324,4302.292263610316,1.064273643727057,1.6149408542625716,-0.7197715750830365,1371.4285714285713,-1.0,-1.0,0.23519814954889184,
2023-07-31 13:42:48.889000,-8.433734939759036,-1.7349397590361446,4.409638554216868,-1.6358062538320048,-8.503372164316369,5.044757817290006,3.0,0.2324342324342324,4302.292263610316,0.8505331857117899,1.4775362741098998,-0.49076394149525027,1347.985347985348,-1.0,-1.0,0.23519453354291198,
2023-07-31 13:42:48.896000,-8.433734939759036,-1.7228915662650603,4.409638554216868,-1.6039239730226853,-8.50091968117719,5.020232985898222,3.0,0.2324342324342324,4302.292263610316,1.1864110483072097,1.5538721519724954,-0.3991608880601357,1328.2051282051282,-1.0,-1.0,0.23519035487504514,
2023-07-31 13:42:48.904000,-8.409638554216867,-1.710843373493976,4.397590361445784,-1.6186388718577558,-8.488657265481299,5.027590435315757,3.0,0.2324342324342324,4302.292263610316,1.3543499796049197,1.6912767321251672,-0.5212982926402884,1311.3553113553112,-1.0,-1.0,0.23518561102666852,
2023-07-31 13:42:48.912000,-8.433734939759036,-1.746987951807229,4.421686746987952,-1.5328019619865112,-8.444512568976087,5.020232985898222,3.0,0.2324342324342324,4302.292263610316,1.1864110483072097,2.240895052735854,-0.38389371248761667,1299.6336996336995,-1.0,-1.0,0.23518029978537908,
2023-07-31 13:42:48.919000,-8.433734939759036,-1.7228915662650603,4.409638554216868,-1.601471489883507,-8.48620478234212,4.985898221949724,3.0,0.2324342324342324,4302.292263610316,1.2016782238797288,1.126391235941961,-0.27702348347998307,1290.8424908424909,-1.0,-1.0,0.23517441925848395,
2023-07-31 13:42:48.927000,-8.46987951807229,-1.710843373493976,4.457831325301205,-1.5229920294297976,-8.496014714898834,5.027590435315757,3.0,0.2324342324342324,4302.292263610316,1.1100751704446143,1.2790629916671519,-0.13961890332731133,1287.9120879120878,-1.0,-1.0,0.23516796788570016,
2023-07-31 13:42:48.935000,-8.481927710843374,-1.710843373493976,4.457831325301205,-1.6652360515021458,-8.491109748620477,5.020232985898222,3.0,0.2324342324342324,4302.292263610316,1.2780141017423243,1.5386049763999763,-0.07855020103723499,1288.6446886446886,-1.0,-1.0,0.2351609443122517,
2023-07-31 13:42:48.942000,-8.493975903614459,-1.710843373493976,4.385542168674699,-1.5646842427958307,-8.532801961986511,4.993255671367259,3.0,0.23199023199023197,4310.526315789474,0.9879377658644617,1.5233378008274572,0.1809917836955894,1292.3076923076922,-1.0,-1.0,0.2351533474201875,
2023-07-31 13:42:48.950000,-8.493975903614459,-1.6987951807228916,4.397590361445784,-1.5769466584917229,-8.513182096873084,4.993255671367259,3.0,0.23199023199023197,4310.526315789474,1.1253423460171335,1.5233378008274572,-0.0022143231746395813,1295.970695970696,-1.0,-1.0,0.2351451763370639,
2023-07-31 13:42:48.958000,-8.493975903614459,-1.674698795180723,4.397590361445784,-1.5352544451256898,-8.498467198038012,4.9294911097486205,3.0,0.23199023199023197,4310.526315789474,1.3085484528873625,1.1569255870869992,-0.2464891323349449,1301.8315018315018,-1.0,-1.0,0.23513643056069763,
2023-07-31 13:42:48.965000,-8.46987951807229,-1.6626506024096386,4.397590361445784,-1.5769466584917229,-8.464132434089516,4.939301042305334,3.0,0.23199023199023197,4310.526315789474,1.1100751704446143,0.8210477244915793,0.11992308140551308,1306.9597069597069,-1.0,-1.0,0.23512710994414404,
2023-07-31 13:42:48.973000,-8.46987951807229,-1.6626506024096386,4.385542168674699,-1.5695892090741874,-8.493562231759656,4.978540772532188,3.0,0.23199023199023197,4310.526315789474,0.9726705902919426,1.0042538313618083,-0.27702348347998307,1312.8205128205127,-1.0,-1.0,0.23511721457239038,
2023-07-31 13:42:48.981000,-8.46987951807229,-1.6867469879518073,4.409638554216868,-1.5843041079092581,-8.547516860821581,4.9589209074187615,3.0,0.23199023199023197,4310.526315789474,1.0490064681545381,1.0805897092244037,-0.2922906590525022,1319.4139194139193,-1.0,-1.0,0.23510674477594234,
2023-07-31 13:42:48.988000,-8.46987951807229,-1.6987951807228916,4.409638554216868,-1.6995708154506437,-8.498467198038012,5.020232985898222,3.0,0.23199023199023197,4310.526315789474,0.7436629567041564,0.5157042130411976,-0.2464891323349449,1324.5421245421244,-1.0,-1.0,0.23509570115317233,
2023-07-31 13:42:48.996000,-8.457831325301205,-1.6867469879518073,4.445783132530121,-1.572041692213366,-8.42489270386266,4.993255671367259,3.0,0.23199023199023197,4310.526315789474,0.9879377658644617,0.4699026863236404,0.028320027970398585,1327.4725274725274,-1.0,-1.0,0.235084084857955,
2023-07-31 13:42:49.004000,-8.44578313253012,-1.6867469879518073,4.409638554216868,-1.572041692213366,-8.515634580012263,4.978540772532188,3.0,0.23199023199023197,4310.526315789474,1.033739292582019,0.22562787716333504,-0.5976341705028838,1328.2051282051282,-1.0,-1.0,0.23507189743926515,
2023-07-31 13:42:49.011000,-8.46987951807229,-1.674698795180723,4.433734939759036,-1.5769466584917229,-8.493562231759656,5.005518087063151,3.0,0.23199023199023197,4310.526315789474,1.1864110483072097,0.5462385641862358,-0.3991608880601357,1327.4725274725274,-1.0,-1.0,0.23505914071143666,
2023-07-31 13:42:49.019000,-8.46987951807229,-1.674698795180723,4.397590361445784,-1.4886572654812997,-8.461679950950337,5.005518087063151,3.0,0.2315462315462315,4318.7919463087255,1.0032049414369808,0.21036070159081596,-0.42969523920517394,1325.2747252747251,-1.0,-1.0,0.23504581690030094,
2023-07-31 13:42:49.027000,-8.46987951807229,-1.6867469879518073,4.397590361445784,-1.5646842427958307,-8.48620478234212,4.988350705088902,3.0,0.2315462315462315,4318.7919463087255,1.033739292582019,0.6836431443389076,-0.2464891323349449,1319.4139194139193,-1.0,-1.0,0.23503192862867953,
2023-07-31 13:42:49.034000,-8.457831325301205,-1.6626506024096386,4.409638554216868,-1.6039239730226853,-8.449417535254444,4.9589209074187615,3.0,0.23199023199023197,4310.526315789474,0.8963347124293471,0.5462385641862358,-0.643435697220441,1309.89010989011,-1.0,-1.0,0.23501747873064144,
2023-07-31 13:42:49.042000,-8.44578313253012,-1.6626506024096386,4.409638554216868,-1.5180870631514407,-8.45677498467198,4.985898221949724,3.0,0.2315462315462315,4318.7919463087255,1.0490064681545381,0.7294446710564648,-0.7045043995105175,1297.4358974358975,-1.0,-1.0,0.2350024705435179,
2023-07-31 13:42:49.050000,-8.457831325301205,-1.674698795180723,4.397590361445784,-1.5646842427958307,-8.451870018393624,4.9662783568362965,3.0,0.2315462315462315,4318.7919463087255,1.0032049414369808,0.37829963288852586,-0.9182448575257846,1285.7142857142856,-1.0,-1.0,0.23498690790115184,
2023-07-31 13:42:49.057000,-8.433734939759036,-1.674698795180723,4.385542168674699,-1.5450643776824033,-8.478847332924586,4.934396076026977,3.0,0.2315462315462315,4318.7919463087255,0.8199988345667518,0.6836431443389076,-0.2922906590525022,1273.260073260073,-1.0,-1.0,0.23497079481788938,
2023-07-31 13:42:49.065000,-8.457831325301205,-1.674698795180723,4.385542168674699,-1.5352544451256898,-8.491109748620477,4.980993255671367,3.0,0.2315462315462315,4318.7919463087255,0.8199988345667518,0.6836431443389076,-0.2922906590525022,1261.5384615384614,-1.0,-1.0,0.23495413548001798,
2023-07-31 13:42:49.073000,-8.457831325301205,-1.6626506024096386,4.397590361445784,-1.4862047823421214,-8.478847332924586,4.897608828939301,3.0,0.2315462315462315,4318.7919463087255,0.7741973078491945,0.8363149000640984,-0.47549676592273116,1252.7472527472526,-1.0,-1.0,0.23493693425667128,
2023-07-31 13:42:49.080000,-8.493975903614459,-1.6626506024096386,4.373493975903615,-1.554874310239117,-8.540159411404046,5.0030656039239725,3.0,0.2315462315462315,4318.7919463087255,1.4764873841850723,0.8057805489190603,-0.5212982926402884,1246.8864468864467,-1.0,-1.0,0.23491919583750573,
2023-07-31 13:42:49.088000,-8.481927710843374,-1.674698795180723,4.36144578313253,-1.5352544451256898,-8.476394849785407,4.934396076026977,3.0,0.2315462315462315,4318.7919463087255,1.3543499796049197,0.6225744420488312,-0.42969523920517394,1239.5604395604396,-1.0,-1.0,0.23490092522051495,
2023-07-31 13:42:49.096000,-8.493975903614459,-1.674698795180723,4.385542168674699,-1.5695892090741874,-8.481299816063764,4.927038626609442,3.0,0.23110223110223108,4327.089337175793,1.2780141017423243,-0.32399044344735195,-0.5212982926402884,1233.6996336996335,-1.0,-1.0,0.23488212769935732,
2023-07-31 13:42:49.103000,-8.493975903614459,-1.6626506024096386,4.397590361445784,-1.5597792765174738,-8.503372164316369,4.971183323114653,3.0,0.23110223110223108,4327.089337175793,1.3696171551774388,-0.2018530388671993,-0.42969523920517394,1229.3040293040292,-1.0,-1.0,0.2348628087009904,
2023-07-31 13:42:49.111000,-8.493975903614459,-1.674698795180723,4.397590361445784,-1.537706928264868,-8.481299816063764,4.934396076026977,3.0,0.2315462315462315,4318.7919463087255,1.6749606666278205,-0.2018530388671993,-0.47549676592273116,1227.106227106227,-1.0,-1.0,0.23484297375040974,
2023-07-31 13:42:49.118000,-8.481927710843374,-1.674698795180723,4.409638554216868,-1.6186388718577558,-8.530349478847333,5.005518087063151,3.0,0.23110223110223108,4327.089337175793,1.3696171551774388,-0.04918128314200845,-0.2922906590525022,1224.9084249084249,-1.0,-1.0,0.23482262874339557,
2023-07-31 13:42:49.126000,-8.493975903614459,-1.6987951807228916,4.409638554216868,-1.5769466584917229,-8.56713672593501,4.97608828939301,3.0,0.2315462315462315,4318.7919463087255,1.4306858574675152,-0.2629217411572756,-0.41442806363265483,1224.1758241758241,-1.0,-1.0,0.23480177980348288,
2023-07-31 13:42:49.134000,-8.481927710843374,-1.6987951807228916,4.433734939759036,-1.542611894543225,-8.515634580012263,4.9515634580012255,3.0,0.2315462315462315,4318.7919463087255,1.4917545597575914,-0.6904026571878099,-0.42969523920517394,1221.245421245421,-1.0,-1.0,0.23478043311773833,
2023-07-31 13:42:49.141000,-8.493975903614459,-1.710843373493976,4.397590361445784,-1.5622317596566522,-8.508277130594728,5.0030656039239725,3.0,0.23110223110223108,4327.089337175793,1.3543499796049197,-0.5377309014626191,-0.32282501019754034,1218.3150183150183,-1.0,-1.0,0.23475859510200595,
2023-07-31 13:42:49.149000,-8.493975903614459,-1.6867469879518073,4.421686746987952,-1.5524218270999386,-8.427345187001839,4.985898221949724,3.0,0.2315462315462315,4318.7919463087255,1.0795408192995761,-0.5377309014626191,-0.6587028727929601,1215.3846153846152,-1.0,-1.0,0.23473627224676696,
2023-07-31 13:42:49.157000,-8.481927710843374,-1.6626506024096386,4.433734939759036,-1.5524218270999386,-8.530349478847333,4.949110974862047,3.0,0.23110223110223108,4327.089337175793,1.2016782238797288,-0.21712021443971838,-0.628168521647922,1210.2564102564102,-1.0,-1.0,0.23471347122963246,
2023-07-31 13:42:49.164000,-8.46987951807229,-1.674698795180723,4.421686746987952,-1.5990190067443286,-8.542611894543224,4.9368485591661555,3.0,0.23110223110223108,4327.089337175793,1.0032049414369808,-0.033914107569489364,-0.21595478118990674,1209.5238095238094,-1.0,-1.0,0.2346901989106207,
2023-07-31 13:42:49.172000,-8.457831325301205,-1.674698795180723,4.397590361445784,-1.601471489883507,-8.496014714898834,4.978540772532188,3.0,0.23110223110223108,4327.089337175793,1.0032049414369808,0.2714294038808923,-0.8571761552357082,1208.058608058608,-1.0,-1.0,0.23466646215762932,
2023-07-31 13:42:49.180000,-8.46987951807229,-1.6867469879518073,4.409638554216868,-1.5597792765174738,-8.53525444512569,4.9589209074187615,3.0,0.23110223110223108,4327.089337175793,1.1864110483072097,0.7447118466289839,-1.0251150865334182,1208.7912087912086,-1.0,-1.0,0.23464226797033308,
2023-07-31 13:42:49.187000,-8.457831325301205,-1.6626506024096386,4.373493975903615,-1.5450643776824033,-8.473942366646229,4.956468424279583,3.0,0.23110223110223108,4327.089337175793,1.033739292582019,0.8057805489190603,-1.16251966668609,1206.5934065934066,-1.0,-1.0,0.2346176233272175,
2023-07-31 13:42:49.195000,-8.481927710843374,-1.6626506024096386,4.385542168674699,-1.537706928264868,-8.522992029429798,5.005518087063151,3.0,0.23110223110223108,4327.089337175793,1.033739292582019,0.7141774954839457,-1.208321193403647,1205.128205128205,-1.0,-1.0,0.23459253533120472,
2023-07-31 13:42:49.203000,-8.457831325301205,-1.674698795180723,4.397590361445784,-1.572041692213366,-8.498467198038012,4.939301042305334,3.0,0.23110223110223108,4327.089337175793,1.400151506322477,0.6836431443389076,-1.0403822621059373,1204.3956043956043,-1.0,-1.0,0.23456701118580517,
2023-07-31 13:42:49.210000,-8.457831325301205,-1.6867469879518073,4.385542168674699,-1.5597792765174738,-8.493562231759656,5.020232985898222,3.0,0.23110223110223108,4327.089337175793,1.2016782238797288,0.6989103199114266,-1.2235883689761662,1206.5934065934066,-1.0,-1.0,0.23454105819329907,
2023-07-31 13:42:49.218000,-8.457831325301205,-1.6867469879518073,4.433734939759036,-1.6039239730226853,-8.459227467811159,5.076640098099325,3.0,0.23110223110223108,4327.089337175793,1.415418681894996,0.21036070159081596,-1.5136647048540288,1211.7216117216117,-1.0,-1.0,0.23451468373287085,
2023-07-31 13:42:49.226000,-8.493975903614459,-1.6867469879518073,4.421686746987952,-1.4812998160637645,-8.459227467811159,4.9589209074187615,3.0,0.23110223110223108,4327.089337175793,0.865800361284309,0.31723093059844953,-1.5747334071441053,1217.5824175824175,-1.0,-1.0,0.2344878951221447,
2023-07-31 13:42:49.233000,-8.493975903614459,-1.6987951807228916,4.46987951807229,-1.613733905579399,-8.572041692213366,5.017780502759043,3.0,0.23110223110223108,4327.089337175793,1.064273643727057,0.43936833517860224,-1.4831303537089906,1222.7106227106226,-1.0,-1.0,0.23446069975665562,
2023-07-31 13:42:49.241000,-8.530120481927712,-1.6987951807228916,4.445783132530121,-1.5646842427958307,-8.54996934396076,5.010423053341508,3.0,0.23110223110223108,4327.089337175793,0.9116018880018663,0.6989103199114266,-1.3151914224112808,1227.106227106227,-1.0,-1.0,0.23443310510129353,
2023-07-31 13:42:49.249000,-8.530120481927712,-1.710843373493976,4.385542168674699,-1.572041692213366,-8.525444512568976,4.978540772532188,3.0,0.23110223110223108,4327.089337175793,0.7131286055591182,0.6378416176213503,-1.0251150865334182,1230.03663003663,-1.0,-1.0,0.23440511868304584,
2023-07-31 13:42:49.256000,-8.542168674698795,-1.710843373493976,4.421686746987952,-1.537706928264868,-8.584304107909258,4.978540772532188,3.0,0.23065823065823063,4335.418671799808,1.0032049414369808,0.5920400909037931,-1.5136647048540288,1230.7692307692307,-1.0,-1.0,0.2343767480850603,
2023-07-31 13:42:49.264000,-8.506024096385543,-1.6987951807228916,4.385542168674699,-1.5867565910484365,-8.557326793378294,4.980993255671367,3.0,0.23110223110223108,4327.089337175793,1.0032049414369808,0.8821164267816556,-2.0174814987471583,1232.2344322344322,-1.0,-1.0,0.2343480007927472,
2023-07-31 13:42:49.272000,-8.481927710843374,-1.710843373493976,4.397590361445784,-1.625996321275291,-8.518087063151441,4.9662783568362965,3.0,0.23110223110223108,4327.089337175793,0.6520599032690418,0.9889866557892892,-1.8953440941670059,1234.4322344322343,-1.0,-1.0,0.23431888431792927,
2023-07-31 13:42:49.279000,-8.457831325301205,-1.6987951807228916,4.385542168674699,-1.59656652360515,-8.513182096873084,4.941753525444512,3.0,0.23110223110223108,4327.089337175793,1.0795408192995761,1.0500553580793655,-1.360992949128838,1243.956043956044,-1.0,-1.0,0.23428940635583806,
2023-07-31 13:42:49.287000,-8.433734939759036,-1.710843373493976,4.397590361445784,-1.6186388718577558,-8.449417535254444,5.012875536480687,3.0,0.23110223110223108,4327.089337175793,0.8810675368568281,0.7141774954839457,-1.98694714760212,1260.07326007326,-1.0,-1.0,0.23425957450680074,
2023-07-31 13:42:49.295000,-8.421686746987952,-1.7228915662650603,4.433734939759036,-1.630901287553648,-8.429797670141017,5.005518087063151,3.0,0.23110223110223108,4327.089337175793,1.033739292582019,1.3095973428121899,-1.3915273002738762,1283.5164835164835,-1.0,-1.0,0.2342293964358473,
2023-07-31 13:42:49.302000,-8.433734939759036,-1.710843373493976,4.409638554216868,-1.5941140404659717,-8.47148988350705,5.007970570202329,3.0,0.23065823065823063,4335.418671799808,1.1558766971621717,1.126391235941961,-1.0709166132509753,1320.8791208791208,-1.0,-1.0,0.23419888000205907,
2023-07-31 13:42:49.310000,-8.409638554216867,-1.7349397590361446,4.373493975903615,-1.6235438381361127,-8.427345187001839,4.978540772532188,3.0,0.23110223110223108,4327.089337175793,1.0184721170095,1.111124060369442,-0.99458073538838,1367.7655677655678,-1.0,-1.0,0.23416803296312858,
2023-07-31 13:42:49.318000,-8.409638554216867,-1.746987951807229,4.385542168674699,-1.6186388718577558,-8.451870018393624,4.954015941140405,3.0,0.23065823065823063,4335.418671799808,1.232212575024767,1.4012003962473045,-1.1167181399685326,1424.1758241758241,-1.0,-1.0,0.23413686310708726,
2023-07-31 13:42:49.325000,-8.44578313253012,-1.7349397590361446,4.433734939759036,-1.59656652360515,-8.47148988350705,4.993255671367259,3.0,0.23065823065823063,4335.418671799808,0.9116018880018663,0.07295612143814421,-1.177786842258609,1487.9120879120878,-1.0,-1.0,0.2341053782673562,
2023-07-31 13:42:49.333000,-8.421686746987952,-1.746987951807229,4.409638554216868,-1.601471489883507,-8.478847332924586,5.030042918454935,3.0,0.23065823065823063,4335.418671799808,1.2932812773148434,0.24089505273585413,-1.16251966668609,1551.6483516483515,-1.0,-1.0,0.23407358616836985,
2023-07-31 13:42:49.341000,-8.457831325301205,-1.7590361445783134,4.397590361445784,-1.6824034334763946,-8.434702636419374,5.025137952176578,3.0,0.23065823065823063,4335.418671799808,1.2932812773148434,0.24089505273585413,-1.16251966668609,1615.3846153846152,-1.0,-1.0,0.23404149456984347,
2023-07-31 13:42:49.348000,-8.409638554216867,-1.746987951807229,4.409638554216868,-1.6848559166155732,-8.442060085836909,4.941753525444512,3.0,0.23065823065823063,4335.418671799808,1.0948079948720952,0.8363149000640984,-0.9487792086708228,1671.7948717948716,-1.0,-1.0,0.23400911127297813,
2023-07-31 13:42:49.356000,-8.397590361445783,-1.7228915662650603,4.385542168674699,-1.6235438381361127,-8.444512568976087,4.971183323114653,3.0,0.23065823065823063,4335.418671799808,1.3085484528873625,1.874482838995396,-0.8571761552357082,1720.8791208791208,-1.0,-1.0,0.23397644412727217,
2023-07-31 13:42:49.364000,-8.44578313253012,-1.7349397590361446,4.385542168674699,-1.672593500919681,-8.50091968117719,4.934396076026977,3.0,0.23065823065823063,4335.418671799808,1.2016782238797288,2.775246197774022,-0.1701532544723495,1759.7069597069597,-1.0,-1.0,0.2339435010378528,
2023-07-31 13:42:49.371000,-8.493975903614459,-1.7228915662650603,4.36144578313253,-1.6505211526670753,-8.554874310239116,4.946658491722869,3.0,0.23065823065823063,4335.418671799808,1.4306858574675152,2.042421770293106,0.13519025697803216,1788.278388278388,-1.0,-1.0,0.23391029011198858,
2023-07-31 13:42:49.379000,-8.530120481927712,-1.7349397590361446,4.397590361445784,-1.5695892090741874,-8.58185162477008,4.9515634580012255,3.0,0.23065823065823063,4335.418671799808,1.3543499796049197,1.2485286405221137,0.04358720354291767,1805.128205128205,-1.0,-1.0,0.23387681950806471,
2023-07-31 13:42:49.387000,-8.506024096385543,-1.7349397590361446,4.349397590361446,-1.6284488044144696,-8.518087063151441,4.963825873697118,3.0,0.23065823065823063,4335.418671799808,1.6291591399102632,1.7981469611328007,-0.23122195676242582,1810.2564102564102,-1.0,-1.0,0.23384309731632227,
2023-07-31 13:42:49.394000,-8.493975903614459,-1.710843373493976,4.325301204819278,-1.601471489883507,-8.488657265481299,4.880441446965052,3.0,0.23065823065823063,4335.418671799808,1.7512965444904158,2.195093526018297,-0.1701532544723495,1804.3956043956043,-1.0,-1.0,0.23380913171645892,
2023-07-31 13:42:49.402000,-8.518072289156628,-1.710843373493976,4.36144578313253,-1.6112814224402205,-8.488657265481299,4.9368485591661555,3.0,0.23065823065823063,4335.418671799808,1.5070217353301105,0.7905133733465411,-0.42969523920517394,1792.6739926739926,-1.0,-1.0,0.23377493098599741,
2023-07-31 13:42:49.410000,-8.506024096385543,-1.7228915662650603,4.349397590361446,-1.6652360515021458,-8.540159411404046,4.9515634580012255,3.0,0.23021423021423018,4343.780135004822,1.4917545597575914,0.9889866557892892,-0.5365654682128075,1772.161172161172,-1.0,-1.0,0.23374050350861875,
2023-07-31 13:42:49.417000,-8.493975903614459,-1.6987951807228916,4.349397590361446,-1.5450643776824033,-8.522992029429798,4.897608828939301,3.0,0.23065823065823063,4335.418671799808,1.2780141017423243,0.7294446710564648,-0.444962414777693,1747.2527472527472,-1.0,-1.0,0.23370585777182626,
2023-07-31 13:42:49.425000,-8.481927710843374,-1.6867469879518073,4.337349397590362,-1.5769466584917229,-8.518087063151441,4.9294911097486205,3.0,0.23065823065823063,4335.418671799808,1.5375560864751487,0.5004370374686785,-0.3380921857700594,1718.6813186813185,-1.0,-1.0,0.23367100248197553,
2023-07-31 13:42:49.433000,-8.481927710843374,-1.6867469879518073,4.36144578313253,-1.613733905579399,-8.496014714898834,4.9147762109135495,3.0,0.23065823065823063,4335.418671799808,0.08635860381096644,-0.12691568090437563,-0.021210885146553674,1688.6446886446886,-1.0,-1.0,0.23363594644415703,
2023-07-31 13:42:49.440000,-8.46987951807229,-1.6987951807228916,4.349397590361446,-1.5695892090741874,-8.498467198038012,4.895156345800122,3.0,0.23065823065823063,4335.418671799808,0.3443855253190365,-0.6634811491171847,0.2354175164617442,1655.6776556776556,-1.0,-1.0,0.23360069859078872,
2023-07-31 13:42:49.448000,-8.506024096385543,-1.674698795180723,4.325301204819278,-1.5867565910484365,-8.483752299202942,4.8779889638258735,3.0,0.23065823065823063,4335.418671799808,0.34170502884447207,-0.5090612435172778,0.27667385350504015,1621.245421245421,-1.0,-1.0,0.2335652679780303,
2023-07-31 13:42:49.456000,-8.530120481927712,-1.674698795180723,4.337349397590362,-1.5695892090741874,-8.508277130594728,4.934396076026977,3.0,0.23065823065823063,4335.418671799808,0.4446127848027503,-0.834100576889459,0.1030242992832586,1586.8131868131868,-1.0,-1.0,0.23352966366387656,
2023-07-31 13:42:49.463000,-8.518072289156628,-1.710843373493976,4.301204819277109,-1.5769466584917229,-8.483752299202942,4.934396076026977,3.0,0.23065823065823063,4335.418671799808,0.2597750713827861,-0.31816327719829796,-0.08192995746168598,1554.5787545787546,-1.0,-1.0,0.2334938948623499,
2023-07-31 13:42:49.471000,-8.518072289156628,-1.6867469879518073,4.337349397590362,-1.5892090741876148,-8.518087063151441,4.885346413243409,3.0,0.23021423021423018,4343.780135004822,0.3398403356447752,-0.221432317464018,-0.08006526426198957,1522.3443223443223,-1.0,-1.0,0.23345797094772291,
2023-07-31 13:42:49.479000,-8.518072289156628,-1.710843373493976,4.349397590361446,-1.5843041079092581,-8.616186388718576,4.963825873697118,3.0,0.23065823065823063,4335.418671799808,0.01934619194685704,0.09148651011013366,-0.21851873433949034,1494.5054945054944,-1.0,-1.0,0.23342190130871296,
2023-07-31 13:42:49.486000,-8.506024096385543,-1.6987951807228916,4.337349397590362,-1.5646842427958307,-8.53525444512569,4.956468424279583,3.0,0.23021423021423018,4343.780135004822,0.32981760969640417,0.14579569955130758,-0.07983217761202789,1468.131868131868,-1.0,-1.0,0.2333856954786013,
2023-07-31 13:42:49.494000,-8.530120481927712,-1.6506024096385543,4.349397590361446,-1.572041692213366,-8.586756591048436,4.904966278356836,3.0,0.23021423021423018,4343.780135004822,0.3361109492453815,-0.1157275217061945,-0.3357613192704388,1443.2234432234432,-1.0,-1.0,0.23334936314674376,
2023-07-31 13:42:49.501000,-8.566265060240964,-1.674698795180723,4.325301204819278,-1.542611894543225,-8.589209074187615,4.9074187614960145,3.0,0.23021423021423018,4343.780135004822,0.4336577122545308,0.21315774139036126,-0.46547403997436076,1421.245421245421,-1.0,-1.0,0.23331291399875134,
2023-07-31 13:42:49.509000,-8.566265060240964,-1.6506024096385543,4.301204819277109,-1.4984671980380133,-8.52053954629062,4.88289393010423,3.0,0.23021423021423018,4343.780135004822,0.0896218169104368,0.48050812889691735,-0.38902161878678304,1397.069597069597,-1.0,-1.0,0.23327635785345366,
2023-07-31 13:42:49.517000,-8.542168674698795,-1.6506024096385543,4.301204819277109,-1.5597792765174738,-8.54996934396076,4.9074187614960145,3.0,0.23021423021423018,4343.780135004822,0.20698094516636475,0.11747567158091053,-0.7824718839228483,1370.6959706959706,-1.0,-1.0,0.2332397046599989,
2023-07-31 13:42:49.524000,-8.55421686746988,-1.674698795180723,4.301204819277109,-1.5843041079092581,-8.591661557326793,4.949110974862047,3.0,0.23021423021423018,4343.780135004822,0.3998601480100223,0.01666569547229259,-0.8979663189790815,1345.054945054945,-1.0,-1.0,0.23320296449382436,
2023-07-31 13:42:49.532000,-8.542168674698795,-1.674698795180723,4.301204819277109,-1.5597792765174738,-8.61128142244022,4.96137339055794,3.0,0.23021423021423018,4343.780135004822,0.13087815395373276,-0.2749257036303243,-1.0704504399510528,1317.9487179487178,-1.0,-1.0,0.23316614741274755,
2023-07-31 13:42:49.540000,-8.506024096385543,-1.6506024096385543,4.313253012048193,-1.537706928264868,-8.562231759656651,4.8412017167381975,3.0,0.23021423021423018,4343.780135004822,0.2793543499796048,0.21280811141541875,-1.3322067478585164,1290.8424908424909,-1.0,-1.0,0.2331292634710599,
2023-07-31 13:42:49.547000,-8.506024096385543,-1.6626506024096386,4.337349397590362,-1.6161863887185774,-8.537706928264868,4.912323727774371,3.0,0.23021423021423018,4343.780135004822,0.10407318920808831,0.6148825826000821,-0.9676592273177558,1265.2014652014652,-1.0,-1.0,0.2330923228601208,
2023-07-31 13:42:49.555000,-8.518072289156628,-1.6987951807228916,4.313253012048193,-1.5818516247700796,-8.50091968117719,4.887798896382587,3.0,0.22977022977022976,4352.173913043478,0.12668259425441397,-0.12913000407901673,-0.9090379348522818,1242.4908424908424,-1.0,-1.0,0.23305533589876595,
2023-07-31 13:42:49.563000,-8.542168674698795,-1.6867469879518073,4.337349397590362,-1.5622317596566522,-8.545064377682403,4.904966278356836,3.0,0.22977022977022976,4352.173913043478,0.013402482372822228,-0.10675368568265274,-0.8990152089039091,1222.7106227106226,-1.0,-1.0,0.2330183128735602,
2023-07-31 13:42:49.570000,-8.542168674698795,-1.6987951807228916,4.337349397590362,-1.5524218270999386,-8.540159411404046,4.919681177191906,3.0,0.22977022977022976,4352.173913043478,-0.1636268282734103,-0.5947205873783575,-1.0386341122312224,1207.3260073260074,-1.0,-1.0,0.23298126400564226,
2023-07-31 13:42:49.578000,-8.530120481927712,-1.6867469879518073,4.349397590361446,-1.6358062538320048,-8.625996321275291,4.980993255671367,3.0,0.23021423021423018,4343.780135004822,-0.27888817667968147,-1.0023891381621115,-0.854495658761144,1197.069597069597,-1.0,-1.0,0.23294419957572335,
2023-07-31 13:42:49.586000,-8.530120481927712,-1.6987951807228916,4.385542168674699,-1.6039239730226853,-8.645616186388718,4.885346413243409,3.0,0.23021423021423018,4343.780135004822,-0.5300390420138683,-0.3925179185362157,-0.8837480333313904,1190.4761904761904,-1.0,-1.0,0.2329071300587125,
2023-07-31 13:42:49.593000,-8.542168674698795,-1.6867469879518073,4.325301204819278,-1.5475168608215817,-8.601471489883506,4.843654199877376,3.0,0.23021423021423018,4343.780135004822,-0.21851873433949015,-0.06316648213973486,-0.972087873667035,1187.5457875457876,-1.0,-1.0,0.232870066130063,
2023-07-31 13:42:49.601000,-8.506024096385543,-1.6987951807228916,4.325301204819278,-1.613733905579399,-8.547516860821581,4.902513795217658,3.0,0.22977022977022976,4352.173913043478,-0.2764407668550787,0.0533768428413255,-0.7242002214323181,1188.278388278388,-1.0,-1.0,0.2328330185123922,
2023-07-31 13:42:49.609000,-8.506024096385543,-1.710843373493976,4.349397590361446,-1.5646842427958307,-8.554874310239116,4.892703862660944,3.0,0.22977022977022976,4352.173913043478,-0.303362274925704,-0.03274867431967753,-0.9528582250451605,1194.1391941391942,-1.0,-1.0,0.23279599781102772,
2023-07-31 13:42:49.616000,-8.506024096385543,-1.710843373493976,4.373493975903615,-1.5892090741876148,-8.547516860821581,4.988350705088902,3.0,0.22977022977022976,4352.173913043478,-0.299283258551366,-0.02622224812073854,-0.9260532602995165,1205.8608058608058,-1.0,-1.0,0.23275901447651504,
2023-07-31 13:42:49.624000,-8.457831325301205,-1.7228915662650603,4.36144578313253,-1.630901287553648,-8.476394849785407,4.946658491722869,3.0,0.22977022977022976,4352.173913043478,-0.40405570770934107,-0.5541635102849483,-1.1281393858166775,1218.3150183150183,-1.0,-1.0,0.23272207878693266,
2023-07-31 13:42:49.632000,-8.44578313253012,-1.746987951807229,4.36144578313253,-1.6210913549969344,-8.505824647455547,4.949110974862047,3.0,0.22977022977022976,4352.173913043478,-0.23553405978672523,-0.31350154419905585,-1.1621700367111472,1229.3040293040292,-1.0,-1.0,0.2326852009888515,
2023-07-31 13:42:49.639000,-8.44578313253012,-1.7349397590361446,4.349397590361446,-1.6235438381361127,-8.58185162477008,4.917228694052728,3.0,0.22977022977022976,4352.173913043478,-0.11491171843132691,0.17015325447234927,-0.6480974302196839,1237.3626373626373,-1.0,-1.0,0.23264839126763476,
2023-07-31 13:42:49.647000,-8.46987951807229,-1.7349397590361446,4.337349397590362,-1.660331085223789,-8.532801961986511,4.860821581851624,3.0,0.22977022977022976,4352.173913043478,0.003263213099470364,0.07179068818833412,-0.3545247945923892,1243.2234432234432,-1.0,-1.0,0.232611659738608,
2023-07-31 13:42:49.655000,-8.493975903614459,-1.7590361445783134,4.349397590361446,-1.6161863887185774,-8.53525444512569,4.927038626609442,3.0,0.22977022977022976,4352.173913043478,-0.031816327719829104,-0.3638482605908744,-0.22015034088922575,1246.153846153846,-1.0,-1.0,0.23257501655580576,
2023-07-31 13:42:49.662000,-8.481927710843374,-1.746987951807229,4.349397590361446,-1.660331085223789,-8.52053954629062,4.8779889638258735,3.0,0.22977022977022976,4352.173913043478,-0.0666627818891669,-0.23634986306159284,-0.15010780257560766,1250.5494505494505,-1.0,-1.0,0.23253847160515909,
2023-07-31 13:42:49.670000,-8.46987951807229,-1.7349397590361446,4.349397590361446,-1.6063764561618639,-8.491109748620477,4.931943592887799,3.0,0.22977022977022976,4352.173913043478,-0.422935726356273,-0.12971272070392093,-0.3090728978497758,1254.212454212454,-1.0,-1.0,0.23250203464485722,
2023-07-31 13:42:49.678000,-8.457831325301205,-1.7349397590361446,4.373493975903615,-1.64316370324954,-8.466584917228694,4.924586143470264,3.0,0.22977022977022976,4352.173913043478,0.15686731542450963,0.004661732999242137,-0.04556844006759471,1257.142857142857,-1.0,-1.0,0.2324657154142955,
2023-07-31 13:42:49.685000,-8.481927710843374,-1.7228915662650603,4.36144578313253,-1.625996321275291,-8.510729613733906,4.9515634580012255,3.0,0.22977022977022976,4352.173913043478,-0.15337101567507758,0.4892488782704974,-0.13775421012761468,1259.3406593406592,-1.0,-1.0,0.2324295234665212,
2023-07-31 13:42:49.693000,-8.530120481927712,-1.7590361445783134,4.349397590361446,-1.6995708154506437,-8.525444512568976,4.917228694052728,3.0,0.22977022977022976,4352.173913043478,0.014101742322708983,0.4833051686964626,-0.15080706252549397,1259.3406593406592,-1.0,-1.0,0.23239346815028084,
2023-07-31 13:42:49.701000,-8.518072289156628,-1.7590361445783134,4.349397590361446,-1.6750459840588594,-8.554874310239116,4.885346413243409,3.0,0.22977022977022976,4352.173913043478,-0.1874016665695478,0.2926402890274462,0.1555853388497178,1257.142857142857,-1.0,-1.0,0.23235755859247953,
2023-07-31 13:42:49.708000,-8.518072289156628,-1.746987951807229,4.36144578313253,-1.6210913549969344,-8.552421827099938,4.858369098712446,3.0,0.22977022977022976,4352.173913043478,-0.05127906299166698,0.5183847095157621,0.046966959967368216,1252.014652014652,-1.0,-1.0,0.23232180368115024,
2023-07-31 13:42:49.716000,-8.518072289156628,-1.746987951807229,4.325301204819278,-1.672593500919681,-8.527896995708154,4.8706315144083385,3.0,0.22932622932622934,4360.600193610842,-0.09824602295903433,0.8370141600139851,0.22656022376318435,1244.6886446886447,-1.0,-1.0,0.2322862120490342,
2023-07-31 13:42:49.724000,-8.518072289156628,-1.7228915662650603,4.313253012048193,-1.677498467198038,-8.572041692213366,4.855916615573268,3.0,0.22977022977022976,4352.173913043478,-0.007225686148825746,0.7857350970223181,0.3763183963638482,1237.3626373626373,-1.0,-1.0,0.23225079204732257,
2023-07-31 13:42:49.731000,-8.518072289156628,-1.7590361445783134,4.325301204819278,-1.6112814224402205,-8.589209074187615,4.855916615573268,3.0,0.22977022977022976,4352.173913043478,-0.14672804615115603,0.7952916496707658,0.3124526542742266,1227.106227106227,-1.0,-1.0,0.23221555183778372,
2023-07-31 13:42:49.739000,-8.542168674698795,-1.7228915662650603,4.301204819277109,-1.5843041079092581,-8.554874310239116,4.833844267320662,3.0,0.22977022977022976,4352.173913043478,-0.1602470718489591,0.8482023192121663,0.6620826292174116,1216.117216117216,-1.0,-1.0,0.23218049925093942,
2023-07-31 13:42:49.747000,-8.542168674698795,-1.7228915662650603,4.301204819277109,-1.625996321275291,-8.540159411404046,4.865726548129981,3.0,0.22977022977022976,4352.173913043478,-0.15978089854903574,0.6334129712720699,0.17959326379581614,1202.9304029304028,-1.0,-1.0,0.2321456416555738,
2023-07-31 13:42:49.754000,-8.530120481927712,-1.710843373493976,4.289156626506024,-1.5793991416309012,-8.594114040465971,4.88289393010423,3.0,0.22977022977022976,4352.173913043478,-0.3108210477244914,0.052561039566459654,0.15686731542450877,1189.0109890109889,-1.0,-1.0,0.23211098609548084,
2023-07-31 13:42:49.762000,-8.506024096385543,-1.7228915662650603,4.313253012048193,-1.6750459840588594,-8.56713672593501,4.887798896382587,3.0,0.22977022977022976,4352.173913043478,-0.15616805547462287,0.1329759338033913,0.0903210768603227,1178.021978021978,-1.0,-1.0,0.2320765392780709,
2023-07-31 13:42:49.770000,-8.518072289156628,-1.7228915662650603,4.313253012048193,-1.5941140404659717,-8.498467198038012,4.858369098712446,3.0,0.22977022977022976,4352.173913043478,-0.21816910436454764,0.30895635452479453,-0.09766330633412929,1170.6959706959706,-1.0,-1.0,0.23204230756421096,
2023-07-31 13:42:49.777000,-8.493975903614459,-1.7228915662650603,4.325301204819278,-1.6456161863887184,-8.491109748620477,4.8779889638258735,3.0,0.22977022977022976,4352.173913043478,-0.1715517743721228,0.09008799021036015,0.26676767088165015,1164.102564102564,-1.0,-1.0,0.2320082970981199,
2023-07-31 13:42:49.785000,-8.481927710843374,-1.710843373493976,4.325301204819278,-1.6161863887185774,-8.545064377682403,4.819129368485592,3.0,0.22932622932622934,4360.600193610842,-0.14369791970164908,0.30580968475030673,0.1713186877221607,1154.5787545787546,-1.0,-1.0,0.23197451364075616,
2023-07-31 13:42:49.793000,-8.493975903614459,-1.6987951807228916,4.301204819277109,-1.6186388718577558,-8.483752299202942,4.890251379521765,3.0,0.22932622932622934,4360.600193610842,-0.010955072548219456,0.15045743255055147,0.32305809684750264,1145.7875457875457,-1.0,-1.0,0.2319409622868581,
2023-07-31 13:42:49.800000,-8.506024096385543,-1.6987951807228916,4.301204819277109,-1.6529736358062537,-8.50091968117719,4.909871244635193,3.0,0.22932622932622934,4360.600193610842,-0.06246722218984984,0.500087407493736,0.4430977215779964,1139.194139194139,-1.0,-1.0,0.23190764758759144,
2023-07-31 13:42:49.808000,-8.493975903614459,-1.710843373493976,4.313253012048193,-1.64316370324954,-8.54996934396076,4.86817903126916,3.0,0.22932622932622934,4360.600193610842,-0.13985198997727452,-0.03577880076918622,0.6088223297010665,1133.3333333333333,-1.0,-1.0,0.23187457382311566,
2023-07-31 13:42:49.816000,-8.506024096385543,-1.710843373493976,4.289156626506024,-1.601471489883507,-8.54996934396076,4.88289393010423,3.0,0.22932622932622934,4360.600193610842,-0.446594021327428,0.07330575141308847,0.6027620768020513,1133.3333333333333,-1.0,-1.0,0.2318417449786465,
2023-07-31 13:42:49.823000,-8.530120481927712,-1.7228915662650603,4.27710843373494,-1.6554261189454322,-8.576946658491723,4.8412017167381975,3.0,0.22977022977022976,4352.173913043478,-0.20290192879202854,-0.12749839752928155,0.4111648505331856,1136.2637362637363,-1.0,-1.0,0.2318091645943192,
2023-07-31 13:42:49.831000,-8.542168674698795,-1.7228915662650603,4.289156626506024,-1.59656652360515,-8.557326793378294,4.853464132434089,3.0,0.22932622932622934,4360.600193610842,-0.2680496474564411,-0.2649029776819533,0.5869121846046267,1138.4615384615383,-1.0,-1.0,0.23177683591488246,
2023-07-31 13:42:49.839000,-8.55421686746988,-1.7228915662650603,4.289156626506024,-1.5769466584917229,-8.547516860821581,4.897608828939301,3.0,0.22932622932622934,4360.600193610842,-0.10372355923314405,-0.692150807062526,0.5773556319561799,1139.194139194139,-1.0,-1.0,0.2317447617639512,
2023-07-31 13:42:49.846000,-8.542168674698795,-1.7349397590361446,4.289156626506024,-1.6161863887185774,-8.552421827099938,4.86817903126916,3.0,0.22977022977022976,4352.173913043478,-0.4898315948954016,0.06165141891498225,0.4137288036827687,1139.194139194139,-1.0,-1.0,0.23171294438802334,
2023-07-31 13:42:49.854000,-8.542168674698795,-1.7349397590361446,4.301204819277109,-1.6112814224402205,-8.64316370324954,4.880441446965052,3.0,0.22932622932622934,4360.600193610842,-0.414661150282618,0.18681894994464188,0.7271138045568437,1138.4615384615383,-1.0,-1.0,0.23168138574896352,
2023-07-31 13:42:49.862000,-8.530120481927712,-1.710843373493976,4.27710843373494,-1.6676885346413242,-8.513182096873084,4.83629675045984,3.0,0.22932622932622934,4360.600193610842,-0.3551075112172943,0.20593205524153552,0.4887827049705732,1139.194139194139,-1.0,-1.0,0.231650087402322,
2023-07-31 13:42:49.869000,-8.518072289156628,-1.710843373493976,4.253012048192772,-1.6235438381361127,-8.58185162477008,4.752912323727774,3.0,0.2288822288822289,4369.05916585839,-0.5725773556319569,0.08880601363556921,0.43528931880426514,1141.3919413919414,-1.0,-1.0,0.23161905034543115,
2023-07-31 13:42:49.877000,-8.530120481927712,-1.6987951807228916,4.253012048192772,-1.5573267933782955,-8.572041692213366,4.772532188841201,3.0,0.22932622932622934,4360.600193610842,-0.29753510867665,-0.12073888468037916,0.5815511916554978,1143.5897435897434,-1.0,-1.0,0.2315882751541204,
2023-07-31 13:42:49.884000,-8.542168674698795,-1.674698795180723,4.240963855421687,-1.5524218270999386,-8.61128142244022,4.787247087676272,3.0,0.22932622932622934,4360.600193610842,-0.38948779208670875,-0.2822679331041309,0.5440242410115955,1147.2527472527472,-1.0,-1.0,0.23155776196078565,
2023-07-31 13:42:49.892000,-8.530120481927712,-1.6987951807228916,4.253012048192772,-1.6063764561618639,-8.59656652360515,4.833844267320662,3.0,0.22932622932622934,4360.600193610842,-0.3866907522871635,-0.27387681370549505,0.5400617679622401,1150.18315018315,-1.0,-1.0,0.23152751049674422,
2023-07-31 13:42:49.900000,-8.55421686746988,-1.6987951807228916,4.265060240963856,-1.5573267933782955,-8.586756591048436,4.816676885346413,3.0,0.22932622932622934,4360.600193610842,-0.1259833343045272,-0.5108093933919938,0.3088398111998137,1150.18315018315,-1.0,-1.0,0.23149752011465344,
2023-07-31 13:42:49.907000,-8.55421686746988,-1.6867469879518073,4.27710843373494,-1.567136725935009,-8.594114040465971,4.848559166155733,3.0,0.22932622932622934,4360.600193610842,-0.3227084668725593,-0.5162869296661036,0.1258667909795468,1148.7179487179487,-1.0,-1.0,0.23146778980158636,
2023-07-31 13:42:49.915000,-8.566265060240964,-1.6867469879518073,4.289156626506024,-1.6039239730226853,-8.584304107909258,4.855916615573268,3.0,0.22932622932622934,4360.600193610842,-0.36396480391585523,-0.7496066662781894,0.3403065089447003,1147.985347985348,-1.0,-1.0,0.23143831819327812,
2023-07-31 13:42:49.923000,-8.590361445783133,-1.710843373493976,4.27710843373494,-1.5916615573267934,-8.540159411404046,4.853464132434089,3.0,0.22932622932622934,4360.600193610842,-0.20768020511625152,-0.16770584464774824,0.0045451896742613,1146.5201465201465,-1.0,-1.0,0.23140910358950487,
2023-07-31 13:42:49.930000,-8.602409638554217,-1.6987951807228916,4.265060240963856,-1.6210913549969344,-8.635806253832005,4.880441446965052,3.0,0.22932622932622934,4360.600193610842,-0.17458190082162975,0.1418332265019522,0.17598042072140324,1143.5897435897434,-1.0,-1.0,0.23138014397055054,
2023-07-31 13:42:49.938000,-8.63855421686747,-1.7228915662650603,4.253012048192772,-1.5843041079092581,-8.623543838136113,4.82158185162477,3.0,0.22932622932622934,4360.600193610842,0.05605733931588995,0.3433366353942073,0.08764058038575825,1144.3223443223442,-1.0,-1.0,0.2313514370147117,
2023-07-31 13:42:49.946000,-8.578313253012048,-1.6987951807228916,4.228915662650603,-1.6039239730226853,-8.667688534641323,4.77498467198038,3.0,0.22932622932622934,4360.600193610842,-0.26338791445719895,-0.17225103432200956,-0.014801002272594435,1147.985347985348,-1.0,-1.0,0.23132298011678787,
2023-07-31 13:42:49.953000,-8.566265060240964,-1.7349397590361446,4.228915662650603,-1.6210913549969344,-8.608828939301041,4.863274064990803,3.0,0.22932622932622934,4360.600193610842,-0.3535924479925417,0.0640988287395833,-0.5266592855894175,1158.2417582417581,-1.0,-1.0,0.23129477054624503,
2023-07-31 13:42:49.961000,-8.55421686746988,-1.7349397590361446,4.240963855421687,-1.6382587369711832,-8.640711220110362,4.757817290006131,3.0,0.22932622932622934,4360.600193610842,0.03123361109492492,-0.4188567099819351,-0.44053376842841363,1175.8241758241757,-1.0,-1.0,0.23126680544710954,
2023-07-31 13:42:49.969000,-8.566265060240964,-1.7349397590361446,4.253012048192772,-1.6210913549969344,-8.601471489883506,4.826486817903127,3.0,0.2288822288822289,4369.05916585839,-0.4404172251034315,-1.0230173066837593,-0.3721228366645303,1201.4652014652013,-1.0,-1.0,0.2312390817110387,
2023-07-31 13:42:49.976000,-8.530120481927712,-1.710843373493976,4.27710843373494,-1.719190680564071,-8.559779276517473,4.787247087676272,3.0,0.2288822288822289,4369.05916585839,-0.07027562496357977,-0.9075228716275283,-0.408251267408659,1235.164835164835,-1.0,-1.0,0.23121159585091036,
2023-07-31 13:42:49.984000,-8.55421686746988,-1.6987951807228916,4.27710843373494,-1.601471489883507,-8.562231759656651,4.86817903126916,3.0,0.2288822288822289,4369.05916585839,-0.7726822446244385,-1.249460987121962,-0.7218693549326961,1279.8534798534797,-1.0,-1.0,0.23118434400227078,
2023-07-31 13:42:49.992000,-8.506024096385543,-1.710843373493976,4.27710843373494,-1.6627835683629675,-8.530349478847333,4.824034334763948,3.0,0.22932622932622934,4360.600193610842,-0.2783054600547755,-1.4965328360818126,-0.7278130645067304,1330.4029304029302,-1.0,-1.0,0.23115732208408216,
2023-07-31 13:42:49.999000,-8.506024096385543,-1.746987951807229,4.265060240963856,-1.64316370324954,-8.461679950950337,4.855916615573268,3.0,0.2288822288822289,4369.05916585839,-0.415943126857409,-1.2421187576481554,-0.4584814404754967,1388.278388278388,-1.0,-1.0,0.23113052597011186,
2023-07-31 13:42:50.007000,-8.46987951807229,-1.7349397590361446,4.289156626506024,-1.6039239730226853,-8.505824647455547,4.858369098712446,3.0,0.22932622932622934,4360.600193610842,-0.4285298059553636,-1.1578579336868475,-0.23483479983683936,1450.5494505494505,-1.0,-1.0,0.2311039513836327,
2023-07-31 13:42:50.015000,-8.481927710843374,-1.7349397590361446,4.265060240963856,-1.613733905579399,-8.476394849785407,4.799509503372164,3.0,0.2288822288822289,4369.05916585839,0.07843365771225394,-0.4348231455043409,-0.4908804848202317,1513.5531135531135,-1.0,-1.0,0.23107759390985194,
2023-07-31 13:42:50.022000,-8.493975903614459,-1.746987951807229,4.265060240963856,-1.6407112201103617,-8.488657265481299,4.838749233599018,3.0,0.2288822288822289,4369.05916585839,0.0941670065846981,-0.08123069751179923,-0.1174756715809101,1571.4285714285713,-1.0,-1.0,0.23105144902938368,
2023-07-31 13:42:50.030000,-8.530120481927712,-1.7349397590361446,4.265060240963856,-1.6505211526670753,-8.606376456161863,4.831391784181483,3.0,0.2288822288822289,4369.05916585839,0.07785094108734976,-0.038226210593788994,-0.0982460229590352,1624.1758241758241,-1.0,-1.0,0.23102551212001116,
2023-07-31 13:42:50.038000,-8.542168674698795,-1.7349397590361446,4.289156626506024,-1.6652360515021458,-8.530349478847333,4.858369098712446,3.0,0.2288822288822289,4369.05916585839,-0.04498572344268966,0.02330866499621242,0.1360060602528991,1668.131868131868,-1.0,-1.0,0.23099977859693374,
2023-07-31 13:42:50.045000,-8.518072289156628,-1.746987951807229,4.27710843373494,-1.6652360515021458,-8.576946658491723,4.838749233599018,3.0,0.22932622932622934,4360.600193610842,0.0916030534351145,-0.2067478585164031,0.02960200454518974,1701.8315018315018,-1.0,-1.0,0.23097424364757127,
2023-07-31 13:42:50.053000,-8.542168674698795,-1.7590361445783134,4.301204819277109,-1.5499693439607602,-8.545064377682403,4.902513795217658,3.0,0.2288822288822289,4369.05916585839,0.15197249577530408,-0.8306042771400269,-0.2596585280578057,1721.6117216117216,-1.0,-1.0,0.23094890256224265,
2023-07-31 13:42:50.061000,-8.55421686746988,-1.746987951807229,4.301204819277109,-1.7290006131207847,-8.59656652360515,4.904966278356836,3.0,0.2288822288822289,4369.05916585839,0.13519025697803239,-0.5057980304178075,-0.10558825243284178,1728.2051282051282,-1.0,-1.0,0.23092375075596647,
2023-07-31 13:42:50.068000,-8.542168674698795,-1.7590361445783134,4.265060240963856,-1.6235438381361127,-8.584304107909258,4.851011649294911,3.0,0.2288822288822289,4369.05916585839,0.2697977973311571,-0.7917953499213338,0.06736204183905366,1726.007326007326,-1.0,-1.0,0.23089878348132498,
2023-07-31 13:42:50.076000,-8.530120481927712,-1.7349397590361446,4.265060240963856,-1.6407112201103617,-8.542611894543224,4.860821581851624,3.0,0.2288822288822289,4369.05916585839,0.02167705844647724,-0.2206165141891504,-0.14264902977681937,1716.4835164835163,-1.0,-1.0,0.23087399598773922,
2023-07-31 13:42:50.084000,-8.518072289156628,-1.746987951807229,4.265060240963856,-1.6407112201103617,-8.525444512568976,4.843654199877376,3.0,0.2288822288822289,4369.05916585839,0.15675077209952878,-0.17166831769710364,-0.1692209078725017,1699.6336996336995,-1.0,-1.0,0.2308493835411861,
2023-07-31 13:42:50.091000,-8.493975903614459,-1.746987951807229,4.27710843373494,-1.613733905579399,-8.559779276517473,4.865726548129981,3.0,0.2288822288822289,4369.05916585839,0.02132742847153473,-0.21490589126507728,-0.25697803158324123,1676.1904761904761,-1.0,-1.0,0.23082494144306295,
2023-07-31 13:42:50.099000,-8.506024096385543,-1.746987951807229,4.301204819277109,-1.6652360515021458,-8.537706928264868,4.863274064990803,3.0,0.2288822288822289,4369.05916585839,0.03869238389371234,-0.2897267059029201,-0.23646640638657454,1649.8168498168498,-1.0,-1.0,0.23080066504816693,
2023-07-31 13:42:50.107000,-8.530120481927712,-1.746987951807229,4.27710843373494,-1.648068669527897,-8.586756591048436,4.846106683016554,3.0,0.2288822288822289,4369.05916585839,-0.17364955422178133,-0.03531262746926114,0.3633820872909502,1619.7802197802196,-1.0,-1.0,0.23077654978175655,
2023-07-31 13:42:50.114000,-8.530120481927712,-1.7228915662650603,4.301204819277109,-1.537706928264868,-8.58185162477008,4.8779889638258735,3.0,0.2288822288822289,4369.05916585839,-0.12411864110483035,0.11118233203193321,0.1502243459005885,1588.278388278388,-1.0,-1.0,0.23075259115567373,
2023-07-31 13:42:50.122000,-8.542168674698795,-1.7349397590361446,4.27710843373494,-1.6627835683629675,-8.608828939301041,4.82158185162477,3.0,0.2288822288822289,4369.05916585839,-0.2710797739059498,-0.12516753102965963,0.10628751238272853,1557.5091575091574,-1.0,-1.0,0.23072878478350575,
2023-07-31 13:42:50.130000,-8.578313253012048,-1.7349397590361446,4.301204819277109,-1.613733905579399,-8.576946658491723,4.828939301042305,3.0,0.2288822288822289,4369.05916585839,-0.174931530796574,0.11467863178136525,0.1251675310296605,1528.937728937729,-1.0,-1.0,0.2307051263947778,
2023-07-31 13:42:50.137000,-8.566265060240964,-1.710843373493976,4.253012048192772,-1.613733905579399,-8.574494175352545,4.804414469650521,3.0,0.2288822288822289,4369.05916585839,-0.09428354990967895,-0.19858982576772893,0.11246430860672459,1503.2967032967033,-1.0,-1.0,0.23068161184816527,
2023-07-31 13:42:50.145000,-8.542168674698795,-1.6987951807228916,4.27710843373494,-1.613733905579399,-8.61128142244022,4.846106683016554,3.0,0.2288822288822289,4369.05916585839,-0.21222539479051283,-0.6196608589243051,0.13029543732882684,1481.3186813186812,-1.0,-1.0,0.2306582371437292,
2023-07-31 13:42:50.153000,-8.530120481927712,-1.7228915662650603,4.216867469879518,-1.6358062538320048,-8.584304107909258,4.831391784181483,3.0,0.2288822288822289,4369.05916585839,-0.19287920284365753,-0.41046559058329923,0.3625662840160826,1461.5384615384614,-1.0,-1.0,0.23063499857292277,
2023-07-31 13:42:50.160000,-8.55421686746988,-1.7228915662650603,4.253012048192772,-1.6284488044144696,-8.554874310239116,4.848559166155733,3.0,0.2288822288822289,4369.05916585839,0.007458772798787419,-0.828856127265311,0.43785327195384915,1442.4908424908424,-1.0,-1.0,0.23061189270850257,
2023-07-31 13:42:50.168000,-8.55421686746988,-1.7349397590361446,4.27710843373494,-1.6161863887185774,-8.58185162477008,4.816676885346413,3.0,0.2288822288822289,4369.05916585839,0.008740749373580091,-0.8294388438902169,0.4364547520540761,1420.5128205128203,-1.0,-1.0,0.23058891612712312,
2023-07-31 13:42:50.176000,-8.530120481927712,-1.710843373493976,4.27710843373494,-1.6112814224402205,-8.591661557326793,4.777437155119558,3.0,0.22843822843822845,4377.551020408163,-0.08309539071149782,-0.4774780024474104,0.025989161470776866,1394.139194139194,635.772705078125,94.37334997359957,0.2305660655779689,
2023-07-31 13:42:50.183000,-8.506024096385543,-1.710843373493976,4.253012048192772,-1.6039239730226853,-8.594114040465971,4.851011649294911,3.0,0.2288822288822289,4369.05916585839,0.05477536274109902,-0.24800419555969905,0.14812656605092953,1368.4981684981683,-1.0,94.37334997359957,0.2305433381082137,
2023-07-31 13:42:50.191000,-8.530120481927712,-1.6987951807228916,4.253012048192772,-1.5695892090741874,-8.559779276517473,4.83629675045984,3.0,0.2288822288822289,4369.05916585839,-0.005477536274109728,-0.03193287104481168,-0.022026688421420616,1341.3919413919414,-1.0,94.37334997359957,0.2305207308895206,
2023-07-31 13:42:50.199000,-8.506024096385543,-1.710843373493976,4.265060240963856,-1.59656652360515,-8.532801961986511,4.789699570815451,3.0,0.2288822288822289,4369.05916585839,0.20837946506613828,0.21350737136530548,-0.14614532952625098,1312.087912087912,-1.0,94.37334997359957,0.23049824125581728,
2023-07-31 13:42:50.206000,-8.566265060240964,-1.6987951807228916,4.240963855421687,-1.572041692213366,-8.584304107909258,4.765174739423666,3.0,0.2288822288822289,4369.05916585839,0.03892547054367401,-0.06270030883981152,-0.11700949828098632,1280.5860805860805,-1.0,94.37334997359957,0.23047586671889642,
2023-07-31 13:42:50.214000,-8.566265060240964,-1.6987951807228916,4.240963855421687,-1.6382587369711832,-8.630901287553648,4.777437155119558,3.0,0.2288822288822289,4369.05916585839,0.1636268282734103,0.2583765514830143,0.17271720762193377,1251.2820512820513,-1.0,94.37334997359957,0.23045360497250605,
2023-07-31 13:42:50.222000,-8.578313253012048,-1.6867469879518073,4.240963855421687,-1.5646842427958307,-8.601471489883506,4.814224402207235,3.0,0.2288822288822289,4369.05916585839,-0.08053143756191421,-0.0640988287395833,0.0924188567099821,1224.1758241758241,-1.0,94.37334997359957,0.2304314538955231,
2023-07-31 13:42:50.229000,-8.566265060240964,-1.710843373493976,4.240963855421687,-1.625996321275291,-8.576946658491723,4.809319435928877,3.0,0.2288822288822289,4369.05916585839,0.04521881009265133,-0.41839053668201176,0.11735912825592883,1201.4652014652013,-1.0,94.37334997359957,0.23040941155426792,
2023-07-31 13:42:50.237000,-8.578313253012048,-1.7228915662650603,4.228915662650603,-1.5916615573267934,-8.616186388718576,4.846106683016554,3.0,0.22843822843822845,4377.551020408163,-0.1242351844298112,-0.37223937998951023,-0.04160596701823933,1183.150183150183,-1.0,94.37334997359957,0.23038747620401184,
2023-07-31 13:42:50.245000,-8.566265060240964,-1.7228915662650603,4.228915662650603,-1.6088289393010422,-8.630901287553648,4.784794604537094,3.0,0.22843822843822845,4377.551020408163,-0.3214264902977683,-0.4018413845347,0.045568440067595146,1169.230769230769,-1.0,94.37334997359957,0.23036564614044625,
2023-07-31 13:42:50.252000,-8.602409638554217,-1.710843373493976,4.253012048192772,-1.5990190067443286,-8.621091354996935,4.809319435928877,3.0,0.22843822843822845,4377.551020408163,-0.3808635860381095,-0.33762601247013585,-0.172017947672047,1158.974358974359,-1.0,94.37334997359957,0.23034391967788548,
2023-07-31 13:42:50.260000,-8.566265060240964,-1.7228915662650603,4.253012048192772,-1.6284488044144696,-8.589209074187615,4.819129368485592,3.0,0.22843822843822845,4377.551020408163,-0.3497465182681654,-0.48808344502068557,-0.3399568789697569,1151.6483516483515,-1.0,94.37334997359957,0.23032229528578693,
2023-07-31 13:42:50.267000,-8.55421686746988,-1.746987951807229,4.253012048192772,-1.613733905579399,-8.574494175352545,4.757817290006131,3.0,0.22843822843822845,4377.551020408163,-0.5303886719888126,-0.2865800361284305,-0.6019462735271837,1149.4505494505493,-1.0,94.37334997359957,0.23030077172452973,
2023-07-31 13:42:50.275000,-8.542168674698795,-1.7349397590361446,4.204819277108434,-1.6235438381361127,-8.613733905579398,4.799509503372164,3.0,0.22843822843822845,4377.551020408163,-0.49589184779441725,-0.38972087873667044,-0.4077850941087348,1152.3809523809523,-1.0,94.37334997359957,0.23027934802139569,
2023-07-31 13:42:50.283000,-8.566265060240964,-1.7228915662650603,4.204819277108434,-1.6358062538320048,-8.616186388718576,4.72838749233599,3.0,0.22843822843822845,4377.551020408163,-0.43377425557951166,-0.07901637433715986,-0.3668783870403822,1159.7069597069597,-1.0,94.37334997359957,0.23025802331834574,
2023-07-31 13:42:50.290000,-8.566265060240964,-1.7228915662650603,4.240963855421687,-1.6112814224402205,-8.64316370324954,4.730839975475169,3.0,0.22843822843822845,4377.551020408163,-0.5826000815803279,-0.8694132043587202,-0.5207155760153835,1170.6959706959706,-1.0,94.37334997359957,0.2302367968683755,
2023-07-31 13:42:50.298000,-8.590361445783133,-1.7349397590361446,4.240963855421687,-1.7093807480073573,-8.601471489883506,4.770079705702023,3.0,0.22843822843822845,4377.551020408163,-0.24322591923547607,-0.32806945982168817,-0.6628984324922792,1183.8827838827838,-1.0,94.37334997359957,0.2302156680312369,
2023-07-31 13:42:50.306000,-8.566265060240964,-1.7228915662650603,4.216867469879518,-1.6382587369711832,-8.650521152667075,4.784794604537094,3.0,0.22843822843822845,4377.551020408163,-0.6686090554163502,-0.6259541984732824,-0.7994872093700833,1198.5347985347985,-1.0,94.37334997359957,0.23019463626860534,
2023-07-31 13:42:50.313000,-8.578313253012048,-1.7349397590361446,4.240963855421687,-1.6578786020846106,-8.633353770692827,4.730839975475169,3.0,0.22843822843822845,4377.551020408163,-0.5401783112872202,-0.7549676592273166,-0.8104422819183033,1213.1868131868132,-1.0,94.37334997359957,0.23017370113877517,
2023-07-31 13:42:50.321000,-8.566265060240964,-1.7349397590361446,4.228915662650603,-1.6554261189454322,-8.574494175352545,4.794604537093807,3.0,0.22843822843822845,4377.551020408163,-0.658003612843075,-0.7609113688013514,-1.0344385525319035,1227.106227106227,-1.0,94.37334997359957,0.23015286229096757,
2023-07-31 13:42:50.329000,-8.518072289156628,-1.746987951807229,4.216867469879518,-1.6235438381361127,-8.547516860821581,4.779889638258736,3.0,0.227994227994228,4386.0759493670885,-0.4831886253714818,-0.8561272653108788,-0.5553289435347593,1235.164835164835,-1.0,94.37334997359957,0.2301321194593356,
2023-07-31 13:42:50.336000,-8.518072289156628,-1.746987951807229,4.204819277108434,-1.6333537706928265,-8.53525444512569,4.723482526057633,3.0,0.227994227994228,4386.0759493670885,-0.052561039566459654,0.06223413553988644,-0.4314433890798906,1239.5604395604396,-1.0,94.37334997359957,0.23011147244620597,
2023-07-31 13:42:50.344000,-8.518072289156628,-1.7831325301204821,4.240963855421687,-1.6824034334763946,-8.58185162477008,4.801961986511342,3.0,0.22843822843822845,4377.551020408163,-0.03449682419439355,0.6542742264436795,-0.7969232562205002,1241.7582417582416,-1.0,94.37334997359957,0.23009092107347567,
2023-07-31 13:42:50.352000,-8.566265060240964,-1.7831325301204821,4.253012048192772,-1.6873083997547516,-8.584304107909258,4.797057020232986,3.0,0.22843822843822845,4377.551020408163,0.02925237457024723,-0.04067362041839003,-0.7931938698211064,1238.095238095238,-1.0,94.37334997359957,0.23007046531457537,
2023-07-31 13:42:50.359000,-8.542168674698795,-1.7710843373493976,4.228915662650603,-1.7142857142857142,-8.599019006744328,4.748007357449417,3.0,0.22843822843822845,4377.551020408163,-5.82716624905918E-4,-0.13041198065380769,-0.8183672280170157,1232.2344322344322,-1.0,94.37334997359957,0.23005010530920555,
2023-07-31 13:42:50.367000,-8.542168674698795,-1.7710843373493976,4.240963855421687,-1.6627835683629675,-8.625996321275291,4.777437155119558,3.0,0.22843822843822845,4377.551020408163,0.23098887011246394,0.38389371248761817,-0.8426082396130766,1224.1758241758241,-1.0,94.37334997359957,0.2300298412188718,
2023-07-31 13:42:50.375000,-8.530120481927712,-1.7710843373493976,4.228915662650603,-1.6407112201103617,-8.579399141630901,4.72838749233599,3.0,0.22843822843822845,4377.551020408163,0.15465299224986853,0.38214556261290217,-0.6018297302022029,1215.3846153846152,-1.0,94.37334997359957,0.23000967322117458,
2023-07-31 13:42:50.382000,-8.542168674698795,-1.7710843373493976,4.253012048192772,-1.6505211526670753,-8.599019006744328,4.750459840588595,3.0,0.22843822843822845,4377.551020408163,0.23331973661208588,-0.022026688421421484,-0.9406211759221492,1203.6630036630036,-1.0,94.37334997359957,0.2299896015041915,
2023-07-31 13:42:50.390000,-8.530120481927712,-1.7831325301204821,4.27710843373494,-1.6235438381361127,-8.53525444512569,4.76026977314531,3.0,0.22843822843822845,4377.551020408163,-0.10139269273352386,0.08997144688537932,-0.9873550492395544,1191.9413919413919,-1.0,94.37334997359957,0.2299696262610271,
2023-07-31 13:42:50.398000,-8.506024096385543,-1.7590361445783134,4.240963855421687,-1.6995708154506437,-8.564684242795831,4.794604537093807,3.0,0.22843822843822845,4377.551020408163,0.2097779849659118,0.2206165141891504,-0.7456441932288331,1180.2197802197802,-1.0,94.37334997359957,0.22994974768460613,
2023-07-31 13:42:50.405000,-8.518072289156628,-1.746987951807229,4.216867469879518,-1.6529736358062537,-8.572041692213366,4.789699570815451,3.0,0.22843822843822845,4377.551020408163,0.2600081580327495,0.7503059262280745,-0.9326962298234363,1169.230769230769,-1.0,94.37334997359957,0.22992996596278645,
2023-07-31 13:42:50.413000,-8.518072289156628,-1.7831325301204821,4.216867469879518,-1.6358062538320048,-8.56713672593501,4.76026977314531,3.0,0.22843822843822845,4377.551020408163,0.4148942369325797,0.6240895052735855,-0.4484587145271257,1161.1721611721612,-1.0,94.37334997359957,0.2299102814126075,
2023-07-31 13:42:50.421000,-8.518072289156628,-1.8072289156626506,4.240963855421687,-1.719190680564071,-8.510729613733906,4.83629675045984,3.0,0.22843822843822845,4377.551020408163,0.3547578812423518,0.4392517918536214,-0.472466639473224,1156.0439560439559,-1.0,94.37334997359957,0.229890694455861,
2023-07-31 13:42:50.428000,-8.506024096385543,-1.7831325301204821,4.240963855421687,-1.6946658491722868,-8.54996934396076,4.804414469650521,3.0,0.22843822843822845,4377.551020408163,0.41559349688246644,0.5591748732591347,-0.4192063399568789,1151.6483516483515,-1.0,94.37334997359957,0.2298712054675615,
2023-07-31 13:42:50.436000,-8.542168674698795,-1.7951807228915664,4.253012048192772,-1.6578786020846106,-8.547516860821581,4.804414469650521,3.0,0.22843822843822845,4377.551020408163,0.38634112231221923,0.6306159314725246,0.107802575607482,1145.7875457875457,-1.0,94.37334997359957,0.22985181477407982,
2023-07-31 13:42:50.444000,-8.542168674698795,-1.7710843373493976,4.240963855421687,-1.6578786020846106,-8.562231759656651,4.816676885346413,3.0,0.22843822843822845,4377.551020408163,0.38552531903735165,0.6274692616980367,0.11164850533185743,1139.9267399267399,-1.0,94.37334997359957,0.22983252265169438,
2023-07-31 13:42:50.451000,-8.602409638554217,-1.7710843373493976,4.216867469879518,-1.6627835683629675,-8.640711220110362,4.794604537093807,3.0,0.227994227994228,4386.0759493670885,0.31035487442456805,0.6503117533943241,0.07167414486335284,1134.065934065934,-1.0,94.37334997359957,0.22981332932560902,
2023-07-31 13:42:50.459000,-8.578313253012048,-1.746987951807229,4.228915662650603,-1.6505211526670753,-8.638258736971183,4.794604537093807,3.0,0.227994227994228,4386.0759493670885,0.2815686731542459,0.7653400151506319,-0.3034788182506848,1127.4725274725274,-1.0,94.37334997359957,0.22979423482018127,
2023-07-31 13:42:50.467000,-8.55421686746988,-1.746987951807229,4.228915662650603,-1.6848559166155732,-8.625996321275291,4.833844267320662,3.0,0.22843822843822845,4377.551020408163,0.0858924305110431,0.1744653574966489,-0.09684750305926212,1123.076923076923,-1.0,94.37334997359957,0.22977523893711366,
2023-07-31 13:42:50.474000,-8.578313253012048,-1.7831325301204821,4.240963855421687,-1.6824034334763946,-8.650521152667075,4.767627222562845,3.0,0.227994227994228,4386.0759493670885,0.16514189149816463,0.0802983509119508,-0.1984732824427481,1122.3443223443223,-1.0,94.37334997359957,0.22975634154245123,
2023-07-31 13:42:50.482000,-8.542168674698795,-1.7710843373493976,4.228915662650603,-1.660331085223789,-8.545064377682403,4.765174739423666,3.0,0.227994227994228,4386.0759493670885,0.030650894470019004,-0.5927393508536798,-0.3603519608414432,1123.8095238095236,-1.0,94.37334997359957,0.22973754257728607,
2023-07-31 13:42:50.490000,-8.55421686746988,-1.7590361445783134,4.204819277108434,-1.64316370324954,-8.594114040465971,4.777437155119558,3.0,0.227994227994228,4386.0759493670885,-0.04416992016782207,-0.4032399044344735,0.07342229473806842,1124.5421245421244,-1.0,94.37334997359957,0.22971884187826278,
2023-07-31 13:42:50.497000,-8.542168674698795,-1.7590361445783134,4.1807228915662655,-1.7240956468424278,-8.564684242795831,4.72838749233599,3.0,0.227994227994228,4386.0759493670885,-0.17714585397121335,-0.36734456034030644,0.046966959967368216,1123.076923076923,-1.0,94.37334997359957,0.2297002391688181,
2023-07-31 13:42:50.505000,-8.530120481927712,-1.7590361445783134,4.228915662650603,-1.6210913549969344,-8.552421827099938,4.723482526057633,3.0,0.227994227994228,4386.0759493670885,-0.03426373754443188,-0.608472699726124,0.3241069867723328,1120.14652014652,-1.0,94.37334997359957,0.22968173406125983,
2023-07-31 13:42:50.513000,-8.518072289156628,-1.7831325301204821,4.228915662650603,-1.6039239730226853,-8.547516860821581,4.811771919068057,3.0,0.22843822843822845,4377.551020408163,0.03193287104481168,-1.0131111240603692,0.10955072548219803,1117.9487179487178,-1.0,94.37334997359957,0.22966332605915898,
2023-07-31 13:42:50.520000,-8.518072289156628,-1.7831325301204821,4.265060240963856,-1.6284488044144696,-8.576946658491723,4.83629675045984,3.0,0.22843822843822845,4377.551020408163,-0.11875764815570147,-0.863003321484762,-0.10290775595827734,1114.2857142857142,-1.0,94.37334997359957,0.22964501470936372,
2023-07-31 13:42:50.528000,-8.542168674698795,-1.7710843373493976,4.228915662650603,-1.6750459840588594,-8.52053954629062,4.789699570815451,3.0,0.22843822843822845,4377.551020408163,0.16001398519899743,-0.6555562030184722,0.23273701998718038,1109.89010989011,-1.0,94.37334997359957,0.22962679962694105,
2023-07-31 13:42:50.536000,-8.55421686746988,-1.7710843373493976,4.19277108433735,-1.6358062538320048,-8.522992029429798,4.738197424892704,3.0,0.227994227994228,4386.0759493670885,-0.004661732999242137,-0.4197890565817835,0.32049414369791945,1107.6923076923076,-1.0,94.37334997359957,0.22960868036153678,
2023-07-31 13:42:50.543000,-8.55421686746988,-1.7590361445783134,4.216867469879518,-1.625996321275291,-8.559779276517473,4.738197424892704,3.0,0.227994227994228,4386.0759493670885,-0.0632830254647157,-0.37119049006468097,0.1006934327836371,1105.4945054945053,-1.0,94.37334997359957,0.22959065625374347,
2023-07-31 13:42:50.551000,-8.55421686746988,-1.7710843373493976,4.253012048192772,-1.6505211526670753,-8.616186388718576,4.784794604537094,3.0,0.227994227994228,4386.0759493670885,0.2612901346075404,0.001398519899773509,0.017714585397120987,1103.2967032967033,-1.0,94.37334997359957,0.22957272641943915,
2023-07-31 13:42:50.559000,-8.55421686746988,-1.7710843373493976,4.216867469879518,-1.648068669527897,-8.572041692213366,4.765174739423666,3.0,0.227994227994228,4386.0759493670885,0.12400209777984952,0.1911310529689415,0.4111648505331856,1104.7619047619046,-1.0,94.37334997359957,0.22955489003235957,
2023-07-31 13:42:50.566000,-8.542168674698795,-1.7710843373493976,4.240963855421687,-1.6652360515021458,-8.589209074187615,4.733292458614347,3.0,0.22843822843822845,4377.551020408163,0.26268865450731393,0.20593205524153552,0.2521997552590174,1106.227106227106,-1.0,94.37334997359957,0.22953714630914607,
2023-07-31 13:42:50.574000,-8.578313253012048,-1.7590361445783134,4.204819277108434,-1.6186388718577558,-8.584304107909258,4.748007357449417,3.0,0.227994227994228,4386.0759493670885,0.2619893945574272,0.6483305168696464,0.09428354990967895,1109.89010989011,-1.0,94.37334997359957,0.22951949437767086,
2023-07-31 13:42:50.582000,-8.578313253012048,-1.7590361445783134,4.204819277108434,-1.6333537706928265,-8.650521152667075,4.765174739423666,3.0,0.227994227994228,4386.0759493670885,0.22935726356272876,0.22865800361284375,0.27212866383077905,1112.8205128205127,-1.0,94.37334997359957,0.22950193331596536,
2023-07-31 13:42:50.589000,-8.578313253012048,-1.7590361445783134,4.168674698795181,-1.5695892090741874,-8.606376456161863,4.735744941753525,3.0,0.227994227994228,4386.0759493670885,0.1196899947555499,-0.19101450964396066,-0.22201503408892262,1115.018315018315,-1.0,94.37334997359957,0.2294844621282458,
2023-07-31 13:42:50.597000,-8.566265060240964,-1.7590361445783134,4.19277108433735,-1.6946658491722868,-8.616186388718576,4.777437155119558,3.0,0.227994227994228,4386.0759493670885,-0.1438144630266299,-0.06864401841384458,0.09626478643435707,1116.4835164835165,-1.0,94.37334997359957,0.22946707974222166,
2023-07-31 13:42:50.605000,-8.578313253012048,-1.7590361445783134,4.204819277108434,-1.6824034334763946,-8.608828939301041,4.733292458614347,3.0,0.227994227994228,4386.0759493670885,0.1466115028261752,-0.7233844181574491,-0.0010488899248296977,1117.9487179487178,-1.0,94.37334997359957,0.22944978501705135,
2023-07-31 13:42:50.612000,-8.566265060240964,-1.746987951807229,4.204819277108434,-1.6578786020846106,-8.633353770692827,4.765174739423666,3.0,0.227994227994228,4386.0759493670885,0.11374628518151682,-0.6089388730260473,-0.08076452421187588,1119.4139194139193,-1.0,94.37334997359957,0.22943257675138512,
2023-07-31 13:42:50.620000,-8.55421686746988,-1.7590361445783134,4.228915662650603,-1.677498467198038,-8.601471489883506,4.787247087676272,3.0,0.227994227994228,4386.0759493670885,0.019812365246780383,-0.4502068644018408,-0.07027562496358064,1122.3443223443223,-1.0,94.37334997359957,0.22941545369147856,
2023-07-31 13:42:50.627000,-8.602409638554217,-1.7710843373493976,4.19277108433735,-1.648068669527897,-8.655426118945432,4.718577559779276,3.0,0.227994227994228,4386.0759493670885,0.24718839228483144,-0.4758463958976752,-0.10570479575782261,1124.5421245421244,-1.0,94.37334997359957,0.2293984145393632,
2023-07-31 13:42:50.635000,-8.602409638554217,-1.7831325301204821,4.216867469879518,-1.625996321275291,-8.648068669527897,4.703862660944206,3.0,0.22755022755022752,4394.634146341464,-0.16922090787250085,-0.306858574675136,0.08635860381096688,1127.4725274725274,-1.0,94.37334997359957,0.22938145809980465,
2023-07-31 13:42:50.643000,-8.614457831325302,-1.7831325301204821,4.144578313253012,-1.6210913549969344,-8.633353770692827,4.694052728387492,3.0,0.227994227994228,4386.0759493670885,0.07528698793776616,-0.22900763358778625,-0.05943709574034159,1134.065934065934,-1.0,94.37334997359957,0.22936458311886307,
2023-07-31 13:42:50.650000,-8.614457831325302,-1.7710843373493976,4.144578313253012,-1.648068669527897,-8.655426118945432,4.750459840588595,3.0,0.227994227994228,4386.0759493670885,-0.0170153254472351,-0.40766855078375397,-0.06304993881475446,1142.857142857143,-1.0,94.37334997359957,0.22934778813280962,
2023-07-31 13:42:50.658000,-8.590361445783133,-1.7590361445783134,4.156626506024097,-1.6407112201103617,-8.635806253832005,4.698957694665849,3.0,0.227994227994228,4386.0759493670885,0.04498572344268966,-0.12773148417924324,-0.24777110890973736,1155.3113553113553,-1.0,94.37334997359957,0.22933107179552809,
2023-07-31 13:42:50.666000,-8.614457831325302,-1.7590361445783134,4.19277108433735,-1.6971183323114654,-8.594114040465971,4.735744941753525,3.0,0.227994227994228,4386.0759493670885,0.014684458947613166,-0.3876230988870119,-0.24695530563486978,1172.161172161172,-1.0,94.37334997359957,0.2293144327375577,
2023-07-31 13:42:50.673000,-8.566265060240964,-1.746987951807229,4.168674698795181,-1.6333537706928265,-8.589209074187615,4.787247087676272,3.0,0.227994227994228,4386.0759493670885,0.09125342346017198,-0.47666219917254277,-0.3678107336402302,1194.1391941391942,-1.0,94.37334997359957,0.2292978694460764,
2023-07-31 13:42:50.681000,-8.55421686746988,-1.7710843373493976,4.19277108433735,-1.6529736358062537,-8.559779276517473,4.752912323727774,3.0,0.227994227994228,4386.0759493670885,-0.07971563428704662,-0.07563661791270866,-0.3821455626129017,1225.6410256410256,-1.0,94.37334997359957,0.22928138056030123,
2023-07-31 13:42:50.689000,-8.55421686746988,-1.7590361445783134,4.19277108433735,-1.6407112201103617,-8.545064377682403,4.770079705702023,3.0,0.227994227994228,4386.0759493670885,-0.26024124468271115,0.2623390245323697,-0.5623215430336229,1265.2014652014652,-1.0,94.37334997359957,0.22926496471966668,
2023-07-31 13:42:50.696000,-8.542168674698795,-1.7228915662650603,4.204819277108434,-1.6186388718577558,-8.58185162477008,4.757817290006131,3.0,0.227994227994228,4386.0759493670885,-0.029485461220208904,0.1281976574791683,-0.20744711846628985,1310.6227106227104,-1.0,94.37334997359957,0.22924862058220727,
2023-07-31 13:42:50.704000,-8.542168674698795,-1.746987951807229,4.168674698795181,-1.6799509503372163,-8.594114040465971,4.762722256284488,3.0,0.227994227994228,4386.0759493670885,-0.1503408892255689,0.7279296078317122,-0.22178194743896051,1361.904761904762,-1.0,94.37334997359957,0.22923234696045217,
2023-07-31 13:42:50.712000,-8.55421686746988,-1.746987951807229,4.132530120481928,-1.6284488044144696,-8.54996934396076,4.723482526057633,3.0,0.227994227994228,4386.0759493670885,-0.012237049123012128,0.2988170852514427,-0.7374861604801586,1418.3150183150183,-1.0,94.37334997359957,0.22921614268033422,
2023-07-31 13:42:50.719000,-8.542168674698795,-1.7710843373493976,4.1807228915662655,-1.6456161863887184,-8.564684242795831,4.74310239117106,3.0,0.227994227994228,4386.0759493670885,-0.11840801818075895,0.02738768137054864,-0.868364314433891,1477.6556776556777,-1.0,94.37334997359957,0.22920000658910866,
2023-07-31 13:42:50.727000,-8.55421686746988,-1.7710843373493976,4.168674698795181,-1.7216431637032494,-8.635806253832005,4.735744941753525,3.0,0.22755022755022752,4394.634146341464,-0.11724258493094886,0.03531262746926114,-0.8593904784103487,1534.7985347985348,-1.0,94.37334997359957,0.22918393756298078,
2023-07-31 13:42:50.735000,-8.55421686746988,-1.7831325301204821,4.216867469879518,-1.6750459840588594,-8.545064377682403,4.752912323727774,3.0,0.227994227994228,4386.0759493670885,-0.13064506730376935,-0.0029135831245261186,-0.7576481557018819,1586.8131868131868,-1.0,94.37334997359957,0.2291679343651404,
2023-07-31 13:42:50.742000,-8.566265060240964,-1.7710843373493976,4.156626506024097,-1.6873083997547516,-8.569589209074188,4.770079705702023,3.0,0.227994227994228,4386.0759493670885,-0.02284249169628734,-0.2544140784336572,-0.7334071441058211,1634.4322344322343,-1.0,94.37334997359957,0.22915199578020568,
2023-07-31 13:42:50.750000,-8.578313253012048,-1.7710843373493976,4.156626506024097,-1.6750459840588594,-8.638258736971183,4.718577559779276,3.0,0.227994227994228,4386.0759493670885,0.16036361517394165,0.10721985898257609,-0.17225103432200867,1674.7252747252746,-1.0,94.37334997359957,0.22913612077987855,
2023-07-31 13:42:50.758000,-8.578313253012048,-1.7951807228915664,4.156626506024097,-1.6554261189454322,-8.645616186388718,4.684242795830778,3.0,0.22755022755022752,4394.634146341464,0.1131635685566109,0.34252083211933965,-0.21432317464017223,1705.4945054945053,-1.0,94.37334997359957,0.22912030839042055,
2023-07-31 13:42:50.765000,-8.602409638554217,-1.7951807228915664,4.156626506024097,-1.6946658491722868,-8.579399141630901,4.733292458614347,3.0,0.227994227994228,4386.0759493670885,0.12621642095449062,-0.3442689819940557,-0.6225744420488316,1726.007326007326,-1.0,94.37334997359957,0.22910455754928305,
2023-07-31 13:42:50.773000,-8.55421686746988,-1.8072289156626506,4.19277108433735,-1.702023298589822,-8.613733905579398,4.789699570815451,3.0,0.227994227994228,4386.0759493670885,0.32352427014742685,-0.9793135598158607,-0.5090612435172773,1735.5311355311353,-1.0,94.37334997359957,0.22908886723814958,
2023-07-31 13:42:50.781000,-8.542168674698795,-1.8192771084337351,4.240963855421687,-1.7167381974248925,-8.513182096873084,4.718577559779276,3.0,0.227994227994228,4386.0759493670885,0.16770584464774824,-0.2645533477070108,-0.2756249635802111,1733.3333333333333,-1.0,94.37334997359957,0.2290732366472047,
2023-07-31 13:42:50.788000,-8.55421686746988,-1.8313253012048194,4.1807228915662655,-1.7559779276517473,-8.594114040465971,4.735744941753525,3.0,0.22755022755022752,4394.634146341464,0.33401316939572295,-0.2896101625779375,-0.14801002272594826,1723.0769230769229,-1.0,94.37334997359957,0.22905766504123937,
2023-07-31 13:42:50.796000,-8.566265060240964,-1.8313253012048194,4.19277108433735,-1.731453096259963,-8.633353770692827,4.784794604537094,3.0,0.22755022755022752,4394.634146341464,0.33133267292115853,0.023075578346250746,-0.11362974185653468,1705.4945054945053,-1.0,94.37334997359957,0.22904215175368473,
2023-07-31 13:42:50.804000,-8.542168674698795,-1.8072289156626506,4.19277108433735,-1.6848559166155732,-8.59656652360515,4.779889638258736,3.0,0.227994227994228,4386.0759493670885,0.13122778392867526,-0.2478876522347182,-0.2767903968300216,1683.5164835164835,-1.0,94.37334997359957,0.2290266960099176,
2023-07-31 13:42:50.811000,-8.55421686746988,-1.7951807228915664,4.216867469879518,-1.6652360515021458,-8.545064377682403,4.797057020232986,3.0,0.227994227994228,4386.0759493670885,0.35976924421653816,-0.0102558125983327,-0.07132451488840946,1656.4102564102564,-1.0,94.37334997359957,0.2290112970900516,
2023-07-31 13:42:50.819000,-8.542168674698795,-1.7831325301204821,4.1807228915662655,-1.6848559166155732,-8.62844880441447,4.762722256284488,3.0,0.227994227994228,4386.0759493670885,0.20430044869180033,0.023075578346250746,-0.0340306508944702,1627.8388278388277,-1.0,94.37334997359957,0.22899595450183483,
2023-07-31 13:42:50.827000,-8.55421686746988,-1.8192771084337351,4.1807228915662655,-1.6799509503372163,-8.61128142244022,4.713672593500919,3.0,0.227994227994228,4386.0759493670885,0.24613950236000218,0.6066080065264253,-0.3175805605733929,1598.5347985347985,-1.0,94.37334997359957,0.22898066784489687,
2023-07-31 13:42:50.834000,-8.566265060240964,-1.7831325301204821,4.168674698795181,-1.7216431637032494,-8.53525444512569,4.694052728387492,3.0,0.22755022755022752,4394.634146341464,0.04521881009265133,0.22236466406386643,-0.06596352193928058,1567.7655677655678,-1.0,94.37334997359957,0.22896543681353368,
2023-07-31 13:42:50.842000,-8.566265060240964,-1.8072289156626506,4.156626506024097,-1.7412630288166768,-8.603923973022685,4.716125076640098,3.0,0.227994227994228,4386.0759493670885,0.07435464133791772,0.3743371598391705,-0.05908746576539777,1537.7289377289376,-1.0,94.37334997359957,0.22895026118874923,
2023-07-31 13:42:50.850000,-8.578313253012048,-1.7831325301204821,4.1807228915662655,-1.6554261189454322,-8.65787860208461,4.738197424892704,3.0,0.22755022755022752,4394.634146341464,-0.0023308664996219363,0.12493444437969795,-0.021677058446477673,1508.4249084249084,-1.0,94.37334997359957,0.22893514080894933,
2023-07-31 13:42:50.857000,-8.566265060240964,-1.7831325301204821,4.168674698795181,-1.702023298589822,-8.623543838136113,4.698957694665849,3.0,0.22755022755022752,4394.634146341464,-0.050812889691743635,-0.08635860381096644,-0.22993998018763467,1482.7838827838827,666.412353515625,90.03434537711225,0.2289200755929562,
2023-07-31 13:42:50.865000,-8.566265060240964,-1.7951807228915664,4.1807228915662655,-1.7093807480073573,-8.603923973022685,4.713672593500919,3.0,0.22755022755022752,4394.634146341464,-0.0983625662840169,-0.09661441640930088,-0.31198648097430237,1457.142857142857,-1.0,90.03434537711225,0.22890506550999415,
2023-07-31 13:42:50.873000,-8.566265060240964,-1.7831325301204821,4.156626506024097,-1.6799509503372163,-8.613733905579398,4.711220110361741,3.0,0.22755022755022752,4394.634146341464,-0.1298292640289035,-0.24404172251034367,-0.05920400909037948,1432.2344322344322,-1.0,90.03434537711225,0.22889011057031933,
2023-07-31 13:42:50.880000,-8.566265060240964,-1.8072289156626506,4.19277108433735,-1.7142857142857142,-8.584304107909258,4.684242795830778,3.0,0.22755022755022752,4394.634146341464,-0.07109142823844736,-0.3301672396713484,-0.15978089854903574,1408.058608058608,-1.0,90.03434537711225,0.22887521082589207,
2023-07-31 13:42:50.888000,-8.55421686746988,-1.8072289156626506,4.168674698795181,-1.6578786020846106,-8.599019006744328,4.691600245248313,3.0,0.22755022755022752,4394.634146341464,0.08088106753685671,-0.40195792785968254,-0.365246780490647,1388.278388278388,-1.0,90.03434537711225,0.2288603663705689,
2023-07-31 13:42:50.896000,-8.55421686746988,-1.8072289156626506,4.144578313253012,-1.7608828939301042,-8.572041692213366,4.725935009196811,3.0,0.22755022755022752,4394.634146341464,0.20045451896742578,0.07517044461278531,-0.20290192879202854,1369.230769230769,-1.0,90.03434537711225,0.22884557733984287,
2023-07-31 13:42:50.903000,-8.566265060240964,-1.8072289156626506,4.168674698795181,-1.6750459840588594,-8.572041692213366,4.642550582464746,3.0,0.22755022755022752,4394.634146341464,0.07482081463784107,0.014334828972670657,-0.05698968591573925,1346.5201465201465,-1.0,90.03434537711225,0.2288308439101565,
2023-07-31 13:42:50.911000,-8.566265060240964,-1.7831325301204821,4.144578313253012,-1.672593500919681,-8.594114040465971,4.703862660944206,3.0,0.22755022755022752,4394.634146341464,0.5017190140434712,0.2421770293106468,-0.2955538721519723,1325.2747252747251,-1.0,90.03434537711225,0.22881616629782248,
2023-07-31 13:42:50.919000,-8.566265060240964,-1.7951807228915664,4.132530120481928,-1.706928264868179,-8.559779276517473,4.750459840588595,3.0,0.22755022755022752,4394.634146341464,0.4505564943767851,0.08647514713594728,-0.1519724957753045,1302.5641025641025,-1.0,90.03434537711225,0.2288015447575843,
2023-07-31 13:42:50.926000,-8.55421686746988,-1.7951807228915664,4.168674698795181,-1.6873083997547516,-8.584304107909258,4.698957694665849,3.0,0.22755022755022752,4394.634146341464,0.21618786783986993,0.29648621875182074,0.09906182623390279,1279.8534798534797,-1.0,90.03434537711225,0.22878697958084956,
2023-07-31 13:42:50.934000,-8.602409638554217,-1.7951807228915664,4.19277108433735,-1.6284488044144696,-8.62844880441447,4.772532188841201,3.0,0.22755022755022752,4394.634146341464,0.4580152671755725,0.5244449624147777,-0.18868364314433872,1260.07326007326,-1.0,90.03434537711225,0.2287724710936369,
2023-07-31 13:42:50.942000,-8.626506024096386,-1.7831325301204821,4.168674698795181,-1.6407112201103617,-8.625996321275291,4.738197424892704,3.0,0.2271062271062271,4403.225806451613,-0.2330866499621242,0.6155818425499672,-0.24392517918536238,1239.5604395604396,-1.0,90.03434537711225,0.2287580196542723,
2023-07-31 13:42:50.949000,-8.614457831325302,-1.7831325301204821,4.168674698795181,-1.6161863887185774,-8.645616186388718,4.713672593500919,3.0,0.2271062271062271,4403.225806451613,-0.12330283782996276,0.40219101450964423,-0.3910028553114622,1221.9780219780218,-1.0,90.03434537711225,0.22874362564032955,
2023-07-31 13:42:50.957000,-8.614457831325302,-1.7831325301204821,4.144578313253012,-1.660331085223789,-8.613733905579398,4.711220110361741,3.0,0.22755022755022752,4394.634146341464,-0.0015150632247543454,0.2628051978322948,-0.2476545655847561,1210.2564102564102,-1.0,90.03434537711225,0.22872928926494043,
2023-07-31 13:42:50.965000,-8.578313253012048,-1.7831325301204821,4.156626506024097,-1.6824034334763946,-8.608828939301041,4.659717964438994,3.0,0.22755022755022752,4394.634146341464,-0.11036652875706562,0.20255229881708603,-0.017714585397120987,1202.197802197802,-1.0,90.03434537711225,0.22871501073272188,
2023-07-31 13:42:50.972000,-8.578313253012048,-1.7951807228915664,4.120481927710844,-1.64316370324954,-8.633353770692827,4.6621704475781724,3.0,0.22755022755022752,4394.634146341464,-0.49029776819532667,0.2917079424275978,-0.14008507662723618,1197.8021978021977,-1.0,90.03434537711225,0.22870079040597224,
2023-07-31 13:42:50.980000,-8.566265060240964,-1.7951807228915664,4.156626506024097,-1.677498467198038,-8.650521152667075,4.701410177805028,3.0,0.22755022755022752,4394.634146341464,-0.09230231338500125,0.024357554921041684,-0.33739292582017333,1198.5347985347985,-1.0,90.03434537711225,0.22868662866241102,
2023-07-31 13:42:50.988000,-8.55421686746988,-1.8072289156626506,4.120481927710844,-1.6554261189454322,-8.608828939301041,4.6400980993255665,3.0,0.22755022755022752,4394.634146341464,-0.45789872385059166,0.034613367519376124,0.13822038342753934,1204.3956043956043,-1.0,90.03434537711225,0.22867252589168333,
2023-07-31 13:42:50.995000,-8.578313253012048,-1.8192771084337351,4.1084337349397595,-1.7093807480073573,-8.660331085223788,4.659717964438994,3.0,0.22755022755022752,4394.634146341464,-0.23063924013752143,0.3779500029135834,0.18029252374570245,1211.7216117216117,-1.0,90.03434537711225,0.2286584824919242,
2023-07-31 13:42:51.003000,-8.566265060240964,-1.8313253012048194,4.144578313253012,-1.7290006131207847,-8.618638871857755,4.667075413856529,3.0,0.22755022755022752,4394.634146341464,-0.23040615348755977,0.3654798671406096,0.17609696404638409,1221.9780219780218,-1.0,90.03434537711225,0.22864449886642763,
2023-07-31 13:42:51.010000,-8.55421686746988,-1.7951807228915664,4.156626506024097,-1.78295524218271,-8.621091354996935,4.762722256284488,3.0,0.22755022755022752,4394.634146341464,-0.12435172775479203,0.44647747800244714,0.14334828972670569,1232.2344322344322,-1.0,90.03434537711225,0.2286305755592141,
2023-07-31 13:42:51.018000,-8.566265060240964,-1.8554216867469882,4.144578313253012,-1.648068669527897,-8.621091354996935,4.698957694665849,3.0,0.22755022755022752,4394.634146341464,-0.06503117533943172,0.023541751646174093,0.0971971330342055,1242.4908424908424,-1.0,90.03434537711225,0.22861671309290918,
2023-07-31 13:42:51.026000,-8.530120481927712,-1.8192771084337351,4.156626506024097,-1.677498467198038,-8.613733905579398,4.698957694665849,3.0,0.22755022755022752,4394.634146341464,-0.46034613367519445,-0.4671056465240951,-0.19486043936833522,1251.2820512820513,-1.0,90.03434537711225,0.22860291197711588,
2023-07-31 13:42:51.033000,-8.542168674698795,-1.8192771084337351,4.120481927710844,-1.7510729613733904,-8.572041692213366,4.708767627222563,3.0,0.22755022755022752,4394.634146341464,-0.1960258726181453,0.1020919526834106,0.08297884738651612,1255.6776556776556,-1.0,90.03434537711225,0.22858917283463256,
2023-07-31 13:42:51.041000,-8.566265060240964,-1.8072289156626506,4.156626506024097,-1.731453096259963,-8.594114040465971,4.694052728387492,3.0,0.22755022755022752,4394.634146341464,-0.23914690286113813,0.4841209719713302,0.4351727754792843,1257.8754578754579,-1.0,90.03434537711225,0.22857549625106416,
2023-07-31 13:42:51.049000,-8.566265060240964,-1.8433734939759037,4.132530120481928,-1.6627835683629675,-8.625996321275291,4.654812998160637,3.0,0.22755022755022752,4394.634146341464,-0.008041489423693338,-0.0981294796340535,0.06887710506380713,1260.8058608058607,-1.0,90.03434537711225,0.22856188277386078,
2023-07-31 13:42:51.056000,-8.566265060240964,-1.8433734939759037,4.132530120481928,-1.7461679950950337,-8.652973635806253,4.686695278969957,3.0,0.22755022755022752,4394.634146341464,-0.09824602295903433,-0.15861546529922566,0.4373870986539245,1264.4688644688645,-1.0,90.03434537711225,0.22854833291152202,
2023-07-31 13:42:51.064000,-8.55421686746988,-1.8313253012048194,4.156626506024097,-1.7167381974248925,-8.569589209074188,4.698957694665849,3.0,0.22755022755022752,4394.634146341464,0.07225686148825747,-0.14707767612610026,0.23600023308664989,1266.6666666666665,-1.0,90.03434537711225,0.22853484713299543,
2023-07-31 13:42:51.072000,-8.55421686746988,-1.8313253012048194,4.132530120481928,-1.7290006131207847,-8.635806253832005,4.671980380134887,3.0,0.22755022755022752,4394.634146341464,-0.07924946098712153,0.3248062467222195,0.4953091311695122,1265.2014652014652,-1.0,90.03434537711225,0.22852142586729485,
2023-07-31 13:42:51.079000,-8.55421686746988,-1.8433734939759037,4.156626506024097,-1.719190680564071,-8.613733905579398,4.735744941753525,3.0,0.22755022755022752,4394.634146341464,-0.1827399335703039,-0.07936600431210238,0.1890332731192821,1262.2710622710622,-1.0,90.03434537711225,0.22850806950336544,
2023-07-31 13:42:51.087000,-8.578313253012048,-1.8313253012048194,4.144578313253012,-1.765787860208461,-8.601471489883506,4.6621704475781724,3.0,0.22755022755022752,4394.634146341464,0.0027970397995452823,0.1650253481731838,0.7842200337975642,1256.4102564102564,-1.0,90.03434537711225,0.22849477839021987,
2023-07-31 13:42:51.095000,-8.55421686746988,-1.8313253012048194,4.096385542168675,-1.6799509503372163,-8.584304107909258,4.755364806866953,3.0,0.2271062271062271,4403.225806451613,-0.22422935726356327,-0.06538080531437596,0.534933861663073,1246.8864468864467,-1.0,90.03434537711225,0.22848155297611347,
2023-07-31 13:42:51.102000,-8.566265060240964,-1.8192771084337351,4.120481927710844,-1.7633353770692826,-8.621091354996935,4.718577559779276,3.0,0.2271062271062271,4403.225806451613,-0.22154886078899882,-0.3859914923372767,0.6684925120913702,1235.8974358974358,-1.0,90.03434537711225,0.228468393639608,
2023-07-31 13:42:51.110000,-8.566265060240964,-1.8072289156626506,4.1084337349397595,-1.748620478234212,-8.594114040465971,4.718577559779276,3.0,0.2271062271062271,4403.225806451613,0.0102558125983327,-0.5673329060078088,0.6942485869121845,1225.6410256410256,-1.0,90.03434537711225,0.22845530052076626,
2023-07-31 13:42:51.118000,-8.55421686746988,-1.8192771084337351,4.144578313253012,-1.7388105456774983,-8.616186388718576,4.711220110361741,3.0,0.22755022755022752,4394.634146341464,0.024940271545947603,-0.6384243342462562,0.9227900472000465,1212.4542124542124,-1.0,90.03434537711225,0.22844227352197144,
2023-07-31 13:42:51.125000,-8.566265060240964,-1.8192771084337351,4.144578313253012,-1.7290006131207847,-8.562231759656651,4.664622930717351,3.0,0.22755022755022752,4394.634146341464,0.07039216828856061,-0.6314317347473921,0.9494784686207097,1198.5347985347985,-1.0,90.03434537711225,0.22842931247839027,
2023-07-31 13:42:51.133000,-8.578313253012048,-1.8192771084337351,4.156626506024097,-1.73635806253832,-8.621091354996935,4.647455548743102,3.0,0.22755022755022752,4394.634146341464,-0.1604801584989225,-1.0536682011537783,1.1129887535691396,1186.080586080586,-1.0,90.03434537711225,0.22841641732862036,
2023-07-31 13:42:51.141000,-8.542168674698795,-1.8192771084337351,4.120481927710844,-1.7339055793991416,-8.618638871857755,4.711220110361741,3.0,0.22755022755022752,4394.634146341464,0.05384301614125059,-1.0280286696579457,1.3364023075578344,1176.5567765567764,-1.0,90.03434537711225,0.22840358811606148,
2023-07-31 13:42:51.148000,-8.566265060240964,-1.8192771084337351,4.144578313253012,-1.7290006131207847,-8.591661557326793,4.738197424892704,3.0,0.22755022755022752,4394.634146341464,-0.35883689761668974,-1.2796457082920578,1.4358137637666801,1169.9633699633698,-1.0,90.03434537711225,0.22839082497032123,
2023-07-31 13:42:51.156000,-8.55421686746988,-1.8433734939759037,4.156626506024097,-1.6627835683629675,-8.56713672593501,4.730839975475169,3.0,0.22755022755022752,4394.634146341464,0.05512499271604152,-1.2576190198706363,1.0917778684225856,1164.8351648351647,-1.0,90.03434537711225,0.22837812796143103,
2023-07-31 13:42:51.164000,-8.542168674698795,-1.8313253012048194,4.144578313253012,-1.7118332311465358,-8.574494175352545,4.684242795830778,3.0,0.22755022755022752,4394.634146341464,-0.236233319736612,-0.8981994056290423,1.5764815570188218,1161.1721611721612,-1.0,90.03434537711225,0.2283654971035895,
2023-07-31 13:42:51.171000,-8.55421686746988,-1.8072289156626506,4.144578313253012,-1.7265481299816063,-8.594114040465971,4.69650521152667,3.0,0.22755022755022752,4394.634146341464,-0.14218285647689471,-0.8804848202319204,1.7221607132451486,1157.5091575091574,-1.0,90.03434537711225,0.22835293235914533,
2023-07-31 13:42:51.179000,-8.566265060240964,-1.8072289156626506,4.120481927710844,-1.6554261189454322,-8.589209074187615,4.721030042918454,3.0,0.2271062271062271,4403.225806451613,-0.10990035545714054,-0.6644134957170331,1.9430103140842603,1153.113553113553,-1.0,90.03434537711225,0.2283404336428181,
2023-07-31 13:42:51.187000,-8.566265060240964,-1.8192771084337351,4.132530120481928,-1.6652360515021458,-8.652973635806253,4.750459840588595,3.0,0.2271062271062271,4403.225806451613,0.05885437911543697,-1.1343161820406735,1.8230872326787482,1147.2527472527472,-1.0,90.03434537711225,0.22832800067686726,
2023-07-31 13:42:51.194000,-8.55421686746988,-1.8072289156626506,4.144578313253012,-1.6578786020846106,-8.584304107909258,4.711220110361741,3.0,0.2271062271062271,4403.225806451613,-0.1695705378474451,-0.7896975700716735,1.811782530155585,1140.6593406593406,-1.0,90.03434537711225,0.22831563297391694,
2023-07-31 13:42:51.202000,-8.566265060240964,-1.8072289156626506,4.144578313253012,-1.6971183323114654,-8.564684242795831,4.6817903126916,3.0,0.22755022755022752,4394.634146341464,-0.13717149350271007,-0.84295786958802,1.7228599731950345,1136.9963369963368,-1.0,90.03434537711225,0.22830332997895417,
2023-07-31 13:42:51.210000,-8.55421686746988,-1.7951807228915664,4.156626506024097,-1.6848559166155732,-8.601471489883506,4.684242795830778,3.0,0.2271062271062271,4403.225806451613,-0.3171143872734687,-1.2450323407726815,1.816793893129771,1136.2637362637363,-1.0,90.03434537711225,0.22829109122191726,
2023-07-31 13:42:51.217000,-8.566265060240964,-1.8072289156626506,4.132530120481928,-1.7290006131207847,-8.569589209074188,4.733292458614347,3.0,0.2271062271062271,4403.225806451613,-0.3442689819940557,-0.6689586853912944,1.574267233844182,1139.194139194139,-1.0,90.03434537711225,0.22827891619361884,
2023-07-31 13:42:51.225000,-8.566265060240964,-1.7951807228915664,4.144578313253012,-1.6922133660331085,-8.559779276517473,4.689147762109135,3.0,0.2271062271062271,4403.225806451613,0.04195559699318271,-0.812306975118001,1.80898549035604,1142.857142857143,-1.0,90.03434537711225,0.22826680419019812,
2023-07-31 13:42:51.233000,-8.566265060240964,-1.7831325301204821,4.144578313253012,-1.719190680564071,-8.599019006744328,4.721030042918454,3.0,0.2271062271062271,4403.225806451613,-0.4315599324048723,-0.6668609055416359,2.0870578637608532,1147.2527472527472,-1.0,90.03434537711225,0.22825475445549562,
2023-07-31 13:42:51.240000,-8.602409638554217,-1.7831325301204821,4.120481927710844,-1.6922133660331085,-8.640711220110362,4.735744941753525,3.0,0.2271062271062271,4403.225806451613,-0.38144630266301544,-0.60148010022726,2.057805489190607,1150.9157509157508,-1.0,90.03434537711225,0.2282427661847211,
2023-07-31 13:42:51.248000,-8.578313253012048,-1.8072289156626506,4.144578313253012,-1.630901287553648,-8.650521152667075,4.748007357449417,3.0,0.2271062271062271,4403.225806451613,-0.24136122603577922,-0.7804906473981701,1.9511683468329353,1153.8461538461538,-1.0,90.03434537711225,0.2282308385281662,
2023-07-31 13:42:51.256000,-8.566265060240964,-1.7951807228915664,4.156626506024097,-1.6799509503372163,-8.618638871857755,4.77498467198038,3.0,0.2271062271062271,4403.225806451613,0.033564477594545124,-0.6987937765864458,2.074937357962823,1157.5091575091574,-1.0,90.03434537711225,0.22821897073370803,
2023-07-31 13:42:51.263000,-8.566265060240964,-1.7710843373493976,4.132530120481928,-1.6407112201103617,-8.650521152667075,4.711220110361741,3.0,0.2271062271062271,4403.225806451613,-0.167356214672804,-0.5866790979546641,2.211293048190665,1160.4395604395604,-1.0,90.03434537711225,0.22820716199147642,
2023-07-31 13:42:51.271000,-8.566265060240964,-1.7710843373493976,4.132530120481928,-1.6799509503372163,-8.603923973022685,4.691600245248313,3.0,0.2271062271062271,4403.225806451613,-0.24439135248528618,-0.9956296253132108,2.345201328593905,1160.4395604395604,-1.0,90.03434537711225,0.22819541131007917,
2023-07-31 13:42:51.279000,-8.590361445783133,-1.7710843373493976,4.1084337349397595,-1.6284488044144696,-8.601471489883506,4.637645616186388,3.0,0.22755022755022752,4394.634146341464,-0.24590641571004052,-0.9877046792144983,2.3232911834974646,1156.7765567765566,-1.0,90.03434537711225,0.2281837176695759,
2023-07-31 13:42:51.286000,-8.578313253012048,-1.7590361445783134,4.1084337349397595,-1.7044757817290006,-8.584304107909258,4.664622930717351,3.0,0.2271062271062271,4403.225806451613,-0.09451663655964061,-1.0874657653982869,2.348697628343337,1153.8461538461538,-1.0,90.03434537711225,0.22817208017449273,
2023-07-31 13:42:51.294000,-8.590361445783133,-1.7710843373493976,4.156626506024097,-1.6358062538320048,-8.623543838136113,4.703862660944206,3.0,0.2271062271062271,4403.225806451613,-0.12703222422935648,-1.4130878153953723,2.4046384243342462,1153.8461538461538,-1.0,90.03434537711225,0.22816049793016582,
2023-07-31 13:42:51.302000,-8.602409638554217,-1.7590361445783134,4.144578313253012,-1.6358062538320048,-8.61128142244022,4.701410177805028,3.0,0.2271062271062271,4403.225806451613,0.16013052852397824,-1.1620534933861664,2.1076860322825013,1157.5091575091574,-1.0,90.03434537711225,0.22814896988760372,
2023-07-31 13:42:51.309000,-8.578313253012048,-1.7710843373493976,4.1807228915662655,-1.6505211526670753,-8.64316370324954,4.664622930717351,3.0,0.2271062271062271,4403.225806451613,-0.3462502185187351,-1.22941553522522,2.193461919468562,1164.102564102564,-1.0,90.03434537711225,0.22813749498626498,
2023-07-31 13:42:51.317000,-8.602409638554217,-1.7831325301204821,4.144578313253012,-1.660331085223789,-8.670141017780502,4.676885346413243,3.0,0.2271062271062271,4403.225806451613,-0.08868947031058838,-0.6420371773206691,2.002563953149584,1172.161172161172,-1.0,90.03434537711225,0.2281260721581161,
2023-07-31 13:42:51.325000,-8.626506024096386,-1.746987951807229,4.156626506024097,-1.5843041079092581,-8.640711220110362,4.723482526057633,3.0,0.2271062271062271,4403.225806451613,-0.18332265019520982,-0.7318920808810676,1.9197016490880487,1178.7545787545787,-1.0,90.03434537711225,0.22811470047046772,
2023-07-31 13:42:51.332000,-8.650602409638555,-1.746987951807229,4.120481927710844,-1.6161863887185774,-8.677498467198038,4.713672593500919,3.0,0.2271062271062271,4403.225806451613,-0.3545247945923901,-0.5005535807936594,1.866091719596761,1183.8827838827838,-1.0,90.03434537711225,0.22810337910970527,
2023-07-31 13:42:51.340000,-8.66265060240964,-1.746987951807229,4.096385542168675,-1.7167381974248925,-8.677498467198038,4.713672593500919,3.0,0.2271062271062271,4403.225806451613,-0.3246897033972387,-0.5923897208787355,1.9079307732649604,1191.9413919413919,-1.0,90.03434537711225,0.22809210723742776,
2023-07-31 13:42:51.348000,-8.626506024096386,-1.7349397590361446,4.1084337349397595,-1.6971183323114654,-8.650521152667075,4.706315144083384,3.0,0.2271062271062271,4403.225806451613,-0.3986947147602122,-0.3864576656372001,1.73649554221782,1200.0,-1.0,90.03434537711225,0.2280808839956949,
2023-07-31 13:42:51.355000,-8.626506024096386,-1.7349397590361446,4.132530120481928,-1.6407112201103617,-8.623543838136113,4.671980380134887,3.0,0.2271062271062271,4403.225806451613,-0.12085542800536173,-0.5286405221140965,1.5481615290484239,1211.7216117216117,-1.0,90.03434537711225,0.22806970851208935,
2023-07-31 13:42:51.363000,-8.626506024096386,-1.7349397590361446,4.1084337349397595,-1.6701410177805027,-8.62844880441447,4.694052728387492,3.0,0.2271062271062271,4403.225806451613,-0.5927393508536798,-0.6596352193928083,1.5137812481790098,1225.6410256410256,-1.0,90.03434537711225,0.22805857976583555,
2023-07-31 13:42:51.371000,-8.590361445783133,-1.746987951807229,4.144578313253012,-1.6529736358062537,-8.601471489883506,4.721030042918454,3.0,0.2271062271062271,4403.225806451613,-0.3436862653691515,-1.0498222714294039,1.7846279354349985,1244.6886446886447,-1.0,90.03434537711225,0.22804749675160432,
2023-07-31 13:42:51.378000,-8.566265060240964,-1.746987951807229,4.156626506024097,-1.6578786020846106,-8.625996321275291,4.667075413856529,3.0,0.2271062271062271,4403.225806451613,-0.4000932346599857,-0.9598508245440246,1.6408134724083663,1271.062271062271,-1.0,90.03434537711225,0.22803645861160737,
2023-07-31 13:42:51.386000,-8.578313253012048,-1.746987951807229,4.132530120481928,-1.5769466584917229,-8.608828939301041,4.694052728387492,3.0,0.2271062271062271,4403.225806451613,-0.15127323582541732,-1.2827923780665456,1.7134199638715706,1304.0293040293038,-1.0,90.03434537711225,0.22802546435203966,
2023-07-31 13:42:51.393000,-8.578313253012048,-1.746987951807229,4.132530120481928,-1.6529736358062537,-8.59656652360515,4.686695278969957,3.0,0.2271062271062271,4403.225806451613,-0.1480100227259487,-1.4536448924887833,1.8131810500553593,1347.2527472527472,-1.0,90.03434537711225,0.2280145130065022,
2023-07-31 13:42:51.401000,-8.566265060240964,-1.746987951807229,4.132530120481928,-1.6063764561618639,-8.591661557326793,4.686695278969957,3.0,0.2271062271062271,4403.225806451613,-0.8648680146844588,-0.9657945341180576,1.8504749140492969,1396.3369963369962,-1.0,90.03434537711225,0.2280036037677202,
2023-07-31 13:42:51.409000,-8.578313253012048,-1.7349397590361446,4.1084337349397595,-1.6627835683629675,-8.608828939301041,4.6817903126916,3.0,0.2271062271062271,4403.225806451613,-0.41361226035778875,-1.5340597867257149,1.110424800419557,1451.2820512820513,-1.0,90.03434537711225,0.22799273598111333,
2023-07-31 13:42:51.416000,-8.55421686746988,-1.7590361445783134,4.144578313253012,-1.660331085223789,-8.640711220110362,4.718577559779276,3.0,0.2271062271062271,4403.225806451613,-0.4081347240836773,-1.620651477186643,1.305634869762835,1510.6227106227104,-1.0,90.03434537711225,0.22798190898959753,
2023-07-31 13:42:51.424000,-8.578313253012048,-1.7590361445783134,4.168674698795181,-1.6578786020846106,-8.613733905579398,4.738197424892704,3.0,0.2271062271062271,4403.225806451613,-0.0961482431093758,-1.5088864285298056,1.5791620534933868,1566.3003663003662,-1.0,90.03434537711225,0.2279711220097215,
2023-07-31 13:42:51.432000,-8.590361445783133,-1.746987951807229,4.156626506024097,-1.6235438381361127,-8.594114040465971,4.748007357449417,3.0,0.2271062271062271,4403.225806451613,-0.19917254239263485,-1.460287862012703,1.7433715983917024,1619.7802197802196,-1.0,90.03434537711225,0.22796037428433427,
2023-07-31 13:42:51.439000,-8.614457831325302,-1.746987951807229,4.144578313253012,-1.630901287553648,-8.608828939301041,4.721030042918454,3.0,0.2271062271062271,4403.225806451613,-0.2856476895285821,-1.3346541576831183,1.3416467571819808,1666.6666666666665,-1.0,90.03434537711225,0.22794966508578718,
2023-07-31 13:42:51.447000,-8.602409638554217,-1.7590361445783134,4.1807228915662655,-1.6063764561618639,-8.684855916615573,4.691600245248313,3.0,0.2271062271062271,4403.225806451613,-0.21898490763941522,-1.2092535400034954,1.0231338500087395,1704.0293040293038,-1.0,90.03434537711225,0.22793899371896892,
2023-07-31 13:42:51.455000,-8.626506024096386,-1.746987951807229,4.168674698795181,-1.6333537706928265,-8.682403433476395,4.694052728387492,3.0,0.2271062271062271,4403.225806451613,-0.35126158149291975,-1.267874832468969,1.2413029543732892,1729.6703296703295,-1.0,90.03434537711225,0.22792835952418272,
2023-07-31 13:42:51.462000,-8.590361445783133,-1.746987951807229,4.168674698795181,-1.5744941753525443,-8.640711220110362,4.757817290006131,3.0,0.2271062271062271,4403.225806451613,0.14288211642678147,-1.020336810209195,1.3810384010255807,1744.3223443223442,-1.0,90.03434537711225,0.22791776187987534,
2023-07-31 13:42:51.470000,-8.578313253012048,-1.7349397590361446,4.1807228915662655,-1.6382587369711832,-8.616186388718576,4.716125076640098,3.0,0.2271062271062271,4403.225806451613,0.14451372297651666,-0.788881766796806,1.3792902511508642,1750.18315018315,-1.0,90.03434537711225,0.22790720020522487,
2023-07-31 13:42:51.478000,-8.578313253012048,-1.7590361445783134,4.168674698795181,-1.6750459840588594,-8.623543838136113,4.738197424892704,3.0,0.2271062271062271,4403.225806451613,-0.14544606957636508,-1.1131052968941213,1.2568032165957685,1745.7875457875457,-1.0,90.03434537711225,0.22789667396259708,
2023-07-31 13:42:51.485000,-8.578313253012048,-1.746987951807229,4.168674698795181,-1.6382587369711832,-8.569589209074188,4.718577559779276,3.0,0.2271062271062271,4403.225806451613,0.05594079599090911,-1.37439543150166,1.439659693491055,1733.3333333333333,-1.0,90.03434537711225,0.2278861826598813,
2023-07-31 13:42:51.493000,-8.566265060240964,-1.7590361445783134,4.168674698795181,-1.648068669527897,-8.584304107909258,4.779889638258736,3.0,0.2271062271062271,4403.225806451613,-0.4475263679272764,-1.2570363032457321,1.0395664588310716,1713.5531135531135,-1.0,90.03434537711225,0.2278757258527122,
2023-07-31 13:42:51.501000,-8.55421686746988,-1.7590361445783134,4.1807228915662655,-1.6529736358062537,-8.54996934396076,4.738197424892704,3.0,0.2271062271062271,4403.225806451613,0.15150632247538073,-0.8490181224870356,1.3479400967309585,1687.179487179487,-1.0,90.03434537711225,0.22786530314658945,
2023-07-31 13:42:51.508000,-8.566265060240964,-1.7710843373493976,4.1807228915662655,-1.672593500919681,-8.591661557326793,4.708767627222563,3.0,0.2271062271062271,4403.225806451613,0.012120505798029556,-0.7644076685507835,1.4398927801410162,1659.3406593406592,-1.0,90.03434537711225,0.22785491433765198,
2023-07-31 13:42:51.516000,-8.566265060240964,-1.746987951807229,4.168674698795181,-1.630901287553648,-8.616186388718576,4.694052728387492,3.0,0.2271062271062271,4403.225806451613,-0.17096905774721688,-0.4685041664238669,1.6705320202785372,1632.2344322344322,-1.0,90.03434537711225,0.2278445593942363,
2023-07-31 13:42:51.524000,-8.566265060240964,-1.746987951807229,4.144578313253012,-1.613733905579399,-8.684855916615573,4.708767627222563,3.0,0.2271062271062271,4403.225806451613,-0.07738476778742467,-0.7428471534292888,1.4243925179185362,1605.8608058608058,-1.0,90.03434537711225,0.22783423831074406,
2023-07-31 13:42:51.531000,-8.590361445783133,-1.7349397590361446,4.168674698795181,-1.6039239730226853,-8.662783568362967,4.745554874310239,3.0,0.2271062271062271,4403.225806451613,0.10593788240778515,-0.6781656080647995,1.3615756657537434,1578.021978021978,-1.0,90.03434537711225,0.2278239509717852,
2023-07-31 13:42:51.539000,-8.602409638554217,-1.7349397590361446,4.1807228915662655,-1.6186388718577558,-8.652973635806253,4.738197424892704,3.0,0.2271062271062271,4403.225806451613,0.10675368568265274,-0.42922906590525206,1.4390769768661487,1552.3809523809523,-1.0,90.03434537711225,0.22781369731393808,
2023-07-31 13:42:51.547000,-8.614457831325302,-1.7349397590361446,4.1807228915662655,-1.6358062538320048,-8.591661557326793,4.784794604537094,3.0,0.2271062271062271,4403.225806451613,0.13682186352776582,-0.39414952508595086,0.7837538604976415,1526.7399267399267,-1.0,90.03434537711225,0.2278034773169914,
2023-07-31 13:42:51.554000,-8.590361445783133,-1.710843373493976,4.216867469879518,-1.5867565910484365,-8.635806253832005,4.735744941753525,3.0,0.22666222666222668,4411.851126346719,0.13565643027795574,-0.38948779208670875,0.7729153312744012,1500.3663003663003,-1.0,90.03434537711225,0.2277932910161107,
2023-07-31 13:42:51.562000,-8.614457831325302,-1.710843373493976,4.19277108433735,-1.64316370324954,-8.638258736971183,4.738197424892704,3.0,0.2271062271062271,4403.225806451613,0.04533535341763217,-0.22935726356272876,1.06683759687664,1476.1904761904761,681.732177734375,88.01110166077264,0.22778313848225704,
2023-07-31 13:42:51.570000,-8.626506024096386,-1.7349397590361446,4.168674698795181,-1.5941140404659717,-8.65787860208461,4.708767627222563,3.0,0.2271062271062271,4403.225806451613,0.12260357788007775,0.06841093176388291,1.0713827865508982,1452.014652014652,-1.0,88.01110166077264,0.22777301980238332,
2023-07-31 13:42:51.577000,-8.602409638554217,-1.6987951807228916,4.132530120481928,-1.625996321275291,-8.645616186388718,4.757817290006131,3.0,0.2271062271062271,4403.225806451613,0.2308723267874831,0.5472874541110668,0.8914398927801415,1427.8388278388277,-1.0,88.01110166077264,0.22776293524023103,
2023-07-31 13:42:51.585000,-8.614457831325302,-1.6987951807228916,4.1807228915662655,-1.59656652360515,-8.684855916615573,4.730839975475169,3.0,0.2271062271062271,4403.225806451613,0.231455043412389,0.3236408134724094,0.8490181224870341,1402.9304029304028,-1.0,88.01110166077264,0.22775288496030324,
2023-07-31 13:42:51.593000,-8.626506024096386,-1.6867469879518073,4.156626506024097,-1.5843041079092581,-8.65787860208461,4.725935009196811,3.0,0.2271062271062271,4403.225806451613,0.2776062001048888,0.6176796223996274,1.1746401724841198,1377.2893772893772,-1.0,88.01110166077264,0.22774286918827752,
2023-07-31 13:42:51.600000,-8.614457831325302,-1.6867469879518073,4.132530120481928,-1.5892090741876148,-8.655426118945432,4.735744941753525,3.0,0.2271062271062271,4403.225806451613,0.6890041372880364,0.4636093467746631,0.9290833867490228,1352.3809523809523,-1.0,88.01110166077264,0.2277328883397322,
2023-07-31 13:42:51.608000,-8.626506024096386,-1.6506024096385543,4.144578313253012,-1.5229920294297976,-8.660331085223788,4.716125076640098,3.0,0.22666222666222668,4411.851126346719,0.49985432084377435,0.8612551716100477,0.9167297943010304,1326.007326007326,-1.0,88.01110166077264,0.22772294287200257,
2023-07-31 13:42:51.616000,-8.626506024096386,-1.6626506024096386,4.144578313253012,-1.5744941753525443,-8.65787860208461,4.703862660944206,3.0,0.2271062271062271,4403.225806451613,0.39065322533651886,0.8386457665637204,0.9800128197657481,1302.5641025641025,-1.0,88.01110166077264,0.2277130331358897,
2023-07-31 13:42:51.623000,-8.626506024096386,-1.6506024096385543,4.1807228915662655,-1.4984671980380133,-8.711833231146535,4.716125076640098,3.0,0.22666222666222668,4411.851126346719,0.7095157624847036,0.3436862653691515,1.0879319386982096,1282.7838827838827,-1.0,88.01110166077264,0.2277031595039452,
2023-07-31 13:42:51.631000,-8.66265060240964,-1.6265060240963856,4.1807228915662655,-1.491109748620478,-8.714285714285714,4.770079705702023,3.0,0.22666222666222668,4411.851126346719,0.13973544665229368,-0.5891265077792669,0.6606841093176395,1265.9340659340658,-1.0,88.01110166077264,0.22769332238085807,
2023-07-31 13:42:51.639000,-8.66265060240964,-1.6265060240963856,4.204819277108434,-1.471489883507051,-8.694665849172287,4.772532188841201,3.0,0.2271062271062271,4403.225806451613,0.4309772157799664,-1.850941087349222,0.3890216187867839,1251.2820512820513,-1.0,88.01110166077264,0.22768352204327275,
2023-07-31 13:42:51.646000,-8.66265060240964,-1.674698795180723,4.253012048192772,-1.5769466584917229,-8.699570815450643,4.777437155119558,3.0,0.2271062271062271,4403.225806451613,0.15197249577530408,-2.7201212050579806,0.029252374570245928,1240.2930402930401,-1.0,88.01110166077264,0.22767375892649425,
2023-07-31 13:42:51.654000,-8.614457831325302,-1.6867469879518073,4.27710843373494,-1.5843041079092581,-8.591661557326793,4.779889638258736,3.0,0.2271062271062271,4403.225806451613,-0.26047433133267284,-2.62012703222423,-0.1914806829438838,1232.967032967033,-1.0,88.01110166077264,0.22766403364476057,
2023-07-31 13:42:51.662000,-8.578313253012048,-1.710843373493976,4.228915662650603,-1.648068669527897,-8.608828939301041,4.838749233599018,3.0,0.2271062271062271,4403.225806451613,-0.1361226035778808,-2.048831653167066,-0.7311928209311812,1230.03663003663,-1.0,88.01110166077264,0.22765434685233216,
2023-07-31 13:42:51.669000,-8.530120481927712,-1.7228915662650603,4.240963855421687,-1.613733905579399,-8.52053954629062,4.757817290006131,3.0,0.22666222666222668,4411.851126346719,-0.27177903385583657,-1.2506264203717739,-0.9476137754210111,1230.03663003663,-1.0,88.01110166077264,0.2276446992432919,
2023-07-31 13:42:51.677000,-8.457831325301205,-1.7349397590361446,4.204819277108434,-1.64316370324954,-8.491109748620477,4.767627222562845,3.0,0.22666222666222668,4411.851126346719,-0.17761202727113842,0.7304935609812958,-1.3150748790863003,1235.164835164835,-1.0,88.01110166077264,0.22763509140203012,
2023-07-31 13:42:51.685000,-8.481927710843374,-1.7349397590361446,4.204819277108434,-1.6333537706928265,-8.478847332924586,4.738197424892704,3.0,0.2271062271062271,4403.225806451613,-0.12936309072897842,1.8256511858283302,-1.085251442223647,1242.4908424908424,-1.0,88.01110166077264,0.22762552378113796,
2023-07-31 13:42:51.692000,-8.493975903614459,-1.746987951807229,4.204819277108434,-1.6333537706928265,-8.505824647455547,4.755364806866953,3.0,0.2271062271062271,4403.225806451613,-0.06747858516403449,3.4956004894819643,-1.055765981003437,1252.014652014652,-1.0,88.01110166077264,0.2276159969875388,
2023-07-31 13:42:51.700000,-8.518072289156628,-1.7831325301204821,4.168674698795181,-1.6407112201103617,-8.559779276517473,4.711220110361741,3.0,0.22666222666222668,4411.851126346719,0.12994580735388434,4.437736728628867,-0.9057747217528123,1263.003663003663,-1.0,88.01110166077264,0.22760651180228303,
2023-07-31 13:42:51.708000,-8.55421686746988,-1.7590361445783134,4.144578313253012,-1.6701410177805027,-8.621091354996935,4.711220110361741,3.0,0.22666222666222668,4411.851126346719,0.41920633995687934,5.111939863644309,-0.9680088572926983,1271.7948717948716,-1.0,88.01110166077264,0.2275970688919649,
2023-07-31 13:42:51.715000,-8.578313253012048,-1.746987951807229,4.132530120481928,-1.6284488044144696,-8.645616186388718,4.622930717351318,3.0,0.22666222666222668,4411.851126346719,1.0411980653808046,5.373113454926869,-0.5718780956820695,1282.051282051282,-1.0,88.01110166077264,0.22758766892511134,
2023-07-31 13:42:51.723000,-8.63855421686747,-1.710843373493976,4.0602409638554215,-1.5769466584917229,-8.738810545677499,4.593500919681177,3.0,0.2271062271062271,4403.225806451613,1.1403764349396892,4.94178660917196,-0.2132742847153423,1290.8424908424909,-1.0,88.01110166077264,0.2275783125497004,
2023-07-31 13:42:51.731000,-8.686746987951807,-1.6867469879518073,4.024096385542169,-1.59656652360515,-8.709380748007357,4.586143470263642,3.0,0.22666222666222668,4411.851126346719,1.5983917021152616,3.9646873725307388,-0.06060252899015147,1296.7032967032967,-1.0,88.01110166077264,0.227569000412635,
2023-07-31 13:42:51.738000,-8.650602409638555,-1.6626506024096386,4.0120481927710845,-1.5205395462906193,-8.731453096259962,4.561618638871858,3.0,0.22666222666222668,4411.851126346719,1.842666511275567,2.8654507313093647,0.03100052444496303,1299.6336996336995,-1.0,88.01110166077264,0.22755973317912867,
2023-07-31 13:42:51.746000,-8.650602409638555,-1.6626506024096386,4.0,-1.537706928264868,-8.714285714285714,4.490496627835683,3.0,0.2271062271062271,4403.225806451613,1.9037352135656433,1.9036186702406626,-0.030068177845113304,1301.8315018315018,-1.0,88.01110166077264,0.22755051137120758,
2023-07-31 13:42:51.754000,-8.626506024096386,-1.6626506024096386,3.963855421686747,-1.5180870631514407,-8.699570815450643,4.510116492949111,3.0,0.22666222666222668,4411.851126346719,2.209078725016025,0.7738476778742502,0.4126799137579401,1301.098901098901,-1.0,88.01110166077264,0.22754133565333337,
2023-07-31 13:42:51.761000,-8.650602409638555,-1.674698795180723,3.9759036144578315,-1.5156345800122624,-8.650521152667075,4.5076640098099325,3.0,0.22666222666222668,4411.851126346719,1.7968649845580098,-0.41699201678223824,0.48901579162053554,1297.4358974358975,-1.0,88.01110166077264,0.22753220670252783,
2023-07-31 13:42:51.769000,-8.650602409638555,-1.63855421686747,3.987951807228916,-1.5843041079092581,-8.75107296137339,4.546903740036787,3.0,0.2271062271062271,4403.225806451613,1.4151855952450325,-1.5467630091486504,1.0844356389487797,1292.3076923076922,-1.0,88.01110166077264,0.22752312504696345,
2023-07-31 13:42:51.776000,-8.674698795180724,-1.6144578313253013,4.0,-1.471489883507051,-8.697118332311465,4.605763335377069,3.0,0.22666222666222668,4411.851126346719,1.6136588776877807,-2.8292057572402536,1.2371073946739706,1287.9120879120878,-1.0,88.01110166077264,0.22751409149047028,
2023-07-31 13:42:51.784000,-8.650602409638555,-1.6144578313253013,4.0602409638554215,-1.5328019619865112,-8.675045984058858,4.5885959534028204,3.0,0.22666222666222668,4411.851126346719,1.3693840685274754,-3.516228658003612,1.496649379406795,1279.8534798534797,-1.0,88.01110166077264,0.22750510696246584,
2023-07-31 13:42:51.792000,-8.66265060240964,-1.6144578313253013,4.048192771084338,-1.513182096873084,-8.724095646842427,4.637645616186388,3.0,0.22666222666222668,4411.851126346719,1.155643610512208,-4.768137054950177,1.679855486277024,1268.131868131868,-1.0,88.01110166077264,0.2274961722087804,
2023-07-31 13:42:51.799000,-8.698795180722891,-1.6144578313253013,4.1084337349397595,-1.5033721643163702,-8.729000613120784,4.6817903126916,3.0,0.22666222666222668,4411.851126346719,0.7281626944816738,-5.271953848843307,1.9393974710098485,1254.9450549450548,-1.0,88.01110166077264,0.2274872879294951,
2023-07-31 13:42:51.807000,-8.72289156626506,-1.602409638554217,4.132530120481928,-1.4886572654812997,-8.773145309625995,4.711220110361741,3.0,0.22666222666222668,4411.851126346719,0.5907581143290022,-5.455159955713536,1.9546646465823678,1241.7582417582416,-1.0,88.01110166077264,0.22747845477788334,
2023-07-31 13:42:51.815000,-8.74698795180723,-1.6265060240963856,4.168674698795181,-1.5033721643163702,-8.824647455548742,4.723482526057633,3.0,0.22666222666222668,4411.851126346719,0.20907872501602504,-7.21088514655323,1.7103898374220623,1230.7692307692307,-1.0,88.01110166077264,0.22746967335922263,
2023-07-31 13:42:51.822000,-8.686746987951807,-1.63855421686747,4.216867469879518,-1.5107296137339055,-8.802575107296137,4.772532188841201,3.0,0.22666222666222668,4411.851126346719,0.19381154944350595,-6.707068352660101,1.4813822038342759,1221.9780219780218,-1.0,88.01110166077264,0.2274609442294904,
2023-07-31 13:42:51.830000,-8.66265060240964,-1.6626506024096386,4.301204819277109,-1.5450643776824033,-8.714285714285714,4.848559166155733,3.0,0.22666222666222668,4411.851126346719,0.19381154944350595,-6.707068352660101,1.4813822038342759,1213.9194139194137,-1.0,88.01110166077264,0.2274522678939668,
2023-07-31 13:42:51.838000,-8.63855421686747,-1.674698795180723,4.313253012048193,-1.6088289393010422,-8.59656652360515,4.860821581851624,3.0,0.22666222666222668,4411.851126346719,-0.18786783986947114,-7.7299691160188795,1.2065730435289324,1205.128205128205,-1.0,88.01110166077264,0.22744364480575854,
2023-07-31 13:42:51.845000,-8.602409638554217,-1.7349397590361446,4.289156626506024,-1.6210913549969344,-8.569589209074188,4.8412017167381975,3.0,0.22666222666222668,4411.851126346719,-0.7680205116251964,-6.447526367927276,0.9775654099411462,1197.8021978021977,-1.0,88.01110166077264,0.22743507536427038,
2023-07-31 13:42:51.853000,-8.518072289156628,-1.7590361445783134,4.240963855421687,-1.648068669527897,-8.557326793378294,4.752912323727774,3.0,0.22666222666222668,4411.851126346719,-0.7374861604801581,-4.569663772507429,0.07680205116252029,1190.4761904761904,-1.0,88.01110166077264,0.22742655991364344,
2023-07-31 13:42:51.861000,-8.481927710843374,-1.7710843373493976,4.204819277108434,-1.648068669527897,-8.48620478234212,4.809319435928877,3.0,0.2262182262182262,4420.510304219823,-1.3634403589534405,-1.836839345026513,-0.35067886486801403,1180.952380952381,-1.0,88.01110166077264,0.22741809874118482,
2023-07-31 13:42:51.868000,-8.457831325301205,-1.7590361445783134,4.168674698795181,-1.64316370324954,-8.466584917228694,4.701410177805028,3.0,0.22666222666222668,4411.851126346719,-1.5924479925412267,0.4685041664238686,-0.5491521473107621,1174.3589743589744,-1.0,88.01110166077264,0.22740969206526726,
2023-07-31 13:42:51.876000,-8.457831325301205,-1.8072289156626506,4.132530120481928,-1.6554261189454322,-8.488657265481299,4.645003065603924,3.0,0.22666222666222668,4411.851126346719,-2.1115319620068758,2.1326263038284488,-0.8086941320435865,1168.4981684981685,-1.0,88.01110166077264,0.22740134014085203,
2023-07-31 13:42:51.884000,-8.493975903614459,-1.8313253012048194,4.072289156626506,-1.753525444512569,-8.498467198038012,4.630288166768853,3.0,0.22666222666222668,4411.851126346719,-2.569547229182448,3.644076685507838,-1.3125109259367163,1166.3003663003662,-1.0,88.01110166077264,0.22739304313023137,
2023-07-31 13:42:51.891000,-8.493975903614459,-1.8795180722891567,4.024096385542169,-1.765787860208461,-8.522992029429798,4.564071122011036,3.0,0.22666222666222668,4411.851126346719,-2.9359594429229063,4.483771341996388,-1.5262513839519836,1167.7655677655678,-1.0,88.01110166077264,0.22738480098421637,
2023-07-31 13:42:51.899000,-8.542168674698795,-1.8795180722891567,4.024096385542169,-1.7976701410177804,-8.594114040465971,4.524831391784181,3.0,0.22666222666222668,4411.851126346719,-2.890157916205349,3.7662140900879906,-1.8773964221199224,1172.8937728937728,-1.0,88.01110166077264,0.22737661358961184,
2023-07-31 13:42:51.907000,-8.530120481927712,-1.8915662650602412,4.0,-1.8172900061312078,-8.58185162477008,4.539546290619252,3.0,0.22666222666222668,4411.851126346719,-3.1955014276557305,2.850183555736846,-1.816327719829846,1178.021978021978,-1.0,88.01110166077264,0.2273684807675523,
2023-07-31 13:42:51.914000,-8.566265060240964,-1.9036144578313254,4.0,-1.7461679950950337,-8.62844880441447,4.512568976088289,3.0,0.22666222666222668,4411.851126346719,-3.5008449391061123,2.376901112988754,-2.0758697045626704,1185.3479853479853,-1.0,88.01110166077264,0.22736040227202203,
2023-07-31 13:42:51.922000,-8.602409638554217,-1.9397590361445785,4.0,-1.9031269160024524,-8.630901287553648,4.5370938074800735,3.0,0.22666222666222668,4411.851126346719,-3.7603869238389365,1.0333896626070747,-1.5415185595245025,1193.4065934065934,-1.0,88.01110166077264,0.22735237778858994,
2023-07-31 13:42:51.930000,-8.626506024096386,-1.9759036144578315,4.0,-1.8638871857755976,-8.694665849172287,4.492949110974862,3.0,0.22666222666222668,4411.851126346719,-4.401608297884738,0.6364430977215785,-0.8544956587611438,1204.3956043956043,-1.0,88.01110166077264,0.22734440693338945,
2023-07-31 13:42:51.937000,-8.686746987951807,-1.9397590361445785,3.987951807228916,-1.8663396689147762,-8.682403433476395,4.5885959534028204,3.0,0.22666222666222668,4411.851126346719,-4.7527533360526775,0.1020919526834106,-0.701823903035953,1215.3846153846152,-1.0,88.01110166077264,0.22733648925236993,
2023-07-31 13:42:51.945000,-8.734939759036145,-1.9397590361445785,4.0,-1.841814837522992,-8.770692826486817,4.586143470263642,3.0,0.22666222666222668,4411.851126346719,-5.149699900938173,-1.6841675893013222,-0.35067886486801403,1227.106227106227,-1.0,88.01110166077264,0.22732862422084793,
2023-07-31 13:42:51.953000,-8.759036144578314,-1.9156626506024097,4.0361445783132535,-1.8638871857755976,-8.785407725321887,4.6327406499080315,3.0,0.22666222666222668,4411.851126346719,-6.233669366587028,-3.684167589301322,4.661732999248646E-4,1235.164835164835,-1.0,88.01110166077264,0.22732081124338194,
2023-07-31 13:42:51.960000,-8.710843373493976,-1.927710843373494,4.072289156626506,-1.8933169834457386,-8.702023298589822,4.713672593500919,3.0,0.22666222666222668,4411.851126346719,-6.355806771167181,-5.897908047316589,0.3210768603228256,1241.0256410256409,-1.0,88.01110166077264,0.22731304965399382,
2023-07-31 13:42:51.968000,-8.55421686746988,-1.8915662650602412,4.096385542168675,-1.7927651747394235,-8.572041692213366,4.657265481299816,3.0,0.22666222666222668,4411.851126346719,-6.477944175747333,-6.661266825942543,0.4279470893304592,1243.2234432234432,-1.0,88.01110166077264,0.2273053387167582,
2023-07-31 13:42:51.976000,-8.506024096385543,-1.8915662650602412,4.144578313253012,-1.7559779276517473,-8.505824647455547,4.721030042918454,3.0,0.22666222666222668,4411.851126346719,-6.477944175747333,-8.004778276324222,1.8172600664296958,1244.6886446886447,-1.0,88.01110166077264,0.22729767762677738,
2023-07-31 13:42:51.983000,-8.44578313253012,-1.9156626506024097,4.156626506024097,-1.8638871857755976,-8.522992029429798,4.792152053954629,3.0,0.22666222666222668,4411.851126346719,-7.37870753452596,-10.187984383194452,1.2523745702464897,1243.956043956044,-1.0,88.01110166077264,0.22729006551155856,
2023-07-31 13:42:51.991000,-8.3855421686747,-1.8915662650602412,4.253012048192772,-1.7854077253218883,-8.37829552421827,4.833844267320662,3.0,0.22666222666222668,4411.851126346719,-7.149699900938173,-10.768137054950177,1.9393974710098485,1238.095238095238,-1.0,88.01110166077264,0.22728250157155538,
2023-07-31 13:42:51.999000,-8.325301204819278,-1.8313253012048194,4.228915662650603,-1.7216431637032494,-8.334150827713058,4.887798896382587,3.0,0.22666222666222668,4411.851126346719,-7.119165549793135,-10.0658469786143,2.6111531962006884,1230.03663003663,-1.0,88.01110166077264,0.227274985062006,
2023-07-31 13:42:52.006000,-8.289156626506024,-1.8674698795180724,4.325301204819278,-1.7682403433476395,-8.304721030042918,4.863274064990803,3.0,0.2262182262182262,4420.510304219823,-7.302371656663364,-8.72233552823262,3.3439776236816043,1220.5128205128203,-1.0,88.01110166077264,0.22726751500884124,
2023-07-31 13:42:52.014000,-8.337349397590362,-1.9397590361445785,4.373493975903615,-1.8712446351931329,-8.400367872470877,4.97608828939301,3.0,0.2262182262182262,4420.510304219823,-7.516112114678631,-6.493327894644834,4.107336402307559,1208.7912087912086,-1.0,88.01110166077264,0.22726009022271101,
2023-07-31 13:42:52.022000,-8.433734939759036,-1.8915662650602412,4.397590361445784,-1.7927651747394235,-8.473942366646229,4.922133660331085,3.0,0.2262182262182262,4420.510304219823,-7.287104481090845,-8.37119049006468,3.7714585397121385,1196.3369963369962,-1.0,88.01110166077264,0.22725270940915418,
2023-07-31 13:42:52.029000,-8.46987951807229,-1.8915662650602412,4.421686746987952,-1.8025751072961373,-8.513182096873084,4.980993255671367,3.0,0.2262182262182262,4420.510304219823,-7.8672571528465705,-6.859740108385291,4.26000815803275,1187.5457875457876,-1.0,88.01110166077264,0.2272453711612393,
2023-07-31 13:42:52.037000,-8.493975903614459,-1.8915662650602412,4.433734939759036,-1.8295524218270998,-8.496014714898834,4.998160637645616,3.0,0.2262182262182262,4420.510304219823,-7.317638832235883,-3.241419497698269,4.702756249635803,1180.2197802197802,-1.0,88.01110166077264,0.2272380739628063,
2023-07-31 13:42:52.045000,-8.602409638554217,-1.927710843373494,4.457831325301205,-1.854077253218884,-8.599019006744328,5.0226854690374,3.0,0.22666222666222668,4411.851126346719,-8.065730435289318,-5.775770642736436,4.366878387040383,1177.2893772893772,-1.0,88.01110166077264,0.2272308161917699,
2023-07-31 13:42:52.052000,-8.566265060240964,-1.8915662650602412,4.46987951807229,-1.7265481299816063,-8.613733905579398,5.066830165542612,3.0,0.2262182262182262,4420.510304219823,-8.294738068877104,-5.607831711438727,4.305809684750306,1176.5567765567764,-1.0,88.01110166077264,0.2272235961340363,
2023-07-31 13:42:52.060000,-8.481927710843374,-1.8433734939759037,4.421686746987952,-1.7093807480073573,-8.569589209074188,5.005518087063151,3.0,0.22666222666222668,4411.851126346719,-8.70695180933512,-3.9437095740341466,4.901229532078551,1181.6849816849815,-1.0,88.01110166077264,0.22721641187991298,
2023-07-31 13:42:52.068000,-8.421686746987952,-1.8433734939759037,4.409638554216868,-1.7265481299816063,-8.454322501532802,4.985898221949724,3.0,0.22666222666222668,4411.851126346719,-8.920692267350386,-3.8215721694539937,5.572985257269391,1196.3369963369962,-1.0,88.01110166077264,0.22720926146599127,
2023-07-31 13:42:52.075000,-8.409638554216867,-1.8433734939759037,4.385542168674699,-1.748620478234212,-8.451870018393624,4.949110974862047,3.0,0.22666222666222668,4411.851126346719,-9.042829671930539,-3.073480566400559,6.1684051045976345,1224.9084249084249,-1.0,88.01110166077264,0.2272021431772279,
2023-07-31 13:42:52.083000,-8.409638554216867,-1.8313253012048194,4.36144578313253,-1.6897608828939301,-8.454322501532802,4.880441446965052,3.0,0.22666222666222668,4411.851126346719,-9.424509061243517,-2.2795874366295665,7.008099761086184,1264.4688644688645,-1.0,88.01110166077264,0.22719505539250232,
2023-07-31 13:42:52.091000,-8.421686746987952,-1.8072289156626506,4.36144578313253,-1.7265481299816063,-8.422440220723482,4.890251379521765,3.0,0.22666222666222668,4411.851126346719,-10.279470893304586,-2.1269156809043754,7.527183730551833,1315.018315018315,-1.0,88.01110166077264,0.227187996441791,
2023-07-31 13:42:52.098000,-8.433734939759036,-1.7951807228915664,4.349397590361446,-1.765787860208461,-8.446965052115265,4.865726548129981,3.0,0.2262182262182262,4420.510304219823,-10.615348755900005,-2.5391294213623907,8.031000524444963,1373.6263736263736,-1.0,88.01110166077264,0.22718096461291384,
2023-07-31 13:42:52.106000,-8.433734939759036,-1.8072289156626506,4.325301204819278,-1.7339055793991416,-8.48620478234212,4.875536480686695,3.0,0.22666222666222668,4411.851126346719,-10.615348755900005,-2.5391294213623907,8.031000524444963,1439.5604395604394,-1.0,88.01110166077264,0.22717395787050704,
2023-07-31 13:42:52.114000,-8.493975903614459,-1.8313253012048194,4.337349397590362,-1.7608828939301042,-8.532801961986511,4.8779889638258735,3.0,0.2262182262182262,4420.510304219823,-11.37870753452596,-2.905541635102849,8.046267700017482,1509.1575091575091,-1.0,88.01110166077264,0.2271669741498423,
2023-07-31 13:42:52.121000,-8.506024096385543,-1.8433734939759037,4.289156626506024,-1.778050275904353,-8.537706928264868,4.863274064990803,3.0,0.22666222666222668,4411.851126346719,-11.729852572693899,-3.500961482431093,8.214206631315191,1579.4871794871794,-1.0,88.01110166077264,0.2271600115016032,
2023-07-31 13:42:52.129000,-8.493975903614459,-1.8433734939759037,4.313253012048193,-1.7608828939301042,-8.559779276517473,4.82158185162477,3.0,0.22666222666222668,4411.851126346719,-12.462677000174814,-4.249053085484528,8.000466173299925,1646.8864468864467,-1.0,88.01110166077264,0.22715306793901918,
2023-07-31 13:42:52.136000,-8.518072289156628,-1.8313253012048194,4.301204819277109,-1.7854077253218883,-8.532801961986511,4.833844267320662,3.0,0.2262182262182262,4420.510304219823,-13.134432725365654,-4.462793543499795,8.168405104597635,1712.8205128205127,-1.0,88.01110166077264,0.2271461416047856,
2023-07-31 13:42:52.144000,-8.518072289156628,-1.8554216867469882,4.301204819277109,-1.748620478234212,-8.574494175352545,4.851011649294911,3.0,0.22666222666222668,4411.851126346719,-13.317638832235883,-4.584930948079948,8.611153196200688,1767.032967032967,-1.0,88.01110166077264,0.22713923049101953,
2023-07-31 13:42:52.152000,-8.518072289156628,-1.8554216867469882,4.240963855421687,-1.6701410177805027,-8.540159411404046,4.848559166155733,3.0,0.2262182262182262,4420.510304219823,-13.546646465823668,-4.157450032049414,8.59588602062817,1808.7912087912086,-1.0,88.01110166077264,0.22713233257486726,
2023-07-31 13:42:52.159000,-8.566265060240964,-1.8433734939759037,4.253012048192772,-1.6873083997547516,-8.532801961986511,4.855916615573268,3.0,0.22666222666222668,4411.851126346719,-14.18786783986947,-3.7605034671639177,9.40504632597168,1835.8974358974358,-1.0,88.01110166077264,0.22712544583650848,
2023-07-31 13:42:52.167000,-8.55421686746988,-1.8192771084337351,4.216867469879518,-1.7412630288166768,-8.594114040465971,4.809319435928877,3.0,0.2262182262182262,4420.510304219823,-14.584814404754967,-3.806304993881475,9.603519608414429,1849.8168498168498,-1.0,88.01110166077264,0.2271185682561479,
2023-07-31 13:42:52.175000,-8.55421686746988,-1.8433734939759037,4.216867469879518,-1.7240956468424278,-8.635806253832005,4.8779889638258735,3.0,0.2262182262182262,4420.510304219823,-15.058096847503059,-3.9131752228891084,9.954664646582367,1852.7472527472526,-1.0,88.01110166077264,0.2271116979708644,
2023-07-31 13:42:52.182000,-8.578313253012048,-1.8192771084337351,4.240963855421687,-1.7240956468424278,-8.594114040465971,4.757817290006131,3.0,0.2262182262182262,4420.510304219823,-15.287104481090845,-3.4093584289959784,10.427947089330459,1845.4212454212452,-1.0,88.01110166077264,0.22710483296323736,
2023-07-31 13:42:52.190000,-8.55421686746988,-1.8192771084337351,4.204819277108434,-1.7118332311465358,-8.542611894543224,4.82158185162477,3.0,0.2262182262182262,4420.510304219823,-15.83672280170153,-3.6994347648738413,10.611153196200688,1830.03663003663,-1.0,88.01110166077264,0.22709797107926905,
2023-07-31 13:42:52.198000,-8.530120481927712,-1.7831325301204821,4.1807228915662655,-1.7290006131207847,-8.579399141630901,4.770079705702023,3.0,0.22666222666222668,4411.851126346719,-15.897791503991606,-3.6078317114387266,10.611153196200688,1810.2564102564102,-1.0,88.01110166077264,0.22709111018415065,
2023-07-31 13:42:52.205000,-8.542168674698795,-1.7831325301204821,4.216867469879518,-1.6358062538320048,-8.554874310239116,4.767627222562845,3.0,0.22666222666222668,4411.851126346719,-16.126799137579393,-4.966610337392925,11.099702814521299,1785.3479853479853,-1.0,88.01110166077264,0.22708424831789525,
2023-07-31 13:42:52.213000,-8.530120481927712,-1.746987951807229,4.240963855421687,-1.6161863887185774,-8.606376456161863,4.779889638258736,3.0,0.22666222666222668,4411.851126346719,-16.279470893304584,-5.455159955713536,11.710389837422062,1757.5091575091574,-1.0,88.01110166077264,0.2270773837234061,
2023-07-31 13:42:52.221000,-8.530120481927712,-1.710843373493976,4.216867469879518,-1.5892090741876148,-8.545064377682403,4.787247087676272,3.0,0.22666222666222668,4411.851126346719,-16.49321135131985,-6.233785909912009,11.695122661849544,1728.937728937729,-1.0,88.01110166077264,0.22707051471544532,
2023-07-31 13:42:52.228000,-8.518072289156628,-1.710843373493976,4.265060240963856,-1.5916615573267934,-8.606376456161863,4.806866952789699,3.0,0.22666222666222668,4411.851126346719,-16.951226618495422,-7.806304993881475,11.725657012994581,1700.3663003663003,-1.0,88.01110166077264,0.22706363968836318,
2023-07-31 13:42:52.236000,-8.506024096385543,-1.6987951807228916,4.27710843373494,-1.567136725935009,-8.58185162477008,4.855916615573268,3.0,0.22666222666222668,4411.851126346719,-16.951226618495422,-9.134549268690634,12.122603577880078,1673.260073260073,-1.0,88.01110166077264,0.2270567571238173,
2023-07-31 13:42:52.244000,-8.493975903614459,-1.6506024096385543,4.349397590361446,-1.4567749846719804,-8.589209074187615,4.912323727774371,3.0,0.2262182262182262,4420.510304219823,-16.905425091777865,-9.317755375560864,12.519550142765574,1644.6886446886447,-1.0,88.01110166077264,0.22704986559845908,
2023-07-31 13:42:52.251000,-8.542168674698795,-1.6506024096385543,4.36144578313253,-1.5058246474555486,-8.557326793378294,4.956468424279583,3.0,0.2262182262182262,4420.510304219823,-17.256570129945803,-9.958976749606665,12.931763883223589,1617.5824175824175,-1.0,88.01110166077264,0.22704296364226972,
2023-07-31 13:42:52.259000,-8.566265060240964,-1.63855421686747,4.409638554216868,-1.5107296137339055,-8.586756591048436,5.010423053341508,3.0,0.2262182262182262,4420.510304219823,-17.470310587961073,-9.791037818308956,12.962298234368626,1591.9413919413919,704.7119140625,85.14117443270396,0.22703604972423366,
2023-07-31 13:42:52.267000,-8.55421686746988,-1.63855421686747,4.421686746987952,-1.5058246474555486,-8.56713672593501,4.97608828939301,3.0,0.2262182262182262,4420.510304219823,-18.17260066429695,-9.897908047316589,12.824893654215956,1567.032967032967,-1.0,85.14117443270396,0.22702912253559057,
2023-07-31 13:42:52.274000,-8.55421686746988,-1.6506024096385543,4.457831325301205,-1.5303494788473329,-8.601471489883506,5.017780502759043,3.0,0.2262182262182262,4420.510304219823,-18.3710739467397,-10.310121787774603,12.794359303070918,1542.8571428571427,-1.0,85.14117443270396,0.2270221808361405,
2023-07-31 13:42:52.282000,-8.530120481927712,-1.6144578313253013,4.457831325301205,-1.4763948497854076,-8.552421827099938,5.0226854690374,3.0,0.2262182262182262,4420.510304219823,-18.3710739467397,-10.37119049006468,12.275275333605268,1517.9487179487178,-1.0,85.14117443270396,0.22701522333172605,
2023-07-31 13:42:52.290000,-8.46987951807229,-1.6265060240963856,4.457831325301205,-1.525444512568976,-8.496014714898834,5.06928264868179,3.0,0.2262182262182262,4420.510304219823,-18.737486160480156,-9.867373696171551,12.214206631315191,1494.5054945054944,-1.0,85.14117443270396,0.22700824882806717,
2023-07-31 13:42:52.297000,-8.457831325301205,-1.6265060240963856,4.493975903614458,-1.5156345800122624,-8.449417535254444,5.017780502759043,3.0,0.2262182262182262,4420.510304219823,-19.409241885670994,-9.348289726705902,12.092069226735038,1471.7948717948716,-1.0,85.14117443270396,0.22700125637367882,
2023-07-31 13:42:52.305000,-8.433734939759036,-1.6506024096385543,4.518072289156627,-1.5352544451256898,-8.43960760269773,5.103617412630288,3.0,0.2262182262182262,4420.510304219823,-19.943593030709163,-8.798671406095215,11.801992890857177,1449.8168498168498,-1.0,85.14117443270396,0.22699424510452557,
2023-07-31 13:42:52.313000,-8.421686746987952,-1.6506024096385543,4.506024096385542,-1.5622317596566522,-8.478847332924586,5.123237277743716,3.0,0.2262182262182262,4420.510304219823,-20.82908921391527,-7.302488199988344,11.40504632597168,1425.6410256410256,-1.0,85.14117443270396,0.22698721411979503,
2023-07-31 13:42:52.320000,-8.457831325301205,-1.6626506024096386,4.457831325301205,-1.5793991416309012,-8.513182096873084,5.025137952176578,3.0,0.22577422577422576,4429.203539823009,-21.073364023075577,-5.745236291591398,11.221840219101452,1397.069597069597,-1.0,85.14117443270396,0.22698016263397597,
2023-07-31 13:42:52.328000,-8.457831325301205,-1.710843373493976,4.421686746987952,-1.5769466584917229,-8.491109748620477,4.980993255671367,3.0,0.2262182262182262,4420.510304219823,-21.851989977274048,-4.187984383194451,11.08443563894878,1368.4981684981683,-1.0,85.14117443270396,0.22697308996868532,
2023-07-31 13:42:52.336000,-8.457831325301205,-1.6987951807228916,4.421686746987952,-1.6088289393010422,-8.42489270386266,4.9442060085836905,3.0,0.22577422577422576,4429.203539823009,-22.386341122312217,-3.2261523221257495,11.053901287803741,1340.6593406593406,-1.0,85.14117443270396,0.22696599566166198,
2023-07-31 13:42:52.343000,-8.44578313253012,-1.710843373493976,4.421686746987952,-1.6578786020846106,-8.43960760269773,4.956468424279583,3.0,0.2262182262182262,4420.510304219823,-23.058096847503055,-2.172717207621933,10.794359303070918,1316.4835164835165,-1.0,85.14117443270396,0.2269588791912053,
2023-07-31 13:42:52.351000,-8.44578313253012,-1.7349397590361446,4.409638554216868,-1.567136725935009,-8.446965052115265,4.924586143470264,3.0,0.2262182262182262,4420.510304219823,-23.66878387040382,-1.5467630091486504,11.542450906124353,1295.2380952380952,-1.0,85.14117443270396,0.2269517399872616,
2023-07-31 13:42:52.359000,-8.481927710843374,-1.7349397590361446,4.337349397590362,-1.567136725935009,-8.505824647455547,4.8779889638258735,3.0,0.2262182262182262,4420.510304219823,-24.065730435289314,-0.6459996503700245,11.557718081696871,1280.5860805860805,-1.0,85.14117443270396,0.226944577739787,
2023-07-31 13:42:52.366000,-8.530120481927712,-1.7228915662650603,4.325301204819278,-1.630901287553648,-8.559779276517473,4.811771919068057,3.0,0.2262182262182262,4420.510304219823,-24.87489074063283,-0.9818775129654443,12.031000524444963,1270.3296703296703,-1.0,85.14117443270396,0.2269373922595467,
2023-07-31 13:42:52.374000,-8.566265060240964,-1.7349397590361446,4.301204819277109,-1.6897608828939301,-8.574494175352545,4.880441446965052,3.0,0.2262182262182262,4420.510304219823,-25.897791503991606,-1.5620301847211695,11.343977623681605,1264.4688644688645,-1.0,85.14117443270396,0.22693018361603395,
2023-07-31 13:42:52.382000,-8.566265060240964,-1.746987951807229,4.301204819277109,-1.6578786020846106,-8.586756591048436,4.826486817903127,3.0,0.2262182262182262,4420.510304219823,-25.897791503991606,-1.5620301847211695,11.343977623681605,1262.2710622710622,-1.0,85.14117443270396,0.22692295197714596,
2023-07-31 13:42:52.389000,-8.542168674698795,-1.746987951807229,4.301204819277109,-1.6946658491722868,-8.594114040465971,4.789699570815451,3.0,0.2262182262182262,4420.510304219823,-26.203135015441987,-1.8063049938814748,11.496649379406795,1263.7362637362637,-1.0,85.14117443270396,0.2269156976187791,
2023-07-31 13:42:52.397000,-8.55421686746988,-1.7951807228915664,4.240963855421687,-1.64316370324954,-8.616186388718576,4.797057020232986,3.0,0.2262182262182262,4420.510304219823,-27.210768603228246,-2.0353126274692612,11.75619136413962,1268.8644688644688,-1.0,85.14117443270396,0.22690842105167422,
2023-07-31 13:42:52.405000,-8.55421686746988,-1.7831325301204821,4.216867469879518,-1.6799509503372163,-8.56713672593501,4.777437155119558,3.0,0.2262182262182262,4420.510304219823,-27.928325855136645,-2.936075986247887,12.107336402307558,1274.7252747252746,-1.0,85.14117443270396,0.2269011228710449,
2023-07-31 13:42:52.412000,-8.518072289156628,-1.7951807228915664,4.19277108433735,-1.7044757817290006,-8.586756591048436,4.733292458614347,3.0,0.2262182262182262,4420.510304219823,-28.52374570246489,-3.7299691160188795,12.321076860322826,1281.3186813186812,-1.0,85.14117443270396,0.22689380375501236,
2023-07-31 13:42:52.420000,-8.518072289156628,-1.8433734939759037,4.19277108433735,-1.765787860208461,-8.522992029429798,4.711220110361741,3.0,0.2262182262182262,4420.510304219823,-29.134432725365652,-4.325388963347123,12.962298234368626,1286.4468864468863,-1.0,85.14117443270396,0.22688646446257715,
2023-07-31 13:42:52.428000,-8.506024096385543,-1.8072289156626506,4.216867469879518,-1.7044757817290006,-8.562231759656651,4.733292458614347,3.0,0.2262182262182262,4420.510304219823,-29.103898374220613,-5.439892780141017,13.206573043528932,1290.8424908424909,-1.0,85.14117443270396,0.22687910583115298,
2023-07-31 13:42:52.435000,-8.493975903614459,-1.8072289156626506,4.216867469879518,-1.6971183323114654,-8.545064377682403,4.801961986511342,3.0,0.2262182262182262,4420.510304219823,-29.47031058796107,-7.348289726705902,14.229473806887711,1293.7728937728937,-1.0,85.14117443270396,0.22687172877369124,
2023-07-31 13:42:52.443000,-8.493975903614459,-1.8554216867469882,4.228915662650603,-1.7461679950950337,-8.52053954629062,4.770079705702023,3.0,0.2262182262182262,4420.510304219823,-30.31000524444962,-8.264320261057048,15.053901287803741,1293.7728937728937,-1.0,85.14117443270396,0.22686433427542455,
2023-07-31 13:42:52.451000,-8.46987951807229,-1.8433734939759037,4.27710843373494,-1.7805027590435314,-8.540159411404046,4.814224402207235,3.0,0.2262182262182262,4420.510304219823,-30.890157916205347,-9.836839345026513,14.855428005360993,1290.10989010989,-1.0,85.14117443270396,0.22685692339026708,
2023-07-31 13:42:52.458000,-8.433734939759036,-1.7831325301204821,4.27710843373494,-1.6922133660331085,-8.446965052115265,4.8412017167381975,3.0,0.2262182262182262,4420.510304219823,-30.99702814521298,-10.401724841209719,15.359244799254123,1285.7142857142856,-1.0,85.14117443270396,0.22684949723690073,
2023-07-31 13:42:52.466000,-8.44578313253012,-1.8433734939759037,4.337349397590362,-1.731453096259963,-8.466584917228694,4.949110974862047,3.0,0.2262182262182262,4420.510304219823,-31.424509061243516,-11.439892780141017,16.55008449391061,1283.5164835164835,-1.0,85.14117443270396,0.22684205699458806,
2023-07-31 13:42:52.474000,-8.421686746987952,-1.8192771084337351,4.349397590361446,-1.6946658491722868,-8.454322501532802,4.9957081545064375,3.0,0.2262182262182262,4420.510304219823,-32.080997610861836,-12.20325155876697,16.39741273818542,1282.051282051282,-1.0,85.14117443270396,0.22683460389874843,
2023-07-31 13:42:52.481000,-8.349397590361447,-1.7590361445783134,4.385542168674699,-1.5646842427958307,-8.388105456774984,5.000613120784794,3.0,0.2262182262182262,4420.510304219823,-32.264203717732066,-12.523862245789871,17.282908921391527,1279.120879120879,-1.0,85.14117443270396,0.22682713937508428,
2023-07-31 13:42:52.489000,-8.397590361445783,-1.8192771084337351,4.421686746987952,-1.7240956468424278,-8.388105456774984,5.047210300429184,3.0,0.2262182262182262,4420.510304219823,-32.18786783986947,-10.981877512965443,18.122603577880074,1277.6556776556777,-1.0,85.14117443270396,0.22681966501442122,
2023-07-31 13:42:52.497000,-8.3855421686747,-1.7951807228915664,4.493975903614458,-1.6652360515021458,-8.481299816063764,5.071735131820969,3.0,0.2262182262182262,4420.510304219823,-32.79855486277023,-12.55439659693491,18.687489074063283,1276.1904761904761,-1.0,85.14117443270396,0.22681218228106723,
2023-07-31 13:42:52.504000,-8.3855421686747,-1.7710843373493976,4.530120481927711,-1.677498467198038,-8.432250153280195,5.091354996934395,3.0,0.2262182262182262,4420.510304219823,-33.11916554979313,-12.508595070217352,18.90122953207855,1276.1904761904761,-1.0,85.14117443270396,0.2268046925293197,
2023-07-31 13:42:52.512000,-8.349397590361447,-1.7349397590361446,4.542168674698796,-1.630901287553648,-8.351318209687308,5.157572041692213,3.0,0.2262182262182262,4420.510304219823,-33.24130295437328,-12.020045451896742,19.771458539712135,1276.1904761904761,-1.0,85.14117443270396,0.2267971971473516,
2023-07-31 13:42:52.519000,-8.349397590361447,-1.7590361445783134,4.55421686746988,-1.6873083997547516,-8.361128142244022,5.147762109135499,3.0,0.2262182262182262,4420.510304219823,-32.951226618495426,-9.958976749606665,20.916496707651067,1274.7252747252746,-1.0,85.14117443270396,0.2267896975518114,
2023-07-31 13:42:52.527000,-8.397590361445783,-1.7349397590361446,4.590361445783133,-1.6407112201103617,-8.419987737584304,5.113427345187001,3.0,0.2262182262182262,4420.510304219823,-33.455043412388555,-12.676534001515062,20.39741273818542,1268.8644688644688,-1.0,85.14117443270396,0.2267821951824711,
2023-07-31 13:42:52.535000,-8.409638554216867,-1.746987951807229,4.626506024096386,-1.630901287553648,-8.43960760269773,5.231146535867565,3.0,0.2262182262182262,4420.510304219823,-33.94359303070916,-12.615465299224986,21.130237165666333,1259.3406593406592,-1.0,85.14117443270396,0.22677469149696985,
2023-07-31 13:42:52.542000,-8.397590361445783,-1.7349397590361446,4.662650602409639,-1.5769466584917229,-8.437155119558552,5.221336603310852,3.0,0.2262182262182262,4420.510304219823,-33.94359303070916,-12.21851873433949,21.51191655497931,1250.5494505494505,-1.0,85.14117443270396,0.22676718796569137,
2023-07-31 13:42:52.550000,-8.349397590361447,-1.6987951807228916,4.662650602409639,-1.5573267933782955,-8.370938074800735,5.260576333537706,3.0,0.2262182262182262,4420.510304219823,-34.18786783986947,-11.897908047316589,21.37451197482664,1241.7582417582416,-1.0,85.14117443270396,0.22675968606681643,
2023-07-31 13:42:52.558000,-8.325301204819278,-1.6626506024096386,4.674698795180723,-1.5499693439607602,-8.356223175965665,5.304721030042918,3.0,0.2262182262182262,4420.510304219823,-34.73748616048015,-11.363556902278422,21.572985257269387,1235.8974358974358,-1.0,85.14117443270396,0.22675218728159027,
2023-07-31 13:42:52.565000,-8.325301204819278,-1.6506024096385543,4.686746987951808,-1.525444512568976,-8.373390557939913,5.324340895156346,3.0,0.2262182262182262,4420.510304219823,-35.149699900938174,-10.462793543499796,22.076802051162517,1229.3040293040292,-1.0,85.14117443270396,0.2267446930898373,
2023-07-31 13:42:52.573000,-8.313253012048193,-1.6144578313253013,4.674698795180723,-1.471489883507051,-8.375843041079092,5.282648681790312,3.0,0.2262182262182262,4420.510304219823,-35.48557776353359,-8.844472932812772,22.611153196200686,1223.4432234432234,-1.0,85.14117443270396,0.22673720496576044,
2023-07-31 13:42:52.581000,-8.325301204819278,-1.566265060240964,4.650602409638554,-1.4028203556100551,-8.37829552421827,5.194359288779889,3.0,0.2262182262182262,4420.510304219823,-35.25657012994581,-7.3940912534234595,23.191305867956412,1219.047619047619,-1.0,85.14117443270396,0.22672972437405428,
2023-07-31 13:42:52.588000,-8.373493975903616,-1.5421686746987953,4.662650602409639,-1.3733905579399142,-8.444512568976087,5.169834457388105,3.0,0.2262182262182262,4420.510304219823,-35.592447992541224,-6.691801177087582,23.572985257269387,1219.047619047619,-1.0,85.14117443270396,0.2267222527663596,
2023-07-31 13:42:52.596000,-8.397590361445783,-1.5180722891566265,4.626506024096386,-1.361128142244022,-8.437155119558552,5.213979153893317,3.0,0.22577422577422576,4429.203539823009,-36.340539595594656,-6.111648505331856,23.756191364139617,1223.4432234432234,-1.0,85.14117443270396,0.22671479157808502,
2023-07-31 13:42:52.604000,-8.421686746987952,-1.5421686746987953,4.614457831325302,-1.4150827713059473,-8.429797670141017,5.174739423666462,3.0,0.2262182262182262,4420.510304219823,-36.6153487559,-5.531495833576131,23.145504341238855,1230.7692307692307,-1.0,85.14117443270396,0.2267073420763248,
2023-07-31 13:42:52.611000,-8.433734939759036,-1.5421686746987953,4.55421686746988,-1.4150827713059473,-8.417535254445125,5.179644389944819,3.0,0.2262182262182262,4420.510304219823,-36.73748616048015,-6.142182856476895,22.931763883223585,1239.5604395604396,-1.0,85.14117443270396,0.22669990548489416,
2023-07-31 13:42:52.619000,-8.3855421686747,-1.5421686746987953,4.55421686746988,-1.4101778050275904,-8.434702636419374,5.174739423666462,3.0,0.22577422577422576,4429.203539823009,-37.37870753452596,-6.661266825942543,22.656954722918243,1250.5494505494505,-1.0,85.14117443270396,0.22669248314130683,
2023-07-31 13:42:52.627000,-8.397590361445783,-1.530120481927711,4.55421686746988,-1.4445125689760883,-8.370938074800735,5.152667075413857,3.0,0.22577422577422576,4429.203539823009,-38.12679913757939,-7.378824077850941,22.458481440475495,1263.7362637362637,-1.0,85.14117443270396,0.22668507620702208,
2023-07-31 13:42:52.634000,-8.3855421686747,-1.5783132530120483,4.542168674698796,-1.4837522992029428,-8.432250153280195,5.150214592274678,3.0,0.22577422577422576,4429.203539823009,-39.16496707651069,-9.012411864110483,22.000466173299923,1276.923076923077,-1.0,85.14117443270396,0.22667768578305678,
2023-07-31 13:42:52.642000,-8.421686746987952,-1.6144578313253013,4.578313253012048,-1.4862047823421214,-8.466584917228694,5.054567749846719,3.0,0.22577422577422576,4429.203539823009,-40.035196084144275,-9.348289726705902,21.008099761086182,1288.6446886446886,-1.0,85.14117443270396,0.2266703130258627,
2023-07-31 13:42:52.650000,-8.457831325301205,-1.6867469879518073,4.566265060240964,-1.572041692213366,-8.47148988350705,5.145309625996321,3.0,0.2262182262182262,4420.510304219823,-40.50847852689237,-9.256686673270787,20.153137929025114,1298.9010989010987,-1.0,85.14117443270396,0.22666295899711614,
2023-07-31 13:42:52.657000,-8.46987951807229,-1.7228915662650603,4.578313253012048,-1.630901287553648,-8.498467198038012,5.108522378908645,3.0,0.2262182262182262,4420.510304219823,-40.50847852689237,-9.256686673270787,20.153137929025114,1305.4945054945053,-1.0,85.14117443270396,0.2266556246734287,
2023-07-31 13:42:52.665000,-8.44578313253012,-1.710843373493976,4.506024096385542,-1.6382587369711832,-8.498467198038012,5.137952176578786,3.0,0.2262182262182262,4420.510304219823,-41.531379290251145,-9.71470194044636,19.603519608414427,1309.89010989011,-1.0,85.14117443270396,0.22664831098786012,
2023-07-31 13:42:52.673000,-8.421686746987952,-1.7228915662650603,4.55421686746988,-1.64316370324954,-8.527896995708154,5.152667075413857,3.0,0.22577422577422576,4429.203539823009,-41.98939455742672,-9.241419497698269,19.40504632597168,1315.7509157509157,-1.0,85.14117443270396,0.22664101884020305,
2023-07-31 13:42:52.680000,-8.397590361445783,-1.746987951807229,4.518072289156627,-1.625996321275291,-8.415082771305947,5.140404659717964,3.0,0.22577422577422576,4429.203539823009,-42.24893654215954,-9.958976749606665,19.32871044810908,1323.8095238095236,-1.0,85.14117443270396,0.22663374894791796,
2023-07-31 13:42:52.688000,-8.3855421686747,-1.710843373493976,4.530120481927711,-1.6210913549969344,-8.39546290619252,5.110974862047823,3.0,0.22577422577422576,4429.203539823009,-42.462677000174814,-9.760503467163916,19.695122661849542,1331.8681318681317,-1.0,85.14117443270396,0.22662650182497074,
2023-07-31 13:42:52.696000,-8.325301204819278,-1.6867469879518073,4.55421686746988,-1.613733905579399,-8.339055793991417,5.091354996934395,3.0,0.2262182262182262,4420.510304219823,-42.768020511625195,-10.03531262746926,20.443214264902977,1341.3919413919414,-1.0,85.14117443270396,0.22661927792009098,
2023-07-31 13:42:52.703000,-8.289156626506024,-1.6506024096385543,4.566265060240964,-1.5622317596566522,-8.370938074800735,5.135499693439607,3.0,0.22577422577422576,4429.203539823009,-42.31000524444962,-9.470427131286055,21.08443563894878,1350.18315018315,-1.0,85.14117443270396,0.2266120777658619,
2023-07-31 13:42:52.711000,-8.3855421686747,-1.6867469879518073,4.63855421686747,-1.572041692213366,-8.346413243408952,5.2409564684242795,3.0,0.22577422577422576,4429.203539823009,-42.00466173299924,-10.081114154186817,21.924130295437326,1358.2417582417581,-1.0,85.14117443270396,0.2266049018513844,
2023-07-31 13:42:52.719000,-8.349397590361447,-1.6265060240963856,4.590361445783133,-1.5082771305947271,-8.422440220723482,5.182096873083998,3.0,0.22577422577422576,4429.203539823009,-41.76038692383894,-12.997144688537963,21.634053959559463,1364.102564102564,-1.0,85.14117443270396,0.2265977506024498,
2023-07-31 13:42:52.726000,-8.289156626506024,-1.6144578313253013,4.614457831325302,-1.4518700183936235,-8.324340895156345,5.174739423666462,3.0,0.22577422577422576,4429.203539823009,-41.36344035895344,-12.813938581667735,23.05390128780374,1364.8351648351647,-1.0,85.14117443270396,0.2265906245007288,
2023-07-31 13:42:52.734000,-8.240963855421688,-1.5783132530120483,4.662650602409639,-1.5229920294297976,-8.28755364806867,5.243408951563458,3.0,0.22577422577422576,4429.203539823009,-40.64588310704504,-12.21851873433949,23.786725715284657,1368.4981684981683,-1.0,85.14117443270396,0.22658352393685535,
2023-07-31 13:42:52.742000,-8.313253012048193,-1.530120481927711,4.686746987951808,-1.3635806253832004,-8.402820355610055,5.285101164929491,3.0,0.22577422577422576,4429.203539823009,-40.15733348872443,-14.142182856476895,24.931763883223585,1373.6263736263736,-1.0,85.14117443270396,0.22657644907410213,
2023-07-31 13:42:52.749000,-8.337349397590362,-1.530120481927711,4.759036144578314,-1.3881054567749846,-8.442060085836909,5.304721030042918,3.0,0.22577422577422576,4429.203539823009,-40.340539595594656,-14.081114154186817,26.122603577880074,1378.7545787545787,-1.0,85.14117443270396,0.22656940000997017,
2023-07-31 13:42:52.757000,-8.349397590361447,-1.4819277108433735,4.734939759036145,-1.331698344573881,-8.422440220723482,5.3586756591048434,3.0,0.22577422577422576,4429.203539823009,-39.98939455742672,-12.600198123652467,27.40504632597168,1388.278388278388,-1.0,85.14117443270396,0.22656237690628872,
2023-07-31 13:42:52.765000,-8.349397590361447,-1.421686746987952,4.771084337349397,-1.3096259963212753,-8.402820355610055,5.34886572654813,3.0,0.22577422577422576,4429.203539823009,-39.531379290251145,-10.004778276324222,28.137870753452592,1400.7326007326005,-1.0,85.14117443270396,0.22655537984261953,
2023-07-31 13:42:52.772000,-8.397590361445783,-1.4337349397590362,4.746987951807229,-1.280196198651134,-8.505824647455547,5.3439607602697725,3.0,0.22577422577422576,4429.203539823009,-39.51611211467863,-8.630732474797504,28.962298234368625,1418.3150183150183,-1.0,85.14117443270396,0.22654840881896124,
2023-07-31 13:42:52.780000,-8.3855421686747,-1.3253012048192772,4.734939759036145,-1.20907418761496,-8.444512568976087,5.346413243408951,3.0,0.22577422577422576,4429.203539823009,-38.66115028261756,-6.6154652992249865,29.282908921391524,1438.8278388278388,-1.0,85.14117443270396,0.226541463758452,
2023-07-31 13:42:52.788000,-8.44578313253012,-1.2530120481927711,4.783132530120482,-1.1134273451870018,-8.483752299202942,5.2924586143470265,3.0,0.22577422577422576,4429.203539823009,-38.89015791620535,-6.72233552823262,30.290542509177786,1466.6666666666665,-1.0,85.14117443270396,0.2265345445100601,
2023-07-31 13:42:52.795000,-8.481927710843374,-1.2409638554216869,4.759036144578314,-1.155119558553035,-8.464132434089516,5.346413243408951,3.0,0.22577422577422576,4429.203539823009,-39.3329060078084,-6.8444729328127725,30.09206922673504,1505.4945054945053,-1.0,85.14117443270396,0.22652765085125787,
2023-07-31 13:42:52.803000,-8.44578313253012,-1.180722891566265,4.795180722891566,-1.0472103004291844,-8.493562231759656,5.346413243408951,3.0,0.22577422577422576,4429.203539823009,-39.31763883223588,-5.271953848843307,29.71038983742206,1553.8461538461538,-1.0,85.14117443270396,0.22652078249067312,
2023-07-31 13:42:52.811000,-8.433734939759036,-1.1566265060240966,4.759036144578314,-1.044757817290006,-8.415082771305947,5.290006131207847,3.0,0.22577422577422576,4429.203539823009,-39.851989977274044,-5.760503467163917,29.969931822154884,1610.2564102564102,-1.0,85.14117443270396,0.2265139390707157,
2023-07-31 13:42:52.818000,-8.3855421686747,-1.1566265060240966,4.734939759036145,-1.044757817290006,-8.39301042305334,5.3366033108522375,3.0,0.22577422577422576,4429.203539823009,-40.11153196200687,-5.134549268690635,28.33634403589534,1671.7948717948716,-1.0,85.14117443270396,0.2265071200314264,
2023-07-31 13:42:52.826000,-8.337349397590362,-1.0481927710843375,4.710843373493976,-0.838749233599019,-8.3635806253832,5.3292458614347025,3.0,0.22577422577422576,4429.203539823009,-39.79092127498397,-4.310121787774604,27.954664646582366,1734.065934065934,-1.0,85.14117443270396,0.22650032477217663,
2023-07-31 13:42:52.834000,-8.337349397590362,-1.0120481927710845,4.698795180722891,-0.8657265481299815,-8.353770692826487,5.272838749233599,3.0,0.22577422577422576,4429.203539823009,-40.38634112231222,-5.21088514655323,27.83252724200221,1796.3369963369962,-1.0,85.14117443270396,0.22649355278182493,
2023-07-31 13:42:52.841000,-8.349397590361447,-1.0,4.746987951807229,-0.8706315144083384,-8.366033108522378,5.304721030042918,3.0,0.22577422577422576,4429.203539823009,-41.07336402307558,-5.806304993881475,27.252374570246488,1857.142857142857,-1.0,85.14117443270396,0.2264868034921395,
2023-07-31 13:42:52.849000,-8.337349397590362,-1.0120481927710845,4.698795180722891,-0.8289393010423053,-8.368485591661557,5.3145309625996315,3.0,0.22577422577422576,4429.203539823009,-41.62298234368626,-4.691801177087582,25.450847852689236,1912.087912087912,-1.0,85.14117443270396,0.22648007628049233,
2023-07-31 13:42:52.857000,-8.349397590361447,-0.9759036144578314,4.698795180722891,-0.8485591661557327,-8.361128142244022,5.238503985285101,3.0,0.22577422577422576,4429.203539823009,-41.210768603228246,-5.928442398461628,24.656954722918243,1962.6373626373625,-1.0,85.14117443270396,0.2264733704725341,
2023-07-31 13:42:52.864000,-8.373493975903616,-0.9759036144578314,4.698795180722891,-0.8117719190680563,-8.39301042305334,5.3071735131820965,3.0,0.22577422577422576,4429.203539823009,-41.68405104597634,-5.760503467163917,23.23710739467397,2002.9304029304028,-1.0,85.14117443270396,0.22646668534485415,
2023-07-31 13:42:52.872000,-8.397590361445783,-1.0120481927710845,4.686746987951808,-0.9319435928877988,-8.405272838749234,5.282648681790312,3.0,0.22577422577422576,4429.203539823009,-41.577180816968706,-5.317755375560864,21.55771808169687,2030.03663003663,-1.0,85.14117443270396,0.2264600201276286,
2023-07-31 13:42:52.880000,-8.409638554216867,-1.0,4.698795180722891,-0.8412017167381973,-8.444512568976087,5.267933782955242,3.0,0.2262182262182262,4420.510304219823,-41.60771516811374,-4.355923314492162,20.336344035895344,2042.4908424908424,-1.0,85.14117443270396,0.22645337400726379,
2023-07-31 13:42:52.887000,-8.409638554216867,-1.036144578313253,4.674698795180723,-0.9221336603310851,-8.419987737584304,5.22378908645003,3.0,0.22577422577422576,4429.203539823009,-41.76038692383894,-3.241419497698269,18.90122953207855,2043.956043956044,-1.0,85.14117443270396,0.22644674627833508,
2023-07-31 13:42:52.895000,-8.44578313253012,-1.036144578313253,4.626506024096386,-0.9466584917228693,-8.469037400367872,5.250766400980993,3.0,0.22577422577422576,4429.203539823009,-41.393974710098476,-2.3253889633471236,17.603519608414427,2034.4322344322343,-1.0,85.14117443270396,0.22644013621882098,
2023-07-31 13:42:52.902000,-8.46987951807229,-1.0481927710843375,4.602409638554217,-0.9172286940527283,-8.498467198038012,5.147762109135499,3.0,0.22577422577422576,4429.203539823009,-40.92069226735038,-1.0124118641104825,16.305809684750304,2015.3846153846152,-1.0,85.14117443270396,0.22643354293383494,
2023-07-31 13:42:52.910000,-8.542168674698795,-1.0602409638554218,4.578313253012048,-0.8853464132434089,-8.579399141630901,5.130594727161251,3.0,0.22577422577422576,4429.203539823009,-40.584814404754965,-0.020045451896742058,15.359244799254123,1989.7435897435896,-1.0,85.14117443270396,0.22642696549725366,
2023-07-31 13:42:52.918000,-8.602409638554217,-1.0963855421686748,4.566265060240964,-0.9662783568362967,-8.623543838136113,5.147762109135499,3.0,0.22577422577422576,4429.203539823009,-40.17260066429695,0.8196492045918076,13.92413029543733,1959.7069597069597,-1.0,85.14117443270396,0.22642040295461946,
2023-07-31 13:42:52.925000,-8.650602409638555,-1.1325301204819278,4.518072289156627,-1.0177805027590434,-8.65787860208461,5.113427345187001,3.0,0.22577422577422576,4429.203539823009,-39.531379290251145,0.6822446244391358,12.702756249635803,1923.8095238095236,-1.0,85.14117443270396,0.22641385432607566,
2023-07-31 13:42:52.933000,-8.698795180722891,-1.1325301204819278,4.518072289156627,-0.9834457388105456,-8.770692826486817,5.081545064377682,3.0,0.22577422577422576,4429.203539823009,-39.531379290251145,0.6822446244391358,12.702756249635803,1881.3186813186812,-1.0,85.14117443270396,0.22640731860933974,
2023-07-31 13:42:52.941000,-8.759036144578314,-1.216867469879518,4.493975903614458,-1.0839975475168608,-8.814837522992029,5.034947884733292,3.0,0.22577422577422576,4429.203539823009,-38.768020511625195,-0.26432026105704737,11.649321135131986,1834.4322344322343,-1.0,85.14117443270396,0.22640079478272224,
2023-07-31 13:42:52.948000,-8.710843373493976,-1.2289156626506024,4.481927710843374,-1.1134273451870018,-8.729000613120784,5.10116492949111,3.0,0.22577422577422576,4429.203539823009,-38.64588310704504,-0.12691568090437563,10.489015791620535,1786.080586080586,-1.0,85.14117443270396,0.2263942818081977,
2023-07-31 13:42:52.956000,-8.72289156626506,-1.2650602409638554,4.457831325301205,-1.1575720416922133,-8.716738197424892,5.005518087063151,3.0,0.22577422577422576,4429.203539823009,-38.35580677116718,-0.7681370549501771,9.328710448109085,1737.7289377289376,-1.0,85.14117443270396,0.22638777863453607,
2023-07-31 13:42:52.964000,-8.63855421686747,-1.3012048192771084,4.421686746987952,-1.1624770079705702,-8.692213366033108,4.954015941140405,3.0,0.22577422577422576,4429.203539823009,-37.63824951925878,-1.6078317114387268,8.321076860322826,1688.6446886446886,697.052001953125,86.07679173416226,0.22638128420049952,
2023-07-31 13:42:52.971000,-8.578313253012048,-1.3253012048192772,4.373493975903615,-1.226241569589209,-8.586756591048436,4.931943592887799,3.0,0.22577422577422576,4429.203539823009,-36.951226618495426,-1.668900413728803,7.6035196084144285,1643.956043956044,-1.0,86.07679173416226,0.22637479743811112,
2023-07-31 13:42:52.979000,-8.530120481927712,-1.3614457831325302,4.385542168674699,-1.2654812998160636,-8.50091968117719,4.9662783568362965,3.0,0.22577422577422576,4429.203539823009,-36.264203717732066,-1.4398927801410168,7.359244799254124,1602.197802197802,-1.0,86.07679173416226,0.22636831727600115,
2023-07-31 13:42:52.987000,-8.518072289156628,-1.4337349397590362,4.373493975903615,-1.3120784794604536,-8.530349478847333,4.949110974862047,3.0,0.22577422577422576,4429.203539823009,-36.06573043528932,-0.6001981236524673,7.496649379406795,1562.6373626373625,-1.0,86.07679173416226,0.2263618426428354,
2023-07-31 13:42:52.994000,-8.46987951807229,-1.457831325301205,4.337349397590362,-1.407725321888412,-8.545064377682403,4.919681177191906,3.0,0.22577422577422576,4429.203539823009,-35.577180816968706,-0.03531262746926114,6.8248936542159555,1524.5421245421244,-1.0,86.07679173416226,0.22635537247083037,
2023-07-31 13:42:53.002000,-8.457831325301205,-1.5060240963855422,4.325301204819278,-1.4126302881667687,-8.48620478234212,4.86817903126916,3.0,0.22577422577422576,4429.203539823009,-34.73748616048015,0.361633937416235,7.420313501544199,1490.8424908424906,-1.0,86.07679173416226,0.22634890569935712,
2023-07-31 13:42:53.010000,-8.44578313253012,-1.5180722891566265,4.313253012048193,-1.4150827713059473,-8.432250153280195,4.885346413243409,3.0,0.22577422577422576,4429.203539823009,-34.32527242002214,1.0639240137521129,7.572985257269391,1459.3406593406592,-1.0,86.07679173416226,0.22634244127863695,
2023-07-31 13:42:53.017000,-8.44578313253012,-1.530120481927711,4.337349397590362,-1.4347026364193745,-8.513182096873084,4.909871244635193,3.0,0.22577422577422576,4429.203539823009,-33.28710448109084,1.3540003496299755,7.92413029543733,1430.03663003663,-1.0,86.07679173416226,0.22633597817352885,
2023-07-31 13:42:53.025000,-8.44578313253012,-1.566265060240964,4.349397590361446,-1.39546290619252,-8.54996934396076,4.941753525444512,3.0,0.22577422577422576,4429.203539823009,-32.31000524444962,1.124992716042189,8.458481440475497,1402.9304029304028,-1.0,86.07679173416226,0.22632951536741147,
2023-07-31 13:42:53.033000,-8.46987951807229,-1.5542168674698795,4.337349397590362,-1.4445125689760883,-8.45677498467198,4.993255671367259,3.0,0.22577422577422576,4429.203539823009,-31.83672280170153,0.9723209603169983,9.710389837422062,1372.8937728937728,-1.0,86.07679173416226,0.2263230518661527,
2023-07-31 13:42:53.040000,-8.46987951807229,-1.530120481927711,4.385542168674699,-1.4420600858369097,-8.498467198038012,5.000613120784794,3.0,0.22577422577422576,4429.203539823009,-30.81382203834275,0.7433133267292121,10.458481440475497,1345.7875457875457,-1.0,86.07679173416226,0.22631658670217092,
2023-07-31 13:42:53.048000,-8.457831325301205,-1.530120481927711,4.385542168674699,-1.361128142244022,-8.491109748620477,4.993255671367259,3.0,0.22577422577422576,4429.203539823009,-30.080997610861836,0.33109958627119684,10.992832585513666,1321.6117216117216,-1.0,86.07679173416226,0.22631011893857894,
2023-07-31 13:42:53.056000,-8.44578313253012,-1.5060240963855422,4.409638554216868,-1.3464132434089515,-8.513182096873084,5.039852851011649,3.0,0.22577422577422576,4429.203539823009,-28.584814404754965,-0.5391294213623908,11.725657012994581,1302.5641025641025,-1.0,86.07679173416226,0.2263036476734073,
2023-07-31 13:42:53.063000,-8.44578313253012,-1.4698795180722892,4.433734939759036,-1.4052728387492335,-8.503372164316369,5.074187614960147,3.0,0.22577422577422576,4429.203539823009,-27.95886020628168,-1.134549268690635,12.305809684750306,1284.9816849816848,-1.0,86.07679173416226,0.2262971720439004,
2023-07-31 13:42:53.071000,-8.481927710843374,-1.457831325301205,4.445783132530121,-1.3439607602697732,-8.483752299202942,5.025137952176578,3.0,0.22577422577422576,4429.203539823009,-27.18023425208321,-1.4093584289959786,13.069168463376261,1271.062271062271,-1.0,86.07679173416226,0.22629069123087578,
2023-07-31 13:42:53.079000,-8.481927710843374,-1.4457831325301205,4.457831325301205,-1.290006131207848,-8.466584917228694,5.042305334150828,3.0,0.22577422577422576,4429.203539823009,-26.065730435289314,-0.920808810675368,13.282908921391527,1260.07326007326,-1.0,86.07679173416226,0.22628420446313952,
2023-07-31 13:42:53.086000,-8.481927710843374,-1.4096385542168675,4.457831325301205,-1.3071735131820967,-8.434702636419374,5.000613120784794,3.0,0.22533022533022537,4437.931034482758,-25.393974710098476,0.1936950061185251,13.145504341238857,1252.7472527472526,-1.0,86.07679173416226,0.22627771102194377,
2023-07-31 13:42:53.094000,-8.457831325301205,-1.421686746987952,4.421686746987952,-1.2973635806253832,-8.466584917228694,5.0226854690374,3.0,0.22577422577422576,4429.203539823009,-24.920692267350386,1.094458364897151,12.840160829788474,1249.8168498168498,-1.0,86.07679173416226,0.22627121023493213,
2023-07-31 13:42:53.102000,-8.481927710843374,-1.421686746987952,4.421686746987952,-1.3439607602697732,-8.496014714898834,4.990803188228081,3.0,0.22577422577422576,4429.203539823009,-24.386341122312217,2.712778975584174,12.031000524444963,1250.5494505494505,-1.0,86.07679173416226,0.22626470144893496,
2023-07-31 13:42:53.109000,-8.481927710843374,-1.421686746987952,4.373493975903615,-1.280196198651134,-8.50091968117719,4.9368485591661555,3.0,0.22533022533022537,4437.931034482758,-23.699318221548857,4.224229357263563,11.634053959559466,1256.4102564102564,-1.0,86.07679173416226,0.2262581840658038,
2023-07-31 13:42:53.117000,-8.518072289156628,-1.4337349397590362,4.337349397590362,-1.2949110974862048,-8.503372164316369,4.919681177191906,3.0,0.22577422577422576,4429.203539823009,-23.50084493910611,6.300565235126158,10.641687547345725,1267.3992673992673,-1.0,86.07679173416226,0.22625165740777473,
2023-07-31 13:42:53.125000,-8.55421686746988,-1.3975903614457832,4.27710843373494,-1.285101164929491,-8.59656652360515,4.8779889638258735,3.0,0.22577422577422576,4429.203539823009,-22.737486160480156,7.628809509935318,9.725657012994581,1278.3882783882782,-1.0,86.07679173416226,0.22624512084897805,
2023-07-31 13:42:53.132000,-8.602409638554217,-1.385542168674699,4.216867469879518,-1.1722869405272838,-8.684855916615573,4.82158185162477,3.0,0.22577422577422576,4429.203539823009,-22.21840219101451,8.743313326729211,9.4203135015442,1287.9120879120878,-1.0,86.07679173416226,0.22623857397843186,
2023-07-31 13:42:53.140000,-8.650602409638555,-1.3734939759036144,4.1807228915662655,-1.3218884120171672,-8.679950950337217,4.706315144083384,3.0,0.22533022533022537,4437.931034482758,-21.95886020628168,9.888351494668143,9.053901287803741,1293.040293040293,-1.0,86.07679173416226,0.22623201646511218,
2023-07-31 13:42:53.148000,-8.734939759036145,-1.385542168674699,4.120481927710844,-1.3488657265481299,-8.71919068056407,4.708767627222563,3.0,0.22533022533022537,4437.931034482758,-22.065730435289314,10.819649204591807,8.09206922673504,1298.9010989010987,-1.0,86.07679173416226,0.22622544805117037,
2023-07-31 13:42:53.155000,-8.795180722891567,-1.385542168674699,4.0843373493975905,-1.2458614347026364,-8.824647455548742,4.6106683016554255,3.0,0.22577422577422576,4429.203539823009,-22.279470893304584,11.430336227492571,7.008099761086184,1302.5641025641025,-1.0,86.07679173416226,0.22621886837461633,
2023-07-31 13:42:53.163000,-8.855421686746988,-1.3253012048192772,4.0120481927710845,-1.179644389944819,-8.86143470263642,4.571428571428571,3.0,0.22577422577422576,4429.203539823009,-21.592447992541224,11.063924013752112,6.73329060078084,1304.0293040293038,-1.0,86.07679173416226,0.22621227727040993,
2023-07-31 13:42:53.171000,-8.879518072289157,-1.3253012048192772,4.024096385542169,-1.1894543225015328,-8.95217657878602,4.576333537706928,3.0,0.22533022533022537,4437.931034482758,-22.18786783986947,10.071557601538371,6.427947089330459,1303.2967032967033,-1.0,86.07679173416226,0.2262056749226752,
2023-07-31 13:42:53.178000,-8.91566265060241,-1.3734939759036144,4.0,-1.3120784794604536,-8.930104230533415,4.517473942366646,3.0,0.22577422577422576,4429.203539823009,-22.6916846337626,9.827282792378067,5.435580677116719,1300.3663003663003,-1.0,86.07679173416226,0.22619906129272832,
2023-07-31 13:42:53.186000,-8.903614457831326,-1.4096385542168675,3.927710843373494,-1.2532188841201717,-8.915389331698345,4.512568976088289,3.0,0.22533022533022537,4437.931034482758,-22.569547229182447,8.254763708408602,4.290542509177787,1296.7032967032967,-1.0,86.07679173416226,0.22619243627067315,
2023-07-31 13:42:53.194000,-8.867469879518072,-1.4096385542168675,3.963855421686747,-1.3047210300429184,-8.915389331698345,4.510116492949111,3.0,0.22577422577422576,4429.203539823009,-22.79855486277023,6.208962181691044,4.107336402307559,1293.7728937728937,-1.0,86.07679173416226,0.22618579983650972,
2023-07-31 13:42:53.201000,-8.891566265060241,-1.4337349397590362,3.927710843373494,-1.285101164929491,-8.858982219497241,4.500306560392397,3.0,0.22533022533022537,4437.931034482758,-23.042829671930537,4.0410232503933345,3.985198997727406,1290.10989010989,-1.0,86.07679173416226,0.2261791520506483,
2023-07-31 13:42:53.209000,-8.891566265060241,-1.4337349397590362,3.91566265060241,-1.285101164929491,-8.912936848559166,4.461066830165542,3.0,0.22577422577422576,4429.203539823009,-23.042829671930537,4.0410232503933345,3.985198997727406,1287.9120879120878,-1.0,86.07679173416226,0.22617249320400948,
2023-07-31 13:42:53.217000,-8.879518072289157,-1.4819277108433735,3.9397590361445785,-1.385652973635806,-8.915389331698345,4.49540159411404,3.0,0.22577422577422576,4429.203539823009,-23.34817318338092,1.8425499679505861,3.9088631198648103,1281.3186813186812,-1.0,86.07679173416226,0.22616582378768962,
2023-07-31 13:42:53.224000,-8.831325301204819,-1.5060240963855422,3.9397590361445785,-1.3930104230533413,-8.854077253218884,4.510116492949111,3.0,0.22577422577422576,4429.203539823009,-23.546646465823667,-0.6307324747975054,3.817260066429696,1270.3296703296703,-1.0,86.07679173416226,0.22615914436638587,
2023-07-31 13:42:53.232000,-8.734939759036145,-1.5542168674698795,3.963855421686747,-1.4567749846719804,-8.836909871244634,4.500306560392397,3.0,0.22533022533022537,4437.931034482758,-23.48557776353359,-2.8597401083852914,3.4203135015441997,1258.6080586080586,-1.0,86.07679173416226,0.22615245546202742,
2023-07-31 13:42:53.240000,-8.674698795180724,-1.5783132530120483,3.963855421686747,-1.4984671980380133,-8.711833231146535,4.546903740036787,3.0,0.2248862248862249,4446.692991115498,-23.98939455742672,-4.798671406095215,3.3439776236816043,1243.2234432234432,-1.0,86.07679173416226,0.22614575769287856,
2023-07-31 13:42:53.247000,-8.614457831325302,-1.602409638554217,3.987951807228916,-1.5303494788473329,-8.677498467198038,4.519926425505824,3.0,0.22533022533022537,4437.931034482758,-24.01992890857176,-6.325388963347123,3.313443272536566,1227.8388278388277,-1.0,86.07679173416226,0.2261390515821947,
2023-07-31 13:42:53.255000,-8.590361445783133,-1.6626506024096386,3.987951807228916,-1.525444512568976,-8.601471489883506,4.5567136725935,3.0,0.22533022533022537,4437.931034482758,-24.386341122312217,-7.271953848843307,3.145504341238856,1211.7216117216117,-1.0,86.07679173416226,0.22613233767476554,
2023-07-31 13:42:53.263000,-8.602409638554217,-1.710843373493976,4.0361445783132535,-1.625996321275291,-8.574494175352545,4.622930717351318,3.0,0.22533022533022537,4437.931034482758,-24.66115028261756,-7.54676300914865,3.069168463376261,1195.6043956043954,-1.0,86.07679173416226,0.22612561655624067,
2023-07-31 13:42:53.270000,-8.578313253012048,-1.7349397590361446,4.072289156626506,-1.6333537706928265,-8.633353770692827,4.62047823421214,3.0,0.22533022533022537,4437.931034482758,-24.600081580327483,-7.684167589301322,2.8248936542159555,1180.2197802197802,-1.0,86.07679173416226,0.22611888887193812,
2023-07-31 13:42:53.278000,-8.542168674698795,-1.7228915662650603,4.072289156626506,-1.5892090741876148,-8.576946658491723,4.6621704475781724,3.0,0.22533022533022537,4437.931034482758,-25.119165549793134,-7.7299691160188795,2.672221898490765,1164.102564102564,-1.0,86.07679173416226,0.22611215545238286,
2023-07-31 13:42:53.285000,-8.493975903614459,-1.7349397590361446,4.0843373493975905,-1.6873083997547516,-8.559779276517473,4.618025751072961,3.0,0.22533022533022537,4437.931034482758,-24.99702814521298,-7.439892780141016,3.3745119748266426,1150.18315018315,-1.0,86.07679173416226,0.22610541702290052,
2023-07-31 13:42:53.293000,-8.506024096385543,-1.7710843373493976,4.072289156626506,-1.6946658491722868,-8.491109748620477,4.676885346413243,3.0,0.22533022533022537,4437.931034482758,-25.256570129945803,-6.936075986247887,3.8477944175747343,1135.5311355311355,-1.0,86.07679173416226,0.226098674359921,
2023-07-31 13:42:53.301000,-8.481927710843374,-1.8072289156626506,4.0843373493975905,-1.6946658491722868,-8.505824647455547,4.613120784794604,3.0,0.22533022533022537,4437.931034482758,-25.80618845055649,-6.936075986247887,4.427947089330459,1124.5421245421244,-1.0,86.07679173416226,0.22609192841532494,
2023-07-31 13:42:53.308000,-8.493975903614459,-1.8554216867469882,4.096385542168675,-1.753525444512569,-8.584304107909258,4.637645616186388,3.0,0.22577422577422576,4429.203539823009,-25.882524328419088,-5.836839345026513,5.542450906124352,1115.7509157509157,-1.0,86.07679173416226,0.22608518002491723,
2023-07-31 13:42:53.316000,-8.46987951807229,-1.8433734939759037,4.096385542168675,-1.7755977927651747,-8.554874310239116,4.657265481299816,3.0,0.22533022533022537,4437.931034482758,-26.096264786434354,-5.149816444263154,6.931763883223589,1111.3553113553112,-1.0,86.07679173416226,0.2260784302129834,
2023-07-31 13:42:53.324000,-8.506024096385543,-1.8433734939759037,4.132530120481928,-1.807480073574494,-8.58185162477008,4.667075413856529,3.0,0.22533022533022537,4437.931034482758,-26.065730435289314,-5.516228658003612,8.397412738185421,1109.1575091575091,-1.0,86.07679173416226,0.2260716801882648,
2023-07-31 13:42:53.331000,-8.46987951807229,-1.8674698795180724,4.156626506024097,-1.7854077253218883,-8.532801961986511,4.6817903126916,3.0,0.22533022533022537,4437.931034482758,-26.49321135131985,-6.249053085484528,9.053901287803741,1107.6923076923076,-1.0,86.07679173416226,0.2260649310313849,
2023-07-31 13:42:53.339000,-8.397590361445783,-1.9156626506024097,4.144578313253012,-1.7633353770692826,-8.446965052115265,4.701410177805028,3.0,0.22533022533022537,4437.931034482758,-27.241302954373285,-4.3864576656372,9.893595944292292,1105.4945054945053,-1.0,86.07679173416226,0.22605818382915768,
2023-07-31 13:42:53.347000,-8.361445783132531,-1.927710843373494,4.120481927710844,-1.812385039852851,-8.429797670141017,4.676885346413243,3.0,0.22533022533022537,4437.931034482758,-27.02756249635802,-3.5314958335761313,11.23710739467397,1104.7619047619046,-1.0,86.07679173416226,0.22605143966989188,
2023-07-31 13:42:53.354000,-8.44578313253012,-1.963855421686747,4.144578313253012,-1.8859595340282034,-8.454322501532802,4.718577559779276,3.0,0.22533022533022537,4437.931034482758,-27.516112114678627,-4.0658469786142994,12.489015791620535,1106.227106227106,-1.0,86.07679173416226,0.22604469963847545,
2023-07-31 13:42:53.362000,-8.481927710843374,-2.0,4.216867469879518,-1.888412017167382,-8.606376456161863,4.713672593500919,3.0,0.22533022533022537,4437.931034482758,-28.401608297884735,-4.111648505331856,13.130237165666337,1111.3553113553112,-1.0,86.07679173416226,0.2260379648112804,
2023-07-31 13:42:53.370000,-8.530120481927712,-2.0120481927710845,4.204819277108434,-1.912936848559166,-8.645616186388718,4.787247087676272,3.0,0.22533022533022537,4437.931034482758,-28.737486160480156,-5.485694306858574,14.000466173299925,1115.7509157509157,-1.0,86.07679173416226,0.22603123625092836,
2023-07-31 13:42:53.377000,-8.55421686746988,-2.024096385542169,4.19277108433735,-1.9619865113427344,-8.56713672593501,4.765174739423666,3.0,0.22533022533022537,4437.931034482758,-29.53137929025115,-7.577297360293688,14.519550142765574,1117.2161172161173,-1.0,86.07679173416226,0.22602451500095697,
2023-07-31 13:42:53.385000,-8.542168674698795,-2.0481927710843375,4.27710843373494,-1.9031269160024524,-8.608828939301041,4.82158185162477,3.0,0.22533022533022537,4437.931034482758,-29.699318221548857,-9.37882407785094,14.916496707651069,1117.9487179487178,-1.0,86.07679173416226,0.2260178020804341,
2023-07-31 13:42:53.393000,-8.518072289156628,-2.072289156626506,4.27710843373494,-1.9791538933169834,-8.559779276517473,4.895156345800122,3.0,0.2248862248862249,4446.692991115498,-30.52374570246489,-11.989511100751704,14.824893654215956,1117.2161172161173,-1.0,86.07679173416226,0.2260110984785594,
2023-07-31 13:42:53.400000,-8.481927710843374,-2.072289156626506,4.325301204819278,-1.993868792152054,-8.522992029429798,4.895156345800122,3.0,0.22533022533022537,4437.931034482758,-31.287104481090843,-14.249053085484528,15.114969990093817,1117.2161172161173,-1.0,86.07679173416226,0.22600440513875736,
2023-07-31 13:42:53.408000,-8.3855421686747,-2.072289156626506,4.325301204819278,-2.0036787247087675,-8.400367872470877,4.895156345800122,3.0,0.22533022533022537,4437.931034482758,-31.18023425208321,-16.249053085484526,14.992832585513664,1118.6813186813185,-1.0,86.07679173416226,0.22599772292168183,
2023-07-31 13:42:53.416000,-8.27710843373494,-2.060240963855422,4.349397590361446,-1.9963212752912323,-8.326793378295523,4.912323727774371,3.0,0.22533022533022537,4437.931034482758,-31.50084493910611,-15.791037818308956,16.565351669483128,1121.6117216117216,-1.0,86.07679173416226,0.2259910526313812,
2023-07-31 13:42:53.423000,-8.27710843373494,-2.0843373493975905,4.421686746987952,-2.011036174126303,-8.272838749233598,4.985898221949724,3.0,0.22533022533022537,4437.931034482758,-31.790921274983972,-17.943709574034145,17.130237165666333,1126.007326007326,-1.0,86.07679173416226,0.22598439502046913,
2023-07-31 13:42:53.431000,-8.240963855421688,-2.072289156626506,4.409638554216868,-1.9570815450643775,-8.236051502145923,5.015328019619865,3.0,0.22533022533022537,4437.931034482758,-32.24893654215955,-18.325388963347123,17.801992890857175,1128.2051282051282,-1.0,86.07679173416226,0.2259777507849739,
2023-07-31 13:42:53.439000,-8.216867469879519,-2.0481927710843375,4.433734939759036,-1.9374616799509503,-8.275291232372776,5.06928264868179,3.0,0.22533022533022537,4437.931034482758,-32.00466173299924,-16.951343161820404,18.90122953207855,1129.6703296703297,-1.0,86.07679173416226,0.22597112055945587,
2023-07-31 13:42:53.446000,-8.240963855421688,-2.024096385542169,4.445783132530121,-1.9227467811158798,-8.307173513182097,5.06928264868179,3.0,0.22533022533022537,4437.931034482758,-31.943593030709163,-16.264320261057048,20.153137929025114,1131.135531135531,-1.0,86.07679173416226,0.22596450491244097,
2023-07-31 13:42:53.454000,-8.228915662650603,-2.0120481927710845,4.493975903614458,-1.908031882280809,-8.20907418761496,5.061925199264254,3.0,0.22533022533022537,4437.931034482758,-32.539012878037404,-16.37119049006468,20.534817318338092,1134.065934065934,-1.0,86.07679173416226,0.22595790434221288,
2023-07-31 13:42:53.462000,-8.25301204819277,-1.9879518072289157,4.518072289156627,-1.8614347026364193,-8.312078479460453,5.076640098099325,3.0,0.22533022533022537,4437.931034482758,-32.35580677116718,-15.39409125342346,21.634053959559463,1138.4615384615383,-1.0,86.07679173416226,0.22595131927300788,
2023-07-31 13:42:53.469000,-8.27710843373494,-1.963855421686747,4.55421686746988,-1.8172900061312078,-8.218884120171673,5.140404659717964,3.0,0.22533022533022537,4437.931034482758,-32.264203717732066,-15.821572169453994,22.04626770001748,1145.7875457875457,-1.0,86.07679173416226,0.2259447500516504,
2023-07-31 13:42:53.477000,-8.289156626506024,-1.9397590361445785,4.566265060240964,-1.8295524218270998,-8.30226854690374,5.164929491109748,3.0,0.22533022533022537,4437.931034482758,-32.56954722918245,-16.249053085484526,22.443214264902977,1156.0439560439559,-1.0,86.07679173416226,0.2259381969446676,
2023-07-31 13:42:53.485000,-8.265060240963855,-1.8915662650602412,4.578313253012048,-1.841814837522992,-8.312078479460453,5.182096873083998,3.0,0.22533022533022537,4437.931034482758,-32.56954722918245,-16.249053085484526,22.443214264902977,1170.6959706959706,-1.0,86.07679173416226,0.22593166013591692,
2023-07-31 13:42:53.492000,-8.27710843373494,-1.8554216867469882,4.602409638554217,-1.7608828939301042,-8.314530962599632,5.216431637032495,3.0,0.22533022533022537,4437.931034482758,-32.279470893304584,-15.485694306858573,23.55771808169687,1189.7435897435896,-1.0,86.07679173416226,0.22592513972475706,
2023-07-31 13:42:53.500000,-8.27710843373494,-1.8433734939759037,4.614457831325302,-1.7559779276517473,-8.33169834457388,5.236051502145923,3.0,0.22533022533022537,4437.931034482758,-32.50847852689237,-15.012411864110481,23.908863119864808,1216.8498168498168,-1.0,86.07679173416226,0.22591863572479115,
2023-07-31 13:42:53.508000,-8.301204819277109,-1.8072289156626506,4.674698795180723,-1.6578786020846106,-8.346413243408952,5.25567136725935,3.0,0.22533022533022537,4437.931034482758,-32.32527242002214,-15.455159955713535,25.099702814521297,1250.5494505494505,-1.0,86.07679173416226,0.22591214806320392,
2023-07-31 13:42:53.515000,-8.301204819277109,-1.7590361445783134,4.674698795180723,-1.6505211526670753,-8.432250153280195,5.272838749233599,3.0,0.22533022533022537,4437.931034482758,-32.2947380688771,-14.85974010838529,26.076802051162517,1295.2380952380952,-1.0,86.07679173416226,0.22590567658071595,
2023-07-31 13:42:53.523000,-8.325301204819278,-1.6987951807228916,4.674698795180723,-1.5941140404659717,-8.334150827713058,5.250766400980993,3.0,0.22533022533022537,4437.931034482758,-32.401608297884735,-15.04294621525552,26.656954722918243,1350.9157509157508,-1.0,86.07679173416226,0.22589922103216695,
2023-07-31 13:42:53.531000,-8.361445783132531,-1.6626506024096386,4.698795180722891,-1.567136725935009,-8.370938074800735,5.253218884120171,3.0,0.22533022533022537,4437.931034482758,-32.706951809335116,-14.447526367927276,27.313443272536563,1413.9194139194137,-1.0,86.07679173416226,0.2258927810877434,
2023-07-31 13:42:53.538000,-8.361445783132531,-1.6265060240963856,4.662650602409639,-1.4763948497854076,-8.353770692826487,5.258123850398528,3.0,0.22533022533022537,4437.931034482758,-32.768020511625195,-15.470427131286055,28.03100052444496,1479.8534798534797,-1.0,86.07679173416226,0.22588635633485615,
2023-07-31 13:42:53.546000,-8.361445783132531,-1.6144578313253013,4.686746987951808,-1.419987737584304,-8.41017780502759,5.2777437155119555,3.0,0.2248862248862249,4446.692991115498,-32.44740982460229,-13.897908047316589,28.565351669483128,1543.5897435897434,-1.0,86.07679173416226,0.22587994641941944,
2023-07-31 13:42:53.554000,-8.361445783132531,-1.5421686746987953,4.63855421686747,-1.4052728387492335,-8.422440220723482,5.204169221336603,3.0,0.22533022533022537,4437.931034482758,-33.30237165666336,-14.432259192354756,28.74855777635336,1604.3956043956043,-1.0,86.07679173416226,0.22587355087936023,
2023-07-31 13:42:53.561000,-8.361445783132531,-1.530120481927711,4.662650602409639,-1.4739423666462292,-8.446965052115265,5.260576333537706,3.0,0.22533022533022537,4437.931034482758,-33.042829671930534,-14.0658469786143,28.977565409941143,1657.8754578754579,-1.0,86.07679173416226,0.2258671691278698,
2023-07-31 13:42:53.569000,-8.373493975903616,-1.5060240963855422,4.686746987951808,-1.3930104230533413,-8.47148988350705,5.258123850398528,3.0,0.22533022533022537,4437.931034482758,-33.10389837422061,-13.562030184721168,29.145504341238855,1701.098901098901,-1.0,86.07679173416226,0.22586080061790648,
2023-07-31 13:42:53.577000,-8.3855421686747,-1.4819277108433735,4.674698795180723,-1.3292458614347025,-8.415082771305947,5.236051502145923,3.0,0.22533022533022537,4437.931034482758,-33.16496707651069,-13.180350795408192,29.52718373055183,1733.3333333333333,-1.0,86.07679173416226,0.22585444470924854,
2023-07-31 13:42:53.584000,-8.409638554216867,-1.457831325301205,4.650602409638554,-1.3513182096873084,-8.415082771305947,5.201716738197424,3.0,0.22533022533022537,4437.931034482758,-33.72985257269389,-12.508595070217352,29.817260066429693,1753.8461538461538,-1.0,86.07679173416226,0.2258481005359604,
2023-07-31 13:42:53.592000,-8.433734939759036,-1.421686746987952,4.614457831325302,-1.2998160637645615,-8.473942366646229,5.157572041692213,3.0,0.22533022533022537,4437.931034482758,-33.69931822154886,-11.668900413728803,29.954664646582366,1760.4395604395604,-1.0,86.07679173416226,0.2258417671721341,
2023-07-31 13:42:53.600000,-8.433734939759036,-1.385542168674699,4.602409638554217,-1.2164316370324952,-8.515634580012263,5.135499693439607,3.0,0.22533022533022537,4437.931034482758,-33.48557776353359,-10.951343161820406,29.603519608414427,1757.5091575091574,-1.0,86.07679173416226,0.2258354436277423,
2023-07-31 13:42:53.607000,-8.433734939759036,-1.3253012048192772,4.566265060240964,-1.1698344573881054,-8.530349478847333,5.196811771919068,3.0,0.22533022533022537,4437.931034482758,-33.60771516811374,-9.989511100751704,29.939397471009848,1742.8571428571427,-1.0,86.07679173416226,0.2258291287272671,
2023-07-31 13:42:53.615000,-8.493975903614459,-1.2891566265060241,4.578313253012048,-1.1673819742489269,-8.576946658491723,5.113427345187001,3.0,0.22533022533022537,4437.931034482758,-33.714585397121375,-9.012411864110483,30.137870753452592,1718.6813186813185,-1.0,86.07679173416226,0.225822821265567,
2023-07-31 13:42:53.623000,-8.518072289156628,-1.2409638554216869,4.542168674698796,-1.120784794604537,-8.545064377682403,5.10116492949111,3.0,0.22533022533022537,4437.931034482758,-33.775654099411454,-8.340656138919643,29.756191364139617,1684.9816849816848,-1.0,86.07679173416226,0.22581652001495323,
2023-07-31 13:42:53.630000,-8.542168674698795,-1.216867469879518,4.518072289156627,-1.0864500306560392,-8.552421827099938,5.054567749846719,3.0,0.22533022533022537,4437.931034482758,-33.83672280170153,-7.775770642736436,29.38977915039916,1643.2234432234432,-1.0,86.07679173416226,0.22581022373273707,
2023-07-31 13:42:53.638000,-8.578313253012048,-1.2409638554216869,4.506024096385542,-1.0766400980993256,-8.623543838136113,5.039852851011649,3.0,0.22533022533022537,4437.931034482758,-33.86725715284657,-7.302488199988344,29.008099761086182,1601.4652014652013,-1.0,86.07679173416226,0.22580393130796544,
2023-07-31 13:42:53.646000,-8.626506024096386,-1.2048192771084338,4.457831325301205,-1.0668301655426118,-8.606376456161863,5.066830165542612,3.0,0.22533022533022537,4437.931034482758,-33.958860206281685,-7.2872210244158255,28.107336402307556,1561.1721611721612,-1.0,86.07679173416226,0.22579764161067922,
2023-07-31 13:42:53.653000,-8.63855421686747,-1.1927710843373494,4.481927710843374,-1.0374003678724708,-8.665236051502145,5.042305334150828,3.0,0.22533022533022537,4437.931034482758,-34.3710739467397,-7.516228658003612,27.466115028261754,1524.5421245421244,-1.0,86.07679173416226,0.2257913535117951,
2023-07-31 13:42:53.661000,-8.626506024096386,-1.1686746987951808,4.457831325301205,-1.0079705702023298,-8.64316370324954,5.030042918454935,3.0,0.22533022533022537,4437.931034482758,-34.73748616048015,-7.6230988870112455,26.39741273818542,1496.7032967032967,-1.0,86.07679173416226,0.22578506588213482,
2023-07-31 13:42:53.668000,-8.602409638554217,-1.1566265060240966,4.445783132530121,-1.015328019619865,-8.679950950337217,5.020232985898222,3.0,0.22533022533022537,4437.931034482758,-34.64588310704504,-7.638366062583764,25.35924479925412,1473.9926739926739,704.7119140625,85.14117443270396,0.22577877747394334,
2023-07-31 13:42:53.676000,-8.614457831325302,-1.1686746987951808,4.421686746987952,-1.079092581238504,-8.633353770692827,5.0030656039239725,3.0,0.22533022533022537,4437.931034482758,-35.37870753452596,-7.3940912534234595,24.763824951925876,1457.8754578754579,-1.0,85.14117443270396,0.22577248721808463,
2023-07-31 13:42:53.684000,-8.614457831325302,-1.1686746987951808,4.385542168674699,-1.015328019619865,-8.630901287553648,4.983445738810546,3.0,0.22533022533022537,4437.931034482758,-35.271837305518325,-7.424625604568497,23.924130295437326,1448.3516483516482,-1.0,85.14117443270396,0.22576619407423523,
2023-07-31 13:42:53.691000,-8.626506024096386,-1.1927710843373494,4.409638554216868,-1.0055180870631515,-8.652973635806253,4.988350705088902,3.0,0.22533022533022537,4437.931034482758,-35.37870753452596,-7.54676300914865,22.809626478643434,1443.2234432234432,-1.0,85.14117443270396,0.22575989705145838,
2023-07-31 13:42:53.699000,-8.650602409638555,-1.180722891566265,4.421686746987952,-1.032495401594114,-8.648068669527897,4.963825873697118,3.0,0.2248862248862249,4446.692991115498,-35.56191364139619,-8.21851873433949,21.756191364139617,1438.8278388278388,-1.0,85.14117443270396,0.2257535952076753,
2023-07-31 13:42:53.707000,-8.650602409638555,-1.1686746987951808,4.433734939759036,-1.0472103004291844,-8.64316370324954,5.047210300429184,3.0,0.2248862248862249,4446.692991115498,-35.30237165666336,-8.355923314492161,20.260008158032747,1435.164835164835,-1.0,85.14117443270396,0.22574728752082276,
2023-07-31 13:42:53.714000,-8.626506024096386,-1.1927710843373494,4.397590361445784,-1.079092581238504,-8.625996321275291,5.007970570202329,3.0,0.22533022533022537,4437.931034482758,-35.48557776353359,-8.87500728395781,19.496649379406794,1430.7692307692307,-1.0,85.14117443270396,0.2257409730049661,
2023-07-31 13:42:53.722000,-8.626506024096386,-1.2048192771084338,4.433734939759036,-1.079092581238504,-8.630901287553648,5.0030656039239725,3.0,0.2248862248862249,4446.692991115498,-35.10389837422061,-9.287221024415826,18.076802051162517,1424.9084249084249,-1.0,85.14117443270396,0.22573465085763758,
2023-07-31 13:42:53.730000,-8.590361445783133,-1.2048192771084338,4.445783132530121,-1.0962599632127528,-8.569589209074188,5.034947884733292,3.0,0.22533022533022537,4437.931034482758,-35.042829671930534,-10.447526367927276,17.343977623681603,1416.8498168498168,-1.0,85.14117443270396,0.22572832034047316,
2023-07-31 13:42:53.737000,-8.55421686746988,-1.2530120481927711,4.506024096385542,-1.0717351318209687,-8.53525444512569,5.017780502759043,3.0,0.22533022533022537,4437.931034482758,-34.340539595594656,-10.676534001515062,16.687489074063283,1408.058608058608,-1.0,85.14117443270396,0.22572198063829516,
2023-07-31 13:42:53.745000,-8.55421686746988,-1.2289156626506024,4.542168674698796,-1.0962599632127528,-8.547516860821581,5.074187614960147,3.0,0.22533022533022537,4437.931034482758,-34.41687547345725,-11.592564535866208,16.153137929025114,1400.7326007326005,-1.0,85.14117443270396,0.22571563104715894,
2023-07-31 13:42:53.753000,-8.578313253012048,-1.2650602409638554,4.530120481927711,-1.1649294911097485,-8.562231759656651,5.221336603310852,3.0,0.22533022533022537,4437.931034482758,-34.31000524444962,-12.600198123652467,15.25237457024649,1397.069597069597,-1.0,85.14117443270396,0.22570927099166246,
2023-07-31 13:42:53.760000,-8.55421686746988,-1.3012048192771084,4.578313253012048,-1.1747394236664623,-8.564684242795831,5.228694052728387,3.0,0.2248862248862249,4446.692991115498,-34.31000524444962,-12.600198123652467,15.25237457024649,1397.069597069597,-1.0,85.14117443270396,0.22570290003139656,
2023-07-31 13:42:53.768000,-8.530120481927712,-1.313253012048193,4.614457831325302,-1.2409564684242795,-8.513182096873084,5.294911097486205,3.0,0.2248862248862249,4446.692991115498,-33.98939455742672,-13.073480566400558,15.008099761086184,1398.5347985347985,-1.0,85.14117443270396,0.2256965177177517,
2023-07-31 13:42:53.776000,-8.493975903614459,-1.313253012048193,4.686746987951808,-1.1722869405272838,-8.449417535254444,5.25567136725935,3.0,0.22533022533022537,4437.931034482758,-33.76038692383894,-13.39409125342346,14.366878387040382,1398.5347985347985,-1.0,85.14117443270396,0.2256901235777541,
2023-07-31 13:42:53.783000,-8.397590361445783,-1.313253012048193,4.662650602409639,-1.1281422440220723,-8.358675659104843,5.272838749233599,3.0,0.22533022533022537,4437.931034482758,-33.210768603228246,-13.027679039683001,14.015733348872443,1399.2673992673992,-1.0,85.14117443270396,0.22568371754446154,
2023-07-31 13:42:53.791000,-8.313253012048193,-1.3012048192771084,4.63855421686747,-1.137952176578786,-8.307173513182097,5.275291232372777,3.0,0.22533022533022537,4437.931034482758,-32.584814404754965,-11.516228658003612,13.832527242002215,1404.3956043956043,-1.0,85.14117443270396,0.22567729996142175,
2023-07-31 13:42:53.799000,-8.265060240963855,-1.2771084337349399,4.674698795180723,-1.0938074800735744,-8.258123850398528,5.280196198651134,3.0,0.2248862248862249,4446.692991115498,-31.882524328419088,-9.791037818308956,13.90886311986481,1412.4542124542124,-1.0,85.14117443270396,0.22567087129991448,
2023-07-31 13:42:53.806000,-8.216867469879519,-1.216867469879518,4.63855421686747,-1.015328019619865,-8.245861434702636,5.287553648068669,3.0,0.2248862248862249,4446.692991115498,-30.737486160480156,-6.8444729328127725,14.656954722918245,1421.9780219780218,-1.0,85.14117443270396,0.22566443201424677,
2023-07-31 13:42:53.814000,-8.180722891566266,-1.1204819277108435,4.614457831325302,-0.9515634580012262,-8.196811771919068,5.201716738197424,3.0,0.2248862248862249,4446.692991115498,-29.607715168113742,-4.3864576656372,15.71038983742206,1430.7692307692307,-1.0,85.14117443270396,0.2256579825237436,
2023-07-31 13:42:53.822000,-8.240963855421688,-1.072289156626506,4.566265060240964,-0.956468424279583,-8.351318209687308,5.155119558553035,3.0,0.2248862248862249,4446.692991115498,-29.073364023075577,-1.5925645358662077,17.114969990093815,1438.8278388278388,-1.0,85.14117443270396,0.2256515233529352,
2023-07-31 13:42:53.829000,-8.361445783132531,-1.0963855421686748,4.530120481927711,-0.9589209074187615,-8.427345187001839,5.08399754751686,3.0,0.2248862248862249,4446.692991115498,-28.79855486277023,0.7585805023017312,18.076802051162517,1445.4212454212454,-1.0,85.14117443270396,0.22564505513205307,
2023-07-31 13:42:53.837000,-8.46987951807229,-1.144578313253012,4.445783132530121,-1.0177805027590434,-8.508277130594728,5.0324954015941135,3.0,0.22533022533022537,4437.931034482758,-28.79855486277023,2.2700308839811205,17.908863119864808,1451.2820512820513,-1.0,85.14117443270396,0.22563857859658146,
2023-07-31 13:42:53.845000,-8.542168674698795,-1.1686746987951808,4.421686746987952,-1.0423053341508277,-8.625996321275291,5.015328019619865,3.0,0.2248862248862249,4446.692991115498,-28.905425091777865,2.712778975584174,17.37451197482664,1458.6080586080584,-1.0,85.14117443270396,0.22563209473516171,
2023-07-31 13:42:53.852000,-8.63855421686747,-1.1325301204819278,4.457831325301205,-0.9466584917228693,-8.670141017780502,4.954015941140405,3.0,0.22444222444222442,4455.489614243324,-29.103898374220613,2.041023250393334,16.36687838704038,1462.2710622710622,-1.0,85.14117443270396,0.2256256046598557,
2023-07-31 13:42:53.860000,-8.650602409638555,-1.1204819277108435,4.433734939759036,-1.0226854690374003,-8.613733905579398,5.017780502759043,3.0,0.2248862248862249,4446.692991115498,-29.256570129945803,1.2318629450498229,15.924130295437328,1466.6666666666665,-1.0,85.14117443270396,0.22561910943343247,
2023-07-31 13:42:53.868000,-8.66265060240964,-1.1686746987951808,4.46987951807229,-1.0545677498467196,-8.697118332311465,5.030042918454935,3.0,0.2248862248862249,4446.692991115498,-30.32527242002214,-0.6154652992249863,14.947031058796108,1468.131868131868,-1.0,85.14117443270396,0.22561261017247183,
2023-07-31 13:42:53.875000,-8.614457831325302,-1.2289156626506024,4.493975903614458,-1.155119558553035,-8.704475781729,5.06928264868179,3.0,0.2248862248862249,4446.692991115498,-31.058096847503055,-2.3406561389196425,14.611153196200688,1469.5970695970695,-1.0,85.14117443270396,0.22560610821263716,
2023-07-31 13:42:53.883000,-8.626506024096386,-1.3012048192771084,4.530120481927711,-1.196811771919068,-8.667688534641323,5.088902513795217,3.0,0.22533022533022537,4437.931034482758,-31.943593030709163,-3.9437095740341466,14.092069226735038,1467.3992673992673,-1.0,85.14117443270396,0.22559960495407333,
2023-07-31 13:42:53.891000,-8.650602409638555,-1.385542168674699,4.506024096385542,-1.3218884120171672,-8.662783568362967,5.08399754751686,3.0,0.2248862248862249,4446.692991115498,-32.35580677116718,-5.821572169453994,13.176038692383894,1462.2710622710622,-1.0,85.14117443270396,0.22559310187628695,
2023-07-31 13:42:53.898000,-8.626506024096386,-1.4096385542168675,4.542168674698796,-1.3366033108522377,-8.64316370324954,5.187001839362354,3.0,0.2248862248862249,4446.692991115498,-32.951226618495426,-7.455159955713536,12.702756249635803,1456.4102564102564,-1.0,85.14117443270396,0.22558660055228974,
2023-07-31 13:42:53.906000,-8.578313253012048,-1.457831325301205,4.578313253012048,-1.3218884120171672,-8.56713672593501,5.147762109135499,3.0,0.2248862248862249,4446.692991115498,-33.226035778800764,-8.233785909912008,11.90886311986481,1450.5494505494505,-1.0,85.14117443270396,0.22558010248125104,
2023-07-31 13:42:53.914000,-8.481927710843374,-1.457831325301205,4.614457831325302,-1.3366033108522377,-8.491109748620477,5.2409564684242795,3.0,0.2248862248862249,4446.692991115498,-33.3329060078084,-9.638366062583765,11.23710739467397,1443.956043956044,-1.0,85.14117443270396,0.22557360921840522,
2023-07-31 13:42:53.921000,-8.409638554216867,-1.4819277108433735,4.626506024096386,-1.3537706928264868,-8.442060085836909,5.238503985285101,3.0,0.2248862248862249,4446.692991115498,-33.07336402307558,-10.539129421362391,11.313443272536565,1438.8278388278388,-1.0,85.14117443270396,0.22556712236565293,
2023-07-31 13:42:53.929000,-8.361445783132531,-1.5180722891566265,4.72289156626506,-1.4641324340895157,-8.432250153280195,5.3586756591048434,3.0,0.2248862248862249,4446.692991115498,-32.3710739467397,-10.905541635102848,11.7409241885671,1432.2344322344322,-1.0,85.14117443270396,0.22556064356167257,
2023-07-31 13:42:53.937000,-8.325301204819278,-1.5783132530120483,4.746987951807229,-1.4862047823421214,-8.402820355610055,5.368485591661557,3.0,0.2248862248862249,4446.692991115498,-31.882524328419088,-10.7070683526601,12.198939455742673,1428.5714285714284,-1.0,85.14117443270396,0.22555417447161524,
2023-07-31 13:42:53.944000,-8.27710843373494,-1.602409638554217,4.771084337349397,-1.496014714898835,-8.280196198651133,5.42489270386266,3.0,0.2248862248862249,4446.692991115498,-30.859623565060307,-10.478060719072314,11.57298525726939,1422.7106227106226,-1.0,85.14117443270396,0.2255477167764577,
2023-07-31 13:42:53.952000,-8.216867469879519,-1.602409638554217,4.795180722891566,-1.5107296137339055,-8.277743715511955,5.397915389331698,3.0,0.2248862248862249,4446.692991115498,-29.50084493910611,-9.974243925179184,11.435580677116718,1416.117216117216,-1.0,85.14117443270396,0.22554127216209177,
2023-07-31 13:42:53.960000,-8.19277108433735,-1.5542168674698795,4.783132530120482,-1.4150827713059473,-8.250766400980993,5.417535254445125,3.0,0.2248862248862249,4446.692991115498,-27.928325855136645,-9.165083619835674,11.618786783986948,1410.989010989011,-1.0,85.14117443270396,0.2255348423082302,
2023-07-31 13:42:53.967000,-8.180722891566266,-1.493975903614458,4.843373493975903,-1.3096259963212753,-8.211526670754138,5.41017780502759,3.0,0.2248862248862249,4446.692991115498,-26.401608297884735,-8.294854612202085,12.092069226735038,1405.8608058608058,-1.0,85.14117443270396,0.22552842887720925,
2023-07-31 13:42:53.975000,-8.168674698795181,-1.4698795180722892,4.83132530120482,-1.3218884120171672,-8.174739423666463,5.415082771305947,3.0,0.2248862248862249,4446.692991115498,-24.737486160480156,-7.241419497698269,11.90886311986481,1400.7326007326005,-1.0,85.14117443270396,0.22552203350277192,
2023-07-31 13:42:53.983000,-8.132530120481928,-1.4096385542168675,4.83132530120482,-1.2703862660944205,-8.140404659717964,5.451870018393623,3.0,0.2248862248862249,4446.692991115498,-23.867257152846566,-5.2872210244158255,12.962298234368626,1394.8717948717947,-1.0,85.14117443270396,0.2255156577789133,
2023-07-31 13:42:53.990000,-8.132530120481928,-1.3614457831325302,4.83132530120482,-1.2164316370324952,-8.196811771919068,5.469037400367872,3.0,0.2248862248862249,4446.692991115498,-22.477944175747332,-2.997144688537963,13.176038692383894,1384.6153846153845,-1.0,85.14117443270396,0.22550930324887175,
2023-07-31 13:42:53.998000,-8.156626506024097,-1.3253012048192772,4.807228915662651,-1.1820968730839976,-8.196811771919068,5.412630288166769,3.0,0.2248862248862249,4446.692991115498,-21.851989977274048,0.025756074820815194,13.343977623681605,1372.8937728937728,-1.0,85.14117443270396,0.22550297139434625,
2023-07-31 13:42:54.006000,-8.228915662650603,-1.2891566265060241,4.771084337349397,-1.1330472103004292,-8.265481299816063,5.341508277130594,3.0,0.2248862248862249,4446.692991115498,-21.546646465823667,1.3692675252024946,12.992832585513664,1360.4395604395604,-1.0,85.14117443270396,0.2254966636250225,
2023-07-31 13:42:54.013000,-8.289156626506024,-1.216867469879518,4.759036144578314,-1.044757817290006,-8.336603310852237,5.390557939914163,3.0,0.2248862248862249,4446.692991115498,-21.088631198648095,2.911252258026922,13.450847852689238,1348.7179487179487,-1.0,85.14117443270396,0.22549038126848453,
2023-07-31 13:42:54.021000,-8.361445783132531,-1.180722891566265,4.710843373493976,-1.0226854690374003,-8.415082771305947,5.216431637032495,3.0,0.22444222444222442,4455.489614243324,-20.890157916205347,4.544840044286464,13.328710448109085,1342.1245421245421,-1.0,85.14117443270396,0.2254841255605905,
2023-07-31 13:42:54.028000,-8.421686746987952,-1.1566265060240966,4.662650602409639,-0.9981606376456161,-8.488657265481299,5.189454322501533,3.0,0.2248862248862249,4446.692991115498,-20.920692267350386,5.583007983217762,13.435580677116718,1340.6593406593406,-1.0,85.14117443270396,0.22547789748708988,
2023-07-31 13:42:54.036000,-8.46987951807229,-1.1325301204819278,4.590361445783133,-1.0006131207847946,-8.579399141630901,5.081545064377682,3.0,0.2248862248862249,4446.692991115498,-20.920692267350386,5.583007983217762,13.435580677116718,1340.6593406593406,-1.0,85.14117443270396,0.2254716979025618,
2023-07-31 13:42:54.044000,-8.530120481927712,-1.0843373493975905,4.55421686746988,-0.9074187614960146,-8.584304107909258,5.079092581238504,3.0,0.2248862248862249,4446.692991115498,-21.53137929025115,6.6059087465765405,13.450847852689238,1342.8571428571427,-1.0,85.14117443270396,0.2254655276815439,
2023-07-31 13:42:54.051000,-8.590361445783133,-1.0602409638554218,4.493975903614458,-0.9049662783568363,-8.621091354996935,5.081545064377682,3.0,0.2248862248862249,4446.692991115498,-21.897791503991606,7.079191189324631,13.511916554979313,1343.5897435897434,-1.0,85.14117443270396,0.22545938757252793,
2023-07-31 13:42:54.059000,-8.674698795180724,-1.072289156626506,4.445783132530121,-0.9589209074187615,-8.726548129981605,5.037400367872471,3.0,0.2248862248862249,4446.692991115498,-22.752753336052674,6.926519433599441,14.275275333605268,1343.5897435897434,-1.0,85.14117443270396,0.22545327819150499,
2023-07-31 13:42:54.067000,-8.710843373493976,-1.1204819277108435,4.385542168674699,-0.9809932556713672,-8.773145309625995,4.985898221949724,3.0,0.2248862248862249,4446.692991115498,-23.851989977274048,7.415069051920051,13.878328768719772,1340.6593406593406,-1.0,85.14117443270396,0.22544720001636878,
2023-07-31 13:42:54.074000,-8.734939759036145,-1.108433734939759,4.349397590361446,-1.020232985898222,-8.807480073574494,4.909871244635193,3.0,0.2248862248862249,4446.692991115498,-24.294738068877102,6.4990385175689065,13.23710739467397,1336.9963369963368,-1.0,85.14117443270396,0.22544115338222437,
2023-07-31 13:42:54.082000,-8.759036144578314,-1.1686746987951808,4.325301204819278,-1.0962599632127528,-8.731453096259962,4.904966278356836,3.0,0.2248862248862249,4446.692991115498,-25.14969990093817,5.567740807645243,12.916496707651069,1333.3333333333333,-1.0,85.14117443270396,0.22543513847764646,
2023-07-31 13:42:54.090000,-8.771084337349398,-1.180722891566265,4.337349397590362,-1.1134273451870018,-8.792765174739424,4.9000613120784795,3.0,0.2248862248862249,4446.692991115498,-26.080997610861836,3.5066721053551664,12.07680205116252,1329.6703296703297,-1.0,85.14117443270396,0.2254291553419239,
2023-07-31 13:42:54.097000,-8.72289156626506,-1.2048192771084338,4.337349397590362,-1.137952176578786,-8.677498467198038,4.922133660331085,3.0,0.2248862248862249,4446.692991115498,-26.584814404754965,1.827282792378067,10.885962356506031,1326.7399267399267,-1.0,85.14117443270396,0.22542320386332138,
2023-07-31 13:42:54.105000,-8.66265060240964,-1.2409638554216869,4.36144578313253,-1.120784794604537,-8.61128142244022,4.939301042305334,3.0,0.2248862248862249,4446.692991115498,-27.16496707651069,-0.6307324747975054,9.695122661849544,1324.5421245421244,-1.0,85.14117443270396,0.2254172837783816,
2023-07-31 13:42:54.113000,-8.590361445783133,-1.2771084337349399,4.397590361445784,-1.120784794604537,-8.621091354996935,4.990803188228081,3.0,0.2248862248862249,4446.692991115498,-27.439776236816034,-2.569663772507429,8.992832585513666,1320.8791208791208,-1.0,85.14117443270396,0.22541139467228735,
2023-07-31 13:42:54.120000,-8.55421686746988,-1.2771084337349399,4.421686746987952,-1.1747394236664623,-8.606376456161863,5.030042918454935,3.0,0.2248862248862249,4446.692991115498,-27.546646465823667,-4.829205757240254,8.336344035895344,1317.216117216117,-1.0,85.14117443270396,0.22540553598028976,
2023-07-31 13:42:54.128000,-8.481927710843374,-1.3253012048192772,4.46987951807229,-1.2335990190067443,-8.52053954629062,5.093807480073575,3.0,0.2248862248862249,4446.692991115498,-27.48557776353359,-6.249053085484528,8.519550142765574,1310.6227106227104,-1.0,85.14117443270396,0.22539970699020972,
2023-07-31 13:42:54.136000,-8.493975903614459,-1.3614457831325302,4.493975903614458,-1.2532188841201717,-8.39546290619252,5.074187614960147,3.0,0.2248862248862249,4446.692991115498,-27.516112114678627,-6.997144688537963,7.985198997727406,1306.227106227106,-1.0,85.14117443270396,0.22539390698475575,
2023-07-31 13:42:54.143000,-8.457831325301205,-1.4096385542168675,4.481927710843374,-1.2630288166768853,-8.429797670141017,5.088902513795217,3.0,0.2248862248862249,4446.692991115498,-27.058096847503055,-7.348289726705902,7.863061593147253,1301.098901098901,-1.0,85.14117443270396,0.22538813508702005,
2023-07-31 13:42:54.151000,-8.433734939759036,-1.457831325301205,4.542168674698796,-1.3488657265481299,-8.422440220723482,5.103617412630288,3.0,0.2248862248862249,4446.692991115498,-26.859623565060307,-7.317755375560864,7.557718081696871,1296.7032967032967,-1.0,85.14117443270396,0.22538239013852843,
2023-07-31 13:42:54.159000,-8.409638554216867,-1.457831325301205,4.518072289156627,-1.3415082771305946,-8.380748007357449,5.155119558553035,3.0,0.22444222444222442,4455.489614243324,-26.00466173299924,-6.493327894644834,7.359244799254124,1295.970695970696,-1.0,85.14117443270396,0.2253766709937621,
2023-07-31 13:42:54.166000,-8.3855421686747,-1.4457831325301205,4.530120481927711,-1.3243408951563458,-8.449417535254444,5.160024524831392,3.0,0.22444222444222442,4455.489614243324,-25.119165549793134,-6.325388963347123,7.466115028261757,1303.2967032967033,-1.0,85.14117443270396,0.22537097635794404,
2023-07-31 13:42:54.174000,-8.3855421686747,-1.4457831325301205,4.566265060240964,-1.4052728387492335,-8.41017780502759,5.128142244022072,3.0,0.2248862248862249,4446.692991115498,-24.890157916205347,-5.516228658003612,7.572985257269391,1320.14652014652,-1.0,85.14117443270396,0.22536530462557533,
2023-07-31 13:42:54.182000,-8.337349397590362,-1.4698795180722892,4.566265060240964,-1.3341508277130594,-8.319435928877988,5.147762109135499,3.0,0.2248862248862249,4446.692991115498,-24.355806771167178,-4.233785909912009,7.145504341238856,1347.2527472527472,-1.0,85.14117443270396,0.22535965417720003,
2023-07-31 13:42:54.189000,-8.313253012048193,-1.457831325301205,4.614457831325302,-1.4003678724708768,-8.422440220723482,5.137952176578786,3.0,0.2248862248862249,4446.692991115498,-23.821455626129012,-3.119282093118116,7.114969990093818,1383.8827838827838,-1.0,85.14117443270396,0.22535402327172452,
2023-07-31 13:42:54.197000,-8.313253012048193,-1.4457831325301205,4.55421686746988,-1.331698344573881,-8.351318209687308,5.142857142857142,3.0,0.22444222444222442,4455.489614243324,-23.424509061243516,-2.187984383194452,7.25237457024649,1430.03663003663,-1.0,85.14117443270396,0.22534840993935523,
2023-07-31 13:42:54.205000,-8.349397590361447,-1.3975903614457832,4.55421686746988,-1.290006131207848,-8.407725321888412,5.118332311465358,3.0,0.2248862248862249,4446.692991115498,-22.752753336052674,-1.653633238156284,7.954664646582367,1485.7142857142856,-1.0,85.14117443270396,0.22534281199217218,
2023-07-31 13:42:54.212000,-8.361445783132531,-1.349397590361446,4.530120481927711,-1.1698344573881054,-8.41017780502759,5.133047210300429,3.0,0.2248862248862249,4446.692991115498,-22.768020511625195,-0.9666103373929252,8.397412738185421,1547.985347985348,-1.0,85.14117443270396,0.22533722730157882,
2023-07-31 13:42:54.220000,-8.373493975903616,-1.349397590361446,4.578313253012048,-1.2041692213366033,-8.37829552421827,5.160024524831392,3.0,0.2248862248862249,4446.692991115498,-22.477944175747332,-1.2719538488433069,9.435580677116718,1613.186813186813,-1.0,85.14117443270396,0.22533165394879437,
2023-07-31 13:42:54.228000,-8.409638554216867,-1.313253012048193,4.566265060240964,-1.231146535867566,-8.476394849785407,5.189454322501533,3.0,0.2248862248862249,4446.692991115498,-21.745119748266415,-1.3788240778509404,10.06153487559,1679.120879120879,-1.0,85.14117443270396,0.22532608995045098,
2023-07-31 13:42:54.235000,-8.44578313253012,-1.3012048192771084,4.590361445783133,-1.2164316370324952,-8.53525444512569,5.194359288779889,3.0,0.2248862248862249,4446.692991115498,-21.561913641396185,-2.523862245789872,11.160771516811375,1743.5897435897434,-1.0,85.14117443270396,0.22532053313381512,
2023-07-31 13:42:54.243000,-8.518072289156628,-1.2891566265060241,4.626506024096386,-1.1404046597179645,-8.594114040465971,5.140404659717964,3.0,0.2248862248862249,4446.692991115498,-20.82908921391527,-3.165083619835673,12.305809684750306,1802.197802197802,-1.0,85.14117443270396,0.2253149813101541,
2023-07-31 13:42:54.251000,-8.55421686746988,-1.2771084337349399,4.662650602409639,-1.1305947271612506,-8.606376456161863,5.226241569589209,3.0,0.2248862248862249,4446.692991115498,-20.17260066429695,-4.2795874366295665,12.626420371773207,1855.6776556776556,-1.0,85.14117443270396,0.2253094324167773,
2023-07-31 13:42:54.258000,-8.578313253012048,-1.2530120481927711,4.662650602409639,-1.1870018393623543,-8.645616186388718,5.30226854690374,3.0,0.2248862248862249,4446.692991115498,-20.080997610861836,-4.813938581667734,13.206573043528932,1895.2380952380952,-1.0,85.14117443270396,0.2253038843824923,
2023-07-31 13:42:54.266000,-8.566265060240964,-1.2530120481927711,4.674698795180723,-1.1305947271612506,-8.603923973022685,5.258123850398528,3.0,0.2248862248862249,4446.692991115498,-19.729852572693897,-4.462793543499795,13.496649379406795,1921.6117216117216,-1.0,85.14117443270396,0.22529833514240183,
2023-07-31 13:42:54.274000,-8.566265060240964,-1.2530120481927711,4.626506024096386,-1.0766400980993256,-8.621091354996935,5.218884120171674,3.0,0.2248862248862249,4446.692991115498,-19.561913641396185,-4.004778276324223,13.90886311986481,1934.7985347985348,-1.0,85.14117443270396,0.2252927826526758,
2023-07-31 13:42:54.281000,-8.566265060240964,-1.2409638554216869,4.626506024096386,-1.0839975475168608,-8.58185162477008,5.204169221336603,3.0,0.2248862248862249,4446.692991115498,-19.195501427655728,-3.0124118641104825,13.75619136413962,1931.8681318681317,-1.0,85.14117443270396,0.22528722490522163,
2023-07-31 13:42:54.289000,-8.518072289156628,-1.2289156626506024,4.626506024096386,-1.1404046597179645,-8.564684242795831,5.160024524831392,3.0,0.2248862248862249,4446.692991115498,-18.890157916205347,-1.7605034671639175,13.527183730551833,1917.216117216117,-1.0,85.14117443270396,0.22528165994218127,
2023-07-31 13:42:54.297000,-8.481927710843374,-1.216867469879518,4.590361445783133,-1.074187614960147,-8.552421827099938,5.167381974248927,3.0,0.2248862248862249,4446.692991115498,-18.64588310704504,-0.1574500320494138,13.435580677116718,1888.6446886446886,-1.0,85.14117443270396,0.2252760858701778,
2023-07-31 13:42:54.304000,-8.46987951807229,-1.180722891566265,4.542168674698796,-1.015328019619865,-8.461679950950337,5.150214592274678,3.0,0.2248862248862249,4446.692991115498,-18.355806771167178,1.0333896626070747,12.977565409941146,1854.9450549450548,-1.0,85.14117443270396,0.22527050087424333,
2023-07-31 13:42:54.312000,-8.457831325301205,-1.180722891566265,4.518072289156627,-1.0398528510116491,-8.515634580012263,5.133047210300429,3.0,0.22444222444222442,4455.489614243324,-18.355806771167178,1.0333896626070747,12.977565409941146,1812.4542124542124,-1.0,85.14117443270396,0.22526490323135503,
2023-07-31 13:42:54.320000,-8.44578313253012,-1.1686746987951808,4.457831325301205,-1.0472103004291844,-8.427345187001839,4.985898221949724,3.0,0.2248862248862249,4446.692991115498,-18.035196084144278,2.025756074820815,12.305809684750306,1762.6373626373625,-1.0,85.14117443270396,0.22525929117421897,
2023-07-31 13:42:54.327000,-8.44578313253012,-1.1566265060240966,4.409638554216868,-1.0570202329858982,-8.417535254445125,4.963825873697118,3.0,0.2248862248862249,4446.692991115498,-18.34053959559466,2.376901112988754,11.649321135131986,1711.3553113553112,-1.0,85.14117443270396,0.22525366303124175,
2023-07-31 13:42:54.335000,-8.481927710843374,-1.144578313253012,4.373493975903615,-1.0104230533415082,-8.488657265481299,4.941753525444512,3.0,0.2248862248862249,4446.692991115498,-17.95886020628168,2.94178660917196,10.73329060078084,1658.6080586080584,-1.0,85.14117443270396,0.2252480173974345,
2023-07-31 13:42:54.343000,-8.44578313253012,-1.1686746987951808,4.337349397590362,-1.0079705702023298,-8.483752299202942,4.86817903126916,3.0,0.2248862248862249,4446.692991115498,-17.86725715284657,3.0181224870345553,9.893595944292292,1610.989010989011,-1.0,85.14117443270396,0.22524235300679804,
2023-07-31 13:42:54.350000,-8.457831325301205,-1.180722891566265,4.325301204819278,-1.108522378908645,-8.451870018393624,4.824034334763948,3.0,0.2248862248862249,4446.692991115498,-17.821455626129012,2.8043820290192882,8.702756249635803,1565.5677655677655,-1.0,85.14117443270396,0.22523666874276443,
2023-07-31 13:42:54.358000,-8.530120481927712,-1.216867469879518,4.289156626506024,-1.108522378908645,-8.53525444512569,4.843654199877376,3.0,0.2248862248862249,4446.692991115498,-17.83672280170153,2.9570537847444793,7.695122661849543,1523.8095238095236,-1.0,85.14117443270396,0.22523096364789338,
2023-07-31 13:42:54.366000,-8.578313253012048,-1.2771084337349399,4.253012048192772,-1.1428571428571428,-8.640711220110362,4.806866952789699,3.0,0.2248862248862249,4446.692991115498,-18.080997610861836,2.850183555736846,6.840160829788474,1485.7142857142856,-1.0,85.14117443270396,0.22522523693277977,
2023-07-31 13:42:54.373000,-8.614457831325302,-1.313253012048193,4.228915662650603,-1.2017167381974247,-8.613733905579398,4.777437155119558,3.0,0.2248862248862249,4446.692991115498,-18.11153196200687,3.0181224870345553,6.198939455742673,1453.4798534798533,-1.0,85.14117443270396,0.22521948798412889,
2023-07-31 13:42:54.381000,-8.674698795180724,-1.349397590361446,4.240963855421687,-1.2875536480686696,-8.724095646842427,4.804414469650521,3.0,0.2248862248862249,4446.692991115498,-18.264203717732062,2.712778975584174,5.450847852689238,1427.106227106227,704.7119140625,85.14117443270396,0.22521371637196283,
2023-07-31 13:42:54.389000,-8.674698795180724,-1.385542168674699,4.253012048192772,-1.1722869405272838,-8.716738197424892,4.811771919068057,3.0,0.2248862248862249,4446.692991115498,-18.065730435289318,2.895985082454403,5.176038692383894,1402.9304029304028,-1.0,85.14117443270396,0.22520792185592475,
2023-07-31 13:42:54.396000,-8.72289156626506,-1.3975903614457832,4.216867469879518,-1.361128142244022,-8.782955242182709,4.809319435928877,3.0,0.2248862248862249,4446.692991115498,-17.851989977274048,2.3616339374162347,5.359244799254124,1381.6849816849815,-1.0,85.14117443270396,0.22520210439065416,
2023-07-31 13:42:54.404000,-8.72289156626506,-1.421686746987952,4.228915662650603,-1.2826486817903127,-8.787860208461066,4.772532188841201,3.0,0.2248862248862249,4446.692991115498,-17.53137929025115,1.9646873725307388,5.237107394673971,1357.5091575091574,-1.0,85.14117443270396,0.22519626413020924,
2023-07-31 13:42:54.411000,-8.759036144578314,-1.4337349397590362,4.204819277108434,-1.3047210300429184,-8.790312691600246,4.851011649294911,3.0,0.22444222444222442,4455.489614243324,-17.409241885670994,1.4150690519200517,5.679855486277024,1332.6007326007325,-1.0,85.14117443270396,0.225190401431519,
2023-07-31 13:42:54.419000,-8.72289156626506,-1.4457831325301205,4.240963855421687,-1.3415082771305946,-8.807480073574494,4.740649908031882,3.0,0.2248862248862249,4446.692991115498,-17.195501427655728,0.6211759221490595,5.679855486277024,1308.4249084249084,-1.0,85.14117443270396,0.22518451656880917,
2023-07-31 13:42:54.427000,-8.698795180722891,-1.4698795180722892,4.204819277108434,-1.3194359288779889,-8.731453096259962,4.733292458614347,3.0,0.2248862248862249,4446.692991115498,-17.134432725365652,0.34636676184371595,6.092069226735039,1289.3772893772893,-1.0,85.14117443270396,0.2251786100216286,
2023-07-31 13:42:54.434000,-8.686746987951807,-1.4819277108433735,4.216867469879518,-1.3807480073574494,-8.716738197424892,4.779889638258736,3.0,0.22444222444222442,4455.489614243324,-16.752753336052674,-0.7681370549501771,6.0462677000174825,1273.9926739926739,-1.0,85.14117443270396,0.2251726827618861,
2023-07-31 13:42:54.442000,-8.626506024096386,-1.4698795180722892,4.216867469879518,-1.3635806253832004,-8.635806253832005,4.76026977314531,3.0,0.2248862248862249,4446.692991115498,-16.584814404754965,-0.8750072839578107,6.672221898490765,1263.003663003663,-1.0,85.14117443270396,0.22516673581602378,
2023-07-31 13:42:54.450000,-8.590361445783133,-1.493975903614458,4.204819277108434,-1.39546290619252,-8.572041692213366,4.784794604537094,3.0,0.22444222444222442,4455.489614243324,-16.584814404754965,-0.8902744595303298,6.641687547345726,1254.212454212454,-1.0,85.14117443270396,0.22516077039097032,
2023-07-31 13:42:54.457000,-8.55421686746988,-1.4819277108433735,4.204819277108434,-1.4273451870018392,-8.564684242795831,4.77498467198038,3.0,0.22444222444222442,4455.489614243324,-16.554280053609926,-1.119282093118116,6.702756249635803,1249.8168498168498,-1.0,85.14117443270396,0.2251547878813626,
2023-07-31 13:42:54.465000,-8.542168674698795,-1.5060240963855422,4.216867469879518,-1.3881054567749846,-8.576946658491723,4.770079705702023,3.0,0.22444222444222442,4455.489614243324,-16.294738068877102,-1.6841675893013222,7.267641745819009,1248.3516483516482,-1.0,85.14117443270396,0.22514878970537006,
2023-07-31 13:42:54.473000,-8.542168674698795,-1.5060240963855422,4.216867469879518,-1.3881054567749846,-8.537706928264868,4.772532188841201,3.0,0.22444222444222442,4455.489614243324,-16.46267700017481,-2.172717207621933,7.099702814521299,1249.8168498168498,-1.0,85.14117443270396,0.2251427774372965,
2023-07-31 13:42:54.480000,-8.530120481927712,-1.5180722891566265,4.228915662650603,-1.3586756591048437,-8.54996934396076,4.770079705702023,3.0,0.22444222444222442,4455.489614243324,-16.64588310704504,-2.9818775129654442,7.099702814521299,1255.6776556776556,-1.0,85.14117443270396,0.22513675280036916,
2023-07-31 13:42:54.488000,-8.518072289156628,-1.530120481927711,4.228915662650603,-1.437155119558553,-8.562231759656651,4.801961986511342,3.0,0.22444222444222442,4455.489614243324,-16.584814404754965,-3.806304993881475,7.221840219101452,1266.6666666666665,-1.0,85.14117443270396,0.22513071765850448,
2023-07-31 13:42:54.496000,-8.518072289156628,-1.5180722891566265,4.228915662650603,-1.4543225015328018,-8.547516860821581,4.804414469650521,3.0,0.2248862248862249,4446.692991115498,-16.477944175747332,-4.478060719072315,7.359244799254124,1282.051282051282,-1.0,85.14117443270396,0.22512467400710306,
2023-07-31 13:42:54.503000,-8.506024096385543,-1.4819277108433735,4.253012048192772,-1.3733905579399142,-8.518087063151441,4.816676885346413,3.0,0.22444222444222442,4455.489614243324,-16.386341122312217,-4.936075986247887,7.985198997727406,1298.9010989010987,-1.0,85.14117443270396,0.22511862411222208,
2023-07-31 13:42:54.511000,-8.530120481927712,-1.4819277108433735,4.289156626506024,-1.3782955242182708,-8.59656652360515,4.880441446965052,3.0,0.22444222444222442,4455.489614243324,-16.248936542159544,-5.439892780141017,8.275275333605268,1317.9487179487178,-1.0,85.14117443270396,0.2251125703721817,
2023-07-31 13:42:54.519000,-8.530120481927712,-1.493975903614458,4.313253012048193,-1.361128142244022,-8.572041692213366,4.83629675045984,3.0,0.2248862248862249,4446.692991115498,-16.34053959559466,-6.004778276324223,8.672221898490765,1334.7985347985348,-1.0,85.14117443270396,0.22510651514686336,
2023-07-31 13:42:54.526000,-8.530120481927712,-1.5180722891566265,4.325301204819278,-1.3169834457388105,-8.59656652360515,4.858369098712446,3.0,0.22444222444222442,4455.489614243324,-16.096264786434354,-6.462793543499795,8.09206922673504,1349.4505494505493,-1.0,85.14117443270396,0.22510046103345938,
2023-07-31 13:42:54.534000,-8.530120481927712,-1.4698795180722892,4.337349397590362,-1.3194359288779889,-8.59656652360515,4.890251379521765,3.0,0.22444222444222442,4455.489614243324,-16.11153196200687,-6.416992016782238,8.122603577880078,1360.4395604395604,-1.0,85.14117443270396,0.22509441072611255,
2023-07-31 13:42:54.542000,-8.506024096385543,-1.4457831325301205,4.349397590361446,-1.285101164929491,-8.518087063151441,4.9662783568362965,3.0,0.22444222444222442,4455.489614243324,-16.17260066429695,-6.203251558766971,7.8325272420022145,1367.032967032967,-1.0,85.14117443270396,0.22508836684346778,
2023-07-31 13:42:54.549000,-8.481927710843374,-1.457831325301205,4.373493975903615,-1.331698344573881,-8.547516860821581,4.9736358062538315,3.0,0.2248862248862249,4446.692991115498,-16.264203717732066,-6.645999650370024,7.847794417574734,1366.3003663003662,-1.0,85.14117443270396,0.22508233205360673,
2023-07-31 13:42:54.557000,-8.46987951807229,-1.4698795180722892,4.36144578313253,-1.3390557939914163,-8.488657265481299,4.968730839975475,3.0,0.22444222444222442,4455.489614243324,-16.31000524444962,-6.325388963347123,7.450847852689238,1362.6373626373625,-1.0,85.14117443270396,0.22507630920911795,
2023-07-31 13:42:54.565000,-8.457831325301205,-1.4698795180722892,4.409638554216868,-1.3390557939914163,-8.50091968117719,5.005518087063151,3.0,0.22444222444222442,4455.489614243324,-16.080997610861836,-6.203251558766971,7.420313501544199,1357.5091575091574,-1.0,85.14117443270396,0.22507030120512972,
2023-07-31 13:42:54.572000,-8.44578313253012,-1.4819277108433735,4.397590361445784,-1.3709380748007356,-8.469037400367872,4.9662783568362965,3.0,0.22444222444222442,4455.489614243324,-16.416875473457257,-5.88264087174407,7.511916554979314,1350.18315018315,-1.0,85.14117443270396,0.22506431080558492,
2023-07-31 13:42:54.580000,-8.46987951807229,-1.457831325301205,4.421686746987952,-1.3366033108522377,-8.412630288166769,4.988350705088902,3.0,0.22444222444222442,4455.489614243324,-16.584814404754965,-5.470427131286055,7.2829089213915275,1342.8571428571427,-1.0,85.14117443270396,0.22505834076724254,
2023-07-31 13:42:54.588000,-8.481927710843374,-1.4819277108433735,4.457831325301205,-1.2973635806253832,-8.483752299202942,4.97608828939301,3.0,0.22444222444222442,4455.489614243324,-16.584814404754965,-5.470427131286055,7.2829089213915275,1331.8681318681317,-1.0,85.14117443270396,0.22505239382486164,
2023-07-31 13:42:54.595000,-8.46987951807229,-1.4819277108433735,4.46987951807229,-1.3218884120171672,-8.442060085836909,5.020232985898222,3.0,0.22444222444222442,4455.489614243324,-16.630615931472523,-5.867373696171551,7.221840219101452,1319.4139194139193,-1.0,85.14117443270396,0.22504647267641198,
2023-07-31 13:42:54.603000,-8.46987951807229,-1.5180722891566265,4.445783132530121,-1.390557939914163,-8.469037400367872,4.9957081545064375,3.0,0.22444222444222442,4455.489614243324,-16.98176096964046,-6.096381329759337,7.038634112231223,1304.0293040293038,-1.0,85.14117443270396,0.225040579968394,
2023-07-31 13:42:54.611000,-8.506024096385543,-1.5180722891566265,4.445783132530121,-1.3832004904966277,-8.530349478847333,4.9736358062538315,3.0,0.22444222444222442,4455.489614243324,-16.67641745819008,-6.203251558766971,6.626420371773207,1287.179487179487,-1.0,85.14117443270396,0.2250347182813627,
2023-07-31 13:42:54.618000,-8.481927710843374,-1.5542168674698795,4.457831325301205,-1.466584917228694,-8.545064377682403,5.042305334150828,3.0,0.22444222444222442,4455.489614243324,-17.241302954373285,-6.035312627469261,6.702756249635803,1267.3992673992673,-1.0,85.14117443270396,0.22502889011573918,
2023-07-31 13:42:54.626000,-8.46987951807229,-1.5542168674698795,4.481927710843374,-1.4445125689760883,-8.515634580012263,5.044757817290006,3.0,0.22444222444222442,4455.489614243324,-17.622982343686264,-6.4017248412097185,6.534817318338093,1252.7472527472526,-1.0,85.14117443270396,0.22502309801674578,
2023-07-31 13:42:54.634000,-8.481927710843374,-1.566265060240964,4.481927710843374,-1.4396076026977314,-8.515634580012263,5.054567749846719,3.0,0.22444222444222442,4455.489614243324,-17.50084493910611,-6.355923314492162,7.0539012878037415,1243.2234432234432,-1.0,85.14117443270396,0.22501734440192278,
2023-07-31 13:42:54.641000,-8.457831325301205,-1.5783132530120483,4.481927710843374,-1.4567749846719804,-8.518087063151441,5.076640098099325,3.0,0.22444222444222442,4455.489614243324,-17.50084493910611,-6.966610337392925,7.008099761086184,1236.6300366300366,-1.0,85.14117443270396,0.22501163142070044,
2023-07-31 13:42:54.649000,-8.481927710843374,-1.5903614457831325,4.518072289156627,-1.4690374003678723,-8.478847332924586,5.047210300429184,3.0,0.22444222444222442,4455.489614243324,-17.80618845055649,-7.348289726705902,7.328710448109085,1232.2344322344322,-1.0,85.14117443270396,0.22500596123004668,
2023-07-31 13:42:54.657000,-8.433734939759036,-1.5903614457831325,4.506024096385542,-1.5303494788473329,-8.525444512568976,5.064377682403433,3.0,0.22444222444222442,4455.489614243324,-17.775654099411454,-7.424625604568497,7.6035196084144285,1227.8388278388277,-1.0,85.14117443270396,0.22500033582363826,
2023-07-31 13:42:54.664000,-8.409638554216867,-1.602409638554217,4.518072289156627,-1.4739423666462292,-8.422440220723482,5.098712446351931,3.0,0.22444222444222442,4455.489614243324,-17.882524328419088,-7.760503467163917,8.031000524444963,1221.9780219780218,-1.0,85.14117443270396,0.22499475689331083,
2023-07-31 13:42:54.672000,-8.409638554216867,-1.5903614457831325,4.530120481927711,-1.4641324340895157,-8.503372164316369,5.098712446351931,3.0,0.22444222444222442,4455.489614243324,-17.699318221548857,-8.111648505331857,8.24474098246023,1213.9194139194137,-1.0,85.14117443270396,0.22498922596805426,
2023-07-31 13:42:54.680000,-8.409638554216867,-1.5783132530120483,4.542168674698796,-1.449417535254445,-8.437155119558552,5.10116492949111,3.0,0.22444222444222442,4455.489614243324,-17.622982343686264,-8.508595070217352,8.992832585513666,1208.7912087912086,-1.0,85.14117443270396,0.2249837445433611,
2023-07-31 13:42:54.687000,-8.3855421686747,-1.602409638554217,4.518072289156627,-1.4469650521152666,-8.427345187001839,5.150214592274678,3.0,0.22444222444222442,4455.489614243324,-17.83672280170153,-9.012411864110483,9.282908921391527,1207.3260073260074,-1.0,85.14117443270396,0.22497831405240445,
2023-07-31 13:42:54.695000,-8.361445783132531,-1.5903614457831325,4.542168674698796,-1.466584917228694,-8.415082771305947,5.128142244022072,3.0,0.22444222444222442,4455.489614243324,-18.126799137579393,-9.745236291591398,9.878328768719772,1208.058608058608,-1.0,85.14117443270396,0.2249729355718647,
2023-07-31 13:42:54.703000,-8.373493975903616,-1.602409638554217,4.542168674698796,-1.4739423666462292,-8.400367872470877,5.110974862047823,3.0,0.22444222444222442,4455.489614243324,-18.46267700017481,-10.081114154186817,9.893595944292292,1210.989010989011,-1.0,85.14117443270396,0.22496760983704392,
2023-07-31 13:42:54.710000,-8.373493975903616,-1.6144578313253013,4.578313253012048,-1.5205395462906193,-8.446965052115265,5.140404659717964,3.0,0.22444222444222442,4455.489614243324,-18.6153487559,-10.03531262746926,10.122603577880078,1217.5824175824175,-1.0,85.14117443270396,0.22496233752424863,
2023-07-31 13:42:54.718000,-8.349397590361447,-1.602409638554217,4.602409638554217,-1.466584917228694,-8.429797670141017,5.164929491109748,3.0,0.22444222444222442,4455.489614243324,-18.768020511625195,-10.55439659693491,10.153137929025116,1225.6410256410256,-1.0,85.14117443270396,0.22495711908714397,
2023-07-31 13:42:54.726000,-8.349397590361447,-1.602409638554217,4.602409638554217,-1.4763948497854076,-8.370938074800735,5.2409564684242795,3.0,0.22444222444222442,4455.489614243324,-18.66115028261756,-10.981877512965443,10.427947089330459,1232.967032967033,-1.0,85.14117443270396,0.22495195476454447,
2023-07-31 13:42:54.733000,-8.361445783132531,-1.5903614457831325,4.650602409638554,-1.513182096873084,-8.39301042305334,5.2777437155119555,3.0,0.22444222444222442,4455.489614243324,-18.416875473457257,-10.55439659693491,11.313443272536565,1238.095238095238,-1.0,85.14117443270396,0.224946844568241,
2023-07-31 13:42:54.741000,-8.3855421686747,-1.566265060240964,4.686746987951808,-1.4297976701410178,-8.442060085836909,5.2630288166768855,3.0,0.22444222444222442,4455.489614243324,-18.31000524444962,-9.745236291591398,11.75619136413962,1241.7582417582416,-1.0,85.14117443270396,0.22494178829301667,
2023-07-31 13:42:54.749000,-8.373493975903616,-1.5180722891566265,4.72289156626506,-1.4003678724708768,-8.390557939914162,5.31698344573881,3.0,0.22444222444222442,4455.489614243324,-17.928325855136645,-9.974243925179184,12.305809684750306,1243.2234432234432,-1.0,85.14117443270396,0.22493678550672888,
2023-07-31 13:42:54.756000,-8.373493975903616,-1.4819277108433735,4.746987951807229,-1.3341508277130594,-8.419987737584304,5.260576333537706,3.0,0.22444222444222442,4455.489614243324,-17.48557776353359,-9.470427131286055,12.702756249635803,1241.7582417582416,-1.0,85.14117443270396,0.22493183542385278,
2023-07-31 13:42:54.764000,-8.349397590361447,-1.4457831325301205,4.734939759036145,-1.3047210300429184,-8.41017780502759,5.346413243408951,3.0,0.22444222444222442,4455.489614243324,-16.600081580327483,-8.55439659693491,13.481382203834276,1238.8278388278388,-1.0,85.14117443270396,0.22492693705697628,
2023-07-31 13:42:54.772000,-8.361445783132531,-1.4337349397590362,4.759036144578314,-1.3366033108522377,-8.361128142244022,5.346413243408951,3.0,0.22399822399822403,4464.321110009911,-16.67641745819008,-8.142182856476895,13.90886311986481,1235.164835164835,-1.0,85.14117443270396,0.22492208935898386,
2023-07-31 13:42:54.779000,-8.373493975903616,-1.4096385542168675,4.795180722891566,-1.280196198651134,-8.422440220723482,5.422440220723482,3.0,0.22399822399822403,4464.321110009911,-16.15733348872443,-8.21851873433949,13.893595944292292,1232.967032967033,-1.0,85.14117443270396,0.2249172911967898,
2023-07-31 13:42:54.787000,-8.373493975903616,-1.4096385542168675,4.795180722891566,-1.314530962599632,-8.437155119558552,5.3733905579399135,3.0,0.22444222444222442,4455.489614243324,-16.11153196200687,-7.699434764873841,13.542450906124351,1232.967032967033,-1.0,85.14117443270396,0.22491254102819974,
2023-07-31 13:42:54.794000,-8.361445783132531,-1.3975903614457832,4.771084337349397,-1.2483139178418148,-8.415082771305947,5.31698344573881,3.0,0.22444222444222442,4455.489614243324,-16.248936542159544,-7.668900413728803,12.718023425208322,1232.2344322344322,-1.0,85.14117443270396,0.22490783706878956,
2023-07-31 13:42:54.802000,-8.361445783132531,-1.421686746987952,4.771084337349397,-1.3120784794604536,-8.361128142244022,5.339055793991416,3.0,0.22444222444222442,4455.489614243324,-16.32527242002214,-7.500961482431093,12.260008158032749,1229.3040293040292,-1.0,85.14117443270396,0.22490317747008579,
2023-07-31 13:42:54.810000,-8.349397590361447,-1.4337349397590362,4.759036144578314,-1.314530962599632,-8.297363580625383,5.275291232372777,3.0,0.22444222444222442,4455.489614243324,-16.706951809335116,-6.233785909912009,11.771458539712139,1224.9084249084249,-1.0,85.14117443270396,0.2248985601902423,
2023-07-31 13:42:54.817000,-8.301204819277109,-1.421686746987952,4.734939759036145,-1.2630288166768853,-8.356223175965665,5.2924586143470265,3.0,0.22444222444222442,4455.489614243324,-16.508478526892368,-5.149816444263154,11.374511974826643,1220.5128205128203,-1.0,85.14117443270396,0.22489398300434757,
2023-07-31 13:42:54.825000,-8.313253012048193,-1.385542168674699,4.686746987951808,-1.314530962599632,-8.385652973635805,5.238503985285101,3.0,0.22444222444222442,4455.489614243324,-16.768020511625195,-3.455159955713536,11.130237165666337,1216.117216117216,-1.0,85.14117443270396,0.2248894435155727,
2023-07-31 13:42:54.833000,-8.349397590361447,-1.3734939759036144,4.650602409638554,-1.1943592887798895,-8.37829552421827,5.20907418761496,3.0,0.22444222444222442,4455.489614243324,-16.64588310704504,-1.989511100751704,11.481382203834276,1214.6520146520145,-1.0,85.14117443270396,0.22488493916711264,
2023-07-31 13:42:54.840000,-8.373493975903616,-1.3373493975903614,4.626506024096386,-1.226241569589209,-8.42489270386266,5.147762109135499,3.0,0.22444222444222442,4455.489614243324,-16.416875473457257,-0.4475263679272764,11.069168463376261,1217.5824175824175,-1.0,85.14117443270396,0.22488046725487038,
2023-07-31 13:42:54.848000,-8.373493975903616,-1.3012048192771084,4.542168674698796,-1.1453096259963211,-8.427345187001839,5.091354996934395,3.0,0.22444222444222442,4455.489614243324,-16.64588310704504,0.14789347940096786,11.4203135015442,1224.9084249084249,-1.0,85.14117443270396,0.22487602480208088,
2023-07-31 13:42:54.856000,-8.397590361445783,-1.2289156626506024,4.518072289156627,-1.0766400980993256,-8.444512568976087,5.059472716125076,3.0,0.22444222444222442,4455.489614243324,-16.11153196200687,0.6669774488666167,11.92413029543733,1235.164835164835,-1.0,85.14117443270396,0.22487160873244375,
2023-07-31 13:42:54.863000,-8.44578313253012,-1.180722891566265,4.457831325301205,-1.003065603923973,-8.518087063151441,5.037400367872471,3.0,0.22444222444222442,4455.489614243324,-16.11153196200687,0.6669774488666167,11.92413029543733,1249.8168498168498,-1.0,85.14117443270396,0.22486721601230927,
2023-07-31 13:42:54.871000,-8.481927710843374,-1.1204819277108435,4.457831325301205,-0.9834457388105456,-8.530349478847333,5.010423053341508,3.0,0.22444222444222442,4455.489614243324,-15.83672280170153,1.094458364897151,12.214206631315191,1273.260073260073,-1.0,85.14117443270396,0.22486284351666,
2023-07-31 13:42:54.879000,-8.518072289156628,-1.0963855421686748,4.445783132530121,-1.0006131207847946,-8.613733905579398,5.052115266707541,3.0,0.22444222444222442,4455.489614243324,-15.470310587961073,1.0486568381795938,13.023366936658704,1306.9597069597069,-1.0,85.14117443270396,0.22485848804482222,
2023-07-31 13:42:54.886000,-8.578313253012048,-1.072289156626506,4.457831325301205,-0.8902513795217657,-8.564684242795831,4.9957081545064375,3.0,0.22444222444222442,4455.489614243324,-15.653516694831302,0.22422935726356327,13.298176096964047,1347.985347985348,-1.0,85.14117443270396,0.22485414633654327,
2023-07-31 13:42:54.894000,-8.650602409638555,-1.036144578313253,4.409638554216868,-0.9858982219497241,-8.677498467198038,5.007970570202329,3.0,0.22444222444222442,4455.489614243324,-15.51611211467863,-0.14218285647689471,13.282908921391527,1398.5347985347985,-1.0,85.14117443270396,0.22484981508836013,
2023-07-31 13:42:54.902000,-8.686746987951807,-1.036144578313253,4.421686746987952,-0.9417535254445125,-8.75107296137339,4.978540772532188,3.0,0.22444222444222442,4455.489614243324,-15.607715168113746,-0.7986714060952154,12.992832585513664,1456.4102564102564,-1.0,85.14117443270396,0.2248454909701834,
2023-07-31 13:42:54.909000,-8.686746987951807,-1.0481927710843375,4.457831325301205,-0.9196811771919068,-8.71919068056407,5.030042918454935,3.0,0.22444222444222442,4455.489614243324,-16.233669366587026,-2.0353126274692612,12.07680205116252,1522.3443223443223,-1.0,85.14117443270396,0.22484117064202,
2023-07-31 13:42:54.917000,-8.72289156626506,-1.0602409638554218,4.46987951807229,-0.8853464132434089,-8.73635806253832,5.025137952176578,3.0,0.22444222444222442,4455.489614243324,-16.81382203834275,-2.8750072839578107,11.450847852689238,1594.8717948717947,-1.0,85.14117443270396,0.2248368507707576,
2023-07-31 13:42:54.925000,-8.698795180722891,-1.072289156626506,4.481927710843374,-0.9515634580012262,-8.704475781729,5.017780502759043,3.0,0.22399822399822403,4464.321110009911,-16.920692267350386,-4.3864576656372,10.718023425208322,1666.6666666666665,-1.0,85.14117443270396,0.22483252804693266,
2023-07-31 13:42:54.932000,-8.650602409638555,-1.1204819277108435,4.506024096385542,-1.020232985898222,-8.71919068056407,5.088902513795217,3.0,0.22444222444222442,4455.489614243324,-17.363440358953437,-5.1650836198356735,9.57298525726939,1734.065934065934,-1.0,85.14117443270396,0.22482819919085842,
2023-07-31 13:42:54.940000,-8.590361445783133,-1.1566265060240966,4.542168674698796,-1.020232985898222,-8.586756591048436,5.103617412630288,3.0,0.22444222444222442,4455.489614243324,-17.974127381854203,-5.302488199988345,9.053901287803741,1791.2087912087911,-1.0,85.14117443270396,0.2248238609374148,
2023-07-31 13:42:54.948000,-8.578313253012048,-1.1927710843373494,4.578313253012048,-1.1011649294911097,-8.559779276517473,5.120784794604536,3.0,0.22444222444222442,4455.489614243324,-18.17260066429695,-5.577297360293689,8.473748616048017,1835.164835164835,-1.0,85.14117443270396,0.2248195100836243,
2023-07-31 13:42:54.955000,-8.481927710843374,-1.216867469879518,4.590361445783133,-1.1109748620478233,-8.493562231759656,5.228694052728387,3.0,0.22444222444222442,4455.489614243324,-18.035196084144278,-5.302488199988345,8.198939455742673,1861.5384615384614,-1.0,85.14117443270396,0.2248151435147415,
2023-07-31 13:42:54.963000,-8.433734939759036,-1.2289156626506024,4.590361445783133,-1.0938074800735744,-8.478847332924586,5.179644389944819,3.0,0.22444222444222442,4455.489614243324,-18.21840219101451,-4.966610337392925,7.969931822154886,1871.0622710622708,-1.0,85.14117443270396,0.22481075821940835,
2023-07-31 13:42:54.971000,-8.3855421686747,-1.2530120481927711,4.602409638554217,-1.1109748620478233,-8.415082771305947,5.201716738197424,3.0,0.22444222444222442,4455.489614243324,-17.714585397121375,-4.539129421362391,7.969931822154886,1865.9340659340658,-1.0,85.14117443270396,0.22480635130435336,
2023-07-31 13:42:54.978000,-8.337349397590362,-1.2650602409638554,4.578313253012048,-1.1330472103004292,-8.341508277130595,5.160024524831392,3.0,0.22444222444222442,4455.489614243324,-17.195501427655728,-4.249053085484528,7.863061593147253,1849.084249084249,-1.0,85.14117443270396,0.22480192000856783,
2023-07-31 13:42:54.986000,-8.27710843373494,-1.2650602409638554,4.602409638554217,-1.0839975475168608,-8.277743715511955,5.179644389944819,3.0,0.22444222444222442,4455.489614243324,-17.34817318338092,-3.5772973602936884,8.870695180933513,1821.9780219780218,-1.0,85.14117443270396,0.22479746171689807,
2023-07-31 13:42:54.994000,-8.25301204819277,-1.3012048192771084,4.626506024096386,-1.137952176578786,-8.253218884120171,5.199264255058246,3.0,0.22444222444222442,4455.489614243324,-16.477944175747332,-3.119282093118116,8.702756249635803,1786.080586080586,-1.0,85.14117443270396,0.22479297397299342,
2023-07-31 13:42:55.001000,-8.25301204819277,-1.2530120481927711,4.626506024096386,-1.1477621091354997,-8.280196198651133,5.218884120171674,3.0,0.22444222444222442,4455.489614243324,-16.11153196200687,-2.4627935434997954,8.626420371773207,1743.5897435897434,-1.0,85.14117443270396,0.224788454491553,
2023-07-31 13:42:55.009000,-8.27710843373494,-1.2650602409638554,4.626506024096386,-1.103617412630288,-8.267933782955241,5.201716738197424,3.0,0.22444222444222442,4455.489614243324,-15.485577763533593,-1.5925645358662077,8.931763883223589,1696.7032967032967,-1.0,85.14117443270396,0.224783901169819,
2023-07-31 13:42:55.017000,-8.349397590361447,-1.2530120481927711,4.602409638554217,-1.1404046597179645,-8.400367872470877,5.187001839362354,3.0,0.22444222444222442,4455.489614243324,-15.103898374220616,-0.8750072839578107,8.992832585513666,1649.084249084249,-1.0,85.14117443270396,0.2247793120982672,
2023-07-31 13:42:55.024000,-8.397590361445783,-1.2409638554216869,4.590361445783133,-1.1404046597179645,-8.444512568976087,5.211526670754139,3.0,0.22399822399822403,4464.321110009911,-14.676417458190082,-0.4475263679272764,9.008099761086184,1605.128205128205,-1.0,85.14117443270396,0.224774685570449,
2023-07-31 13:42:55.032000,-8.46987951807229,-1.2530120481927711,4.590361445783133,-1.150214592274678,-8.54996934396076,5.164929491109748,3.0,0.22444222444222442,4455.489614243324,-14.447409824602294,-0.3864576656372001,8.458481440475497,1564.102564102564,-1.0,85.14117443270396,0.22477001994265047,
2023-07-31 13:42:55.040000,-8.542168674698795,-1.2650602409638554,4.55421686746988,-1.1698344573881054,-8.562231759656651,5.147762109135499,3.0,0.22444222444222442,4455.489614243324,-14.600081580327485,-0.40172484120971913,7.9393974710098485,1526.007326007326,-1.0,85.14117443270396,0.22476531376933775,
2023-07-31 13:42:55.047000,-8.590361445783133,-1.2650602409638554,4.566265060240964,-1.20907418761496,-8.635806253832005,5.098712446351931,3.0,0.22444222444222442,4455.489614243324,-14.325272420022142,-0.7681370549501771,7.237107394673971,1490.10989010989,-1.0,85.14117443270396,0.22476056596916477,
2023-07-31 13:42:55.055000,-8.63855421686747,-1.2650602409638554,4.590361445783133,-1.0962599632127528,-8.655426118945432,5.113427345187001,3.0,0.22444222444222442,4455.489614243324,-14.325272420022142,-0.9971446885379633,6.565351669483131,1458.6080586080584,712.371826171875,84.22567793342758,0.22475577569212285,
2023-07-31 13:42:55.063000,-8.63855421686747,-1.2891566265060241,4.55421686746988,-1.1281422440220723,-8.62844880441447,5.17719190680564,3.0,0.22399822399822403,4464.321110009911,-14.050463259716798,-0.9666103373929252,5.756191364139619,1428.5714285714284,-1.0,84.22567793342758,0.22475094232444365,
2023-07-31 13:42:55.070000,-8.63855421686747,-1.2891566265060241,4.530120481927711,-1.2017167381974247,-8.694665849172287,5.142857142857142,3.0,0.22444222444222442,4455.489614243324,-14.248936542159546,-1.7605034671639175,5.023366936658704,1402.197802197802,-1.0,84.22567793342758,0.2247460653431922,
2023-07-31 13:42:55.078000,-8.614457831325302,-1.2771084337349399,4.542168674698796,-1.184549356223176,-8.586756591048436,5.113427345187001,3.0,0.22399822399822403,4464.321110009911,-13.806188450556494,-2.1116485053318566,4.397412738185421,1377.2893772893772,-1.0,84.22567793342758,0.2247411444465495,
2023-07-31 13:42:55.086000,-8.578313253012048,-1.3012048192771084,4.566265060240964,-1.1698344573881054,-8.586756591048436,5.157572041692213,3.0,0.22444222444222442,4455.489614243324,-13.821455626129012,-2.172717207621933,3.8477944175747343,1354.5787545787546,-1.0,84.22567793342758,0.2247361797040399,
2023-07-31 13:42:55.093000,-8.518072289156628,-1.3012048192771084,4.542168674698796,-1.1428571428571428,-8.554874310239116,5.147762109135499,3.0,0.22444222444222442,4455.489614243324,-13.149699900938172,-3.2261523221257495,3.817260066429696,1336.263736263736,-1.0,84.22567793342758,0.22473117138669144,
2023-07-31 13:42:55.101000,-8.481927710843374,-1.2891566265060241,4.493975903614458,-1.1575720416922133,-8.496014714898834,5.079092581238504,3.0,0.22399822399822403,4464.321110009911,-13.36344035895344,-3.4246256045684977,3.7409241885671003,1316.4835164835165,-1.0,84.22567793342758,0.22472611999796438,
2023-07-31 13:42:55.109000,-8.44578313253012,-1.3012048192771084,4.542168674698796,-1.1673819742489269,-8.473942366646229,5.152667075413857,3.0,0.22399822399822403,4464.321110009911,-12.813822038342753,-4.249053085484528,3.0844356389487797,1296.7032967032967,-1.0,84.22567793342758,0.2247210261332191,
2023-07-31 13:42:55.116000,-8.373493975903616,-1.313253012048193,4.530120481927711,-1.155119558553035,-8.383200490496627,5.128142244022072,3.0,0.22444222444222442,4455.489614243324,-12.783287687197715,-4.478060719072315,3.145504341238856,1276.1904761904761,-1.0,84.22567793342758,0.22471589045507886,
2023-07-31 13:42:55.124000,-8.361445783132531,-1.3253012048192772,4.542168674698796,-1.1771919068056407,-8.388105456774984,5.135499693439607,3.0,0.22399822399822403,4464.321110009911,-12.615348755900005,-4.645999650370024,3.145504341238856,1257.142857142857,-1.0,84.22567793342758,0.22471071397607126,
2023-07-31 13:42:55.132000,-8.349397590361447,-1.3253012048192772,4.566265060240964,-1.1943592887798895,-8.3635806253832,5.201716738197424,3.0,0.22399822399822403,4464.321110009911,-12.096264786434356,-5.05821339082804,3.2523745702464897,1243.2234432234432,-1.0,84.22567793342758,0.22470549792469996,
2023-07-31 13:42:55.139000,-8.325301204819278,-1.3373493975903614,4.614457831325302,-1.196811771919068,-8.361128142244022,5.199264255058246,3.0,0.22399822399822403,4464.321110009911,-12.096264786434356,-5.05821339082804,3.2523745702464897,1231.5018315018315,-1.0,84.22567793342758,0.22470024357893267,
2023-07-31 13:42:55.147000,-8.313253012048193,-1.3734939759036144,4.590361445783133,-1.2335990190067443,-8.351318209687308,5.179644389944819,3.0,0.22399822399822403,4464.321110009911,-11.684051045976341,-3.88264087174407,3.496649379406795,1223.4432234432234,-1.0,84.22567793342758,0.22469495239654422,
2023-07-31 13:42:55.155000,-8.337349397590362,-1.3614457831325302,4.578313253012048,-1.2115266707541386,-8.324340895156345,5.172286940527283,3.0,0.22399822399822403,4464.321110009911,-11.37870753452596,-2.9666103373929253,3.664588310704505,1216.8498168498168,-1.0,84.22567793342758,0.2246896260057422,
2023-07-31 13:42:55.162000,-8.373493975903616,-1.3734939759036144,4.614457831325302,-1.213979153893317,-8.419987737584304,5.157572041692213,3.0,0.22399822399822403,4464.321110009911,-11.164967076510692,-2.1421828564768948,3.7103898374220625,1214.6520146520145,-1.0,84.22567793342758,0.2246842661948803,
2023-07-31 13:42:55.170000,-8.421686746987952,-1.3373493975903614,4.578313253012048,-1.1526670754138564,-8.513182096873084,5.196811771919068,3.0,0.22399822399822403,4464.321110009911,-10.70695180933512,-1.4093584289959786,3.9241302954373296,1218.3150183150183,-1.0,84.22567793342758,0.22467887490132712,
2023-07-31 13:42:55.177000,-8.433734939759036,-1.3373493975903614,4.578313253012048,-1.1870018393623543,-8.402820355610055,5.167381974248927,3.0,0.22399822399822403,4464.321110009911,-11.134432725365654,-0.6765340015150626,4.1684051045976345,1226.3736263736264,-1.0,84.22567793342758,0.22467345419955326,
2023-07-31 13:42:55.185000,-8.46987951807229,-1.385542168674699,4.578313253012048,-1.2188841201716738,-8.562231759656651,5.120784794604536,3.0,0.22399822399822403,4464.321110009911,-10.737486160480158,-0.26432026105704737,3.878328768719772,1238.095238095238,-1.0,84.22567793342758,0.22466800628851544,
2023-07-31 13:42:55.193000,-8.481927710843374,-1.349397590361446,4.55421686746988,-1.290006131207848,-8.532801961986511,5.093807480073575,3.0,0.22399822399822403,4464.321110009911,-10.630615931472525,-0.020045451896742058,3.7561913641396196,1252.014652014652,-1.0,84.22567793342758,0.2246625334784108,
2023-07-31 13:42:55.200000,-8.493975903614459,-1.3734939759036144,4.518072289156627,-1.1992642550582464,-8.491109748620477,5.125689760882894,3.0,0.22399822399822403,4464.321110009911,-10.477944175747334,0.23949653283608235,4.183672280170154,1265.9340659340658,-1.0,84.22567793342758,0.22465703817688434,
2023-07-31 13:42:55.208000,-8.46987951807229,-1.3734939759036144,4.506024096385542,-1.2286940527283874,-8.522992029429798,5.039852851011649,3.0,0.22399822399822403,4464.321110009911,-10.401608297884739,0.4074354641337923,4.229473806887711,1279.120879120879,-1.0,84.22567793342758,0.2246515228747702,
2023-07-31 13:42:55.216000,-8.457831325301205,-1.3614457831325302,4.530120481927711,-1.2973635806253832,-8.466584917228694,5.047210300429184,3.0,0.22399822399822403,4464.321110009911,-10.53901287803741,0.8959850824544029,4.565351669483131,1289.3772893772893,-1.0,84.22567793342758,0.224645990131457,
2023-07-31 13:42:55.223000,-8.457831325301205,-1.3734939759036144,4.457831325301205,-1.2483139178418148,-8.53525444512569,5.047210300429184,3.0,0.22399822399822403,4464.321110009911,-10.004661732999242,0.6975118000116549,4.7180234252083215,1299.6336996336995,-1.0,84.22567793342758,0.22464044255996088,
2023-07-31 13:42:55.231000,-8.46987951807229,-1.3734939759036144,4.457831325301205,-1.2360515021459226,-8.564684242795831,5.030042918454935,3.0,0.22399822399822403,4464.321110009911,-10.096264786434356,0.3769011129887541,5.0539012878037415,1305.4945054945053,-1.0,84.22567793342758,0.22463488281179955,
2023-07-31 13:42:55.239000,-8.481927710843374,-1.3614457831325302,4.481927710843374,-1.2164316370324952,-8.540159411404046,5.059472716125076,3.0,0.22399822399822403,4464.321110009911,-10.157333488724433,-0.6612668259425436,5.572985257269391,1309.1575091575091,-1.0,84.22567793342758,0.22462931370050593,
2023-07-31 13:42:55.246000,-8.518072289156628,-1.3614457831325302,4.518072289156627,-1.2654812998160636,-8.562231759656651,5.137952176578786,3.0,0.22399822399822403,4464.321110009911,-10.0504632597168,-1.653633238156284,5.572985257269391,1309.89010989011,-1.0,84.22567793342758,0.2246237381659921,
2023-07-31 13:42:55.254000,-8.493975903614459,-1.3253012048192772,4.530120481927711,-1.2360515021459226,-8.508277130594728,5.164929491109748,3.0,0.22399822399822403,4464.321110009911,-9.928325855136647,-3.073480566400559,5.527183730551833,1308.4249084249084,-1.0,84.22567793342758,0.2246181589726243,
2023-07-31 13:42:55.262000,-8.481927710843374,-1.3253012048192772,4.566265060240964,-1.213979153893317,-8.54996934396076,5.172286940527283,3.0,0.22399822399822403,4464.321110009911,-9.577180816968708,-3.8673736961715512,5.8325272420022145,1304.7619047619046,-1.0,84.22567793342758,0.22461257885443353,
2023-07-31 13:42:55.269000,-8.493975903614459,-1.3012048192771084,4.614457831325302,-1.1919068056407112,-8.569589209074188,5.218884120171674,3.0,0.22399822399822403,4464.321110009911,-9.393974710098478,-4.7376027038051385,6.07680205116252,1299.6336996336995,-1.0,84.22567793342758,0.22460700049011534,
2023-07-31 13:42:55.277000,-8.46987951807229,-1.3012048192771084,4.63855421686747,-1.1820968730839976,-8.542611894543224,5.164929491109748,3.0,0.22399822399822403,4464.321110009911,-8.752753336052677,-5.455159955713536,6.290542509177787,1292.3076923076922,-1.0,84.22567793342758,0.22460142636059235,
2023-07-31 13:42:55.285000,-8.46987951807229,-1.2891566265060241,4.662650602409639,-1.1624770079705702,-8.513182096873084,5.231146535867565,3.0,0.22399822399822403,4464.321110009911,-8.218402191014508,-6.020045451896742,5.847794417574734,1286.4468864468863,-1.0,84.22567793342758,0.22459585888371617,
2023-07-31 13:42:55.292000,-8.44578313253012,-1.2771084337349399,4.686746987951808,-1.1281422440220723,-8.446965052115265,5.2777437155119555,3.0,0.22399822399822403,4464.321110009911,-7.638249519258784,-5.836839345026513,5.58825243284191,1279.120879120879,-1.0,84.22567793342758,0.22459030040019448,
2023-07-31 13:42:55.300000,-8.421686746987952,-1.2530120481927711,4.698795180722891,-1.1404046597179645,-8.481299816063764,5.309625996321275,3.0,0.22399822399822403,4464.321110009911,-7.668783870403822,-5.684167589301322,5.0539012878037415,1271.7948717948716,-1.0,84.22567793342758,0.22458475329886876,
2023-07-31 13:42:55.308000,-8.373493975903616,-1.2530120481927711,4.710843373493976,-1.1011649294911097,-8.351318209687308,5.287553648068669,3.0,0.22399822399822403,4464.321110009911,-7.256570129945807,-4.645999650370024,4.473748616048017,1264.4688644688645,-1.0,84.22567793342758,0.2245792199835471,
2023-07-31 13:42:55.315000,-8.373493975903616,-1.2409638554216869,4.72289156626506,-1.0717351318209687,-8.402820355610055,5.294911097486205,3.0,0.22399822399822403,4464.321110009911,-6.584814404754967,-3.500961482431093,4.000466173299925,1254.9450549450548,-1.0,84.22567793342758,0.22457370257423626,
2023-07-31 13:42:55.323000,-8.349397590361447,-1.2409638554216869,4.710843373493976,-1.0962599632127528,-8.37829552421827,5.304721030042918,3.0,0.22399822399822403,4464.321110009911,-6.20313501544199,-1.9589767496066657,3.267641745819009,1246.8864468864467,-1.0,84.22567793342758,0.2245682029174319,
2023-07-31 13:42:55.331000,-8.349397590361447,-1.2409638554216869,4.72289156626506,-1.0668301655426118,-8.309625996321275,5.304721030042918,3.0,0.22399822399822403,4464.321110009911,-5.8672571528465705,-0.8597401083852917,3.0233669366587037,1235.164835164835,-1.0,84.22567793342758,0.22456272272472463,
2023-07-31 13:42:55.338000,-8.349397590361447,-1.2530120481927711,4.686746987951808,-1.0692826486817903,-8.321888412017167,5.304721030042918,3.0,0.22399822399822403,4464.321110009911,-5.836722801701532,1.124992716042189,2.504282967193055,1224.1758241758241,-1.0,84.22567793342758,0.22455726370182666,
2023-07-31 13:42:55.346000,-8.373493975903616,-1.2289156626506024,4.626506024096386,-1.0594727161250765,-8.417535254445125,5.245861434702636,3.0,0.22399822399822403,4464.321110009911,-5.516112114678632,2.6059087465765405,2.0920692267350396,1213.9194139194137,-1.0,84.22567793342758,0.22455182751949113,
2023-07-31 13:42:55.354000,-8.409638554216867,-1.2409638554216869,4.626506024096386,-1.1477621091354997,-8.42489270386266,5.172286940527283,3.0,0.22399822399822403,4464.321110009911,-5.317638832235883,3.7204125633704335,1.7256570129945812,1204.3956043956043,-1.0,84.22567793342758,0.22454641565789465,
2023-07-31 13:42:55.361000,-8.433734939759036,-1.2530120481927711,4.578313253012048,-1.120784794604537,-8.518087063151441,5.142857142857142,3.0,0.22399822399822403,4464.321110009911,-5.332906007808402,4.407435464133792,1.5729852572693905,1197.8021978021977,-1.0,84.22567793342758,0.22454102940123805,
2023-07-31 13:42:55.369000,-8.493975903614459,-1.2530120481927711,4.542168674698796,-1.108522378908645,-8.613733905579398,5.052115266707541,3.0,0.22399822399822403,4464.321110009911,-5.745119748266418,4.483771341996388,1.2676417458190088,1192.6739926739926,-1.0,84.22567793342758,0.22453566983330905,
2023-07-31 13:42:55.377000,-8.518072289156628,-1.2530120481927711,4.530120481927711,-1.0766400980993256,-8.579399141630901,5.110974862047823,3.0,0.22399822399822403,4464.321110009911,-5.317638832235883,3.9646873725307388,1.0233669366587035,1190.4761904761904,-1.0,84.22567793342758,0.22453033769529304,
2023-07-31 13:42:55.384000,-8.542168674698795,-1.2530120481927711,4.481927710843374,-1.0987124463519313,-8.547516860821581,5.027590435315757,3.0,0.22355422355422358,4473.187686196623,-5.577180816968707,3.0181224870345553,1.2065730435289324,1187.5457875457876,-1.0,84.22567793342758,0.2245250335424874,
2023-07-31 13:42:55.392000,-8.542168674698795,-1.2650602409638554,4.481927710843374,-1.1771919068056407,-8.58185162477008,5.030042918454935,3.0,0.22399822399822403,4464.321110009911,-5.9741273818542036,2.1326263038284488,1.1760386923838944,1183.8827838827838,-1.0,84.22567793342758,0.224519757860004,
2023-07-31 13:42:55.400000,-8.530120481927712,-1.2891566265060241,4.481927710843374,-1.1428571428571428,-8.569589209074188,5.052115266707541,3.0,0.22399822399822403,4464.321110009911,-5.821455626129013,1.27766447176738,1.679855486277024,1180.952380952381,-1.0,84.22567793342758,0.22451451088165836,
2023-07-31 13:42:55.407000,-8.506024096385543,-1.3012048192771084,4.457831325301205,-1.2483139178418148,-8.591661557326793,5.066830165542612,3.0,0.22399822399822403,4464.321110009911,-5.775654099411455,0.3769011129887541,1.9241302954373294,1181.6849816849815,-1.0,84.22567793342758,0.2245092926222664,
2023-07-31 13:42:55.415000,-8.518072289156628,-1.313253012048193,4.46987951807229,-1.1943592887798895,-8.564684242795831,5.057020232985898,3.0,0.22399822399822403,4464.321110009911,-5.775654099411455,0.3769011129887541,1.9241302954373294,1180.952380952381,-1.0,84.22567793342758,0.22450410288985578,
2023-07-31 13:42:55.423000,-8.518072289156628,-1.3253012048192772,4.46987951807229,-1.1992642550582464,-8.608828939301041,5.047210300429184,3.0,0.22399822399822403,4464.321110009911,-5.806188450556494,-0.7223355282326199,2.3210768603228256,1182.4175824175823,-1.0,84.22567793342758,0.22449894114966865,
2023-07-31 13:42:55.430000,-8.542168674698795,-1.3253012048192772,4.481927710843374,-1.2335990190067443,-8.530349478847333,5.034947884733292,3.0,0.22399822399822403,4464.321110009911,-5.439776236816035,-1.653633238156284,2.7027562496358026,1186.8131868131868,-1.0,84.22567793342758,0.22449380668712285,
2023-07-31 13:42:55.438000,-8.493975903614459,-1.3253012048192772,4.506024096385542,-1.2237890864500305,-8.537706928264868,5.11587982832618,3.0,0.22399822399822403,4464.321110009911,-5.5313792902511505,-2.3864576656372,2.7790921274983984,1190.4761904761904,-1.0,84.22567793342758,0.224488698740327,
2023-07-31 13:42:55.446000,-8.481927710843374,-1.3253012048192772,4.542168674698796,-1.1624770079705702,-8.427345187001839,5.137952176578786,3.0,0.22399822399822403,4464.321110009911,-5.37870753452596,-3.1803507954081924,2.6874890740632837,1192.6739926739926,-1.0,84.22567793342758,0.22448361635693784,
2023-07-31 13:42:55.453000,-8.433734939759036,-1.3373493975903614,4.566265060240964,-1.1992642550582464,-8.43960760269773,5.152667075413857,3.0,0.22399822399822403,4464.321110009911,-5.332906007808402,-2.920808810675368,2.4890157916205355,1195.6043956043954,-1.0,84.22567793342758,0.22447855840134046,
2023-07-31 13:42:55.461000,-8.397590361445783,-1.3253012048192772,4.590361445783133,-1.1649294911097485,-8.429797670141017,5.164929491109748,3.0,0.22399822399822403,4464.321110009911,-4.768020511625196,-2.6612668259425436,2.153137929025116,1200.7326007326008,-1.0,84.22567793342758,0.2244735235628275,
2023-07-31 13:42:55.469000,-8.421686746987952,-1.3012048192771084,4.566265060240964,-1.179644389944819,-8.41017780502759,5.155119558553035,3.0,0.22399822399822403,4464.321110009911,-4.294738068877105,-2.600198123652467,2.41267991375794,1205.8608058608058,-1.0,84.22567793342758,0.22446851036473844,
2023-07-31 13:42:55.476000,-8.409638554216867,-1.3253012048192772,4.590361445783133,-1.2213366033108521,-8.437155119558552,5.201716738197424,3.0,0.22399822399822403,4464.321110009911,-4.096264786434356,-2.3253889633471236,2.366878387040383,1210.2564102564102,-1.0,84.22567793342758,0.22446351717451857,
2023-07-31 13:42:55.484000,-8.421686746987952,-1.313253012048193,4.602409638554217,-1.1624770079705702,-8.437155119558552,5.216431637032495,3.0,0.22399822399822403,4464.321110009911,-4.065730435289319,-1.3635569022784213,1.847794417574734,1212.4542124542124,-1.0,84.22567793342758,0.22445854221464934,
2023-07-31 13:42:55.492000,-8.409638554216867,-1.313253012048193,4.626506024096386,-1.150214592274678,-8.43960760269773,5.213979153893317,3.0,0.22399822399822403,4464.321110009911,-3.424509061243517,-1.302488199988345,1.6493211351319859,1212.4542124542124,-1.0,84.22567793342758,0.22445358357439635,
2023-07-31 13:42:55.499000,-8.433734939759036,-1.2891566265060241,4.626506024096386,-1.1722869405272838,-8.449417535254444,5.196811771919068,3.0,0.22399822399822403,4464.321110009911,-3.287104481090845,-0.6154652992249863,1.0539012878037417,1212.4542124542124,-1.0,84.22567793342758,0.22444863922231761,
2023-07-31 13:42:55.507000,-8.44578313253012,-1.2891566265060241,4.626506024096386,-1.155119558553035,-8.466584917228694,5.145309625996321,3.0,0.22399822399822403,4464.321110009911,-3.0580968475030588,0.07155760153837244,0.4584814404754974,1210.989010989011,-1.0,84.22567793342758,0.22444370701947186,
2023-07-31 13:42:55.515000,-8.481927710843374,-1.2891566265060241,4.55421686746988,-1.1943592887798895,-8.493562231759656,5.08399754751686,3.0,0.22399822399822403,4464.321110009911,-2.6000815803274864,0.5143056931414258,0.27527533360526835,1209.5238095238094,-1.0,84.22567793342758,0.22443878473325757,
2023-07-31 13:42:55.522000,-8.481927710843374,-1.2891566265060241,4.590361445783133,-1.196811771919068,-8.559779276517473,5.201716738197424,3.0,0.22399822399822403,4464.321110009911,-2.4474098246022953,1.3081988229124182,0.12260357788007753,1208.058608058608,-1.0,84.22567793342758,0.22443387005181392,
2023-07-31 13:42:55.530000,-8.493975903614459,-1.3012048192771084,4.55421686746988,-1.196811771919068,-8.554874310239116,5.140404659717964,3.0,0.22399822399822403,4464.321110009911,-2.4168754734572575,1.5982751587902808,-0.47281626944816674,1209.5238095238094,-1.0,84.22567793342758,0.22442896059891201,
2023-07-31 13:42:55.537000,-8.493975903614459,-1.313253012048193,4.542168674698796,-1.2385039852851012,-8.537706928264868,5.06928264868179,3.0,0.22355422355422358,4473.187686196623,-2.355806771167181,2.010488899248296,-0.5491521473107621,1214.6520146520145,-1.0,84.22567793342758,0.22442405394925583,
2023-07-31 13:42:55.545000,-8.46987951807229,-1.3373493975903614,4.506024096385542,-1.2483139178418148,-8.518087063151441,5.081545064377682,3.0,0.22399822399822403,4464.321110009911,-2.3100052444496235,1.9494201969582197,-0.7170910786084721,1224.9084249084249,-1.0,84.22567793342758,0.22441914749482392,
2023-07-31 13:42:55.553000,-8.506024096385543,-1.3373493975903614,4.46987951807229,-1.1919068056407112,-8.47148988350705,5.054567749846719,3.0,0.22355422355422358,4473.187686196623,-2.584814404754967,1.7356797389429526,-1.1751063457840445,1239.5604395604396,-1.0,84.22567793342758,0.22441423858817408,
2023-07-31 13:42:55.560000,-8.46987951807229,-1.349397590361446,4.481927710843374,-1.2286940527283874,-8.510729613733906,5.030042918454935,3.0,0.22399822399822403,4464.321110009911,-2.737486160480158,0.9265194335994411,-1.281976574791678,1260.8058608058607,-1.0,84.22567793342758,0.22440932470689315,
2023-07-31 13:42:55.568000,-8.481927710843374,-1.3734939759036144,4.493975903614458,-1.226241569589209,-8.515634580012263,5.093807480073575,3.0,0.22399822399822403,4464.321110009911,-2.70695180933512,0.6517102732940976,-0.7934269564710674,1292.3076923076922,-1.0,84.22567793342758,0.22440440329909175,
2023-07-31 13:42:55.576000,-8.46987951807229,-1.3734939759036144,4.506024096385542,-1.2924586143470262,-8.47148988350705,5.088902513795217,3.0,0.22399822399822403,4464.321110009911,-2.6458831070450435,0.6059087465765404,-1.2667093992191591,1332.6007326007325,-1.0,84.22567793342758,0.22439947183069442,
2023-07-31 13:42:55.583000,-8.493975903614459,-1.3734939759036144,4.46987951807229,-1.2630288166768853,-8.478847332924586,5.047210300429184,3.0,0.22399822399822403,4464.321110009911,-2.7985548627702346,0.361633937416235,-0.9002971854787011,1384.6153846153845,-1.0,84.22567793342758,0.22439452781149402,
2023-07-31 13:42:55.591000,-8.46987951807229,-1.385542168674699,4.457831325301205,-1.2581238503985284,-8.52053954629062,5.037400367872471,3.0,0.22399822399822403,4464.321110009911,-2.920692267350387,0.3769011129887541,-0.8392284831886248,1446.153846153846,-1.0,84.22567793342758,0.2243895688105132,
2023-07-31 13:42:55.599000,-8.433734939759036,-1.3975903614457832,4.46987951807229,-1.2385039852851012,-8.422440220723482,4.9957081545064375,3.0,0.22399822399822403,4464.321110009911,-2.493211351319853,0.45323699085134955,-0.885030009906182,1513.5531135531135,-1.0,84.22567793342758,0.22438459247114248,
2023-07-31 13:42:55.606000,-8.44578313253012,-1.421686746987952,4.46987951807229,-1.3341508277130594,-8.473942366646229,5.007970570202329,3.0,0.22399822399822403,4464.321110009911,-2.661150282617563,-0.26432026105704737,-0.9308315366237392,1585.3479853479853,-1.0,84.22567793342758,0.2243795965259777,
2023-07-31 13:42:55.614000,-8.44578313253012,-1.421686746987952,4.481927710843374,-1.2777437155119558,-8.515634580012263,5.066830165542612,3.0,0.22399822399822403,4464.321110009911,-2.3100052444496235,-0.5849309480799482,-0.45754909387564763,1654.9450549450548,-1.0,84.22567793342758,0.22437457881128056,
2023-07-31 13:42:55.622000,-8.421686746987952,-1.421686746987952,4.481927710843374,-1.2630288166768853,-8.473942366646229,5.057020232985898,3.0,0.22399822399822403,4464.321110009911,-1.9283258551366467,-0.9055416351028489,-0.3964803915855713,1721.6117216117216,-1.0,84.22567793342758,0.22436953728099007,
2023-07-31 13:42:55.629000,-8.46987951807229,-1.4096385542168675,4.481927710843374,-1.290006131207848,-8.483752299202942,5.074187614960147,3.0,0.22399822399822403,4464.321110009911,-1.9435930307091658,-1.088747741973078,0.27527533360526835,1780.2197802197802,-1.0,84.22567793342758,0.22436447002021512,
2023-07-31 13:42:55.637000,-8.457831325301205,-1.4096385542168675,4.493975903614458,-1.2752912323727774,-8.52053954629062,5.071735131820969,3.0,0.22399822399822403,4464.321110009911,-1.455043412388555,-1.8979080473165892,0.07680205116252029,1828.5714285714284,-1.0,84.22567793342758,0.224359375258138,
2023-07-31 13:42:55.645000,-8.457831325301205,-1.4096385542168675,4.530120481927711,-1.2335990190067443,-8.496014714898834,5.10116492949111,3.0,0.22399822399822403,4464.321110009911,-1.4092418856709978,-1.7147019404463604,0.58061884505565,1862.2710622710622,-1.0,84.22567793342758,0.22435425138026463,
2023-07-31 13:42:55.652000,-8.457831325301205,-1.3975903614457832,4.530120481927711,-1.2728387492335989,-8.47148988350705,5.164929491109748,3.0,0.22399822399822403,4464.321110009911,-0.9664937940679443,-1.989511100751704,0.7790921274983981,1881.3186813186812,-1.0,84.22567793342758,0.22434909693995994,
2023-07-31 13:42:55.660000,-8.46987951807229,-1.385542168674699,4.55421686746988,-1.1771919068056407,-8.493562231759656,5.096259963212753,3.0,0.22399822399822403,4464.321110009911,-0.7832876871977154,-1.8521065205990321,0.8096264786434363,1887.179487179487,-1.0,84.22567793342758,0.22434391066921,
2023-07-31 13:42:55.668000,-8.44578313253012,-1.3614457831325302,4.542168674698796,-1.2385039852851012,-8.53525444512569,5.091354996934395,3.0,0.22399822399822403,4464.321110009911,-0.7680205116251964,-1.7147019404463604,0.8554280053609935,1879.120879120879,-1.0,84.22567793342758,0.2243386914885573,
2023-07-31 13:42:55.675000,-8.457831325301205,-1.3614457831325302,4.590361445783133,-1.1698344573881054,-8.466584917228694,5.167381974248927,3.0,0.22399822399822403,4464.321110009911,-0.6916846337626009,-1.6078317114387268,0.03100052444496303,1859.3406593406592,-1.0,84.22567793342758,0.22433343851615867,
2023-07-31 13:42:55.683000,-8.46987951807229,-1.3373493975903614,4.590361445783133,-1.1894543225015328,-8.461679950950337,5.164929491109748,3.0,0.22399822399822403,4464.321110009911,-0.2336693665870284,-1.7299691160188795,0.015733348872443948,1828.5714285714284,-1.0,84.22567793342758,0.2243281510759221,
2023-07-31 13:42:55.691000,-8.457831325301205,-1.3373493975903614,4.602409638554217,-1.2924586143470262,-8.449417535254444,5.137952176578786,3.0,0.22355422355422358,4473.187686196623,-0.2336693665870284,-1.7299691160188795,0.015733348872443948,1789.7435897435896,-1.0,84.22567793342758,0.22432282870468123,
2023-07-31 13:42:55.698000,-8.457831325301205,-1.3373493975903614,4.602409638554217,-1.196811771919068,-8.505824647455547,5.133047210300429,3.0,0.22355422355422358,4473.187686196623,-0.38634112231221923,-1.3177553755608642,-0.42701474273060946,1745.7875457875457,-1.0,84.22567793342758,0.22431747114782816,
2023-07-31 13:42:55.706000,-8.457831325301205,-1.3253012048192772,4.590361445783133,-1.2066217044757817,-8.488657265481299,5.194359288779889,3.0,0.22399822399822403,4464.321110009911,-0.34053959559466196,-1.0734805664005589,-0.8544956587611438,1696.7032967032967,-1.0,84.22567793342758,0.22431207832220904,
2023-07-31 13:42:55.714000,-8.457831325301205,-1.2891566265060241,4.614457831325302,-1.184549356223176,-8.464132434089516,5.135499693439607,3.0,0.22399822399822403,4464.321110009911,-0.004661732999242137,-0.7223355282326199,-0.9002971854787011,1643.956043956044,-1.0,84.22567793342758,0.2243066503198356,
2023-07-31 13:42:55.721000,-8.433734939759036,-1.3253012048192772,4.626506024096386,-1.231146535867566,-8.493562231759656,5.152667075413857,3.0,0.22399822399822403,4464.321110009911,-0.035196084144280305,-0.55439659693491,-0.9460987121962583,1589.7435897435896,-1.0,84.22567793342758,0.22430118745240127,
2023-07-31 13:42:55.729000,-8.433734939759036,-1.3253012048192772,4.590361445783133,-1.196811771919068,-8.491109748620477,5.128142244022072,3.0,0.22399822399822403,4464.321110009911,0.17854437387098687,-0.5696637725074291,-1.1293048190664874,1535.5311355311355,-1.0,84.22567793342758,0.22429569026301466,
2023-07-31 13:42:55.737000,-8.433734939759036,-1.3253012048192772,4.590361445783133,-1.137952176578786,-8.427345187001839,5.150214592274678,3.0,0.22399822399822403,4464.321110009911,0.3312161295961777,0.4074354641337923,-1.0224345900588536,1482.7838827838827,-1.0,84.22567793342758,0.22429015966507143,
2023-07-31 13:42:55.744000,-8.457831325301205,-1.313253012048193,4.566265060240964,-1.2164316370324952,-8.530349478847333,5.157572041692213,3.0,0.22399822399822403,4464.321110009911,0.11747567158091053,0.3005652351261587,-0.9919002389138155,1435.164835164835,-1.0,84.22567793342758,0.22428459678218327,
2023-07-31 13:42:55.752000,-8.46987951807229,-1.313253012048193,4.566265060240964,-1.1747394236664623,-8.473942366646229,5.182096873083998,3.0,0.22355422355422358,4473.187686196623,0.6060252899015212,0.2852980595536396,-0.9460987121962583,1393.4065934065934,674.072265625,89.0112278160087,0.22427900281857518,
2023-07-31 13:42:55.760000,-8.46987951807229,-1.3012048192771084,4.578313253012048,-1.2458614347026364,-8.469037400367872,5.157572041692213,3.0,0.22355422355422358,4473.187686196623,0.5296894120389258,0.23949653283608235,-1.2209078725016018,1358.2417582417581,-1.0,89.0112278160087,0.22427337905586625,
2023-07-31 13:42:55.767000,-8.46987951807229,-1.3253012048192772,4.542168674698796,-1.2728387492335989,-8.496014714898834,5.130594727161251,3.0,0.22355422355422358,4473.187686196623,0.2396130761610632,0.3005652351261587,-1.3888468037993118,1332.6007326007325,-1.0,89.0112278160087,0.22426772682696544,
2023-07-31 13:42:55.775000,-8.457831325301205,-1.349397590361446,4.530120481927711,-1.2409564684242795,-8.459227467811159,5.106069895769466,3.0,0.22399822399822403,4464.321110009911,0.6518268166190785,0.08682477711089152,-1.831594895402365,1309.89010989011,-1.0,89.0112278160087,0.2242620476479283,
2023-07-31 13:42:55.783000,-8.433734939759036,-1.3373493975903614,4.518072289156627,-1.179644389944819,-8.42489270386266,5.096259963212753,3.0,0.22399822399822403,4464.321110009911,0.7739642211992311,0.1020919526834106,-1.6789231396771742,1289.3772893772893,-1.0,89.0112278160087,0.22425634335922937,
2023-07-31 13:42:55.790000,-8.457831325301205,-1.313253012048193,4.518072289156627,-1.2041692213366033,-8.483752299202942,5.079092581238504,3.0,0.22355422355422358,4473.187686196623,0.9724375036419792,-0.31012178777460464,-1.6941903152496933,1271.062271062271,-1.0,89.0112278160087,0.22425061613853806,
2023-07-31 13:42:55.798000,-8.433734939759036,-1.3373493975903614,4.506024096385542,-1.2017167381974247,-8.47148988350705,5.098712446351931,3.0,0.22355422355422358,4473.187686196623,0.9571703280694601,-0.8139385816677344,-1.5262513839519836,1255.6776556776556,-1.0,89.0112278160087,0.22424486820423933,
2023-07-31 13:42:55.806000,-8.44578313253012,-1.3373493975903614,4.530120481927711,-1.1600245248313916,-8.493562231759656,5.137952176578786,3.0,0.22355422355422358,4473.187686196623,1.3846512440999945,-1.0124118641104825,-1.4651826816619071,1241.7582417582416,-1.0,89.0112278160087,0.2242391017843431,
2023-07-31 13:42:55.813000,-8.433734939759036,-1.3614457831325302,4.530120481927711,-1.1722869405272838,-8.491109748620477,5.081545064377682,3.0,0.22355422355422358,4473.187686196623,1.1709107860847272,-1.2566866732707878,-1.7094574908222124,1230.03663003663,-1.0,89.0112278160087,0.22423331924361364,
2023-07-31 13:42:55.821000,-8.44578313253012,-1.3614457831325302,4.542168674698796,-1.2385039852851012,-8.515634580012263,5.125689760882894,3.0,0.22355422355422358,4473.187686196623,1.0029718547870174,-0.9971446885379633,-1.5109842083794645,1220.5128205128203,-1.0,89.0112278160087,0.22422752307110635,
2023-07-31 13:42:55.829000,-8.481927710843374,-1.3614457831325302,4.530120481927711,-1.2483139178418148,-8.47148988350705,5.108522378908645,3.0,0.22355422355422358,4473.187686196623,1.4609871219625898,-0.9818775129654443,-1.602587261814579,1215.3846153846152,-1.0,89.0112278160087,0.2242217158669363,
2023-07-31 13:42:55.836000,-8.46987951807229,-1.3614457831325302,4.518072289156627,-1.2434089515634579,-8.466584917228694,5.169834457388105,3.0,0.22355422355422358,4473.187686196623,1.0029718547870174,-0.9055416351028489,-1.6483887885321362,1214.6520146520145,-1.0,89.0112278160087,0.2242159003283558,
2023-07-31 13:42:55.844000,-8.481927710843374,-1.3734939759036144,4.566265060240964,-1.2949110974862048,-8.48620478234212,5.160024524831392,3.0,0.22355422355422358,4473.187686196623,1.3693840685274754,-0.9818775129654443,-1.7399918419672507,1216.117216117216,-1.0,89.0112278160087,0.22421007923522399,
2023-07-31 13:42:55.852000,-8.481927710843374,-1.385542168674699,4.542168674698796,-1.2703862660944205,-8.545064377682403,5.147762109135499,3.0,0.22355422355422358,4473.187686196623,1.0945749082221319,-1.3330225511333833,-1.8621292465474033,1217.5824175824175,-1.0,89.0112278160087,0.2242042555737026,
2023-07-31 13:42:55.859000,-8.481927710843374,-1.3975903614457832,4.530120481927711,-1.2728387492335989,-8.493562231759656,5.113427345187001,3.0,0.22355422355422358,4473.187686196623,1.2319794883748036,-1.0124118641104825,-1.7705261931122889,1222.7106227106226,-1.0,89.0112278160087,0.22419843236164097,
2023-07-31 13:42:55.867000,-8.457831325301205,-1.385542168674699,4.542168674698796,-1.2703862660944205,-8.574494175352545,5.113427345187001,3.0,0.22355422355422358,4473.187686196623,1.109842083794651,-1.1650836198356733,-1.7247246663947315,1230.7692307692307,-1.0,89.0112278160087,0.22419261250513337,
2023-07-31 13:42:55.875000,-8.46987951807229,-1.3975903614457832,4.566265060240964,-1.2752912323727774,-8.505824647455547,5.172286940527283,3.0,0.22355422355422358,4473.187686196623,1.5525901753977043,-1.119282093118116,-1.785793368684808,1243.2234432234432,-1.0,89.0112278160087,0.2241867989315405,
2023-07-31 13:42:55.882000,-8.457831325301205,-1.3975903614457832,4.55421686746988,-1.2532188841201717,-8.572041692213366,5.157572041692213,3.0,0.22355422355422358,4473.187686196623,1.7357962822679334,-0.6612668259425436,-1.831594895402365,1257.142857142857,-1.0,89.0112278160087,0.22418099457306304,
2023-07-31 13:42:55.890000,-8.421686746987952,-1.385542168674699,4.530120481927711,-1.226241569589209,-8.47148988350705,5.071735131820969,3.0,0.22355422355422358,4473.187686196623,1.5525901753977043,-0.6765340015150626,-1.633121612959617,1271.062271062271,-1.0,89.0112278160087,0.22417520235026378,
2023-07-31 13:42:55.898000,-8.44578313253012,-1.3734939759036144,4.518072289156627,-1.2041692213366033,-8.442060085836909,5.110974862047823,3.0,0.22399822399822403,4464.321110009911,1.7815978089854907,-0.6001981236524673,-1.6941903152496933,1283.5164835164835,-1.0,89.0112278160087,0.22416942515563382,
2023-07-31 13:42:55.905000,-8.433734939759036,-1.385542168674699,4.542168674698796,-1.2385039852851012,-8.434702636419374,5.10116492949111,3.0,0.22355422355422358,4473.187686196623,2.3006817784511395,-0.4322591923547573,-1.831594895402365,1294.5054945054944,-1.0,89.0112278160087,0.22416366598659734,
2023-07-31 13:42:55.913000,-8.433734939759036,-1.385542168674699,4.506024096385542,-1.2630288166768853,-8.50091968117719,5.191906805640711,3.0,0.22355422355422358,4473.187686196623,2.1022084960083913,-0.37119049006468097,-1.7552590175397698,1303.2967032967033,-1.0,89.0112278160087,0.22415792780204724,
2023-07-31 13:42:55.920000,-8.44578313253012,-1.3614457831325302,4.518072289156627,-1.2581238503985284,-8.488657265481299,5.052115266707541,3.0,0.22355422355422358,4473.187686196623,2.3159489540236584,-0.03531262746926114,-1.6789231396771742,1309.1575091575091,-1.0,89.0112278160087,0.22415221334769916,
2023-07-31 13:42:55.928000,-8.457831325301205,-1.385542168674699,4.493975903614458,-1.2998160637645615,-8.451870018393624,5.108522378908645,3.0,0.22355422355422358,4473.187686196623,2.45335353417633,-0.1574500320494138,-1.6789231396771742,1312.8205128205127,-1.0,89.0112278160087,0.22414652527975024,
2023-07-31 13:42:55.936000,-8.44578313253012,-1.385542168674699,4.542168674698796,-1.2949110974862048,-8.503372164316369,5.098712446351931,3.0,0.22355422355422358,4473.187686196623,2.1327428471534295,-0.187984383194452,-1.9384651244099986,1315.018315018315,-1.0,89.0112278160087,0.22414086615030487,
2023-07-31 13:42:55.943000,-8.44578313253012,-1.3975903614457832,4.542168674698796,-1.2973635806253832,-8.444512568976087,5.108522378908645,3.0,0.22355422355422358,4473.187686196623,2.2701474273061013,0.01048889924829611,-2.1369384068527464,1317.216117216117,-1.0,89.0112278160087,0.224135238393403,
2023-07-31 13:42:55.951000,-8.493975903614459,-1.4096385542168675,4.566265060240964,-1.2679337829552422,-8.513182096873084,5.098712446351931,3.0,0.22355422355422358,4473.187686196623,2.6823611677641166,-0.050579803041780225,-2.014801002272594,1317.216117216117,-1.0,89.0112278160087,0.2241296444504824,
2023-07-31 13:42:55.959000,-8.457831325301205,-1.3975903614457832,4.566265060240964,-1.2728387492335989,-8.547516860821581,5.103617412630288,3.0,0.22355422355422358,4473.187686196623,2.6823611677641166,0.13262630382844878,-2.060602528990151,1315.7509157509157,-1.0,89.0112278160087,0.22412408659872754,
2023-07-31 13:42:55.966000,-8.493975903614459,-1.3975903614457832,4.542168674698796,-1.213979153893317,-8.496014714898834,5.130594727161251,3.0,0.22355422355422358,4473.187686196623,2.6823611677641166,0.13262630382844878,-2.060602528990151,1312.8205128205127,-1.0,89.0112278160087,0.22411856681177109,
2023-07-31 13:42:55.974000,-8.481927710843374,-1.4096385542168675,4.518072289156627,-1.3047210300429184,-8.518087063151441,5.108522378908645,3.0,0.22355422355422358,4473.187686196623,2.6365596410465595,-0.09638132975933747,-2.4880834450206857,1309.1575091575091,-1.0,89.0112278160087,0.22411308703676255,
2023-07-31 13:42:55.982000,-8.457831325301205,-1.4096385542168675,4.542168674698796,-1.2679337829552422,-8.446965052115265,5.096259963212753,3.0,0.22355422355422358,4473.187686196623,2.743429870054193,-0.3406561389196428,-2.396480391585571,1301.8315018315018,-1.0,89.0112278160087,0.2241076490252354,
2023-07-31 13:42:55.989000,-8.44578313253012,-1.3975903614457832,4.55421686746988,-1.2630288166768853,-8.405272838749234,5.137952176578786,3.0,0.22355422355422358,4473.187686196623,2.743429870054193,-0.32538896334712375,-2.3048773381504564,1289.3772893772893,-1.0,89.0112278160087,0.22410225433526973,
2023-07-31 13:42:55.997000,-8.44578313253012,-1.4096385542168675,4.530120481927711,-1.2728387492335989,-8.530349478847333,5.123237277743716,3.0,0.22355422355422358,4473.187686196623,2.5602237631839637,-0.8444729328127726,-2.564419322883281,1271.7948717948716,-1.0,89.0112278160087,0.22409690445232178,
2023-07-31 13:42:56.005000,-8.44578313253012,-1.421686746987952,4.530120481927711,-1.2581238503985284,-8.442060085836909,5.10116492949111,3.0,0.22355422355422358,4473.187686196623,3.1556436105122083,-0.9818775129654443,-2.5491521473107617,1254.9450549450548,-1.0,89.0112278160087,0.22409160063427577,
2023-07-31 13:42:56.012000,-8.44578313253012,-1.4096385542168675,4.566265060240964,-1.280196198651134,-8.434702636419374,5.093807480073575,3.0,0.22355422355422358,4473.187686196623,3.2777810150923608,-0.9818775129654443,-2.6865567274634334,1240.2930402930401,-1.0,89.0112278160087,0.2240863439067696,
2023-07-31 13:42:56.020000,-8.421686746987952,-1.3975903614457832,4.55421686746988,-1.2188841201716738,-8.47148988350705,5.152667075413857,3.0,0.22355422355422358,4473.187686196623,2.972437503641979,-0.9818775129654443,-2.1064040557077086,1230.03663003663,-1.0,89.0112278160087,0.22408113505953103,
2023-07-31 13:42:56.028000,-8.44578313253012,-1.3975903614457832,4.566265060240964,-1.2998160637645615,-8.503372164316369,5.182096873083998,3.0,0.22355422355422358,4473.187686196623,3.4457199463900707,-0.8292057572402535,-2.6712895518909145,1223.4432234432234,-1.0,89.0112278160087,0.2240759746437582,
2023-07-31 13:42:56.035000,-8.433734939759036,-1.3734939759036144,4.530120481927711,-1.2777437155119558,-8.473942366646229,5.147762109135499,3.0,0.22355422355422358,4473.187686196623,3.8426665112755667,-0.8292057572402535,-2.6254880251733574,1218.3150183150183,-1.0,89.0112278160087,0.2240708628318191,
2023-07-31 13:42:56.043000,-8.421686746987952,-1.385542168674699,4.566265060240964,-1.2335990190067443,-8.47148988350705,5.16247700797057,3.0,0.22355422355422358,4473.187686196623,3.29304819066488,-0.8750072839578107,-2.6407552007458763,1214.6520146520145,-1.0,89.0112278160087,0.2240657995759186,
2023-07-31 13:42:56.051000,-8.421686746987952,-1.3734939759036144,4.578313253012048,-1.2164316370324952,-8.459227467811159,5.17719190680564,3.0,0.22355422355422358,4473.187686196623,3.8426665112755667,-0.8597401083852917,-2.900297185478701,1212.4542124542124,-1.0,89.0112278160087,0.2240607847363507,
2023-07-31 13:42:56.058000,-8.44578313253012,-1.4096385542168675,4.590361445783133,-1.2703862660944205,-8.434702636419374,5.189454322501533,3.0,0.22355422355422358,4473.187686196623,3.9800710914282385,-0.936075986247887,-2.8544956587611434,1212.4542124542124,-1.0,89.0112278160087,0.22405581779540445,
2023-07-31 13:42:56.066000,-8.457831325301205,-1.385542168674699,4.602409638554217,-1.2335990190067443,-8.427345187001839,5.108522378908645,3.0,0.22355422355422358,4473.187686196623,4.056406969290834,-0.47806071907231457,-2.8544956587611434,1213.9194139194137,-1.0,89.0112278160087,0.22405089801955463,
2023-07-31 13:42:56.074000,-8.457831325301205,-1.385542168674699,4.590361445783133,-1.1943592887798895,-8.464132434089516,5.155119558553035,3.0,0.22355422355422358,4473.187686196623,4.239613076161063,-0.8292057572402535,-2.8544956587611434,1216.8498168498168,-1.0,89.0112278160087,0.2240460245912443,
2023-07-31 13:42:56.081000,-8.44578313253012,-1.3975903614457832,4.566265060240964,-1.2483139178418148,-8.390557939914162,5.167381974248927,3.0,0.22355422355422358,4473.187686196623,4.438086358603811,-1.0124118641104825,-2.732358254180991,1218.3150183150183,-1.0,89.0112278160087,0.22404119646505377,
2023-07-31 13:42:56.089000,-8.433734939759036,-1.385542168674699,4.578313253012048,-1.2335990190067443,-8.422440220723482,5.155119558553035,3.0,0.22355422355422358,4473.187686196623,4.606025289901521,-0.8139385816677344,-3.0224345900588534,1219.7802197802198,-1.0,89.0112278160087,0.22403641223549306,
2023-07-31 13:42:56.097000,-8.44578313253012,-1.3734939759036144,4.614457831325302,-1.2777437155119558,-8.469037400367872,5.164929491109748,3.0,0.22355422355422358,4473.187686196623,4.8044985723442695,-0.5696637725074291,-3.2361750480741205,1221.245421245421,-1.0,89.0112278160087,0.22403167030372517,
2023-07-31 13:42:56.104000,-8.421686746987952,-1.385542168674699,4.614457831325302,-1.2434089515634579,-8.417535254445125,5.191906805640711,3.0,0.22355422355422358,4473.187686196623,4.544956587611445,-0.6154652992249863,-3.2056406969290823,1220.5128205128203,-1.0,89.0112278160087,0.22402696901379585,
2023-07-31 13:42:56.112000,-8.397590361445783,-1.3975903614457832,4.602409638554217,-1.2752912323727774,-8.41017780502759,5.140404659717964,3.0,0.22355422355422358,4473.187686196623,4.743429870054193,-0.9513431618204061,-3.297243750364197,1216.8498168498168,-1.0,89.0112278160087,0.22402230651313973,
2023-07-31 13:42:56.120000,-8.421686746987952,-1.385542168674699,4.626506024096386,-1.2213366033108521,-8.437155119558552,5.152667075413857,3.0,0.22355422355422358,4473.187686196623,4.407552007458773,-0.7681370549501771,-3.129304819066487,1214.6520146520145,-1.0,89.0112278160087,0.22401768076332218,
2023-07-31 13:42:56.127000,-8.409638554216867,-1.3975903614457832,4.602409638554217,-1.2335990190067443,-8.415082771305947,5.123237277743716,3.0,0.22355422355422358,4473.187686196623,4.712895518909154,-0.7070683526601008,-2.8392284831886245,1213.9194139194137,-1.0,89.0112278160087,0.22401308955167554,
2023-07-31 13:42:56.135000,-8.409638554216867,-1.385542168674699,4.626506024096386,-1.2973635806253832,-8.446965052115265,5.221336603310852,3.0,0.22355422355422358,4473.187686196623,4.911368801351903,-0.40172484120971913,-3.2056406969290823,1217.5824175824175,-1.0,89.0112278160087,0.2240085305037747,
2023-07-31 13:42:56.143000,-8.44578313253012,-1.4096385542168675,4.626506024096386,-1.30226854690374,-8.39546290619252,5.182096873083998,3.0,0.22355422355422358,4473.187686196623,4.300681778451139,-0.2490530854845283,-3.25144222364664,1223.4432234432234,-1.0,89.0112278160087,0.22400400109669333,
2023-07-31 13:42:56.150000,-8.433734939759036,-1.3975903614457832,4.626506024096386,-1.2654812998160636,-8.437155119558552,5.260576333537706,3.0,0.22311022311022313,4482.0895522388055,5.201445137229765,-0.187984383194452,-3.2056406969290823,1230.7692307692307,-1.0,89.0112278160087,0.22399949867297825,
2023-07-31 13:42:56.158000,-8.433734939759036,-1.3975903614457832,4.63855421686747,-1.285101164929491,-8.400367872470877,5.243408951563458,3.0,0.22355422355422358,4473.187686196623,5.369384068527475,-0.03531262746926114,-3.0987704679214487,1235.8974358974358,-1.0,89.0112278160087,0.22399502030597943,
2023-07-31 13:42:56.166000,-8.421686746987952,-1.4096385542168675,4.590361445783133,-1.2434089515634579,-8.42489270386266,5.226241569589209,3.0,0.22355422355422358,4473.187686196623,5.079307732649613,0.4074354641337923,-3.175106345784044,1241.0256410256409,-1.0,89.0112278160087,0.22399056294247455,
2023-07-31 13:42:56.173000,-8.409638554216867,-1.385542168674699,4.590361445783133,-1.2875536480686696,-8.434702636419374,5.172286940527283,3.0,0.22355422355422358,4473.187686196623,5.29304819066488,-0.187984383194452,-3.2209078725016016,1245.4212454212454,-1.0,89.0112278160087,0.2239861235773171,
2023-07-31 13:42:56.181000,-8.433734939759036,-1.3734939759036144,4.614457831325302,-1.280196198651134,-8.446965052115265,5.191906805640711,3.0,0.22355422355422358,4473.187686196623,5.27778101509236,-0.03531262746926114,-3.0071674144863345,1251.2820512820513,-1.0,89.0112278160087,0.22398169913064647,
2023-07-31 13:42:56.189000,-8.421686746987952,-1.3734939759036144,4.614457831325302,-1.2434089515634579,-8.488657265481299,5.216431637032495,3.0,0.22355422355422358,4473.187686196623,5.5831245265427425,0.08682477711089152,-3.3888468037993116,1255.6776556776556,-1.0,89.0112278160087,0.22397728646420503,
2023-07-31 13:42:56.196000,-8.433734939759036,-1.3734939759036144,4.590361445783133,-1.2532188841201717,-8.39546290619252,5.17719190680564,3.0,0.22355422355422358,4473.187686196623,5.689994755550376,-0.37119049006468097,-3.343045277081754,1257.8754578754579,-1.0,89.0112278160087,0.22397288239793972,
2023-07-31 13:42:56.204000,-8.433734939759036,-1.3614457831325302,4.602409638554217,-1.2434089515634579,-8.488657265481299,5.189454322501533,3.0,0.22355422355422358,4473.187686196623,5.644193228832819,-0.29485461220208553,-3.297243750364197,1260.07326007326,-1.0,89.0112278160087,0.22396848372680428,
2023-07-31 13:42:56.212000,-8.44578313253012,-1.385542168674699,4.614457831325302,-1.231146535867566,-8.412630288166769,5.211526670754139,3.0,0.22355422355422358,4473.187686196623,5.689994755550376,-0.2490530854845283,-3.724724666394731,1261.5384615384614,-1.0,89.0112278160087,0.22396408723768396,
2023-07-31 13:42:56.219000,-8.44578313253012,-1.3734939759036144,4.590361445783133,-1.2777437155119558,-8.427345187001839,5.187001839362354,3.0,0.22355422355422358,4473.187686196623,5.46098712196259,-0.40172484120971913,-3.694190315249693,1260.07326007326,-1.0,89.0112278160087,0.2239596897263593,
2023-07-31 13:42:56.227000,-8.44578313253012,-1.3975903614457832,4.614457831325302,-1.3071735131820967,-8.476394849785407,5.16247700797057,3.0,0.22355422355422358,4473.187686196623,5.934269564710681,-0.26432026105704737,-3.724724666394731,1257.8754578754579,-1.0,89.0112278160087,0.22395528801442693,
2023-07-31 13:42:56.235000,-8.433734939759036,-1.385542168674699,4.590361445783133,-1.2777437155119558,-8.446965052115265,5.17719190680564,3.0,0.22355422355422358,4473.187686196623,5.873200862420605,0.17842783054600603,-3.6025872618145787,1252.014652014652,-1.0,89.0112278160087,0.22395087896609753,
2023-07-31 13:42:56.242000,-8.433734939759036,-1.3734939759036144,4.578313253012048,-1.2507664009809931,-8.488657265481299,5.167381974248927,3.0,0.22355422355422358,4473.187686196623,5.873200862420605,0.17842783054600603,-3.6025872618145787,1248.3516483516482,-1.0,89.0112278160087,0.22394645950478714,
2023-07-31 13:42:56.250000,-8.421686746987952,-1.3975903614457832,4.578313253012048,-1.2630288166768853,-8.476394849785407,5.164929491109748,3.0,0.22355422355422358,4473.187686196623,5.61365887768778,0.14789347940096786,-3.663655964104655,1248.3516483516482,-1.0,89.0112278160087,0.2239420266294246,
2023-07-31 13:42:56.258000,-8.433734939759036,-1.3975903614457832,4.590361445783133,-1.2654812998160636,-8.466584917228694,5.179644389944819,3.0,0.22355422355422358,4473.187686196623,5.842666511275567,0.6517102732940976,-3.7857933686848075,1256.4102564102564,-1.0,89.0112278160087,0.22393757743039394,
2023-07-31 13:42:56.265000,-8.421686746987952,-1.4096385542168675,4.590361445783133,-1.2188841201716738,-8.505824647455547,5.189454322501533,3.0,0.22355422355422358,4473.187686196623,5.674727579977857,0.361633937416235,-3.6483887885321358,1271.7948717948716,-1.0,89.0112278160087,0.22393310910503933,
2023-07-31 13:42:56.273000,-8.44578313253012,-1.3734939759036144,4.614457831325302,-1.213979153893317,-8.451870018393624,5.174739423666462,3.0,0.22355422355422358,4473.187686196623,5.6289260532603,0.361633937416235,-3.9079307732649604,1297.4358974358975,-1.0,89.0112278160087,0.2239286189726522,
2023-07-31 13:42:56.281000,-8.481927710843374,-1.3734939759036144,4.578313253012048,-1.2654812998160636,-8.491109748620477,5.187001839362354,3.0,0.22355422355422358,4473.187686196623,5.522055824252666,0.34636676184371595,-3.9231979488374793,1334.065934065934,-1.0,89.0112278160087,0.22392410448887667,
2023-07-31 13:42:56.288000,-8.481927710843374,-1.3734939759036144,4.602409638554217,-1.2507664009809931,-8.469037400367872,5.147762109135499,3.0,0.22355422355422358,4473.187686196623,5.61365887768778,0.6364430977215785,-3.7399918419672504,1381.6849816849815,-1.0,89.0112278160087,0.22391956325945894,
2023-07-31 13:42:56.296000,-8.44578313253012,-1.3734939759036144,4.590361445783133,-1.2679337829552422,-8.488657265481299,5.201716738197424,3.0,0.22355422355422358,4473.187686196623,5.644193228832819,0.361633937416235,-4.167472757997785,1440.2930402930401,-1.0,89.0112278160087,0.2239149930532796,
2023-07-31 13:42:56.303000,-8.397590361445783,-1.3734939759036144,4.566265060240964,-1.2434089515634579,-8.446965052115265,5.128142244022072,3.0,0.22311022311022313,4482.0895522388055,5.522055824252666,0.25476370840860146,-3.862129246547403,1506.227106227106,-1.0,89.0112278160087,0.22391039181460615,
2023-07-31 13:42:56.311000,-8.373493975903616,-1.385542168674699,4.590361445783133,-1.2213366033108521,-8.39301042305334,5.184549356223176,3.0,0.22355422355422358,4473.187686196623,5.491521473107628,0.3158324106986778,-4.488083445020686,1578.7545787545787,-1.0,89.0112278160087,0.22390575766396548,
2023-07-31 13:42:56.319000,-8.349397590361447,-1.3975903614457832,4.590361445783133,-1.2826486817903127,-8.412630288166769,5.172286940527283,3.0,0.22355422355422358,4473.187686196623,5.598391702115261,-0.187984383194452,-4.091136880135189,1651.2820512820513,-1.0,89.0112278160087,0.22390108901571143,
2023-07-31 13:42:56.326000,-8.3855421686747,-1.4096385542168675,4.590361445783133,-1.3096259963212753,-8.400367872470877,5.150214592274678,3.0,0.22355422355422358,4473.187686196623,5.338849717382437,-0.050579803041780225,-3.9842666511275557,1723.8095238095236,-1.0,89.0112278160087,0.22389638445981275,
2023-07-31 13:42:56.334000,-8.3855421686747,-1.421686746987952,4.602409638554217,-1.2703862660944205,-8.42489270386266,5.150214592274678,3.0,0.22355422355422358,4473.187686196623,5.766330633412972,-0.12691568090437563,-3.9079307732649604,1790.4761904761904,-1.0,89.0112278160087,0.22389164265301684,
2023-07-31 13:42:56.342000,-8.397590361445783,-1.3975903614457832,4.614457831325302,-1.2826486817903127,-8.366033108522378,5.164929491109748,3.0,0.22355422355422358,4473.187686196623,5.781597808985491,-0.26432026105704737,-3.9384651244099986,1849.084249084249,-1.0,89.0112278160087,0.22388686247517228,
2023-07-31 13:42:56.349000,-8.433734939759036,-1.4457831325301205,4.614457831325302,-1.366033108522379,-8.341508277130595,5.216431637032495,3.0,0.22355422355422358,4473.187686196623,5.6289260532603,-0.0658469786142993,-3.709457490822212,1893.7728937728937,-1.0,89.0112278160087,0.22388204303522305,
2023-07-31 13:42:56.357000,-8.397590361445783,-1.4457831325301205,4.614457831325302,-1.3169834457388105,-8.483752299202942,5.169834457388105,3.0,0.22355422355422358,4473.187686196623,5.430452770817552,0.2852980595536396,-3.7399918419672504,1920.14652014652,-1.0,89.0112278160087,0.2238771836761493,
2023-07-31 13:42:56.365000,-8.421686746987952,-1.4457831325301205,4.602409638554217,-1.25567136725935,-8.45677498467198,5.236051502145923,3.0,0.22355422355422358,4473.187686196623,5.644193228832819,0.04102325039333428,-3.8163277198298458,1926.7399267399267,-1.0,89.0112278160087,0.22387228397884013,
2023-07-31 13:42:56.372000,-8.409638554216867,-1.4337349397590362,4.614457831325302,-1.2949110974862048,-8.43960760269773,5.182096873083998,3.0,0.22355422355422358,4473.187686196623,5.5831245265427425,-0.03531262746926114,-3.9384651244099986,1914.2857142857142,-1.0,89.0112278160087,0.22386734376488787,
2023-07-31 13:42:56.380000,-8.409638554216867,-1.421686746987952,4.590361445783133,-1.2752912323727774,-8.432250153280195,5.17719190680564,3.0,0.22355422355422358,4473.187686196623,5.522055824252666,-0.03531262746926114,-3.6178544373870976,1885.7142857142856,-1.0,89.0112278160087,0.22386236309830237,
2023-07-31 13:42:56.388000,-8.397590361445783,-1.4457831325301205,4.614457831325302,-1.3709380748007356,-8.437155119558552,5.213979153893317,3.0,0.22355422355422358,4473.187686196623,5.598391702115261,-0.0658469786142993,-3.8315948954023646,1842.4908424908424,-1.0,89.0112278160087,0.22385734228614604,
2023-07-31 13:42:56.395000,-8.3855421686747,-1.457831325301205,4.626506024096386,-1.3513182096873084,-8.385652973635805,5.147762109135499,3.0,0.22355422355422358,4473.187686196623,5.5831245265427425,0.05629042596585336,-4.045335353417632,1792.6739926739926,-1.0,89.0112278160087,0.22385228187809708,
2023-07-31 13:42:56.403000,-8.409638554216867,-1.457831325301205,4.602409638554217,-1.3537706928264868,-8.412630288166769,5.147762109135499,3.0,0.22355422355422358,4473.187686196623,5.491521473107628,0.3769011129887541,-3.663655964104655,1739.194139194139,-1.0,89.0112278160087,0.22384718266495385,
2023-07-31 13:42:56.411000,-8.409638554216867,-1.4698795180722892,4.590361445783133,-1.3096259963212753,-8.385652973635805,5.22378908645003,3.0,0.22311022311022313,4482.0895522388055,5.491521473107628,0.01048889924829611,-3.678923139677174,1684.249084249084,-1.0,89.0112278160087,0.2238420456760976,
2023-07-31 13:42:56.418000,-8.397590361445783,-1.4819277108433735,4.614457831325302,-1.3464132434089515,-8.417535254445125,5.152667075413857,3.0,0.22355422355422358,4473.187686196623,5.338849717382437,0.1936950061185251,-3.5873200862420593,1627.8388278388277,-1.0,89.0112278160087,0.22383687202664437,
2023-07-31 13:42:56.426000,-8.421686746987952,-1.457831325301205,4.602409638554217,-1.3635806253832004,-8.422440220723482,5.120784794604536,3.0,0.22355422355422358,4473.187686196623,5.109842083794651,-0.09638132975933747,-3.5873200862420593,1572.8937728937728,-1.0,89.0112278160087,0.22383166304031626,
2023-07-31 13:42:56.434000,-8.409638554216867,-1.4457831325301205,4.614457831325302,-1.3537706928264868,-8.429797670141017,5.233599019006744,3.0,0.22355422355422358,4473.187686196623,5.384651244099994,-0.32538896334712375,-3.678923139677174,1520.14652014652,-1.0,89.0112278160087,0.22382642040287712,
2023-07-31 13:42:56.441000,-8.409638554216867,-1.457831325301205,4.614457831325302,-1.3390557939914163,-8.498467198038012,5.204169221336603,3.0,0.22355422355422358,4473.187686196623,5.170910786084727,-0.21851873433949015,-3.3583124526542734,1473.260073260073,697.052001953125,86.07679173416226,0.2238211460167733,
2023-07-31 13:42:56.449000,-8.409638554216867,-1.4819277108433735,4.626506024096386,-1.3488657265481299,-8.481299816063764,5.204169221336603,3.0,0.22355422355422358,4473.187686196623,5.491521473107628,-0.32538896334712375,-3.327778101509235,1433.6996336996335,-1.0,86.07679173416226,0.22381584199365517,
2023-07-31 13:42:56.457000,-8.409638554216867,-1.4698795180722892,4.626506024096386,-1.3684855916615573,-8.407725321888412,5.182096873083998,3.0,0.22311022311022313,4482.0895522388055,5.27778101509236,-0.020045451896742058,-3.159839170211525,1399.2673992673992,-1.0,86.07679173416226,0.22381051064607327,
2023-07-31 13:42:56.464000,-8.409638554216867,-1.4698795180722892,4.590361445783133,-1.2998160637645615,-8.522992029429798,5.133047210300429,3.0,0.22355422355422358,4473.187686196623,5.308315366237399,-0.187984383194452,-3.159839170211525,1371.4285714285713,-1.0,86.07679173416226,0.22380515446785976,
2023-07-31 13:42:56.472000,-8.3855421686747,-1.4698795180722892,4.55421686746988,-1.3194359288779889,-8.429797670141017,5.17719190680564,3.0,0.22355422355422358,4473.187686196623,5.155643610512208,-0.2795874366295665,-3.0987704679214487,1345.7875457875457,-1.0,86.07679173416226,0.22379977609262322,
2023-07-31 13:42:56.480000,-8.409638554216867,-1.457831325301205,4.602409638554217,-1.2630288166768853,-8.405272838749234,5.152667075413857,3.0,0.22355422355422358,4473.187686196623,5.002971854787017,-0.40172484120971913,-3.1445719946390063,1323.076923076923,-1.0,86.07679173416226,0.2237943783146202,
2023-07-31 13:42:56.487000,-8.421686746987952,-1.457831325301205,4.590361445783133,-1.3120784794604536,-8.449417535254444,5.196811771919068,3.0,0.22355422355422358,4473.187686196623,5.491521473107628,-0.47806071907231457,-3.175106345784044,1303.2967032967033,-1.0,86.07679173416226,0.22378896408786209,
2023-07-31 13:42:56.495000,-8.3855421686747,-1.457831325301205,4.614457831325302,-1.2875536480686696,-8.417535254445125,5.108522378908645,3.0,0.22355422355422358,4473.187686196623,5.491521473107628,-0.5696637725074291,-2.961365887768777,1286.4468864468863,-1.0,86.07679173416226,0.22378353651414923,
2023-07-31 13:42:56.503000,-8.397590361445783,-1.4457831325301205,4.590361445783133,-1.290006131207848,-8.407725321888412,5.187001839362354,3.0,0.22355422355422358,4473.187686196623,5.094574908222132,-0.5696637725074291,-2.3354116892954946,1268.8644688644688,-1.0,86.07679173416226,0.2237780988306428,
2023-07-31 13:42:56.510000,-8.397590361445783,-1.4457831325301205,4.590361445783133,-1.290006131207848,-8.434702636419374,5.201716738197424,3.0,0.22355422355422358,4473.187686196623,5.308315366237399,-0.5696637725074291,-2.4270147427306092,1254.212454212454,-1.0,86.07679173416226,0.2237726543970464,
2023-07-31 13:42:56.518000,-8.409638554216867,-1.4337349397590362,4.626506024096386,-1.3415082771305946,-8.437155119558552,5.213979153893317,3.0,0.22355422355422358,4473.187686196623,5.308315366237399,-0.5696637725074291,-2.4270147427306092,1240.2930402930401,-1.0,86.07679173416226,0.22376720668246647,
2023-07-31 13:42:56.526000,-8.433734939759036,-1.4457831325301205,4.63855421686747,-1.2434089515634579,-8.402820355610055,5.2703862660944205,3.0,0.22355422355422358,4473.187686196623,5.308315366237399,-0.17271720762193288,-2.182739933570304,1230.7692307692307,-1.0,86.07679173416226,0.22376175925202374,
2023-07-31 13:42:56.533000,-8.433734939759036,-1.4337349397590362,4.650602409638554,-1.3513182096873084,-8.434702636419374,5.213979153893317,3.0,0.22311022311022313,4482.0895522388055,4.95717032806946,-0.55439659693491,-2.365946040440533,1226.3736263736264,-1.0,86.07679173416226,0.2237563157532872,
2023-07-31 13:42:56.541000,-8.409638554216867,-1.421686746987952,4.63855421686747,-1.3782955242182708,-8.469037400367872,5.189454322501533,3.0,0.22355422355422358,4473.187686196623,5.1403764349396885,-0.12691568090437563,-2.3354116892954946,1227.106227106227,-1.0,86.07679173416226,0.22375087975330804,
2023-07-31 13:42:56.549000,-8.409638554216867,-1.4337349397590362,4.626506024096386,-1.3096259963212753,-8.498467198038012,5.233599019006744,3.0,0.22311022311022313,4482.0895522388055,4.987704679214498,-0.12691568090437563,-2.3201445137229757,1231.5018315018315,-1.0,86.07679173416226,0.22374545485232894,
2023-07-31 13:42:56.556000,-8.433734939759036,-1.4337349397590362,4.63855421686747,-1.2998160637645615,-8.422440220723482,5.189454322501533,3.0,0.22311022311022313,4482.0895522388055,5.079307732649613,-0.21851873433949015,-2.274342987005418,1239.5604395604396,-1.0,86.07679173416226,0.22374004467975414,
2023-07-31 13:42:56.564000,-8.421686746987952,-1.421686746987952,4.662650602409639,-1.285101164929491,-8.39546290619252,5.248313917841815,3.0,0.22311022311022313,4482.0895522388055,4.773964221199231,-0.40172484120971913,-2.381213216013052,1252.7472527472526,-1.0,86.07679173416226,0.22373465285851615,
2023-07-31 13:42:56.572000,-8.373493975903616,-1.4337349397590362,4.63855421686747,-1.2703862660944205,-8.45677498467198,5.253218884120171,3.0,0.22311022311022313,4482.0895522388055,4.972437503641979,-0.2795874366295665,-2.3201445137229757,1270.3296703296703,-1.0,86.07679173416226,0.22372928296942798,
2023-07-31 13:42:56.579000,-8.3855421686747,-1.4337349397590362,4.626506024096386,-1.3267933782955241,-8.397915389331699,5.243408951563458,3.0,0.22311022311022313,4482.0895522388055,5.018239030359537,-0.32538896334712375,-2.228541460287861,1289.3772893772893,-1.0,86.07679173416226,0.22372393840836122,
2023-07-31 13:42:56.587000,-8.3855421686747,-1.4457831325301205,4.626506024096386,-1.3292458614347025,-8.361128142244022,5.20907418761496,3.0,0.22355422355422358,4473.187686196623,5.033506205932055,-0.46279354349979546,-2.3201445137229757,1307.6923076923076,-1.0,86.07679173416226,0.22371862252026442,
2023-07-31 13:42:56.595000,-8.397590361445783,-1.421686746987952,4.63855421686747,-1.3071735131820967,-8.466584917228694,5.228694052728387,3.0,0.22355422355422358,4473.187686196623,4.911368801351903,-0.23378590991200923,-2.4270147427306092,1323.8095238095236,-1.0,86.07679173416226,0.22371333873338498,
2023-07-31 13:42:56.602000,-8.3855421686747,-1.4337349397590362,4.662650602409639,-1.260576333537707,-8.402820355610055,5.213979153893317,3.0,0.22355422355422358,4473.187686196623,5.262513839519841,-0.6307324747975054,-2.228541460287861,1339.9267399267399,-1.0,86.07679173416226,0.22370809070509937,
2023-07-31 13:42:56.610000,-8.409638554216867,-1.4337349397590362,4.662650602409639,-1.2949110974862048,-8.380748007357449,5.287553648068669,3.0,0.22311022311022313,4482.0895522388055,4.911368801351903,-0.32538896334712375,-2.1064040557077086,1355.3113553113553,-1.0,86.07679173416226,0.22370288201127428,
2023-07-31 13:42:56.618000,-8.397590361445783,-1.4337349397590362,4.626506024096386,-1.3047210300429184,-8.42489270386266,5.267933782955242,3.0,0.22311022311022313,4482.0895522388055,5.186177961657246,-0.21851873433949015,-2.030068177845113,1370.6959706959706,-1.0,86.07679173416226,0.22369771599595112,
2023-07-31 13:42:56.625000,-8.421686746987952,-1.421686746987952,4.650602409638554,-1.290006131207848,-8.407725321888412,5.245861434702636,3.0,0.22355422355422358,4473.187686196623,4.95717032806946,-0.12691568090437563,-2.41174756715809,1383.150183150183,-1.0,86.07679173416226,0.22369259572793976,
2023-07-31 13:42:56.633000,-8.421686746987952,-1.421686746987952,4.626506024096386,-1.3120784794604536,-8.39546290619252,5.231146535867565,3.0,0.22355422355422358,4473.187686196623,5.048773381504574,0.33109958627119684,-2.381213216013052,1391.2087912087911,-1.0,86.07679173416226,0.22368752414858123,
2023-07-31 13:42:56.641000,-8.397590361445783,-1.421686746987952,4.650602409638554,-1.3341508277130594,-8.459227467811159,5.216431637032495,3.0,0.22355422355422358,4473.187686196623,5.109842083794651,0.16316065497348695,-2.396480391585571,1397.069597069597,-1.0,86.07679173416226,0.22368250436938064,
2023-07-31 13:42:56.648000,-8.397590361445783,-1.4096385542168675,4.626506024096386,-1.2286940527283874,-8.397915389331699,5.184549356223176,3.0,0.22311022311022313,4482.0895522388055,5.033506205932055,0.5143056931414258,-2.610220849600838,1396.3369963369962,-1.0,86.07679173416226,0.223677539502917,
2023-07-31 13:42:56.656000,-8.409638554216867,-1.421686746987952,4.650602409638554,-1.280196198651134,-8.351318209687308,5.189454322501533,3.0,0.22355422355422358,4473.187686196623,4.590758114329002,0.544840044286464,-2.1522055824252657,1391.9413919413919,-1.0,86.07679173416226,0.22367263221771638,
2023-07-31 13:42:56.664000,-8.421686746987952,-1.421686746987952,4.63855421686747,-1.2286940527283874,-8.42489270386266,5.275291232372777,3.0,0.22355422355422358,4473.187686196623,4.95717032806946,0.544840044286464,-2.365946040440533,1382.4175824175823,-1.0,86.07679173416226,0.22366778501772555,
2023-07-31 13:42:56.671000,-8.409638554216867,-1.421686746987952,4.650602409638554,-1.2924586143470262,-8.42489270386266,5.182096873083998,3.0,0.22355422355422358,4473.187686196623,4.560223763183964,0.544840044286464,-2.365946040440533,1369.9633699633698,-1.0,86.07679173416226,0.22366300052254012,
2023-07-31 13:42:56.679000,-8.397590361445783,-1.4096385542168675,4.626506024096386,-1.2630288166768853,-8.370938074800735,5.213979153893317,3.0,0.22311022311022313,4482.0895522388055,4.865567274634345,0.49903851756890677,-2.396480391585571,1353.113553113553,-1.0,86.07679173416226,0.22365828117383044,
2023-07-31 13:42:56.686000,-8.397590361445783,-1.4096385542168675,4.650602409638554,-1.3096259963212753,-8.402820355610055,5.191906805640711,3.0,0.22311022311022313,4482.0895522388055,5.109842083794651,0.6364430977215785,-1.7705261931122889,1336.263736263736,-1.0,86.07679173416226,0.22365362908133432,
2023-07-31 13:42:56.694000,-8.397590361445783,-1.421686746987952,4.614457831325302,-1.2164316370324952,-8.459227467811159,5.182096873083998,3.0,0.22311022311022313,4482.0895522388055,4.835032923489307,0.25476370840860146,-2.1369384068527464,1320.8791208791208,-1.0,86.07679173416226,0.22364904599710225,
2023-07-31 13:42:56.702000,-8.409638554216867,-1.4337349397590362,4.626506024096386,-1.2654812998160636,-8.476394849785407,5.228694052728387,3.0,0.22355422355422358,4473.187686196623,4.728162694481674,0.13262630382844878,-2.0911368801351893,1306.9597069597069,-1.0,86.07679173416226,0.2236445334495366,
2023-07-31 13:42:56.709000,-8.3855421686747,-1.3975903614457832,4.63855421686747,-1.2458614347026364,-8.39546290619252,5.206621704475782,3.0,0.22311022311022313,4482.0895522388055,4.651826816619078,-0.004778276324222974,-1.8926635976924415,1295.970695970696,-1.0,86.07679173416226,0.22364009288865616,
2023-07-31 13:42:56.717000,-8.409638554216867,-1.4096385542168675,4.614457831325302,-1.25567136725935,-8.42489270386266,5.226241569589209,3.0,0.22355422355422358,4473.187686196623,4.880834450206865,0.16316065497348695,-1.8621292465474033,1284.2490842490843,-1.0,86.07679173416226,0.22363572555534877,
2023-07-31 13:42:56.725000,-8.3855421686747,-1.4096385542168675,4.650602409638554,-1.25567136725935,-8.47148988350705,5.236051502145923,3.0,0.22355422355422358,4473.187686196623,5.002971854787017,0.08682477711089152,-1.6789231396771742,1271.7948717948716,-1.0,86.07679173416226,0.2236314324691104,
2023-07-31 13:42:56.732000,-8.3855421686747,-1.3975903614457832,4.626506024096386,-1.290006131207848,-8.427345187001839,5.236051502145923,3.0,0.22355422355422358,4473.187686196623,4.835032923489307,-0.26432026105704737,-1.633121612959617,1263.003663003663,-1.0,86.07679173416226,0.22362721458696333,
2023-07-31 13:42:56.740000,-8.397590361445783,-1.3975903614457832,4.63855421686747,-1.2409564684242795,-8.451870018393624,5.267933782955242,3.0,0.22311022311022313,4482.0895522388055,4.972437503641979,-0.020045451896742058,-1.6483887885321362,1254.212454212454,-1.0,86.07679173416226,0.2236230726654113,
2023-07-31 13:42:56.748000,-8.373493975903616,-1.3734939759036144,4.650602409638554,-1.2532188841201717,-8.422440220723482,5.238503985285101,3.0,0.22311022311022313,4482.0895522388055,4.987704679214498,-0.2490530854845283,-1.602587261814579,1247.6190476190475,-1.0,86.07679173416226,0.22361900711276464,
2023-07-31 13:42:56.755000,-8.397590361445783,-1.3734939759036144,4.63855421686747,-1.2581238503985284,-8.429797670141017,5.282648681790312,3.0,0.22311022311022313,4482.0895522388055,4.972437503641979,-0.46279354349979546,-1.633121612959617,1244.6886446886447,-1.0,86.07679173416226,0.22361501796978875,
2023-07-31 13:42:56.763000,-8.397590361445783,-1.3975903614457832,4.650602409638554,-1.2434089515634579,-8.412630288166769,5.164929491109748,3.0,0.22266622266622269,4491.026919242273,5.3541168929549565,-0.752869879377658,-1.5873200862420598,1241.0256410256409,-1.0,86.07679173416226,0.2236111050501835,
2023-07-31 13:42:56.771000,-8.3855421686747,-1.3734939759036144,4.650602409638554,-1.20907418761496,-8.422440220723482,5.2409564684242795,3.0,0.22311022311022313,4482.0895522388055,5.12510925936717,-1.2261523221257495,-1.3583124526542736,1241.0256410256409,-1.0,86.07679173416226,0.2236072677937123,
2023-07-31 13:42:56.778000,-8.349397590361447,-1.385542168674699,4.650602409638554,-1.2360515021459226,-8.3635806253832,5.226241569589209,3.0,0.22311022311022313,4482.0895522388055,5.033506205932055,-1.3635569022784213,-1.5720529106695407,1242.4908424908424,-1.0,86.07679173416226,0.22360350539672033,
2023-07-31 13:42:56.786000,-8.337349397590362,-1.3734939759036144,4.63855421686747,-1.25567136725935,-8.370938074800735,5.243408951563458,3.0,0.22266622266622269,4491.026919242273,5.048773381504574,-1.3788240778509404,-1.068236116776411,1245.4212454212454,-1.0,86.07679173416226,0.2235998169748371,
2023-07-31 13:42:56.794000,-8.337349397590362,-1.3734939759036144,4.63855421686747,-1.2703862660944205,-8.361128142244022,5.272838749233599,3.0,0.22311022311022313,4482.0895522388055,5.048773381504574,-1.3788240778509404,-1.068236116776411,1247.6190476190475,-1.0,86.07679173416226,0.2235962012791574,
2023-07-31 13:42:56.801000,-8.349397590361447,-1.3614457831325302,4.662650602409639,-1.280196198651134,-8.370938074800735,5.22378908645003,3.0,0.22311022311022313,4482.0895522388055,5.186177961657246,-1.1650836198356733,-0.7934269564710674,1249.8168498168498,-1.0,86.07679173416226,0.22359265682852,
2023-07-31 13:42:56.809000,-8.361445783132531,-1.3614457831325302,4.674698795180723,-1.2213366033108521,-8.402820355610055,5.204169221336603,3.0,0.22311022311022313,4482.0895522388055,4.95717032806946,-1.3635569022784213,-0.7781597808985484,1251.2820512820513,-1.0,86.07679173416226,0.22358918207391865,
2023-07-31 13:42:56.817000,-8.3855421686747,-1.349397590361446,4.63855421686747,-1.213979153893317,-8.45677498467198,5.248313917841815,3.0,0.22311022311022313,4482.0895522388055,4.9266359769244215,-1.2108851465532307,-0.6712895518909148,1254.212454212454,-1.0,86.07679173416226,0.2235857752656367,
2023-07-31 13:42:56.824000,-8.421686746987952,-1.3734939759036144,4.63855421686747,-1.2237890864500305,-8.491109748620477,5.20907418761496,3.0,0.22311022311022313,4482.0895522388055,4.987704679214498,-0.9055416351028489,-0.533884971738243,1257.8754578754579,-1.0,86.07679173416226,0.22358243445970744,
2023-07-31 13:42:56.832000,-8.46987951807229,-1.3614457831325302,4.662650602409639,-1.1820968730839976,-8.483752299202942,5.201716738197424,3.0,0.22311022311022313,4482.0895522388055,4.743429870054193,-0.2795874366295665,-1.0071674144863347,1263.7362637362637,-1.0,86.07679173416226,0.22357915752493027,
2023-07-31 13:42:56.840000,-8.493975903614459,-1.349397590361446,4.614457831325302,-1.2286940527283874,-8.537706928264868,5.236051502145923,3.0,0.22311022311022313,4482.0895522388055,4.835032923489307,0.42270263970631133,-1.0377017656313727,1266.6666666666665,-1.0,86.07679173416226,0.2235759421504157,
2023-07-31 13:42:56.847000,-8.55421686746988,-1.3253012048192772,4.614457831325302,-1.2434089515634579,-8.589209074187615,5.22378908645003,3.0,0.22311022311022313,4482.0895522388055,4.606025289901521,1.5372064565002044,-1.1445719946390065,1265.9340659340658,-1.0,86.07679173416226,0.22357278585363455,
2023-07-31 13:42:56.855000,-8.626506024096386,-1.3253012048192772,4.626506024096386,-1.20907418761496,-8.640711220110362,5.174739423666462,3.0,0.22311022311022313,4482.0895522388055,5.064040557077093,2.376901112988754,-1.831594895402365,1264.4688644688645,-1.0,86.07679173416226,0.2235696859889403,
2023-07-31 13:42:56.863000,-8.63855421686747,-1.3614457831325302,4.578313253012048,-1.2507664009809931,-8.665236051502145,5.174739423666462,3.0,0.22311022311022313,4482.0895522388055,-0.02237631839636486,2.6071907231513314,0.24229357263562765,1263.003663003663,-1.0,86.07679173416226,0.22356663975653784,
2023-07-31 13:42:56.870000,-8.63855421686747,-1.3614457831325302,4.55421686746988,-1.2066217044757817,-8.65787860208461,5.182096873083998,3.0,0.22311022311022313,4482.0895522388055,0.11980653808053246,3.0852514422236457,-0.6842258609638143,1262.2710622710622,-1.0,86.07679173416226,0.22356364421186567,
2023-07-31 13:42:56.878000,-8.626506024096386,-1.3734939759036144,4.566265060240964,-1.3120784794604536,-8.616186388718576,5.152667075413857,3.0,0.22311022311022313,4482.0895522388055,0.22667676708816606,3.3447934269564703,-1.4475846395897685,1263.7362637362637,-1.0,86.07679173416226,0.22356069627536024,
2023-07-31 13:42:56.886000,-8.602409638554217,-1.385542168674699,4.578313253012048,-1.2286940527283874,-8.638258736971183,5.108522378908645,3.0,0.22311022311022313,4482.0895522388055,0.11980653808053246,3.3753277781015085,-2.302546471650837,1263.7362637362637,-1.0,86.07679173416226,0.22355779274257,
2023-07-31 13:42:56.893000,-8.590361445783133,-1.385542168674699,4.542168674698796,-1.2630288166768853,-8.616186388718576,5.130594727161251,3.0,0.22311022311022313,4482.0895522388055,0.0892721869354943,3.131052968941203,-2.806363265543967,1263.003663003663,-1.0,86.07679173416226,0.2235549302945845,
2023-07-31 13:42:56.901000,-8.542168674698795,-1.385542168674699,4.530120481927711,-1.290006131207848,-8.623543838136113,5.130594727161251,3.0,0.22311022311022313,4482.0895522388055,0.1656080647980897,3.4363964803915845,-3.707126624322593,1263.003663003663,-1.0,86.07679173416226,0.2235521055087444,
2023-07-31 13:42:56.909000,-8.506024096385543,-1.4096385542168675,4.518072289156627,-1.3120784794604536,-8.50091968117719,5.11587982832618,3.0,0.22311022311022313,4482.0895522388055,-0.13973544665229196,2.978381213216012,-4.104073189208089,1265.2014652014652,-1.0,86.07679173416226,0.223549314869597,
2023-07-31 13:42:56.916000,-8.457831325301205,-1.421686746987952,4.542168674698796,-1.2875536480686696,-8.488657265481299,5.11587982832618,3.0,0.22266622266622269,4491.026919242273,0.10453936250801338,2.5050987704679204,-4.928500670124119,1271.7948717948716,-1.0,86.07679173416226,0.2235465547800625,
2023-07-31 13:42:56.924000,-8.409638554216867,-1.4337349397590362,4.55421686746988,-1.2752912323727774,-8.442060085836909,5.137952176578786,3.0,0.22311022311022313,4482.0895522388055,0.07400501136297521,2.169220907872501,-5.447584639589769,1282.051282051282,-1.0,86.07679173416226,0.22354382156222957,
2023-07-31 13:42:56.932000,-8.361445783132531,-1.457831325301205,4.530120481927711,-1.3684855916615573,-8.329245861434702,5.130594727161251,3.0,0.22311022311022313,4482.0895522388055,-0.13973544665229196,2.6119689994755544,-5.615523570887478,1295.2380952380952,-1.0,86.07679173416226,0.22354111143712294,
2023-07-31 13:42:56.939000,-8.313253012048193,-1.3975903614457832,4.55421686746988,-1.2973635806253832,-8.334150827713058,5.167381974248927,3.0,0.22311022311022313,4482.0895522388055,-0.26187285123244464,2.4592972437503633,-5.951401433482898,1313.5531135531135,-1.0,86.07679173416226,0.22353842056760823,
2023-07-31 13:42:56.947000,-8.301204819277109,-1.4337349397590362,4.63855421686747,-1.280196198651134,-8.314530962599632,5.294911097486205,3.0,0.22311022311022313,4482.0895522388055,-0.23133850008740645,1.2531903735213559,-5.294912883864577,1340.6593406593406,-1.0,86.07679173416226,0.22353574508020155,
2023-07-31 13:42:56.955000,-8.27710843373494,-1.4698795180722892,4.698795180722891,-1.3439607602697732,-8.30226854690374,5.294911097486205,3.0,0.22311022311022313,4482.0895522388055,-0.20080414894236828,2.199755259017539,-5.447584639589769,1376.5567765567764,-1.0,86.07679173416226,0.22353308107637343,
2023-07-31 13:42:56.962000,-8.301204819277109,-1.4819277108433735,4.734939759036145,-1.3635806253832004,-8.326793378295523,5.30226854690374,3.0,0.22311022311022313,4482.0895522388055,-0.4908804848202309,0.8715109842083787,-5.157508303711905,1424.9084249084249,-1.0,86.07679173416226,0.22353042464386227,
2023-07-31 13:42:56.970000,-8.27710843373494,-1.4698795180722892,4.710843373493976,-1.3635806253832004,-8.324340895156345,5.2703862660944205,3.0,0.22311022311022313,4482.0895522388055,0.012936309072898883,1.4974651826816612,-4.516286929666104,1482.051282051282,-1.0,86.07679173416226,0.22352777186796535,
2023-07-31 13:42:56.978000,-8.265060240963855,-1.457831325301205,4.734939759036145,-1.3807480073574494,-8.339055793991417,5.3071735131820965,3.0,0.22311022311022313,4482.0895522388055,-0.06339956878969653,0.9783812132160122,-3.9972029602004553,1548.7179487179485,-1.0,86.07679173416226,0.22352511884277806,
2023-07-31 13:42:56.985000,-8.265060240963855,-1.4337349397590362,4.72289156626506,-1.3390557939914163,-8.260576333537706,5.3145309625996315,3.0,0.22311022311022313,4482.0895522388055,0.07400501136297521,1.1921216712312794,-4.195676242643204,1621.9780219780218,-1.0,86.07679173416226,0.2235224616823518,
2023-07-31 13:42:56.993000,-8.265060240963855,-1.4337349397590362,4.746987951807229,-1.3194359288779889,-8.260576333537706,5.385652973635806,3.0,0.22311022311022313,4482.0895522388055,0.15034088922557062,1.7417399918419665,-3.783462502185188,1698.168498168498,-1.0,86.07679173416226,0.22351979653174048,
2023-07-31 13:42:57.001000,-8.265060240963855,-1.4457831325301205,4.734939759036145,-1.3243408951563458,-8.304721030042918,5.324340895156346,3.0,0.22311022311022313,4482.0895522388055,0.05873783579045613,1.7875415185595236,-3.707126624322593,1772.161172161172,-1.0,86.07679173416226,0.22351711957790893,
2023-07-31 13:42:57.008000,-8.289156626506024,-1.4337349397590362,4.771084337349397,-1.280196198651134,-8.292458614347026,5.380748007357449,3.0,0.22311022311022313,4482.0895522388055,0.21140959151564698,2.337159839170211,-3.0811724258493105,1836.6300366300366,-1.0,86.07679173416226,0.22351442706047406,
2023-07-31 13:42:57.016000,-8.265060240963855,-1.457831325301205,4.795180722891566,-1.3341508277130594,-8.361128142244022,5.4028203556100545,3.0,0.22311022311022313,4482.0895522388055,-0.12446827107977287,3.543266709399218,-2.684225860963814,1887.9120879120878,-1.0,86.07679173416226,0.22351171528225297,
2023-07-31 13:42:57.024000,-8.27710843373494,-1.457831325301205,4.807228915662651,-1.3366033108522377,-8.33169834457388,5.353770692826487,3.0,0.22311022311022313,4482.0895522388055,-0.24660567565992553,3.9249460987121956,-2.5468212808111423,1926.7399267399267,-1.0,86.07679173416226,0.2235089806195916,
2023-07-31 13:42:57.031000,-8.301204819277109,-1.4457831325301205,4.783132530120482,-1.2973635806253832,-8.37829552421827,5.319435928877989,3.0,0.22311022311022313,4482.0895522388055,-0.03286521764465837,4.52036594604044,-2.1040731892080893,1950.18315018315,-1.0,86.07679173416226,0.2235062195324485,
2023-07-31 13:42:57.039000,-8.373493975903616,-1.457831325301205,4.734939759036145,-1.3807480073574494,-8.419987737584304,5.324340895156346,3.0,0.22311022311022313,4482.0895522388055,-0.6740865916904599,5.039449915506088,-1.6613250976050358,1959.7069597069597,-1.0,86.07679173416226,0.2235034285742107,
2023-07-31 13:42:57.047000,-8.397590361445783,-1.4698795180722892,4.674698795180723,-1.3709380748007356,-8.449417535254444,5.272838749233599,3.0,0.22355422355422358,4473.187686196623,-0.6435522405454217,5.375327778101508,-1.3865159372996922,1951.6483516483515,-1.0,86.07679173416226,0.22350060440121722,
2023-07-31 13:42:57.054000,-8.3855421686747,-1.4819277108433735,4.662650602409639,-1.3439607602697732,-8.45677498467198,5.191906805640711,3.0,0.22355422355422358,4473.187686196623,-1.1168346832935132,5.390594953674027,-0.8979663189790815,1929.6703296703295,-1.0,86.07679173416226,0.2234977439312629,
2023-07-31 13:42:57.062000,-8.409638554216867,-1.4819277108433735,4.590361445783133,-1.3635806253832004,-8.47148988350705,5.206621704475782,3.0,0.22311022311022313,4482.0895522388055,-0.9030942252782461,4.947846862070974,-0.39414952508595175,1896.7032967032965,-1.0,86.07679173416226,0.22349484437434852,
2023-07-31 13:42:57.069000,-8.421686746987952,-1.5060240963855422,4.602409638554217,-1.3684855916615573,-8.459227467811159,5.142857142857142,3.0,0.22311022311022313,4482.0895522388055,-0.9030942252782461,4.947846862070974,-0.39414952508595175,1852.0146520146518,-1.0,86.07679173416226,0.22349190295484495,
2023-07-31 13:42:57.077000,-8.433734939759036,-1.5180722891566265,4.566265060240964,-1.4028203556100551,-8.498467198038012,5.10116492949111,3.0,0.22311022311022313,4482.0895522388055,-1.437445370316414,4.718839228483188,0.24707184895984974,1799.2673992673992,-1.0,86.07679173416226,0.22348891703838322,
2023-07-31 13:42:57.085000,-8.44578313253012,-1.493975903614458,4.518072289156627,-1.4224402207234825,-8.442060085836909,5.118332311465358,3.0,0.22311022311022313,4482.0895522388055,-1.3458423168812996,4.688304877338149,0.2776062001048879,1742.8571428571427,-1.0,86.07679173416226,0.22348588411958908,
2023-07-31 13:42:57.092000,-8.44578313253012,-1.5180722891566265,4.518072289156627,-1.3267933782955241,-8.449417535254444,5.074187614960147,3.0,0.22311022311022313,4482.0895522388055,-1.2389720878736659,3.9860148010022716,0.7203542917079413,1685.7142857142856,-1.0,86.07679173416226,0.22348280184090244,
2023-07-31 13:42:57.100000,-8.397590361445783,-1.5060240963855422,4.493975903614458,-1.3341508277130594,-8.45677498467198,5.076640098099325,3.0,0.22311022311022313,4482.0895522388055,-1.437445370316414,4.092885030009906,0.8882932230056513,1630.7692307692307,-1.0,86.07679173416226,0.2234796679897805,
2023-07-31 13:42:57.108000,-8.397590361445783,-1.5060240963855422,4.518072289156627,-1.3684855916615573,-8.42489270386266,5.088902513795217,3.0,0.22355422355422358,4473.187686196623,-1.5137812481790094,4.199755259017539,0.8577588718606131,1577.2893772893772,-1.0,86.07679173416226,0.22347648037765483,
2023-07-31 13:42:57.115000,-8.433734939759036,-1.493975903614458,4.518072289156627,-1.361128142244022,-8.415082771305947,5.071735131820969,3.0,0.22311022311022313,4482.0895522388055,-1.422178194743895,4.291358312452654,1.0562321543033613,1525.2747252747251,-1.0,86.07679173416226,0.22347323714440892,
2023-07-31 13:42:57.123000,-8.46987951807229,-1.4819277108433735,4.46987951807229,-1.4273451870018392,-8.434702636419374,5.061925199264254,3.0,0.22311022311022313,4482.0895522388055,-1.3611094924538185,4.871510984208379,0.9951634520132848,1476.923076923077,-1.0,86.07679173416226,0.22346993663635487,
2023-07-31 13:42:57.131000,-8.493975903614459,-1.457831325301205,4.481927710843374,-1.331698344573881,-8.518087063151441,5.017780502759043,3.0,0.22311022311022313,4482.0895522388055,-1.605384301614124,5.237923197948836,0.9951634520132848,1434.4322344322343,-1.0,86.07679173416226,0.22346657725218333,
2023-07-31 13:42:57.138000,-8.493975903614459,-1.4457831325301205,4.421686746987952,-1.2630288166768853,-8.574494175352545,4.990803188228081,3.0,0.22311022311022313,4482.0895522388055,-1.437445370316414,5.5432667093992185,0.8730260474331322,1398.5347985347985,-1.0,86.07679173416226,0.22346315758627072,
2023-07-31 13:42:57.146000,-8.518072289156628,-1.4337349397590362,4.445783132530121,-1.3267933782955241,-8.515634580012263,4.985898221949724,3.0,0.22311022311022313,4482.0895522388055,-2.00233086649962,4.963114037643493,0.46081230697511694,1364.8351648351647,689.39208984375,87.0332005312085,0.2234596764327058,
2023-07-31 13:42:57.154000,-8.542168674698795,-1.4457831325301205,4.409638554216868,-1.361128142244022,-8.599019006744328,4.956468424279583,3.0,0.22311022311022313,4482.0895522388055,-2.185536973369849,4.9936483887885315,0.30814055124992606,1332.6007326007325,-1.0,87.0332005312085,0.22345613278877557,
2023-07-31 13:42:57.161000,-8.578313253012048,-1.4337349397590362,4.385542168674699,-1.3243408951563458,-8.562231759656651,4.963825873697118,3.0,0.22311022311022313,4482.0895522388055,-2.2924072023774826,5.039449915506088,-0.11934036478060825,1303.2967032967033,-1.0,87.0332005312085,0.22345252585790532,
2023-07-31 13:42:57.169000,-8.590361445783133,-1.4457831325301205,4.349397590361446,-1.3120784794604536,-8.599019006744328,4.9589209074187615,3.0,0.22311022311022313,4482.0895522388055,-2.0481323932171773,4.276091136880134,-0.043004486918012834,1279.8534798534797,-1.0,87.0332005312085,0.2234488550520456,
2023-07-31 13:42:57.177000,-8.602409638554217,-1.457831325301205,4.36144578313253,-1.3267933782955241,-8.618638871857755,4.9294911097486205,3.0,0.22355422355422358,4473.187686196623,-2.567216362682826,3.863877396422119,-0.28727929607831815,1261.5384615384614,-1.0,87.0332005312085,0.22344511999350264,
2023-07-31 13:42:57.184000,-8.590361445783133,-1.4819277108433735,4.325301204819278,-1.3439607602697732,-8.613733905579398,4.9147762109135495,3.0,0.22311022311022313,4482.0895522388055,-2.7198881184080173,2.947846862070974,-0.40941670065847086,1247.6190476190475,-1.0,87.0332005312085,0.22344132066550207,
2023-07-31 13:42:57.192000,-8.566265060240964,-1.4819277108433735,4.385542168674699,-1.39546290619252,-8.58185162477008,4.963825873697118,3.0,0.22311022311022313,4482.0895522388055,-2.5977507138278644,1.6043354116892947,-0.6689586853912952,1236.6300366300366,-1.0,87.0332005312085,0.2234374572854802,
2023-07-31 13:42:57.200000,-8.542168674698795,-1.493975903614458,4.397590361445784,-1.3807480073574494,-8.564684242795831,4.941753525444512,3.0,0.22311022311022313,4482.0895522388055,-3.086300332148475,0.5356331216129588,-0.6994930365363334,1230.03663003663,-1.0,87.0332005312085,0.2234335301462931,
2023-07-31 13:42:57.207000,-8.518072289156628,-1.5060240963855422,4.397590361445784,-1.3733905579399142,-8.542611894543224,4.949110974862047,3.0,0.22266622266622269,4491.026919242273,-3.269506439018704,-0.3956645883107052,-0.8521647922615243,1227.106227106227,-1.0,87.0332005312085,0.22342953975473773,
2023-07-31 13:42:57.215000,-8.44578313253012,-1.5180722891566265,4.397590361445784,-1.4028203556100551,-8.461679950950337,4.924586143470264,3.0,0.22311022311022313,4482.0895522388055,-3.376376668026338,-1.5101684051045983,-0.7147602121088525,1228.5714285714284,-1.0,87.0332005312085,0.22342548668146187,
2023-07-31 13:42:57.223000,-8.397590361445783,-1.566265060240964,4.385542168674699,-1.513182096873084,-8.43960760269773,4.971183323114653,3.0,0.22266622266622269,4491.026919242273,-3.4985140726064903,-2.136122603577881,-0.8216304411164861,1235.8974358974358,-1.0,87.0332005312085,0.22342137168702172,
2023-07-31 13:42:57.230000,-8.3855421686747,-1.5542168674698795,4.433734939759036,-1.4420600858369097,-8.385652973635805,5.059472716125076,3.0,0.22311022311022313,4482.0895522388055,-3.7122545306217574,-2.6246722218984915,-0.2720121205057991,1249.084249084249,-1.0,87.0332005312085,0.22341719586835174,
2023-07-31 13:42:57.238000,-8.397590361445783,-1.566265060240964,4.445783132530121,-1.449417535254445,-8.464132434089516,5.012875536480687,3.0,0.22311022311022313,4482.0895522388055,-3.5748499504690856,-3.0368859623565068,-0.043004486918012834,1263.7362637362637,-1.0,87.0332005312085,0.22341296062438867,
2023-07-31 13:42:57.246000,-8.373493975903616,-1.5903614457831325,4.46987951807229,-1.4641324340895157,-8.397915389331699,5.071735131820969,3.0,0.22311022311022313,4482.0895522388055,-3.7885904084843527,-3.7849775654099416,0.09440009323465891,1278.3882783882782,-1.0,87.0332005312085,0.2234086675250584,
2023-07-31 13:42:57.253000,-8.349397590361447,-1.6144578313253013,4.506024096385542,-1.466584917228694,-8.42489270386266,5.098712446351931,3.0,0.22311022311022313,4482.0895522388055,-3.651185828331681,-3.1895577180816974,0.1860031466697734,1294.5054945054944,-1.0,87.0332005312085,0.22340431819008294,
2023-07-31 13:42:57.261000,-8.373493975903616,-1.5903614457831325,4.530120481927711,-1.4788473329245861,-8.407725321888412,5.093807480073575,3.0,0.22311022311022313,4482.0895522388055,-3.3611094924538185,-2.899481382203835,0.6440184138453459,1312.087912087912,-1.0,87.0332005312085,0.22339991443344012,
2023-07-31 13:42:57.269000,-8.361445783132531,-1.602409638554217,4.506024096385542,-1.5278969957081545,-8.407725321888412,5.106069895769466,3.0,0.22311022311022313,4482.0895522388055,-3.300040790163742,-2.5025348173183386,0.8882932230056513,1331.135531135531,-1.0,87.0332005312085,0.2233954582580321,
2023-07-31 13:42:57.276000,-8.3855421686747,-1.602409638554217,4.518072289156627,-1.4248927038626609,-8.505824647455547,5.118332311465358,3.0,0.22311022311022313,4482.0895522388055,-3.422178194743895,-1.8918477944175753,0.8882932230056513,1350.18315018315,-1.0,87.0332005312085,0.2233909518498793,
2023-07-31 13:42:57.284000,-8.433734939759036,-1.602409638554217,4.55421686746988,-1.4763948497854076,-8.41017780502759,5.113427345187001,3.0,0.22311022311022313,4482.0895522388055,-3.269506439018704,-1.433832527242003,1.8959268107919107,1366.3003663003662,-1.0,87.0332005312085,0.22338639757185855,
2023-07-31 13:42:57.292000,-8.44578313253012,-1.5783132530120483,4.542168674698796,-1.4028203556100551,-8.483752299202942,5.155119558553035,3.0,0.22311022311022313,4482.0895522388055,-3.2237049123011468,-1.3422294738068885,1.758522230639239,1378.021978021978,-1.0,87.0332005312085,0.22338179809575795,
2023-07-31 13:42:57.299000,-8.457831325301205,-1.566265060240964,4.55421686746988,-1.4126302881667687,-8.473942366646229,5.093807480073575,3.0,0.22311022311022313,4482.0895522388055,-3.254239263446185,-0.716275275333606,1.9569955130819872,1383.8827838827838,-1.0,87.0332005312085,0.22337715637479436,
2023-07-31 13:42:57.307000,-8.46987951807229,-1.5783132530120483,4.542168674698796,-1.4420600858369097,-8.508277130594728,5.160024524831392,3.0,0.22311022311022313,4482.0895522388055,-2.9794301031408414,-0.16665695472291897,2.5524153604102313,1386.8131868131868,-1.0,87.0332005312085,0.22337247548813072,
2023-07-31 13:42:57.315000,-8.46987951807229,-1.5542168674698795,4.493975903614458,-1.4396076026977314,-8.48620478234212,5.08399754751686,3.0,0.22311022311022313,4482.0895522388055,-3.284773614591223,0.031816327719829104,2.476079482547636,1386.8131868131868,-1.0,87.0332005312085,0.2233677584953811,
2023-07-31 13:42:57.322000,-8.457831325301205,-1.530120481927711,4.542168674698796,-1.4396076026977314,-8.540159411404046,5.096259963212753,3.0,0.22311022311022313,4482.0895522388055,-3.3153079657362614,0.4898315948954016,2.659285589417865,1386.080586080586,-1.0,87.0332005312085,0.22336300844971127,
2023-07-31 13:42:57.330000,-8.457831325301205,-1.530120481927711,4.506024096385542,-1.3733905579399142,-8.508277130594728,5.064377682403433,3.0,0.22311022311022313,4482.0895522388055,-3.071033156575956,0.9020453353534169,2.7814229939980177,1383.8827838827838,-1.0,87.0332005312085,0.2233582286767989,
2023-07-31 13:42:57.338000,-8.44578313253012,-1.5180722891566265,4.493975903614458,-1.3488657265481299,-8.437155119558552,5.093807480073575,3.0,0.22311022311022313,4482.0895522388055,-3.513781248179009,1.0547170910786077,3.040964978730842,1380.2197802197802,-1.0,87.0332005312085,0.22335342274509545,
2023-07-31 13:42:57.345000,-8.433734939759036,-1.5180722891566265,4.493975903614458,-1.3096259963212753,-8.505824647455547,5.106069895769466,3.0,0.22311022311022313,4482.0895522388055,-3.513781248179009,1.0547170910786077,3.040964978730842,1378.021978021978,-1.0,87.0332005312085,0.22334859430823253,
2023-07-31 13:42:57.353000,-8.44578313253012,-1.5060240963855422,4.46987951807229,-1.331698344573881,-8.459227467811159,5.054567749846719,3.0,0.22311022311022313,4482.0895522388055,-3.590117126041605,1.1615873200862412,3.23943826117359,1372.8937728937728,-1.0,87.0332005312085,0.22334374709631677,
2023-07-31 13:42:57.361000,-8.457831325301205,-1.5060240963855422,4.481927710843374,-1.3169834457388105,-8.48620478234212,5.049662783568363,3.0,0.22311022311022313,4482.0895522388055,-3.620651477186643,0.8257094574908215,3.3463084901812237,1363.3699633699632,-1.0,87.0332005312085,0.22333888490685275,
2023-07-31 13:42:57.368000,-8.44578313253012,-1.5060240963855422,4.481927710843374,-1.3733905579399142,-8.47148988350705,5.030042918454935,3.0,0.22311022311022313,4482.0895522388055,-3.773323232911834,0.5967018239030352,3.621117650486567,1353.8461538461538,-1.0,87.0332005312085,0.22333401159532928,
2023-07-31 13:42:57.376000,-8.44578313253012,-1.5060240963855422,4.481927710843374,-1.3782955242182708,-8.515634580012263,5.015328019619865,3.0,0.22311022311022313,4482.0895522388055,-4.063399568789697,0.33715983917021075,3.422644368043819,1344.3223443223442,-1.0,87.0332005312085,0.2233291310655076,
2023-07-31 13:42:57.384000,-8.46987951807229,-1.4819277108433735,4.493975903614458,-1.3267933782955241,-8.530349478847333,5.064377682403433,3.0,0.22311022311022313,4482.0895522388055,-4.277140026804964,0.26082396130761537,3.376842841326262,1335.5311355311355,-1.0,87.0332005312085,0.22332424725945102,
2023-07-31 13:42:57.391000,-8.46987951807229,-1.4698795180722892,4.493975903614458,-1.2924586143470262,-8.449417535254444,5.059472716125076,3.0,0.22311022311022313,4482.0895522388055,-4.3076743779500015,0.10815220558242453,3.8653924596468725,1325.2747252747251,-1.0,87.0332005312085,0.2233193641473362,
2023-07-31 13:42:57.399000,-8.457831325301205,-1.4337349397590362,4.530120481927711,-1.3194359288779889,-8.47148988350705,5.11587982832618,3.0,0.22311022311022313,4482.0895522388055,-4.048132393217177,-0.5636035196084151,3.5600489481964908,1312.8205128205127,-1.0,87.0332005312085,0.22331448571708903,
2023-07-31 13:42:57.407000,-8.493975903614459,-1.4096385542168675,4.55421686746988,-1.3047210300429184,-8.434702636419374,5.137952176578786,3.0,0.22311022311022313,4482.0895522388055,-4.3076743779500015,-0.8842142066313159,3.712720703921682,1300.3663003663003,-1.0,87.0332005312085,0.22330961596388899,
2023-07-31 13:42:57.414000,-8.493975903614459,-1.3975903614457832,4.590361445783133,-1.3586756591048437,-8.45677498467198,5.206621704475782,3.0,0.22311022311022313,4482.0895522388055,-4.567216362682826,-1.3422294738068885,3.2699726123186283,1290.10989010989,-1.0,87.0332005312085,0.2233047588795844,
2023-07-31 13:42:57.422000,-8.493975903614459,-1.4096385542168675,4.614457831325302,-1.226241569589209,-8.496014714898834,5.125689760882894,3.0,0.22311022311022313,4482.0895522388055,-4.277140026804964,-1.9681836722801709,2.995163452013285,1281.3186813186812,-1.0,87.0332005312085,0.22329991844206612,
2023-07-31 13:42:57.429000,-8.46987951807229,-1.3975903614457832,4.602409638554217,-1.2630288166768853,-8.451870018393624,5.204169221336603,3.0,0.22311022311022313,4482.0895522388055,-4.33820872909504,-2.5788706951809344,2.705087116135422,1274.7252747252746,-1.0,87.0332005312085,0.22329509860464317,
2023-07-31 13:42:57.437000,-8.433734939759036,-1.3975903614457832,4.63855421686747,-1.2458614347026364,-8.491109748620477,5.238503985285101,3.0,0.22311022311022313,4482.0895522388055,-4.353475904667559,-2.7620768020511632,2.689819940562903,1271.062271062271,-1.0,87.0332005312085,0.22329030314671697,
2023-07-31 13:42:57.445000,-8.397590361445783,-1.385542168674699,4.63855421686747,-1.2924586143470262,-8.496014714898834,5.253218884120171,3.0,0.22311022311022313,4482.0895522388055,-4.109201095507253,-2.8078783287687203,2.3997436046850407,1269.5970695970695,-1.0,87.0332005312085,0.22328553582242786,
2023-07-31 13:42:57.452000,-8.3855421686747,-1.385542168674699,4.662650602409639,-1.2188841201716738,-8.339055793991417,5.213979153893317,3.0,0.22311022311022313,4482.0895522388055,-4.567216362682826,-2.8384126799137586,2.491346658120155,1271.062271062271,-1.0,87.0332005312085,0.2232808004779246,
2023-07-31 13:42:57.460000,-8.361445783132531,-1.385542168674699,4.710843373493976,-1.2703862660944205,-8.37829552421827,5.25567136725935,3.0,0.22311022311022313,4482.0895522388055,-4.155002622224811,-2.8078783287687203,2.3386749023949642,1271.7948717948716,-1.0,87.0332005312085,0.22327610089210728,
2023-07-31 13:42:57.468000,-8.349397590361447,-1.3975903614457832,4.674698795180723,-1.3071735131820967,-8.343960760269773,5.221336603310852,3.0,0.22311022311022313,4482.0895522388055,-4.231338500087406,-1.81551191655498,2.674552764990384,1269.5970695970695,-1.0,87.0332005312085,0.2232714407668912,
2023-07-31 13:42:57.475000,-8.325301204819278,-1.3975903614457832,4.710843373493976,-1.2532188841201717,-8.415082771305947,5.25567136725935,3.0,0.22311022311022313,4482.0895522388055,-4.399277431385117,-1.5254355806771174,2.262339024532369,1268.131868131868,-1.0,87.0332005312085,0.22326682371773746,
2023-07-31 13:42:57.483000,-8.349397590361447,-1.421686746987952,4.686746987951808,-1.2703862660944205,-8.361128142244022,5.309625996321275,3.0,0.22311022311022313,4482.0895522388055,-3.8649262863469485,-0.6094050463259724,2.2012703222422925,1266.6666666666665,-1.0,87.0332005312085,0.2232622532644912,
2023-07-31 13:42:57.491000,-8.361445783132531,-1.3975903614457832,4.63855421686747,-1.3218884120171672,-8.42489270386266,5.253218884120171,3.0,0.22311022311022313,4482.0895522388055,-3.987063690927101,0.35242701474272986,2.308140551249926,1263.003663003663,-1.0,87.0332005312085,0.22325773282256306,
2023-07-31 13:42:57.498000,-8.373493975903616,-1.4337349397590362,4.626506024096386,-1.3537706928264868,-8.397915389331699,5.189454322501533,3.0,0.22311022311022313,4482.0895522388055,-4.277140026804964,0.9783812132160122,2.4150107802575596,1259.3406593406592,-1.0,87.0332005312085,0.22325326569449175,
2023-07-31 13:42:57.506000,-8.409638554216867,-1.421686746987952,4.602409638554217,-1.2703862660944205,-8.429797670141017,5.160024524831392,3.0,0.22311022311022313,4482.0895522388055,-4.185536973369849,2.260823961307615,2.6287512382728266,1260.07326007326,-1.0,87.0332005312085,0.22324885506192163,
2023-07-31 13:42:57.514000,-8.421686746987952,-1.4337349397590362,4.590361445783133,-1.3169834457388105,-8.491109748620477,5.167381974248927,3.0,0.22311022311022313,4482.0895522388055,-4.3076743779500015,2.642503350620592,2.659285589417865,1260.8058608058607,-1.0,87.0332005312085,0.22324450397802822,
2023-07-31 13:42:57.521000,-8.44578313253012,-1.4698795180722892,4.530120481927711,-1.3439607602697732,-8.488657265481299,5.125689760882894,3.0,0.22311022311022313,4482.0895522388055,-4.3076743779500015,3.115785793368684,2.4608123069751167,1263.003663003663,-1.0,87.0332005312085,0.22324021536042027,
2023-07-31 13:42:57.529000,-8.457831325301205,-1.457831325301205,4.542168674698796,-1.3218884120171672,-8.52053954629062,5.150214592274678,3.0,0.22311022311022313,4482.0895522388055,-4.567216362682826,3.527999533826699,2.827224520715575,1266.6666666666665,-1.0,87.0332005312085,0.22323599198454805,
2023-07-31 13:42:57.537000,-8.457831325301205,-1.457831325301205,4.506024096385542,-1.314530962599632,-8.508277130594728,5.110974862047823,3.0,0.22311022311022313,4482.0895522388055,-4.765689645125574,3.2531903735213556,2.7508886428529795,1272.5274725274724,-1.0,87.0332005312085,0.2232318364776433,
2023-07-31 13:42:57.544000,-8.493975903614459,-1.457831325301205,4.457831325301205,-1.2949110974862048,-8.532801961986511,5.027590435315757,3.0,0.22311022311022313,4482.0895522388055,-4.765689645125574,2.2760911368801344,2.827224520715575,1276.923076923077,-1.0,87.0332005312085,0.22322775131321174,
2023-07-31 13:42:57.552000,-8.506024096385543,-1.4337349397590362,4.481927710843374,-1.3194359288779889,-8.530349478847333,5.044757817290006,3.0,0.22311022311022313,4482.0895522388055,-4.7504224695530555,1.8791445719946382,3.453178719188857,1280.5860805860805,-1.0,87.0332005312085,0.22322373880610205,
2023-07-31 13:42:57.560000,-8.46987951807229,-1.421686746987952,4.493975903614458,-1.331698344573881,-8.53525444512569,5.057020232985898,3.0,0.22311022311022313,4482.0895522388055,-5.1931705611561085,1.4974651826816612,3.422644368043819,1282.7838827838827,-1.0,87.0332005312085,0.22321980110816408,
2023-07-31 13:42:57.567000,-8.506024096385543,-1.4337349397590362,4.493975903614458,-1.2924586143470262,-8.542611894543224,5.042305334150828,3.0,0.22311022311022313,4482.0895522388055,-5.238972087873666,0.031816327719829104,3.3921100168987808,1285.7142857142856,-1.0,87.0332005312085,0.22321594020451552,
2023-07-31 13:42:57.575000,-8.493975903614459,-1.4457831325301205,4.518072289156627,-1.3071735131820967,-8.466584917228694,5.049662783568363,3.0,0.22311022311022313,4482.0895522388055,-5.208437736728627,-0.5941378707534534,3.3921100168987808,1289.3772893772893,-1.0,87.0332005312085,0.22321215791042467,
2023-07-31 13:42:57.583000,-8.481927710843374,-1.457831325301205,4.457831325301205,-1.3218884120171672,-8.532801961986511,5.093807480073575,3.0,0.22311022311022313,4482.0895522388055,-5.742788881766796,-0.7468096264786441,3.804323757356796,1291.5750915750914,-1.0,87.0332005312085,0.22320845586882107,
2023-07-31 13:42:57.590000,-8.493975903614459,-1.457831325301205,4.506024096385542,-1.3415082771305946,-8.510729613733906,5.086450030656039,3.0,0.22311022311022313,4482.0895522388055,-5.6664530039042,-1.2964279470893312,3.6058504749140483,1293.040293040293,-1.0,87.0332005312085,0.2232048355484371,
2023-07-31 13:42:57.598000,-8.493975903614459,-1.457831325301205,4.506024096385542,-1.366033108522379,-8.572041692213366,5.103617412630288,3.0,0.22311022311022313,4482.0895522388055,-5.315307965736261,-0.9605500844939113,3.956995513081987,1291.5750915750914,-1.0,87.0332005312085,0.22320129824258508,
2023-07-31 13:42:57.606000,-8.493975903614459,-1.457831325301205,4.445783132530121,-1.3218884120171672,-8.518087063151441,5.091354996934395,3.0,0.22311022311022313,4482.0895522388055,-5.437445370316414,-1.082687489074064,3.5142474214789337,1292.3076923076922,-1.0,87.0332005312085,0.2231978450685676,
2023-07-31 13:42:57.613000,-8.44578313253012,-1.457831325301205,4.518072289156627,-1.285101164929491,-8.48620478234212,5.079092581238504,3.0,0.22311022311022313,4482.0895522388055,-5.223704912301146,-1.281160771516812,3.6516520016316054,1294.5054945054944,-1.0,87.0332005312085,0.22319447696771885,
2023-07-31 13:42:57.621000,-8.433734939759036,-1.4698795180722892,4.530120481927711,-1.3218884120171672,-8.459227467811159,5.076640098099325,3.0,0.22311022311022313,4482.0895522388055,-5.223704912301146,-1.281160771516812,3.6516520016316054,1301.8315018315018,-1.0,87.0332005312085,0.2231911947060694,
2023-07-31 13:42:57.629000,-8.433734939759036,-1.4337349397590362,4.542168674698796,-1.25567136725935,-8.483752299202942,5.137952176578786,3.0,0.22311022311022313,4482.0895522388055,-5.055765981003437,-1.097954664646583,3.7432550550667196,1317.216117216117,-1.0,87.0332005312085,0.22318799887562663,
2023-07-31 13:42:57.636000,-8.433734939759036,-1.4096385542168675,4.542168674698796,-1.2434089515634579,-8.481299816063764,5.103617412630288,3.0,0.22311022311022313,4482.0895522388055,-4.689353767262979,-1.265893595944293,3.7279878794942007,1345.054945054945,-1.0,87.0332005312085,0.2231848898962553,
2023-07-31 13:42:57.644000,-8.433734939759036,-1.3975903614457832,4.542168674698796,-1.2654812998160636,-8.476394849785407,5.16247700797057,3.0,0.22311022311022313,4482.0895522388055,-4.689353767262979,-0.8842142066313159,3.6974535283491625,1387.5457875457876,-1.0,87.0332005312085,0.2231818680181469,
2023-07-31 13:42:57.652000,-8.44578313253012,-1.4096385542168675,4.55421686746988,-1.2728387492335989,-8.52053954629062,5.167381974248927,3.0,0.22311022311022313,4482.0895522388055,-4.475613309247712,-0.4261989394557434,3.208903910028552,1443.956043956044,-1.0,87.0332005312085,0.22317893332485703,
2023-07-31 13:42:57.659000,-8.433734939759036,-1.3975903614457832,4.55421686746988,-1.280196198651134,-8.437155119558552,5.167381974248927,3.0,0.22311022311022313,4482.0895522388055,-4.567216362682826,-0.16665695472291897,3.040964978730842,1509.89010989011,-1.0,87.0332005312085,0.22317608573689093,
2023-07-31 13:42:57.667000,-8.421686746987952,-1.385542168674699,4.566265060240964,-1.20907418761496,-8.503372164316369,5.06928264868179,3.0,0.22311022311022313,4482.0895522388055,-4.460346133675192,0.24555678573509626,2.873026047433132,1583.8827838827838,-1.0,87.0332005312085,0.22317332501581605,
2023-07-31 13:42:57.675000,-8.397590361445783,-1.385542168674699,4.530120481927711,-1.2188841201716738,-8.375843041079092,5.074187614960147,3.0,0.22311022311022313,4482.0895522388055,-4.475613309247712,0.6119689994755543,2.476079482547636,1662.2710622710622,-1.0,87.0332005312085,0.22317065076887418,
2023-07-31 13:42:57.682000,-8.397590361445783,-1.3975903614457832,4.530120481927711,-1.2581238503985284,-8.434702636419374,5.125689760882894,3.0,0.22266622266622269,4491.026919242273,-4.368743080240078,0.5356331216129588,2.4608123069751167,1741.3919413919414,-1.0,87.0332005312085,0.22316806245406612,
2023-07-31 13:42:57.690000,-8.421686746987952,-1.3734939759036144,4.506024096385542,-1.2998160637645615,-8.417535254445125,5.071735131820969,3.0,0.22311022311022313,4482.0895522388055,-4.0786667443622155,1.1768544956587603,2.7966901695705366,1816.8498168498168,-1.0,87.0332005312085,0.2231655593751365,
2023-07-31 13:42:57.698000,-8.421686746987952,-1.3975903614457832,4.506024096385542,-1.2973635806253832,-8.454322501532802,5.044757817290006,3.0,0.22311022311022313,4482.0895522388055,-4.017598042072139,1.1921216712312794,2.3692092535400024,1886.4468864468863,-1.0,87.0332005312085,0.2231631406558035,
2023-07-31 13:42:57.705000,-8.457831325301205,-1.3975903614457832,4.518072289156627,-1.3243408951563458,-8.537706928264868,5.047210300429184,3.0,0.22311022311022313,4482.0895522388055,-3.819124759629391,1.0547170910786077,2.292873375677407,1944.3223443223442,-1.0,87.0332005312085,0.22316080527740448,
2023-07-31 13:42:57.713000,-8.530120481927712,-1.4096385542168675,4.481927710843374,-1.2728387492335989,-8.493562231759656,5.079092581238504,3.0,0.22311022311022313,4482.0895522388055,-3.8954606374919867,0.550900297185478,2.674552764990384,1987.5457875457873,-1.0,87.0332005312085,0.2231585520957237,
2023-07-31 13:42:57.721000,-8.506024096385543,-1.4457831325301205,4.457831325301205,-1.2728387492335989,-8.518087063151441,5.042305334150828,3.0,0.22311022311022313,4482.0895522388055,-4.0786667443622155,0.8257094574908215,2.2318046733873307,2013.9194139194137,-1.0,87.0332005312085,0.22315637984759476,
2023-07-31 13:42:57.728000,-8.481927710843374,-1.4337349397590362,4.493975903614458,-1.2581238503985284,-8.483752299202942,4.9957081545064375,3.0,0.22311022311022313,4482.0895522388055,-3.773323232911834,1.2531903735213559,2.186003146669773,2024.1758241758241,-1.0,87.0332005312085,0.2231542871577895,
2023-07-31 13:42:57.736000,-8.493975903614459,-1.4337349397590362,4.445783132530121,-1.290006131207848,-8.505824647455547,5.06928264868179,3.0,0.22311022311022313,4482.0895522388055,-4.200804148942368,1.6043354116892947,1.8501252840743534,2019.7802197802196,-1.0,87.0332005312085,0.2231522725461611,
2023-07-31 13:42:57.744000,-8.506024096385543,-1.4457831325301205,4.421686746987952,-1.314530962599632,-8.554874310239116,4.983445738810546,3.0,0.22311022311022313,4482.0895522388055,-4.155002622224811,1.4363964803915847,2.0638657420896207,2000.7326007326005,-1.0,87.0332005312085,0.22315033443500618,
2023-07-31 13:42:57.751000,-8.55421686746988,-1.4698795180722892,4.421686746987952,-1.3071735131820967,-8.58185162477008,5.0226854690374,3.0,0.22311022311022313,4482.0895522388055,-4.33820872909504,1.6043354116892947,2.277606200104888,1970.6959706959706,-1.0,87.0332005312085,0.22314847115661182,
2023-07-31 13:42:57.759000,-8.530120481927712,-1.457831325301205,4.373493975903615,-1.3635806253832004,-8.559779276517473,4.949110974862047,3.0,0.22311022311022313,4482.0895522388055,-4.4145446069576355,1.8028086941320427,2.2165374978148114,1928.9377289377287,-1.0,87.0332005312085,0.22314668096095447,
2023-07-31 13:42:57.767000,-8.566265060240964,-1.457831325301205,4.36144578313253,-1.331698344573881,-8.586756591048436,4.931943592887799,3.0,0.22311022311022313,4482.0895522388055,-4.780956820698093,1.7264728162694474,2.5371481848377124,1880.5860805860805,-1.0,87.0332005312085,0.22314496202351275,
2023-07-31 13:42:57.774000,-8.566265060240964,-1.457831325301205,4.349397590361446,-1.3807480073574494,-8.601471489883506,4.927038626609442,3.0,0.22311022311022313,4482.0895522388055,-4.857292698560689,1.4363964803915847,2.2318046733873307,1824.1758241758241,-1.0,87.0332005312085,0.22314331245316124,
2023-07-31 13:42:57.782000,-8.566265060240964,-1.4457831325301205,4.349397590361446,-1.3415082771305946,-8.630901287553648,4.931943592887799,3.0,0.22311022311022313,4482.0895522388055,-5.147369034438551,0.5967018239030352,2.094400093234659,1763.3699633699632,-1.0,87.0332005312085,0.22314173030011072,
2023-07-31 13:42:57.790000,-8.55421686746988,-1.457831325301205,4.373493975903615,-1.3979153893316982,-8.572041692213366,4.9368485591661555,3.0,0.22311022311022313,4482.0895522388055,-5.345842316881299,-0.6399393974710106,2.094400093234659,1701.8315018315018,-1.0,87.0332005312085,0.22314021356385694,
2023-07-31 13:42:57.797000,-8.578313253012048,-1.4698795180722892,4.433734939759036,-1.2679337829552422,-8.584304107909258,4.9736358062538315,3.0,0.22311022311022313,4482.0895522388055,-5.51378124817901,-2.013985198997728,1.57531612376901,1643.2234432234432,-1.0,87.0332005312085,0.2231387602011091,
2023-07-31 13:42:57.805000,-8.578313253012048,-1.457831325301205,4.445783132530121,-1.280196198651134,-8.589209074187615,5.007970570202329,3.0,0.22311022311022313,4482.0895522388055,-5.651185828331681,-2.5025348173183386,1.2699726123186283,1594.139194139194,-1.0,87.0332005312085,0.22313736813366006,
2023-07-31 13:42:57.812000,-8.55421686746988,-1.457831325301205,4.46987951807229,-1.331698344573881,-8.552421827099938,5.059472716125076,3.0,0.22311022311022313,4482.0895522388055,-5.544315599324047,-3.082687489074064,1.2547054367461092,1551.6483516483515,-1.0,87.0332005312085,0.22313603525616776,
2023-07-31 13:42:57.820000,-8.518072289156628,-1.4698795180722892,4.530120481927711,-1.3194359288779889,-8.559779276517473,5.164929491109748,3.0,0.22311022311022313,4482.0895522388055,-6.093933919934734,-3.7849775654099416,1.3157741390361857,1512.087912087912,704.7119140625,85.14117443270396,0.2231347594438167,
2023-07-31 13:42:57.828000,-8.530120481927712,-1.4819277108433735,4.542168674698796,-1.3537706928264868,-8.496014714898834,5.167381974248927,3.0,0.22311022311022313,4482.0895522388055,-6.33820872909504,-4.013985198997728,0.6745527649903841,1477.6556776556777,-1.0,85.14117443270396,0.22313353855982873,
2023-07-31 13:42:57.835000,-8.481927710843374,-1.5060240963855422,4.55421686746988,-1.4150827713059473,-8.47148988350705,5.179644389944819,3.0,0.22266622266622269,4491.026919242273,-6.399277431385116,-4.701008099761086,0.04859856651710166,1445.4212454212454,-1.0,85.14117443270396,0.22313237046279336,
2023-07-31 13:42:57.843000,-8.457831325301205,-1.5542168674698795,4.590361445783133,-1.4126302881667687,-8.473942366646229,5.191906805640711,3.0,0.22311022311022313,4482.0895522388055,-6.3076743779500015,-5.2353592447992545,-0.4246838762309899,1416.8498168498168,-1.0,85.14117443270396,0.2231312530032465,
2023-07-31 13:42:57.851000,-8.433734939759036,-1.5542168674698795,4.63855421686747,-1.449417535254445,-8.437155119558552,5.297363580625383,3.0,0.22311022311022313,4482.0895522388055,-6.124468271079772,-5.510168405104598,-1.2491113571470205,1391.2087912087911,-1.0,85.14117443270396,0.22313018399884954,
2023-07-31 13:42:57.858000,-8.3855421686747,-1.5783132530120483,4.698795180722891,-1.4003678724708768,-8.407725321888412,5.265481299816064,3.0,0.22311022311022313,4482.0895522388055,-5.681720179476719,-6.868947031058797,-1.4933861663073258,1367.7655677655678,-1.0,85.14117443270396,0.22312916127234558,
2023-07-31 13:42:57.866000,-8.325301204819278,-1.566265060240964,4.734939759036145,-1.4347026364193745,-8.353770692826487,5.3635806253832,3.0,0.22311022311022313,4482.0895522388055,-5.040498805430918,-6.823145504341239,-1.340714410582135,1347.2527472527472,-1.0,85.14117443270396,0.2231281826680731,
2023-07-31 13:42:57.874000,-8.265060240963855,-1.5421686746987953,4.746987951807229,-1.5229920294297976,-8.309625996321275,5.388105456774984,3.0,0.22311022311022313,4482.0895522388055,-4.368743080240078,-7.525435580677117,-0.7910960899714479,1328.937728937729,-1.0,85.14117443270396,0.22312724605764442,
2023-07-31 13:42:57.881000,-8.216867469879519,-1.530120481927711,4.795180722891566,-1.407725321888412,-8.231146535867566,5.432250153280196,3.0,0.22311022311022313,4482.0895522388055,-3.040498805430918,-6.701008099761086,-0.7758289143989289,1309.89010989011,-1.0,85.14117443270396,0.22312634934531675,
2023-07-31 13:42:57.889000,-8.180722891566266,-1.530120481927711,4.843373493975903,-1.3415082771305946,-8.19435928877989,5.417535254445125,3.0,0.22311022311022313,4482.0895522388055,-2.8114911718431315,-5.31169512266185,-0.3178136472233563,1290.8424908424909,-1.0,85.14117443270396,0.22312549047304547,
2023-07-31 13:42:57.897000,-8.204819277108435,-1.4819277108433735,4.855421686746988,-1.3709380748007356,-8.184549356223176,5.419987737584304,3.0,0.22311022311022313,4482.0895522388055,-2.8114911718431315,-5.31169512266185,-0.3178136472233563,1274.7252747252746,-1.0,85.14117443270396,0.2231246674252094,
2023-07-31 13:42:57.904000,-8.204819277108435,-1.457831325301205,4.843373493975903,-1.366033108522379,-8.245861434702636,5.412630288166769,3.0,0.22311022311022313,4482.0895522388055,-1.9870636909271011,-4.65520657304353,0.21653749781481157,1262.2710622710622,-1.0,85.14117443270396,0.22312387823299737,
2023-07-31 13:42:57.912000,-8.204819277108435,-1.4337349397590362,4.795180722891566,-1.2924586143470262,-8.243408951563458,5.429797670141017,3.0,0.22311022311022313,4482.0895522388055,-1.8649262863469485,-3.281160771516812,0.33867490239496423,1256.4102564102564,-1.0,85.14117443270396,0.22312312097845258,
2023-07-31 13:42:57.920000,-8.19277108433735,-1.3975903614457832,4.795180722891566,-1.2630288166768853,-8.260576333537706,5.393010423053341,3.0,0.22311022311022313,4482.0895522388055,-0.7351552939805363,-1.6628401608297891,1.1173008565934375,1255.6776556776556,-1.0,85.14117443270396,0.22312239379816834,
2023-07-31 13:42:57.927000,-8.228915662650603,-1.3614457831325302,4.783132530120482,-1.2017167381974247,-8.25567136725935,5.2998160637645615,3.0,0.22311022311022313,4482.0895522388055,-0.5672163626828263,0.4898315948954016,2.124934444379697,1260.8058608058607,-1.0,85.14117443270396,0.22312169488663267,
2023-07-31 13:42:57.935000,-8.27710843373494,-1.3373493975903614,4.710843373493976,-1.1722869405272838,-8.321888412017167,5.34886572654813,3.0,0.22311022311022313,4482.0895522388055,0.012936309072898883,1.3600606025289894,2.7814229939980177,1271.062271062271,-1.0,85.14117443270396,0.22312102249922267,
2023-07-31 13:42:57.943000,-8.349397590361447,-1.313253012048193,4.686746987951808,-1.1894543225015328,-8.402820355610055,5.265481299816064,3.0,0.22266622266622269,4491.026919242273,0.07400501136297521,2.260823961307615,3.804323757356796,1282.051282051282,-1.0,85.14117443270396,0.22312037495484743,
2023-07-31 13:42:57.950000,-8.337349397590362,-1.2891566265060241,4.626506024096386,-1.1453096259963211,-8.402820355610055,5.226241569589209,3.0,0.22311022311022313,4482.0895522388055,0.5625546296835859,3.131052968941203,4.888293223005651,1295.2380952380952,-1.0,85.14117443270396,0.22311975062769962,
2023-07-31 13:42:57.958000,-8.397590361445783,-1.2771084337349399,4.578313253012048,-1.1894543225015328,-8.451870018393624,5.164929491109748,3.0,0.22311022311022313,4482.0895522388055,0.7915622632713721,3.7264728162694474,6.2012703222422925,1310.6227106227104,-1.0,85.14117443270396,0.2231191479174982,
2023-07-31 13:42:57.966000,-8.457831325301205,-1.2530120481927711,4.578313253012048,-1.1305947271612506,-8.522992029429798,5.130594727161251,3.0,0.22266622266622269,4491.026919242273,0.944234018996563,2.7951751063457833,6.796690169570536,1326.007326007326,-1.0,85.14117443270396,0.22311856528242882,
2023-07-31 13:42:57.973000,-8.518072289156628,-1.2048192771084338,4.55421686746988,-1.0962599632127528,-8.552421827099938,5.130594727161251,3.0,0.22266622266622269,4491.026919242273,1.2190431793019065,2.5356331216129586,8.079132917662138,1340.6593406593406,-1.0,85.14117443270396,0.22311800110130098,
2023-07-31 13:42:57.981000,-8.566265060240964,-1.1566265060240966,4.542168674698796,-1.0472103004291844,-8.679950950337217,5.130594727161251,3.0,0.22311022311022313,4482.0895522388055,0.944234018996563,2.1081522055824244,8.506613833692674,1354.5787545787546,-1.0,85.14117443270396,0.22311745365226804,
2023-07-31 13:42:57.989000,-8.614457831325302,-1.1325301204819278,4.55421686746988,-0.9858982219497241,-8.655426118945432,5.164929491109748,3.0,0.22266622266622269,4491.026919242273,1.0511042480041966,1.6196025872618138,8.70508711613542,1367.032967032967,-1.0,85.14117443270396,0.2231169213994843,
2023-07-31 13:42:57.996000,-8.63855421686747,-1.0843373493975905,4.590361445783133,-0.9294911097486205,-8.67259350091968,5.150214592274678,3.0,0.22266622266622269,4491.026919242273,1.2343103548744256,1.131052968941203,8.659285589417864,1379.4871794871794,-1.0,85.14117443270396,0.22311640300258695,
2023-07-31 13:42:58.004000,-8.63855421686747,-1.0843373493975905,4.590361445783133,-0.9417535254445125,-8.697118332311465,5.164929491109748,3.0,0.22266622266622269,4491.026919242273,0.593088980828624,0.6272361750480734,8.21653749781481,1388.278388278388,-1.0,85.14117443270396,0.2231158969963435,
2023-07-31 13:42:58.012000,-8.66265060240964,-1.0481927710843375,4.578313253012048,-0.8436541998773758,-8.640711220110362,5.142857142857142,3.0,0.22311022311022313,4482.0895522388055,0.4556844006759523,0.45929724375036346,7.727987879494201,1391.9413919413919,-1.0,85.14117443270396,0.2231154017992789,
2023-07-31 13:42:58.019000,-8.614457831325302,-1.0120481927710845,4.542168674698796,-0.8362967504598405,-8.677498467198038,5.135499693439607,3.0,0.22311022311022313,4482.0895522388055,0.10453936250801338,-0.41093176388322433,6.964629100868247,1393.4065934065934,-1.0,85.14117443270396,0.22311491600917402,
2023-07-31 13:42:58.027000,-8.614457831325302,-1.0,4.542168674698796,-0.8264868179031268,-8.584304107909258,5.086450030656039,3.0,0.22266622266622269,4491.026919242273,0.3182798205232806,-1.1284890157916212,5.773789406211758,1392.6739926739926,-1.0,85.14117443270396,0.22311443842150047,
2023-07-31 13:42:58.035000,-8.578313253012048,-1.0120481927710845,4.542168674698796,-0.8927038626609441,-8.527896995708154,5.135499693439607,3.0,0.22311022311022313,4482.0895522388055,0.10453936250801338,-1.47963405395956,4.262339024532369,1389.0109890109889,-1.0,85.14117443270396,0.22311396773931266,
2023-07-31 13:42:58.042000,-8.506024096385543,-0.9879518072289157,4.55421686746988,-0.7725321888412017,-8.513182096873084,5.187001839362354,3.0,0.22311022311022313,4482.0895522388055,0.3640813472408378,-1.2964279470893312,2.689819940562903,1382.4175824175823,-1.0,85.14117443270396,0.22311350269851035,
2023-07-31 13:42:58.050000,-8.518072289156628,-0.9759036144578314,4.590361445783133,-0.8117719190680563,-8.496014714898834,5.194359288779889,3.0,0.22311022311022313,4482.0895522388055,1.2495775304469445,-1.6781073364023082,2.109667268807178,1372.161172161172,-1.0,85.14117443270396,0.2231130422245668,
2023-07-31 13:42:58.058000,-8.518072289156628,-0.9879518072289157,4.602409638554217,-0.8313917841814837,-8.542611894543224,5.199264255058246,3.0,0.22311022311022313,4482.0895522388055,0.9289668434240439,-1.0216187867839877,0.4302779558300788,1358.974358974359,-1.0,85.14117443270396,0.2231125852913611,
2023-07-31 13:42:58.065000,-8.493975903614459,-1.0,4.63855421686747,-0.8436541998773758,-8.478847332924586,5.236051502145923,3.0,0.22311022311022313,4482.0895522388055,1.7228599731950363,0.16922090787250085,-1.020103723559234,1342.1245421245421,-1.0,85.14117443270396,0.22311213091877607,
2023-07-31 13:42:58.073000,-8.481927710843374,-0.9879518072289157,4.614457831325302,-0.9025137952176578,-8.466584917228694,5.216431637032495,3.0,0.22311022311022313,4482.0895522388055,2.3640813472408375,0.6119689994755543,-2.1040731892080893,1324.5421245421244,-1.0,85.14117443270396,0.22311167830909528,
2023-07-31 13:42:58.081000,-8.493975903614459,-1.036144578313253,4.626506024096386,-0.9098712446351931,-8.466584917228694,5.236051502145923,3.0,0.22311022311022313,4482.0895522388055,3.4480508128896927,1.7417399918419665,-3.355981586154654,1307.6923076923076,-1.0,85.14117443270396,0.22311122668560068,
2023-07-31 13:42:58.088000,-8.530120481927712,-1.0602409638554218,4.63855421686747,-0.9172286940527283,-8.527896995708154,5.258123850398528,3.0,0.22311022311022313,4482.0895522388055,4.3640813472408375,3.0394499155060886,-4.943767845696638,1293.040293040293,-1.0,85.14117443270396,0.22311077530154697,
2023-07-31 13:42:58.096000,-8.566265060240964,-1.0843373493975905,4.662650602409639,-0.8828939301042305,-8.547516860821581,5.253218884120171,3.0,0.22311022311022313,4482.0895522388055,5.524386690752288,2.749373579628226,-5.2491113571470205,1281.3186813186812,-1.0,85.14117443270396,0.2231103235668512,
2023-07-31 13:42:58.104000,-8.55421686746988,-1.072289156626506,4.614457831325302,-0.973635806253832,-8.635806253832005,5.221336603310852,3.0,0.22311022311022313,4482.0895522388055,6.852630965561448,3.4211293048190656,-5.630790746459997,1271.062271062271,-1.0,85.14117443270396,0.22310987089803966,
2023-07-31 13:42:58.111000,-8.602409638554217,-1.0963855421686748,4.614457831325302,-0.9466584917228693,-8.586756591048436,5.238503985285101,3.0,0.22266622266622269,4491.026919242273,7.99766913350038,3.543266709399218,-6.562088456383662,1263.7362637362637,-1.0,85.14117443270396,0.22310941671747941,
2023-07-31 13:42:58.119000,-8.566265060240964,-1.108433734939759,4.614457831325302,-0.956468424279583,-8.608828939301041,5.184549356223176,3.0,0.22266622266622269,4491.026919242273,9.14270730143931,3.543266709399218,-6.531554105238623,1258.6080586080586,-1.0,85.14117443270396,0.22310896030333058,
2023-07-31 13:42:58.127000,-8.530120481927712,-1.1686746987951808,4.602409638554217,-1.020232985898222,-8.586756591048436,5.125689760882894,3.0,0.22311022311022313,4482.0895522388055,10.012936309072899,3.9860148010022716,-7.1422411281393865,1253.4798534798533,-1.0,85.14117443270396,0.22310850062820417,
2023-07-31 13:42:58.134000,-8.530120481927712,-1.2048192771084338,4.578313253012048,-1.032495401594114,-8.513182096873084,5.172286940527283,3.0,0.22266622266622269,4491.026919242273,10.577821805256104,4.902045335353416,-7.126973952566868,1249.084249084249,-1.0,85.14117443270396,0.22310803666524232,
2023-07-31 13:42:58.142000,-8.506024096385543,-1.2048192771084338,4.493975903614458,-1.1158798283261802,-8.515634580012263,5.076640098099325,3.0,0.22266622266622269,4491.026919242273,11.188508828156868,6.169220907872501,-7.111706776994349,1246.8864468864467,-1.0,85.14117443270396,0.2231075674062478,
2023-07-31 13:42:58.150000,-8.530120481927712,-1.216867469879518,4.46987951807229,-1.150214592274678,-8.537706928264868,5.120784794604536,3.0,0.22266622266622269,4491.026919242273,11.890798904492746,6.0012819765747905,-7.493386166307325,1248.3516483516482,-1.0,85.14117443270396,0.22310709183787555,
2023-07-31 13:42:58.157000,-8.518072289156628,-1.2650602409638554,4.421686746987952,-1.1109748620478233,-8.589209074187615,5.039852851011649,3.0,0.22311022311022313,4482.0895522388055,12.684692034263739,6.245556785735096,-8.073538838063051,1252.014652014652,-1.0,85.14117443270396,0.22310660905672333,
2023-07-31 13:42:58.165000,-8.493975903614459,-1.2891566265060241,4.433734939759036,-1.1747394236664623,-8.478847332924586,4.963825873697118,3.0,0.22311022311022313,4482.0895522388055,12.730493560981296,6.596701823903035,-8.317813647223357,1257.142857142857,-1.0,85.14117443270396,0.2231061181287809,
2023-07-31 13:42:58.173000,-8.481927710843374,-1.2771084337349399,4.409638554216868,-1.2041692213366033,-8.510729613733906,4.9957081545064375,3.0,0.22311022311022313,4482.0895522388055,13.615989744187402,6.474564419322882,-8.378882349513432,1262.2710622710622,-1.0,85.14117443270396,0.22310561812989083,
2023-07-31 13:42:58.180000,-8.46987951807229,-1.2891566265060241,4.433734939759036,-1.1870018393623543,-8.513182096873084,4.983445738810546,3.0,0.22311022311022313,4482.0895522388055,13.615989744187402,6.474564419322882,-8.378882349513432,1267.3992673992673,-1.0,85.14117443270396,0.22310510815491447,
2023-07-31 13:42:58.188000,-8.481927710843374,-1.2771084337349399,4.409638554216868,-1.1820968730839976,-8.48620478234212,4.97608828939301,3.0,0.22311022311022313,4482.0895522388055,13.524386690752287,6.52036594604044,-8.745294563253891,1273.9926739926739,-1.0,85.14117443270396,0.22310458745554154,
2023-07-31 13:42:58.195000,-8.46987951807229,-1.2771084337349399,4.36144578313253,-1.1232372777437154,-8.508277130594728,4.9074187614960145,3.0,0.22311022311022313,4482.0895522388055,14.074005011362974,5.955480449857234,-8.073538838063051,1283.5164835164835,-1.0,85.14117443270396,0.2231040552806728,
2023-07-31 13:42:58.203000,-8.506024096385543,-1.3012048192771084,4.385542168674699,-1.1109748620478233,-8.540159411404046,4.983445738810546,3.0,0.22311022311022313,4482.0895522388055,14.47095157624847,6.016549152147309,-7.325447235009616,1293.7728937728937,-1.0,85.14117443270396,0.22310351074878537,
2023-07-31 13:42:58.211000,-8.493975903614459,-1.2891566265060241,4.373493975903615,-1.1526670754138564,-8.527896995708154,4.9515634580012255,3.0,0.22266622266622269,4491.026919242273,14.867898141133967,6.062350678864867,-6.852164792261524,1304.0293040293038,-1.0,85.14117443270396,0.22310295299747906,
2023-07-31 13:42:58.218000,-8.530120481927712,-1.2891566265060241,4.373493975903615,-1.1526670754138564,-8.540159411404046,4.998160637645616,3.0,0.22311022311022313,4482.0895522388055,15.264844706019463,6.016549152147309,-6.394149525085951,1312.087912087912,-1.0,85.14117443270396,0.22310238117366013,
2023-07-31 13:42:58.226000,-8.566265060240964,-1.2771084337349399,4.349397590361446,-1.1698344573881054,-8.537706928264868,4.956468424279583,3.0,0.22311022311022313,4482.0895522388055,15.539653866324807,6.5509002971854775,-6.073538838063051,1320.14652014652,-1.0,85.14117443270396,0.2231017945417832,
2023-07-31 13:42:58.234000,-8.566265060240964,-1.3012048192771084,4.313253012048193,-1.213979153893317,-8.623543838136113,4.939301042305334,3.0,0.22266622266622269,4491.026919242273,16.425150049530913,6.505098770467921,-5.981935784627936,1328.2051282051282,-1.0,85.14117443270396,0.22310119249647054,
2023-07-31 13:42:58.241000,-8.602409638554217,-1.2891566265060241,4.313253012048193,-1.1354996934396075,-8.562231759656651,4.939301042305334,3.0,0.22311022311022313,4482.0895522388055,16.867898141133967,6.734106404055707,-5.294912883864577,1331.8681318681317,-1.0,85.14117443270396,0.22310057413877613,
2023-07-31 13:42:58.249000,-8.614457831325302,-1.2771084337349399,4.301204819277109,-1.1305947271612506,-8.603923973022685,4.865726548129981,3.0,0.22311022311022313,4482.0895522388055,17.448050812889694,6.291358312452653,-5.646057922032516,1331.135531135531,-1.0,85.14117443270396,0.2230999385660493,
2023-07-31 13:42:58.257000,-8.602409638554217,-1.2530120481927711,4.313253012048193,-1.1183323114653587,-8.687308399754752,4.8779889638258735,3.0,0.22266622266622269,4491.026919242273,17.799195851057632,7.161587320086241,-5.829264028902745,1326.7399267399267,-1.0,85.14117443270396,0.2230992850233021,
2023-07-31 13:42:58.264000,-8.63855421686747,-1.2771084337349399,4.325301204819278,-1.1109748620478233,-8.59656652360515,4.9368485591661555,3.0,0.22266622266622269,4491.026919242273,17.99766913350038,7.17685449565876,-5.829264028902745,1319.4139194139193,-1.0,85.14117443270396,0.22309861249006377,
2023-07-31 13:42:58.272000,-8.614457831325302,-1.2409638554216869,4.373493975903615,-1.1453096259963211,-8.599019006744328,4.912323727774371,3.0,0.22311022311022313,4482.0895522388055,18.19614241594313,5.8791445719946385,-6.348347998368395,1312.8205128205127,-1.0,85.14117443270396,0.22309791981053467,
2023-07-31 13:42:58.280000,-8.602409638554217,-1.2048192771084338,4.397590361445784,-1.0668301655426118,-8.650521152667075,4.924586143470264,3.0,0.22311022311022313,4482.0895522388055,19.32591340830954,5.146320144513722,-5.875065555620303,1309.1575091575091,-1.0,85.14117443270396,0.22309720612183193,
2023-07-31 13:42:58.287000,-8.614457831325302,-1.1686746987951808,4.373493975903615,-1.032495401594114,-8.662783568362967,4.9589209074187615,3.0,0.22266622266622269,4491.026919242273,19.707592797622517,4.5509002971854775,-5.676592273177555,1308.4249084249084,-1.0,85.14117443270396,0.22309647085713638,
2023-07-31 13:42:58.295000,-8.602409638554217,-1.180722891566265,4.385542168674699,-1.091354996934396,-8.621091354996935,4.949110974862047,3.0,0.22266622266622269,4491.026919242273,20.745760736553812,3.711205640696928,-6.226210593788242,1307.6923076923076,-1.0,85.14117443270396,0.2230957133131778,
2023-07-31 13:42:58.303000,-8.566265060240964,-1.216867469879518,4.409638554216868,-1.0275904353157572,-8.594114040465971,5.059472716125076,3.0,0.22311022311022313,4482.0895522388055,21.17324165258435,2.764640755200745,-7.294912883864577,1309.1575091575091,-1.0,85.14117443270396,0.22309493277208137,
2023-07-31 13:42:58.310000,-8.530120481927712,-1.144578313253012,4.46987951807229,-1.0349478847332925,-8.532801961986511,5.039852851011649,3.0,0.22266622266622269,4491.026919242273,21.906066080065266,2.3218926635976915,-7.1422411281393865,1312.087912087912,-1.0,85.14117443270396,0.22309412863369243,
2023-07-31 13:42:58.318000,-8.493975903614459,-1.180722891566265,4.481927710843374,-1.0055180870631515,-8.518087063151441,5.088902513795217,3.0,0.22311022311022313,4482.0895522388055,22.333546996095798,2.1234193811549433,-7.981935784627937,1320.14652014652,-1.0,85.14117443270396,0.2230933001638658,
2023-07-31 13:42:58.326000,-8.493975903614459,-1.2048192771084338,4.506024096385542,-1.074187614960147,-8.525444512568976,5.093807480073575,3.0,0.22266622266622269,4491.026919242273,23.14270730143931,2.215022434590058,-8.653691509818776,1335.5311355311355,-1.0,85.14117443270396,0.22309244677587758,
2023-07-31 13:42:58.333000,-8.457831325301205,-1.144578313253012,4.542168674698796,-0.9858982219497241,-8.476394849785407,5.135499693439607,3.0,0.22266622266622269,4491.026919242273,23.585455393042363,1.6959384651244092,-9.523920517452364,1359.7069597069597,-1.0,85.14117443270396,0.22309156788569454,
2023-07-31 13:42:58.341000,-8.44578313253012,-1.0843373493975905,4.590361445783133,-0.944206008583691,-8.491109748620477,5.228694052728387,3.0,0.22311022311022313,4482.0895522388055,24.31827982052328,2.6730377017656304,-9.417050288444731,1397.8021978021977,-1.0,85.14117443270396,0.22309066262833466,
2023-07-31 13:42:58.349000,-8.506024096385543,-1.072289156626506,4.590361445783133,-0.8755364806866952,-8.562231759656651,5.243408951563458,3.0,0.22266622266622269,4491.026919242273,24.44041722510343,3.329526251383951,-9.78346250218519,1446.8864468864467,-1.0,85.14117443270396,0.22308973029793078,
2023-07-31 13:42:58.356000,-8.530120481927712,-1.0602409638554218,4.626506024096386,-0.9638258736971183,-8.547516860821581,5.250766400980993,3.0,0.22266622266622269,4491.026919242273,25.09690577472175,3.3753277781015085,-10.043004486918013,1507.6923076923076,-1.0,85.14117443270396,0.22308877022284346,
2023-07-31 13:42:58.364000,-8.530120481927712,-1.0240963855421688,4.63855421686747,-0.8804414469650521,-8.58185162477008,5.260576333537706,3.0,0.22266622266622269,4491.026919242273,25.692325622049996,3.9096789231396762,-10.210943418215724,1575.091575091575,-1.0,85.14117443270396,0.22308778160904633,
2023-07-31 13:42:58.372000,-8.566265060240964,-1.0481927710843375,4.674698795180723,-0.9000613120784794,-8.618638871857755,5.248313917841815,3.0,0.22266622266622269,4491.026919242273,26.104539362508014,3.9402132742847145,-10.684225860963815,1648.3516483516482,-1.0,85.14117443270396,0.2230867636811612,
2023-07-31 13:42:58.379000,-8.602409638554217,-1.036144578313253,4.698795180722891,-0.9809932556713672,-8.61128142244022,5.236051502145923,3.0,0.22266622266622269,4491.026919242273,26.0129363090729,3.9249460987121956,-11.09643960142183,1725.2747252747251,-1.0,85.14117443270396,0.22308571568450752,
2023-07-31 13:42:58.387000,-8.614457831325302,-1.0481927710843375,4.63855421686747,-0.973635806253832,-8.67259350091968,5.2409564684242795,3.0,0.22311022311022313,4482.0895522388055,26.11980653808053,4.062350678864867,-11.340714410582136,1801.4652014652013,-1.0,85.14117443270396,0.2230846368869026,
2023-07-31 13:42:58.395000,-8.614457831325302,-1.0602409638554218,4.662650602409639,-0.9466584917228693,-8.652973635806253,5.253218884120171,3.0,0.22311022311022313,4482.0895522388055,26.348814171668316,3.3905949536740274,-11.661325097605037,1868.131868131868,-1.0,85.14117443270396,0.22308352672950144,
2023-07-31 13:42:58.402000,-8.566265060240964,-1.108433734939759,4.662650602409639,-0.9368485591661557,-8.61128142244022,5.196811771919068,3.0,0.22311022311022313,4482.0895522388055,26.409882873958395,3.0089155643610503,-13.126973952566868,1920.8791208791208,-1.0,85.14117443270396,0.22308238484995788,
2023-07-31 13:42:58.410000,-8.542168674698795,-1.108433734939759,4.698795180722891,-0.9515634580012262,-8.559779276517473,5.231146535867565,3.0,0.22311022311022313,4482.0895522388055,26.715226385408776,1.8180758697045618,-13.92086708233786,1956.0439560439559,-1.0,85.14117443270396,0.22308121094638456,
2023-07-31 13:42:58.418000,-8.493975903614459,-1.144578313253012,4.710843373493976,-1.0545677498467196,-8.498467198038012,5.2703862660944205,3.0,0.22266622266622269,4491.026919242273,26.66942485869122,0.6883048773381497,-14.57735563195618,1973.6263736263736,-1.0,85.14117443270396,0.2230800047799818,
2023-07-31 13:42:58.425000,-8.3855421686747,-1.144578313253012,4.674698795180723,-1.0692826486817903,-8.415082771305947,5.189454322501533,3.0,0.22311022311022313,4482.0895522388055,27.12744012586679,0.9631140376434932,-14.913233494551601,1975.091575091575,-1.0,85.14117443270396,0.22307876602828602,
2023-07-31 13:42:58.433000,-8.313253012048193,-1.144578313253012,4.650602409638554,-0.9957081545064377,-8.31698344573881,5.191906805640711,3.0,0.22311022311022313,4482.0895522388055,27.738127148767553,0.382961365887768,-15.371248761727173,1961.9047619047617,-1.0,85.14117443270396,0.2230774944150334,
2023-07-31 13:42:58.441000,-8.25301204819277,-1.1927710843373494,4.626506024096386,-1.0766400980993256,-8.250766400980993,5.221336603310852,3.0,0.22266622266622269,4491.026919242273,27.951867606782823,-0.4261989394557434,-16.134607540353127,1936.263736263736,-1.0,85.14117443270396,0.22307618987144073,
2023-07-31 13:42:58.448000,-8.19277108433735,-1.180722891566265,4.650602409638554,-1.032495401594114,-8.20907418761496,5.287553648068669,3.0,0.22266622266622269,4491.026919242273,28.150340889225568,0.23028961016257718,-16.25674494493328,1898.9010989010987,-1.0,85.14117443270396,0.22307485225020937,
2023-07-31 13:42:58.456000,-8.108433734939759,-1.1686746987951808,4.650602409638554,-1.020232985898222,-8.079092581238504,5.236051502145923,3.0,0.22266622266622269,4491.026919242273,28.150340889225568,0.23028961016257718,-16.25674494493328,1853.4798534798533,-1.0,85.14117443270396,0.22307348144433495,
2023-07-31 13:42:58.464000,-8.132530120481928,-1.2409638554216869,4.626506024096386,-1.1698344573881054,-8.135499693439607,5.189454322501533,3.0,0.22311022311022313,4482.0895522388055,29.14270730143931,2.4745644193228826,-15.661325097605037,1797.069597069597,-1.0,85.14117443270396,0.22307207736686172,
2023-07-31 13:42:58.471000,-8.25301204819277,-1.3614457831325302,4.602409638554217,-1.2777437155119558,-8.238503985285101,5.164929491109748,3.0,0.22311022311022313,4482.0895522388055,28.31827982052328,4.611968999475554,-16.180409067070684,1736.263736263736,-1.0,85.14117443270396,0.22307063997238896,
2023-07-31 13:42:58.479000,-8.289156626506024,-1.3734939759036144,4.55421686746988,-1.2188841201716738,-8.24095646842428,5.160024524831392,3.0,0.22311022311022313,4482.0895522388055,27.219043179301906,4.108152205582424,-18.25674494493328,1673.9926739926739,-1.0,85.14117443270396,0.22306916942756788,
2023-07-31 13:42:58.487000,-8.204819277108435,-1.3975903614457832,4.566265060240964,-1.2483139178418148,-8.201716738197424,5.137952176578786,3.0,0.22311022311022313,4482.0895522388055,26.867898141133967,3.7722743429870045,-20.317813647223357,1613.186813186813,-1.0,85.14117443270396,0.22306766597306793,
2023-07-31 13:42:58.494000,-8.132530120481928,-1.3975903614457832,4.493975903614458,-1.260576333537707,-8.187001839362354,5.054567749846719,3.0,0.22311022311022313,4482.0895522388055,26.684692034263737,6.8867781597808975,-19.188042654856943,1555.311355311355,-1.0,85.14117443270396,0.22306612992419014,
2023-07-31 13:42:58.502000,-8.204819277108435,-1.457831325301205,4.409638554216868,-1.39546290619252,-8.231146535867566,4.941753525444512,3.0,0.22311022311022313,4482.0895522388055,26.562554629683586,10.68830487733815,-18.73002738768137,1501.8315018315018,-1.0,85.14117443270396,0.22306456167138014,
2023-07-31 13:42:58.510000,-8.301204819277109,-1.4819277108433735,4.349397590361446,-1.3832004904966277,-8.326793378295523,4.855916615573268,3.0,0.22311022311022313,4482.0895522388055,25.50911951517977,11.848610220849599,-19.203309830429465,1455.6776556776556,674.072265625,89.0112278160087,0.22306296168064377,
2023-07-31 13:42:58.517000,-8.373493975903616,-1.5542168674698795,4.289156626506024,-1.4028203556100551,-8.42489270386266,4.843654199877376,3.0,0.22266622266622269,4491.026919242273,24.50148592739351,10.428762892605326,-19.43231746401725,1416.117216117216,-1.0,89.0112278160087,0.22306133049386706,
2023-07-31 13:42:58.525000,-8.397590361445783,-1.5783132530120483,4.337349397590362,-1.5401594114040464,-8.358675659104843,4.824034334763948,3.0,0.22311022311022313,4482.0895522388055,23.432783637317172,8.764640755200745,-19.844531204475263,1381.6849816849815,-1.0,89.0112278160087,0.2230596685797499,
2023-07-31 13:42:58.533000,-8.337349397590362,-1.6506024096385543,4.325301204819278,-1.525444512568976,-8.383200490496627,4.88289393010423,3.0,0.22311022311022313,4482.0895522388055,22.547287454111068,9.558533884971737,-19.493386166307324,1350.18315018315,-1.0,89.0112278160087,0.22305797646135944,
2023-07-31 13:42:58.540000,-8.325301204819278,-1.674698795180723,4.265060240963856,-1.5573267933782955,-8.42489270386266,4.858369098712446,3.0,0.22266622266622269,4491.026919242273,21.386982110599615,9.741739991841966,-18.684225860963814,1322.3443223443223,-1.0,89.0112278160087,0.22305625487511338,
2023-07-31 13:42:58.548000,-8.409638554216867,-1.746987951807229,4.289156626506024,-1.7142857142857142,-8.48620478234212,4.819129368485592,3.0,0.22266622266622269,4491.026919242273,20.745760736553812,10.35242701474273,-17.27964570829206,1297.4358974358975,-1.0,89.0112278160087,0.22305450448250788,
2023-07-31 13:42:58.556000,-8.518072289156628,-1.7710843373493976,4.301204819277109,-1.7093807480073573,-8.655426118945432,4.922133660331085,3.0,0.22266622266622269,4491.026919242273,19.66179127090496,10.291358312452653,-16.409416700658472,1276.1904761904761,-1.0,89.0112278160087,0.22305272584793293,
2023-07-31 13:42:58.563000,-8.63855421686747,-1.8192771084337351,4.337349397590362,-1.7118332311465358,-8.665236051502145,4.880441446965052,3.0,0.22266622266622269,4491.026919242273,18.990035545714118,8.01654915214731,-15.157508303711905,1255.6776556776556,-1.0,89.0112278160087,0.2230509195753475,
2023-07-31 13:42:58.571000,-8.66265060240964,-1.710843373493976,4.349397590361446,-1.5818516247700796,-8.743715511955855,4.863274064990803,3.0,0.22266622266622269,4491.026919242273,18.11980653808053,6.291358312452653,-13.92086708233786,1235.8974358974358,-1.0,89.0112278160087,0.22304908630594483,
2023-07-31 13:42:58.578000,-8.63855421686747,-1.63855421686747,4.385542168674699,-1.5009196811771919,-8.773145309625995,4.978540772532188,3.0,0.22266622266622269,4491.026919242273,18.257211118233204,4.566167472757997,-11.661325097605037,1215.3846153846152,-1.0,89.0112278160087,0.22304722671556643,
2023-07-31 13:42:58.586000,-8.686746987951807,-1.6265060240963856,4.421686746987952,-1.5082771305947271,-8.75107296137339,5.042305334150828,3.0,0.22266622266622269,4491.026919242273,18.11980653808053,2.428762892605325,-9.233844181574502,1197.069597069597,-1.0,89.0112278160087,0.22304534137312834,
2023-07-31 13:42:58.594000,-8.614457831325302,-1.5903614457831325,4.518072289156627,-1.4935622317596566,-8.760882893930104,5.128142244022072,3.0,0.22266622266622269,4491.026919242273,18.058737835790456,0.9631140376434932,-7.111706776994349,1183.8827838827838,-1.0,89.0112278160087,0.22304343075795147,
2023-07-31 13:42:58.601000,-8.55421686746988,-1.5180722891566265,4.626506024096386,-1.3684855916615573,-8.675045984058858,5.233599019006744,3.0,0.22266622266622269,4491.026919242273,18.516753102966028,-0.6857409241885678,-3.737660975467631,1172.8937728937728,-1.0,89.0112278160087,0.2230414955432442,
2023-07-31 13:42:58.609000,-8.74698795180723,-1.6626506024096386,4.710843373493976,-1.5990190067443286,-8.82709993868792,5.304721030042918,3.0,0.22266622266622269,4491.026919242273,18.761027912126334,-2.7926111531962015,-1.0353708991317532,1169.230769230769,-1.0,89.0112278160087,0.22303953657116618,
2023-07-31 13:42:58.617000,-8.879518072289157,-1.7349397590361446,4.72289156626506,-1.5769466584917229,-8.942366646229306,5.287553648068669,3.0,0.22266622266622269,4491.026919242273,17.493852339607248,-5.555969931822156,-0.4552182273760281,1174.3589743589744,-1.0,89.0112278160087,0.22303755470030048,
2023-07-31 13:42:58.624000,-8.771084337349398,-1.5783132530120483,4.710843373493976,-1.4003678724708768,-8.881054567749846,5.297363580625383,3.0,0.22311022311022313,4482.0895522388055,17.066371423576715,-11.281160771516811,-0.7910960899714479,1183.150183150183,-1.0,89.0112278160087,0.2230355508022606,
2023-07-31 13:42:58.632000,-8.518072289156628,-1.385542168674699,4.771084337349397,-1.2188841201716738,-8.537706928264868,5.370938074800735,3.0,0.22266622266622269,4491.026919242273,17.081638599149233,-16.029252374570248,0.24707184895984974,1198.5347985347985,-1.0,89.0112278160087,0.22303352590744754,
2023-07-31 13:42:58.640000,-8.228915662650603,-1.313253012048193,4.879518072289157,-1.1698344573881054,-8.216431637032494,5.476394849785407,3.0,0.22266622266622269,4491.026919242273,17.203776003729388,-16.701008099761086,1.6974535283491627,1219.7802197802198,-1.0,89.0112278160087,0.22303148107396953,
2023-07-31 13:42:58.647000,-8.096385542168676,-1.349397590361446,4.927710843373494,-1.2115266707541386,-8.103617412630287,5.518087063151441,3.0,0.22266622266622269,4491.026919242273,17.570188217469845,-15.433832527242002,2.430277955830079,1246.8864468864467,-1.0,89.0112278160087,0.2230294170861843,
2023-07-31 13:42:58.655000,-8.0,-1.3373493975903614,4.879518072289157,-1.2066217044757817,-7.941753525444512,5.459227467811158,3.0,0.22266622266622269,4491.026919242273,17.99766913350038,-11.540702756249637,2.705087116135422,1273.260073260073,-1.0,89.0112278160087,0.22302733474890338,
2023-07-31 13:42:58.663000,-7.891566265060241,-1.2650602409638554,4.783132530120482,-1.1722869405272838,-7.792152053954629,5.260576333537706,3.0,0.22266622266622269,4491.026919242273,17.96713478235534,-8.502534817318338,2.3997436046850407,1300.3663003663003,-1.0,89.0112278160087,0.22302523501125412,
2023-07-31 13:42:58.670000,-7.855421686746988,-1.2409638554216869,4.650602409638554,-1.137952176578786,-7.787247087676271,5.204169221336603,3.0,0.22266622266622269,4491.026919242273,18.547287454111068,-6.410931763883224,0.8730260474331322,1322.3443223443223,-1.0,89.0112278160087,0.22302311881377326,
2023-07-31 13:42:58.678000,-7.855421686746988,-1.216867469879518,4.698795180722891,-1.0717351318209687,-7.799509503372164,5.3145309625996315,3.0,0.22266622266622269,4491.026919242273,17.84499737777519,-6.63993939747101,-1.8750655556203029,1339.9267399267399,-1.0,89.0112278160087,0.22302098708475526,
2023-07-31 13:42:58.686000,-7.879518072289157,-1.2771084337349399,4.807228915662651,-1.1943592887798895,-7.8779889638258735,5.422440220723482,3.0,0.22266622266622269,4491.026919242273,17.386982110599615,-4.670473748616049,-3.7987296777577075,1353.8461538461538,-1.0,89.0112278160087,0.22301884073657957,
2023-07-31 13:42:58.693000,-7.975903614457832,-1.3734939759036144,4.9156626506024095,-1.2924586143470262,-8.00797057020233,5.518087063151441,3.0,0.22266622266622269,4491.026919242273,16.9747683701416,-3.5559699318221556,-4.562088456383662,1362.6373626373625,-1.0,89.0112278160087,0.22301668066203512,
2023-07-31 13:42:58.701000,-8.132530120481928,-1.4819277108433735,4.951807228915663,-1.385652973635806,-8.157572041692212,5.545064377682404,3.0,0.22266622266622269,4491.026919242273,16.62362333197366,1.1768544956587603,-5.462851815162288,1369.230769230769,-1.0,89.0112278160087,0.22301450773066148,
2023-07-31 13:42:58.709000,-8.265060240963855,-1.457831325301205,4.903614457831326,-1.3341508277130594,-8.314530962599632,5.432250153280196,3.0,0.22266622266622269,4491.026919242273,16.50148592739351,4.627236175048073,-6.516286929666104,1369.9633699633698,-1.0,89.0112278160087,0.22301232278512495,
2023-07-31 13:42:58.716000,-8.397590361445783,-1.4457831325301205,4.879518072289157,-1.2777437155119558,-8.417535254445125,5.41017780502759,3.0,0.22266622266622269,4491.026919242273,16.364081347240838,4.795175106345783,-7.096439601421829,1364.8351648351647,-1.0,89.0112278160087,0.22301012649890303,
2023-07-31 13:42:58.724000,-8.481927710843374,-1.349397590361446,4.855421686746988,-1.1919068056407112,-8.557326793378294,5.405272838749234,3.0,0.22266622266622269,4491.026919242273,16.562554629683586,4.01654915214731,-6.882699143406562,1350.18315018315,-1.0,89.0112278160087,0.22300791953192092,
2023-07-31 13:42:58.732000,-8.602409638554217,-1.3734939759036144,4.855421686746988,-1.2164316370324952,-8.638258736971183,5.444512568976088,3.0,0.22266622266622269,4491.026919242273,16.562554629683586,4.01654915214731,-6.882699143406562,1329.6703296703297,-1.0,89.0112278160087,0.22300570265476927,
2023-07-31 13:42:58.739000,-8.566265060240964,-1.349397590361446,4.927710843373494,-1.226241569589209,-8.667688534641323,5.498467198038013,3.0,0.22266622266622269,4491.026919242273,16.6541576831187,1.6196025872618138,-7.218577006001982,1306.227106227106,-1.0,89.0112278160087,0.22300347659632772,
2023-07-31 13:42:58.747000,-8.506024096385543,-1.3012048192771084,4.891566265060241,-1.1453096259963211,-8.616186388718576,5.471489883507051,3.0,0.22266622266622269,4491.026919242273,17.051104248004197,2.413495717032806,-7.539187693024883,1279.8534798534797,-1.0,89.0112278160087,0.22300124217956666,
2023-07-31 13:42:58.755000,-8.506024096385543,-1.2650602409638554,4.819277108433735,-1.1453096259963211,-8.576946658491723,5.375843041079093,3.0,0.22222222222222224,4500.0,18.058737835790456,4.779907930773264,-5.707126624322592,1254.9450549450548,-1.0,89.0112278160087,0.22299900015962332,
2023-07-31 13:42:58.762000,-8.530120481927712,-1.2409638554216869,4.710843373493976,-1.0889025137952175,-8.594114040465971,5.201716738197424,3.0,0.22266622266622269,4491.026919242273,18.28774546937824,7.741739991841966,-4.043004486918012,1232.2344322344322,-1.0,89.0112278160087,0.22299675108301753,
2023-07-31 13:42:58.770000,-8.542168674698795,-1.2048192771084338,4.518072289156627,-1.0128755364806867,-8.650521152667075,5.015328019619865,3.0,0.22266622266622269,4491.026919242273,17.799195851057632,12.001281976574791,-2.76056173882641,1213.9194139194137,-1.0,89.0112278160087,0.22299449540259697,
2023-07-31 13:42:58.778000,-8.590361445783133,-1.144578313253012,4.385542168674699,-0.9908031882280809,-8.655426118945432,4.902513795217658,3.0,0.22266622266622269,4491.026919242273,18.104539362508014,16.01654915214731,-0.9590350212691579,1197.8021978021977,-1.0,89.0112278160087,0.22299223350642505,
2023-07-31 13:42:58.785000,-8.602409638554217,-1.1325301204819278,4.27710843373494,-0.9662783568362967,-8.62844880441447,4.706315144083384,3.0,0.22266622266622269,4491.026919242273,17.646524095332442,18.70357205291067,-0.10407318920808917,1182.4175824175823,-1.0,89.0112278160087,0.22298996572572613,
2023-07-31 13:42:58.793000,-8.614457831325302,-1.0963855421686748,4.144578313253012,-1.0128755364806867,-8.677498467198038,4.615573267933783,3.0,0.22266622266622269,4491.026919242273,17.264844706019463,21.115785793368683,-0.012470135772974669,1171.4285714285713,-1.0,89.0112278160087,0.22298769233253088,
2023-07-31 13:42:58.801000,-8.55421686746988,-1.0481927710843375,4.0602409638554215,-0.8877988963825874,-8.547516860821581,4.63519313304721,3.0,0.22266622266622269,4491.026919242273,16.776295087698852,22.47456441932288,-0.4552182273760281,1161.904761904762,-1.0,89.0112278160087,0.22298541353758658,
2023-07-31 13:42:58.808000,-8.518072289156628,-0.963855421686747,4.0120481927710845,-0.7847946045370937,-8.540159411404046,4.527283874923359,3.0,0.22266622266622269,4491.026919242273,16.48621875182099,22.55090029718548,-0.30254647165083726,1156.7765567765566,-1.0,89.0112278160087,0.22298312948855123,
2023-07-31 13:42:58.816000,-8.421686746987952,-0.9277108433734941,3.987951807228916,-0.7480073574494175,-8.437155119558552,4.522378908645003,3.0,0.22266622266622269,4491.026919242273,16.59308898082862,21.268457549093874,-0.4246838762309899,1152.3809523809523,-1.0,89.0112278160087,0.22298084026848983,
2023-07-31 13:42:58.824000,-8.361445783132531,-0.855421686746988,3.987951807228916,-0.6940527283874923,-8.353770692826487,4.522378908645003,3.0,0.22266622266622269,4491.026919242273,16.532020278538546,18.67303770176563,-0.21094341821572277,1148.7179487179487,-1.0,89.0112278160087,0.22297854589468774,
2023-07-31 13:42:58.831000,-8.27710843373494,-0.819277108433735,3.951807228915663,-0.6989576946658491,-8.267933782955241,4.546903740036787,3.0,0.22266622266622269,4491.026919242273,15.997669133500379,14.84097663306334,0.2776062001048879,1146.5201465201465,-1.0,89.0112278160087,0.22297624631779803,
2023-07-31 13:42:58.839000,-8.180722891566266,-0.7951807228915663,3.9397590361445785,-0.640098099325567,-8.14530962599632,4.578786020846106,3.0,0.22266622266622269,4491.026919242273,15.539653866324807,11.115785793368683,-0.027737311345493752,1147.985347985348,-1.0,89.0112278160087,0.222973941421334,
2023-07-31 13:42:58.847000,-8.156626506024097,-0.8313253012048193,3.9759036144578315,-0.6866952789699571,-8.17964438994482,4.539546290619252,3.0,0.22266622266622269,4491.026919242273,15.539653866324807,6.581434648330516,0.23180467338733066,1153.113553113553,-1.0,89.0112278160087,0.2229716310215193,
2023-07-31 13:42:58.854000,-8.180722891566266,-0.8313253012048193,4.024096385542169,-0.6719803801348866,-8.236051502145923,4.674432863274065,3.0,0.22266622266622269,4491.026919242273,14.806829438843891,0.7951751063457833,-0.22621059378824185,1164.102564102564,-1.0,89.0112278160087,0.2229693148675054,
2023-07-31 13:42:58.862000,-8.265060240963855,-0.746987951807229,4.144578313253012,-0.615573267933783,-8.380748007357449,4.708767627222563,3.0,0.22266622266622269,4491.026919242273,13.829730202202668,-5.2353592447992545,-0.05827166249053192,1177.2893772893772,-1.0,89.0112278160087,0.22296699264196274,
2023-07-31 13:42:58.870000,-8.397590361445783,-0.674698795180723,4.325301204819278,-0.5640711220110362,-8.47148988350705,4.922133660331085,3.0,0.22266622266622269,4491.026919242273,13.112172950294273,-12.777343977623682,0.3844764291125215,1191.2087912087911,-1.0,89.0112278160087,0.22296466396205314,
2023-07-31 13:42:58.877000,-8.518072289156628,-0.6867469879518072,4.590361445783133,-0.5616186388718577,-8.545064377682403,5.245861434702636,3.0,0.22266622266622269,4491.026919242273,11.753394324340073,-17.937649321135133,-0.4246838762309899,1205.8608058608058,-1.0,89.0112278160087,0.22296232838078522,
2023-07-31 13:42:58.885000,-8.626506024096386,-0.783132530120482,4.783132530120482,-0.627835683629675,-8.665236051502145,5.4028203556100545,3.0,0.22266622266622269,4491.026919242273,10.684692034263739,-20.99108443563895,-1.188042654856944,1219.047619047619,-1.0,89.0112278160087,0.2229599853887551,
2023-07-31 13:42:58.893000,-8.686746987951807,-0.8915662650602411,4.855421686746988,-0.8019619865113427,-8.778050275904352,5.4886572654813,3.0,0.22266622266622269,4491.026919242273,9.768661499912593,-22.731542450906126,-2.455218227376028,1230.7692307692307,-1.0,89.0112278160087,0.22295763441627128,
2023-07-31 13:42:58.900000,-8.819277108433736,-1.036144578313253,4.927710843373494,-0.9662783568362967,-8.89086450030656,5.547516860821582,3.0,0.22266622266622269,4491.026919242273,10.211409591515647,-23.46436687838704,-2.5315541052386235,1242.4908424908424,-1.0,89.0112278160087,0.22295527483586078,
2023-07-31 13:42:58.908000,-8.879518072289157,-1.108433734939759,5.0361445783132535,-0.973635806253832,-9.033108522378908,5.652973635806253,3.0,0.22266622266622269,4491.026919242273,9.66179127090496,-23.082687489074065,-2.623157158673738,1252.7472527472526,-1.0,89.0112278160087,0.22295290596515177,
2023-07-31 13:42:58.916000,-8.93975903614458,-1.1325301204819278,5.1084337349397595,-1.0251379521765787,-9.057633353770692,5.679950950337216,3.0,0.22266622266622269,4491.026919242273,9.79919585105763,-20.945282908921392,-2.7147602121088523,1261.5384615384614,-1.0,89.0112278160087,0.22295052707012433,
2023-07-31 13:42:58.923000,-8.975903614457831,-1.0843373493975905,5.072289156626506,-0.9172286940527283,-9.084610668301655,5.709380748007357,3.0,0.22266622266622269,4491.026919242273,10.211409591515647,-18.013985198997727,-3.569722044169921,1268.8644688644688,-1.0,89.0112278160087,0.22294813736872085,
2023-07-31 13:42:58.931000,-8.855421686746988,-1.036144578313253,5.0361445783132535,-0.8559166155732679,-8.898221949724094,5.657878602084611,3.0,0.22266622266622269,4491.026919242273,11.234310354874426,-14.594137870753453,-4.409416700658471,1273.9926739926739,-1.0,89.0112278160087,0.2229457360348022,
2023-07-31 13:42:58.939000,-8.710843373493976,-1.0120481927710845,4.975903614457832,-0.9000613120784794,-8.724095646842427,5.616186388718577,3.0,0.22266622266622269,4491.026919242273,12.623623331973661,-12.13612260357788,-5.539187693024883,1278.3882783882782,-1.0,89.0112278160087,0.22294332220243937,
2023-07-31 13:42:58.946000,-8.55421686746988,-1.0843373493975905,4.975903614457832,-0.9515634580012262,-8.545064377682403,5.601471489883507,3.0,0.22266622266622269,4491.026919242273,13.860264553347708,-8.426198939455743,-6.333080822795875,1279.8534798534797,-1.0,89.0112278160087,0.22294089497052005,
2023-07-31 13:42:58.954000,-8.421686746987952,-1.1566265060240966,4.975903614457832,-0.9908031882280809,-8.397915389331699,5.54996934396076,3.0,0.22266622266622269,4491.026919242273,15.15797447701183,-3.800244740982461,-7.126973952566868,1280.5860805860805,-1.0,89.0112278160087,0.22293845340765595,
2023-07-31 13:42:58.961000,-8.325301204819278,-1.1686746987951808,4.903614457831326,-0.9981606376456161,-8.351318209687308,5.527896995708154,3.0,0.22266622266622269,4491.026919242273,15.875531728920226,0.5356331216129588,-7.997202960200456,1281.3186813186812,-1.0,89.0112278160087,0.2229359965573677,
2023-07-31 13:42:58.969000,-8.216867469879519,-1.1686746987951808,4.855421686746988,-1.074187614960147,-8.211526670754138,5.444512568976088,3.0,0.22266622266622269,4491.026919242273,16.867898141133967,4.0012819765747905,-9.081172425849312,1281.3186813186812,-1.0,89.0112278160087,0.22293352344352813,
2023-07-31 13:42:58.977000,-8.180722891566266,-1.180722891566265,4.759036144578314,-1.091354996934396,-8.164929491109747,5.324340895156346,3.0,0.22266622266622269,4491.026919242273,18.0129363090729,6.5509002971854775,-9.661325097605037,1282.051282051282,-1.0,89.0112278160087,0.22293103307603856,
2023-07-31 13:42:58.984000,-8.156626506024097,-1.180722891566265,4.63855421686747,-1.049662783568363,-8.152667075413856,5.2630288166768855,3.0,0.22266622266622269,4491.026919242273,18.85263096556145,8.1692209078725,-10.119340364780609,1283.5164835164835,-1.0,89.0112278160087,0.22292852445671285,
2023-07-31 13:42:58.992000,-8.156626506024097,-1.1325301204819278,4.542168674698796,-0.9932556713672593,-8.142857142857142,5.164929491109748,3.0,0.22266622266622269,4491.026919242273,20.226676767088165,8.657770526193111,-10.531554105238625,1282.7838827838827,-1.0,89.0112278160087,0.2229259965853435,
2023-07-31 13:42:59,-8.19277108433735,-1.1566265060240966,4.481927710843374,-1.0423053341508277,-8.199264255058246,5.106069895769466,3.0,0.22266622266622269,4491.026919242273,21.00530272128664,8.062350678864867,-10.562088456383663,1279.120879120879,-1.0,89.0112278160087,0.2229234484659205,
2023-07-31 13:42:59.007000,-8.228915662650603,-1.144578313253012,4.46987951807229,-0.9858982219497241,-8.231146535867566,4.97608828939301,3.0,0.22266622266622269,4491.026919242273,21.00530272128664,8.062350678864867,-10.562088456383663,1274.7252747252746,-1.0,89.0112278160087,0.22292087911297467,
2023-07-31 13:42:59.015000,-8.25301204819277,-1.1325301204819278,4.457831325301205,-1.1060698957694666,-8.324340895156345,5.044757817290006,3.0,0.22266622266622269,4491.026919242273,21.188508828156866,7.1005186177961646,-10.57735563195618,1271.062271062271,-1.0,89.0112278160087,0.22291828755801282,
2023-07-31 13:42:59.023000,-8.27710843373494,-1.1566265060240966,4.409638554216868,-1.0398528510116491,-8.321888412017167,4.9662783568362965,3.0,0.22266622266622269,4491.026919242273,22.074005011362974,5.940213274284714,-11.020103723559235,1274.7252747252746,-1.0,89.0112278160087,0.222915672856016,
2023-07-31 13:42:59.030000,-8.325301204819278,-1.1325301204819278,4.397590361445784,-1.091354996934396,-8.383200490496627,4.922133660331085,3.0,0.22266622266622269,4491.026919242273,21.63125691975992,4.276091136880134,-10.699493036536333,1289.3772893772893,-1.0,89.0112278160087,0.22291303409196733,
2023-07-31 13:42:59.038000,-8.373493975903616,-1.0843373493975905,4.385542168674699,-0.9785407725321887,-8.336603310852237,4.9662783568362965,3.0,0.22266622266622269,4491.026919242273,21.081638599149233,3.711205640696928,-10.378882349513432,1315.7509157509157,-1.0,89.0112278160087,0.22291037038737632,
2023-07-31 13:42:59.046000,-8.397590361445783,-1.036144578313253,4.373493975903615,-0.9221336603310851,-8.412630288166769,4.895156345800122,3.0,0.22266622266622269,4491.026919242273,20.19614241594313,3.3447934269564703,-10.378882349513432,1358.2417582417581,-1.0,89.0112278160087,0.22290768090676594,
2023-07-31 13:42:59.053000,-8.397590361445783,-1.0240963855421688,4.36144578313253,-0.8559166155732679,-8.461679950950337,4.912323727774371,3.0,0.22266622266622269,4491.026919242273,18.913699667851525,4.4287628926053255,-9.859798380047785,1412.4542124542124,-1.0,89.0112278160087,0.222904964864092,
2023-07-31 13:42:59.061000,-8.433734939759036,-1.0240963855421688,4.337349397590362,-0.8755364806866952,-8.557326793378294,4.912323727774371,3.0,0.22266622266622269,4491.026919242273,17.753394324340075,6.047083503292348,-9.26437853271954,1478.3882783882782,-1.0,89.0112278160087,0.22290222152905848,
2023-07-31 13:42:59.069000,-8.590361445783133,-1.0,4.349397590361446,-0.7946045370938074,-8.721643163703249,4.873083997547517,3.0,0.22266622266622269,4491.026919242273,16.16560806479809,7.833343045277081,-8.684225860963815,1549.4505494505493,-1.0,89.0112278160087,0.22289945023329516,
2023-07-31 13:42:59.076000,-8.759036144578314,-0.963855421686747,4.373493975903615,-0.8461066830165542,-8.917841814837523,4.917228694052728,3.0,0.22266622266622269,4491.026919242273,14.82209661441641,8.1692209078725,-7.554454868597402,1619.047619047619,-1.0,89.0112278160087,0.22289665037636783,
2023-07-31 13:42:59.084000,-8.879518072289157,-0.9156626506024097,4.421686746987952,-0.7504598405885959,-9.047823421213979,5.000613120784794,3.0,0.22266622266622269,4491.026919242273,13.295379057164501,7.085251442223646,-6.455218227376028,1687.179487179487,-1.0,89.0112278160087,0.2228938214315856,
2023-07-31 13:42:59.092000,-8.975903614457831,-0.8795180722891567,4.457831325301205,-0.6891477621091354,-9.067443286327405,5.042305334150828,3.0,0.22266622266622269,4491.026919242273,12.715226385408776,4.718839228483188,-5.386515937299692,1750.18315018315,-1.0,89.0112278160087,0.2228909629515754,
2023-07-31 13:42:59.099000,-8.951807228915664,-0.8433734939759037,4.518072289156627,-0.7112201103617413,-9.028203556100552,5.157572041692213,3.0,0.22266622266622269,4491.026919242273,11.707592797622517,1.9554804498572336,-4.546821280811143,1805.128205128205,-1.0,89.0112278160087,0.22288807457359108,
2023-07-31 13:42:59.107000,-8.91566265060241,-0.8433734939759037,4.55421686746988,-0.7283874923359902,-8.900674432863273,5.125689760882894,3.0,0.22266622266622269,4491.026919242273,11.12744012586679,-1.601771458539713,-3.9819357846279364,1849.084249084249,-1.0,89.0112278160087,0.22288515602452902,
2023-07-31 13:42:59.115000,-8.795180722891567,-0.8433734939759037,4.614457831325302,-0.733292458614347,-8.763335377069282,5.2777437155119555,3.0,0.22266622266622269,4491.026919242273,10.9747683701416,-4.960550084493911,-3.0964396014218294,1876.1904761904761,-1.0,89.0112278160087,0.2228822071256221,
2023-07-31 13:42:59.122000,-8.650602409638555,-0.855421686746988,4.650602409638554,-0.6695278969957081,-8.684855916615573,5.2703862660944205,3.0,0.22266622266622269,4491.026919242273,10.944234018996562,-7.708641687547346,-2.76056173882641,1887.179487179487,-1.0,89.0112278160087,0.22287922779678226,
2023-07-31 13:42:59.130000,-8.481927710843374,-0.8313253012048193,4.674698795180723,-0.6940527283874923,-8.483752299202942,5.2998160637645615,3.0,0.22266622266622269,4491.026919242273,10.608356156401143,-9.220092069226736,-2.5926228075287,1885.7142857142856,-1.0,89.0112278160087,0.2228762180605686,
2023-07-31 13:42:59.138000,-8.337349397590362,-0.8313253012048193,4.771084337349397,-0.7381974248927038,-8.285101164929491,5.341508277130594,3.0,0.22266622266622269,4491.026919242273,10.287745469378242,-9.96818367228017,-2.76056173882641,1869.5970695970695,-1.0,89.0112278160087,0.22287317804575638,
2023-07-31 13:42:59.145000,-8.216867469879519,-0.8674698795180723,4.795180722891566,-0.7602697731453096,-8.250766400980993,5.353770692826487,3.0,0.22266622266622269,4491.026919242273,10.394615698385875,-9.47963405395956,-2.5010197540935852,1843.2234432234432,-1.0,89.0112278160087,0.2228701079904857,
2023-07-31 13:42:59.153000,-8.168674698795181,-0.8915662650602411,4.843373493975903,-0.703862660944206,-8.14530962599632,5.432250153280196,3.0,0.22266622266622269,4491.026919242273,10.135073713653052,-8.4720004661733,-2.272012120505799,1807.3260073260071,-1.0,89.0112278160087,0.222867008244968,
2023-07-31 13:42:59.161000,-8.19277108433735,-0.8915662650602411,4.891566265060241,-0.7406499080318822,-8.187001839362354,5.542611894543224,3.0,0.22266622266622269,4491.026919242273,10.257211118233204,-7.403298176096964,-2.5468212808111423,1764.102564102564,-1.0,89.0112278160087,0.222863879273734,
2023-07-31 13:42:59.168000,-8.204819277108435,-0.9156626506024097,4.927710843373494,-0.7970570202329859,-8.22378908645003,5.535254445125689,3.0,0.22266622266622269,4491.026919242273,10.348814171668318,-6.151389779150399,-2.806363265543967,1713.5531135531135,-1.0,89.0112278160087,0.22286072165740736,
2023-07-31 13:42:59.176000,-8.25301204819277,-0.9156626506024097,4.9879518072289155,-0.7308399754751685,-8.22624156958921,5.535254445125689,3.0,0.22266622266622269,4491.026919242273,10.501485927393508,-4.838412679913758,-3.951401433482898,1660.07326007326,-1.0,89.0112278160087,0.22285753609399156,
2023-07-31 13:42:59.184000,-8.289156626506024,-0.9156626506024097,5.024096385542169,-0.7700797057020232,-8.277743715511955,5.667688534641324,3.0,0.22266622266622269,4491.026919242273,11.112172950294273,-3.4032981760969645,-4.42468387623099,1605.8608058608058,-1.0,89.0112278160087,0.22285432339965633,
2023-07-31 13:42:59.191000,-8.25301204819277,-0.8795180722891567,5.0120481927710845,-0.6302881667688535,-8.339055793991417,5.667688534641324,3.0,0.22266622266622269,4491.026919242273,11.051104248004195,-2.6246722218984915,-5.75292815104015,1553.8461538461538,-1.0,89.0112278160087,0.2228510845090177,
2023-07-31 13:42:59.199000,-8.27710843373494,-0.819277108433735,5.0843373493975905,-0.5910484365419988,-8.34886572654813,5.655426118945432,3.0,0.22266622266622269,4491.026919242273,11.921333255637784,-1.4643668783870412,-6.0277373113454935,1506.227106227106,-1.0,89.0112278160087,0.22284782047490598,
2023-07-31 13:42:59.207000,-8.301204819277109,-0.7710843373493976,5.0843373493975905,-0.5836909871244634,-8.307173513182097,5.6480686695278965,3.0,0.22266622266622269,4491.026919242273,12.501485927393508,-0.548336344035896,-6.119340364780608,1464.4688644688645,689.39208984375,87.0332005312085,0.22284453246761643,
2023-07-31 13:42:59.214000,-8.313253012048193,-0.746987951807229,5.072289156626506,-0.5444512568976088,-8.336603310852237,5.652973635806253,3.0,0.22222222222222224,4500.0,12.913699667851525,-0.10558825243284264,-6.378882349513432,1422.7106227106226,-1.0,87.0332005312085,0.22284122177364332,
2023-07-31 13:42:59.222000,-8.325301204819278,-0.7349397590361446,5.0843373493975905,-0.5665236051502146,-8.304721030042918,5.714285714285714,3.0,0.22266622266622269,4491.026919242273,13.50911951517977,0.7035720529106688,-6.76056173882641,1385.3479853479853,-1.0,87.0332005312085,0.22283788978335445,
2023-07-31 13:42:59.230000,-8.349397590361447,-0.710843373493976,5.0843373493975905,-0.5763335377069282,-8.373390557939913,5.6774984671980375,3.0,0.22222222222222224,4500.0,13.585455393042364,1.3600606025289894,-6.897966318979082,1347.2527472527472,-1.0,87.0332005312085,0.2228345379569891,
2023-07-31 13:42:59.237000,-8.349397590361447,-0.6987951807228916,5.0602409638554215,-0.5812385039852851,-8.361128142244022,5.650521152667075,3.0,0.22266622266622269,4491.026919242273,14.119806538080532,2.749373579628226,-7.233844181574501,1311.3553113553112,-1.0,87.0332005312085,0.2228311677038937,
2023-07-31 13:42:59.245000,-8.3855421686747,-0.6987951807228916,4.951807228915663,-0.5542611894543225,-8.434702636419374,5.547516860821582,3.0,0.22266622266622269,4491.026919242273,13.982401957927861,3.4363964803915845,-7.386515937299692,1279.120879120879,-1.0,87.0332005312085,0.22282778051681468,
2023-07-31 13:42:59.253000,-8.373493975903616,-0.6867469879518072,4.927710843373494,-0.5714285714285714,-8.461679950950337,5.513182096873083,3.0,0.22266622266622269,4491.026919242273,14.379348522813356,3.9860148010022716,-7.783462502185188,1254.9450549450548,-1.0,87.0332005312085,0.22282437812669317,
2023-07-31 13:42:59.260000,-8.397590361445783,-0.710843373493976,4.927710843373494,-0.5542611894543225,-8.498467198038012,5.469037400367872,3.0,0.22266622266622269,4491.026919242273,14.425150049530913,4.749373579628226,-8.256744944933281,1233.6996336996335,-1.0,87.0332005312085,0.2228209623591374,
2023-07-31 13:42:59.268000,-8.397590361445783,-0.7590361445783133,4.855421686746988,-0.6204782342121398,-8.481299816063764,5.3733905579399135,3.0,0.22266622266622269,4491.026919242273,14.272478293805722,5.466930831536623,-8.852164792261524,1216.117216117216,-1.0,87.0332005312085,0.22281753512922106,
2023-07-31 13:42:59.276000,-8.397590361445783,-0.7590361445783133,4.855421686746988,-0.6597179644389944,-8.473942366646229,5.397915389331698,3.0,0.22266622266622269,4491.026919242273,14.043470660217936,5.4363964803915845,-9.737660975467632,1202.197802197802,-1.0,87.0332005312085,0.22281409843588543,
2023-07-31 13:42:59.283000,-8.337349397590362,-0.7710843373493976,4.83132530120482,-0.6376456161863887,-8.375843041079092,5.353770692826487,3.0,0.22266622266622269,4491.026919242273,14.043470660217936,5.4363964803915845,-9.737660975467632,1194.1391941391942,-1.0,87.0332005312085,0.22281065435597364,
2023-07-31 13:42:59.291000,-8.361445783132531,-0.783132530120482,4.795180722891566,-0.6376456161863887,-8.336603310852237,5.415082771305947,3.0,0.22266622266622269,4491.026919242273,14.15034088922557,5.17685449565876,-9.844531204475265,1192.6739926739926,-1.0,87.0332005312085,0.22280720503792673,
2023-07-31 13:42:59.299000,-8.337349397590362,-0.8313253012048193,4.819277108433735,-0.7234825260576333,-8.361128142244022,5.388105456774984,3.0,0.22222222222222224,4500.0,14.028203484645417,4.902045335353416,-10.42468387623099,1195.6043956043954,-1.0,87.0332005312085,0.22280375269517289,
2023-07-31 13:42:59.306000,-8.361445783132531,-0.8795180722891567,4.783132530120482,-0.7308399754751685,-8.366033108522378,5.324340895156346,3.0,0.22266622266622269,4491.026919242273,13.753394324340073,4.947846862070974,-10.378882349513432,1200.0,-1.0,87.0332005312085,0.22280029944994859,
2023-07-31 13:42:59.314000,-8.337349397590362,-0.9156626506024097,4.746987951807229,-0.7970570202329859,-8.294911097486205,5.339055793991416,3.0,0.22266622266622269,4491.026919242273,13.707592797622517,4.764640755200745,-10.149874715925646,1206.5934065934066,-1.0,87.0332005312085,0.22279684745359146,
2023-07-31 13:42:59.321000,-8.337349397590362,-0.963855421686747,4.734939759036145,-0.82158185162477,-8.39301042305334,5.2998160637645615,3.0,0.22266622266622269,4491.026919242273,13.432783637317174,5.695938465124409,-9.75292815104015,1216.117216117216,-1.0,87.0332005312085,0.2227933990381499,
2023-07-31 13:42:59.329000,-8.349397590361447,-1.0,4.686746987951808,-0.8706315144083384,-8.37829552421827,5.258123850398528,3.0,0.22266622266622269,4491.026919242273,13.219043179301906,6.276091136880134,-10.012470135772976,1229.3040293040292,-1.0,87.0332005312085,0.22278995656995262,
2023-07-31 13:42:59.337000,-8.3855421686747,-1.0120481927710845,4.662650602409639,-0.8264868179031268,-8.400367872470877,5.3071735131820965,3.0,0.22266622266622269,4491.026919242273,13.356447759454579,6.8867781597808975,-9.584989219742441,1245.4212454212454,-1.0,87.0332005312085,0.2227865224418041,
2023-07-31 13:42:59.344000,-8.373493975903616,-1.036144578313253,4.662650602409639,-0.9074187614960146,-8.405272838749234,5.25567136725935,3.0,0.22266622266622269,4491.026919242273,13.875531728920226,7.2073888468037985,-9.737660975467632,1265.2014652014652,-1.0,87.0332005312085,0.22278309906509966,
2023-07-31 13:42:59.352000,-8.433734939759036,-1.0481927710843375,4.662650602409639,-0.9000613120784794,-8.47148988350705,5.22378908645003,3.0,0.22222222222222224,4500.0,13.417516461744654,7.375327778101508,-9.60025639531496,1282.7838827838827,-1.0,87.0332005312085,0.22277968886189667,
2023-07-31 13:42:59.360000,-8.421686746987952,-1.0602409638554218,4.650602409638554,-0.9491109748620478,-8.461679950950337,5.236051502145923,3.0,0.22266622266622269,4491.026919242273,13.951867606782821,7.161587320086241,-9.157508303711907,1300.3663003663003,-1.0,87.0332005312085,0.2227762941076898,
2023-07-31 13:42:59.367000,-8.421686746987952,-1.0481927710843375,4.63855421686747,-0.9785407725321887,-8.488657265481299,5.216431637032495,3.0,0.22222222222222224,4500.0,14.684692034263739,7.054717091078608,-8.43995105180351,1315.7509157509157,-1.0,87.0332005312085,0.22277291705093522,
2023-07-31 13:42:59.375000,-8.46987951807229,-1.0602409638554218,4.63855421686747,-0.9540159411404046,-8.515634580012263,5.248313917841815,3.0,0.22222222222222224,4500.0,14.669424858691219,7.558533884971737,-8.562088456383663,1326.7399267399267,-1.0,87.0332005312085,0.22276956005362653,
2023-07-31 13:42:59.383000,-8.493975903614459,-1.0481927710843375,4.614457831325302,-0.9393010423053341,-8.493562231759656,5.218884120171674,3.0,0.22222222222222224,4500.0,15.112172950294273,7.237923197948836,-8.516286929666105,1336.9963369963368,-1.0,87.0332005312085,0.22276622526365294,
2023-07-31 13:42:59.390000,-8.506024096385543,-1.0481927710843375,4.614457831325302,-0.9613733905579399,-8.542611894543224,5.201716738197424,3.0,0.22266622266622269,4491.026919242273,15.417516461744654,7.069984266651127,-8.043004486918013,1347.985347985348,-1.0,87.0332005312085,0.22276291461652298,
2023-07-31 13:42:59.398000,-8.46987951807229,-1.0240963855421688,4.602409638554217,-0.956468424279583,-8.481299816063764,5.218884120171674,3.0,0.22266622266622269,4491.026919242273,15.997669133500379,7.00891556436105,-8.363615173940914,1353.8461538461538,-1.0,87.0332005312085,0.22275963012435623,
2023-07-31 13:42:59.406000,-8.481927710843374,-1.0240963855421688,4.602409638554217,-0.8191293684855916,-8.56713672593501,5.216431637032495,3.0,0.22266622266622269,4491.026919242273,16.180875240370607,7.222656022376317,-8.226210593788242,1356.7765567765566,-1.0,87.0332005312085,0.222756373888227,
2023-07-31 13:42:59.413000,-8.530120481927712,-1.0120481927710845,4.566265060240964,-0.8461066830165542,-8.510729613733906,5.147762109135499,3.0,0.22266622266622269,4491.026919242273,16.730493560981294,7.131052968941203,-8.302546471650837,1356.7765567765566,-1.0,87.0332005312085,0.22275314795168216,
2023-07-31 13:42:59.421000,-8.518072289156628,-1.0,4.578313253012048,-0.9025137952176578,-8.510729613733906,5.17719190680564,3.0,0.22222222222222224,4500.0,16.837363789988927,7.634869762834333,-8.378882349513432,1353.113553113553,-1.0,87.0332005312085,0.22274995429335276,
2023-07-31 13:42:59.429000,-8.55421686746988,-1.0120481927710845,4.566265060240964,-0.9098712446351931,-8.513182096873084,5.184549356223176,3.0,0.22266622266622269,4491.026919242273,16.80682943884389,7.497465182681661,-8.959035021269159,1347.2527472527472,-1.0,87.0332005312085,0.22274679467065953,
2023-07-31 13:42:59.436000,-8.530120481927712,-1.0,4.590361445783133,-0.7896995708154506,-8.545064377682403,5.17719190680564,3.0,0.22266622266622269,4491.026919242273,17.066371423576715,7.787541518559523,-9.462851815162288,1339.194139194139,-1.0,87.0332005312085,0.22274367074065513,
2023-07-31 13:42:59.444000,-8.566265060240964,-1.0,4.55421686746988,-0.9098712446351931,-8.552421827099938,5.142857142857142,3.0,0.22266622266622269,4491.026919242273,17.234310354874424,7.940213274284714,-9.737660975467632,1328.937728937729,-1.0,87.0332005312085,0.222740584212846,
2023-07-31 13:42:59.452000,-8.55421686746988,-1.0,4.542168674698796,-0.8436541998773758,-8.518087063151441,5.118332311465358,3.0,0.22222222222222224,4500.0,17.28011188159198,7.3295262513839505,-9.829264028902745,1317.9487179487178,-1.0,87.0332005312085,0.22273753670463706,
2023-07-31 13:42:59.459000,-8.542168674698795,-0.9879518072289157,4.542168674698796,-0.8412017167381973,-8.554874310239116,5.057020232985898,3.0,0.22266622266622269,4491.026919242273,17.493852339607248,7.8486102208496,-10.623157158673738,1305.4945054945053,-1.0,87.0332005312085,0.22273452958676287,
2023-07-31 13:42:59.467000,-8.46987951807229,-0.9879518072289157,4.481927710843374,-0.82158185162477,-8.488657265481299,5.06928264868179,3.0,0.22266622266622269,4491.026919242273,17.692325622049996,8.138686556727462,-10.92850067012412,1287.179487179487,-1.0,87.0332005312085,0.22273156410599207,
2023-07-31 13:42:59.475000,-8.46987951807229,-0.963855421686747,4.46987951807229,-0.8608215818516247,-8.461679950950337,4.978540772532188,3.0,0.22266622266622269,4491.026919242273,17.448050812889694,8.50509877046792,-10.775828914398929,1270.3296703296703,-1.0,87.0332005312085,0.22272864153993627,
2023-07-31 13:42:59.482000,-8.506024096385543,-1.0120481927710845,4.445783132530121,-0.8461066830165542,-8.59656652360515,5.0324954015941135,3.0,0.22266622266622269,4491.026919242273,17.219043179301906,9.802808694132043,-11.493386166307326,1257.142857142857,-1.0,87.0332005312085,0.2227257631933463,
2023-07-31 13:42:59.490000,-8.590361445783133,-1.0,4.445783132530121,-0.8166768853464133,-8.574494175352545,4.97608828939301,3.0,0.22222222222222224,4500.0,16.9747683701416,9.115785793368683,-11.829264028902745,1248.3516483516482,-1.0,87.0332005312085,0.22272293023591144,
2023-07-31 13:42:59.498000,-8.602409638554217,-0.9879518072289157,4.433734939759036,-0.8117719190680563,-8.625996321275291,4.985898221949724,3.0,0.22266622266622269,4491.026919242273,16.898432492279007,7.5432667093992185,-12.42468387623099,1246.153846153846,-1.0,87.0332005312085,0.2227201434229323,
2023-07-31 13:42:59.505000,-8.590361445783133,-1.0240963855421688,4.433734939759036,-0.8976088289393009,-8.64316370324954,5.010423053341508,3.0,0.22222222222222224,4500.0,16.730493560981294,6.5509002971854775,-12.92850067012412,1245.4212454212454,-1.0,87.0332005312085,0.22271740350882624,
2023-07-31 13:42:59.513000,-8.578313253012048,-1.0481927710843375,4.421686746987952,-0.9123237277743715,-8.623543838136113,5.047210300429184,3.0,0.22222222222222224,4500.0,16.16560806479809,6.291358312452653,-12.989569372414197,1248.3516483516482,-1.0,87.0332005312085,0.2227147112351082,
2023-07-31 13:42:59.521000,-8.493975903614459,-1.108433734939759,4.421686746987952,-0.9883507050889024,-8.491109748620477,4.931943592887799,3.0,0.22222222222222224,4500.0,16.16560806479809,6.505098770467921,-13.233844181574502,1252.014652014652,-1.0,87.0332005312085,0.22271206688223172,
2023-07-31 13:42:59.528000,-8.506024096385543,-1.1325301204819278,4.397590361445784,-0.9834457388105456,-8.522992029429798,5.007970570202329,3.0,0.22222222222222224,4500.0,15.585455393042364,6.67303770176563,-13.050638074704272,1256.4102564102564,-1.0,87.0332005312085,0.22270947056678073,
2023-07-31 13:42:59.536000,-8.530120481927712,-1.1566265060240966,4.385542168674699,-1.0300429184549356,-8.62844880441447,4.9442060085836905,3.0,0.22222222222222224,4500.0,15.15797447701183,8.245556785735095,-12.791096089971449,1261.5384615384614,-1.0,87.0332005312085,0.22270692236870307,
2023-07-31 13:42:59.544000,-8.518072289156628,-1.1325301204819278,4.397590361445784,-1.0374003678724708,-8.584304107909258,4.9294911097486205,3.0,0.22222222222222224,4500.0,14.852630965561447,8.215022434590058,-11.75292815104015,1265.2014652014652,-1.0,87.0332005312085,0.22270442218214842,
2023-07-31 13:42:59.551000,-8.590361445783133,-1.1686746987951808,4.373493975903615,-1.0938074800735744,-8.562231759656651,4.927038626609442,3.0,0.22266622266622269,4491.026919242273,14.196142415943127,8.825709457490822,-11.188042654856945,1265.9340659340658,-1.0,87.0332005312085,0.2227019695771732,
2023-07-31 13:42:59.559000,-8.614457831325302,-1.1927710843373494,4.385542168674699,-1.1109748620478233,-8.76578786020846,4.9589209074187615,3.0,0.22222222222222224,4500.0,14.196142415943127,8.825709457490822,-11.188042654856945,1265.2014652014652,-1.0,87.0332005312085,0.22269956397019494,
2023-07-31 13:42:59.567000,-8.674698795180724,-1.1927710843373494,4.385542168674699,-1.0717351318209687,-8.785407725321887,4.9442060085836905,3.0,0.22266622266622269,4491.026919242273,14.196142415943127,9.268457549093874,-10.378882349513432,1263.003663003663,-1.0,87.0332005312085,0.2226972047844318,
2023-07-31 13:42:59.574000,-8.710843373493976,-1.1566265060240966,4.385542168674699,-1.015328019619865,-8.753525444512569,4.968730839975475,3.0,0.22266622266622269,4491.026919242273,14.15034088922557,8.85624380863586,-10.073538838063051,1263.003663003663,-1.0,87.0332005312085,0.22269489128147907,
2023-07-31 13:42:59.582000,-8.72289156626506,-1.144578313253012,4.397590361445784,-0.9957081545064377,-8.78050275904353,4.9957081545064375,3.0,0.22266622266622269,4491.026919242273,14.180875240370609,8.047083503292347,-9.126973952566868,1265.9340659340658,-1.0,87.0332005312085,0.22269262259539813,
2023-07-31 13:42:59.590000,-8.734939759036145,-1.0963855421686748,4.385542168674699,-0.9393010423053341,-8.782955242182709,4.941753525444512,3.0,0.22222222222222224,4500.0,14.15034088922557,7.161587320086241,-8.714760212108853,1266.6666666666665,-1.0,87.0332005312085,0.2226903977463638,
2023-07-31 13:42:59.597000,-8.674698795180724,-1.0120481927710845,4.433734939759036,-0.8608215818516247,-8.697118332311465,5.017780502759043,3.0,0.22266622266622269,4491.026919242273,14.715226385408776,3.527999533826699,-8.76056173882641,1268.8644688644688,-1.0,87.0332005312085,0.22268821549519272,
2023-07-31 13:42:59.605000,-8.614457831325302,-0.9759036144578314,4.493975903614458,-0.8240343347639485,-8.630901287553648,5.120784794604536,3.0,0.22222222222222224,4500.0,15.249577530446944,0.44403006817784435,-8.149874715925646,1271.7948717948716,-1.0,87.0332005312085,0.222686074475294,
2023-07-31 13:42:59.613000,-8.481927710843374,-1.0,4.55421686746988,-0.8166768853464133,-8.47148988350705,5.191906805640711,3.0,0.22222222222222224,4500.0,14.944234018996562,-3.3574966493794074,-8.043004486918013,1277.6556776556777,-1.0,87.0332005312085,0.22268397320753963,
2023-07-31 13:42:59.620000,-8.349397590361447,-0.9277108433734941,4.626506024096386,-0.7798896382587369,-8.358675659104843,5.213979153893317,3.0,0.22222222222222224,4500.0,15.295379057164501,-6.181924130295438,-7.951401433482899,1284.2490842490843,-1.0,87.0332005312085,0.22268190994535558,
2023-07-31 13:42:59.628000,-8.240963855421688,-0.9036144578313253,4.686746987951808,-0.7381974248927038,-8.196811771919068,5.2924586143470265,3.0,0.22222222222222224,4500.0,15.463317988462212,-8.502534817318338,-7.93613425791038,1292.3076923076922,-1.0,87.0332005312085,0.2226798828181616,
2023-07-31 13:42:59.636000,-8.19277108433735,-0.9277108433734941,4.734939759036145,-0.7872470876762722,-8.164929491109747,5.3218884120171674,3.0,0.22222222222222224,4500.0,15.829730202202668,-9.769710389837423,-7.859798380047784,1301.8315018315018,-1.0,87.0332005312085,0.22267788983651007,
2023-07-31 13:42:59.643000,-8.120481927710843,-0.9397590361445783,4.795180722891566,-0.8264868179031268,-8.169834457388106,5.417535254445125,3.0,0.22222222222222224,4500.0,15.707592797622517,-9.96818367228017,-8.043004486918013,1309.1575091575091,-1.0,87.0332005312085,0.222675928897654,
2023-07-31 13:42:59.651000,-8.072289156626507,-1.0,4.879518072289157,-0.8779889638258737,-8.103617412630287,5.500919681177192,3.0,0.22222222222222224,4500.0,15.707592797622517,-9.12848901579162,-9.188042654856945,1314.2857142857142,-1.0,87.0332005312085,0.22267399793026907,
2023-07-31 13:42:59.659000,-8.072289156626507,-1.0481927710843375,4.843373493975903,-0.8828939301042305,-8.196811771919068,5.481299816063764,3.0,0.22222222222222224,4500.0,16.241943942660683,-6.914748557776353,-9.203309830429463,1320.14652014652,-1.0,87.0332005312085,0.22267209488042844,
2023-07-31 13:42:59.666000,-8.120481927710843,-1.0481927710843375,4.903614457831326,-0.944206008583691,-8.150214592274677,5.540159411404046,3.0,0.22222222222222224,4500.0,16.547287454111068,-3.4796340539595603,-8.730027387681373,1322.3443223443223,-1.0,87.0332005312085,0.22267021743156656,
2023-07-31 13:42:59.674000,-8.180722891566266,-1.0240963855421688,4.9156626506024095,-0.8608215818516247,-8.309625996321275,5.459227467811158,3.0,0.22222222222222224,4500.0,16.684692034263737,0.5356331216129588,-7.630790746459997,1320.8791208791208,-1.0,87.0332005312085,0.22266836317174646,
2023-07-31 13:42:59.682000,-8.337349397590362,-0.9518072289156627,4.879518072289157,-0.8044144696505211,-8.481299816063764,5.518087063151441,3.0,0.22222222222222224,4500.0,17.249577530446945,4.52036594604044,-6.9132334945516005,1318.6813186813185,-1.0,87.0332005312085,0.2226665297295093,
2023-07-31 13:42:59.689000,-8.493975903614459,-0.9156626506024097,4.843373493975903,-0.7700797057020232,-8.557326793378294,5.459227467811158,3.0,0.22222222222222224,4500.0,18.074005011362974,8.367694190315248,-5.875065555620303,1317.216117216117,-1.0,87.0332005312085,0.22266471463308599,
2023-07-31 13:42:59.697000,-8.566265060240964,-0.8915662650602411,4.783132530120482,-0.7283874923359902,-8.650521152667075,5.368485591661557,3.0,0.22222222222222224,4500.0,19.00530272128664,13.49746518268166,-5.325447235009616,1317.9487179487178,-1.0,87.0332005312085,0.22266291518019946,
2023-07-31 13:42:59.704000,-8.590361445783133,-0.8313253012048193,4.662650602409639,-0.6817903126916002,-8.670141017780502,5.199264255058246,3.0,0.22222222222222224,4500.0,19.493852339607248,18.52036594604044,-4.74529456325389,1325.2747252747251,-1.0,87.0332005312085,0.22266112846701153,
2023-07-31 13:42:59.712000,-8.66265060240964,-0.710843373493976,4.530120481927711,-0.5174739423666462,-8.682403433476395,5.10116492949111,3.0,0.22222222222222224,4500.0,20.425150049530913,21.8486102208496,-4.149874715925646,1339.194139194139,-1.0,87.0332005312085,0.22265935154467564,
2023-07-31 13:42:59.720000,-8.698795180722891,-0.5903614457831325,4.46987951807229,-0.41446965052115264,-8.670141017780502,5.044757817290006,3.0,0.22222222222222224,4500.0,21.99766913350038,23.36006060252899,-3.539187693024883,1364.102564102564,-1.0,87.0332005312085,0.2226575814267604,
2023-07-31 13:42:59.727000,-8.710843373493976,-0.5662650602409639,4.445783132530121,-0.42673206621704474,-8.785407725321887,5.005518087063151,3.0,0.22222222222222224,4500.0,22.745760736553812,22.367694190315248,-3.966668609055417,1400.7326007326005,-1.0,87.0332005312085,0.22265581509681373,
2023-07-31 13:42:59.735000,-8.686746987951807,-0.5662650602409639,4.445783132530121,-0.38994481912936846,-8.746167995095034,4.949110974862047,3.0,0.22222222222222224,4500.0,23.081638599149233,20.33715983917021,-4.76056173882641,1450.5494505494505,-1.0,87.0332005312085,0.22265404951604584,
2023-07-31 13:42:59.743000,-8.66265060240964,-0.5903614457831325,4.349397590361446,-0.41446965052115264,-8.640711220110362,4.9147762109135495,3.0,0.22222222222222224,4500.0,23.35644775945458,17.726472816269446,-5.951401433482898,1512.8205128205127,-1.0,87.0332005312085,0.22265228163110612,
2023-07-31 13:42:59.750000,-8.626506024096386,-0.5421686746987953,4.289156626506024,-0.3114653586756591,-8.603923973022685,4.846106683016554,3.0,0.22266622266622269,4491.026919242273,23.707592797622517,14.902045335353415,-7.172775479284425,1588.278388278388,-1.0,87.0332005312085,0.22265050852067925,
2023-07-31 13:42:59.758000,-8.578313253012048,-0.5060240963855422,4.253012048192772,-0.37522992029429797,-8.613733905579398,4.784794604537094,3.0,0.22222222222222224,4500.0,23.906066080065266,11.879144571994638,-8.317813647223357,1672.5274725274724,-1.0,87.0332005312085,0.22264872739354202,
2023-07-31 13:42:59.766000,-8.614457831325302,-0.45783132530120485,4.240963855421687,-0.29429797670141017,-8.65787860208461,4.8412017167381975,3.0,0.22266622266622269,4491.026919242273,24.684692034263737,7.466930831536622,-8.745294563253891,1759.7069597069597,-1.0,87.0332005312085,0.22264693534144445,
2023-07-31 13:42:59.773000,-8.626506024096386,-0.3734939759036145,4.253012048192772,-0.19865113427345185,-8.692213366033108,4.838749233599018,3.0,0.22222222222222224,4500.0,25.219043179301906,4.947846862070974,-8.806363265543968,1843.956043956044,-1.0,87.0332005312085,0.22264512962521965,
2023-07-31 13:42:59.781000,-8.698795180722891,-0.3493975903614458,4.27710843373494,-0.17167381974248927,-8.78050275904353,4.895156345800122,3.0,0.22222222222222224,4500.0,25.860264553347708,2.0928850300099056,-8.836897616689006,1921.6117216117216,-1.0,87.0332005312085,0.22264330753485276,
2023-07-31 13:42:59.789000,-8.783132530120483,-0.4096385542168675,4.373493975903615,-0.27467811158798283,-8.817290006131207,4.904966278356836,3.0,0.22222222222222224,4500.0,26.043470660217935,-2.4567332906007815,-9.844531204475265,1988.278388278388,-1.0,87.0332005312085,0.2226414661107362,
2023-07-31 13:42:59.796000,-8.903614457831326,-0.5180722891566265,4.46987951807229,-0.3629675045984059,-8.915389331698345,5.030042918454935,3.0,0.22222222222222224,4500.0,25.96713478235534,-6.884214206631316,-11.523920517452364,2040.2930402930401,-1.0,87.0332005312085,0.22263960257817095,
2023-07-31 13:42:59.804000,-8.951807228915664,-0.5421686746987953,4.518072289156627,-0.3408951563458001,-9.008583690987123,5.059472716125076,3.0,0.22222222222222224,4500.0,25.63125691975992,-9.66284016082979,-12.378882349513432,2077.6556776556777,-1.0,87.0332005312085,0.22263771433457882,
2023-07-31 13:42:59.812000,-8.91566265060241,-0.5542168674698795,4.578313253012048,-0.4659717964438994,-8.878602084610668,5.133047210300429,3.0,0.22222222222222224,4500.0,24.79156226327137,-11.876580618845056,-13.707126624322594,2097.4358974358975,-1.0,87.0332005312085,0.22263579867021024,
2023-07-31 13:42:59.819000,-8.855421686746988,-0.7228915662650602,4.614457831325302,-0.6253832004904966,-8.79767014101778,5.164929491109748,3.0,0.22222222222222224,4500.0,22.913699667851525,-12.655206573043529,-16.439951051803508,2098.901098901099,-1.0,87.0332005312085,0.22263385279691403,
2023-07-31 13:42:59.827000,-8.686746987951807,-0.8674698795180723,4.566265060240964,-0.733292458614347,-8.687308399754752,5.11587982832618,3.0,0.22222222222222224,4500.0,21.677058446477478,-11.052153137929025,-20.04300448691801,2076.9230769230767,-1.0,87.0332005312085,0.22263187414288538,
2023-07-31 13:42:59.835000,-8.55421686746988,-0.9277108433734941,4.578313253012048,-0.8264868179031268,-8.47148988350705,5.128142244022072,3.0,0.22222222222222224,4500.0,21.677058446477478,-11.052153137929025,-20.04300448691801,2035.164835164835,-1.0,87.0332005312085,0.2226298603387859,
2023-07-31 13:42:59.842000,-8.3855421686747,-0.963855421686747,4.578313253012048,-0.8608215818516247,-8.375843041079092,5.088902513795217,3.0,0.22222222222222224,4500.0,20.333546996095798,-9.861313443272538,-22.180409067070684,1981.6849816849815,-1.0,87.0332005312085,0.2226278089372786,
2023-07-31 13:42:59.850000,-8.27710843373494,-1.0843373493975905,4.590361445783133,-0.9834457388105456,-8.253218884120171,5.123237277743716,3.0,0.22222222222222224,4500.0,18.50148592739351,-7.678107336402308,-23.355981586154655,1919.4139194139193,-1.0,87.0332005312085,0.22262571757929867,
2023-07-31 13:42:59.858000,-8.180722891566266,-1.216867469879518,4.530120481927711,-1.0692826486817903,-8.169834457388106,5.049662783568363,3.0,0.22266622266622269,4491.026919242273,16.66942485869122,-4.365130237165667,-24.60788998310122,1857.8754578754576,-1.0,87.0332005312085,0.22262358398960955,
2023-07-31 13:42:59.865000,-8.072289156626507,-1.313253012048193,4.481927710843374,-1.260576333537707,-8.017780502759043,5.0030656039239725,3.0,0.22222222222222224,4500.0,15.615989744187402,-0.9758172600664304,-25.325447235009616,1799.2673992673992,-1.0,87.0332005312085,0.22262140614235892,
2023-07-31 13:42:59.873000,-8.0,-1.349397590361446,4.433734939759036,-1.2483139178418148,-8.030042918454935,5.061925199264254,3.0,0.22266622266622269,4491.026919242273,15.539653866324807,1.9402132742847145,-26.24147776936076,1747.985347985348,-1.0,87.0332005312085,0.22261918226722882,
2023-07-31 13:42:59.881000,-7.987951807228916,-1.3734939759036144,4.445783132530121,-1.2434089515634579,-8.108522378908644,5.027590435315757,3.0,0.22222222222222224,4500.0,16.15034088922557,3.9402132742847145,-25.020103723559235,1704.0293040293038,-1.0,87.0332005312085,0.2226169105574215,
2023-07-31 13:42:59.888000,-8.180722891566266,-1.3975903614457832,4.46987951807229,-1.2213366033108521,-8.326793378295523,5.128142244022072,3.0,0.22222222222222224,4500.0,17.035837072431676,6.245556785735096,-22.852164792261526,1667.3992673992673,-1.0,87.0332005312085,0.222614589345492,
2023-07-31 13:42:59.896000,-8.397590361445783,-1.421686746987952,4.493975903614458,-1.3488657265481299,-8.488657265481299,5.150214592274678,3.0,0.22222222222222224,4500.0,18.211409591515647,5.68067128955189,-21.58498921974244,1636.6300366300366,-1.0,87.0332005312085,0.22261221707689713,
2023-07-31 13:42:59.904000,-8.46987951807229,-1.3975903614457832,4.518072289156627,-1.2237890864500305,-8.562231759656651,5.130594727161251,3.0,0.22222222222222224,4500.0,18.684692034263737,6.062350678864867,-19.707126624322594,1610.989010989011,697.052001953125,86.07679173416226,0.22260979230420375,
2023-07-31 13:42:59.911000,-8.590361445783133,-1.3975903614457832,4.530120481927711,-1.2335990190067443,-8.670141017780502,5.125689760882894,3.0,0.22266622266622269,4491.026919242273,20.272478293805722,6.688304877338149,-17.43231746401725,1588.278388278388,-1.0,86.07679173416226,0.22260731369132894,
2023-07-31 13:42:59.919000,-8.674698795180724,-1.3734939759036144,4.518072289156627,-1.2017167381974247,-8.758430410790925,5.118332311465358,3.0,0.22222222222222224,4500.0,20.425150049530913,4.291358312452654,-16.653691509818778,1567.032967032967,-1.0,86.07679173416226,0.22260478016655763,
2023-07-31 13:42:59.927000,-8.686746987951807,-1.4337349397590362,4.542168674698796,-1.3733905579399142,-8.746167995095034,5.064377682403433,3.0,0.22222222222222224,4500.0,20.425150049530913,5.604335411689295,-14.882699143406562,1547.2527472527472,-1.0,86.07679173416226,0.22260219065958403,
2023-07-31 13:42:59.934000,-8.650602409638555,-1.457831325301205,4.542168674698796,-1.314530962599632,-8.697118332311465,5.005518087063151,3.0,0.22222222222222224,4500.0,20.074005011362974,6.276091136880134,-13.203309830429463,1528.937728937729,-1.0,86.07679173416226,0.22259954396564954,
2023-07-31 13:42:59.942000,-8.626506024096386,-1.5180722891566265,4.481927710843374,-1.407725321888412,-8.731453096259962,4.980993255671367,3.0,0.22222222222222224,4500.0,19.63125691975992,8.596701823903034,-11.447584639589769,1511.3553113553112,-1.0,86.07679173416226,0.22259683903465852,
2023-07-31 13:42:59.950000,-8.650602409638555,-1.566265060240964,4.397590361445784,-1.4690374003678723,-8.731453096259962,4.919681177191906,3.0,0.22222222222222224,4500.0,19.12744012586679,11.757007167414486,-9.142241128139387,1489.3772893772893,-1.0,86.07679173416226,0.22259407497194086,
2023-07-31 13:42:59.957000,-8.63855421686747,-1.602409638554217,4.349397590361446,-1.5082771305947271,-8.721643163703249,4.902513795217658,3.0,0.22266622266622269,4491.026919242273,17.524386690752287,11.207388846803799,-9.386515937299693,1466.6666666666665,-1.0,86.07679173416226,0.2225912511774616,
2023-07-31 13:42:59.965000,-8.578313253012048,-1.5783132530120483,4.313253012048193,-1.4543225015328018,-8.640711220110362,4.82158185162477,3.0,0.22222222222222224,4500.0,16.80682943884389,12.703572052910669,-8.485752578521067,1443.956043956044,-1.0,86.07679173416226,0.22258836733615212,
2023-07-31 13:42:59.973000,-8.55421686746988,-1.5542168674698795,4.301204819277109,-1.4518700183936235,-8.586756591048436,4.851011649294911,3.0,0.22222222222222224,4500.0,15.554921041897325,13.405862129246547,-7.2491113571470205,1421.9780219780218,-1.0,86.07679173416226,0.22258542316275884,
2023-07-31 13:42:59.980000,-8.566265060240964,-1.530120481927711,4.313253012048193,-1.3366033108522377,-8.58185162477008,4.9000613120784795,3.0,0.22222222222222224,4500.0,14.913699667851525,12.85624380863586,-6.058271662490531,1405.128205128205,-1.0,86.07679173416226,0.2225824185303539,
2023-07-31 13:42:59.988000,-8.590361445783133,-1.3373493975903614,4.36144578313253,-1.1624770079705702,-8.726548129981605,4.985898221949724,3.0,0.22222222222222224,4500.0,14.440417225103433,12.01654915214731,-4.42468387623099,1397.069597069597,-1.0,86.07679173416226,0.22257935358802525,
2023-07-31 13:42:59.996000,-8.66265060240964,-1.144578313253012,4.481927710843374,-0.9343960760269773,-8.819742489270386,5.052115266707541,3.0,0.22222222222222224,4500.0,14.776295087698852,7.131052968941203,-1.3865159372996922,1398.5347985347985,-1.0,86.07679173416226,0.2225762286119352,
2023-07-31 13:43:00.003000,-8.698795180722891,-1.0963855421686748,4.566265060240964,-0.927038626609442,-8.782955242182709,5.120784794604536,3.0,0.22222222222222224,4500.0,14.272478293805722,2.169220907872501,1.010430627585804,1405.8608058608058,-1.0,86.07679173416226,0.2225730438664654,
2023-07-31 13:43:00.011000,-8.66265060240964,-1.0843373493975905,4.626506024096386,-0.973635806253832,-8.675045984058858,5.182096873083998,3.0,0.22222222222222224,4500.0,14.761027912126334,-0.9758172600664304,2.7203542917079413,1416.8498168498168,-1.0,86.07679173416226,0.22256979962403983,
2023-07-31 13:43:00.019000,-8.63855421686747,-1.1204819277108435,4.590361445783133,-0.9638258736971183,-8.655426118945432,5.191906805640711,3.0,0.22222222222222224,4500.0,14.562554629683586,-3.281160771516812,3.1173008565934373,1428.5714285714284,-1.0,86.07679173416226,0.2225664963121199,
2023-07-31 13:43:00.026000,-8.530120481927712,-1.0963855421686748,4.626506024096386,-0.9368485591661557,-8.591661557326793,5.130594727161251,3.0,0.22222222222222224,4500.0,15.081638599149235,-4.578870695180934,2.7814229939980177,1441.7582417582416,-1.0,86.07679173416226,0.22256313451067342,
2023-07-31 13:43:00.034000,-8.421686746987952,-1.0240963855421688,4.626506024096386,-0.86817903126916,-8.429797670141017,5.231146535867565,3.0,0.22222222222222224,4500.0,14.883165316706487,-4.548336344035896,1.9875298642270252,1452.014652014652,-1.0,86.07679173416226,0.22255971494942456,
2023-07-31 13:43:00.042000,-8.325301204819278,-1.0240963855421688,4.590361445783133,-0.8927038626609441,-8.147762109135499,5.157572041692213,3.0,0.22222222222222224,4500.0,14.623623331973661,-2.930015733348873,0.9798962764407657,1459.3406593406592,-1.0,86.07679173416226,0.22255623850489586,
2023-07-31 13:43:00.049000,-8.19277108433735,-1.0843373493975905,4.542168674698796,-0.9858982219497241,-8.133047210300429,5.10116492949111,3.0,0.22222222222222224,4500.0,14.287745469378242,-0.04451955014276631,-0.5773556319561808,1463.7362637362637,-1.0,86.07679173416226,0.22255270619725664,
2023-07-31 13:43:00.057000,-8.072289156626507,-1.1325301204819278,4.530120481927711,-1.032495401594114,-8.012875536480687,5.135499693439607,3.0,0.22222222222222224,4500.0,13.707592797622517,3.4058621292465467,-2.4094167006584706,1468.8644688644688,-1.0,86.07679173416226,0.22254911932573546,
2023-07-31 13:43:00.065000,-7.975903614457832,-1.072289156626506,4.46987951807229,-0.9687308399754752,-7.956468424279582,5.005518087063151,3.0,0.22222222222222224,4500.0,14.287745469378242,7.253190373521355,-3.493386166307326,1473.9926739926739,-1.0,86.07679173416226,0.22254547930598165,
2023-07-31 13:43:00.072000,-7.987951807228916,-1.0481927710843375,4.445783132530121,-0.9368485591661557,-7.968730839975475,5.0226854690374,3.0,0.22222222222222224,4500.0,14.623623331973661,10.33715983917021,-4.149874715925646,1476.1904761904761,-1.0,86.07679173416226,0.22254178753877873,
2023-07-31 13:43:00.080000,-8.072289156626507,-1.0602409638554218,4.397590361445784,-0.8706315144083384,-8.059472716125077,4.9662783568362965,3.0,0.22222222222222224,4500.0,14.501485927393508,13.772274342987004,-5.936134257910379,1476.1904761904761,-1.0,86.07679173416226,0.2225380456940617,
2023-07-31 13:43:00.087000,-8.19277108433735,-1.0843373493975905,4.36144578313253,-0.9908031882280809,-8.218884120171673,4.9074187614960145,3.0,0.22222222222222224,4500.0,14.48621875182099,15.237923197948836,-7.3712487617271725,1472.5274725274724,-1.0,86.07679173416226,0.22253425568636617,
2023-07-31 13:43:00.095000,-8.361445783132531,-1.0240963855421688,4.313253012048193,-0.9540159411404046,-8.427345187001839,4.9000613120784795,3.0,0.22222222222222224,4500.0,14.593088980828623,16.04708350329235,-7.157508303711905,1465.9340659340658,-1.0,86.07679173416226,0.22253041952252683,
2023-07-31 13:43:00.103000,-8.518072289156628,-1.072289156626506,4.1807228915662655,-0.9123237277743715,-8.557326793378294,4.777437155119558,3.0,0.22222222222222224,4500.0,14.135073713653052,20.031816327719827,-7.401783112872211,1458.6080586080584,-1.0,86.07679173416226,0.22252653929834537,
2023-07-31 13:43:00.110000,-8.63855421686747,-1.072289156626506,4.1084337349397595,-1.003065603923973,-8.687308399754752,4.711220110361741,3.0,0.22222222222222224,4500.0,14.135073713653052,20.031816327719827,-7.401783112872211,1451.2820512820513,-1.0,86.07679173416226,0.2225226171949406,
2023-07-31 13:43:00.118000,-8.831325301204819,-1.036144578313253,4.072289156626506,-0.8534641324340895,-8.925199264255058,4.5738810545677495,3.0,0.22222222222222224,4500.0,14.898432492279005,20.32189266359769,-7.844531204475265,1442.4908424908424,-1.0,86.07679173416226,0.22251865547479294,
2023-07-31 13:43:00.126000,-9.0,-0.9759036144578314,4.024096385542169,-0.8338442673206621,-9.064990803188227,4.5885959534028204,3.0,0.22222222222222224,4500.0,15.356447759454579,19.497465182681662,-8.012470135772976,1433.6996336996335,-1.0,86.07679173416226,0.22251465647749255,
2023-07-31 13:43:00.133000,-9.132530120481928,-0.8313253012048193,4.0120481927710845,-0.6253832004904966,-9.221949724095646,4.630288166768853,3.0,0.2217782217782218,4509.009009009009,15.47858516403473,17.36006060252899,-7.294912883864577,1419.7802197802198,-1.0,86.07679173416226,0.22251062261520513,
2023-07-31 13:43:00.141000,-9.204819277108435,-0.7228915662650602,4.1084337349397595,-0.5542611894543225,-9.332311465358675,4.718577559779276,3.0,0.22222222222222224,4500.0,15.570188217469845,12.001281976574791,-6.5926228075286994,1406.5934065934066,-1.0,86.07679173416226,0.22250655621857482,
2023-07-31 13:43:00.149000,-9.216867469879519,-0.7590361445783133,4.204819277108434,-0.6817903126916002,-9.266094420600858,4.797057020232986,3.0,0.22222222222222224,4500.0,15.692325622049998,3.695938465124409,-6.226210593788242,1397.8021978021977,-1.0,86.07679173416226,0.2225024596590864,
2023-07-31 13:43:00.156000,-9.156626506024097,-0.8313253012048193,4.301204819277109,-0.6670754138565297,-9.194972409564684,4.927038626609442,3.0,0.22222222222222224,4500.0,15.783928675485113,-4.075053901287804,-6.0277373113454935,1390.4761904761904,-1.0,86.07679173416226,0.22249833550271053,
2023-07-31 13:43:00.164000,-9.120481927710843,-0.9156626506024097,4.349397590361446,-0.7946045370938074,-9.038013488657265,4.96137339055794,3.0,0.22222222222222224,4500.0,15.951867606782821,-12.31932871044811,-6.501019754093585,1389.0109890109889,-1.0,86.07679173416226,0.22249418622671038,
2023-07-31 13:43:00.172000,-8.963855421686748,-0.9397590361445783,4.397590361445784,-0.7798896382587369,-8.976701410177805,5.015328019619865,3.0,0.22222222222222224,4500.0,16.745760736553816,-19.739176038692385,-7.4781189907348065,1389.0109890109889,-1.0,86.07679173416226,0.22249001437288518,
2023-07-31 13:43:00.179000,-8.771084337349398,-0.963855421686747,4.433734939759036,-0.82158185162477,-8.702023298589822,5.133047210300429,3.0,0.22222222222222224,4500.0,17.14270730143931,-25.76971038983742,-7.92086708233786,1389.0109890109889,-1.0,86.07679173416226,0.22248582266913114,
2023-07-31 13:43:00.187000,-8.542168674698795,-0.9397590361445783,4.530120481927711,-0.7896995708154506,-8.530349478847333,5.16247700797057,3.0,0.22222222222222224,4500.0,17.081638599149233,-28.517801992890856,-9.401783112872211,1390.4761904761904,-1.0,86.07679173416226,0.2224816138741483,
2023-07-31 13:43:00.195000,-8.325301204819278,-0.963855421686747,4.602409638554217,-0.8632740649908032,-8.267933782955241,5.172286940527283,3.0,0.22222222222222224,4500.0,16.85263096556145,-28.80787832876872,-9.997202960200456,1388.278388278388,-1.0,86.07679173416226,0.22247739077132042,
2023-07-31 13:43:00.202000,-8.084337349397591,-1.0240963855421688,4.590361445783133,-0.9074187614960146,-8.017780502759043,5.182096873083998,3.0,0.22222222222222224,4500.0,16.532020278538546,-25.662840160829788,-10.058271662490533,1383.8827838827838,-1.0,86.07679173416226,0.22247315616249808,
2023-07-31 13:43:00.210000,-7.927710843373494,-1.1204819277108435,4.602409638554217,-1.020232985898222,-7.8779889638258735,5.137952176578786,3.0,0.22222222222222224,4500.0,15.768661499912593,-20.762076802051162,-10.516286929666105,1375.8241758241757,-1.0,86.07679173416226,0.22246891286170561,
2023-07-31 13:43:00.218000,-7.83132530120482,-1.1686746987951808,4.626506024096386,-1.0104230533415082,-7.831391784181483,5.213979153893317,3.0,0.22222222222222224,4500.0,15.15797447701183,-15.097954664646583,-10.76056173882641,1363.3699633699632,-1.0,86.07679173416226,0.2224646636887986,
2023-07-31 13:43:00.225000,-7.891566265060241,-1.144578313253012,4.686746987951808,-0.9809932556713672,-7.904966278356836,5.17719190680564,3.0,0.22222222222222224,4500.0,14.562554629683586,-7.632305809684751,-10.92850067012412,1347.985347985348,-1.0,86.07679173416226,0.222460411463093,
2023-07-31 13:43:00.233000,-8.036144578313253,-1.0963855421686748,4.686746987951808,-0.956468424279583,-8.086450030656039,5.206621704475782,3.0,0.22222222222222224,4500.0,14.241943942660685,-0.8842142066313159,-11.11170677699435,1336.263736263736,-1.0,86.07679173416226,0.2224561589969917,
2023-07-31 13:43:00.241000,-8.180722891566266,-1.0481927710843375,4.650602409638554,-0.8632740649908032,-8.258123850398528,5.167381974248927,3.0,0.22222222222222224,4500.0,14.012936309072899,5.085251442223646,-11.050638074704272,1326.007326007326,-1.0,86.07679173416226,0.2224519090896333,
2023-07-31 13:43:00.248000,-8.349397590361447,-0.9879518072289157,4.590361445783133,-0.7970570202329859,-8.47148988350705,5.169834457388105,3.0,0.22222222222222224,4500.0,13.64652409533244,8.50509877046792,-10.333080822795877,1317.9487179487178,-1.0,86.07679173416226,0.22244766452058568,
2023-07-31 13:43:00.256000,-8.518072289156628,-0.9518072289156627,4.55421686746988,-0.7970570202329859,-8.618638871857755,5.125689760882894,3.0,0.22222222222222224,4500.0,14.409882873958395,8.947846862070973,-9.78346250218519,1312.8205128205127,-1.0,86.07679173416226,0.22244342804361084,
2023-07-31 13:43:00.264000,-8.650602409638555,-0.9277108433734941,4.626506024096386,-0.7847946045370937,-8.746167995095034,5.216431637032495,3.0,0.22222222222222224,4500.0,14.898432492279005,7.314259075811432,-9.004836547986717,1310.6227106227104,-1.0,86.07679173416226,0.222439202380523,
2023-07-31 13:43:00.271000,-8.734939759036145,-0.8433734939759037,4.662650602409639,-0.6523605150214592,-8.854077253218884,5.3071735131820965,3.0,0.22222222222222224,4500.0,14.959501194569082,4.33715983917021,-7.600256395314959,1314.2857142857142,-1.0,86.07679173416226,0.2224349902151658,
2023-07-31 13:43:00.279000,-8.795180722891567,-0.819277108433735,4.686746987951808,-0.6842427958307786,-8.863887185775598,5.2777437155119555,3.0,0.22222222222222224,4500.0,15.066371423576715,1.085251442223646,-6.852164792261524,1320.14652014652,-1.0,86.07679173416226,0.22243079418752987,
2023-07-31 13:43:00.287000,-8.783132530120483,-0.819277108433735,4.72289156626506,-0.7357449417535254,-8.920294297976701,5.3366033108522375,3.0,0.2217782217782218,4509.009009009009,14.9747683701416,-2.0903210768603233,-6.333080822795875,1323.8095238095236,-1.0,86.07679173416226,0.22242661688803506,
2023-07-31 13:43:00.294000,-8.74698795180723,-0.819277108433735,4.771084337349397,-0.6057633353770693,-8.802575107296137,5.319435928877989,3.0,0.22222222222222224,4500.0,14.409882873958395,-4.533069168463377,-6.546821280811143,1326.007326007326,-1.0,86.07679173416226,0.22242246084145353,
2023-07-31 13:43:00.302000,-8.66265060240964,-0.7951807228915663,4.783132530120482,-0.7014101778050276,-8.68976088289393,5.3733905579399135,3.0,0.22222222222222224,4500.0,14.196142415943127,-7.128489015791621,-6.607889983101218,1326.007326007326,-1.0,86.07679173416226,0.22241832846987403,
2023-07-31 13:43:00.310000,-8.566265060240964,-0.819277108433735,4.83132530120482,-0.6842427958307786,-8.591661557326793,5.339055793991416,3.0,0.22222222222222224,4500.0,13.890798904492746,-9.082687489074063,-6.5926228075286994,1326.007326007326,-1.0,86.07679173416226,0.22241422211892808,
2023-07-31 13:43:00.317000,-8.46987951807229,-0.855421686746988,4.843373493975903,-0.7112201103617413,-8.437155119558552,5.361128142244022,3.0,0.22222222222222224,4500.0,13.356447759454579,-9.281160771516811,-7.264378532719539,1322.3443223443223,-1.0,86.07679173416226,0.2224101440631013,
2023-07-31 13:43:00.325000,-8.301204819277109,-0.8915662650602411,4.819277108433735,-0.7995095033721643,-8.25567136725935,5.434702636419375,3.0,0.22222222222222224,4500.0,13.631256919759922,-8.563603519608415,-6.882699143406562,1318.6813186813185,-1.0,86.07679173416226,0.2224060965007742,
2023-07-31 13:43:00.333000,-8.180722891566266,-0.9518072289156627,4.807228915662651,-0.8068669527896996,-8.253218884120171,5.385652973635806,3.0,0.22222222222222224,4500.0,14.058737835790456,-5.998718023425209,-6.516286929666104,1311.3553113553112,-1.0,86.07679173416226,0.22240208154955693,
2023-07-31 13:43:00.340000,-8.180722891566266,-1.0,4.795180722891566,-0.8706315144083384,-8.184549356223176,5.324340895156346,3.0,0.22222222222222224,4500.0,14.379348522813356,-2.5025348173183386,-6.638424334246257,1305.4945054945053,-1.0,86.07679173416226,0.22239810124194107,
2023-07-31 13:43:00.348000,-8.25301204819277,-1.0240963855421688,4.72289156626506,-0.9172286940527283,-8.250766400980993,5.31698344573881,3.0,0.22222222222222224,4500.0,14.608356156401143,1.2531903735213559,-6.562088456383662,1295.970695970696,-1.0,86.07679173416226,0.22239415752128258,
2023-07-31 13:43:00.356000,-8.361445783132531,-1.036144578313253,4.72289156626506,-0.9981606376456161,-8.39301042305334,5.326793378295524,3.0,0.22222222222222224,4500.0,14.883165316706487,4.276091136880134,-7.08117242584931,1284.9816849816848,-1.0,86.07679173416226,0.22239025223813746,
2023-07-31 13:43:00.363000,-8.46987951807229,-1.0481927710843375,4.662650602409639,-0.8853464132434089,-8.50091968117719,5.194359288779889,3.0,0.22222222222222224,4500.0,15.310646232737021,6.703572052910668,-7.737660975467631,1273.9926739926739,-1.0,86.07679173416226,0.22238638714696068,
2023-07-31 13:43:00.371000,-8.542168674698795,-1.0481927710843375,4.614457831325302,-0.9098712446351931,-8.562231759656651,5.130594727161251,3.0,0.22222222222222224,4500.0,15.64652409533244,8.596701823903034,-8.562088456383663,1267.3992673992673,-1.0,86.07679173416226,0.22238256390318534,
2023-07-31 13:43:00.379000,-8.602409638554217,-1.0240963855421688,4.55421686746988,-0.8632740649908032,-8.586756591048436,5.123237277743716,3.0,0.22222222222222224,4500.0,16.226676767088165,9.283724724666394,-8.791096089971449,1265.2014652014652,-1.0,86.07679173416226,0.22237878406069142,
2023-07-31 13:43:00.386000,-8.63855421686747,-0.9879518072289157,4.493975903614458,-0.8632740649908032,-8.667688534641323,5.110974862047823,3.0,0.22222222222222224,4500.0,16.226676767088165,9.283724724666394,-8.791096089971449,1269.5970695970695,-1.0,86.07679173416226,0.2223750490696728,
2023-07-31 13:43:00.394000,-8.63855421686747,-0.9518072289156627,4.493975903614458,-0.7798896382587369,-8.638258736971183,5.030042918454935,3.0,0.22222222222222224,4500.0,16.66942485869122,9.619602587261813,-9.24911135714702,1280.5860805860805,-1.0,86.07679173416226,0.2223713602749137,
2023-07-31 13:43:00.402000,-8.63855421686747,-0.9397590361445783,4.433734939759036,-0.8534641324340895,-8.635806253832005,5.0226854690374,3.0,0.22222222222222224,4500.0,17.112172950294273,8.764640755200745,-9.417050288444731,1305.4945054945053,-1.0,86.07679173416226,0.2223677189144751,
2023-07-31 13:43:00.409000,-8.578313253012048,-0.9759036144578314,4.445783132530121,-0.82158185162477,-8.603923973022685,5.000613120784794,3.0,0.22222222222222224,4500.0,16.928966843424043,8.245556785735095,-9.798729677757708,1345.054945054945,-1.0,86.07679173416226,0.22236412611879838,
2023-07-31 13:43:00.417000,-8.566265060240964,-0.9759036144578314,4.409638554216868,-0.8362967504598405,-8.586756591048436,5.0030656039239725,3.0,0.22222222222222224,4500.0,17.035837072431676,7.558533884971737,-10.668958685391296,1399.2673992673992,-1.0,86.07679173416226,0.22236058291022504,
2023-07-31 13:43:00.425000,-8.55421686746988,-1.0,4.385542168674699,-0.8093194359288779,-8.554874310239116,4.9147762109135495,3.0,0.22222222222222224,4500.0,16.63889050754618,7.924946098712195,-11.371248761727173,1464.4688644688645,-1.0,86.07679173416226,0.22235709020293315,
2023-07-31 13:43:00.432000,-8.566265060240964,-1.0240963855421688,4.325301204819278,-0.9417535254445125,-8.633353770692827,4.931943592887799,3.0,0.22222222222222224,4500.0,16.6541576831187,7.4363964803915845,-11.569722044169922,1539.9267399267399,-1.0,86.07679173416226,0.22235364880328634,
2023-07-31 13:43:00.440000,-8.602409638554217,-1.0602409638554218,4.289156626506024,-0.9711833231146535,-8.618638871857755,4.9000613120784795,3.0,0.2217782217782218,4509.009009009009,16.409882873958395,6.932579686498455,-12.134607540353128,1621.245421245421,-1.0,86.07679173416226,0.22235025941059125,
2023-07-31 13:43:00.448000,-8.578313253012048,-1.0963855421686748,4.301204819277109,-0.944206008583691,-8.599019006744328,4.833844267320662,3.0,0.2217782217782218,4509.009009009009,16.0129363090729,7.3295262513839505,-12.821630441116486,1702.5641025641025,-1.0,86.07679173416226,0.22234692246896284,
2023-07-31 13:43:00.455000,-8.578313253012048,-1.1325301204819278,4.289156626506024,-1.0594727161250765,-8.537706928264868,4.828939301042305,3.0,0.22222222222222224,4500.0,15.875531728920226,6.963114037643493,-13.126973952566868,1778.7545787545787,-1.0,86.07679173416226,0.22234363814699837,
2023-07-31 13:43:00.463000,-8.602409638554217,-1.144578313253012,4.27710843373494,-0.9932556713672593,-8.650521152667075,4.831391784181483,3.0,0.22222222222222224,4500.0,15.692325622049998,6.245556785735096,-13.050638074704272,1847.6190476190475,-1.0,86.07679173416226,0.22234040662606686,
2023-07-31 13:43:00.470000,-8.614457831325302,-1.1927710843373494,4.265060240963856,-1.0275904353157572,-8.665236051502145,4.848559166155733,3.0,0.22222222222222224,4500.0,15.173241652584348,6.581434648330516,-13.126973952566868,1904.0293040293038,-1.0,86.07679173416226,0.22233722812261164,
2023-07-31 13:43:00.478000,-8.66265060240964,-1.216867469879518,4.301204819277109,-1.0668301655426118,-8.692213366033108,4.826486817903127,3.0,0.22222222222222224,4500.0,15.066371423576715,6.153953732299981,-13.11170677699435,1947.2527472527472,-1.0,86.07679173416226,0.22233410275169732,
2023-07-31 13:43:00.486000,-8.710843373493976,-1.2771084337349399,4.27710843373494,-1.155119558553035,-8.702023298589822,4.895156345800122,3.0,0.22222222222222224,4500.0,14.409882873958395,5.604335411689295,-13.065905250276792,1975.091575091575,-1.0,86.07679173416226,0.2223310305296599,
2023-07-31 13:43:00.493000,-8.710843373493976,-1.3012048192771084,4.313253012048193,-1.1747394236664623,-8.706928264868179,4.890251379521765,3.0,0.22222222222222224,4500.0,14.180875240370609,4.9936483887885315,-13.340714410582136,1983.8827838827838,-1.0,86.07679173416226,0.22232801137710378,
2023-07-31 13:43:00.501000,-8.686746987951807,-1.313253012048193,4.253012048192772,-1.1305947271612506,-8.73635806253832,4.843654199877376,3.0,0.22222222222222224,4500.0,13.951867606782821,4.489831594895401,-12.806363265543967,1975.8241758241757,-1.0,86.07679173416226,0.22232504512222642,
2023-07-31 13:43:00.509000,-8.626506024096386,-1.2530120481927711,4.265060240963856,-1.155119558553035,-8.729000613120784,4.897608828939301,3.0,0.22222222222222224,4500.0,13.997669133500379,4.52036594604044,-12.394149525085952,1951.6483516483515,-1.0,86.07679173416226,0.22232213150445496,
2023-07-31 13:43:00.516000,-8.566265060240964,-1.2409638554216869,4.27710843373494,-1.0962599632127528,-8.594114040465971,4.863274064990803,3.0,0.22222222222222224,4500.0,14.043470660217936,4.840976633063341,-11.951401433482898,1912.087912087912,-1.0,86.07679173416226,0.22231927017837724,
2023-07-31 13:43:00.524000,-8.55421686746988,-1.2650602409638554,4.301204819277109,-1.1305947271612506,-8.61128142244022,4.88289393010423,3.0,0.22222222222222224,4500.0,13.936600431210303,4.764640755200745,-11.386515937299693,1860.8058608058607,-1.0,86.07679173416226,0.222316460717946,
2023-07-31 13:43:00.532000,-8.566265060240964,-1.2289156626506024,4.253012048192772,-1.108522378908645,-8.537706928264868,4.880441446965052,3.0,0.22222222222222224,4500.0,13.463317988462212,5.375327778101508,-10.76056173882641,1802.197802197802,-1.0,86.07679173416226,0.22231370262093825,
2023-07-31 13:43:00.539000,-8.55421686746988,-1.216867469879518,4.289156626506024,-1.0987124463519313,-8.58185162477008,4.880441446965052,3.0,0.22222222222222224,4500.0,13.81446302663015,5.650136938406852,-10.2720121205058,1737.7289377289376,-1.0,86.07679173416226,0.22231099531364218,
2023-07-31 13:43:00.547000,-8.578313253012048,-1.1927710843373494,4.301204819277109,-1.079092581238504,-8.542611894543224,4.892703862660944,3.0,0.22222222222222224,4500.0,13.875531728920226,5.1005186177961646,-9.676592273177555,1671.7948717948716,-1.0,86.07679173416226,0.2223083381557559,
2023-07-31 13:43:00.555000,-8.542168674698795,-1.1686746987951808,4.289156626506024,-1.0006131207847946,-8.53525444512569,4.890251379521765,3.0,0.22222222222222224,4500.0,13.906066080065266,4.85624380863586,-9.646057922032517,1602.9304029304028,-1.0,86.07679173416226,0.22230573044546703,
2023-07-31 13:43:00.562000,-8.518072289156628,-1.1204819277108435,4.27710843373494,-1.0055180870631515,-8.562231759656651,4.912323727774371,3.0,0.22222222222222224,4500.0,13.66179127090496,4.291358312452654,-9.646057922032517,1539.194139194139,-1.0,86.07679173416226,0.2223031714246935,
2023-07-31 13:43:00.570000,-8.530120481927712,-1.1325301204819278,4.289156626506024,-0.9809932556713672,-8.61128142244022,4.919681177191906,3.0,0.22222222222222224,4500.0,13.936600431210303,4.01654915214731,-9.279645708292058,1481.3186813186812,-1.0,86.07679173416226,0.2223006602844567,
2023-07-31 13:43:00.578000,-8.518072289156628,-1.1325301204819278,4.289156626506024,-0.9343960760269773,-8.608828939301041,4.922133660331085,3.0,0.22222222222222224,4500.0,13.936600431210303,3.9860148010022716,-8.897966318979082,1427.8388278388277,-1.0,86.07679173416226,0.22229819617036162,
2023-07-31 13:43:00.585000,-8.55421686746988,-1.1325301204819278,4.313253012048193,-0.9393010423053341,-8.59656652360515,4.895156345800122,3.0,0.22222222222222224,4500.0,14.15034088922557,3.527999533826699,-8.394149525085952,1383.8827838827838,-1.0,86.07679173416226,0.22229577818816035,
2023-07-31 13:43:00.593000,-8.590361445783133,-1.108433734939759,4.325301204819278,-0.9809932556713672,-8.569589209074188,4.887798896382587,3.0,0.2217782217782218,4509.009009009009,14.257211118233204,2.6272361750480733,-8.516286929666105,1347.2527472527472,-1.0,86.07679173416226,0.22229340540936732,
2023-07-31 13:43:00.601000,-8.63855421686747,-1.108433734939759,4.349397590361446,-0.9809932556713672,-8.687308399754752,4.941753525444512,3.0,0.2217782217782218,4509.009009009009,14.3335469960958,1.9249460987121954,-8.302546471650837,1315.7509157509157,697.052001953125,86.07679173416226,0.2222910767276109,
2023-07-31 13:43:00.608000,-8.650602409638555,-1.0843373493975905,4.373493975903615,-0.8412017167381973,-8.635806253832005,4.96137339055794,3.0,0.22222222222222224,4500.0,14.669424858691219,1.833343045277081,-8.027737311345494,1283.5164835164835,-1.0,86.07679173416226,0.22228879084240258,
2023-07-31 13:43:00.616000,-8.626506024096386,-1.0843373493975905,4.397590361445784,-0.9417535254445125,-8.682403433476395,4.919681177191906,3.0,0.2217782217782218,4509.009009009009,14.3335469960958,1.9402132742847145,-8.180409067070686,1254.212454212454,-1.0,86.07679173416226,0.22228654655111424,
2023-07-31 13:43:00.624000,-8.614457831325302,-1.0602409638554218,4.445783132530121,-0.9343960760269773,-8.618638871857755,4.990803188228081,3.0,0.22222222222222224,4500.0,13.997669133500379,1.1921216712312794,-7.829264028902746,1228.5714285714284,-1.0,86.07679173416226,0.22228434262525634,
2023-07-31 13:43:00.631000,-8.614457831325302,-1.072289156626506,4.46987951807229,-0.9834457388105456,-8.630901287553648,5.064377682403433,3.0,0.22222222222222224,4500.0,13.921333255637784,1.2073888468037985,-8.226210593788242,1206.5934065934066,-1.0,86.07679173416226,0.2222821778042803,
2023-07-31 13:43:00.639000,-8.530120481927712,-1.072289156626506,4.518072289156627,-0.9196811771919068,-8.53525444512569,5.042305334150828,3.0,0.22222222222222224,4500.0,13.829730202202668,1.0394499155060886,-7.890332731192823,1185.3479853479853,-1.0,86.07679173416226,0.2222800509595663,
2023-07-31 13:43:00.647000,-8.518072289156628,-1.108433734939759,4.481927710843374,-0.9834457388105456,-8.579399141630901,5.140404659717964,3.0,0.22222222222222224,4500.0,13.890798904492746,0.8562438086358596,-8.45521822737603,1169.230769230769,-1.0,86.07679173416226,0.22227796096043906,
2023-07-31 13:43:00.654000,-8.493975903614459,-1.0963855421686748,4.566265060240964,-0.9932556713672593,-8.589209074187615,5.06928264868179,3.0,0.22222222222222224,4500.0,14.012936309072899,0.5203659460404397,-7.981935784627937,1158.974358974359,-1.0,86.07679173416226,0.22227590667882058,
2023-07-31 13:43:00.662000,-8.493975903614459,-1.108433734939759,4.566265060240964,-0.9221336603310851,-8.564684242795831,5.135499693439607,3.0,0.22222222222222224,4500.0,14.012936309072899,0.5203659460404397,-7.981935784627937,1154.5787545787546,-1.0,86.07679173416226,0.2222738869937557,
2023-07-31 13:43:00.670000,-8.46987951807229,-1.0963855421686748,4.566265060240964,-0.9809932556713672,-8.454322501532802,5.157572041692213,3.0,0.22222222222222224,4500.0,13.570188217469845,0.7188392284831878,-8.730027387681373,1158.2417582417581,-1.0,86.07679173416226,0.22227190079579467,
2023-07-31 13:43:00.677000,-8.409638554216867,-1.1204819277108435,4.566265060240964,-0.9981606376456161,-8.43960760269773,5.120784794604536,3.0,0.22222222222222224,4500.0,13.310646232737021,1.2684575490938748,-8.623157158673738,1167.7655677655678,-1.0,86.07679173416226,0.22226994699121752,
2023-07-31 13:43:00.685000,-8.421686746987952,-1.1325301204819278,4.566265060240964,-1.0177805027590434,-8.417535254445125,5.093807480073575,3.0,0.22222222222222224,4500.0,13.035837072431677,2.3066254880251726,-8.821630441116486,1183.8827838827838,-1.0,86.07679173416226,0.222268024506089,
2023-07-31 13:43:00.693000,-8.421686746987952,-1.1686746987951808,4.530120481927711,-1.0177805027590434,-8.483752299202942,5.108522378908645,3.0,0.22222222222222224,4500.0,13.066371423576715,3.7264728162694474,-8.409416700658472,1208.058608058608,-1.0,86.07679173416226,0.22226613229012954,
2023-07-31 13:43:00.700000,-8.457831325301205,-1.1566265060240966,4.530120481927711,-1.0717351318209687,-8.527896995708154,5.120784794604536,3.0,0.22222222222222224,4500.0,12.82209661441641,4.963114037643493,-8.730027387681373,1232.2344322344322,-1.0,86.07679173416226,0.22226426932039173,
2023-07-31 13:43:00.708000,-8.493975903614459,-1.1686746987951808,4.506024096385542,-1.0079705702023298,-8.584304107909258,5.076640098099325,3.0,0.22222222222222224,4500.0,12.806829438843891,5.573801060544256,-8.363615173940914,1257.142857142857,-1.0,86.07679173416226,0.22226243460473286,
2023-07-31 13:43:00.716000,-8.518072289156628,-1.144578313253012,4.493975903614458,-1.0643776824034334,-8.623543838136113,5.012875536480687,3.0,0.22222222222222224,4500.0,12.30301264495076,6.047083503292348,-8.195676242643204,1282.7838827838827,-1.0,86.07679173416226,0.22226062718507314,
2023-07-31 13:43:00.723000,-8.55421686746988,-1.1566265060240966,4.481927710843374,-1.0398528510116491,-8.635806253832005,5.059472716125076,3.0,0.22222222222222224,4500.0,12.501485927393508,6.627236175048073,-7.966668609055418,1306.227106227106,-1.0,86.07679173416226,0.22225884614043317,
2023-07-31 13:43:00.731000,-8.542168674698795,-1.1566265060240966,4.46987951807229,-1.0398528510116491,-8.53525444512569,5.017780502759043,3.0,0.22222222222222224,4500.0,12.379348522813357,6.2150224345900575,-7.233844181574501,1330.4029304029302,-1.0,86.07679173416226,0.22225709058974158,
2023-07-31 13:43:00.739000,-8.530120481927712,-1.144578313253012,4.457831325301205,-1.0128755364806867,-8.576946658491723,5.039852851011649,3.0,0.22222222222222224,4500.0,12.562554629683586,5.5432667093992185,-6.9132334945516005,1353.8461538461538,-1.0,86.07679173416226,0.2222553596944106,
2023-07-31 13:43:00.746000,-8.566265060240964,-1.0963855421686748,4.445783132530121,-0.973635806253832,-8.589209074187615,5.005518087063151,3.0,0.2217782217782218,4509.009009009009,12.547287454111066,4.5509002971854775,-6.836897616689005,1372.8937728937728,-1.0,86.07679173416226,0.22225365266067149,
2023-07-31 13:43:00.754000,-8.518072289156628,-1.072289156626506,4.445783132530121,-1.0079705702023298,-8.545064377682403,4.978540772532188,3.0,0.22222222222222224,4500.0,12.257211118233204,3.543266709399218,-6.378882349513432,1387.5457875457876,-1.0,86.07679173416226,0.22225196873112543,
2023-07-31 13:43:00.762000,-8.518072289156628,-1.108433734939759,4.433734939759036,-0.9662783568362967,-8.518087063151441,5.015328019619865,3.0,0.22222222222222224,4500.0,12.379348522813357,2.734106404055707,-5.859798380047784,1396.3369963369962,-1.0,86.07679173416226,0.22225030715488228,
2023-07-31 13:43:00.769000,-8.493975903614459,-1.0843373493975905,4.409638554216868,-0.9908031882280809,-8.522992029429798,4.9957081545064375,3.0,0.22222222222222224,4500.0,12.409882873958395,2.382961365887768,-5.783462502185188,1400.7326007326005,-1.0,86.07679173416226,0.22224866735924081,
2023-07-31 13:43:00.777000,-8.518072289156628,-1.0843373493975905,4.409638554216868,-0.9025137952176578,-8.508277130594728,5.0030656039239725,3.0,0.22222222222222224,4500.0,12.409882873958395,2.4440300681778444,-5.264378532719539,1401.4652014652013,-1.0,86.07679173416226,0.22224704880208224,
2023-07-31 13:43:00.785000,-8.542168674698795,-1.072289156626506,4.409638554216868,-0.944206008583691,-8.576946658491723,4.980993255671367,3.0,0.22222222222222224,4500.0,12.257211118233204,2.3524270147427297,-5.539187693024883,1398.5347985347985,-1.0,86.07679173416226,0.22224545084500122,
2023-07-31 13:43:00.792000,-8.542168674698795,-1.0481927710843375,4.433734939759036,-0.927038626609442,-8.589209074187615,5.015328019619865,3.0,0.22222222222222224,4500.0,12.058737835790456,2.031816327719829,-5.462851815162288,1391.9413919413919,-1.0,86.07679173416226,0.22224387290291855,
2023-07-31 13:43:00.800000,-8.518072289156628,-1.0602409638554218,4.457831325301205,-0.9638258736971183,-8.574494175352545,5.057020232985898,3.0,0.22222222222222224,4500.0,11.982401957927861,2.245556785735096,-5.890332731192822,1382.4175824175823,-1.0,86.07679173416226,0.22224231444417905,
2023-07-31 13:43:00.808000,-8.530120481927712,-1.072289156626506,4.46987951807229,-0.944206008583691,-8.608828939301041,5.039852851011649,3.0,0.22222222222222224,4500.0,11.906066080065266,3.192121671231279,-5.661325097605036,1372.8937728937728,-1.0,86.07679173416226,0.22224077499044106,
2023-07-31 13:43:00.815000,-8.55421686746988,-1.0602409638554218,4.457831325301205,-0.8976088289393009,-8.675045984058858,5.0226854690374,3.0,0.22222222222222224,4500.0,11.524386690752287,3.4363964803915845,-6.104073189208089,1362.6373626373625,-1.0,86.07679173416226,0.22223925411636702,
2023-07-31 13:43:00.823000,-8.602409638554217,-1.0843373493975905,4.421686746987952,-0.9809932556713672,-8.670141017780502,5.061925199264254,3.0,0.22222222222222224,4500.0,11.341180583882059,4.779907930773264,-5.905599906765341,1350.18315018315,-1.0,86.07679173416226,0.22223775144912833,
2023-07-31 13:43:00.830000,-8.614457831325302,-1.108433734939759,4.397590361445784,-0.956468424279583,-8.608828939301041,4.971183323114653,3.0,0.22222222222222224,4500.0,11.554921041897327,6.062350678864867,-6.287279296078318,1334.7985347985348,-1.0,86.07679173416226,0.22223626666773563,
2023-07-31 13:43:00.838000,-8.66265060240964,-1.0963855421686748,4.397590361445784,-1.0128755364806867,-8.677498467198038,4.968730839975475,3.0,0.22222222222222224,4500.0,10.944234018996562,6.932579686498455,-6.104073189208089,1319.4139194139193,-1.0,86.07679173416226,0.22223479964095816,
2023-07-31 13:43:00.846000,-8.650602409638555,-1.0843373493975905,4.409638554216868,-0.9368485591661557,-8.635806253832005,4.941753525444512,3.0,0.2217782217782218,4509.009009009009,11.051104248004195,7.405862129246547,-6.485752578521066,1304.0293040293038,-1.0,86.07679173416226,0.22223335026721544,
2023-07-31 13:43:00.853000,-8.63855421686747,-1.0843373493975905,4.325301204819278,-0.9908031882280809,-8.726548129981605,4.892703862660944,3.0,0.22222222222222224,4500.0,11.112172950294273,7.298991900238913,-6.485752578521066,1290.8424908424909,-1.0,86.07679173416226,0.22223191819655785,
2023-07-31 13:43:00.861000,-8.650602409638555,-1.108433734939759,4.337349397590362,-0.9957081545064377,-8.687308399754752,4.902513795217658,3.0,0.22222222222222224,4500.0,10.852630965561447,6.642503350620593,-6.210943418215723,1278.3882783882782,-1.0,86.07679173416226,0.22223050310594467,
2023-07-31 13:43:00.869000,-8.626506024096386,-1.0963855421686748,4.349397590361446,-0.9491109748620478,-8.71919068056407,4.9662783568362965,3.0,0.22222222222222224,4500.0,10.82209661441641,5.4363964803915845,-6.058271662490531,1268.8644688644688,-1.0,86.07679173416226,0.22222910485664307,
2023-07-31 13:43:00.876000,-8.626506024096386,-1.108433734939759,4.373493975903615,-0.9417535254445125,-8.652973635806253,4.9736358062538315,3.0,0.2217782217782218,4509.009009009009,10.501485927393508,4.306625488025173,-5.813996853330226,1262.2710622710622,-1.0,86.07679173416226,0.22222772335366034,
2023-07-31 13:43:00.884000,-8.578313253012048,-1.0963855421686748,4.373493975903615,-0.9662783568362967,-8.613733905579398,4.9294911097486205,3.0,0.22222222222222224,4500.0,10.761027912126334,3.9402132742847145,-5.722393799895112,1258.6080586080586,-1.0,86.07679173416226,0.22222635839456614,
2023-07-31 13:43:00.892000,-8.542168674698795,-1.108433734939759,4.36144578313253,-0.9711833231146535,-8.554874310239116,4.9147762109135495,3.0,0.2217782217782218,4509.009009009009,10.440417225103433,2.947846862070974,-5.172775479284425,1256.4102564102564,-1.0,86.07679173416226,0.22222500993372266,
2023-07-31 13:43:00.899000,-8.506024096385543,-1.0843373493975905,4.325301204819278,-0.9491109748620478,-8.52053954629062,4.912323727774371,3.0,0.2217782217782218,4509.009009009009,10.532020278538548,2.932579686498455,-4.882699143406562,1254.212454212454,-1.0,86.07679173416226,0.22222367793082914,
2023-07-31 13:43:00.907000,-8.506024096385543,-1.108433734939759,4.313253012048193,-0.9908031882280809,-8.52053954629062,4.890251379521765,3.0,0.2217782217782218,4509.009009009009,10.379348522813357,2.718839228483188,-4.668958685391295,1254.9450549450548,-1.0,86.07679173416226,0.2222223621992593,
2023-07-31 13:43:00.915000,-8.493975903614459,-1.1566265060240966,4.373493975903615,-1.0079705702023298,-8.496014714898834,4.892703862660944,3.0,0.22222222222222224,4500.0,10.058737835790456,2.902045335353417,-4.485752578521066,1257.8754578754579,-1.0,86.07679173416226,0.22222106266967154,
2023-07-31 13:43:00.922000,-8.493975903614459,-1.144578313253012,4.349397590361446,-1.015328019619865,-8.569589209074188,4.941753525444512,3.0,0.2217782217782218,4509.009009009009,10.058737835790456,3.9096789231396762,-4.409416700658471,1259.3406593406592,-1.0,86.07679173416226,0.2222197793870958,
2023-07-31 13:43:00.930000,-8.506024096385543,-1.180722891566265,4.36144578313253,-1.0300429184549356,-8.56713672593501,4.978540772532188,3.0,0.22222222222222224,4500.0,9.844997377775188,4.947846862070974,-4.485752578521066,1261.5384615384614,-1.0,86.07679173416226,0.2222185122415189,
2023-07-31 13:43:00.938000,-8.542168674698795,-1.1927710843373494,4.337349397590362,-1.103617412630288,-8.62844880441447,4.863274064990803,3.0,0.2217782217782218,4509.009009009009,9.844997377775188,4.947846862070974,-4.485752578521066,1261.5384615384614,-1.0,86.07679173416226,0.22221726097507025,
2023-07-31 13:43:00.945000,-8.566265060240964,-1.216867469879518,4.301204819277109,-1.0889025137952175,-8.574494175352545,4.863274064990803,3.0,0.22222222222222224,4500.0,9.890798904492746,5.802808694132042,-4.42468387623099,1263.003663003663,-1.0,86.07679173416226,0.22221602533770754,
2023-07-31 13:43:00.953000,-8.602409638554217,-1.216867469879518,4.27710843373494,-1.061925199264255,-8.648068669527897,4.82158185162477,3.0,0.2217782217782218,4509.009009009009,9.585455393042364,6.734106404055707,-4.439951051803509,1265.2014652014652,-1.0,86.07679173416226,0.22221480507258357,
2023-07-31 13:43:00.961000,-8.626506024096386,-1.2289156626506024,4.240963855421687,-1.1600245248313916,-8.635806253832005,4.816676885346413,3.0,0.2217782217782218,4509.009009009009,9.356447759454579,7.360060602528989,-4.516286929666104,1265.9340659340658,-1.0,86.07679173416226,0.2222136000613079,
2023-07-31 13:43:00.968000,-8.674698795180724,-1.216867469879518,4.253012048192772,-1.0839975475168608,-8.709380748007357,4.828939301042305,3.0,0.22222222222222224,4500.0,9.112172950294273,7.1005186177961646,-4.577355631956181,1263.7362637362637,-1.0,86.07679173416226,0.22221241000107333,
2023-07-31 13:43:00.976000,-8.698795180722891,-1.216867469879518,4.228915662650603,-1.1134273451870018,-8.726548129981605,4.853464132434089,3.0,0.2217782217782218,4509.009009009009,8.6541576831187,6.428762892605325,-4.348347998368395,1263.003663003663,-1.0,86.07679173416226,0.22221123456050787,
2023-07-31 13:43:00.984000,-8.686746987951807,-1.2530120481927711,4.240963855421687,-1.1477621091354997,-8.714285714285714,4.797057020232986,3.0,0.2217782217782218,4509.009009009009,8.425150049530913,5.558533884971737,-4.699493036536333,1264.4688644688645,-1.0,86.07679173416226,0.2222100733968431,
2023-07-31 13:43:00.991000,-8.686746987951807,-1.2650602409638554,4.228915662650603,-1.1354996934396075,-8.709380748007357,4.767627222562845,3.0,0.22222222222222224,4500.0,8.547287454111066,4.902045335353416,-4.623157158673738,1263.003663003663,-1.0,86.07679173416226,0.22220892613112103,
2023-07-31 13:43:00.999000,-8.674698795180724,-1.3012048192771084,4.216867469879518,-1.1943592887798895,-8.758430410790925,4.792152053954629,3.0,0.22222222222222224,4500.0,7.875531728920227,4.031816327719829,-4.897966318979082,1261.5384615384614,-1.0,86.07679173416226,0.22220779247281758,
2023-07-31 13:43:01.007000,-8.674698795180724,-1.313253012048193,4.216867469879518,-1.2385039852851012,-8.670141017780502,4.694052728387492,3.0,0.22222222222222224,4500.0,7.768661499912593,3.0547170910786074,-4.959035021269158,1263.003663003663,-1.0,86.07679173416226,0.22220667210997205,
2023-07-31 13:43:01.014000,-8.63855421686747,-1.3373493975903614,4.144578313253012,-1.1992642550582464,-8.679950950337217,4.721030042918454,3.0,0.22222222222222224,4500.0,7.860264553347708,2.5203659460404397,-4.562088456383662,1267.3992673992673,-1.0,86.07679173416226,0.2222055647172716,
2023-07-31 13:43:01.022000,-8.602409638554217,-1.3253012048192772,4.168674698795181,-1.2066217044757817,-8.589209074187615,4.777437155119558,3.0,0.22222222222222224,4500.0,7.539653866324807,1.9096789231396765,-4.348347998368395,1273.9926739926739,-1.0,86.07679173416226,0.22220446995398951,
2023-07-31 13:43:01.030000,-8.578313253012048,-1.349397590361446,4.1807228915662655,-1.2385039852851012,-8.606376456161863,4.748007357449417,3.0,0.22222222222222224,4500.0,7.524386690752288,2.01654915214731,-4.119340364780608,1288.6446886446886,-1.0,86.07679173416226,0.22220338760109004,
2023-07-31 13:43:01.037000,-8.578313253012048,-1.349397590361446,4.168674698795181,-1.2164316370324952,-8.640711220110362,4.740649908031882,3.0,0.22222222222222224,4500.0,7.112172950294273,1.8791445719946382,-3.7987296777577075,1312.087912087912,-1.0,86.07679173416226,0.22220231740088814,
2023-07-31 13:43:01.045000,-8.614457831325302,-1.349397590361446,4.1807228915662655,-1.2434089515634579,-8.594114040465971,4.772532188841201,3.0,0.2217782217782218,4509.009009009009,6.974768370141601,1.4363964803915847,-3.4170502884447305,1345.7875457875457,-1.0,86.07679173416226,0.22220125906742377,
2023-07-31 13:43:01.053000,-8.626506024096386,-1.3734939759036144,4.204819277108434,-1.231146535867566,-8.692213366033108,4.799509503372164,3.0,0.2217782217782218,4509.009009009009,6.883165316706487,1.5127323582541803,-2.9437678456966387,1391.2087912087911,-1.0,86.07679173416226,0.2222002122655771,
2023-07-31 13:43:01.060000,-8.650602409638555,-1.3253012048192772,4.204819277108434,-1.1771919068056407,-8.71919068056407,4.787247087676272,3.0,0.2217782217782218,4509.009009009009,6.6541576831187,1.3753277781015085,-2.607889983101219,1453.4798534798533,-1.0,86.07679173416226,0.2221991764411583,
2023-07-31 13:43:01.068000,-8.66265060240964,-1.3012048192771084,4.228915662650603,-1.155119558553035,-8.633353770692827,4.801961986511342,3.0,0.2217782217782218,4509.009009009009,6.638890507546181,1.5432667093992183,-2.5468212808111423,1529.6703296703295,-1.0,86.07679173416226,0.22219815095949783,
2023-07-31 13:43:01.076000,-8.650602409638555,-1.313253012048193,4.216867469879518,-1.196811771919068,-8.670141017780502,4.755364806866953,3.0,0.22222222222222224,4500.0,6.043470660217936,1.7112056406969283,-2.470485402948547,1616.117216117216,-1.0,86.07679173416226,0.22219713510537198,
2023-07-31 13:43:01.083000,-8.626506024096386,-1.2891566265060241,4.253012048192772,-1.1477621091354997,-8.589209074187615,4.8412017167381975,3.0,0.2217782217782218,4509.009009009009,6.089272186935494,1.6043354116892947,-1.722393799895112,1706.9597069597069,-1.0,86.07679173416226,0.2221961282323142,
2023-07-31 13:43:01.091000,-8.566265060240964,-1.2650602409638554,4.228915662650603,-1.1477621091354997,-8.682403433476395,4.811771919068057,3.0,0.2217782217782218,4509.009009009009,5.890798904492746,1.8638773964221191,-1.6918594487500738,1796.3369963369962,-1.0,86.07679173416226,0.22219512949656733,
2023-07-31 13:43:01.099000,-8.566265060240964,-1.2530120481927711,4.265060240963856,-1.103617412630288,-8.569589209074188,4.792152053954629,3.0,0.2217782217782218,4509.009009009009,5.554921041897326,1.5432667093992183,-1.2338441815745014,1882.7838827838827,-1.0,86.07679173416226,0.2221941378575031,
2023-07-31 13:43:01.106000,-8.578313253012048,-1.2289156626506024,4.253012048192772,-1.1060698957694666,-8.621091354996935,4.83629675045984,3.0,0.22222222222222224,4500.0,5.386982110599616,1.2531903735213559,-0.8521647922615243,1961.9047619047617,-1.0,86.07679173416226,0.22219315220576838,
2023-07-31 13:43:01.114000,-8.566265060240964,-1.216867469879518,4.27710843373494,-1.0962599632127528,-8.62844880441447,4.88289393010423,3.0,0.22222222222222224,4500.0,5.127440125866792,0.5967018239030352,-0.34834799836839453,2025.6410256410254,-1.0,86.07679173416226,0.22219217138451589,
2023-07-31 13:43:01.122000,-8.590361445783133,-1.216867469879518,4.289156626506024,-1.1330472103004292,-8.608828939301041,4.853464132434089,3.0,0.22222222222222224,4500.0,4.791562263271372,-0.25826000815803346,-0.3178136472233563,2073.260073260073,-1.0,86.07679173416226,0.22219119436025106,
2023-07-31 13:43:01.129000,-8.542168674698795,-1.2048192771084338,4.313253012048193,-1.0839975475168608,-8.603923973022685,4.902513795217658,3.0,0.2217782217782218,4509.009009009009,4.623623331973662,-0.716275275333606,-0.18040906707068458,2101.098901098901,-1.0,86.07679173416226,0.2221902202245296,
2023-07-31 13:43:01.137000,-8.566265060240964,-1.216867469879518,4.337349397590362,-1.032495401594114,-8.527896995708154,4.9000613120784795,3.0,0.22222222222222224,4500.0,4.15034088922557,-1.6170386341122318,0.04859856651710166,2111.355311355311,-1.0,86.07679173416226,0.22218924788775274,
2023-07-31 13:43:01.145000,-8.530120481927712,-1.216867469879518,4.325301204819278,-1.0570202329858982,-8.562231759656651,4.9074187614960145,3.0,0.22222222222222224,4500.0,3.9366004312103033,-1.4185653516694838,0.2012703222422925,2102.5641025641025,-1.0,86.07679173416226,0.22218827622045562,
2023-07-31 13:43:01.152000,-8.55421686746988,-1.2048192771084338,4.337349397590362,-1.0423053341508277,-8.510729613733906,4.9589209074187615,3.0,0.22222222222222224,4500.0,3.82973020220267,-1.9223821455626136,0.15546879552473525,2077.6556776556777,-1.0,86.07679173416226,0.22218730434420553,
2023-07-31 13:43:01.160000,-8.542168674698795,-1.2048192771084338,4.337349397590362,-1.044757817290006,-8.498467198038012,4.917228694052728,3.0,0.22222222222222224,4500.0,3.4633179884622116,-1.632305809684751,-0.027737311345493752,2036.6300366300366,-1.0,86.07679173416226,0.2221863313482113,
2023-07-31 13:43:01.168000,-8.542168674698795,-1.2048192771084338,4.349397590361446,-1.0472103004291844,-8.589209074187615,4.9515634580012255,3.0,0.22222222222222224,4500.0,3.173241652584349,-1.3880310005244456,0.04859856651710166,1981.6849816849815,-1.0,86.07679173416226,0.22218535629426733,
2023-07-31 13:43:01.175000,-8.518072289156628,-1.2048192771084338,4.373493975903615,-1.091354996934396,-8.591661557326793,4.939301042305334,3.0,0.22222222222222224,4500.0,2.791562263271372,-0.9605500844939113,0.12493444437969708,1917.9487179487178,-1.0,86.07679173416226,0.22218437822196652,
2023-07-31 13:43:01.183000,-8.518072289156628,-1.2048192771084338,4.385542168674699,-1.0275904353157572,-8.621091354996935,4.949110974862047,3.0,0.22222222222222224,4500.0,2.4862187518209904,0.1386865567274627,0.04859856651710166,1850.5494505494505,-1.0,86.07679173416226,0.2221833961541659,
2023-07-31 13:43:01.191000,-8.55421686746988,-1.2048192771084338,4.397590361445784,-1.0300429184549356,-8.633353770692827,4.9515634580012255,3.0,0.2217782217782218,4509.009009009009,1.8907989044927462,1.085251442223646,-0.05827166249053192,1783.150183150183,-1.0,86.07679173416226,0.22218240910268122,
2023-07-31 13:43:01.198000,-8.590361445783133,-1.1927710843373494,4.373493975903615,-1.0521152667075413,-8.603923973022685,4.8779889638258735,3.0,0.2217782217782218,4509.009009009009,1.9213332556377842,1.0394499155060886,-0.13460754035312733,1716.4835164835163,-1.0,86.07679173416226,0.222181415924895,
2023-07-31 13:43:01.206000,-8.614457831325302,-1.1686746987951808,4.349397590361446,-0.9760882893930104,-8.655426118945432,4.892703862660944,3.0,0.2217782217782218,4509.009009009009,1.6465240953324407,1.131052968941203,-0.073538838063051,1650.5494505494505,-1.0,86.07679173416226,0.22218041530796434,
2023-07-31 13:43:01.213000,-8.650602409638555,-1.1686746987951808,4.349397590361446,-1.0643776824034334,-8.687308399754752,4.909871244635193,3.0,0.2217782217782218,4509.009009009009,1.6465240953324407,1.131052968941203,-0.073538838063051,1592.6739926739926,-1.0,86.07679173416226,0.2221794059121225,
2023-07-31 13:43:01.221000,-8.674698795180724,-1.1686746987951808,4.337349397590362,-1.049662783568363,-8.71919068056407,4.8779889638258735,3.0,0.2217782217782218,4509.009009009009,1.509119515179769,0.8715109842083787,-0.25674494493328,1544.3223443223442,-1.0,86.07679173416226,0.2221783863751756,
2023-07-31 13:43:01.229000,-8.63855421686747,-1.1686746987951808,4.325301204819278,-1.0251379521765787,-8.716738197424892,4.892703862660944,3.0,0.2217782217782218,4509.009009009009,1.310646232737021,0.3982285414602871,-0.40941670065847086,1504.7619047619046,-1.0,86.07679173416226,0.22217735531692218,
2023-07-31 13:43:01.236000,-8.626506024096386,-1.1686746987951808,4.36144578313253,-1.0300429184549356,-8.677498467198038,4.912323727774371,3.0,0.22222222222222224,4500.0,0.6388905075461813,-0.22772565701299533,-0.2720121205057991,1471.062271062271,-1.0,86.07679173416226,0.2221763113434796,
2023-07-31 13:43:01.244000,-8.614457831325302,-1.1566265060240966,4.337349397590362,-1.0349478847332925,-8.62844880441447,4.887798896382587,3.0,0.22222222222222224,4500.0,0.5167531029660286,-0.8231455043412396,-0.6536915098187762,1443.2234432234432,-1.0,86.07679173416226,0.22217525320079154,
2023-07-31 13:43:01.252000,-8.614457831325302,-1.1927710843373494,4.36144578313253,-1.0545677498467196,-8.650521152667075,4.927038626609442,3.0,0.22222222222222224,4500.0,0.28774546937824236,-0.9452829089213922,-0.6536915098187762,1419.7802197802198,-1.0,86.07679173416226,0.22217417980058937,
2023-07-31 13:43:01.259000,-8.566265060240964,-1.180722891566265,4.349397590361446,-1.0668301655426118,-8.62844880441447,4.904966278356836,3.0,0.2217782217782218,4509.009009009009,-0.3840102558125973,-1.281160771516812,-0.24147776936076093,1394.8717948717947,-1.0,86.07679173416226,0.22217309008727348,
2023-07-31 13:43:01.267000,-8.55421686746988,-1.2048192771084338,4.373493975903615,-1.0839975475168608,-8.603923973022685,4.927038626609442,3.0,0.2217782217782218,4509.009009009009,-0.2771400268049637,-1.2200920692267356,-0.1651418914981655,1372.161172161172,-1.0,86.07679173416226,0.22217198289427756,
2023-07-31 13:43:01.275000,-8.542168674698795,-1.1927710843373494,4.337349397590362,-1.1011649294911097,-8.618638871857755,4.963825873697118,3.0,0.2217782217782218,4509.009009009009,-0.6740865916904599,-1.47963405395956,0.24707184895984974,1350.9157509157508,697.052001953125,86.07679173416226,0.22217085692785934,
2023-07-31 13:43:01.282000,-8.542168674698795,-1.2048192771084338,4.36144578313253,-1.103617412630288,-8.648068669527897,4.887798896382587,3.0,0.2217782217782218,4509.009009009009,-0.5672163626828263,-0.9758172600664304,1.010430627585804,1331.135531135531,-1.0,86.07679173416226,0.22216971090981463,
2023-07-31 13:43:01.290000,-8.55421686746988,-1.1927710843373494,4.349397590361446,-1.091354996934396,-8.62844880441447,4.86817903126916,3.0,0.2217782217782218,4509.009009009009,-1.0404988054309179,-1.1742905425091785,0.9340947497232085,1312.8205128205127,-1.0,86.07679173416226,0.22216854344247214,
2023-07-31 13:43:01.298000,-8.55421686746988,-1.1927710843373494,4.36144578313253,-1.0815450643776823,-8.584304107909258,4.9368485591661555,3.0,0.2217782217782218,4509.009009009009,-1.101567507720994,-1.1284890157916212,1.8195909329293154,1299.6336996336995,-1.0,86.07679173416226,0.22216735317133354,
2023-07-31 13:43:01.305000,-8.566265060240964,-1.2048192771084338,4.373493975903615,-1.0938074800735744,-8.579399141630901,4.927038626609442,3.0,0.2217782217782218,4509.009009009009,-1.2847736145912232,-0.5941378707534534,2.0180642153720636,1287.179487179487,-1.0,86.07679173416226,0.22216613877720254,
2023-07-31 13:43:01.313000,-8.590361445783133,-1.1927710843373494,4.349397590361446,-1.0472103004291844,-8.623543838136113,4.954015941140405,3.0,0.2217782217782218,4509.009009009009,-1.422178194743895,-0.30406153487559073,2.56768253598275,1275.4578754578754,-1.0,86.07679173416226,0.22216489898922712,
2023-07-31 13:43:01.321000,-8.602409638554217,-1.1686746987951808,4.325301204819278,-1.0177805027590434,-8.625996321275291,4.858369098712446,3.0,0.22222222222222224,4500.0,-2.0481323932171773,0.1386865567274627,2.491346658120155,1268.131868131868,-1.0,86.07679173416226,0.2221636327154574,
2023-07-31 13:43:01.328000,-8.602409638554217,-1.180722891566265,4.325301204819278,-1.032495401594114,-8.62844880441447,4.904966278356836,3.0,0.22222222222222224,4500.0,-2.5061476603927497,0.35242701474272986,2.5829497115552695,1264.4688644688645,-1.0,86.07679173416226,0.22216233904571614,
2023-07-31 13:43:01.336000,-8.602409638554217,-1.1686746987951808,4.313253012048193,-1.0864500306560392,-8.64316370324954,4.848559166155733,3.0,0.22222222222222224,4500.0,-2.5824835382553455,0.35242701474272986,2.9798962764407655,1269.5970695970695,-1.0,86.07679173416226,0.22216101727606674,
2023-07-31 13:43:01.344000,-8.626506024096386,-1.1566265060240966,4.337349397590362,-1.0398528510116491,-8.616186388718576,4.9294911097486205,3.0,0.2217782217782218,4509.009009009009,-3.040498805430918,0.19975525901753902,2.8424916962880937,1275.4578754578754,-1.0,86.07679173416226,0.2221596667740602,
2023-07-31 13:43:01.351000,-8.590361445783133,-1.1686746987951808,4.325301204819278,-1.0987124463519313,-8.640711220110362,4.917228694052728,3.0,0.2217782217782218,4509.009009009009,-3.4985140726064903,0.382961365887768,2.56768253598275,1289.3772893772893,-1.0,86.07679173416226,0.22215828683333244,
2023-07-31 13:43:01.359000,-8.614457831325302,-1.180722891566265,4.36144578313253,-1.0226854690374003,-8.655426118945432,4.912323727774371,3.0,0.2217782217782218,4509.009009009009,-3.8801934619194673,0.6883048773381497,2.6287512382728266,1307.6923076923076,-1.0,86.07679173416226,0.2221568766555059,
2023-07-31 13:43:01.367000,-8.626506024096386,-1.180722891566265,4.337349397590362,-1.049662783568363,-8.599019006744328,4.8706315144083385,3.0,0.2217782217782218,4509.009009009009,-4.50614766039275,0.8257094574908215,2.811957345143056,1328.937728937729,-1.0,86.07679173416226,0.22215543549090064,
2023-07-31 13:43:01.374000,-8.614457831325302,-1.2048192771084338,4.373493975903615,-1.0300429184549356,-8.65787860208461,4.931943592887799,3.0,0.22222222222222224,4500.0,-4.765689645125574,0.29135831245265353,2.5371481848377124,1354.5787545787546,-1.0,86.07679173416226,0.22215396264017487,
2023-07-31 13:43:01.382000,-8.626506024096386,-1.2048192771084338,4.337349397590362,-1.1183323114653587,-8.630901287553648,4.885346413243409,3.0,0.2217782217782218,4509.009009009009,-4.964162927568323,0.18448808344501993,2.476079482547636,1379.4871794871794,-1.0,86.07679173416226,0.22215245760493366,
2023-07-31 13:43:01.390000,-8.602409638554217,-1.2289156626506024,4.349397590361446,-1.0938074800735744,-8.616186388718576,4.887798896382587,3.0,0.2217782217782218,4509.009009009009,-5.1931705611561085,0.5050987704679207,3.086766505448399,1402.197802197802,-1.0,86.07679173416226,0.22215091996129904,
2023-07-31 13:43:01.397000,-8.566265060240964,-1.2409638554216869,4.337349397590362,-1.108522378908645,-8.599019006744328,4.9074187614960145,3.0,0.2217782217782218,4509.009009009009,-5.559582774896566,0.6119689994755543,2.9493619252957277,1421.245421245421,-1.0,86.07679173416226,0.22214934906288833,
2023-07-31 13:43:01.405000,-8.578313253012048,-1.2409638554216869,4.337349397590362,-1.103617412630288,-8.633353770692827,4.892703862660944,3.0,0.2217782217782218,4509.009009009009,-5.742788881766796,0.3982285414602871,3.163102383310995,1435.8974358974358,-1.0,86.07679173416226,0.222147744339222,
2023-07-31 13:43:01.413000,-8.590361445783133,-1.2530120481927711,4.349397590361446,-1.1477621091354997,-8.635806253832005,4.9147762109135495,3.0,0.2217782217782218,4509.009009009009,-6.093933919934734,0.4287628926053253,3.453178719188857,1448.3516483516482,-1.0,86.07679173416226,0.22214610528479417,
2023-07-31 13:43:01.420000,-8.614457831325302,-1.2409638554216869,4.313253012048193,-1.1477621091354997,-8.606376456161863,4.912323727774371,3.0,0.2217782217782218,4509.009009009009,-5.910727813064505,0.0012819765747909368,3.025697803158323,1456.4102564102564,-1.0,86.07679173416226,0.22214443146899593,
2023-07-31 13:43:01.428000,-8.602409638554217,-1.2530120481927711,4.313253012048193,-1.184549356223176,-8.579399141630901,4.865726548129981,3.0,0.2217782217782218,4509.009009009009,-6.017598042072139,-0.19719130586795713,3.0104306275858037,1457.8754578754579,-1.0,86.07679173416226,0.22214272266350688,
2023-07-31 13:43:01.436000,-8.578313253012048,-1.2771084337349399,4.325301204819278,-1.1428571428571428,-8.586756591048436,4.86817903126916,3.0,0.2217782217782218,4509.009009009009,-6.261872851232444,-0.21245848144047624,2.9646291008682466,1452.7472527472526,-1.0,86.07679173416226,0.22214097869267635,
2023-07-31 13:43:01.443000,-8.55421686746988,-1.2771084337349399,4.337349397590362,-1.103617412630288,-8.569589209074188,4.9000613120784795,3.0,0.2217782217782218,4509.009009009009,-6.109201095507253,-0.548336344035896,3.1783695588835137,1443.2234432234432,-1.0,86.07679173416226,0.22213919943290503,
2023-07-31 13:43:01.451000,-8.578313253012048,-1.2530120481927711,4.325301204819278,-1.1698344573881054,-8.640711220110362,4.909871244635193,3.0,0.2217782217782218,4509.009009009009,-6.17026979779733,-0.5788706951809343,3.07149932987588,1430.7692307692307,-1.0,86.07679173416226,0.2221373846729964,
2023-07-31 13:43:01.459000,-8.590361445783133,-1.2530120481927711,4.373493975903615,-1.1330472103004292,-8.650521152667075,4.9147762109135495,3.0,0.2217782217782218,4509.009009009009,-6.261872851232444,0.12341938115494361,3.2699726123186283,1417.5824175824175,-1.0,86.07679173416226,0.22213553427211408,
2023-07-31 13:43:01.466000,-8.614457831325302,-1.2409638554216869,4.349397590361446,-1.0839975475168608,-8.601471489883506,4.985898221949724,3.0,0.2217782217782218,4509.009009009009,-6.200804148942368,-0.10558825243284264,3.9875298642270254,1401.4652014652013,-1.0,86.07679173416226,0.22213364828596466,
2023-07-31 13:43:01.474000,-8.614457831325302,-1.216867469879518,4.36144578313253,-1.0300429184549356,-8.616186388718576,4.9442060085836905,3.0,0.2217782217782218,4509.009009009009,-6.00233086649962,0.23028961016257718,3.941728337509468,1382.4175824175823,-1.0,86.07679173416226,0.22213172681602725,
2023-07-31 13:43:01.482000,-8.602409638554217,-1.2048192771084338,4.373493975903615,-1.108522378908645,-8.662783568362967,4.963825873697118,3.0,0.2217782217782218,4509.009009009009,-6.139735446652292,0.15395373229998177,3.941728337509468,1361.904761904762,-1.0,86.07679173416226,0.22212977000784864,
2023-07-31 13:43:01.489000,-8.63855421686747,-1.1927710843373494,4.36144578313253,-1.0177805027590434,-8.655426118945432,4.892703862660944,3.0,0.2217782217782218,4509.009009009009,-6.139735446652292,0.15395373229998177,3.941728337509468,1341.3919413919414,-1.0,86.07679173416226,0.22212777804912495,
2023-07-31 13:43:01.497000,-8.602409638554217,-1.1566265060240966,4.337349397590362,-1.044757817290006,-8.68976088289393,4.949110974862047,3.0,0.2217782217782218,4509.009009009009,-5.83439193520191,0.24555678573509626,4.552415360410231,1320.8791208791208,-1.0,86.07679173416226,0.22212575102883914,
2023-07-31 13:43:01.505000,-8.602409638554217,-1.1325301204819278,4.349397590361446,-1.0006131207847946,-8.633353770692827,4.9515634580012255,3.0,0.2217782217782218,4509.009009009009,-5.773323232911833,0.18448808344501993,4.155468795524735,1303.2967032967033,-1.0,86.07679173416226,0.22212368909409716,
2023-07-31 13:43:01.512000,-8.566265060240964,-1.144578313253012,4.36144578313253,-0.956468424279583,-8.670141017780502,4.8779889638258735,3.0,0.2217782217782218,4509.009009009009,-5.84965911077443,0.45929724375036346,4.24707184895985,1286.4468864468863,-1.0,86.07679173416226,0.22212159257529182,
2023-07-31 13:43:01.520000,-8.55421686746988,-1.108433734939759,4.337349397590362,-0.9294911097486205,-8.559779276517473,4.892703862660944,3.0,0.2217782217782218,4509.009009009009,-5.727521706194277,0.9631140376434932,4.323407726822445,1271.7948717948716,-1.0,86.07679173416226,0.22211946183441666,
2023-07-31 13:43:01.528000,-8.55421686746988,-1.108433734939759,4.325301204819278,-0.9343960760269773,-8.630901287553648,4.9147762109135495,3.0,0.2217782217782218,4509.009009009009,-5.437445370316414,1.5432667093992183,4.582949711555269,1259.3406593406592,-1.0,86.07679173416226,0.22211729726255677,
2023-07-31 13:43:01.535000,-8.566265060240964,-1.0963855421686748,4.325301204819278,-0.9515634580012262,-8.603923973022685,4.880441446965052,3.0,0.2217782217782218,4509.009009009009,-5.483246897033971,1.7417399918419665,4.338674902394964,1251.2820512820513,-1.0,86.07679173416226,0.22211509927728243,
2023-07-31 13:43:01.543000,-8.566265060240964,-1.0843373493975905,4.313253012048193,-0.9343960760269773,-8.569589209074188,4.828939301042305,3.0,0.2217782217782218,4509.009009009009,-5.696987355049238,2.550900297185478,4.308140551249926,1246.153846153846,-1.0,86.07679173416226,0.2221128683199626,
2023-07-31 13:43:01.551000,-8.566265060240964,-1.0963855421686748,4.325301204819278,-0.9417535254445125,-8.574494175352545,4.8706315144083385,3.0,0.2217782217782218,4509.009009009009,-5.956529339782063,2.749373579628226,4.24707184895985,1243.2234432234432,-1.0,86.07679173416226,0.22211060485302517,
2023-07-31 13:43:01.558000,-8.578313253012048,-1.0963855421686748,4.325301204819278,-0.9613733905579399,-8.616186388718576,4.924586143470264,3.0,0.2217782217782218,4509.009009009009,-6.384010255812597,2.8409766330633404,4.277606200104888,1242.4908424908424,-1.0,86.07679173416226,0.22210830935717799,
2023-07-31 13:43:01.566000,-8.602409638554217,-1.0963855421686748,4.27710843373494,-0.9172286940527283,-8.64316370324954,4.865726548129981,3.0,0.2217782217782218,4509.009009009009,-6.216071324514887,3.0852514422236457,3.8195909329293154,1242.4908424908424,-1.0,86.07679173416226,0.2221059823286178,
2023-07-31 13:43:01.574000,-8.626506024096386,-1.0963855421686748,4.265060240963856,-0.927038626609442,-8.697118332311465,4.824034334763948,3.0,0.2217782217782218,4509.009009009009,-6.384010255812597,3.3753277781015085,4.033331390944582,1246.153846153846,-1.0,86.07679173416226,0.22210362427624514,
2023-07-31 13:43:01.581000,-8.63855421686747,-1.072289156626506,4.228915662650603,-0.86817903126916,-8.665236051502145,4.801961986511342,3.0,0.2217782217782218,4509.009009009009,-6.17026979779733,3.314259075811432,3.8959268107919107,1251.2820512820513,-1.0,86.07679173416226,0.22210123571890916,
2023-07-31 13:43:01.589000,-8.698795180722891,-1.0843373493975905,4.265060240963856,-0.9957081545064377,-8.687308399754752,4.82158185162477,3.0,0.2217782217782218,4509.009009009009,-6.811491171843131,2.9631140376434932,4.170735971097254,1257.142857142857,-1.0,86.07679173416226,0.22209881718270028,
2023-07-31 13:43:01.596000,-8.698795180722891,-1.0843373493975905,4.228915662650603,-0.956468424279583,-8.748620478234212,4.792152053954629,3.0,0.2217782217782218,4509.009009009009,-6.796223996270612,3.0852514422236457,3.7279878794942007,1262.2710622710622,-1.0,86.07679173416226,0.22209636919831535,
2023-07-31 13:43:01.604000,-8.686746987951807,-1.072289156626506,4.265060240963856,-0.9172286940527283,-8.679950950337217,4.765174739423666,3.0,0.2217782217782218,4509.009009009009,-6.765689645125574,3.329526251383951,4.170735971097254,1267.3992673992673,-1.0,86.07679173416226,0.22209389229851212,
2023-07-31 13:43:01.612000,-8.674698795180724,-1.036144578313253,4.253012048192772,-0.9049662783568363,-8.692213366033108,4.838749233599018,3.0,0.2217782217782218,4509.009009009009,-6.613017889400384,2.9936483887885315,4.369209253540002,1269.5970695970695,-1.0,86.07679173416226,0.22209138701567668,
2023-07-31 13:43:01.619000,-8.674698795180724,-1.0240963855421688,4.204819277108434,-0.8730839975475169,-8.714285714285714,4.828939301042305,3.0,0.2217782217782218,4509.009009009009,-6.65881941611794,2.6272361750480733,3.9875298642270254,1272.5274725274724,-1.0,86.07679173416226,0.22208885387951763,
2023-07-31 13:43:01.627000,-8.674698795180724,-1.0240963855421688,4.240963855421687,-0.9074187614960146,-8.667688534641323,4.765174739423666,3.0,0.2217782217782218,4509.009009009009,-6.50614766039275,2.367694190315249,3.8959268107919107,1273.260073260073,-1.0,86.07679173416226,0.22208629341491043,
2023-07-31 13:43:01.635000,-8.650602409638555,-1.0240963855421688,4.204819277108434,-0.8338442673206621,-8.692213366033108,4.750459840588595,3.0,0.2217782217782218,4509.009009009009,-6.567216362682826,2.3524270147427297,3.6516520016316054,1274.7252747252746,-1.0,86.07679173416226,0.22208370613990464,
2023-07-31 13:43:01.642000,-8.63855421686747,-1.0,4.204819277108434,-0.8730839975475169,-8.714285714285714,4.730839975475169,3.0,0.2217782217782218,4509.009009009009,-6.826758347415651,2.4745644193228826,3.6058504749140483,1276.1904761904761,-1.0,86.07679173416226,0.2220810925639133,
2023-07-31 13:43:01.650000,-8.66265060240964,-0.9759036144578314,4.168674698795181,-0.8313917841814837,-8.687308399754752,4.738197424892704,3.0,0.2217782217782218,4509.009009009009,-6.933628576423284,2.367694190315249,3.4073771924713,1279.8534798534797,-1.0,86.07679173416226,0.22207845318609531,
2023-07-31 13:43:01.658000,-8.63855421686747,-0.9759036144578314,4.144578313253012,-0.8166768853464133,-8.586756591048436,4.689147762109135,3.0,0.22222222222222224,4500.0,-6.933628576423284,2.2760911368801344,3.254705436746109,1284.9816849816848,-1.0,86.07679173416226,0.22207578849394746,
2023-07-31 13:43:01.665000,-8.66265060240964,-0.9759036144578314,4.156626506024097,-0.8804414469650521,-8.704475781729,4.74310239117106,3.0,0.2217782217782218,4509.009009009009,-7.16263621001107,2.215022434590058,2.8882932230056513,1287.9120879120878,-1.0,86.07679173416226,0.22207309911140982,
2023-07-31 13:43:01.673000,-8.686746987951807,-0.9879518072289157,4.168674698795181,-0.8412017167381973,-8.741263028816677,4.6695278969957075,3.0,0.2217782217782218,4509.009009009009,-6.689353767262979,2.596701823903035,3.208903910028552,1290.8424908424909,-1.0,86.07679173416226,0.22207038580923721,
2023-07-31 13:43:01.681000,-8.698795180722891,-0.9879518072289157,4.156626506024097,-0.8044144696505211,-8.75107296137339,4.674432863274065,3.0,0.2217782217782218,4509.009009009009,-7.269506439018704,2.367694190315249,2.8424916962880937,1296.7032967032967,-1.0,86.07679173416226,0.22206764918621197,
2023-07-31 13:43:01.688000,-8.72289156626506,-0.9879518072289157,4.144578313253012,-0.8289393010423053,-8.75107296137339,4.718577559779276,3.0,0.22222222222222224,4500.0,-6.933628576423284,2.3524270147427297,2.90356039857817,1303.2967032967033,-1.0,86.07679173416226,0.22206488967998797,
2023-07-31 13:43:01.696000,-8.710843373493976,-0.9879518072289157,4.168674698795181,-0.8313917841814837,-8.78050275904353,4.691600245248313,3.0,0.2217782217782218,4509.009009009009,-7.269506439018704,2.199755259017539,2.7814229939980177,1311.3553113553112,-1.0,86.07679173416226,0.22206210786542935,
2023-07-31 13:43:01.704000,-8.710843373493976,-0.9879518072289157,4.168674698795181,-0.86817903126916,-8.768240343347639,4.674432863274065,3.0,0.2217782217782218,4509.009009009009,-7.116834683293513,1.8791445719946382,2.659285589417865,1328.937728937729,-1.0,86.07679173416226,0.22205930432718535,
2023-07-31 13:43:01.711000,-8.734939759036145,-0.9879518072289157,4.204819277108434,-0.8706315144083384,-8.731453096259962,4.779889638258736,3.0,0.2217782217782218,4509.009009009009,-7.605384301614124,1.9707476254297527,2.323407726822445,1359.7069597069597,-1.0,86.07679173416226,0.22205647950098867,
2023-07-31 13:43:01.719000,-8.710843373493976,-0.9879518072289157,4.216867469879518,-0.8461066830165542,-8.785407725321887,4.789699570815451,3.0,0.2217782217782218,4509.009009009009,-7.620651477186643,1.7722743429870047,2.5829497115552695,1406.5934065934066,-1.0,86.07679173416226,0.22205363381306673,
2023-07-31 13:43:01.727000,-8.72289156626506,-1.0,4.1807228915662655,-0.9098712446351931,-8.75107296137339,4.748007357449417,3.0,0.2217782217782218,4509.009009009009,-7.910727813064505,1.2073888468037985,2.0485985665171014,1467.3992673992673,-1.0,86.07679173416226,0.22205076768103568,
2023-07-31 13:43:01.734000,-8.72289156626506,-1.036144578313253,4.19277108433735,-0.9319435928877988,-8.716738197424892,4.686695278969957,3.0,0.2217782217782218,4509.009009009009,-7.971796515354582,1.0241827399335695,2.0485985665171014,1542.8571428571427,-1.0,86.07679173416226,0.2220478815150185,
2023-07-31 13:43:01.742000,-8.66265060240964,-1.0240963855421688,4.204819277108434,-0.8804414469650521,-8.71919068056407,4.777437155119558,3.0,0.2217782217782218,4509.009009009009,-8.292407202377483,1.0547170910786077,1.6363848260590863,1628.5714285714284,-1.0,86.07679173416226,0.2220449757189795,
2023-07-31 13:43:01.750000,-8.650602409638555,-1.0602409638554218,4.216867469879518,-0.9368485591661557,-8.67259350091968,4.762722256284488,3.0,0.2217782217782218,4509.009009009009,-8.429811782530154,1.1921216712312794,1.4989802459064145,1718.6813186813185,-1.0,86.07679173416226,0.22204205069226443,
2023-07-31 13:43:01.757000,-8.626506024096386,-1.0843373493975905,4.1807228915662655,-0.9025137952176578,-8.638258736971183,4.748007357449417,3.0,0.2217782217782218,4509.009009009009,-8.49088048482023,1.0394499155060886,1.6669191772041245,1809.5238095238094,-1.0,86.07679173416226,0.2220391068313367,
2023-07-31 13:43:01.765000,-8.626506024096386,-1.0843373493975905,4.19277108433735,-0.927038626609442,-8.652973635806253,4.721030042918454,3.0,0.2217782217782218,4509.009009009009,-8.49088048482023,1.0394499155060886,1.6669191772041245,1897.4358974358972,-1.0,86.07679173416226,0.2220361445316943,
2023-07-31 13:43:01.773000,-8.626506024096386,-1.108433734939759,4.1807228915662655,-1.003065603923973,-8.699570815450643,4.730839975475169,3.0,0.2217782217782218,4509.009009009009,-8.460346133675193,1.2837247246663939,1.6974535283491627,1975.8241758241757,-1.0,86.07679173416226,0.22203316418995384,
2023-07-31 13:43:01.780000,-8.602409638554217,-1.0963855421686748,4.204819277108434,-0.9172286940527283,-8.613733905579398,4.772532188841201,3.0,0.22222222222222224,4500.0,-8.32294155352252,1.3295262513839512,1.4837130703338954,2041.7582417582416,-1.0,86.07679173416226,0.22203016620608537,
2023-07-31 13:43:01.788000,-8.63855421686747,-1.108433734939759,4.19277108433735,-1.0423053341508277,-8.682403433476395,4.767627222562845,3.0,0.22222222222222224,4500.0,-8.139735446652292,1.5432667093992183,2.0791329176621396,2093.040293040293,-1.0,86.07679173416226,0.22202715113507418,
2023-07-31 13:43:01.796000,-8.614457831325302,-1.144578313253012,4.19277108433735,-1.0104230533415082,-8.68976088289393,4.730839975475169,3.0,0.2217782217782218,4509.009009009009,-8.445078958102673,1.4211293048190656,1.7432550550667198,2125.274725274725,-1.0,86.07679173416226,0.22202411971127967,
2023-07-31 13:43:01.803000,-8.63855421686747,-1.1325301204819278,4.204819277108434,-0.9957081545064377,-8.670141017780502,4.757817290006131,3.0,0.22222222222222224,4500.0,-8.353475904667558,1.7264728162694474,1.6669191772041245,2138.461538461538,-1.0,86.07679173416226,0.22202107256465714,
2023-07-31 13:43:01.811000,-8.674698795180724,-1.144578313253012,4.204819277108434,-1.0079705702023298,-8.694665849172287,4.789699570815451,3.0,0.2217782217782218,4509.009009009009,-7.9870636909271004,1.5738010605442565,1.7279878794942007,2135.5311355311355,-1.0,86.07679173416226,0.22201801035269902,
2023-07-31 13:43:01.819000,-8.66265060240964,-1.1325301204819278,4.168674698795181,-1.0643776824034334,-8.694665849172287,4.708767627222563,3.0,0.22133422133422131,4518.054162487462,-7.9870636909271004,1.833343045277081,2.0180642153720636,2109.8901098901097,-1.0,86.07679173416226,0.2220149337748307,
2023-07-31 13:43:01.826000,-8.674698795180724,-1.1325301204819278,4.19277108433735,-0.9834457388105456,-8.738810545677499,4.772532188841201,3.0,0.2217782217782218,4509.009009009009,-7.651185828331681,1.6043354116892947,2.3844764291125213,2070.32967032967,-1.0,86.07679173416226,0.22201184340600302,
2023-07-31 13:43:01.834000,-8.66265060240964,-1.1325301204819278,4.168674698795181,-1.020232985898222,-8.702023298589822,4.772532188841201,3.0,0.2217782217782218,4509.009009009009,-7.880193461919467,1.2684575490938748,2.674552764990384,2017.5824175824175,-1.0,86.07679173416226,0.22200873980697244,
2023-07-31 13:43:01.842000,-8.650602409638555,-1.0963855421686748,4.1807228915662655,-0.9858982219497241,-8.716738197424892,4.755364806866953,3.0,0.22222222222222224,4500.0,-7.880193461919467,1.4516636559641038,2.827224520715575,1954.5787545787543,-1.0,86.07679173416226,0.22200562355881487,
2023-07-31 13:43:01.849000,-8.66265060240964,-1.108433734939759,4.168674698795181,-0.9245861434702636,-8.675045984058858,4.76026977314531,3.0,0.2217782217782218,4509.009009009009,-7.7580560573393145,1.2226560223763177,2.9798962764407655,1888.6446886446886,-1.0,86.07679173416226,0.2220024954254869,
2023-07-31 13:43:01.857000,-8.66265060240964,-1.108433734939759,4.144578313253012,-0.9809932556713672,-8.652973635806253,4.762722256284488,3.0,0.2217782217782218,4509.009009009009,-7.971796515354582,1.665404113979371,2.8882932230056513,1821.245421245421,-1.0,86.07679173416226,0.22199935622902972,
2023-07-31 13:43:01.865000,-8.650602409638555,-1.108433734939759,4.132530120481928,-1.0226854690374003,-8.711833231146535,4.701410177805028,3.0,0.2217782217782218,4509.009009009009,-7.9870636909271004,1.0699842666511268,3.23943826117359,1758.2417582417581,-1.0,86.07679173416226,0.22199620669312387,
2023-07-31 13:43:01.872000,-8.686746987951807,-1.0843373493975905,4.120481927710844,-0.9123237277743715,-8.726548129981605,4.659717964438994,3.0,0.2217782217782218,4509.009009009009,-8.200804148942368,1.3905949536740276,3.1783695588835137,1699.6336996336995,-1.0,86.07679173416226,0.22199304758436486,
2023-07-31 13:43:01.880000,-8.674698795180724,-1.0963855421686748,4.144578313253012,-0.944206008583691,-8.702023298589822,4.738197424892704,3.0,0.2217782217782218,4509.009009009009,-7.956529339782063,1.7112056406969283,3.193636734456033,1647.6190476190475,-1.0,86.07679173416226,0.22198987971460582,
2023-07-31 13:43:01.888000,-8.66265060240964,-1.108433734939759,4.168674698795181,-0.9393010423053341,-8.699570815450643,4.787247087676272,3.0,0.2217782217782218,4509.009009009009,-8.216071324514887,1.3753277781015085,2.7508886428529795,1602.9304029304028,-1.0,86.07679173416226,0.22198670394309142,
2023-07-31 13:43:01.895000,-8.66265060240964,-1.108433734939759,4.156626506024097,-0.9074187614960146,-8.675045984058858,4.684242795830778,3.0,0.2217782217782218,4509.009009009009,-8.277140026804963,1.6043354116892947,3.3005069634636666,1565.5677655677655,-1.0,86.07679173416226,0.2219835211783596,
2023-07-31 13:43:01.903000,-8.686746987951807,-1.0963855421686748,4.144578313253012,-0.944206008583691,-8.71919068056407,4.721030042918454,3.0,0.2217782217782218,4509.009009009009,-8.292407202377483,1.7722743429870047,3.040964978730842,1536.9963369963368,-1.0,86.07679173416226,0.2219803323798896,
2023-07-31 13:43:01.911000,-8.698795180722891,-1.108433734939759,4.168674698795181,-0.9908031882280809,-8.758430410790925,4.721030042918454,3.0,0.2217782217782218,4509.009009009009,-8.67408659169046,1.6196025872618138,3.1173008565934373,1514.2857142857142,-1.0,86.07679173416226,0.22197713855947337,
2023-07-31 13:43:01.918000,-8.698795180722891,-1.108433734939759,4.120481927710844,-0.9417535254445125,-8.724095646842427,4.684242795830778,3.0,0.22222222222222224,4500.0,-8.84202552298817,1.7722743429870047,3.23943826117359,1493.7728937728937,674.072265625,89.0112278160087,0.22197394078229438,
2023-07-31 13:43:01.926000,-8.698795180722891,-1.1204819277108435,4.120481927710844,-1.0374003678724708,-8.748620478234212,4.671980380134887,3.0,0.2217782217782218,4509.009009009009,-8.597750713827864,1.2531903735213559,3.23943826117359,1476.923076923077,-1.0,89.0112278160087,0.22197074031698497,
2023-07-31 13:43:01.934000,-8.698795180722891,-1.1204819277108435,4.120481927710844,-1.0128755364806867,-8.729000613120784,4.69650521152667,3.0,0.2217782217782218,4509.009009009009,-8.796223996270612,0.932579686498455,3.2699726123186283,1462.2710622710622,-1.0,89.0112278160087,0.22196753850864673,
2023-07-31 13:43:01.941000,-8.734939759036145,-1.1325301204819278,4.144578313253012,-1.0398528510116491,-8.687308399754752,4.676885346413243,3.0,0.2217782217782218,4509.009009009009,-8.643552240545421,0.4287628926053253,3.0104306275858037,1448.3516483516482,-1.0,89.0112278160087,0.2219643366200073,
2023-07-31 13:43:01.949000,-8.72289156626506,-1.144578313253012,4.1084337349397595,-1.032495401594114,-8.733905579399142,4.684242795830778,3.0,0.2217782217782218,4509.009009009009,-8.84202552298817,0.047083503292348186,2.873026047433132,1432.2344322344322,-1.0,89.0112278160087,0.22196113597009573,
2023-07-31 13:43:01.957000,-8.734939759036145,-1.1566265060240966,4.120481927710844,-1.0275904353157572,-8.760882893930104,4.703862660944206,3.0,0.2217782217782218,4509.009009009009,-9.00996445428588,-0.6857409241885678,3.07149932987588,1411.7216117216117,-1.0,89.0112278160087,0.22195793793379634,
2023-07-31 13:43:01.964000,-8.698795180722891,-1.180722891566265,4.132530120481928,-1.032495401594114,-8.738810545677499,4.725935009196811,3.0,0.2217782217782218,4509.009009009009,-9.33057514130878,-0.9910844356389494,2.90356039857817,1390.4761904761904,-1.0,89.0112278160087,0.22195474394102122,
2023-07-31 13:43:01.972000,-8.698795180722891,-1.1686746987951808,4.168674698795181,-1.0545677498467196,-8.741263028816677,4.713672593500919,3.0,0.22133422133422131,4518.054162487462,-9.238972087873666,-1.4643668783870412,2.674552764990384,1367.032967032967,-1.0,89.0112278160087,0.22195155547549408,
2023-07-31 13:43:01.979000,-8.66265060240964,-1.1686746987951808,4.168674698795181,-1.1011649294911097,-8.73635806253832,4.738197424892704,3.0,0.2217782217782218,4509.009009009009,-8.99469727871336,-1.5865042829671938,3.040964978730842,1345.054945054945,-1.0,89.0112278160087,0.22194837406259668,
2023-07-31 13:43:01.987000,-8.66265060240964,-1.1927710843373494,4.1807228915662655,-1.003065603923973,-8.704475781729,4.72838749233599,3.0,0.2217782217782218,4509.009009009009,-8.933628576423285,-1.6781073364023082,3.3157741390361855,1321.6117216117216,-1.0,89.0112278160087,0.22194520137440263,
2023-07-31 13:43:01.995000,-8.674698795180724,-1.180722891566265,4.19277108433735,-1.103617412630288,-8.706928264868179,4.765174739423666,3.0,0.2217782217782218,4509.009009009009,-8.964162927568323,-1.4643668783870412,3.3157741390361855,1301.8315018315018,-1.0,89.0112278160087,0.22194203909947452,
2023-07-31 13:43:02.002000,-8.686746987951807,-1.1927710843373494,4.19277108433735,-1.0104230533415082,-8.692213366033108,4.784794604537094,3.0,0.2217782217782218,4509.009009009009,-8.719888118408017,-1.601771458539713,3.23943826117359,1287.179487179487,-1.0,89.0112278160087,0.2219388888226215,
2023-07-31 13:43:02.010000,-8.650602409638555,-1.1686746987951808,4.1807228915662655,-0.9957081545064377,-8.655426118945432,4.792152053954629,3.0,0.2217782217782218,4509.009009009009,-8.689353767262979,-1.0368859623565068,3.590583299341529,1281.3186813186812,-1.0,89.0112278160087,0.221935752170449,
2023-07-31 13:43:02.018000,-8.66265060240964,-1.180722891566265,4.19277108433735,-0.9932556713672593,-8.677498467198038,4.740649908031882,3.0,0.2217782217782218,4509.009009009009,-8.613017889400384,-0.731542450906125,3.6669191772041243,1283.5164835164835,-1.0,89.0112278160087,0.22193263080724862,
2023-07-31 13:43:02.025000,-8.650602409638555,-1.1686746987951808,4.216867469879518,-1.0128755364806867,-8.706928264868179,4.76026977314531,3.0,0.2217782217782218,4509.009009009009,-8.277140026804963,-0.6857409241885678,4.002797039799544,1291.5750915750914,-1.0,89.0112278160087,0.22192952643054467,
2023-07-31 13:43:02.033000,-8.63855421686747,-1.1325301204819278,4.1807228915662655,-0.9760882893930104,-8.702023298589822,4.735744941753525,3.0,0.2217782217782218,4509.009009009009,-8.292407202377483,-0.349863061593148,3.8806596352193914,1304.0293040293038,-1.0,89.0112278160087,0.22192644076631474,
2023-07-31 13:43:02.041000,-8.63855421686747,-1.108433734939759,4.19277108433735,-0.9785407725321887,-8.670141017780502,4.779889638258736,3.0,0.2217782217782218,4509.009009009009,-8.292407202377483,-0.349863061593148,3.8806596352193914,1317.9487179487178,-1.0,89.0112278160087,0.2219233755639085,
2023-07-31 13:43:02.048000,-8.650602409638555,-1.108433734939759,4.144578313253012,-1.015328019619865,-8.65787860208461,4.716125076640098,3.0,0.2217782217782218,4509.009009009009,-8.399277431385116,0.35242701474272986,4.308140551249926,1335.5311355311355,-1.0,89.0112278160087,0.2219203325906867,
2023-07-31 13:43:02.056000,-8.650602409638555,-1.0963855421686748,4.168674698795181,-1.0128755364806867,-8.733905579399142,4.733292458614347,3.0,0.2217782217782218,4509.009009009009,-8.109201095507254,0.33715983917021075,4.384476429112522,1353.113553113553,-1.0,89.0112278160087,0.22191731362640998,
2023-07-31 13:43:02.064000,-8.66265060240964,-1.0963855421686748,4.156626506024097,-0.9343960760269773,-8.652973635806253,4.713672593500919,3.0,0.2217782217782218,4509.009009009009,-8.063399568789697,0.7799079307732641,4.689819940562903,1369.9633699633698,-1.0,89.0112278160087,0.2219143204574031,
2023-07-31 13:43:02.071000,-8.674698795180724,-1.108433734939759,4.132530120481928,-0.9638258736971183,-8.726548129981605,4.708767627222563,3.0,0.2217782217782218,4509.009009009009,-8.078666744362215,0.44403006817784435,4.674552764990384,1383.150183150183,-1.0,89.0112278160087,0.22191135487052752,
2023-07-31 13:43:02.079000,-8.674698795180724,-1.0963855421686748,4.1084337349397595,-0.9957081545064377,-8.741263028816677,4.703862660944206,3.0,0.2217782217782218,4509.009009009009,-8.384010255812598,0.6577705261931115,4.659285589417864,1392.6739926739926,-1.0,89.0112278160087,0.22190841864698996,
2023-07-31 13:43:02.087000,-8.686746987951807,-1.1204819277108435,4.1084337349397595,-0.9932556713672593,-8.738810545677499,4.657265481299816,3.0,0.2217782217782218,4509.009009009009,-8.735155293980537,0.29135831245265353,4.552415360410231,1400.0,-1.0,89.0112278160087,0.22190551355602423,
2023-07-31 13:43:02.094000,-8.698795180722891,-1.1204819277108435,4.096385542168675,-0.9834457388105456,-8.675045984058858,4.654812998160637,3.0,0.2217782217782218,4509.009009009009,-8.765689645125574,0.33715983917021075,4.598216887127789,1402.197802197802,-1.0,89.0112278160087,0.2219026413484768,
2023-07-31 13:43:02.102000,-8.674698795180724,-1.108433734939759,4.120481927710844,-0.9613733905579399,-8.748620478234212,4.684242795830778,3.0,0.2217782217782218,4509.009009009009,-8.750422469553055,0.2760911368801344,4.7508886428529795,1402.9304029304028,-1.0,89.0112278160087,0.22189980375033305,
2023-07-31 13:43:02.110000,-8.72289156626506,-1.1204819277108435,4.120481927710844,-0.9785407725321887,-8.692213366033108,4.708767627222563,3.0,0.2217782217782218,4509.009009009009,-9.208437736728628,0.07761785443738635,4.216537497814811,1401.4652014652013,-1.0,89.0112278160087,0.22189700245621938,
2023-07-31 13:43:02.117000,-8.710843373493976,-1.108433734939759,4.096385542168675,-0.9368485591661557,-8.760882893930104,4.618025751072961,3.0,0.2217782217782218,4509.009009009009,-9.529048423751528,-0.1513897791503999,4.582949711555269,1402.197802197802,-1.0,89.0112278160087,0.22189423912291642,
2023-07-31 13:43:02.125000,-8.710843373493976,-1.108433734939759,4.096385542168675,-0.9957081545064377,-8.729000613120784,4.72838749233599,3.0,0.2217782217782218,4509.009009009009,-9.116834683293513,-0.09032107686032356,4.445545131402597,1400.0,-1.0,89.0112278160087,0.22189151536292162,
2023-07-31 13:43:02.133000,-8.72289156626506,-1.1204819277108435,4.132530120481928,-1.003065603923973,-8.748620478234212,4.676885346413243,3.0,0.2217782217782218,4509.009009009009,-9.544315599324047,0.031816327719829104,4.552415360410231,1397.069597069597,-1.0,89.0112278160087,0.22188883287684402,
2023-07-31 13:43:02.140000,-8.734939759036145,-1.1204819277108435,4.120481927710844,-0.9687308399754752,-8.738810545677499,4.706315144083384,3.0,0.2217782217782218,4509.009009009009,-9.361109492453819,-0.4414661150282625,4.689819940562903,1391.2087912087911,-1.0,89.0112278160087,0.22188619342679244,
2023-07-31 13:43:02.148000,-8.734939759036145,-1.1325301204819278,4.1084337349397595,-0.9883507050889024,-8.768240343347639,4.6695278969957075,3.0,0.2217782217782218,4509.009009009009,-9.422178194743895,-0.41093176388322433,5.010430627585804,1382.4175824175823,-1.0,89.0112278160087,0.2218835985435564,
2023-07-31 13:43:02.156000,-8.710843373493976,-1.1204819277108435,4.120481927710844,-0.9613733905579399,-8.800122624156959,4.667075413856529,3.0,0.2217782217782218,4509.009009009009,-9.49851407260649,-0.16665695472291897,4.552415360410231,1370.6959706959706,-1.0,89.0112278160087,0.2218810496809531,
2023-07-31 13:43:02.163000,-8.686746987951807,-1.1204819277108435,4.072289156626506,-1.0839975475168608,-8.760882893930104,4.671980380134887,3.0,0.2217782217782218,4509.009009009009,-9.376376668026337,-0.6552065730435297,4.781422993998017,1359.7069597069597,-1.0,89.0112278160087,0.2218785481999379,
2023-07-31 13:43:02.171000,-8.710843373493976,-1.1204819277108435,4.1084337349397595,-0.9883507050889024,-8.76578786020846,4.686695278969957,3.0,0.2217782217782218,4509.009009009009,-9.025231629858398,-1.1895577180816976,4.582949711555269,1347.2527472527472,-1.0,89.0112278160087,0.22187609523519877,
2023-07-31 13:43:02.179000,-8.698795180722891,-1.1325301204819278,4.096385542168675,-0.9760882893930104,-8.709380748007357,4.691600245248313,3.0,0.2217782217782218,4509.009009009009,-8.99469727871336,-1.3269622982343694,4.705087116135422,1335.5311355311355,-1.0,89.0112278160087,0.22187369183875705,
2023-07-31 13:43:02.186000,-8.66265060240964,-1.1325301204819278,4.132530120481928,-1.0104230533415082,-8.731453096259962,4.6817903126916,3.0,0.2217782217782218,4509.009009009009,-8.948895751995803,-1.800244740982461,4.598216887127789,1326.7399267399267,-1.0,89.0112278160087,0.22187133897460992,
2023-07-31 13:43:02.194000,-8.66265060240964,-1.144578313253012,4.144578313253012,-1.0423053341508277,-8.706928264868179,4.684242795830778,3.0,0.2217782217782218,4509.009009009009,-8.82675834741565,-1.98345084785269,4.918827574150689,1318.6813186813185,-1.0,89.0112278160087,0.22186903751373752,
2023-07-31 13:43:02.202000,-8.674698795180724,-1.1325301204819278,4.132530120481928,-1.0177805027590434,-8.677498467198038,4.725935009196811,3.0,0.2217782217782218,4509.009009009009,-8.765689645125574,-2.181924130295438,4.674552764990384,1309.89010989011,-1.0,89.0112278160087,0.2218667882295156,
2023-07-31 13:43:02.209000,-8.674698795180724,-1.144578313253012,4.144578313253012,-1.020232985898222,-8.721643163703249,4.703862660944206,3.0,0.2217782217782218,4509.009009009009,-8.582483538255346,-2.4261989394557433,4.460812306975117,1304.0293040293038,-1.0,89.0112278160087,0.22186459179355691,
2023-07-31 13:43:02.217000,-8.66265060240964,-1.1204819277108435,4.156626506024097,-1.0251379521765787,-8.741263028816677,4.784794604537094,3.0,0.2217782217782218,4509.009009009009,-8.704620942835497,-2.517801992890858,4.6440184138453455,1301.098901098901,-1.0,89.0112278160087,0.22186244877201547,
2023-07-31 13:43:02.225000,-8.674698795180724,-1.1325301204819278,4.156626506024097,-1.0079705702023298,-8.704475781729,4.730839975475169,3.0,0.2217782217782218,4509.009009009009,-8.719888118408017,-2.0903210768603233,4.476079482547636,1298.168498168498,-1.0,89.0112278160087,0.2218603596223771,
2023-07-31 13:43:02.232000,-8.674698795180724,-1.1204819277108435,4.1807228915662655,-0.9417535254445125,-8.746167995095034,4.733292458614347,3.0,0.2217782217782218,4509.009009009009,-8.582483538255346,-2.2735271837305526,4.582949711555269,1296.7032967032967,-1.0,89.0112278160087,0.22185832469075814,
2023-07-31 13:43:02.240000,-8.698795180722891,-1.1325301204819278,4.156626506024097,-1.0006131207847946,-8.716738197424892,4.755364806866953,3.0,0.2217782217782218,4509.009009009009,-8.551949187110306,-2.3193287104481097,4.399743604685041,1295.2380952380952,-1.0,89.0112278160087,0.22185634420973468,
2023-07-31 13:43:02.248000,-8.710843373493976,-1.1204819277108435,4.204819277108434,-1.0079705702023298,-8.763335377069282,4.716125076640098,3.0,0.2217782217782218,4509.009009009009,-8.84202552298817,-1.9681836722801709,4.521881009265193,1294.5054945054944,-1.0,89.0112278160087,0.22185441829671682,
2023-07-31 13:43:02.255000,-8.734939759036145,-1.1325301204819278,4.19277108433735,-0.9123237277743715,-8.704475781729,4.82158185162477,3.0,0.2217782217782218,4509.009009009009,-8.506147660392749,-1.5407027562496365,4.552415360410231,1295.970695970696,-1.0,89.0112278160087,0.22185254695288226,
2023-07-31 13:43:02.263000,-8.698795180722891,-1.144578313253012,4.228915662650603,-0.9981606376456161,-8.758430410790925,4.806866952789699,3.0,0.2217782217782218,4509.009009009009,-8.582483538255346,-1.113221840219102,4.506613833692674,1298.168498168498,-1.0,89.0112278160087,0.22185073006267997,
2023-07-31 13:43:02.271000,-8.686746987951807,-1.1204819277108435,4.19277108433735,-0.9858982219497241,-8.687308399754752,4.755364806866953,3.0,0.2217782217782218,4509.009009009009,-8.551949187110306,-0.8231455043412396,4.628751238272827,1301.8315018315018,-1.0,89.0112278160087,0.22184896739390858,
2023-07-31 13:43:02.278000,-8.650602409638555,-1.0963855421686748,4.19277108433735,-1.0104230533415082,-8.67259350091968,4.730839975475169,3.0,0.22133422133422131,4518.054162487462,-8.735155293980537,-0.349863061593148,4.949361925295728,1304.7619047619046,-1.0,89.0112278160087,0.2218472585983751,
2023-07-31 13:43:02.286000,-8.650602409638555,-1.0963855421686748,4.168674698795181,-0.9638258736971183,-8.687308399754752,4.809319435928877,3.0,0.2217782217782218,4509.009009009009,-8.460346133675193,-0.41093176388322433,5.07149932987588,1306.9597069597069,-1.0,89.0112278160087,0.22184560320258767,
2023-07-31 13:43:02.294000,-8.63855421686747,-1.0963855421686748,4.1807228915662655,-0.9809932556713672,-8.704475781729,4.755364806866953,3.0,0.2217782217782218,4509.009009009009,-8.582483538255346,0.06235067886486727,5.040964978730842,1309.89010989011,-1.0,89.0112278160087,0.22184400057785697,
2023-07-31 13:43:02.301000,-8.63855421686747,-1.0602409638554218,4.144578313253012,-0.9074187614960146,-8.630901287553648,4.713672593500919,3.0,0.2217782217782218,4509.009009009009,-8.246605675659925,-0.3193287104481098,5.331041314608704,1309.89010989011,-1.0,89.0112278160087,0.2218424499740003,
2023-07-31 13:43:02.309000,-8.626506024096386,-1.072289156626506,4.144578313253012,-0.9343960760269773,-8.711833231146535,4.777437155119558,3.0,0.2217782217782218,4509.009009009009,-8.200804148942368,0.12341938115494361,5.285239787891148,1311.3553113553112,-1.0,89.0112278160087,0.22184095053244104,
2023-07-31 13:43:02.317000,-8.674698795180724,-1.0843373493975905,4.132530120481928,-0.9343960760269773,-8.743715511955855,4.627835683629675,3.0,0.2217782217782218,4509.009009009009,-8.200804148942368,0.12341938115494361,5.285239787891148,1309.89010989011,-1.0,89.0112278160087,0.2218395012893165,
2023-07-31 13:43:02.324000,-8.686746987951807,-1.0963855421686748,4.144578313253012,-0.9245861434702636,-8.738810545677499,4.718577559779276,3.0,0.2217782217782218,4509.009009009009,-7.895460637491986,-0.12085542800536173,5.300506963463667,1304.7619047619046,-1.0,89.0112278160087,0.221838101179124,
2023-07-31 13:43:02.332000,-8.686746987951807,-1.0963855421686748,4.120481927710844,-1.044757817290006,-8.684855916615573,4.750459840588595,3.0,0.2217782217782218,4509.009009009009,-8.216071324514887,-0.16665695472291897,5.132568032165956,1301.8315018315018,-1.0,89.0112278160087,0.22183674903888995,
2023-07-31 13:43:02.340000,-8.734939759036145,-1.1325301204819278,4.144578313253012,-1.091354996934396,-8.738810545677499,4.711220110361741,3.0,0.2217782217782218,4509.009009009009,-8.124468271079772,-0.27352718373055257,4.476079482547636,1302.5641025641025,-1.0,89.0112278160087,0.22183544361284413,
2023-07-31 13:43:02.347000,-8.734939759036145,-1.1204819277108435,4.132530120481928,-1.0128755364806867,-8.79767014101778,4.755364806866953,3.0,0.2217782217782218,4509.009009009009,-7.956529339782063,-0.0597867257152854,4.552415360410231,1308.4249084249084,-1.0,89.0112278160087,0.2218341835575735,
2023-07-31 13:43:02.355000,-8.72289156626506,-1.1325301204819278,4.120481927710844,-1.0128755364806867,-8.726548129981605,4.698957694665849,3.0,0.2217782217782218,4509.009009009009,-7.788590408484353,0.15395373229998177,4.476079482547636,1320.14652014652,-1.0,89.0112278160087,0.22183296744763278,
2023-07-31 13:43:02.362000,-8.759036144578314,-1.144578313253012,4.120481927710844,-1.0251379521765787,-8.773145309625995,4.730839975475169,3.0,0.2217782217782218,4509.009009009009,-7.49851407260649,0.09288503000990543,4.582949711555269,1339.194139194139,-1.0,89.0112278160087,0.22183179378158197,
2023-07-31 13:43:02.370000,-8.734939759036145,-1.1325301204819278,4.144578313253012,-1.0079705702023298,-8.863887185775598,4.694052728387492,3.0,0.2217782217782218,4509.009009009009,-7.8649262863469485,0.0012819765747909368,4.506613833692674,1367.7655677655678,-1.0,89.0112278160087,0.22183066098842133,
2023-07-31 13:43:02.378000,-8.734939759036145,-1.144578313253012,4.156626506024097,-0.9466584917228693,-8.785407725321887,4.679337829552422,3.0,0.2217782217782218,4509.009009009009,-7.696987355049238,0.19975525901753902,4.7508886428529795,1405.8608058608058,-1.0,89.0112278160087,0.22182956743438959,
2023-07-31 13:43:02.385000,-8.771084337349398,-1.1325301204819278,4.168674698795181,-0.9662783568362967,-8.770692826486817,4.797057020232986,3.0,0.2217782217782218,4509.009009009009,-7.574849950469085,0.10815220558242453,5.23943826117359,1457.142857142857,-1.0,89.0112278160087,0.22182851156883845,
2023-07-31 13:43:02.393000,-8.771084337349398,-1.0843373493975905,4.132530120481928,-0.9613733905579399,-8.748620478234212,4.716125076640098,3.0,0.2217782217782218,4509.009009009009,-7.208437736728627,0.07761785443738635,5.23943826117359,1523.8095238095236,-1.0,89.0112278160087,0.22182749177251931,
2023-07-31 13:43:02.401000,-8.74698795180723,-1.072289156626506,4.120481927710844,-0.927038626609442,-8.785407725321887,4.701410177805028,3.0,0.2217782217782218,4509.009009009009,-6.857292698560689,0.19975525901753902,5.651652001631605,1600.7326007326005,-1.0,89.0112278160087,0.22182650623763725,
2023-07-31 13:43:02.408000,-8.72289156626506,-1.072289156626506,4.132530120481928,-0.9908031882280809,-8.729000613120784,4.652360515021459,3.0,0.2217782217782218,4509.009009009009,-6.719888118408017,-0.21245848144047624,5.285239787891148,1687.179487179487,-1.0,89.0112278160087,0.22182555312482236,
2023-07-31 13:43:02.416000,-8.72289156626506,-1.0963855421686748,4.144578313253012,-0.9393010423053341,-8.73635806253832,4.708767627222563,3.0,0.2217782217782218,4509.009009009009,-6.551949187110307,0.2760911368801344,4.964629100868247,1778.7545787545787,-1.0,89.0112278160087,0.2218246307097255,
2023-07-31 13:43:02.424000,-8.650602409638555,-1.0602409638554218,4.0843373493975905,-0.9074187614960146,-8.706928264868179,4.657265481299816,3.0,0.2217782217782218,4509.009009009009,-5.8649262863469485,0.1386865567274627,5.285239787891148,1868.8644688644688,-1.0,89.0112278160087,0.22182373723186116,
2023-07-31 13:43:02.431000,-8.63855421686747,-1.0481927710843375,4.1084337349397595,-0.8730839975475169,-8.64316370324954,4.733292458614347,3.0,0.22133422133422131,4518.054162487462,-5.895460637491986,0.07761785443738635,4.842491696288094,1952.3809523809523,-1.0,89.0112278160087,0.22182287091379985,
2023-07-31 13:43:02.439000,-8.578313253012048,-1.0481927710843375,4.120481927710844,-0.9221336603310851,-8.61128142244022,4.6327406499080315,3.0,0.2217782217782218,4509.009009009009,-6.00233086649962,0.29135831245265353,4.766155818425498,2024.1758241758241,-1.0,89.0112278160087,0.221822029948687,
2023-07-31 13:43:02.447000,-8.602409638554217,-1.0240963855421688,4.132530120481928,-0.8706315144083384,-8.618638871857755,4.657265481299816,3.0,0.2217782217782218,4509.009009009009,-5.712254530621758,0.382961365887768,5.117300856593437,2081.3186813186812,-1.0,89.0112278160087,0.22182121248756684,
2023-07-31 13:43:02.454000,-8.566265060240964,-1.036144578313253,4.132530120481928,-0.8093194359288779,-8.621091354996935,4.6695278969957075,3.0,0.2217782217782218,4509.009009009009,-5.742788881766796,0.7188392284831878,4.6440184138453455,2120.879120879121,-1.0,89.0112278160087,0.2218204166685284,
2023-07-31 13:43:02.462000,-8.602409638554217,-1.0,4.132530120481928,-0.9221336603310851,-8.738810545677499,4.701410177805028,3.0,0.2217782217782218,4509.009009009009,-5.727521706194277,0.7188392284831878,4.659285589417864,2141.391941391941,-1.0,89.0112278160087,0.22181964064557821,
2023-07-31 13:43:02.470000,-8.614457831325302,-0.9397590361445783,4.168674698795181,-0.851011649294911,-8.64316370324954,4.69650521152667,3.0,0.2217782217782218,4509.009009009009,-5.4221781947438945,0.8715109842083787,4.720354291707941,2142.8571428571427,-1.0,89.0112278160087,0.22181888258568616,
2023-07-31 13:43:02.477000,-8.686746987951807,-0.9518072289156627,4.156626506024097,-0.7847946045370937,-8.692213366033108,4.757817290006131,3.0,0.2217782217782218,4509.009009009009,-6.017598042072139,1.665404113979371,4.369209253540002,2126.007326007326,-1.0,89.0112278160087,0.2218181406866575,
2023-07-31 13:43:02.485000,-8.686746987951807,-0.9277108433734941,4.132530120481928,-0.7651747394236664,-8.71919068056407,4.762722256284488,3.0,0.2217782217782218,4509.009009009009,-5.406911019171376,1.7570071674144856,4.124934444379697,2091.5750915750914,-1.0,89.0112278160087,0.22181741317366044,
2023-07-31 13:43:02.493000,-8.734939759036145,-0.9156626506024097,4.156626506024097,-0.7504598405885959,-8.697118332311465,4.721030042918454,3.0,0.2217782217782218,4509.009009009009,-5.788590408484353,2.0776178544373862,4.23180467338733,2045.4212454212452,-1.0,89.0112278160087,0.22181669831651699,
2023-07-31 13:43:02.500000,-8.74698795180723,-0.9397590361445783,4.168674698795181,-0.8534641324340895,-8.768240343347639,4.779889638258736,3.0,0.2217782217782218,4509.009009009009,-5.803857584056872,2.245556785735096,3.956995513081987,1989.7435897435896,-1.0,89.0112278160087,0.22181599456434378,
2023-07-31 13:43:02.508000,-8.759036144578314,-0.9277108433734941,4.144578313253012,-0.7725321888412017,-8.795217657878602,4.72838749233599,3.0,0.2217782217782218,4509.009009009009,-5.651185828331681,2.5203659460404397,3.8501252840743536,1928.9377289377287,-1.0,89.0112278160087,0.22181530026427823,
2023-07-31 13:43:02.516000,-8.783132530120483,-0.9518072289156627,4.144578313253012,-0.8142244022072348,-8.782955242182709,4.657265481299816,3.0,0.2217782217782218,4509.009009009009,-6.017598042072139,2.581434648330516,3.5600489481964908,1867.3992673992673,-1.0,89.0112278160087,0.2218146138268992,
2023-07-31 13:43:02.523000,-8.783132530120483,-0.9518072289156627,4.144578313253012,-0.8313917841814837,-8.778050275904352,4.706315144083384,3.0,0.22222222222222224,4500.0,-6.246605675659925,2.5203659460404397,3.086766505448399,1800.7326007326005,-1.0,89.0112278160087,0.22181393385963416,
2023-07-31 13:43:02.531000,-8.783132530120483,-0.9277108433734941,4.132530120481928,-0.838749233599019,-8.817290006131207,4.745554874310239,3.0,0.2217782217782218,4509.009009009009,-6.384010255812597,2.0776178544373862,2.689819940562903,1737.7289377289376,-1.0,89.0112278160087,0.22181325903348476,
2023-07-31 13:43:02.539000,-8.783132530120483,-0.9277108433734941,4.1084337349397595,-0.8264868179031268,-8.84426732066217,4.725935009196811,3.0,0.2217782217782218,4509.009009009009,-6.353475904667559,1.8791445719946382,2.73562146728046,1679.120879120879,-1.0,89.0112278160087,0.22181258798093578,
2023-07-31 13:43:02.546000,-8.771084337349398,-0.9518072289156627,4.1084337349397595,-0.7995095033721643,-8.851624770079706,4.679337829552422,3.0,0.22222222222222224,4500.0,-6.155002622224811,1.8638773964221191,2.476079482547636,1627.8388278388277,-1.0,89.0112278160087,0.22181191928941577,
2023-07-31 13:43:02.554000,-8.734939759036145,-0.9518072289156627,4.096385542168675,-0.7749846719803801,-8.79767014101778,4.676885346413243,3.0,0.2217782217782218,4509.009009009009,-6.429811782530154,1.4516636559641038,1.590583299341529,1582.4175824175823,-1.0,89.0112278160087,0.2218112517922777,
2023-07-31 13:43:02.562000,-8.74698795180723,-0.9397590361445783,4.0843373493975905,-0.8289393010423053,-8.78050275904353,4.6400980993255665,3.0,0.2217782217782218,4509.009009009009,-6.65881941611794,1.2684575490938748,1.3005069634636666,1544.3223443223442,-1.0,89.0112278160087,0.2218105844439528,
2023-07-31 13:43:02.569000,-8.710843373493976,-0.9759036144578314,4.0843373493975905,-0.8730839975475169,-8.76578786020846,4.671980380134887,3.0,0.2217782217782218,4509.009009009009,-6.460346133675192,1.4363964803915847,0.9951634520132848,1512.087912087912,-1.0,89.0112278160087,0.22180991616321324,
2023-07-31 13:43:02.577000,-8.710843373493976,-0.9759036144578314,4.0843373493975905,-0.8436541998773758,-8.748620478234212,4.679337829552422,3.0,0.2217782217782218,4509.009009009009,-6.4145446069576355,1.115785793368684,0.827224520715575,1485.7142857142856,-1.0,89.0112278160087,0.22180924597393073,
2023-07-31 13:43:02.585000,-8.674698795180724,-1.0,4.096385542168675,-0.8927038626609441,-8.716738197424892,4.657265481299816,3.0,0.22133422133422131,4518.054162487462,-6.719888118408017,1.1921216712312794,0.3844764291125215,1463.003663003663,643.4326171875,93.2498577120091,0.22180857314544825,
2023-07-31 13:43:02.592000,-8.674698795180724,-1.0120481927710845,4.096385542168675,-0.8853464132434089,-8.743715511955855,4.647455548743102,3.0,0.2217782217782218,4509.009009009009,-6.719888118408017,1.1921216712312794,0.3844764291125215,1441.0256410256409,-1.0,93.2498577120091,0.2218078970241386,
2023-07-31 13:43:02.600000,-8.686746987951807,-1.036144578313253,4.0843373493975905,-0.8976088289393009,-8.682403433476395,4.69650521152667,3.0,0.2217782217782218,4509.009009009009,-6.445078958102673,1.1768544956587603,0.827224520715575,1419.7802197802198,-1.0,93.2498577120091,0.22180721701366687,
2023-07-31 13:43:02.608000,-8.710843373493976,-1.036144578313253,4.048192771084338,-0.9589209074187615,-8.770692826486817,4.618025751072961,3.0,0.2217782217782218,4509.009009009009,-6.200804148942368,0.8562438086358596,0.9493619252957276,1396.3369963369962,-1.0,93.2498577120091,0.22180653273547754,
2023-07-31 13:43:02.615000,-8.72289156626506,-1.0481927710843375,4.0602409638554215,-0.9098712446351931,-8.714285714285714,4.667075413856529,3.0,0.2217782217782218,4509.009009009009,-6.368743080240078,0.5661674727579971,0.9798962764407657,1373.6263736263736,-1.0,93.2498577120091,0.2218058437520692,
2023-07-31 13:43:02.623000,-8.74698795180723,-1.0481927710843375,4.0843373493975905,-0.973635806253832,-8.763335377069282,4.593500919681177,3.0,0.2217782217782218,4509.009009009009,-5.941262164209544,0.382961365887768,1.1020336810209184,1353.113553113553,-1.0,93.2498577120091,0.2218051497263219,
2023-07-31 13:43:02.631000,-8.74698795180723,-1.0602409638554218,4.0843373493975905,-0.9393010423053341,-8.795217657878602,4.622930717351318,3.0,0.2217782217782218,4509.009009009009,-6.139735446652292,0.19975525901753902,1.2394382611735901,1334.065934065934,-1.0,93.2498577120091,0.22180445054874326,
2023-07-31 13:43:02.638000,-8.72289156626506,-1.0602409638554218,4.072289156626506,-0.9172286940527283,-8.790312691600246,4.652360515021459,3.0,0.2217782217782218,4509.009009009009,-5.941262164209544,-0.21245848144047624,1.2547054367461092,1319.4139194139193,-1.0,93.2498577120091,0.22180374618745383,
2023-07-31 13:43:02.646000,-8.74698795180723,-1.072289156626506,4.0843373493975905,-0.9981606376456161,-8.760882893930104,4.684242795830778,3.0,0.2217782217782218,4509.009009009009,-6.231338500087406,-0.38039741273818617,1.178369558883514,1309.1575091575091,-1.0,93.2498577120091,0.2218030365481831,
2023-07-31 13:43:02.654000,-8.710843373493976,-1.0843373493975905,4.0843373493975905,-0.9417535254445125,-8.75107296137339,4.62047823421214,3.0,0.2217782217782218,4509.009009009009,-6.109201095507253,-0.3956645883107052,1.392110016898781,1298.168498168498,-1.0,93.2498577120091,0.22180232149287984,
2023-07-31 13:43:02.661000,-8.710843373493976,-1.072289156626506,4.1084337349397595,-1.0006131207847946,-8.746167995095034,4.605763335377069,3.0,0.2217782217782218,4509.009009009009,-5.971796515354582,-0.3956645883107052,1.0867665054483993,1288.6446886446886,-1.0,93.2498577120091,0.2218016009854431,
2023-07-31 13:43:02.669000,-8.686746987951807,-1.0843373493975905,4.120481927710844,-0.9540159411404046,-8.660331085223788,4.676885346413243,3.0,0.2217782217782218,4509.009009009009,-6.460346133675192,-0.4414661150282625,1.0409649787308421,1281.3186813186812,-1.0,93.2498577120091,0.22180087522663738,
2023-07-31 13:43:02.677000,-8.66265060240964,-1.0963855421686748,4.1084337349397595,-0.9662783568362967,-8.706928264868179,4.6400980993255665,3.0,0.2217782217782218,4509.009009009009,-6.124468271079772,-0.349863061593148,1.0562321543033613,1279.120879120879,-1.0,93.2498577120091,0.22180014449088642,
2023-07-31 13:43:02.684000,-8.674698795180724,-1.108433734939759,4.0843373493975905,-0.9932556713672593,-8.704475781729,4.649908031882281,3.0,0.2217782217782218,4509.009009009009,-6.292407202377483,0.15395373229998177,1.2547054367461092,1280.5860805860805,-1.0,93.2498577120091,0.22179940899436676,
2023-07-31 13:43:02.692000,-8.66265060240964,-1.108433734939759,4.072289156626506,-1.0349478847332925,-8.687308399754752,4.630288166768853,3.0,0.2217782217782218,4509.009009009009,-6.50614766039275,-0.2429928325855144,0.827224520715575,1284.9816849816848,-1.0,93.2498577120091,0.2217986690396231,
2023-07-31 13:43:02.700000,-8.710843373493976,-1.108433734939759,4.072289156626506,-0.9147762109135499,-8.733905579399142,4.676885346413243,3.0,0.2217782217782218,4509.009009009009,-6.3076743779500015,-0.1361226035778808,0.9340947497232085,1291.5750915750914,-1.0,93.2498577120091,0.22179792501073048,
2023-07-31 13:43:02.707000,-8.66265060240964,-1.0963855421686748,4.0843373493975905,-0.9858982219497241,-8.733905579399142,4.649908031882281,3.0,0.2217782217782218,4509.009009009009,-6.200804148942368,0.1386865567274627,0.9493619252957276,1300.3663003663003,-1.0,93.2498577120091,0.22179717736832674,
2023-07-31 13:43:02.715000,-8.710843373493976,-1.108433734939759,4.072289156626506,-0.9834457388105456,-8.699570815450643,4.701410177805028,3.0,0.2217782217782218,4509.009009009009,-6.32294155352252,-0.1513897791503999,1.208903910028552,1309.89010989011,-1.0,93.2498577120091,0.22179642664454455,
2023-07-31 13:43:02.722000,-8.72289156626506,-1.1204819277108435,4.096385542168675,-1.0006131207847946,-8.755977927651747,4.667075413856529,3.0,0.2217782217782218,4509.009009009009,-6.460346133675192,0.10815220558242453,1.1173008565934375,1321.6117216117216,-1.0,93.2498577120091,0.22179567343787265,
2023-07-31 13:43:02.730000,-8.72289156626506,-1.1204819277108435,4.0843373493975905,-1.020232985898222,-8.748620478234212,4.642550582464746,3.0,0.2217782217782218,4509.009009009009,-6.429811782530154,-0.27352718373055257,1.025697803158323,1336.263736263736,-1.0,93.2498577120091,0.22179491854672417,
2023-07-31 13:43:02.738000,-8.734939759036145,-1.1204819277108435,4.096385542168675,-0.973635806253832,-8.743715511955855,4.622930717351318,3.0,0.22133422133422131,4518.054162487462,-5.971796515354582,-0.19719130586795713,0.9646291008682467,1350.9157509157508,-1.0,93.2498577120091,0.22179416294385865,
2023-07-31 13:43:02.745000,-8.72289156626506,-1.1204819277108435,4.0843373493975905,-1.015328019619865,-8.697118332311465,4.694052728387492,3.0,0.2217782217782218,4509.009009009009,-6.490880484820231,-0.349863061593148,0.8730260474331322,1365.5677655677655,-1.0,93.2498577120091,0.22179340747391013,
2023-07-31 13:43:02.753000,-8.710843373493976,-1.144578313253012,4.072289156626506,-1.061925199264255,-8.702023298589822,4.647455548743102,3.0,0.2217782217782218,4509.009009009009,-5.956529339782063,-0.4872676417458197,0.9035603985781704,1378.021978021978,-1.0,93.2498577120091,0.22179265297675727,
2023-07-31 13:43:02.761000,-8.72289156626506,-1.1325301204819278,4.120481927710844,-0.9491109748620478,-8.724095646842427,4.694052728387492,3.0,0.2217782217782218,4509.009009009009,-5.83439193520191,-0.6399393974710106,1.193636734456033,1387.5457875457876,-1.0,93.2498577120091,0.2217919004422758,
2023-07-31 13:43:02.768000,-8.72289156626506,-1.1204819277108435,4.096385542168675,-0.9613733905579399,-8.738810545677499,4.613120784794604,3.0,0.2217782217782218,4509.009009009009,-5.971796515354582,-0.22772565701299533,1.2394382611735901,1393.4065934065934,-1.0,93.2498577120091,0.22179115086710838,
2023-07-31 13:43:02.776000,-8.686746987951807,-1.1204819277108435,4.120481927710844,-1.0055180870631515,-8.73635806253832,4.593500919681177,3.0,0.2217782217782218,4509.009009009009,-5.880193461919467,-0.2429928325855144,1.1325680321659566,1395.6043956043954,-1.0,93.2498577120091,0.22179040511135317,
2023-07-31 13:43:02.784000,-8.698795180722891,-1.1204819277108435,4.0361445783132535,-1.003065603923973,-8.755977927651747,4.645003065603924,3.0,0.2217782217782218,4509.009009009009,-6.0786667443622155,0.2150224345900581,1.4226443680438192,1394.8717948717947,-1.0,93.2498577120091,0.2217896639143345,
2023-07-31 13:43:02.791000,-8.698795180722891,-1.1325301204819278,4.0602409638554215,-1.0594727161250765,-8.716738197424892,4.591048436541999,3.0,0.2217782217782218,4509.009009009009,-5.681720179476719,0.15395373229998177,1.3005069634636666,1389.7435897435896,-1.0,93.2498577120091,0.22178892803796416,
2023-07-31 13:43:02.799000,-8.698795180722891,-1.108433734939759,4.0361445783132535,-0.973635806253832,-8.677498467198038,4.605763335377069,3.0,0.2217782217782218,4509.009009009009,-6.200804148942368,0.19975525901753902,1.560048948196491,1383.150183150183,-1.0,93.2498577120091,0.22178819839976419,
2023-07-31 13:43:02.807000,-8.72289156626506,-1.144578313253012,4.072289156626506,-1.0128755364806867,-8.760882893930104,4.6327406499080315,3.0,0.2217782217782218,4509.009009009009,-6.0786667443622155,-0.0597867257152854,1.4684458947613763,1375.091575091575,-1.0,93.2498577120091,0.22178747604699522,
2023-07-31 13:43:02.814000,-8.72289156626506,-1.1204819277108435,4.072289156626506,-1.0251379521765787,-8.785407725321887,4.630288166768853,3.0,0.2217782217782218,4509.009009009009,-5.941262164209544,0.06235067886486727,1.57531612376901,1363.3699633699632,-1.0,93.2498577120091,0.22178676200342964,
2023-07-31 13:43:02.822000,-8.72289156626506,-1.1325301204819278,4.096385542168675,-0.9613733905579399,-8.778050275904352,4.657265481299816,3.0,0.2217782217782218,4509.009009009009,-5.696987355049238,-0.5330691684633769,1.5142474214789337,1349.4505494505493,-1.0,93.2498577120091,0.22178605726550632,
2023-07-31 13:43:02.830000,-8.734939759036145,-1.108433734939759,4.0361445783132535,-0.9491109748620478,-8.746167995095034,4.578786020846106,3.0,0.2217782217782218,4509.009009009009,-6.00233086649962,-0.5330691684633769,1.224171085601071,1334.065934065934,-1.0,93.2498577120091,0.221785362798591,
2023-07-31 13:43:02.837000,-8.72289156626506,-1.144578313253012,4.0602409638554215,-1.0545677498467196,-8.782955242182709,4.608215818516247,3.0,0.2217782217782218,4509.009009009009,-6.0786667443622155,-0.7010080997610869,1.4989802459064145,1318.6813186813185,-1.0,93.2498577120091,0.22178467953336442,
2023-07-31 13:43:02.845000,-8.710843373493976,-1.1566265060240966,4.0843373493975905,-1.079092581238504,-8.802575107296137,4.605763335377069,3.0,0.2217782217782218,4509.009009009009,-5.742788881766796,-0.9605500844939113,1.4073771924713,1306.9597069597069,-1.0,93.2498577120091,0.22178400836235784,
2023-07-31 13:43:02.853000,-8.710843373493976,-1.1204819277108435,4.096385542168675,-0.9221336603310851,-8.726548129981605,4.627835683629675,3.0,0.2217782217782218,4509.009009009009,-6.00233086649962,-0.9452829089213922,1.4837130703338954,1298.168498168498,-1.0,93.2498577120091,0.2217833501366533,
2023-07-31 13:43:02.860000,-8.72289156626506,-1.1325301204819278,4.0843373493975905,-1.0055180870631515,-8.805027590435316,4.725935009196811,3.0,0.2217782217782218,4509.009009009009,-5.971796515354582,-1.0063516112114685,1.193636734456033,1290.10989010989,-1.0,93.2498577120091,0.22178270552401963,
2023-07-31 13:43:02.868000,-8.710843373493976,-1.1204819277108435,4.096385542168675,-1.020232985898222,-8.721643163703249,4.671980380134887,3.0,0.2217782217782218,4509.009009009009,-5.971796515354582,-1.0063516112114685,1.193636734456033,1284.9816849816848,-1.0,93.2498577120091,0.22178207502637803,
2023-07-31 13:43:02.876000,-8.710843373493976,-1.1325301204819278,4.1084337349397595,-1.0472103004291844,-8.704475781729,4.652360515021459,3.0,0.2217782217782218,4509.009009009009,-6.33820872909504,-1.3269622982343694,1.6974535283491627,1282.051282051282,-1.0,93.2498577120091,0.22178145912509833,
2023-07-31 13:43:02.883000,-8.710843373493976,-1.1325301204819278,4.096385542168675,-0.9834457388105456,-8.775597792765174,4.69650521152667,3.0,0.2217782217782218,4509.009009009009,-6.124468271079772,-0.8842142066313159,1.7127207039216819,1282.051282051282,-1.0,93.2498577120091,0.2217808584161806,
2023-07-31 13:43:02.891000,-8.710843373493976,-1.144578313253012,4.1084337349397595,-1.0251379521765787,-8.775597792765174,4.645003065603924,3.0,0.22133422133422131,4518.054162487462,-6.139735446652292,-1.3727638249519265,1.376842841326262,1281.3186813186812,-1.0,93.2498577120091,0.22178027358675037,
2023-07-31 13:43:02.899000,-8.710843373493976,-1.144578313253012,4.120481927710844,-1.0815450643776823,-8.724095646842427,4.698957694665849,3.0,0.2217782217782218,4509.009009009009,-5.880193461919467,-1.3269622982343694,1.4226443680438192,1280.5860805860805,-1.0,93.2498577120091,0.22177970511509923,
2023-07-31 13:43:02.906000,-8.72289156626506,-1.1686746987951808,4.1084337349397595,-0.9760882893930104,-8.748620478234212,4.721030042918454,3.0,0.2217782217782218,4509.009009009009,-5.880193461919467,-1.4032981760969647,1.4531787191888574,1282.051282051282,-1.0,93.2498577120091,0.22177915339699197,
2023-07-31 13:43:02.914000,-8.72289156626506,-1.1325301204819278,4.132530120481928,-1.0300429184549356,-8.75107296137339,4.725935009196811,3.0,0.2217782217782218,4509.009009009009,-6.063399568789697,-1.3574966493794074,1.4684458947613763,1284.2490842490843,-1.0,93.2498577120091,0.22177861876500837,
2023-07-31 13:43:02.922000,-8.698795180722891,-1.1566265060240966,4.144578313253012,-1.003065603923973,-8.706928264868179,4.713672593500919,3.0,0.2217782217782218,4509.009009009009,-6.017598042072139,-1.3269622982343694,1.178369558883514,1285.7142857142856,-1.0,93.2498577120091,0.2217781015081567,
2023-07-31 13:43:02.929000,-8.698795180722891,-1.1566265060240966,4.1084337349397595,-1.0815450643776823,-8.726548129981605,4.627835683629675,3.0,0.2217782217782218,4509.009009009009,-6.231338500087406,-1.3727638249519265,1.1631023833109948,1288.6446886446886,-1.0,93.2498577120091,0.22177760199899513,
2023-07-31 13:43:02.937000,-8.66265060240964,-1.1686746987951808,4.120481927710844,-1.0275904353157572,-8.724095646842427,4.703862660944206,3.0,0.2217782217782218,4509.009009009009,-5.895460637491986,-0.899481382203835,1.1631023833109948,1291.5750915750914,-1.0,93.2498577120091,0.221777120544318,
2023-07-31 13:43:02.945000,-8.698795180722891,-1.1566265060240966,4.096385542168675,-1.0374003678724708,-8.82709993868792,4.642550582464746,3.0,0.2217782217782218,4509.009009009009,-5.84965911077443,-1.113221840219102,1.2547054367461092,1295.2380952380952,-1.0,93.2498577120091,0.22177665738541058,
2023-07-31 13:43:02.952000,-8.710843373493976,-1.1325301204819278,4.144578313253012,-1.0055180870631515,-8.743715511955855,4.674432863274065,3.0,0.2217782217782218,4509.009009009009,-5.910727813064505,-1.3269622982343694,1.4531787191888574,1298.9010989010987,-1.0,93.2498577120091,0.22177621269857278,
2023-07-31 13:43:02.960000,-8.698795180722891,-1.1566265060240966,4.1084337349397595,-1.0594727161250765,-8.775597792765174,4.637645616186388,3.0,0.2217782217782218,4509.009009009009,-5.803857584056872,-1.5712371073946747,1.6516520016316054,1302.5641025641025,-1.0,93.2498577120091,0.22177578659590821,
2023-07-31 13:43:02.968000,-8.686746987951807,-1.1686746987951808,4.132530120481928,-1.0104230533415082,-8.704475781729,4.671980380134887,3.0,0.2217782217782218,4509.009009009009,-5.33057514130878,-1.097954664646583,1.6363848260590863,1305.4945054945053,-1.0,93.2498577120091,0.22177537912637066,
2023-07-31 13:43:02.975000,-8.710843373493976,-1.1686746987951808,4.120481927710844,-1.0006131207847946,-8.699570815450643,4.684242795830778,3.0,0.2217782217782218,4509.009009009009,-5.391643843598857,-1.1590233669366594,1.5447817726239719,1306.227106227106,-1.0,93.2498577120091,0.22177499027705977,
2023-07-31 13:43:02.983000,-8.710843373493976,-1.1686746987951808,4.132530120481928,-1.0055180870631515,-8.670141017780502,4.667075413856529,3.0,0.2217782217782218,4509.009009009009,-5.284773614591223,-0.899481382203835,1.560048948196491,1309.1575091575091,-1.0,93.2498577120091,0.2217746199747573,
2023-07-31 13:43:02.991000,-8.710843373493976,-1.1566265060240966,4.096385542168675,-1.0717351318209687,-8.726548129981605,4.691600245248313,3.0,0.2217782217782218,4509.009009009009,-5.635918652759162,-0.9758172600664304,1.6211176504865672,1309.1575091575091,-1.0,93.2498577120091,0.22177426808769407,
2023-07-31 13:43:02.998000,-8.72289156626506,-1.1927710843373494,4.132530120481928,-1.1060698957694666,-8.721643163703249,4.6621704475781724,3.0,0.2217782217782218,4509.009009009009,-5.559582774896566,-0.9300157333488731,1.57531612376901,1306.227106227106,-1.0,93.2498577120091,0.2217739344275356,
2023-07-31 13:43:03.006000,-8.72289156626506,-1.216867469879518,4.096385542168675,-1.1624770079705702,-8.760882893930104,4.63519313304721,3.0,0.2217782217782218,4509.009009009009,-5.819124759629391,-1.6628401608297891,1.1173008565934375,1301.8315018315018,-1.0,93.2498577120091,0.22177361875157448,
2023-07-31 13:43:03.014000,-8.759036144578314,-1.2409638554216869,4.132530120481928,-1.1404046597179645,-8.78050275904353,4.721030042918454,3.0,0.2217782217782218,4509.009009009009,-5.803857584056872,-2.013985198997728,1.0562321543033613,1299.6336996336995,-1.0,93.2498577120091,0.22177332076511533,
2023-07-31 13:43:03.021000,-8.759036144578314,-1.2530120481927711,4.132530120481928,-1.091354996934396,-8.807480073574494,4.69650521152667,3.0,0.2217782217782218,4509.009009009009,-6.063399568789697,-2.7620768020511632,0.6134840627003078,1305.4945054945053,-1.0,93.2498577120091,0.22177304012404117,
2023-07-31 13:43:03.029000,-8.72289156626506,-1.2650602409638554,4.144578313253012,-1.1428571428571428,-8.832004904966277,4.750459840588595,3.0,0.2217782217782218,4509.009009009009,-6.3076743779500015,-3.662840160829789,0.5829497115552695,1318.6813186813185,-1.0,93.2498577120091,0.2217727764375429,
2023-07-31 13:43:03.037000,-8.72289156626506,-1.2530120481927711,4.1807228915662655,-1.0864500306560392,-8.770692826486817,4.713672593500919,3.0,0.2217782217782218,4509.009009009009,-6.597750713827864,-4.166656954722919,0.5371481848377123,1344.3223443223442,-1.0,93.2498577120091,0.2217725292709991,
2023-07-31 13:43:03.044000,-8.74698795180723,-1.2891566265060241,4.216867469879518,-1.1820968730839976,-8.778050275904352,4.826486817903127,3.0,0.22133422133422131,4518.054162487462,-6.567216362682826,-4.639939397471011,0.9493619252957276,1383.8827838827838,-1.0,93.2498577120091,0.22177229814898924,
2023-07-31 13:43:03.052000,-8.698795180722891,-1.2650602409638554,4.240963855421687,-1.1747394236664623,-8.763335377069282,4.804414469650521,3.0,0.2217782217782218,4509.009009009009,-6.292407202377483,-4.670473748616049,1.224171085601071,1438.8278388278388,-1.0,93.2498577120091,0.2217720824091292,
2023-07-31 13:43:03.060000,-8.710843373493976,-1.2409638554216869,4.228915662650603,-1.1404046597179645,-8.716738197424892,4.804414469650521,3.0,0.2217782217782218,4509.009009009009,-6.32294155352252,-4.7926111531962015,1.376842841326262,1507.6923076923076,-1.0,93.2498577120091,0.22177188133272152,
2023-07-31 13:43:03.067000,-8.650602409638555,-1.2409638554216869,4.253012048192772,-1.137952176578786,-8.692213366033108,4.809319435928877,3.0,0.2217782217782218,4509.009009009009,-5.651185828331681,-4.563603519608415,1.8653924596468725,1589.7435897435896,-1.0,93.2498577120091,0.2217716943070055,
2023-07-31 13:43:03.075000,-8.578313253012048,-1.2409638554216869,4.240963855421687,-1.1109748620478233,-8.662783568362967,4.83629675045984,3.0,0.2217782217782218,4509.009009009009,-5.51378124817901,-4.563603519608415,1.8653924596468725,1680.5860805860805,-1.0,93.2498577120091,0.22177152068960476,
2023-07-31 13:43:03.083000,-8.55421686746988,-1.216867469879518,4.228915662650603,-1.0962599632127528,-8.542611894543224,4.851011649294911,3.0,0.2217782217782218,4509.009009009009,-4.8725598741332075,-3.0216187867839874,2.6287512382728266,1776.5567765567764,-1.0,93.2498577120091,0.22177135981177964,
2023-07-31 13:43:03.090000,-8.530120481927712,-1.2048192771084338,4.240963855421687,-1.0521152667075413,-8.54996934396076,4.806866952789699,3.0,0.2217782217782218,4509.009009009009,-4.277140026804964,-3.0216187867839874,2.6134840627003078,1871.7948717948716,-1.0,93.2498577120091,0.22177121098172325,
2023-07-31 13:43:03.098000,-8.55421686746988,-1.108433734939759,4.253012048192772,-0.8779889638258737,-8.574494175352545,4.8779889638258735,3.0,0.2217782217782218,4509.009009009009,-3.9565293397820627,-5.662840160829789,2.995163452013285,1959.7069597069597,-1.0,93.2498577120091,0.22177107348788527,
2023-07-31 13:43:03.105000,-8.493975903614459,-1.0602409638554218,4.313253012048193,-0.9196811771919068,-8.532801961986511,4.897608828939301,3.0,0.2217782217782218,4509.009009009009,-3.300040790163742,-7.418565351669484,3.5295145970514525,2038.8278388278386,-1.0,93.2498577120091,0.22177094660230748,
2023-07-31 13:43:03.113000,-8.44578313253012,-1.0843373493975905,4.385542168674699,-0.9393010423053341,-8.437155119558552,5.0030656039239725,3.0,0.2217782217782218,4509.009009009009,-2.704620942835498,-8.044519550142766,3.4837130703338954,2099.6336996336995,-1.0,93.2498577120091,0.22177082958395752,
2023-07-31 13:43:03.121000,-8.3855421686747,-1.1325301204819278,4.46987951807229,-1.0104230533415082,-8.39546290619252,5.057020232985898,3.0,0.2217782217782218,4509.009009009009,-2.4450789581026737,-6.65520657304353,3.422644368043819,2137.7289377289376,-1.0,93.2498577120091,0.22177072168204617,
2023-07-31 13:43:03.128000,-8.409638554216867,-1.1204819277108435,4.481927710843374,-0.9760882893930104,-8.496014714898834,5.088902513795217,3.0,0.2217782217782218,4509.009009009009,-1.2084377367286279,-5.64757298525727,3.941728337509468,2155.3113553113553,-1.0,93.2498577120091,0.22177062213931284,
2023-07-31 13:43:03.136000,-8.46987951807229,-1.0602409638554218,4.46987951807229,-0.8730839975475169,-8.493562231759656,5.074187614960147,3.0,0.2217782217782218,4509.009009009009,-1.254239263446185,-3.250626420371774,4.277606200104888,2156.043956043956,-1.0,93.2498577120091,0.22177053019526705,
2023-07-31 13:43:03.144000,-8.542168674698795,-1.0240963855421688,4.385542168674699,-0.8632740649908032,-8.547516860821581,4.9662783568362965,3.0,0.2217782217782218,4509.009009009009,-1.254239263446185,-3.250626420371774,4.277606200104888,2140.6593406593406,-1.0,93.2498577120091,0.22177044508937074,
2023-07-31 13:43:03.151000,-8.518072289156628,-1.036144578313253,4.337349397590362,-0.8804414469650521,-8.518087063151441,4.846106683016554,3.0,0.2217782217782218,4509.009009009009,-1.1779033855835896,-0.9147485577763541,3.4379115436163383,2110.6227106227107,-1.0,93.2498577120091,0.22177036606415088,
2023-07-31 13:43:03.159000,-8.44578313253012,-1.0963855421686748,4.216867469879518,-0.9932556713672593,-8.42489270386266,4.828939301042305,3.0,0.2217782217782218,4509.009009009009,-1.422178194743895,2.642503350620592,1.8959268107919107,2066.6666666666665,-1.0,93.2498577120091,0.22177029236822787,
2023-07-31 13:43:03.167000,-8.421686746987952,-1.2048192771084338,4.156626506024097,-1.1232372777437154,-8.39301042305334,4.630288166768853,3.0,0.2217782217782218,4509.009009009009,-2.4298117825301544,5.955480449857234,-0.3178136472233563,2013.186813186813,-1.0,93.2498577120091,0.22177022325924853,
2023-07-31 13:43:03.174000,-8.3855421686747,-1.2289156626506024,4.0602409638554215,-1.1600245248313916,-8.380748007357449,4.576333537706928,3.0,0.2217782217782218,4509.009009009009,-3.0099644542858797,8.260823961307615,-1.7834625021851884,1953.8461538461538,-1.0,93.2498577120091,0.2217701580067154,
2023-07-31 13:43:03.182000,-8.409638554216867,-1.2289156626506024,4.024096385542169,-1.0938074800735744,-8.402820355610055,4.539546290619252,3.0,0.2217782217782218,4509.009009009009,-3.422178194743895,10.581434648330516,-2.3636151739409135,1889.3772893772893,-1.0,93.2498577120091,0.22177009589469646,
2023-07-31 13:43:03.190000,-8.481927710843374,-1.2409638554216869,3.963855421686747,-1.120784794604537,-8.530349478847333,4.488044144696505,3.0,0.2217782217782218,4509.009009009009,-3.422178194743895,12.001281976574791,-2.668958685391295,1824.1758241758241,-1.0,93.2498577120091,0.22177003622441377,
2023-07-31 13:43:03.197000,-8.602409638554217,-1.216867469879518,3.927710843373494,-1.0889025137952175,-8.702023298589822,4.48068669527897,3.0,0.2217782217782218,4509.009009009009,-3.132101858866032,12.382961365887768,-2.668958685391295,1757.5091575091574,-1.0,93.2498577120091,0.2217699781779443,
2023-07-31 13:43:03.205000,-8.74698795180723,-1.2409638554216869,4.0,-1.137952176578786,-8.885959534028203,4.583690987124463,3.0,0.2217782217782218,4509.009009009009,-3.2237049123011468,11.054717091078608,-2.9132334945516005,1693.7728937728937,-1.0,93.2498577120091,0.22176992097966003,
2023-07-31 13:43:03.213000,-9.0,-1.2891566265060241,3.963855421686747,-1.1624770079705702,-9.101778050275904,4.522378908645003,3.0,0.2217782217782218,4509.009009009009,-2.5977507138278644,10.50509877046792,-2.287279296078318,1633.6996336996335,-1.0,93.2498577120091,0.22176986402600324,
2023-07-31 13:43:03.220000,-9.144578313253012,-1.2771084337349399,3.9759036144578315,-1.1232372777437154,-9.266094420600858,4.654812998160637,3.0,0.2217782217782218,4509.009009009009,-1.5137812481790094,8.596701823903034,-1.539187693024883,1582.4175824175823,-1.0,93.2498577120091,0.22176980673839622,
2023-07-31 13:43:03.228000,-9.204819277108435,-1.2289156626506024,4.0,-1.0668301655426118,-9.334763948497853,4.6106683016554255,3.0,0.2217782217782218,4509.009009009009,-0.20080414894236828,5.329526251383951,-1.1117067769943487,1536.9963369963368,-1.0,93.2498577120091,0.22176974842653646,
2023-07-31 13:43:03.236000,-9.204819277108435,-1.1686746987951808,3.963855421686747,-1.0177805027590434,-9.270999386879215,4.622930717351318,3.0,0.2217782217782218,4509.009009009009,0.2724782938057233,1.7722743429870047,-0.8979663189790815,1498.168498168498,-1.0,93.2498577120091,0.22176968844940298,
2023-07-31 13:43:03.243000,-9.132530120481928,-1.1204819277108435,3.987951807228916,-0.956468424279583,-9.114040465971796,4.485591661557327,3.0,0.2217782217782218,4509.009009009009,1.3869821105996163,-1.0063516112114685,-0.6994930365363334,1464.4688644688645,-1.0,93.2498577120091,0.22176962634457512,
2023-07-31 13:43:03.251000,-8.987951807228916,-1.072289156626506,3.9759036144578315,-0.9613733905579399,-9.003678724708767,4.5812385039852845,3.0,0.2217782217782218,4509.009009009009,2.257211118233204,-2.8384126799137586,-0.48575257852106624,1436.6300366300366,666.412353515625,90.03434537711225,0.22176956168066547,
2023-07-31 13:43:03.259000,-8.795180722891567,-1.0481927710843375,3.987951807228916,-0.8804414469650521,-8.746167995095034,4.5738810545677495,3.0,0.2217782217782218,4509.009009009009,2.7304935609812957,-3.632305809684751,-0.989569372414196,1410.989010989011,-1.0,90.03434537711225,0.22176949405886492,
2023-07-31 13:43:03.266000,-8.686746987951807,-0.9879518072289157,4.0,-0.8289393010423053,-8.704475781729,4.618025751072961,3.0,0.2217782217782218,4509.009009009009,3.49385233960725,-4.090321076860324,-1.0506380747042723,1384.6153846153845,-1.0,90.03434537711225,0.2217694231143041,
2023-07-31 13:43:03.274000,-8.578313253012048,-0.9759036144578314,3.9759036144578315,-0.8142244022072348,-8.633353770692827,4.5444512568976085,3.0,0.2217782217782218,4509.009009009009,4.165608064798089,-3.9376493211351327,-1.3254472350096158,1359.7069597069597,-1.0,90.03434537711225,0.2217693485172239,
2023-07-31 13:43:03.282000,-8.566265060240964,-0.9518072289156627,4.0,-0.7946045370938074,-8.537706928264868,4.583690987124463,3.0,0.2217782217782218,4509.009009009009,4.638890507546181,-3.0521531379290257,-1.7529281510401502,1339.194139194139,-1.0,90.03434537711225,0.22176926997395535,
2023-07-31 13:43:03.289000,-8.578313253012048,-0.9277108433734941,4.0,-0.7553648068669527,-8.601471489883506,4.534641324340895,3.0,0.2217782217782218,4509.009009009009,4.82209661441641,-1.4185653516694838,-1.890332731192822,1323.8095238095236,-1.0,90.03434537711225,0.2217691872277059,
2023-07-31 13:43:03.297000,-8.578313253012048,-0.8795180722891567,3.963855421686747,-0.7896995708154506,-8.655426118945432,4.5665236051502145,3.0,0.2217782217782218,4509.009009009009,5.4785851640347305,0.06235067886486727,-2.1040731892080893,1313.5531135531135,-1.0,90.03434537711225,0.2217691000591499,
2023-07-31 13:43:03.305000,-8.63855421686747,-0.9156626506024097,4.0,-0.7921520539546291,-8.716738197424892,4.554261189454322,3.0,0.2217782217782218,4509.009009009009,5.875531728920227,0.35242701474272986,-2.4857525785210663,1304.7619047619046,-1.0,90.03434537711225,0.2217690082868273,
2023-07-31 13:43:03.312000,-8.710843373493976,-0.9036144578313253,4.0120481927710845,-0.7529123237277743,-8.724095646842427,4.586143470263642,3.0,0.2217782217782218,4509.009009009009,6.074005011362975,1.2837247246663939,-3.142241128139387,1298.9010989010987,-1.0,90.03434537711225,0.22176891176734728,
2023-07-31 13:43:03.320000,-8.74698795180723,-0.9036144578313253,4.024096385542169,-0.7774371551195585,-8.71919068056407,4.591048436541999,3.0,0.2217782217782218,4509.009009009009,6.119806538080533,1.8486102208496,-2.821630441116486,1295.2380952380952,-1.0,90.03434537711225,0.22176881025665476,
2023-07-31 13:43:03.328000,-8.795180722891567,-0.9156626506024097,4.024096385542169,-0.8289393010423053,-8.84426732066217,4.568976088289393,3.0,0.2217782217782218,4509.009009009009,5.906066080065265,2.718839228483188,-3.3865159372996922,1296.7032967032967,-1.0,90.03434537711225,0.2217687034302378,
2023-07-31 13:43:03.335000,-8.819277108433736,-0.9277108433734941,4.024096385542169,-0.7798896382587369,-8.90803188228081,4.591048436541999,3.0,0.2217782217782218,4509.009009009009,6.165608064798089,3.787541518559524,-3.2949128838645776,1302.5641025641025,-1.0,90.03434537711225,0.22176859116951605,
2023-07-31 13:43:03.343000,-8.891566265060241,-0.9156626506024097,4.0120481927710845,-0.7725321888412017,-8.979153893316983,4.630288166768853,3.0,0.2217782217782218,4509.009009009009,6.0282034846454176,4.611968999475554,-3.4781189907348065,1314.2857142857142,-1.0,90.03434537711225,0.22176847340107822,
2023-07-31 13:43:03.351000,-8.951807228915664,-0.9277108433734941,4.024096385542169,-0.7946045370938074,-9.003678724708767,4.62047823421214,3.0,0.22133422133422131,4518.054162487462,6.012936309072899,5.34479342695647,-3.875065555620303,1328.937728937729,-1.0,90.03434537711225,0.2217683501062111,
2023-07-31 13:43:03.358000,-8.951807228915664,-0.8795180722891567,4.024096385542169,-0.7234825260576333,-9.033108522378908,4.564071122011036,3.0,0.2217782217782218,4509.009009009009,6.012936309072899,5.8486102208496,-4.08880601363557,1350.18315018315,-1.0,90.03434537711225,0.22176822143749608,
2023-07-31 13:43:03.366000,-9.0,-0.9277108433734941,4.0361445783132535,-0.7847946045370937,-8.947271612507663,4.576333537706928,3.0,0.2217782217782218,4509.009009009009,6.211409591515647,5.604335411689295,-4.836897616689005,1374.3589743589744,-1.0,90.03434537711225,0.2217680875373664,
2023-07-31 13:43:03.374000,-8.975903614457831,-0.9397590361445783,4.024096385542169,-0.7553648068669527,-9.040465971796444,4.598405885959534,3.0,0.2217782217782218,4509.009009009009,6.058737835790456,4.566167472757997,-5.722393799895112,1397.8021978021977,-1.0,90.03434537711225,0.22176794856883603,
2023-07-31 13:43:03.381000,-8.93975903614458,-0.9518072289156627,4.024096385542169,-0.8583690987124463,-8.957081545064376,4.618025751072961,3.0,0.22133422133422131,4518.054162487462,5.890798904492746,3.314259075811432,-6.485752578521066,1419.7802197802198,-1.0,90.03434537711225,0.22176780458615986,
2023-07-31 13:43:03.389000,-8.879518072289157,-0.9759036144578314,4.0361445783132535,-0.82158185162477,-8.905579399141631,4.605763335377069,3.0,0.2217782217782218,4509.009009009009,6.287745469378242,2.245556785735096,-7.432317464017249,1440.2930402930401,-1.0,90.03434537711225,0.22176765554339242,
2023-07-31 13:43:03.397000,-8.843373493975903,-0.963855421686747,4.0602409638554215,-0.8804414469650521,-8.807480073574494,4.630288166768853,3.0,0.2217782217782218,4509.009009009009,6.6999592098362575,1.298991900238913,-7.92086708233786,1460.8058608058607,-1.0,90.03434537711225,0.22176750154800776,
2023-07-31 13:43:03.404000,-8.759036144578314,-1.0,4.120481927710844,-0.8976088289393009,-8.819742489270386,4.684242795830778,3.0,0.2217782217782218,4509.009009009009,7.15797447701183,0.18448808344501993,-8.531554105238625,1476.923076923077,-1.0,90.03434537711225,0.2217673428692065,
2023-07-31 13:43:03.412000,-8.72289156626506,-1.0240963855421688,4.120481927710844,-0.851011649294911,-8.738810545677499,4.735744941753525,3.0,0.2217782217782218,4509.009009009009,7.310646232737021,-0.36513023716566706,-9.004836547986717,1486.4468864468863,-1.0,90.03434537711225,0.22176717979752938,
2023-07-31 13:43:03.420000,-8.674698795180724,-1.0481927710843375,4.132530120481928,-0.9123237277743715,-8.711833231146535,4.721030042918454,3.0,0.2217782217782218,4509.009009009009,7.310646232737021,-0.36513023716566706,-9.004836547986717,1487.9120879120878,-1.0,90.03434537711225,0.22176701264312457,
2023-07-31 13:43:03.427000,-8.66265060240964,-1.0843373493975905,4.19277108433735,-0.956468424279583,-8.655426118945432,4.77498467198038,3.0,0.2217782217782218,4509.009009009009,8.425150049530913,-1.0063516112114685,-9.233844181574502,1483.5164835164835,-1.0,90.03434537711225,0.2217668417339291,
2023-07-31 13:43:03.435000,-8.650602409638555,-1.0843373493975905,4.228915662650603,-1.0177805027590434,-8.682403433476395,4.824034334763948,3.0,0.2217782217782218,4509.009009009009,9.234310354874426,-1.067420313501545,-10.104073189208089,1471.7948717948716,-1.0,90.03434537711225,0.2217666674137781,
2023-07-31 13:43:03.443000,-8.66265060240964,-1.0843373493975905,4.228915662650603,-0.9809932556713672,-8.630901287553648,4.826486817903127,3.0,0.2217782217782218,4509.009009009009,9.600722568614882,-0.6246722218984915,-10.516286929666105,1454.9450549450548,-1.0,90.03434537711225,0.22176649004045107,
2023-07-31 13:43:03.450000,-8.66265060240964,-1.0843373493975905,4.253012048192772,-0.9393010423053341,-8.741263028816677,4.833844267320662,3.0,0.2217782217782218,4509.009009009009,10.501485927393508,0.0012819765747909368,-11.020103723559235,1436.6300366300366,-1.0,90.03434537711225,0.2217663099836715,
2023-07-31 13:43:03.458000,-8.686746987951807,-1.0963855421686748,4.265060240963856,-0.9172286940527283,-8.68976088289393,4.838749233599018,3.0,0.2217782217782218,4509.009009009009,11.15797447701183,1.1921216712312794,-11.447584639589769,1418.3150183150183,-1.0,90.03434537711225,0.22176612748431995,
2023-07-31 13:43:03.466000,-8.66265060240964,-1.0963855421686748,4.265060240963856,-0.9932556713672593,-8.755977927651747,4.82158185162477,3.0,0.2217782217782218,4509.009009009009,11.50911951517977,2.6577705261931115,-12.073538838063051,1400.0,-1.0,90.03434537711225,0.22176594281150314,
2023-07-31 13:43:03.473000,-8.698795180722891,-1.0602409638554218,4.240963855421687,-0.9417535254445125,-8.716738197424892,4.838749233599018,3.0,0.2217782217782218,4509.009009009009,12.180875240370609,5.085251442223646,-12.989569372414197,1380.952380952381,-1.0,90.03434537711225,0.22176575638809742,
2023-07-31 13:43:03.481000,-8.74698795180723,-1.036144578313253,4.240963855421687,-0.8583690987124463,-8.758430410790925,4.757817290006131,3.0,0.2217782217782218,4509.009009009009,12.852630965561447,6.764640755200745,-13.172775479284425,1361.904761904762,-1.0,90.03434537711225,0.22176556863958555,
2023-07-31 13:43:03.488000,-8.759036144578314,-1.0120481927710845,4.168674698795181,-0.9074187614960146,-8.758430410790925,4.703862660944206,3.0,0.2217782217782218,4509.009009009009,13.173241652584348,8.03181632771983,-13.43231746401725,1342.8571428571427,-1.0,90.03434537711225,0.22176537999220197,
2023-07-31 13:43:03.496000,-8.74698795180723,-1.0240963855421688,4.1807228915662655,-0.8755364806866952,-8.800122624156959,4.772532188841201,3.0,0.2217782217782218,4509.009009009009,13.692325622049998,9.161587320086241,-14.287279296078319,1325.2747252747251,-1.0,90.03434537711225,0.22176519087110563,
2023-07-31 13:43:03.504000,-8.74698795180723,-1.0,4.132530120481928,-0.8976088289393009,-8.724095646842427,4.745554874310239,3.0,0.22133422133422131,4518.054162487462,13.967134782355341,9.726472816269448,-15.172775479284425,1306.9597069597069,-1.0,90.03434537711225,0.22176500169858693,
2023-07-31 13:43:03.511000,-8.710843373493976,-1.0120481927710845,4.120481927710844,-0.8142244022072348,-8.667688534641323,4.671980380134887,3.0,0.2217782217782218,4509.009009009009,14.135073713653052,9.879144571994638,-15.707126624322592,1293.040293040293,-1.0,90.03434537711225,0.22176481288177743,
2023-07-31 13:43:03.519000,-8.698795180722891,-1.0240963855421688,4.0843373493975905,-0.9098712446351931,-8.738810545677499,4.637645616186388,3.0,0.2217782217782218,4509.009009009009,14.16560806479809,9.848610220849599,-16.012470135772976,1280.5860805860805,-1.0,90.03434537711225,0.22176462477924783,
2023-07-31 13:43:03.527000,-8.710843373493976,-1.0481927710843375,4.120481927710844,-0.9368485591661557,-8.704475781729,4.6695278969957075,3.0,0.2217782217782218,4509.009009009009,14.012936309072899,9.650136938406852,-16.562088456383663,1274.7252747252746,-1.0,90.03434537711225,0.2217644377307054,
2023-07-31 13:43:03.534000,-8.74698795180723,-1.0481927710843375,4.0602409638554215,-0.9957081545064377,-8.71919068056407,4.654812998160637,3.0,0.2217782217782218,4509.009009009009,14.089272186935494,10.108152205582424,-17.523920517452364,1271.7948717948716,-1.0,90.03434537711225,0.22176425206560346,
2023-07-31 13:43:03.542000,-8.74698795180723,-1.0843373493975905,4.0843373493975905,-0.9638258736971183,-8.829552421827099,4.649908031882281,3.0,0.2217782217782218,4509.009009009009,13.79919585105763,10.50509877046792,-17.722393799895112,1271.062271062271,-1.0,90.03434537711225,0.22176406810129554,
2023-07-31 13:43:03.550000,-8.831325301204819,-1.1204819277108435,4.0843373493975905,-1.0521152667075413,-8.903126916002453,4.608215818516247,3.0,0.2217782217782218,4509.009009009009,13.79919585105763,10.795175106345782,-17.859798380047785,1271.062271062271,-1.0,90.03434537711225,0.22176388614129308,
2023-07-31 13:43:03.557000,-8.891566265060241,-1.144578313253012,4.048192771084338,-1.020232985898222,-8.927651747394236,4.539546290619252,3.0,0.2217782217782218,4509.009009009009,13.402249286172134,11.085251442223646,-18.54682128081114,1269.5970695970695,-1.0,90.03434537711225,0.22176370647363605,
2023-07-31 13:43:03.565000,-8.927710843373495,-1.1686746987951808,4.0120481927710845,-1.032495401594114,-9.01348865726548,4.5297363580625385,3.0,0.2217782217782218,4509.009009009009,13.14270730143931,11.222656022376317,-18.821630441116486,1268.131868131868,-1.0,90.03434537711225,0.2217635293693888,
2023-07-31 13:43:03.573000,-8.93975903614458,-1.1686746987951808,3.9759036144578315,-1.0668301655426118,-8.981606376456162,4.512568976088289,3.0,0.2217782217782218,4509.009009009009,12.699959209836257,11.66540411397937,-19.75292815104015,1264.4688644688645,-1.0,90.03434537711225,0.22176335508126926,
2023-07-31 13:43:03.580000,-8.903614457831326,-1.2048192771084338,3.951807228915663,-1.0692826486817903,-8.925199264255058,4.475781729000613,3.0,0.2217782217782218,4509.009009009009,12.272478293805722,11.192121671231279,-19.981935784627936,1260.07326007326,-1.0,90.03434537711225,0.22176318384242125,
2023-07-31 13:43:03.588000,-8.891566265060241,-1.2530120481927711,3.9036144578313254,-1.0692826486817903,-8.917841814837523,4.5297363580625385,3.0,0.2217782217782218,4509.009009009009,11.631256919759922,11.314259075811432,-20.195676242643202,1254.9450549450548,-1.0,90.03434537711225,0.2217630158653384,
2023-07-31 13:43:03.596000,-8.783132530120483,-1.3012048192771084,3.8674698795180724,-1.1747394236664623,-8.809932556713672,4.468424279583077,3.0,0.2217782217782218,4509.009009009009,12.058737835790456,10.642503350620592,-20.45521822737603,1247.6190476190475,-1.0,90.03434537711225,0.22176285134094406,
2023-07-31 13:43:03.603000,-8.674698795180724,-1.3614457831325302,3.91566265060241,-1.179644389944819,-8.73635806253832,4.389944819129369,3.0,0.2217782217782218,4509.009009009009,12.623623331973661,10.947846862070973,-19.76819532661267,1241.7582417582416,-1.0,90.03434537711225,0.22176269043783609,
2023-07-31 13:43:03.611000,-8.63855421686747,-1.3975903614457832,3.891566265060241,-1.2875536480686696,-8.694665849172287,4.438994481912936,3.0,0.2217782217782218,4509.009009009009,12.47095157624847,12.199755259017538,-19.26437853271954,1238.095238095238,-1.0,90.03434537711225,0.2217625333016989,
2023-07-31 13:43:03.619000,-8.590361445783133,-1.457831325301205,3.855421686746988,-1.3488657265481299,-8.58185162477008,4.404659717964439,3.0,0.2217782217782218,4509.009009009009,12.623623331973661,14.03181632771983,-19.310180059437098,1235.164835164835,-1.0,90.03434537711225,0.22176238005488694,
2023-07-31 13:43:03.626000,-8.63855421686747,-1.5180722891566265,3.855421686746988,-1.4862047823421214,-8.709380748007357,4.380134886572654,3.0,0.2217782217782218,4509.009009009009,12.654157683118699,15.069984266651126,-18.791096089971447,1232.967032967033,-1.0,90.03434537711225,0.22176223079618232,
2023-07-31 13:43:03.634000,-8.674698795180724,-1.5421686746987953,3.891566265060241,-1.4126302881667687,-8.721643163703249,4.443899448191293,3.0,0.2217782217782218,4509.009009009009,12.852630965561447,14.291358312452653,-18.531554105238623,1232.2344322344322,-1.0,90.03434537711225,0.22176208560072785,
2023-07-31 13:43:03.642000,-8.74698795180723,-1.5903614457831325,3.8674698795180724,-1.4567749846719804,-8.782955242182709,4.421827099938688,3.0,0.2217782217782218,4509.009009009009,12.379348522813357,14.779907930773264,-18.73002738768137,1232.967032967033,-1.0,90.03434537711225,0.22176194452013362,
2023-07-31 13:43:03.649000,-8.783132530120483,-1.63855421686747,3.843373493975904,-1.567136725935009,-8.785407725321887,4.43408951563458,3.0,0.2217782217782218,4509.009009009009,12.776295087698852,14.932579686498455,-18.638424334246256,1233.6996336996335,-1.0,90.03434537711225,0.2217618075827597,
2023-07-31 13:43:03.657000,-8.783132530120483,-1.6987951807228916,3.855421686746988,-1.5818516247700796,-8.773145309625995,4.365419987737584,3.0,0.22133422133422131,4518.054162487462,12.547287454111066,14.444030068177844,-20.73002738768137,1232.2344322344322,-1.0,90.03434537711225,0.22176167479416817,
2023-07-31 13:43:03.665000,-8.759036144578314,-1.746987951807229,3.7951807228915664,-1.677498467198038,-8.790312691600246,4.392397302268547,3.0,0.2217782217782218,4509.009009009009,12.409882873958395,14.627236175048072,-20.149874715925648,1232.2344322344322,-1.0,90.03434537711225,0.22176154598845071,
2023-07-31 13:43:03.672000,-8.734939759036145,-1.7349397590361446,3.807228915662651,-1.5843041079092581,-8.839362354383812,4.348252605763335,3.0,0.2217782217782218,4509.009009009009,11.997669133500379,15.451663655964103,-19.325447235009616,1235.8974358974358,-1.0,90.03434537711225,0.22176142095643148,
2023-07-31 13:43:03.680000,-8.795180722891567,-1.7710843373493976,3.8192771084337354,-1.6971183323114654,-8.802575107296137,4.367872470876763,3.0,0.2217782217782218,4509.009009009009,12.30301264495076,15.634869762834333,-19.188042654856943,1249.8168498168498,-1.0,90.03434537711225,0.22176129960554608,
2023-07-31 13:43:03.688000,-8.843373493975903,-1.8433734939759037,3.843373493975904,-1.702023298589822,-8.881054567749846,4.370324954015941,3.0,0.2217782217782218,4509.009009009009,11.79919585105763,16.291358312452655,-19.096439601421828,1273.260073260073,-1.0,90.03434537711225,0.22176118182200172,
2023-07-31 13:43:03.695000,-8.903614457831326,-1.8554216867469882,3.8192771084337354,-1.8099325567136726,-8.944819129368485,4.343347639484978,3.0,0.2217782217782218,4509.009009009009,11.79919585105763,16.291358312452655,-19.096439601421828,1309.89010989011,-1.0,90.03434537711225,0.22176106747183735,
2023-07-31 13:43:03.703000,-8.951807228915664,-1.9036144578313254,3.807228915662651,-1.7927651747394235,-8.932556713672593,4.348252605763335,3.0,0.2217782217782218,4509.009009009009,11.280111881591983,17.069984266651126,-19.249111357147022,1361.1721611721612,-1.0,90.03434537711225,0.22176095640212962,
2023-07-31 13:43:03.711000,-8.963855421686748,-1.927710843373494,3.879518072289157,-1.858982219497241,-8.927651747394236,4.375229920294298,3.0,0.2217782217782218,4509.009009009009,11.386982110599616,16.70357205291067,-18.74529456325389,1424.1758241758241,-1.0,90.03434537711225,0.2217608484423377,
2023-07-31 13:43:03.718000,-8.91566265060241,-1.963855421686747,3.843373493975904,-1.8467198038013488,-8.866339668914776,4.367872470876763,3.0,0.2217782217782218,4509.009009009009,11.066371423576715,16.718839228483187,-19.478118990734806,1498.9010989010987,-1.0,90.03434537711225,0.22176074340577603,
2023-07-31 13:43:03.726000,-8.855421686746988,-1.9759036144578315,3.771084337349398,-1.8687921520539545,-8.900674432863273,4.335990190067443,3.0,0.2217782217782218,4509.009009009009,10.761027912126334,16.19975525901754,-19.56972204416992,1583.8827838827838,-1.0,90.03434537711225,0.22176064109120922,
2023-07-31 13:43:03.734000,-8.795180722891567,-2.0120481927710845,3.734939759036145,-1.8859595340282034,-8.78050275904353,4.296750459840588,3.0,0.2217782217782218,4509.009009009009,10.364081347240838,15.482198007109142,-19.75292815104015,1673.260073260073,-1.0,90.03434537711225,0.22176054128455527,
2023-07-31 13:43:03.741000,-8.710843373493976,-2.036144578313253,3.7228915662650603,-1.9006744328632739,-8.709380748007357,4.24770079705702,3.0,0.2217782217782218,4509.009009009009,10.028203484645418,14.566167472757996,-19.92086708233786,1764.102564102564,-1.0,90.03434537711225,0.22176044376069018,
2023-07-31 13:43:03.749000,-8.63855421686747,-2.036144578313253,3.6746987951807233,-1.959534028203556,-8.667688534641323,4.176578786020846,3.0,0.2217782217782218,4509.009009009009,9.677058446477478,14.230289610162577,-20.149874715925648,1850.5494505494505,-1.0,90.03434537711225,0.22176034828533822,
2023-07-31 13:43:03.757000,-8.626506024096386,-2.072289156626506,3.6506024096385543,-1.9619865113427344,-8.65787860208461,4.2109135499693435,3.0,0.2217782217782218,4509.009009009009,9.66179127090496,13.741739991841966,-20.25674494493328,1931.135531135531,-1.0,90.03434537711225,0.22176025461703916,
2023-07-31 13:43:03.764000,-8.63855421686747,-2.108433734939759,3.6144578313253013,-2.0232985898221947,-8.638258736971183,4.255058246474555,3.0,0.2217782217782218,4509.009009009009,9.600722568614882,13.283724724666394,-20.638424334246256,2002.197802197802,-1.0,90.03434537711225,0.2217601625091788,
2023-07-31 13:43:03.772000,-8.614457831325302,-2.132530120481928,3.6385542168674703,-2.011036174126303,-8.687308399754752,4.1741263028816675,3.0,0.2217782217782218,4509.009009009009,9.692325622049998,13.039449915506088,-20.653691509818778,2061.5384615384614,-1.0,90.03434537711225,0.22176007171206794,
2023-07-31 13:43:03.780000,-8.63855421686747,-2.144578313253012,3.6506024096385543,-2.069895769466585,-8.625996321275291,4.2256284488044145,3.0,0.2217782217782218,4509.009009009009,9.615989744187402,13.253190373521356,-19.9514014334829,2104.029304029304,-1.0,90.03434537711225,0.2217599819750602,
2023-07-31 13:43:03.787000,-8.66265060240964,-2.132530120481928,3.6506024096385543,-2.038013488657265,-8.733905579399142,4.242795830778663,3.0,0.2217782217782218,4509.009009009009,10.16560806479809,13.573801060544255,-20.180409067070684,2124.5421245421244,-1.0,90.03434537711225,0.22175989304869076,
2023-07-31 13:43:03.795000,-8.698795180722891,-2.1566265060240966,3.6024096385542173,-2.128755364806867,-8.775597792765174,4.164316370324954,3.0,0.2217782217782218,4509.009009009009,10.180875240370609,13.451663655964103,-20.04300448691801,2130.4029304029305,-1.0,90.03434537711225,0.22175980468682494,
2023-07-31 13:43:03.803000,-8.771084337349398,-2.168674698795181,3.6024096385542173,-2.047823421213979,-8.84181483752299,4.1446965052115265,3.0,0.2217782217782218,4509.009009009009,10.776295087698852,13.66540411397937,-19.523920517452364,2122.3443223443223,-1.0,90.03434537711225,0.22175971664880254,
2023-07-31 13:43:03.810000,-8.795180722891567,-2.144578313253012,3.5783132530120483,-2.1017780502759043,-8.79767014101778,4.088289393010423,3.0,0.22133422133422131,4518.054162487462,10.669424858691219,13.695938465124408,-19.08117242584931,2102.5641025641025,-1.0,90.03434537711225,0.2217596287015616,
2023-07-31 13:43:03.818000,-8.795180722891567,-2.144578313253012,3.530120481927711,-2.0919681177191904,-8.824647455548742,4.085836909871245,3.0,0.2217782217782218,4509.009009009009,10.745760736553814,13.543266709399218,-19.157508303711907,2071.7948717948716,-1.0,90.03434537711225,0.22175954061118658,
2023-07-31 13:43:03.826000,-8.783132530120483,-2.1204819277108435,3.4819277108433737,-2.006131207847946,-8.785407725321887,4.01471489883507,3.0,0.2217782217782218,4509.009009009009,10.928966843424044,14.03181632771983,-19.172775479284425,2029.3040293040292,-1.0,90.03434537711225,0.2217594521132427,
2023-07-31 13:43:03.833000,-8.819277108433736,-2.096385542168675,3.4819277108433737,-2.0257510729613735,-8.805027590435316,4.06131207847946,3.0,0.2217782217782218,4509.009009009009,10.577821805256104,14.795175106345782,-18.653691509818778,1979.4871794871794,-1.0,90.03434537711225,0.22175936294608503,
2023-07-31 13:43:03.841000,-8.807228915662652,-2.072289156626506,3.5180722891566267,-2.011036174126303,-8.817290006131207,4.0,3.0,0.2217782217782218,4509.009009009009,10.638890507546181,15.757007167414486,-18.684225860963814,1926.7399267399267,-1.0,90.03434537711225,0.221759272862934,
2023-07-31 13:43:03.849000,-8.855421686746988,-2.0481927710843375,3.493975903614458,-1.9619865113427344,-8.903126916002453,3.9926425505824645,3.0,0.2217782217782218,4509.009009009009,9.753394324340075,16.031816327719827,-18.45521822737603,1877.6556776556774,-1.0,90.03434537711225,0.22175918163332803,
2023-07-31 13:43:03.856000,-8.91566265060241,-2.0,3.5180722891566267,-1.8565297363580624,-8.996321275291232,4.0,3.0,0.2217782217782218,4509.009009009009,9.051104248004195,15.726472816269446,-18.287279296078317,1832.234432234432,-1.0,90.03434537711225,0.22175908904449287,
2023-07-31 13:43:03.864000,-8.93975903614458,-1.9518072289156627,3.493975903614458,-1.8614347026364193,-8.993868792152053,4.002452483139178,3.0,0.2217782217782218,4509.009009009009,8.3335469960958,15.100518617796164,-18.45521822737603,1790.4761904761904,-1.0,90.03434537711225,0.22175899490261955,
2023-07-31 13:43:03.871000,-8.963855421686748,-1.9036144578313254,3.4698795180722892,-1.8172900061312078,-8.964438994481913,3.9705702023298586,3.0,0.2217782217782218,4509.009009009009,7.1427073014393105,13.894411747567156,-18.882699143406562,1754.5787545787546,-1.0,90.03434537711225,0.22175889903404286,
2023-07-31 13:43:03.879000,-8.93975903614458,-1.8554216867469882,3.433734939759036,-1.6873083997547516,-8.96934396076027,3.995095033721643,3.0,0.2217782217782218,4509.009009009009,6.1350737136530515,12.779907930773264,-18.30254647165084,1724.5421245421244,-1.0,90.03434537711225,0.2217588012863167,
2023-07-31 13:43:03.887000,-8.91566265060241,-1.7951807228915664,3.4096385542168677,-1.7118332311465358,-8.974248927038627,3.9288779889638255,3.0,0.2217782217782218,4509.009009009009,4.883165316706487,11.589068236116775,-18.76056173882641,1702.5641025641025,-1.0,90.03434537711225,0.22175870152917798,
2023-07-31 13:43:03.894000,-8.91566265060241,-1.7590361445783134,3.385542168674699,-1.6750459840588594,-8.920294297976701,3.8871857755977928,3.0,0.2217782217782218,4509.009009009009,3.8907989044927462,11.024182739933568,-18.11934036478061,1684.249084249084,-1.0,90.03434537711225,0.22175859965539807,
2023-07-31 13:43:03.902000,-8.903614457831326,-1.7349397590361446,3.3373493975903616,-1.5843041079092581,-8.949724095646841,3.8577559779276513,3.0,0.2217782217782218,4509.009009009009,3.32591340830954,10.779907930773264,-17.661325097605037,1665.201465201465,-1.0,90.03434537711225,0.22175849558151173,
2023-07-31 13:43:03.910000,-8.91566265060241,-1.7228915662650603,3.36144578313253,-1.5499693439607602,-8.90803188228081,3.8700183936235435,3.0,0.2217782217782218,4509.009009009009,2.425150049530914,10.764640755200745,-17.58498921974244,1647.6190476190475,-1.0,90.03434537711225,0.22175838924842592,
2023-07-31 13:43:03.917000,-8.975903614457831,-1.6867469879518073,3.4096385542168677,-1.554874310239117,-9.006131207847945,3.9411404046597176,3.0,0.2217782217782218,4509.009009009009,1.9366004312103033,10.367694190315248,-17.310180059437098,1629.3040293040292,666.412353515625,90.03434537711225,0.22175828062190212,
2023-07-31 13:43:03.925000,-9.048192771084338,-1.6987951807228916,3.421686746987952,-1.567136725935009,-9.074800735744942,3.960760269773145,3.0,0.2217782217782218,4509.009009009009,1.3717149350270974,10.1692209078725,-17.981935784627936,1610.2564102564102,-1.0,90.03434537711225,0.22175816969290998,
2023-07-31 13:43:03.933000,-9.120481927710843,-1.674698795180723,3.4698795180722892,-1.5892090741876148,-9.190067443286328,4.004904966278357,3.0,0.2217782217782218,4509.009009009009,1.2190431793019065,9.68067128955189,-18.134607540353127,1591.2087912087911,-1.0,90.03434537711225,0.22175805647785315,
2023-07-31 13:43:03.940000,-9.19277108433735,-1.674698795180723,3.433734939759036,-1.513182096873084,-9.253832004904966,4.01471489883507,3.0,0.2217782217782218,4509.009009009009,1.7228599731950363,9.36006060252899,-17.966668609055418,1570.6959706959706,-1.0,90.03434537711225,0.2217579410186633,
2023-07-31 13:43:03.948000,-9.253012048192772,-1.63855421686747,3.433734939759036,-1.5303494788473329,-9.26364193746168,4.034334763948498,3.0,0.2217782217782218,4509.009009009009,1.9824019579278607,8.581434648330516,-18.76056173882641,1553.113553113553,-1.0,90.03434537711225,0.2217578233827651,
2023-07-31 13:43:03.956000,-9.289156626506024,-1.6626506024096386,3.421686746987952,-1.5818516247700796,-9.33966891477621,3.9435928877988964,3.0,0.2217782217782218,4509.009009009009,2.5320202785385475,8.276091136880135,-19.172775479284425,1539.9267399267399,-1.0,90.03434537711225,0.22175770366291198,
2023-07-31 13:43:03.963000,-9.289156626506024,-1.6987951807228916,3.3373493975903616,-1.64316370324954,-9.280809319435928,3.86020846106683,3.0,0.22133422133422131,4518.054162487462,3.341180583882059,8.85624380863586,-19.75292815104015,1530.4029304029302,-1.0,90.03434537711225,0.22175758197689227,
2023-07-31 13:43:03.971000,-9.216867469879519,-1.8072289156626506,3.204819277108434,-1.731453096259963,-9.307786633966892,3.7596566523605146,3.0,0.2217782217782218,4509.009009009009,3.341180583882059,8.85624380863586,-19.75292815104015,1527.4725274725274,-1.0,90.03434537711225,0.22175745845656664,
2023-07-31 13:43:03.979000,-9.132530120481928,-1.8554216867469882,3.168674698795181,-1.7731453096259961,-9.104230533415082,3.6296750459840585,3.0,0.2217782217782218,4509.009009009009,3.478585164034731,9.192121671231279,-19.813996853330227,1531.135531135531,-1.0,90.03434537711225,0.22175733321561464,
2023-07-31 13:43:03.986000,-9.0,-2.0,3.096385542168675,-1.9521765787860208,-9.01594114040466,3.6296750459840585,3.0,0.2217782217782218,4509.009009009009,4.883165316706487,10.33715983917021,-20.42468387623099,1539.9267399267399,-1.0,90.03434537711225,0.2217572063801969,
2023-07-31 13:43:03.994000,-8.891566265060241,-2.132530120481928,3.096385542168675,-2.1336603310852236,-8.912936848559166,3.5708154506437766,3.0,0.2217782217782218,4509.009009009009,4.883165316706487,12.33715983917021,-20.30254647165084,1552.3809523809523,-1.0,90.03434537711225,0.22175707809833997,
2023-07-31 13:43:04.002000,-8.819277108433736,-2.313253012048193,3.108433734939759,-2.3274064990803187,-8.770692826486817,3.6468424279583074,3.0,0.2217782217782218,4509.009009009009,4.898432492279006,14.00128197657479,-20.317813647223357,1568.4981684981683,-1.0,90.03434537711225,0.22175694853867434,
2023-07-31 13:43:04.009000,-8.74698795180723,-2.4698795180722892,3.168674698795181,-2.423053341508277,-8.768240343347639,3.7400367872470874,3.0,0.2217782217782218,4509.009009009009,5.341180583882059,16.291358312452655,-20.058271662490533,1591.2087912087911,-1.0,90.03434537711225,0.2217568178890807,
2023-07-31 13:43:04.017000,-8.698795180722891,-2.626506024096386,3.204819277108434,-2.6266094420600856,-8.76578786020846,3.747394236664623,3.0,0.2217782217782218,4509.009009009009,5.417516461744654,17.711205640696928,-19.676592273177555,1619.047619047619,-1.0,90.03434537711225,0.22175668635525375,
2023-07-31 13:43:04.025000,-8.710843373493976,-2.783132530120482,3.216867469879518,-2.8179031269160024,-8.711833231146535,3.8332311465358675,3.0,0.22222222222222224,4500.0,5.188508828156868,17.726472816269446,-20.134607540353127,1649.8168498168498,-1.0,90.03434537711225,0.221756554159195,
2023-07-31 13:43:04.032000,-8.686746987951807,-2.91566265060241,3.325301204819277,-2.893930104230533,-8.586756591048436,3.8822808093194356,3.0,0.22222222222222224,4500.0,5.570188217469846,17.1310529689412,-19.966668609055418,1681.3186813186812,-1.0,90.03434537711225,0.22175642168693818,
2023-07-31 13:43:04.040000,-8.578313253012048,-2.9759036144578315,3.3012048192771086,-2.920907418761496,-8.542611894543224,3.7988963825873694,3.0,0.22222222222222224,4500.0,6.074005011362975,15.222656022376317,-20.76056173882641,1712.8205128205127,-1.0,90.03434537711225,0.22175628950880716,
2023-07-31 13:43:04.048000,-8.457831325301205,-3.072289156626506,3.349397590361446,-3.0876762722256283,-8.451870018393624,3.9411404046597176,3.0,0.22222222222222224,4500.0,5.524386690752288,11.818075869704561,-21.554454868597404,1739.194139194139,-1.0,90.03434537711225,0.22175615824069805,
2023-07-31 13:43:04.055000,-8.3855421686747,-3.180722891566265,3.349397590361446,-3.2103004291845494,-8.34886572654813,3.8994481912936845,3.0,0.22222222222222224,4500.0,4.974768370141601,10.291358312452653,-21.371248761727173,1758.974358974359,-1.0,90.03434537711225,0.22175602854426565,
2023-07-31 13:43:04.063000,-8.289156626506024,-3.349397590361446,3.385542168674699,-3.3059472716125073,-8.263028816676885,3.9632127529123236,3.0,0.22222222222222224,4500.0,5.096905774721754,9.131052968941203,-21.630790746459997,1768.4981684981683,-1.0,90.03434537711225,0.22175590098852166,
2023-07-31 13:43:04.071000,-8.19277108433735,-3.385542168674699,3.4457831325301207,-3.325567136725935,-8.172286940527284,4.022072348252606,3.0,0.22222222222222224,4500.0,4.394615698385876,10.092885030009905,-20.39414952508595,1767.032967032967,-1.0,90.03434537711225,0.22175577620946912,
2023-07-31 13:43:04.078000,-8.108433734939759,-3.349397590361446,3.4819277108433737,-3.2593500919681175,-8.074187614960147,4.049049662783568,3.0,0.22222222222222224,4500.0,4.715226385408776,10.825709457490822,-20.45521822737603,1754.5787545787546,-1.0,90.03434537711225,0.22175565503837746,
2023-07-31 13:43:04.086000,-8.096385542168676,-3.385542168674699,3.5060240963855422,-3.3476394849785405,-8.137952176578786,4.017167381974248,3.0,0.22222222222222224,4500.0,4.1350737136530515,11.604335411689295,-19.58498921974244,1733.3333333333333,-1.0,90.03434537711225,0.22175553821475022,
2023-07-31 13:43:04.094000,-8.084337349397591,-3.4698795180722892,3.4819277108433737,-3.4776210913549965,-8.120784794604537,4.041692213366033,3.0,0.22222222222222224,4500.0,3.6770584464774787,12.871510984208378,-18.60788998310122,1705.4945054945053,-1.0,90.03434537711225,0.2217554265466088,
2023-07-31 13:43:04.101000,-8.084337349397591,-3.5783132530120483,3.493975903614458,-3.497240956468424,-8.09871244635193,4.056407112201104,3.0,0.22222222222222224,4500.0,3.4175164617446545,14.764640755200745,-17.478118990734806,1674.7252747252746,-1.0,90.03434537711225,0.221755321039392,
2023-07-31 13:43:04.109000,-8.144578313253012,-3.4819277108433737,3.457831325301205,-3.4530962599632127,-8.147762109135499,3.9337829552421826,3.0,0.22222222222222224,4500.0,3.3717149350270974,16.67303770176563,-16.699493036536335,1641.7582417582416,-1.0,90.03434537711225,0.22175522274826426,
2023-07-31 13:43:04.117000,-8.204819277108435,-3.4819277108433737,3.36144578313253,-3.435928877988964,-8.236051502145923,3.838136112814224,3.0,0.2217782217782218,4509.009009009009,2.8373637899889292,17.573801060544255,-16.058271662490533,1606.5934065934066,-1.0,90.03434537711225,0.2217551327798192,
2023-07-31 13:43:04.124000,-8.301204819277109,-3.530120481927711,3.289156626506024,-3.507050889025138,-8.321888412017167,3.8503985285101163,3.0,0.22222222222222224,4500.0,1.310646232737021,18.4898315948954,-14.623157158673738,1573.6263736263736,-1.0,90.03434537711225,0.22175505228331888,
2023-07-31 13:43:04.132000,-8.361445783132531,-3.5542168674698797,3.2650602409638556,-3.5291232372777435,-8.319435928877988,3.754751686082158,3.0,0.22222222222222224,4500.0,0.5472874541110668,20.01654915214731,-14.348347998368395,1542.1245421245421,-1.0,90.03434537711225,0.22175498242082575,
2023-07-31 13:43:04.140000,-8.409638554216867,-3.5783132530120483,3.144578313253012,-3.578172900061312,-8.530349478847333,3.6689147762109133,3.0,0.22222222222222224,4500.0,-0.9794301031408416,21.100518617796165,-13.401783112872211,1509.1575091575091,-1.0,90.03434537711225,0.22175492440040337,
2023-07-31 13:43:04.147000,-8.506024096385543,-3.5542168674698797,3.1204819277108435,-3.5217657878602084,-8.552421827099938,3.6125076640098097,3.0,0.22222222222222224,4500.0,-1.605384301614124,21.192121671231277,-12.012470135772976,1478.3882783882782,-1.0,90.03434537711225,0.22175487948816477,
2023-07-31 13:43:04.155000,-8.578313253012048,-3.493975903614458,3.096385542168675,-3.4163090128755362,-8.665236051502145,3.5830778663396687,3.0,0.22222222222222224,4500.0,-2.2008041489423684,20.4898315948954,-11.218577006001983,1453.4798534798533,-1.0,90.03434537711225,0.22175484900976625,
2023-07-31 13:43:04.163000,-8.566265060240964,-3.397590361445783,3.024096385542169,-3.3280196198651133,-8.522992029429798,3.4874310239117103,3.0,0.22222222222222224,4500.0,-3.0252316298583986,17.98601480100227,-10.485752578521067,1432.9670329670328,-1.0,90.03434537711225,0.2217548343518681,
2023-07-31 13:43:04.170000,-8.518072289156628,-3.385542168674699,2.9397590361445785,-3.325567136725935,-8.491109748620477,3.4163090128755362,3.0,0.2217782217782218,4509.009009009009,-3.987063690927101,15.924946098712194,-9.997202960200456,1416.117216117216,-1.0,90.03434537711225,0.22175483696353818,
2023-07-31 13:43:04.178000,-8.46987951807229,-3.385542168674699,2.91566265060241,-3.3574494175352543,-8.481299816063764,3.4481912936848556,3.0,0.2217782217782218,4509.009009009009,-5.055765981003437,14.291358312452653,-9.401783112872211,1402.197802197802,-1.0,90.03434537711225,0.22175485820827773,
2023-07-31 13:43:04.186000,-8.373493975903616,-3.4096385542168677,2.9036144578313254,-3.4064990803188224,-8.449417535254444,3.396689147762109,3.0,0.22222222222222224,4500.0,-6.32294155352252,14.35242701474273,-7.829264028902746,1391.9413919413919,-1.0,90.03434537711225,0.22175489934335485,
2023-07-31 13:43:04.193000,-8.3855421686747,-3.4096385542168677,2.891566265060241,-3.325567136725935,-8.432250153280195,3.413856529736358,3.0,0.2217782217782218,4509.009009009009,-6.99469727871336,13.741739991841966,-6.149874715925646,1383.8827838827838,-1.0,90.03434537711225,0.2217549618072341,
2023-07-31 13:43:04.201000,-8.421686746987952,-3.36144578313253,2.879518072289157,-3.291232372777437,-8.466584917228694,3.362354383813611,3.0,0.22222222222222224,4500.0,-7.376376668026338,12.50509877046792,-4.6842258609638145,1376.5567765567764,-1.0,90.03434537711225,0.2217550470911959,
2023-07-31 13:43:04.209000,-8.481927710843374,-3.3012048192771086,2.843373493975904,-3.2985898221949723,-8.513182096873084,3.3402820355610054,3.0,0.2217782217782218,4509.009009009009,-8.689353767262979,10.627236175048074,-3.4781189907348065,1369.9633699633698,-1.0,90.03434537711225,0.22175515672836393,
2023-07-31 13:43:04.216000,-8.566265060240964,-3.27710843373494,2.8313253012048194,-3.227467811158798,-8.699570815450643,3.3770692826486814,3.0,0.22222222222222224,4500.0,-9.544315599324047,8.581434648330516,-3.157508303711906,1364.102564102564,-1.0,90.03434537711225,0.22175529230351,
2023-07-31 13:43:04.224000,-8.626506024096386,-3.240963855421687,2.855421686746988,-3.261802575107296,-8.682403433476395,3.345187001839362,3.0,0.22222222222222224,4500.0,-10.261872851232445,6.108152205582424,-2.134607540353127,1356.7765567765566,-1.0,90.03434537711225,0.22175545544147937,
2023-07-31 13:43:04.231000,-8.686746987951807,-3.216867469879518,2.855421686746988,-3.1293684855916615,-8.76578786020846,3.4064990803188224,3.0,0.22222222222222224,4500.0,-11.00996445428588,3.5738010605442563,-1.523920517452364,1350.18315018315,-1.0,90.03434537711225,0.22175564796565284,
2023-07-31 13:43:04.239000,-8.74698795180723,-3.180722891566265,2.855421686746988,-3.0901287553648067,-8.792765174739424,3.408951563458001,3.0,0.2217782217782218,4509.009009009009,-11.635918652759162,1.4516636559641038,-0.9437678456966387,1345.054945054945,-1.0,90.03434537711225,0.22175587175828596,
2023-07-31 13:43:04.247000,-8.74698795180723,-3.1566265060240966,2.8674698795180724,-3.092581238503985,-8.773145309625995,3.413856529736358,3.0,0.22222222222222224,4500.0,-11.635918652759162,1.4516636559641038,-0.9437678456966387,1337.7289377289376,-1.0,90.03434537711225,0.221756128610043,
2023-07-31 13:43:04.254000,-8.759036144578314,-3.1566265060240966,2.8313253012048194,-3.114653586756591,-8.785407725321887,3.33292458614347,3.0,0.2217782217782218,4509.009009009009,-12.30767437795,-0.731542450906125,-0.40941670065847086,1331.135531135531,-1.0,90.03434537711225,0.221756420345968,
2023-07-31 13:43:04.262000,-8.771084337349398,-3.144578313253012,2.855421686746988,-3.097486204782342,-8.792765174739424,3.337829552421827,3.0,0.2217782217782218,4509.009009009009,-12.964162927568323,-2.304061534875591,-0.40941670065847086,1326.007326007326,-1.0,90.03434537711225,0.22175674883339308,
2023-07-31 13:43:04.270000,-8.783132530120483,-3.1204819277108435,2.807228915662651,-3.080318822808093,-8.790312691600246,3.337829552421827,3.0,0.2217782217782218,4509.009009009009,-12.99469727871336,-3.082687489074064,0.33867490239496423,1317.9487179487178,-1.0,90.03434537711225,0.22175711581909183,
2023-07-31 13:43:04.277000,-8.771084337349398,-3.096385542168675,2.7590361445783134,-3.072961373390558,-8.755977927651747,3.33292458614347,3.0,0.2217782217782218,4509.009009009009,-13.422178194743895,-4.013985198997728,0.6898199405629032,1309.1575091575091,-1.0,90.03434537711225,0.22175752320256586,
2023-07-31 13:43:04.285000,-8.771084337349398,-3.096385542168675,2.746987951807229,-3.08522378908645,-8.795217657878602,3.28632740649908,3.0,0.2217782217782218,4509.009009009009,-13.361109492453819,-4.029252374570247,0.6745527649903841,1301.098901098901,-1.0,90.03434537711225,0.2217579728722088,
2023-07-31 13:43:04.293000,-8.783132530120483,-3.108433734939759,2.7228915662650603,-3.102391171060699,-8.73635806253832,3.2176578786020844,3.0,0.2217782217782218,4509.009009009009,-13.727521706194276,-4.059786725715285,0.9798962764407657,1292.3076923076922,-1.0,90.03434537711225,0.22175846657249398,
2023-07-31 13:43:04.300000,-8.783132530120483,-3.144578313253012,2.698795180722892,-3.0827713059472717,-8.800122624156959,3.2348252605763332,3.0,0.22222222222222224,4500.0,-13.773323232911833,-4.013985198997728,0.9951634520132848,1285.7142857142856,-1.0,90.03434537711225,0.22175900604738766,
2023-07-31 13:43:04.308000,-8.783132530120483,-3.1566265060240966,2.662650602409639,-3.1122011036174126,-8.809932556713672,3.2593500919681175,3.0,0.22222222222222224,4500.0,-13.803857584056871,-3.281160771516812,1.5447817726239719,1279.120879120879,-1.0,90.03434537711225,0.22175959318328928,
2023-07-31 13:43:04.316000,-8.771084337349398,-3.132530120481928,2.63855421686747,-3.0361741263028814,-8.785407725321887,3.163703249540159,3.0,0.2217782217782218,4509.009009009009,-13.300040790163742,-2.533069168463377,1.6516520016316054,1274.7252747252746,-1.0,90.03434537711225,0.2217602300240974,
2023-07-31 13:43:04.323000,-8.734939759036145,-3.1204819277108435,2.5542168674698797,-3.0705088902513795,-8.753525444512569,3.1072961373390555,3.0,0.2217782217782218,4509.009009009009,-13.116834683293513,-1.6933745119748274,1.926461161936949,1269.5970695970695,-1.0,90.03434537711225,0.22176091847761162,
2023-07-31 13:43:04.331000,-8.771084337349398,-3.108433734939759,2.5301204819277108,-3.0778663396689145,-8.716738197424892,3.1122011036174126,3.0,0.22222222222222224,4500.0,-12.689353767262979,-0.8689470310587968,1.6821863527766436,1268.131868131868,-1.0,90.03434537711225,0.22176166028787517,
2023-07-31 13:43:04.339000,-8.795180722891567,-3.096385542168675,2.5060240963855422,-2.9969343960760266,-8.753525444512569,3.050889025137952,3.0,0.2217782217782218,4509.009009009009,-12.399277431385116,-0.10558825243284264,1.7279878794942007,1271.062271062271,-1.0,90.03434537711225,0.2217624573155464,
2023-07-31 13:43:04.346000,-8.843373493975903,-3.060240963855422,2.4698795180722892,-3.0656039239730224,-8.881054567749846,3.0950337216431634,3.0,0.2217782217782218,4509.009009009009,-11.956529339782062,0.7341064040557069,1.6516520016316054,1280.5860805860805,-1.0,90.03434537711225,0.22176331140244032,
2023-07-31 13:43:04.354000,-8.927710843373495,-3.0120481927710845,2.5180722891566267,-2.974862047823421,-8.961986511342735,3.0386266094420598,3.0,0.2217782217782218,4509.009009009009,-11.910727813064506,1.7570071674144856,2.0791329176621396,1300.3663003663003,-1.0,90.03434537711225,0.22176422420421582,
2023-07-31 13:43:04.362000,-9.060240963855422,-3.0,2.5783132530120483,-2.8963825873697115,-9.126302881667687,3.1538933169834458,3.0,0.2217782217782218,4509.009009009009,-11.040498805430918,2.2302896101625773,2.3997436046850407,1332.6007326007325,-1.0,90.03434537711225,0.2217651973206324,
2023-07-31 13:43:04.369000,-9.216867469879519,-3.0,2.6144578313253013,-2.9282648681790313,-9.197424892703863,3.1587982832618025,3.0,0.2217782217782218,4509.009009009009,-10.857292698560688,2.1386865567274627,2.5524153604102313,1379.4871794871794,-1.0,90.03434537711225,0.22176623228678716,
2023-07-31 13:43:04.377000,-9.349397590361447,-2.987951807228916,2.63855421686747,-2.9552421827099935,-9.32495401594114,3.1710606989576946,3.0,0.2217782217782218,4509.009009009009,-10.33820872909504,0.7035720529106688,2.0180642153720636,1441.7582417582416,-1.0,90.03434537711225,0.22176733056412015,
2023-07-31 13:43:04.385000,-9.3855421686747,-2.987951807228916,2.63855421686747,-2.9478847332924585,-9.403433476394849,3.1906805640711218,3.0,0.2217782217782218,4509.009009009009,-10.109201095507254,-0.7926111531962013,0.7203542917079413,1516.4835164835163,-1.0,90.03434537711225,0.22176849353123024,
2023-07-31 13:43:04.392000,-9.349397590361447,-2.987951807228916,2.63855421686747,-2.9773145309625995,-9.349478847332923,3.2176578786020844,3.0,0.2217782217782218,4509.009009009009,-9.620651477186643,-1.6933745119748274,-0.6994930365363334,1599.2673992673992,-1.0,90.03434537711225,0.22176972247454682,
2023-07-31 13:43:04.400000,-9.289156626506024,-3.0120481927710845,2.6867469879518073,-2.9086450030656037,-9.312691600245248,3.2053954629061923,3.0,0.2217782217782218,4509.009009009009,-8.33820872909504,-1.7849775654099418,-2.1040731892080893,1687.179487179487,-1.0,90.03434537711225,0.2217710185789053,
2023-07-31 13:43:04.408000,-9.228915662650603,-3.024096385542169,2.783132530120482,-2.942979767014102,-9.209687308399754,3.3991416309012874,3.0,0.22222222222222224,4500.0,-8.109201095507254,-1.6781073364023082,-3.1117067769943487,1774.3589743589741,-1.0,90.03434537711225,0.22177238291807558,
2023-07-31 13:43:04.415000,-9.289156626506024,-3.060240963855422,2.927710843373494,-3.0386266094420598,-9.31023911710607,3.531575720416922,3.0,0.2217782217782218,4509.009009009009,-6.5366820115377875,-1.47963405395956,-3.2491113571470205,1854.9450549450548,-1.0,90.03434537711225,0.22177381659459103,
2023-07-31 13:43:04.423000,-9.361445783132531,-3.1566265060240966,2.9759036144578315,-3.1416309012875536,-9.378908645003065,3.561005518087063,3.0,0.2217782217782218,4509.009009009009,-5.437445370316414,-0.7620768020511632,-3.7681953266126693,1923.0769230769229,-1.0,90.03434537711225,0.221775320602923,
2023-07-31 13:43:04.431000,-9.433734939759036,-3.216867469879518,3.0,-3.1955855303494785,-9.413243408951564,3.6223175965665235,3.0,0.2217782217782218,4509.009009009009,-4.597750713827864,0.4287628926053253,-4.775828914398929,1979.4871794871794,-1.0,90.03434537711225,0.22177689580000093,
2023-07-31 13:43:04.438000,-9.3855421686747,-3.240963855421687,3.0,-3.222562844880441,-9.376456161863887,3.5904353157572038,3.0,0.2217782217782218,4509.009009009009,-3.6969873550492385,1.7875415185595236,-7.020103723559234,2019.7802197802196,-1.0,90.03434537711225,0.22177854287589369,
2023-07-31 13:43:04.446000,-9.325301204819278,-3.204819277108434,3.024096385542169,-3.1955855303494785,-9.322501532801962,3.614960147148988,3.0,0.2217782217782218,4509.009009009009,-2.2008041489423684,4.734106404055707,-8.302546471650837,2044.6886446886444,-1.0,90.03434537711225,0.221780262217477,
2023-07-31 13:43:04.454000,-9.228915662650603,-3.180722891566265,3.0843373493975905,-3.0876762722256283,-9.199877375843041,3.6591048436541995,3.0,0.2217782217782218,4509.009009009009,-1.1626362100110705,9.451663655964104,-10.302546471650837,2053.4798534798533,-1.0,90.03434537711225,0.22178205404908197,
2023-07-31 13:43:04.461000,-9.072289156626507,-3.132530120481928,3.0843373493975905,-3.063151440833844,-8.996321275291232,3.6909871244635193,3.0,0.2217782217782218,4509.009009009009,-0.6282850649729026,14.917312510925935,-11.90559990676534,2049.0842490842488,-1.0,90.03434537711225,0.22178391842417908,
2023-07-31 13:43:04.469000,-8.903614457831326,-3.144578313253012,3.1566265060240966,-3.0901287553648067,-8.868792152053954,3.649294911097486,3.0,0.22222222222222224,4500.0,-0.21607132451488736,20.871510984208378,-12.668958685391296,2032.234432234432,-1.0,90.03434537711225,0.22178585521744648,
2023-07-31 13:43:04.477000,-8.771084337349398,-3.132530120481928,3.072289156626506,-3.0876762722256283,-8.726548129981605,3.5585530349478844,3.0,0.2217782217782218,4509.009009009009,0.3793485228133569,27.726472816269446,-12.959035021269159,2006.5934065934064,-1.0,90.03434537711225,0.22178786426657432,
2023-07-31 13:43:04.484000,-8.710843373493976,-3.0843373493975905,3.0120481927710845,-3.0606989576946657,-8.699570815450643,3.4825260576333537,3.0,0.2217782217782218,4509.009009009009,0.3182798205232806,34.0928850300099,-13.004836547986715,1972.161172161172,-1.0,90.03434537711225,0.22178994523785367,
2023-07-31 13:43:04.492000,-8.710843373493976,-3.0481927710843375,2.927710843373494,-3.0018393623543838,-8.714285714285714,3.413856529736358,3.0,0.22222222222222224,4500.0,-0.017598042072139285,38.61196899947555,-13.417050288444731,1934.065934065934,-1.0,90.03434537711225,0.22179209746079723,
2023-07-31 13:43:04.500000,-8.771084337349398,-3.0120481927710845,2.819277108433735,-2.9282648681790313,-8.795217657878602,3.28632740649908,3.0,0.2217782217782218,4509.009009009009,-0.4756133092477118,41.81807586970456,-13.142241128139387,1894.5054945054944,-1.0,90.03434537711225,0.22179432021052797,
2023-07-31 13:43:04.507000,-8.795180722891567,-2.9759036144578315,2.783132530120482,-2.8669527896995706,-8.817290006131207,3.2691600245248313,3.0,0.2217782217782218,4509.009009009009,-0.17026979779733012,44.12341938115494,-13.050638074704272,1852.0146520146518,-1.0,90.03434537711225,0.22179661257535244,
2023-07-31 13:43:04.515000,-8.734939759036145,-2.927710843373494,2.7590361445783134,-2.8424279583077863,-8.787860208461066,3.256897608828939,3.0,0.2217782217782218,4509.009009009009,-0.20080414894236828,44.82570945749082,-12.394149525085952,1808.7912087912086,-1.0,90.03434537711225,0.2217989732935029,
2023-07-31 13:43:04.523000,-8.698795180722891,-2.7951807228915664,2.746987951807229,-2.6952789699570814,-8.741263028816677,3.2765174739423664,3.0,0.22222222222222224,4500.0,-0.20080414894236828,44.82570945749082,-12.394149525085952,1766.3003663003662,-1.0,90.03434537711225,0.22180140088848468,
2023-07-31 13:43:04.530000,-8.66265060240964,-2.63855421686747,2.662650602409639,-2.4721030042918453,-8.542611894543224,3.1293684855916615,3.0,0.2217782217782218,4509.009009009009,-0.6893537672629789,44.99364838878853,-12.287279296078319,1728.937728937729,-1.0,90.03434537711225,0.22180389381573198,
2023-07-31 13:43:04.538000,-8.55421686746988,-2.433734939759036,2.5180722891566267,-2.2636419374616796,-8.508277130594728,2.979767014101778,3.0,0.22222222222222224,4500.0,-0.7198881184080171,44.61196899947555,-11.508653341879846,1694.5054945054944,-1.0,90.03434537711225,0.22180645033334903,
2023-07-31 13:43:04.546000,-8.518072289156628,-2.3012048192771086,2.27710843373494,-2.187614960147149,-8.505824647455547,2.8375229920294296,3.0,0.22222222222222224,4500.0,-0.06339956878969653,43.22265602237631,-11.798729677757708,1662.2710622710622,-1.0,90.03434537711225,0.22180906849145401,
2023-07-31 13:43:04.553000,-8.506024096385543,-2.27710843373494,2.1927710843373496,-2.219497240956468,-8.557326793378294,2.6364193746167994,3.0,0.2217782217782218,4509.009009009009,0.10453936250801338,41.80280869413204,-11.294912883864578,1630.03663003663,-1.0,90.03434537711225,0.22181174629283232,
2023-07-31 13:43:04.561000,-8.566265060240964,-2.313253012048193,2.096385542168675,-2.258736971183323,-8.648068669527897,2.616799509503372,3.0,0.2217782217782218,4509.009009009009,0.5625546296835859,41.085251442223644,-9.630790746459999,1597.069597069597,-1.0,90.03434537711225,0.22181448140747784,
2023-07-31 13:43:04.569000,-8.674698795180724,-2.3493975903614457,1.9879518072289157,-2.3200490496627832,-8.755977927651747,2.489270386266094,3.0,0.2217782217782218,4509.009009009009,0.8678981411339676,40.84097663306334,-7.279645708292058,1566.3003663003662,-1.0,90.03434537711225,0.22181727115437233,
2023-07-31 13:43:04.576000,-8.771084337349398,-2.3855421686746987,1.8795180722891567,-2.3372164316370325,-8.809932556713672,2.410790925812385,3.0,0.2217782217782218,4509.009009009009,1.0358370724316774,40.53563312161296,-5.829264028902745,1531.135531135531,-1.0,90.03434537711225,0.22182011264327572,
2023-07-31 13:43:04.584000,-8.819277108433736,-2.3855421686746987,1.7951807228915664,-2.3568362967504597,-8.863887185775598,2.317596566523605,3.0,0.2217782217782218,4509.009009009009,0.8220966144164104,40.55090029718548,-5.050638074704272,1495.970695970696,666.412353515625,90.03434537711225,0.2218230029174025,
2023-07-31 13:43:04.592000,-8.795180722891567,-2.36144578313253,1.710843373493976,-2.3347639484978537,-8.78050275904353,2.229307173513182,3.0,0.2217782217782218,4509.009009009009,0.7610279121263339,40.32189266359769,-4.74529456325389,1460.8058608058607,-1.0,90.03434537711225,0.22182593879910373,
2023-07-31 13:43:04.599000,-8.734939759036145,-2.36144578313253,1.710843373493976,-2.251379521765788,-8.64316370324954,2.2685469037400368,3.0,0.2217782217782218,4509.009009009009,0.2724782938057233,40.29135831245265,-5.294912883864577,1425.6410256410256,-1.0,90.03434537711225,0.2218289167679427,
2023-07-31 13:43:04.607000,-8.66265060240964,-2.3734939759036147,1.6626506024096386,-2.2979767014101777,-8.574494175352545,2.182709993868792,3.0,0.22222222222222224,4500.0,0.3793485228133569,40.27609113688013,-6.791096089971448,1389.7435897435896,-1.0,90.03434537711225,0.22183193311634933,
2023-07-31 13:43:04.614000,-8.626506024096386,-2.4216867469879517,1.5903614457831325,-2.3666462293071735,-8.603923973022685,2.0134886572654813,3.0,0.2217782217782218,4509.009009009009,0.8526309655614485,40.84097663306334,-8.134607540353128,1350.18315018315,-1.0,90.03434537711225,0.2218349841061272,
2023-07-31 13:43:04.622000,-8.686746987951807,-2.5060240963855422,1.4819277108433735,-2.521152667075414,-8.56713672593501,2.0134886572654813,3.0,0.2217782217782218,4509.009009009009,0.9136996678515248,41.894411747567155,-8.745294563253891,1314.2857142857142,-1.0,90.03434537711225,0.2218380658490861,
2023-07-31 13:43:04.630000,-8.674698795180724,-2.626506024096386,1.457831325301205,-2.582464745554874,-8.621091354996935,1.8663396689147762,3.0,0.2217782217782218,4509.009009009009,1.0511042480041966,42.0928850300099,-10.073538838063051,1279.8534798534797,-1.0,90.03434537711225,0.22184117415696902,
2023-07-31 13:43:04.637000,-8.72289156626506,-2.771084337349398,1.349397590361446,-2.822808093194359,-8.706928264868179,1.7976701410177804,3.0,0.22222222222222224,4500.0,1.142707301439311,42.96311403764349,-11.065905250276792,1249.8168498168498,-1.0,90.03434537711225,0.2218443046900402,
2023-07-31 13:43:04.645000,-8.771084337349398,-2.9036144578313254,1.2289156626506024,-2.8546903740036784,-8.733905579399142,1.6946658491722868,3.0,0.2217782217782218,4509.009009009009,1.0511042480041966,44.64250335062059,-11.813996853330227,1224.9084249084249,-1.0,90.03434537711225,0.22184745311696663,
2023-07-31 13:43:04.653000,-8.879518072289157,-2.963855421686747,1.0843373493975905,-2.9601471489883506,-8.807480073574494,1.5058246474555486,3.0,0.22222222222222224,4500.0,0.6236233319736623,45.40586212924654,-12.60788998310122,1206.5934065934066,-1.0,90.03434537711225,0.22185061499870026,
2023-07-31 13:43:04.660000,-8.903614457831326,-3.024096385542169,1.036144578313253,-3.0190067443286326,-8.819742489270386,1.5475168608215817,3.0,0.2217782217782218,4509.009009009009,0.8678981411339676,45.22265602237631,-13.340714410582136,1197.8021978021977,-1.0,90.03434537711225,0.2218537857908072,
2023-07-31 13:43:04.668000,-8.891566265060241,-3.096385542168675,1.036144578313253,-3.1416309012875536,-8.89086450030656,1.5009196811771919,3.0,0.22222222222222224,4500.0,0.5778218052561049,44.45929724375036,-14.5926228075287,1197.069597069597,-1.0,90.03434537711225,0.2218569608675818,
2023-07-31 13:43:04.676000,-8.975903614457831,-3.1927710843373496,1.0,-3.215205395462906,-9.001226241569588,1.4322501532801961,3.0,0.2217782217782218,4509.009009009009,-0.017598042072139285,42.30662548802517,-14.165141891498166,1205.128205128205,-1.0,90.03434537711225,0.22186013552575615,
2023-07-31 13:43:04.683000,-9.144578313253012,-3.325301204819277,0.9879518072289157,-3.3697118332311464,-9.145922746781116,1.5058246474555486,3.0,0.2217782217782218,4509.009009009009,-1.2389720878736659,38.61196899947555,-13.78346250218519,1218.3150183150183,-1.0,90.03434537711225,0.22186330500988474,
2023-07-31 13:43:04.691000,-9.240963855421688,-3.4096385542168677,1.0,-3.438381361128142,-9.241569589209075,1.4248927038626609,3.0,0.22222222222222224,4500.0,-2.0786667443622155,32.4898315948954,-13.93613425791038,1236.6300366300366,-1.0,90.03434537711225,0.2218664643679097,
2023-07-31 13:43:04.699000,-9.265060240963855,-3.5180722891566267,0.9879518072289157,-3.5340282035561,-9.197424892703863,1.3684855916615573,3.0,0.2217782217782218,4509.009009009009,-3.284773614591223,26.092885030009903,-14.684225860963815,1259.3406593406592,-1.0,90.03434537711225,0.22186960875427816,
2023-07-31 13:43:04.706000,-9.228915662650603,-3.5903614457831328,0.9277108433734941,-3.6689147762109133,-9.194972409564684,1.366033108522379,3.0,0.22222222222222224,4500.0,-5.101567507720994,19.955480449857234,-16.012470135772976,1283.5164835164835,-1.0,90.03434537711225,0.221872733317913,
2023-07-31 13:43:04.714000,-9.072289156626507,-3.6746987951807233,0.9518072289156627,-3.6934396076026976,-9.042918454935622,1.3782955242182708,3.0,0.22222222222222224,4500.0,-6.17026979779733,14.596701823903034,-16.210943418215724,1309.1575091575091,-1.0,90.03434537711225,0.22187583320820156,
2023-07-31 13:43:04.722000,-8.963855421686748,-3.771084337349398,0.8795180722891567,-3.7817290006131206,-8.959534028203556,1.2679337829552422,3.0,0.2217782217782218,4509.009009009009,-7.788590408484353,11.833343045277081,-15.340714410582136,1332.6007326007325,-1.0,90.03434537711225,0.2218789037516133,
2023-07-31 13:43:04.729000,-8.903614457831326,-3.891566265060241,0.7951807228915663,-3.896995708154506,-8.910484365419988,1.2360515021459226,3.0,0.2217782217782218,4509.009009009009,-9.452712545888932,8.932579686498455,-15.24911135714702,1351.6483516483515,-1.0,90.03434537711225,0.22188194018142815,
2023-07-31 13:43:04.737000,-8.783132530120483,-3.951807228915663,0.7951807228915663,-3.987737584304108,-8.746167995095034,1.2458614347026364,3.0,0.2217782217782218,4509.009009009009,-10.216071324514887,8.062350678864867,-14.806363265543967,1367.7655677655678,-1.0,90.03434537711225,0.22188493763383652,
2023-07-31 13:43:04.745000,-8.698795180722891,-4.0361445783132535,0.7590361445783133,-3.985285101164929,-8.608828939301041,1.1134273451870018,3.0,0.22222222222222224,4500.0,-11.223704912301146,8.642503350620592,-14.058271662490533,1381.6849816849815,-1.0,90.03434537711225,0.2218878913030944,
2023-07-31 13:43:04.752000,-8.674698795180724,-4.144578313253012,0.6987951807228916,-4.208461066830165,-8.687308399754752,1.137952176578786,3.0,0.22222222222222224,4500.0,-12.521414835965269,9.543266709399218,-12.470485402948547,1390.4761904761904,-1.0,90.03434537711225,0.22189079660707003,
2023-07-31 13:43:04.760000,-8.650602409638555,-4.289156626506024,0.674698795180723,-4.372777437155119,-8.576946658491723,1.1600245248313916,3.0,0.2217782217782218,4509.009009009009,-13.300040790163742,9.329526251383951,-12.119340364780609,1393.4065934065934,-1.0,90.03434537711225,0.2218936492251401,
2023-07-31 13:43:04.768000,-8.602409638554217,-4.385542168674699,0.7228915662650602,-4.441446965052115,-8.515634580012263,1.1992642550582464,3.0,0.22222222222222224,4500.0,-13.987063690927101,9.589068236116775,-11.340714410582136,1392.6739926739926,-1.0,90.03434537711225,0.22189644482754256,
2023-07-31 13:43:04.775000,-8.55421686746988,-4.481927710843374,0.7590361445783133,-4.5297363580625385,-8.50091968117719,1.2066217044757817,3.0,0.22222222222222224,4500.0,-15.16263621001107,8.596701823903034,-10.867431967834044,1389.0109890109889,-1.0,90.03434537711225,0.22189917921998617,
2023-07-31 13:43:04.783000,-8.518072289156628,-4.590361445783133,0.7710843373493976,-4.600858369098712,-8.478847332924586,1.2434089515634579,3.0,0.2217782217782218,4509.009009009009,-16.048132393217177,7.085251442223646,-9.997202960200456,1385.3479853479853,-1.0,90.03434537711225,0.22190184851949177,
2023-07-31 13:43:04.791000,-8.397590361445783,-4.674698795180723,0.819277108433735,-4.679337829552422,-8.380748007357449,1.331698344573881,3.0,0.22222222222222224,4500.0,-16.628285064972903,6.581434648330516,-9.050638074704272,1378.021978021978,-1.0,90.03434537711225,0.2219044488826943,
2023-07-31 13:43:04.798000,-8.313253012048193,-4.734939759036145,0.783132530120482,-4.779889638258736,-8.236051502145923,1.3243408951563458,3.0,0.22222222222222224,4500.0,-16.628285064972903,6.581434648330516,-9.050638074704272,1369.9633699633698,-1.0,90.03434537711225,0.22190697664915765,
2023-07-31 13:43:04.806000,-8.228915662650603,-4.759036144578314,0.819277108433735,-4.765174739423666,-8.169834457388106,1.2434089515634579,3.0,0.22222222222222224,4500.0,-16.719888118408015,6.352427014742729,-8.241477769360761,1358.974358974359,-1.0,90.03434537711225,0.22190942851568035,
2023-07-31 13:43:04.814000,-8.156626506024097,-4.819277108433735,0.8072289156626506,-4.809319435928877,-8.103617412630287,1.3537706928264868,3.0,0.22222222222222224,4500.0,-16.429811782530155,5.787541518559523,-8.134607540353128,1347.985347985348,-1.0,90.03434537711225,0.22191180141212166,
2023-07-31 13:43:04.821000,-8.084337349397591,-4.83132530120482,0.8313253012048193,-4.902513795217658,-8.005518087063152,1.3586756591048437,3.0,0.22222222222222224,4500.0,-16.50614766039275,5.039449915506088,-6.485752578521066,1339.9267399267399,-1.0,90.03434537711225,0.22191409251529864,
2023-07-31 13:43:04.829000,-8.024096385542169,-4.903614457831326,0.8674698795180723,-4.96137339055794,-7.968730839975475,1.390557939914163,3.0,0.2217782217782218,4509.009009009009,-16.078666744362216,4.718839228483188,-5.233844181574502,1333.3333333333333,-1.0,90.03434537711225,0.22191629926213324,
2023-07-31 13:43:04.837000,-8.0,-5.0120481927710845,0.8915662650602411,-5.039852851011649,-8.005518087063152,1.437155119558553,3.0,0.22222222222222224,4500.0,-15.620651477186643,3.7570071674144856,-5.035370899131753,1328.2051282051282,-1.0,90.03434537711225,0.22191841921268593,
2023-07-31 13:43:04.844000,-8.024096385542169,-5.0361445783132535,0.9397590361445783,-5.044757817290006,-7.9294911097486205,1.4862047823421214,3.0,0.22222222222222224,4500.0,-15.009964454285878,2.779907930773264,-2.7910960899714476,1322.3443223443223,-1.0,90.03434537711225,0.22192045018901124,
2023-07-31 13:43:04.852000,-8.048192771084338,-5.024096385542169,1.0240963855421688,-5.096259963212753,-8.027590435315757,1.5744941753525443,3.0,0.2217782217782218,4509.009009009009,-13.727521706194276,1.298991900238913,-1.4323174640172494,1318.6813186813185,-1.0,90.03434537711225,0.22192239044458334,
2023-07-31 13:43:04.860000,-8.108433734939759,-5.0361445783132535,1.0963855421686748,-5.054567749846719,-8.059472716125077,1.6235438381361127,3.0,0.2217782217782218,4509.009009009009,-12.414544606957636,-0.899481382203835,-0.40941670065847086,1317.9487179487178,-1.0,90.03434537711225,0.22192423838554276,
2023-07-31 13:43:04.867000,-8.180722891566266,-5.024096385542169,1.1686746987951808,-5.057020232985898,-8.213979153893316,1.7461679950950337,3.0,0.2217782217782218,4509.009009009009,-11.605384301614123,-2.9758172600664303,0.7966901695705367,1316.4835164835165,-1.0,90.03434537711225,0.22192599255705273,
2023-07-31 13:43:04.875000,-8.301204819277109,-5.0602409638554215,1.2530120481927711,-5.079092581238504,-8.329245861434702,1.7878602084610666,3.0,0.2217782217782218,4509.009009009009,-10.582483538255344,-5.6781073364023085,2.140201619952216,1317.9487179487178,-1.0,90.03434537711225,0.22192765178748627,
2023-07-31 13:43:04.883000,-8.457831325301205,-5.024096385542169,1.3975903614457832,-5.079092581238504,-8.498467198038012,1.9816063764561618,3.0,0.2217782217782218,4509.009009009009,-9.315307965736261,-9.067420313501545,4.384476429112522,1314.2857142857142,-1.0,90.03434537711225,0.22192921519252723,
2023-07-31 13:43:04.890000,-8.686746987951807,-5.0120481927710845,1.5421686746987953,-5.025137952176578,-8.697118332311465,2.1091354996934393,3.0,0.2217782217782218,4509.009009009009,-8.689353767262979,-11.265893595944293,6.247071848959849,1309.89010989011,-1.0,90.03434537711225,0.22193068231665625,
2023-07-31 13:43:04.898000,-8.855421686746988,-4.975903614457832,1.6867469879518073,-5.025137952176578,-8.917841814837523,2.280809319435929,3.0,0.2217782217782218,4509.009009009009,-8.368743080240078,-10.884214206631315,6.796690169570536,1304.7619047619046,-1.0,90.03434537711225,0.22193205297536941,
2023-07-31 13:43:04.906000,-9.048192771084338,-4.951807228915663,1.8192771084337351,-4.939301042305334,-9.12139791538933,2.3666462293071735,3.0,0.22222222222222224,4500.0,-7.605384301614124,-9.907114969990094,7.4226443680438186,1300.3663003663003,-1.0,90.03434537711225,0.22193332712750954,
2023-07-31 13:43:04.913000,-9.156626506024097,-4.867469879518072,1.9036144578313254,-4.8412017167381975,-9.219497240956468,2.4573881054567748,3.0,0.2217782217782218,4509.009009009009,-7.055765981003437,-9.082687489074063,8.06386574208962,1294.5054945054944,-1.0,90.03434537711225,0.22193450517219324,
2023-07-31 13:43:04.921000,-9.204819277108435,-4.783132530120482,2.0481927710843375,-4.770079705702023,-9.332311465358675,2.553034947884733,3.0,0.22222222222222224,4500.0,-6.597750713827864,-8.029252374570246,8.70508711613542,1289.3772893772893,-1.0,90.03434537711225,0.22193558795707194,
2023-07-31 13:43:04.929000,-9.265060240963855,-4.72289156626506,2.072289156626506,-4.684242795830778,-9.21704475781729,2.494175352544451,3.0,0.22222222222222224,4500.0,-6.811491171843131,-6.075053901287804,9.636384826059086,1285.7142857142856,-1.0,90.03434537711225,0.22193657660509303,
2023-07-31 13:43:04.936000,-9.180722891566266,-4.63855421686747,2.036144578313253,-4.605763335377069,-9.141017780502759,2.5064377682403434,3.0,0.2217782217782218,4509.009009009009,-6.735155293980536,-3.7849775654099416,10.140201619952215,1284.9816849816848,-1.0,90.03434537711225,0.22193747254185328,
2023-07-31 13:43:04.944000,-9.096385542168676,-4.578313253012048,1.9518072289156627,-4.600858369098712,-9.057633353770692,2.3960760269773145,3.0,0.2217782217782218,4509.009009009009,-6.857292698560689,-2.4414661150282626,9.789056581784276,1286.4468864468863,-1.0,90.03434537711225,0.22193827735132088,
2023-07-31 13:43:04.952000,-8.903614457831326,-4.530120481927711,1.8554216867469882,-4.473329245861435,-8.81238503985285,2.3347639484978537,3.0,0.2217782217782218,4509.009009009009,-7.83439193520191,-1.3116951226618503,9.300506963463665,1287.179487179487,-1.0,90.03434537711225,0.2219389927472904,
2023-07-31 13:43:04.959000,-8.698795180722891,-4.481927710843374,1.7590361445783134,-4.510116492949111,-8.648068669527897,2.1851624770079705,3.0,0.2217782217782218,4509.009009009009,-8.109201095507254,-0.4872676417458197,9.025697803158321,1288.6446886446886,-1.0,90.03434537711225,0.2219396207026663,
2023-07-31 13:43:04.967000,-8.530120481927712,-4.457831325301205,1.63855421686747,-4.470876762722256,-8.454322501532802,2.0748007357449416,3.0,0.22222222222222224,4500.0,-8.200804148942368,0.07761785443738635,8.934094749723208,1293.040293040293,-1.0,90.03434537711225,0.22194016343874431,
2023-07-31 13:43:04.975000,-8.3855421686747,-4.445783132530121,1.5060240963855422,-4.382587369711833,-8.307173513182097,1.988963825873697,3.0,0.2217782217782218,4509.009009009009,-8.780956820698092,0.2760911368801344,9.331041314608704,1299.6336996336995,-1.0,90.03434537711225,0.22194062356258282,
2023-07-31 13:43:04.982000,-8.301204819277109,-4.421686746987952,1.4096385542168675,-4.461066830165542,-8.211526670754138,1.8933169834457386,3.0,0.22222222222222224,4500.0,-9.238972087873666,-0.6399393974710106,8.949361925295726,1306.227106227106,-1.0,90.03434537711225,0.22194100392652094,
2023-07-31 13:43:04.990000,-8.265060240963855,-4.385542168674699,1.2891566265060241,-4.360515021459228,-8.172286940527284,1.7388105456774983,3.0,0.2217782217782218,4509.009009009009,-9.16263621001107,-1.0063516112114685,8.613484062700307,1313.5531135531135,-1.0,90.03434537711225,0.2219413076043932,
2023-07-31 13:43:04.997000,-8.27710843373494,-4.301204819277109,1.1927710843373494,-4.2158185162477,-8.221336603310851,1.6971183323114654,3.0,0.2217782217782218,4509.009009009009,-8.567216362682826,-2.1055882524328426,8.903560398578168,1323.076923076923,-1.0,90.03434537711225,0.22194153788789828,
2023-07-31 13:43:05.005000,-8.313253012048193,-4.19277108433735,1.1325301204819278,-4.1373390557939915,-8.22624156958921,1.6529736358062537,3.0,0.22222222222222224,4500.0,-7.849659110774429,-2.945282908921392,9.605850474914048,1335.5311355311355,-1.0,90.03434537711225,0.22194169811176293,
2023-07-31 13:43:05.013000,-8.409638554216867,-4.1084337349397595,1.0843373493975905,-4.041692213366033,-8.383200490496627,1.601471489883507,3.0,0.2217782217782218,4509.009009009009,-6.490880484820231,-4.945282908921392,10.689819940562902,1354.5787545787546,-1.0,90.03434537711225,0.22194179192521474,
2023-07-31 13:43:05.020000,-8.542168674698795,-4.048192771084338,1.072289156626506,-3.985285101164929,-8.503372164316369,1.5401594114040464,3.0,0.2217782217782218,4509.009009009009,-5.544315599324047,-6.7926111531962015,11.346308490181222,1381.6849816849815,-1.0,90.03434537711225,0.22194182314721417,
2023-07-31 13:43:05.028000,-8.710843373493976,-3.963855421686747,1.036144578313253,-3.896995708154506,-8.770692826486817,1.64316370324954,3.0,0.2217782217782218,4509.009009009009,-3.849659110774429,-8.45673329060078,12.124934444379695,1419.047619047619,-1.0,90.03434537711225,0.2219417955894764,
2023-07-31 13:43:05.036000,-8.843373493975903,-3.855421686746988,1.0481927710843375,-3.8626609442060085,-8.829552421827099,1.5941140404659717,3.0,0.2217782217782218,4509.009009009009,-2.2160713245148873,-9.586504282967194,13.071499329875879,1465.201465201465,-1.0,90.03434537711225,0.22194171317676328,
2023-07-31 13:43:05.043000,-9.0,-3.7951807228915664,1.072289156626506,-3.7424892703862658,-8.979153893316983,1.6039239730226853,3.0,0.2217782217782218,4509.009009009009,-1.2389720878736659,-9.586504282967194,13.285239787891147,1518.6813186813185,-1.0,90.03434537711225,0.22194158006666242,
2023-07-31 13:43:05.051000,-9.144578313253012,-3.7469879518072293,1.072289156626506,-3.6713672593500917,-9.094420600858369,1.5843041079092581,3.0,0.2217782217782218,4509.009009009009,-0.4908804848202309,-9.63230580968475,13.117300856593436,1576.5567765567764,-1.0,90.03434537711225,0.22194140047107058,
2023-07-31 13:43:05.059000,-9.180722891566266,-3.6506024096385543,1.0602409638554218,-3.548743102391171,-9.21704475781729,1.4469650521152666,3.0,0.2217782217782218,4509.009009009009,-0.04813239321717745,-8.945282908921392,12.827224520715573,1638.8278388278386,-1.0,90.03434537711225,0.2219411785088711,
2023-07-31 13:43:05.066000,-9.265060240963855,-3.6144578313253013,1.0843373493975905,-3.619865113427345,-9.212139791538933,1.5303494788473329,3.0,0.2217782217782218,4509.009009009009,-1.4679797214614523,-6.166656954722919,12.002797039799542,1699.6336996336995,-1.0,90.03434537711225,0.22194091833510385,
2023-07-31 13:43:05.074000,-9.349397590361447,-3.6024096385542173,1.036144578313253,-3.5928877988963825,-9.322501532801962,1.537706928264868,3.0,0.22222222222222224,4500.0,-1.4679797214614523,-6.166656954722919,12.002797039799542,1758.974358974359,-1.0,90.03434537711225,0.22194062412072205,
2023-07-31 13:43:05.082000,-9.397590361445783,-3.5783132530120483,1.036144578313253,-3.585530349478847,-9.41814837522992,1.4543225015328018,3.0,0.22222222222222224,4500.0,-2.4145446069576355,-4.487267641745819,10.70508711613542,1813.9194139194137,-1.0,90.03434537711225,0.2219403001816298,
2023-07-31 13:43:05.089000,-9.3855421686747,-3.6024096385542173,1.0,-3.6002452483139176,-9.378908645003065,1.4420600858369097,3.0,0.22222222222222224,4500.0,-3.758056057339315,-2.2887943593030715,10.384476429112521,1858.6080586080584,-1.0,90.03434537711225,0.22193995098039324,
2023-07-31 13:43:05.097000,-9.349397590361447,-3.5783132530120483,0.9397590361445783,-3.526670754138565,-9.347026364193745,1.314530962599632,3.0,0.22222222222222224,4500.0,-5.071033156575956,-0.548336344035896,9.56004894819649,1890.1098901098899,-1.0,90.03434537711225,0.22193958096920796,
2023-07-31 13:43:05.105000,-9.27710843373494,-3.5662650602409642,0.8915662650602411,-3.497240956468424,-9.256284488044145,1.3807480073574494,3.0,0.2217782217782218,4509.009009009009,-5.6664530039042,-0.349863061593148,9.315774139036185,1904.7619047619046,-1.0,90.03434537711225,0.2219391945720986,
2023-07-31 13:43:05.112000,-9.228915662650603,-3.5421686746987953,0.9036144578313253,-3.5708154506437766,-9.155732679337829,1.3635806253832004,3.0,0.22222222222222224,4500.0,-6.445078958102673,-0.2429928325855144,9.346308490181222,1900.3663003663003,-1.0,90.03434537711225,0.22193879601839955,
2023-07-31 13:43:05.120000,-9.10843373493976,-3.493975903614458,0.855421686746988,-3.3991416309012874,-9.116492949110974,1.2949110974862048,3.0,0.22222222222222224,4500.0,-7.574849950469085,-0.38039741273818617,8.827224520715573,1883.5164835164833,-1.0,90.03434537711225,0.22193838945360855,
2023-07-31 13:43:05.128000,-9.036144578313253,-3.4457831325301207,0.819277108433735,-3.443286327406499,-9.047823421213979,1.3488657265481299,3.0,0.2217782217782218,4509.009009009009,-7.574849950469085,-1.7849775654099418,8.796690169570535,1854.212454212454,-1.0,90.03434537711225,0.22193797908250656,
2023-07-31 13:43:05.135000,-8.987951807228916,-3.433734939759036,0.783132530120482,-3.4310239117106067,-8.939914163090128,1.25567136725935,3.0,0.22222222222222224,4500.0,-7.788590408484353,-3.81551191655498,8.750888642852978,1814.6520146520145,-1.0,90.03434537711225,0.2219375688659332,
2023-07-31 13:43:05.143000,-8.951807228915664,-3.4698795180722892,0.8313253012048193,-3.4064990803188224,-8.863887185775598,1.407725321888412,3.0,0.22222222222222224,4500.0,-7.956529339782063,-4.273527183730552,9.208903910028551,1769.9633699633698,-1.0,90.03434537711225,0.2219371626339259,
2023-07-31 13:43:05.151000,-8.951807228915664,-3.385542168674699,0.7951807228915663,-3.3819742489270386,-8.925199264255058,1.3415082771305946,3.0,0.22222222222222224,4500.0,-7.544315599324047,-5.846046267700018,8.109667268807177,1723.8095238095236,-1.0,90.03434537711225,0.2219367642313487,
2023-07-31 13:43:05.158000,-9.0,-3.3373493975903616,0.819277108433735,-3.3182096873083995,-8.959534028203556,1.3366033108522377,3.0,0.22222222222222224,4500.0,-7.437445370316413,-7.601771458539712,8.460812306975116,1676.1904761904761,-1.0,90.03434537711225,0.2219363773666797,
2023-07-31 13:43:05.166000,-8.987951807228916,-3.349397590361446,0.8915662650602411,-3.3182096873083995,-8.964438994481913,1.4052728387492335,3.0,0.22222222222222224,4500.0,-7.590117126041605,-8.258260008158032,8.292873375677406,1628.5714285714284,-1.0,90.03434537711225,0.2219360056006395,
2023-07-31 13:43:05.174000,-9.036144578313253,-3.325301204819277,0.9156626506024097,-3.313304721030043,-9.052728387492335,1.3782955242182708,3.0,0.22222222222222224,4500.0,-7.300040790163742,-8.273527183730552,8.018064215372062,1580.2197802197802,-1.0,90.03434537711225,0.22193565233596152,
2023-07-31 13:43:05.181000,-9.072289156626507,-3.3012048192771086,0.9518072289156627,-3.251992642550582,-9.072348252605764,1.5033721643163702,3.0,0.2217782217782218,4509.009009009009,-6.887827049705727,-8.533069168463376,7.773789406211758,1531.135531135531,-1.0,90.03434537711225,0.22193532080834227,
2023-07-31 13:43:05.189000,-9.156626506024097,-3.27710843373494,1.0120481927710845,-3.2789699570815447,-9.084610668301655,1.5082771305947271,3.0,0.2217782217782218,4509.009009009009,-6.384010255812597,-8.441466115028263,8.094400093234658,1485.7142857142856,-1.0,90.03434537711225,0.22193501392931425,
2023-07-31 13:43:05.197000,-9.168674698795181,-3.27710843373494,1.072289156626506,-3.2372777437155116,-9.165542611894542,1.5990190067443286,3.0,0.2217782217782218,4509.009009009009,-6.811491171843131,-7.403298176096964,7.544781772623971,1444.6886446886447,-1.0,90.03434537711225,0.2219347343965222,
2023-07-31 13:43:05.204000,-9.180722891566266,-3.240963855421687,1.0602409638554218,-3.2495401594114037,-9.160637645616186,1.5352544451256898,3.0,0.2217782217782218,4509.009009009009,-6.109201095507253,-6.716275275333606,6.674552764990384,1410.2564102564102,-1.0,90.03434537711225,0.22193448466631763,
2023-07-31 13:43:05.212000,-9.168674698795181,-3.240963855421687,1.0843373493975905,-3.144083384426732,-9.136112814224402,1.6088289393010422,3.0,0.22222222222222224,4500.0,-6.3076743779500015,-5.14375619136414,6.338674902394964,1382.4175824175823,-1.0,90.03434537711225,0.22193426682019726,
2023-07-31 13:43:05.220000,-9.120481927710843,-3.180722891566265,1.108433734939759,-3.126916002452483,-9.020846106683017,1.5695892090741874,3.0,0.2217782217782218,4509.009009009009,-6.277140026804964,-4.029252374570247,5.91119398636443,1360.4395604395604,-1.0,90.03434537711225,0.22193408285833546,
2023-07-31 13:43:05.227000,-9.144578313253012,-3.1566265060240966,1.1686746987951808,-3.0999386879215205,-9.06008583690987,1.6112814224402205,3.0,0.22222222222222224,4500.0,-5.696987355049238,-3.3574966493794074,6.109667268807177,1342.1245421245421,-1.0,90.03434537711225,0.22193393456820285,
2023-07-31 13:43:05.235000,-9.132530120481928,-3.144578313253012,1.180722891566265,-3.1171060698957693,-9.16799509503372,1.6063764561618639,3.0,0.2217782217782218,4509.009009009009,-5.880193461919467,-2.4109317638832244,5.483713070333895,1324.5421245421244,-1.0,90.03434537711225,0.22193382351205393,
2023-07-31 13:43:05.243000,-9.204819277108435,-3.216867469879518,1.1927710843373494,-3.180870631514408,-9.1704475781729,1.6701410177805027,3.0,0.22222222222222224,4500.0,-6.200804148942368,-1.067420313501545,5.224171085601071,1304.0293040293038,666.412353515625,90.03434537711225,0.22193375103666005,
2023-07-31 13:43:05.250000,-9.19277108433735,-3.204819277108434,1.2048192771084338,-3.1710606989576946,-9.214592274678111,1.672593500919681,3.0,0.22222222222222224,4500.0,-6.261872851232444,-0.349863061593148,4.445545131402597,1281.3186813186812,-1.0,90.03434537711225,0.2219337182631353,
2023-07-31 13:43:05.258000,-9.180722891566266,-3.1927710843373496,1.1927710843373494,-3.139178418148375,-9.145922746781116,1.6358062538320048,3.0,0.22222222222222224,4500.0,-6.124468271079772,0.6577705261931115,4.292873375677407,1257.8754578754579,-1.0,90.03434537711225,0.22193372624826327,
2023-07-31 13:43:05.266000,-9.132530120481928,-3.2289156626506026,1.2048192771084338,-3.2201103617412628,-9.128755364806867,1.6529736358062537,3.0,0.2217782217782218,4509.009009009009,-5.773323232911833,1.131052968941203,3.3463084901812237,1235.8974358974358,-1.0,90.03434537711225,0.2219337758491517,
2023-07-31 13:43:05.273000,-9.084337349397591,-3.3012048192771086,1.180722891566265,-3.296137339055794,-9.01594114040466,1.6922133660331085,3.0,0.22222222222222224,4500.0,-6.704620942835498,1.5432667093992183,2.995163452013285,1213.9194139194137,-1.0,90.03434537711225,0.2219338675785093,
2023-07-31 13:43:05.281000,-9.048192771084338,-3.3012048192771086,1.144578313253012,-3.303494788473329,-8.964438994481913,1.6039239730226853,3.0,0.2217782217782218,4509.009009009009,-6.475613309247712,1.7264728162694474,2.1554687955247354,1191.2087912087911,-1.0,90.03434537711225,0.22193400173775596,
2023-07-31 13:43:05.289000,-8.975903614457831,-3.313253012048193,1.180722891566265,-3.2397302268546904,-8.912936848559166,1.6529736358062537,3.0,0.22222222222222224,4500.0,-6.50614766039275,2.031816327719829,1.9875298642270252,1170.6959706959706,-1.0,90.03434537711225,0.22193417843342836,
2023-07-31 13:43:05.296000,-8.963855421686748,-3.3734939759036147,1.1927710843373494,-3.3770692826486814,-9.006131207847945,1.6407112201103617,3.0,0.2217782217782218,4509.009009009009,-6.796223996270612,2.337159839170211,2.292873375677407,1153.113553113553,-1.0,90.03434537711225,0.2219343975734371,
2023-07-31 13:43:05.304000,-8.975903614457831,-3.4457831325301207,1.180722891566265,-3.4530962599632127,-8.957081545064376,1.6627835683629675,3.0,0.2217782217782218,4509.009009009009,-7.345842316881299,3.131052968941203,2.0333313909445825,1139.9267399267399,-1.0,90.03434537711225,0.22193465888525296,
2023-07-31 13:43:05.312000,-9.024096385542169,-3.5060240963855422,1.2409638554216869,-3.467811158798283,-9.003678724708767,1.706928264868179,3.0,0.2217782217782218,4509.009009009009,-7.51378124817901,3.787541518559524,1.758522230639239,1131.135531135531,-1.0,90.03434537711225,0.22193496176452884,
2023-07-31 13:43:05.319000,-9.072289156626507,-3.5180722891566267,1.2530120481927711,-3.4800735744941753,-9.087063151440834,1.748620478234212,3.0,0.2217782217782218,4509.009009009009,-7.635918652759162,3.482198007109142,1.9569955130819872,1128.2051282051282,-1.0,90.03434537711225,0.22193530542223028,
2023-07-31 13:43:05.327000,-9.096385542168676,-3.530120481927711,1.2891566265060241,-3.5168608215818513,-9.126302881667687,1.7755977927651747,3.0,0.2217782217782218,4509.009009009009,-7.8649262863469485,3.6348697628343327,1.6821863527766436,1132.6007326007325,-1.0,90.03434537711225,0.2219356888935828,
2023-07-31 13:43:05.335000,-9.048192771084338,-3.5542168674698797,1.2650602409638554,-3.585530349478847,-8.949724095646841,1.7682403433476395,3.0,0.2217782217782218,4509.009009009009,-8.292407202377483,3.3447934269564703,1.376842841326262,1143.5897435897434,-1.0,90.03434537711225,0.22193611104751174,
2023-07-31 13:43:05.342000,-8.963855421686748,-3.5903614457831328,1.2289156626506024,-3.5977927651747392,-8.900674432863273,1.7755977927651747,3.0,0.2217782217782218,4509.009009009009,-8.261872851232445,2.1386865567274627,1.1173008565934375,1160.4395604395604,-1.0,90.03434537711225,0.22193657059650482,
2023-07-31 13:43:05.350000,-8.891566265060241,-3.6144578313253013,1.2650602409638554,-3.614960147148988,-8.84181483752299,1.7461679950950337,3.0,0.2217782217782218,4509.009009009009,-8.17026979779733,1.7112056406969283,1.208903910028552,1182.4175824175823,-1.0,90.03434537711225,0.22193706624557405,
2023-07-31 13:43:05.358000,-8.795180722891567,-3.662650602409639,1.2650602409638554,-3.595340282035561,-8.743715511955855,1.7290006131207847,3.0,0.2217782217782218,4509.009009009009,-8.17026979779733,1.7112056406969283,1.208903910028552,1205.128205128205,-1.0,90.03434537711225,0.22193759654361533,
2023-07-31 13:43:05.365000,-8.72289156626506,-3.6746987951807233,1.2530120481927711,-3.6713672593500917,-8.679950950337217,1.6922133660331085,3.0,0.2217782217782218,4509.009009009009,-8.15500262222481,1.650136938406852,2.0180642153720636,1227.8388278388277,-1.0,90.03434537711225,0.22193815976648876,
2023-07-31 13:43:05.373000,-8.66265060240964,-3.6867469879518073,1.2048192771084338,-3.637032495401594,-8.623543838136113,1.7167381974248925,3.0,0.2217782217782218,4509.009009009009,-7.910727813064505,1.2531903735213559,2.124934444379697,1249.084249084249,-1.0,90.03434537711225,0.22193875407694105,
2023-07-31 13:43:05.380000,-8.674698795180724,-3.6867469879518073,1.216867469879518,-3.632127529123237,-8.711833231146535,1.6873083997547516,3.0,0.2217782217782218,4509.009009009009,-7.49851407260649,1.131052968941203,3.3005069634636666,1267.3992673992673,-1.0,90.03434537711225,0.2219393775352954,
2023-07-31 13:43:05.388000,-8.698795180722891,-3.698795180722892,1.1566265060240966,-3.6517473942366645,-8.76578786020846,1.613733905579399,3.0,0.22222222222222224,4500.0,-7.284773614591223,1.2226560223763177,3.8653924596468725,1284.2490842490843,-1.0,90.03434537711225,0.22194002811013497,
2023-07-31 13:43:05.396000,-8.771084337349398,-3.6867469879518073,1.144578313253012,-3.6640098099325566,-8.78050275904353,1.6799509503372163,3.0,0.2217782217782218,4509.009009009009,-7.025231629858399,1.2837247246663939,4.934094749723208,1300.3663003663003,-1.0,90.03434537711225,0.22194070383821105,
2023-07-31 13:43:05.403000,-8.831325301204819,-3.6867469879518073,1.1204819277108435,-3.7326793378295524,-8.829552421827099,1.5744941753525443,3.0,0.2217782217782218,4509.009009009009,-6.857292698560689,0.8562438086358596,5.025697803158323,1312.087912087912,-1.0,90.03434537711225,0.22194140270750456,
2023-07-31 13:43:05.411000,-8.91566265060241,-3.6867469879518073,1.108433734939759,-3.717964438994482,-8.856529736358063,1.6284488044144696,3.0,0.2217782217782218,4509.009009009009,-6.246605675659925,0.0012819765747909368,4.873026047433132,1319.4139194139193,-1.0,90.03434537711225,0.22194212250857434,
2023-07-31 13:43:05.419000,-8.951807228915664,-3.6867469879518073,1.1204819277108435,-3.5904353157572038,-8.910484365419988,1.6554261189454322,3.0,0.22222222222222224,4500.0,-6.0786667443622155,-0.3956645883107052,5.285239787891148,1320.14652014652,-1.0,90.03434537711225,0.22194286098352697,
2023-07-31 13:43:05.426000,-8.975903614457831,-3.6385542168674703,1.0963855421686748,-3.5757204169221333,-9.035561005518087,1.5843041079092581,3.0,0.2217782217782218,4509.009009009009,-6.093933919934734,-0.38039741273818617,5.361575665753743,1315.7509157509157,-1.0,90.03434537711225,0.22194361598521606,
2023-07-31 13:43:05.434000,-9.012048192771084,-3.5903614457831328,1.0963855421686748,-3.5585530349478844,-9.033108522378908,1.6161863887185774,3.0,0.2217782217782218,4509.009009009009,-6.0786667443622155,-0.5178019928908579,5.941728337509468,1308.4249084249084,-1.0,90.03434537711225,0.22194438535936806,
2023-07-31 13:43:05.442000,-9.060240963855422,-3.5421686746987953,1.0963855421686748,-3.543838136112814,-8.954629061925198,1.625996321275291,3.0,0.2217782217782218,4509.009009009009,-6.445078958102673,-0.899481382203835,6.0944000932346585,1298.168498168498,-1.0,90.03434537711225,0.22194516679477164,
2023-07-31 13:43:05.449000,-9.036144578313253,-3.5180722891566267,1.0843373493975905,-3.3795217657878602,-8.991416309012875,1.496014714898835,3.0,0.2217782217782218,4509.009009009009,-6.109201095507253,-0.7926111531962013,6.384476429112521,1287.9120879120878,-1.0,90.03434537711225,0.2219459579708848,
2023-07-31 13:43:05.457000,-9.036144578313253,-3.457831325301205,1.0602409638554218,-3.3893316983445736,-9.052728387492335,1.5352544451256898,3.0,0.2217782217782218,4509.009009009009,-6.353475904667559,-1.3880310005244456,6.537148184837712,1277.6556776556777,-1.0,90.03434537711225,0.2219467565661871,
2023-07-31 13:43:05.465000,-9.048192771084338,-3.4457831325301207,1.036144578313253,-3.445738810545677,-8.996321275291232,1.5033721643163702,3.0,0.2217782217782218,4509.009009009009,-6.765689645125574,-2.548336344035896,6.705087116135422,1265.9340659340658,-1.0,90.03434537711225,0.2219475602659927,
2023-07-31 13:43:05.472000,-9.048192771084338,-3.4457831325301207,1.036144578313253,-3.421213979153893,-8.991416309012875,1.5303494788473329,3.0,0.2217782217782218,4509.009009009009,-6.903094225278246,-3.9834508478526898,7.163102383310995,1253.4798534798533,-1.0,90.03434537711225,0.22194836676969038,
2023-07-31 13:43:05.480000,-9.0,-3.433734939759036,1.036144578313253,-3.4408338442673205,-8.900674432863273,1.525444512568976,3.0,0.2217782217782218,4509.009009009009,-7.223704912301146,-4.868947031058797,7.5295145970514525,1239.5604395604396,-1.0,90.03434537711225,0.2219491737973869,
2023-07-31 13:43:05.488000,-8.987951807228916,-3.457831325301205,1.0481927710843375,-3.4506437768240343,-8.925199264255058,1.5475168608215817,3.0,0.2217782217782218,4509.009009009009,-7.284773614591223,-5.326962298234369,7.911193986364429,1227.106227106227,-1.0,90.03434537711225,0.22194997909593145,
2023-07-31 13:43:05.495000,-8.963855421686748,-3.4457831325301207,1.072289156626506,-3.315757204169221,-8.939914163090128,1.6210913549969344,3.0,0.2217782217782218,4509.009009009009,-7.910727813064505,-6.410931763883224,8.079132917662138,1215.3846153846152,-1.0,90.03434537711225,0.2219507804443069,
2023-07-31 13:43:05.503000,-8.975903614457831,-3.457831325301205,1.1325301204819278,-3.421213979153893,-8.90803188228081,1.5941140404659717,3.0,0.2217782217782218,4509.009009009009,-8.032865217644659,-7.632305809684751,7.804323757356796,1204.3956043956043,-1.0,90.03434537711225,0.22195157579712507,
2023-07-31 13:43:05.511000,-9.0,-3.457831325301205,1.2048192771084338,-3.408951563458001,-9.023298589822195,1.7265481299816063,3.0,0.2217782217782218,4509.009009009009,-8.307674377950002,-8.548336344035896,8.170735971097253,1194.1391941391942,-1.0,90.03434537711225,0.2219523631295964,
2023-07-31 13:43:05.518000,-9.024096385542169,-3.4457831325301207,1.2530120481927711,-3.408951563458001,-8.996321275291232,1.7412630288166768,3.0,0.2217782217782218,4509.009009009009,-8.399277431385116,-8.624672221898491,8.338674902394963,1185.3479853479853,-1.0,90.03434537711225,0.22195314031336708,
2023-07-31 13:43:05.526000,-9.072289156626507,-3.4457831325301207,1.2891566265060241,-3.443286327406499,-9.050275904353157,1.7731453096259961,3.0,0.2217782217782218,4509.009009009009,-8.948895751995803,-9.021618786783987,7.911193986364429,1177.2893772893772,-1.0,90.03434537711225,0.2219539052684212,
2023-07-31 13:43:05.534000,-9.084337349397591,-3.433734939759036,1.3012048192771084,-3.3819742489270386,-9.06008583690987,1.7952176578786019,3.0,0.2217782217782218,4509.009009009009,-8.948895751995803,-9.281160771516811,7.651652001631605,1169.9633699633698,-1.0,90.03434537711225,0.22195465596506206,
2023-07-31 13:43:05.541000,-9.096385542168676,-3.457831325301205,1.3373493975903614,-3.438381361128142,-9.084610668301655,1.7976701410177804,3.0,0.2217782217782218,4509.009009009009,-9.284773614591224,-8.838412679913759,7.300506963463667,1161.904761904762,-1.0,90.03434537711225,0.2219553904252762,
2023-07-31 13:43:05.549000,-9.10843373493976,-3.4457831325301207,1.3253012048192772,-3.4580012262415694,-9.084610668301655,1.8761496014714898,3.0,0.2217782217782218,4509.009009009009,-9.284773614591224,-8.930015733348872,7.285239787891147,1155.3113553113553,-1.0,90.03434537711225,0.22195610672351043,
2023-07-31 13:43:05.557000,-9.10843373493976,-3.493975903614458,1.3373493975903614,-3.4702636419374615,-9.064990803188227,1.8393623543838136,3.0,0.2217782217782218,4509.009009009009,-9.33057514130878,-8.334595886020628,6.766155818425498,1151.6483516483515,-1.0,90.03434537711225,0.22195680298688306,
2023-07-31 13:43:05.564000,-9.096385542168676,-3.457831325301205,1.3373493975903614,-3.467811158798283,-9.067443286327405,1.8614347026364193,3.0,0.2217782217782218,4509.009009009009,-9.452712545888932,-7.8002447409824605,6.705087116135422,1149.4505494505493,-1.0,90.03434537711225,0.22195747725611759,
2023-07-31 13:43:05.572000,-9.072289156626507,-3.4457831325301207,1.3253012048192772,-3.438381361128142,-9.064990803188227,1.8491722869405272,3.0,0.2217782217782218,4509.009009009009,-9.132101858866031,-6.7926111531962015,6.613484062700308,1149.4505494505493,-1.0,90.03434537711225,0.22195812750510635,
2023-07-31 13:43:05.580000,-9.048192771084338,-3.421686746987952,1.3012048192771084,-3.4114040465971796,-9.03065603923973,1.7118332311465358,3.0,0.2217782217782218,4509.009009009009,-9.223704912301146,-6.441466115028263,6.476079482547636,1150.18315018315,-1.0,90.03434537711225,0.22195875178763366,
2023-07-31 13:43:05.587000,-9.024096385542169,-3.397590361445783,1.2771084337349399,-3.350091968117719,-9.038013488657265,1.7706928264868178,3.0,0.2217782217782218,4509.009009009009,-9.00996445428588,-6.288794359303071,5.74325505506672,1153.8461538461538,-1.0,90.03434537711225,0.22195934823458607,
2023-07-31 13:43:05.595000,-9.036144578313253,-3.36144578313253,1.2530120481927711,-3.3353770692826483,-9.025751072961373,1.765787860208461,3.0,0.2217782217782218,4509.009009009009,-8.82675834741565,-6.334595886020629,6.002797039799544,1156.7765567765566,-1.0,90.03434537711225,0.22195991505099405,
2023-07-31 13:43:05.603000,-9.024096385542169,-3.349397590361446,1.2650602409638554,-3.2716125076640097,-9.020846106683017,1.7805027590435314,3.0,0.2217782217782218,4509.009009009009,-8.719888118408017,-6.380397412738186,5.560048948196491,1157.5091575091574,-1.0,90.03434537711225,0.22196045051294438,
2023-07-31 13:43:05.610000,-9.0,-3.3373493975903616,1.2409638554216869,-3.3353770692826483,-8.949724095646841,1.7633353770692826,3.0,0.2217782217782218,4509.009009009009,-8.445078958102673,-6.563603519608415,5.682186352776643,1161.1721611721612,-1.0,90.03434537711225,0.22196095296441357,
2023-07-31 13:43:05.618000,-8.987951807228916,-3.313253012048193,1.2289156626506024,-3.2691600245248313,-8.96934396076027,1.6946658491722868,3.0,0.2217782217782218,4509.009009009009,-8.124468271079772,-6.868947031058797,5.621117650486567,1164.8351648351647,-1.0,90.03434537711225,0.22196142081406572,
2023-07-31 13:43:05.626000,-8.963855421686748,-3.2650602409638556,1.1686746987951808,-3.244635193133047,-8.881054567749846,1.753525444512569,3.0,0.2217782217782218,4509.009009009009,-7.9870636909271004,-8.48726764174582,5.392110016898781,1170.6959706959706,-1.0,90.03434537711225,0.2219618525320573,
2023-07-31 13:43:05.633000,-8.927710843373495,-3.240963855421687,1.2048192771084338,-3.139178418148375,-8.96934396076027,1.672593500919681,3.0,0.2217782217782218,4509.009009009009,-7.9870636909271004,-8.48726764174582,5.392110016898781,1175.0915750915751,-1.0,90.03434537711225,0.22196224664689368,
2023-07-31 13:43:05.641000,-8.975903614457831,-3.216867469879518,1.2409638554216869,-3.1955855303494785,-8.988963825873697,1.7559779276517473,3.0,0.2217782217782218,4509.009009009009,-7.6664530039042,-8.97581726006643,5.651652001631605,1180.2197802197802,-1.0,90.03434537711225,0.22196260174237828,
2023-07-31 13:43:05.649000,-9.012048192771084,-3.240963855421687,1.2409638554216869,-3.1980380134886572,-9.006131207847945,1.7510729613733904,3.0,0.2217782217782218,4509.009009009009,-7.956529339782063,-9.464366878387041,5.926461161936949,1186.080586080586,-1.0,90.03434537711225,0.22196291645469535,
2023-07-31 13:43:05.656000,-9.072289156626507,-3.240963855421687,1.3012048192771084,-3.2103004291845494,-9.10668301655426,1.8148375229920293,3.0,0.2217782217782218,4509.009009009009,-7.941262164209544,-10.48726764174582,6.2012703222422925,1192.6739926739926,-1.0,90.03434537711225,0.22196318960841066,
2023-07-31 13:43:05.664000,-9.156626506024097,-3.253012048192771,1.3373493975903614,-3.2372777437155116,-9.266094420600858,1.78295524218271,3.0,0.2217782217782218,4509.009009009009,-8.00233086649962,-10.930015733348872,6.537148184837712,1201.4652014652013,-1.0,90.03434537711225,0.22196342005479947,
2023-07-31 13:43:05.672000,-9.253012048192772,-3.289156626506024,1.4096385542168675,-3.315757204169221,-9.219497240956468,1.9104843654199877,3.0,0.2217782217782218,4509.009009009009,-8.429811782530154,-11.63230580968475,6.689819940562903,1213.1868131868132,-1.0,90.03434537711225,0.2219636065419302,
2023-07-31 13:43:05.679000,-9.325301204819278,-3.289156626506024,1.457831325301205,-3.232372777437155,-9.300429184549357,1.9521765787860208,3.0,0.2217782217782218,4509.009009009009,-8.49088048482023,-11.326962298234369,6.90356039857817,1228.5714285714284,-1.0,90.03434537711225,0.22196374786172535,
2023-07-31 13:43:05.687000,-9.313253012048193,-3.1927710843373496,1.5060240963855422,-3.021459227467811,-9.427958307786634,2.2047823421213977,3.0,0.2217782217782218,4509.009009009009,-8.567216362682826,-11.372763824951926,6.720354291707941,1253.4798534798533,-1.0,90.03434537711225,0.2219638428480238,
2023-07-31 13:43:05.695000,-9.301204819277109,-3.180722891566265,1.530120481927711,-3.264255058246474,-9.285714285714285,1.8957694665849172,3.0,0.2217782217782218,4509.009009009009,-6.063399568789697,-21.036885962356507,8.186003146669773,1291.5750915750914,-1.0,90.03434537711225,0.22196389037496517,
2023-07-31 13:43:05.702000,-9.27710843373494,-3.397590361445783,1.4819277108433735,-3.3353770692826483,-9.199877375843041,1.9448191293684856,3.0,0.2217782217782218,4509.009009009009,-6.521414835965269,-12.914748557776354,6.07913291766214,1340.6593406593406,-1.0,90.03434537711225,0.22196388935572,
2023-07-31 13:43:05.710000,-9.216867469879519,-3.3734939759036147,1.5180722891566265,-3.2691600245248313,-9.062538320049049,2.0453709380748006,3.0,0.2217782217782218,4509.009009009009,-10.67408659169046,-13.418565351669484,4.7508886428529795,1401.4652014652013,-1.0,90.03434537711225,0.2219638388803304,
2023-07-31 13:43:05.718000,-9.096385542168676,-3.27710843373494,1.5180722891566265,-3.156345800122624,-9.10668301655426,2.040465971796444,3.0,0.2217782217782218,4509.009009009009,-8.872559874133207,-12.365130237165667,3.636384826059086,1470.3296703296703,-1.0,90.03434537711225,0.22196373819480242,
2023-07-31 13:43:05.725000,-9.036144578313253,-3.253012048192771,1.566265060240964,-3.202942979767014,-9.033108522378908,2.1434702636419374,3.0,0.2217782217782218,4509.009009009009,-9.559582774896567,-12.029252374570246,4.07913291766214,1542.8571428571427,-1.0,90.03434537711225,0.2219635864142227,
2023-07-31 13:43:05.733000,-8.987951807228916,-3.3012048192771086,1.602409638554217,-3.313304721030043,-8.957081545064376,2.12385039852851,3.0,0.22222222222222224,4500.0,-9.971796515354582,-12.563603519608415,4.323407726822445,1614.6520146520145,-1.0,90.03434537711225,0.22196338268325033,
2023-07-31 13:43:05.741000,-8.891566265060241,-3.313253012048193,1.5903614457831325,-3.3304721030042916,-8.84181483752299,2.160637645616186,3.0,0.2217782217782218,4509.009009009009,-10.414544606957636,-12.441466115028263,3.941728337509468,1681.3186813186812,-1.0,90.03434537711225,0.22196312631583714,
2023-07-31 13:43:05.748000,-8.867469879518072,-3.36144578313253,1.602409638554217,-3.3402820355610054,-8.807480073574494,2.1017780502759043,3.0,0.2217782217782218,4509.009009009009,-10.521414835965269,-11.342229473806889,4.308140551249926,1743.5897435897434,-1.0,90.03434537711225,0.22196281667961335,
2023-07-31 13:43:05.756000,-8.843373493975903,-3.421686746987952,1.6506024096385543,-3.462906192519926,-8.89086450030656,2.118945432250153,3.0,0.2217782217782218,4509.009009009009,-10.704620942835497,-11.036885962356507,4.491346658120155,1796.3369963369962,-1.0,90.03434537711225,0.22196245302798384,
2023-07-31 13:43:05.763000,-8.843373493975903,-3.433734939759036,1.63855421686747,-3.3819742489270386,-8.871244635193133,2.1630901287553645,3.0,0.2217782217782218,4509.009009009009,-10.261872851232445,-10.548336344035896,5.163102383310995,1837.3626373626373,-1.0,90.03434537711225,0.22196203451271923,
2023-07-31 13:43:05.771000,-8.831325301204819,-3.4698795180722892,1.6626506024096386,-3.4310239117106067,-8.851624770079706,2.1312078479460452,3.0,0.2217782217782218,4509.009009009009,-10.292407202377483,-9.81551191655498,5.3157741390361855,1863.7362637362637,-1.0,90.03434537711225,0.22196156033488723,
2023-07-31 13:43:05.779000,-8.891566265060241,-3.4819277108433737,1.6265060240963856,-3.467811158798283,-8.90803188228081,2.1630901287553645,3.0,0.2217782217782218,4509.009009009009,-10.460346133675193,-9.113221840219103,5.819590932929315,1876.1904761904761,-1.0,90.03434537711225,0.2219610298856149,
2023-07-31 13:43:05.786000,-8.879518072289157,-3.4819277108433737,1.6265060240963856,-3.497240956468424,-8.871244635193133,2.1729000613120784,3.0,0.2217782217782218,4509.009009009009,-10.139735446652292,-8.685740924188568,6.109667268807177,1876.1904761904761,-1.0,90.03434537711225,0.2219604425893261,
2023-07-31 13:43:05.794000,-8.855421686746988,-3.4819277108433737,1.63855421686747,-3.4702636419374615,-8.868792152053954,2.1508277130594724,3.0,0.2217782217782218,4509.009009009009,-9.895460637491986,-8.746809626478644,6.23180467338733,1864.4688644688642,-1.0,90.03434537711225,0.22195979791758688,
2023-07-31 13:43:05.802000,-8.855421686746988,-3.530120481927711,1.6626506024096386,-3.514408338442673,-8.84426732066217,2.141017780502759,3.0,0.2217782217782218,4509.009009009009,-10.063399568789697,-9.357496649379407,6.445545131402597,1838.8278388278386,-1.0,90.03434537711225,0.2219590955208458,
2023-07-31 13:43:05.809000,-8.831325301204819,-3.5421686746987953,1.6867469879518073,-3.5217657878602084,-8.84426732066217,2.2268546903740036,3.0,0.2217782217782218,4509.009009009009,-10.093933919934734,-9.12848901579162,7.025697803158323,1805.128205128205,-1.0,90.03434537711225,0.22195833508356372,
2023-07-31 13:43:05.817000,-8.843373493975903,-3.5903614457831328,1.6506024096385543,-3.56591048436542,-8.82709993868792,2.177805027590435,3.0,0.22222222222222224,4500.0,-9.956529339782062,-9.617038634112232,6.9798962764407655,1763.3699633699632,-1.0,90.03434537711225,0.2219575163287058,
2023-07-31 13:43:05.825000,-8.843373493975903,-3.6385542168674703,1.6987951807228916,-3.6174126302881664,-8.817290006131207,2.2342121397915387,3.0,0.22222222222222224,4500.0,-9.987063690927101,-9.937649321135133,6.949361925295728,1720.8791208791208,-1.0,90.03434537711225,0.22195663917156547,
2023-07-31 13:43:05.832000,-8.843373493975903,-3.6506024096385543,1.7349397590361446,-3.683629675045984,-8.868792152053954,2.212139791538933,3.0,0.22222222222222224,4500.0,-9.819124759629391,-11.113221840219103,7.07149932987588,1672.5274725274724,-1.0,90.03434537711225,0.22195570374618345,
2023-07-31 13:43:05.840000,-8.855421686746988,-3.6746987951807233,1.7590361445783134,-3.6419374616799507,-8.817290006131207,2.27835683629675,3.0,0.2217782217782218,4509.009009009009,-9.712254530621758,-11.449099702814522,6.598216887127789,1624.9084249084249,-1.0,90.03434537711225,0.22195471013405826,
2023-07-31 13:43:05.848000,-8.843373493975903,-3.7108433734939763,1.7710843373493976,-3.6713672593500917,-8.800122624156959,2.275904353157572,3.0,0.22222222222222224,4500.0,-9.803857584056871,-10.838412679913759,6.766155818425498,1578.021978021978,-1.0,90.03434537711225,0.2219536582415729,
2023-07-31 13:43:05.855000,-8.843373493975903,-3.698795180722892,1.746987951807229,-3.7302268546903736,-8.822194972409564,2.3200490496627832,3.0,0.2217782217782218,4509.009009009009,-9.83439193520191,-10.31932871044811,7.224171085601071,1534.065934065934,-1.0,90.03434537711225,0.22195254822059238,
2023-07-31 13:43:05.863000,-8.879518072289157,-3.662650602409639,1.746987951807229,-3.607602697731453,-8.893316983445738,2.2611894543225013,3.0,0.2217782217782218,4509.009009009009,-9.544315599324047,-9.876580618845056,7.2089039100285515,1495.2380952380952,-1.0,90.03434537711225,0.22195138046311014,
2023-07-31 13:43:05.871000,-8.891566265060241,-3.6506024096385543,1.7590361445783134,-3.5683629675045982,-8.858982219497241,2.229307173513182,3.0,0.22222222222222224,4500.0,-9.040498805430918,-9.357496649379407,7.117300856593437,1459.3406593406592,-1.0,90.03434537711225,0.22195015515928485,
2023-07-31 13:43:05.878000,-8.891566265060241,-3.6385542168674703,1.7349397590361446,-3.5757204169221333,-8.873697118332311,2.275904353157572,3.0,0.2217782217782218,4509.009009009009,-9.208437736728628,-8.45673329060078,6.827224520715575,1426.3736263736262,-1.0,90.03434537711225,0.22194887274959652,
2023-07-31 13:43:05.886000,-8.927710843373495,-3.626506024096386,1.746987951807229,-3.5536480686695278,-8.90803188228081,2.2342121397915387,3.0,0.2217782217782218,4509.009009009009,-8.903094225278245,-7.64757298525727,6.582949711555269,1395.6043956043954,658.75244140625,91.08125636986937,0.2219475339297588,
2023-07-31 13:43:05.894000,-8.903614457831326,-3.5662650602409642,1.6987951807228916,-3.548743102391171,-8.881054567749846,2.2268546903740036,3.0,0.2217782217782218,4509.009009009009,-8.475613309247711,-7.220092069226736,6.659285589417864,1364.102564102564,-1.0,91.08125636986937,0.22194613934709698,
2023-07-31 13:43:05.901000,-8.903614457831326,-3.5421686746987953,1.710843373493976,-3.5217657878602084,-8.883507050889024,2.2047823421213977,3.0,0.2217782217782218,4509.009009009009,-8.200804148942368,-6.2277256570129955,6.949361925295728,1337.7289377289376,-1.0,91.08125636986937,0.22194468974373963,
2023-07-31 13:43:05.909000,-8.927710843373495,-3.530120481927711,1.7349397590361446,-3.4898835070508887,-8.912936848559166,2.241569589209074,3.0,0.2217782217782218,4509.009009009009,-8.200804148942368,-6.2277256570129955,6.949361925295728,1313.5531135531135,-1.0,91.08125636986937,0.221943185960668,
2023-07-31 13:43:05.917000,-8.93975903614458,-3.4698795180722892,1.7228915662650603,-3.4506437768240343,-8.910484365419988,2.2562844880441446,3.0,0.2217782217782218,4509.009009009009,-8.139735446652292,-5.693374511974827,7.132568032165956,1290.10989010989,-1.0,91.08125636986937,0.22194162894132405,
2023-07-31 13:43:05.924000,-8.927710843373495,-3.4096385542168677,1.710843373493976,-3.4163090128755362,-8.895769466584916,2.1851624770079705,3.0,0.2217782217782218,4509.009009009009,-7.8649262863469485,-4.4567332906007815,6.705087116135422,1268.131868131868,-1.0,91.08125636986937,0.2219400197347476,
2023-07-31 13:43:05.932000,-8.951807228915664,-3.36144578313253,1.6867469879518073,-3.2789699570815447,-8.976701410177805,2.246474555487431,3.0,0.2217782217782218,4509.009009009009,-7.132101858866032,-3.3727638249519263,6.6440184138453455,1247.6190476190475,-1.0,91.08125636986937,0.22193835949819876,
2023-07-31 13:43:05.940000,-9.0,-3.325301204819277,1.710843373493976,-3.320662170447578,-9.011036174126302,2.288166768853464,3.0,0.2217782217782218,4509.009009009009,-7.361109492453818,-3.097954664646583,6.247071848959849,1225.6410256410256,-1.0,91.08125636986937,0.2219366494992398,
2023-07-31 13:43:05.947000,-9.0,-3.3012048192771086,1.710843373493976,-3.2299202942979766,-8.974248927038627,2.2440220723482525,3.0,0.2217782217782218,4509.009009009009,-6.948895751995803,-2.4109317638832244,6.476079482547636,1203.6630036630036,-1.0,91.08125636986937,0.22193489097849708,
2023-07-31 13:43:05.955000,-8.975903614457831,-3.289156626506024,1.6867469879518073,-3.1931330472103,-8.981606376456162,2.2268546903740036,3.0,0.2217782217782218,4509.009009009009,-6.765689645125574,-1.9071149699900944,6.23180467338733,1179.4871794871794,-1.0,91.08125636986937,0.22193308530970327,
2023-07-31 13:43:05.963000,-9.0,-3.289156626506024,1.7228915662650603,-3.266707541385653,-8.993868792152053,2.2268546903740036,3.0,0.2217782217782218,4509.009009009009,-6.99469727871336,-1.4643668783870412,6.048598566517102,1158.2417582417581,-1.0,91.08125636986937,0.2219312341276037,
2023-07-31 13:43:05.970000,-9.0,-3.289156626506024,1.7349397590361446,-3.2004904966278356,-9.018393623543838,2.2145922746781115,3.0,0.2217782217782218,4509.009009009009,-7.223704912301146,-1.2353592447992547,5.7585222306392385,1142.1245421245421,-1.0,91.08125636986937,0.2219293391785207,
2023-07-31 13:43:05.978000,-9.024096385542169,-3.27710843373494,1.746987951807229,-3.2299202942979766,-8.974248927038627,2.2636419374616796,3.0,0.2217782217782218,4509.009009009009,-7.284773614591223,-1.3422294738068885,6.048598566517102,1133.3333333333333,-1.0,91.08125636986937,0.22192740231955663,
2023-07-31 13:43:05.986000,-9.036144578313253,-3.2650602409638556,1.7710843373493976,-3.261802575107296,-8.988963825873697,2.2660944206008584,3.0,0.2217782217782218,4509.009009009009,-7.284773614591223,-1.1284890157916212,5.89592681079191,1134.7985347985348,-1.0,91.08125636986937,0.22192542551713657,
2023-07-31 13:43:05.993000,-9.024096385542169,-3.27710843373494,1.7590361445783134,-3.2495401594114037,-9.001226241569588,2.275904353157572,3.0,0.2217782217782218,4509.009009009009,-7.345842316881299,-1.0368859623565068,5.498980245906415,1143.5897435897434,-1.0,91.08125636986937,0.22192341084487854,
2023-07-31 13:43:06.001000,-9.036144578313253,-3.27710843373494,1.7710843373493976,-3.202942979767014,-9.033108522378908,2.2660944206008584,3.0,0.2217782217782218,4509.009009009009,-7.406911019171376,-1.067420313501545,5.834858108501834,1156.7765567765566,-1.0,91.08125636986937,0.22192136048079097,
2023-07-31 13:43:06.009000,-9.012048192771084,-3.2650602409638556,1.746987951807229,-3.215205395462906,-8.99877375843041,2.280809319435929,3.0,0.2217782217782218,4509.009009009009,-7.590117126041605,-1.8307790921274991,5.468445894761376,1176.5567765567764,-1.0,91.08125636986937,0.2219192765650464,
2023-07-31 13:43:06.016000,-9.012048192771084,-3.253012048192771,1.7349397590361446,-3.173513182096873,-8.996321275291232,2.3028816676885344,3.0,0.2217782217782218,4509.009009009009,-7.5290484237515285,-1.7849775654099418,5.285239787891148,1194.8717948717947,-1.0,91.08125636986937,0.22191716135496498,
2023-07-31 13:43:06.024000,-8.951807228915664,-3.253012048192771,1.7228915662650603,-3.163703249540159,-8.939914163090128,2.209687308399755,3.0,0.22222222222222224,4500.0,-7.635918652759162,-1.601771458539713,5.5295145970514525,1211.7216117216117,-1.0,91.08125636986937,0.22191501734782665,
2023-07-31 13:43:06.032000,-8.951807228915664,-3.240963855421687,1.710843373493976,-3.180870631514408,-8.959534028203556,2.251379521765788,3.0,0.2217782217782218,4509.009009009009,-7.483246897033971,-1.8613134432725373,5.376842841326262,1226.3736263736264,-1.0,91.08125636986937,0.2219128471368704,
2023-07-31 13:43:06.039000,-8.927710843373495,-3.240963855421687,1.710843373493976,-3.202942979767014,-8.92274678111588,2.182709993868792,3.0,0.2217782217782218,4509.009009009009,-7.712254530621757,-1.632305809684751,5.590583299341529,1238.095238095238,-1.0,91.08125636986937,0.22191065343713193,
2023-07-31 13:43:06.047000,-8.91566265060241,-3.2289156626506026,1.674698795180723,-3.2078479460453706,-8.873697118332311,2.141017780502759,3.0,0.2217782217782218,4509.009009009009,-7.574849950469085,-1.9071149699900944,6.0944000932346585,1246.8864468864467,-1.0,91.08125636986937,0.22190843904763788,
2023-07-31 13:43:06.055000,-8.903614457831326,-3.204819277108434,1.63855421686747,-3.163703249540159,-8.883507050889024,2.190067443286327,3.0,0.2217782217782218,4509.009009009009,-7.696987355049238,-1.7239088631198656,5.972262688654506,1256.4102564102564,-1.0,91.08125636986937,0.2219062068341841,
2023-07-31 13:43:06.062000,-8.903614457831326,-3.180722891566265,1.63855421686747,-3.0606989576946657,-8.86143470263642,2.148375229920294,3.0,0.2217782217782218,4509.009009009009,-7.880193461919467,-3.1437561913641403,5.5295145970514525,1263.003663003663,-1.0,91.08125636986937,0.22190395958334735,
2023-07-31 13:43:06.070000,-8.891566265060241,-3.1566265060240966,1.6626506024096386,-3.134273451870018,-8.959534028203556,2.148375229920294,3.0,0.2217782217782218,4509.009009009009,-7.788590408484353,-4.13612260357788,6.23180467338733,1266.6666666666665,-1.0,91.08125636986937,0.22190170015384333,
2023-07-31 13:43:06.078000,-8.93975903614458,-3.144578313253012,1.6987951807228916,-3.0386266094420598,-8.935009196811771,2.2047823421213977,3.0,0.2217782217782218,4509.009009009009,-7.8649262863469485,-4.899481382203835,6.262339024532369,1268.8644688644688,-1.0,91.08125636986937,0.22189943145712152,
2023-07-31 13:43:06.085000,-9.024096385542169,-3.1566265060240966,1.710843373493976,-3.0656039239730224,-9.096873083997547,2.21704475781729,3.0,0.2217782217782218,4509.009009009009,-8.078666744362215,-5.067420313501545,6.6440184138453455,1268.131868131868,-1.0,91.08125636986937,0.22189715631991447,
2023-07-31 13:43:06.093000,-9.10843373493976,-3.108433734939759,1.7590361445783134,-3.0705088902513795,-9.062538320049049,2.258736971183323,3.0,0.2217782217782218,4509.009009009009,-8.231338500087405,-5.525435580677117,6.811957345143056,1264.4688644688645,-1.0,91.08125636986937,0.22189487776202066,
2023-07-31 13:43:06.101000,-9.144578313253012,-3.108433734939759,1.7228915662650603,-3.1072961373390555,-9.143470263641937,2.190067443286327,3.0,0.2217782217782218,4509.009009009009,-8.567216362682826,-5.494901229532079,6.613484062700308,1256.4102564102564,-1.0,91.08125636986937,0.2218925989654773,
2023-07-31 13:43:06.108000,-9.144578313253012,-3.096385542168675,1.7228915662650603,-3.0876762722256283,-9.094420600858369,2.219497240956468,3.0,0.2217782217782218,4509.009009009009,-9.040498805430918,-5.403298176096965,6.369209253540002,1242.4908424908424,-1.0,91.08125636986937,0.2218903231159778,
2023-07-31 13:43:06.116000,-9.144578313253012,-3.072289156626506,1.674698795180723,-3.0190067443286326,-9.094420600858369,2.1729000613120784,3.0,0.2217782217782218,4509.009009009009,-9.269506439018704,-5.937649321135132,5.483713070333895,1226.3736263736264,-1.0,91.08125636986937,0.22188805339328796,
2023-07-31 13:43:06.123000,-9.120481927710843,-3.072289156626506,1.674698795180723,-3.050889025137952,-9.06008583690987,2.177805027590435,3.0,0.2217782217782218,4509.009009009009,-9.055765981003436,-6.441466115028263,5.193636734456033,1208.058608058608,-1.0,91.08125636986937,0.2218857929614095,
2023-07-31 13:43:06.131000,-9.060240963855422,-3.072289156626506,1.6506024096385543,-3.0165542611894542,-9.03065603923973,2.1508277130594724,3.0,0.2217782217782218,4509.009009009009,-9.529048423751528,-6.838412679913758,4.995163452013284,1185.3479853479853,-1.0,91.08125636986937,0.22188354495853813,
2023-07-31 13:43:06.139000,-9.012048192771084,-3.024096385542169,1.63855421686747,-3.0067443286327404,-8.979153893316983,2.1729000613120784,3.0,0.2217782217782218,4509.009009009009,-9.696987355049238,-6.533069168463377,4.857758871860613,1160.4395604395604,-1.0,91.08125636986937,0.22188131248687018,
2023-07-31 13:43:06.146000,-9.012048192771084,-3.0120481927710845,1.6987951807228916,-2.952789699570815,-8.96934396076027,2.2145922746781115,3.0,0.2217782217782218,4509.009009009009,-9.895460637491986,-6.563603519608415,5.010430627585804,1139.9267399267399,-1.0,91.08125636986937,0.2218790984635502,
2023-07-31 13:43:06.154000,-9.048192771084338,-3.0481927710843375,1.7349397590361446,-3.033721643163703,-9.062538320049049,2.2023298589822193,3.0,0.2217782217782218,4509.009009009009,-9.880193461919466,-6.059786725715285,4.735621467280461,1122.3443223443223,-1.0,91.08125636986937,0.221876905769451,
2023-07-31 13:43:06.162000,-9.10843373493976,-3.0481927710843375,1.7590361445783134,-2.9576946658491723,-9.038013488657265,2.2562844880441446,3.0,0.2217782217782218,4509.009009009009,-10.521414835965269,-5.601771458539712,4.628751238272827,1108.4249084249084,-1.0,91.08125636986937,0.22187473736643537,
2023-07-31 13:43:06.169000,-9.156626506024097,-3.0481927710843375,1.7228915662650603,-2.94543225015328,-9.148375229920294,2.2317596566523603,3.0,0.2217782217782218,4509.009009009009,-10.32294155352252,-5.097954664646583,4.323407726822445,1097.4358974358975,-1.0,91.08125636986937,0.22187259613796778,
2023-07-31 13:43:06.177000,-9.180722891566266,-3.0481927710843375,1.6867469879518073,-2.982219497240956,-9.163090128755364,2.1704475781729,3.0,0.2217782217782218,4509.009009009009,-10.551949187110306,-4.945282908921392,3.193636734456033,1092.3076923076922,-1.0,91.08125636986937,0.22187048474038115,
2023-07-31 13:43:06.185000,-9.168674698795181,-3.0481927710843375,1.6506024096385543,-2.9552421827099935,-9.143470263641937,2.141017780502759,3.0,0.2217782217782218,4509.009009009009,-10.551949187110306,-4.945282908921392,3.193636734456033,1090.10989010989,-1.0,91.08125636986937,0.22186840575218827,
2023-07-31 13:43:06.192000,-9.10843373493976,-3.0120481927710845,1.6506024096385543,-2.920907418761496,-9.064990803188227,2.1704475781729,3.0,0.2217782217782218,4509.009009009009,-10.613017889400384,-5.036885962356506,2.140201619952216,1087.179487179487,-1.0,91.08125636986937,0.22186636165334525,
2023-07-31 13:43:06.200000,-9.10843373493976,-3.024096385542169,1.6626506024096386,-2.916002452483139,-9.06008583690987,2.2023298589822193,3.0,0.2217782217782218,4509.009009009009,-10.582483538255344,-5.265893595944293,1.5447817726239719,1084.2490842490843,-1.0,91.08125636986937,0.22186435482595745,
2023-07-31 13:43:06.208000,-9.132530120481928,-3.0481927710843375,1.6987951807228916,-2.9675045984058857,-9.158185162477007,2.2734518700183934,3.0,0.2217782217782218,4509.009009009009,-10.903094225278245,-6.777343977623682,1.2852397878911475,1083.5164835164835,-1.0,91.08125636986937,0.22186238753433538,
2023-07-31 13:43:06.215000,-9.180722891566266,-3.0481927710843375,1.7590361445783134,-3.0067443286327404,-9.229307173513181,2.3028816676885344,3.0,0.2217782217782218,4509.009009009009,-11.193170561156109,-7.082687489074064,0.9951634520132848,1085.7142857142856,-1.0,91.08125636986937,0.22186046192659375,
2023-07-31 13:43:06.223000,-9.216867469879519,-3.108433734939759,1.8192771084337351,-3.0999386879215205,-9.192519926425506,2.4132434089515633,3.0,0.2217782217782218,4509.009009009009,-11.361109492453819,-7.418565351669484,0.6287512382728269,1090.8424908424909,-1.0,91.08125636986937,0.22185858015444782,
2023-07-31 13:43:06.231000,-9.19277108433735,-3.1204819277108435,1.8554216867469882,-3.0459840588595952,-9.150827713059472,2.3838136112814223,3.0,0.2217782217782218,4509.009009009009,-11.49851407260649,-7.525435580677117,0.09440009323465891,1098.168498168498,-1.0,91.08125636986937,0.22185674407801426,
2023-07-31 13:43:06.238000,-9.156626506024097,-3.132530120481928,1.8554216867469882,-3.144083384426732,-9.136112814224402,2.4034334763948495,3.0,0.2217782217782218,4509.009009009009,-11.49851407260649,-6.945282908921392,0.03333139094458258,1106.227106227106,-1.0,91.08125636986937,0.22185495541829017,
2023-07-31 13:43:06.246000,-9.168674698795181,-3.144578313253012,1.8795180722891567,-3.1293684855916615,-9.087063151440834,2.410790925812385,3.0,0.2217782217782218,4509.009009009009,-10.857292698560688,-7.601771458539712,-0.21094341821572277,1116.4835164835165,-1.0,91.08125636986937,0.22185321573991076,
2023-07-31 13:43:06.254000,-9.096385542168676,-3.204819277108434,1.8795180722891567,-3.173513182096873,-9.028203556100552,2.381361128142244,3.0,0.2217782217782218,4509.009009009009,-11.529048423751528,-8.685740924188568,-1.539187693024883,1128.2051282051282,-1.0,91.08125636986937,0.22185152631690416,
2023-07-31 13:43:06.261000,-8.987951807228916,-3.204819277108434,1.8674698795180724,-3.1661557326793375,-8.957081545064376,2.3960760269773145,3.0,0.22133422133422131,4518.054162487462,-11.6664530039042,-8.792611153196201,-1.9666686090554173,1142.1245421245421,-1.0,91.08125636986937,0.22184988841471479,
2023-07-31 13:43:06.269000,-8.903614457831326,-3.204819277108434,1.8433734939759037,-3.2004904966278356,-8.863887185775598,2.3617412630288164,3.0,0.2217782217782218,4509.009009009009,-11.376376668026337,-8.349863061593148,-2.043004486918013,1154.5787545787546,-1.0,91.08125636986937,0.22184830311534637,
2023-07-31 13:43:06.277000,-8.843373493975903,-3.216867469879518,1.8795180722891567,-3.156345800122624,-8.785407725321887,2.3789086450030656,3.0,0.2217782217782218,4509.009009009009,-11.101567507720993,-10.227725657012995,-2.42468387623099,1165.5677655677655,-1.0,91.08125636986937,0.22184677129246602,
2023-07-31 13:43:06.284000,-8.759036144578314,-3.216867469879518,1.9036144578313254,-3.114653586756591,-8.814837522992029,2.393623543838136,3.0,0.2217782217782218,4509.009009009009,-11.315307965736261,-9.357496649379407,-1.722393799895112,1173.6263736263736,-1.0,91.08125636986937,0.22184529362925307,
2023-07-31 13:43:06.292000,-8.783132530120483,-3.2289156626506026,1.927710843373494,-3.185775597792765,-8.773145309625995,2.440220723482526,3.0,0.2217782217782218,4509.009009009009,-10.719888118408017,-7.31169512266185,-0.9437678456966387,1179.4871794871794,-1.0,91.08125636986937,0.22184387049820692,
2023-07-31 13:43:06.300000,-8.891566265060241,-3.313253012048193,1.9759036144578315,-3.266707541385653,-8.900674432863273,2.4671980380134886,3.0,0.2217782217782218,4509.009009009009,-10.796223996270612,-7.204824893654217,-0.027737311345493752,1186.080586080586,-1.0,91.08125636986937,0.22184250224678218,
2023-07-31 13:43:06.307000,-9.012048192771084,-3.36144578313253,2.036144578313253,-3.3868792152053953,-8.976701410177805,2.580012262415696,3.0,0.2217782217782218,4509.009009009009,-10.84202552298817,-8.334595886020628,-0.3636151739409136,1187.5457875457876,-1.0,91.08125636986937,0.22184118903677766,
2023-07-31 13:43:06.315000,-9.024096385542169,-3.3734939759036147,2.072289156626506,-3.313304721030043,-9.06008583690987,2.6609442060085837,3.0,0.2217782217782218,4509.009009009009,-10.872559874133207,-7.861313443272537,-0.5010197540935853,1187.5457875457876,-1.0,91.08125636986937,0.22183993071617406,
2023-07-31 13:43:06.323000,-9.012048192771084,-3.397590361445783,2.096385542168675,-3.345187001839362,-9.018393623543838,2.629061925199264,3.0,0.2217782217782218,4509.009009009009,-10.536682011537788,-6.930015733348873,-0.34834799836839453,1188.278388278388,-1.0,91.08125636986937,0.22183872710736227,
2023-07-31 13:43:06.330000,-8.987951807228916,-3.4096385542168677,2.0843373493975905,-3.4187614960147146,-8.976701410177805,2.629061925199264,3.0,0.2217782217782218,4509.009009009009,-10.246605675659925,-7.204824893654217,-0.7910960899714479,1191.2087912087911,-1.0,91.08125636986937,0.22183757784912886,
2023-07-31 13:43:06.338000,-8.975903614457831,-3.457831325301205,2.132530120481928,-3.396689147762109,-8.942366646229306,2.6683016554261187,3.0,0.2217782217782218,4509.009009009009,-9.956529339782062,-6.533069168463377,-0.4552182273760281,1199.2673992673992,-1.0,91.08125636986937,0.2218364822710766,
2023-07-31 13:43:06.346000,-8.879518072289157,-3.493975903614458,2.1204819277108435,-3.524218270999387,-8.805027590435316,2.6781115879828326,3.0,0.2217782217782218,4509.009009009009,-9.773323232911833,-7.723908863119865,-0.8979663189790815,1216.117216117216,-1.0,91.08125636986937,0.22183543954565954,
2023-07-31 13:43:06.353000,-8.759036144578314,-3.5180722891566267,2.132530120481928,-3.514408338442673,-8.738810545677499,2.6781115879828326,3.0,0.2217782217782218,4509.009009009009,-9.33057514130878,-5.6781073364023085,-0.043004486918012834,1241.7582417582416,-1.0,91.08125636986937,0.22183444869181515,
2023-07-31 13:43:06.361000,-8.650602409638555,-3.5180722891566267,2.1566265060240966,-3.494788473329246,-8.65787860208461,2.6781115879828326,3.0,0.2217782217782218,4509.009009009009,-9.33057514130878,-4.762076802051163,-0.19567624264320366,1278.3882783882782,-1.0,91.08125636986937,0.2218335085794567,
2023-07-31 13:43:06.369000,-8.578313253012048,-3.5180722891566267,2.144578313253012,-3.462906192519926,-8.61128142244022,2.663396689147762,3.0,0.2217782217782218,4509.009009009009,-8.32294155352252,-1.2964279470893312,1.605850474914048,1328.2051282051282,-1.0,91.08125636986937,0.22183261807355517,
2023-07-31 13:43:06.376000,-8.602409638554217,-3.5421686746987953,2.144578313253012,-3.5095033721643163,-8.65787860208461,2.6364193746167994,3.0,0.2217782217782218,4509.009009009009,-7.9870636909271004,-0.1513897791503999,2.644018413845346,1391.2087912087911,-1.0,91.08125636986937,0.22183177588114558,
2023-07-31 13:43:06.384000,-8.650602409638555,-3.5903614457831328,2.1204819277108435,-3.5389331698344573,-8.65787860208461,2.680564071122011,3.0,0.2217782217782218,4509.009009009009,-7.681720179476719,1.0241827399335695,2.674552764990384,1462.2710622710622,-1.0,91.08125636986937,0.22183098043061564,
2023-07-31 13:43:06.392000,-8.710843373493976,-3.5783132530120483,2.1204819277108435,-3.5462906192519923,-8.75107296137339,2.663396689147762,3.0,0.2217782217782218,4509.009009009009,-7.849659110774429,0.9783812132160122,2.90356039857817,1536.9963369963368,-1.0,91.08125636986937,0.2218302301671792,
2023-07-31 13:43:06.399000,-8.698795180722891,-3.5421686746987953,2.096385542168675,-3.4898835070508887,-8.733905579399142,2.6192519926425506,3.0,0.2217782217782218,4509.009009009009,-7.620651477186643,2.2913583124526533,3.7432550550667196,1614.6520146520145,-1.0,91.08125636986937,0.2218295235406026,
2023-07-31 13:43:06.407000,-8.72289156626506,-3.5180722891566267,2.0481927710843375,-3.467811158798283,-8.697118332311465,2.5481299816063765,3.0,0.2217782217782218,4509.009009009009,-7.208437736728627,3.329526251383951,4.24707184895985,1688.6446886446886,-1.0,91.08125636986937,0.22182885886594908,
2023-07-31 13:43:06.415000,-8.734939759036145,-3.4698795180722892,2.060240963855422,-3.3648068669527893,-8.73635806253832,2.6020846106683013,3.0,0.22133422133422131,4518.054162487462,-6.796223996270612,3.879144571994638,4.9798962764407655,1751.6483516483515,-1.0,91.08125636986937,0.22182823433399596,
2023-07-31 13:43:06.422000,-8.843373493975903,-3.4698795180722892,2.0481927710843375,-3.465358675659105,-8.822194972409564,2.6069895769466584,3.0,0.2217782217782218,4509.009009009009,-6.933628576423284,3.1768544956587603,5.544781772623971,1807.3260073260071,-1.0,91.08125636986937,0.2218276478726818,
2023-07-31 13:43:06.430000,-8.867469879518072,-3.457831325301205,2.036144578313253,-3.404046597179644,-8.903126916002453,2.582464745554874,3.0,0.2217782217782218,4509.009009009009,-6.811491171843131,3.146320144513722,5.392110016898781,1850.5494505494505,-1.0,91.08125636986937,0.22182709728553432,
2023-07-31 13:43:06.438000,-8.91566265060241,-3.4457831325301207,2.072289156626506,-3.354996934396076,-8.95217657878602,2.5652973635806253,3.0,0.2217782217782218,4509.009009009009,-7.132101858866032,3.0241827399335692,5.697453528349162,1879.8534798534797,-1.0,91.08125636986937,0.22182658042182815,
2023-07-31 13:43:06.445000,-8.903614457831326,-3.433734939759036,2.0120481927710845,-3.408951563458001,-8.935009196811771,2.4843654199877374,3.0,0.2217782217782218,4509.009009009009,-6.9794301031408414,2.5356331216129586,5.621117650486567,1893.040293040293,-1.0,91.08125636986937,0.22182609491027677,
2023-07-31 13:43:06.453000,-8.891566265060241,-3.397590361445783,1.963855421686747,-3.3402820355610054,-8.885959534028203,2.4451256897608826,3.0,0.2217782217782218,4509.009009009009,-6.887827049705727,3.5585338849717374,5.819590932929315,1888.6446886446886,-1.0,91.08125636986937,0.22182563832945693,
2023-07-31 13:43:06.461000,-8.855421686746988,-3.349397590361446,1.9156626506024097,-3.3059472716125073,-8.800122624156959,2.398528510116493,3.0,0.2217782217782218,4509.009009009009,-6.887827049705727,3.5585338849717374,5.819590932929315,1871.0622710622708,-1.0,91.08125636986937,0.22182520820802126,
2023-07-31 13:43:06.468000,-8.795180722891567,-3.3012048192771086,1.8433734939759037,-3.2201103617412628,-8.785407725321887,2.459840588595953,3.0,0.2217782217782218,4509.009009009009,-6.84202552298817,3.3753277781015085,6.048598566517102,1838.095238095238,-1.0,91.08125636986937,0.22182480190732873,
2023-07-31 13:43:06.476000,-8.807228915662652,-3.240963855421687,1.8554216867469882,-3.1931330472103,-8.770692826486817,2.398528510116493,3.0,0.2217782217782218,4509.009009009009,-6.903094225278246,1.9402132742847145,5.819590932929315,1792.6739926739926,-1.0,91.08125636986937,0.22182441691967558,
2023-07-31 13:43:06.484000,-8.843373493975903,-3.240963855421687,1.8554216867469882,-3.1710606989576946,-8.86143470263642,2.381361128142244,3.0,0.2217782217782218,4509.009009009009,-6.903094225278246,2.3218926635976915,6.613484062700308,1737.7289377289376,-1.0,91.08125636986937,0.22182405085819634,
2023-07-31 13:43:06.491000,-8.855421686746988,-3.204819277108434,1.8313253012048194,-3.139178418148375,-8.895769466584916,2.351931330472103,3.0,0.2217782217782218,4509.009009009009,-6.99469727871336,2.367694190315249,6.918827574150689,1682.7838827838827,-1.0,91.08125636986937,0.22182370131918533,
2023-07-31 13:43:06.499000,-8.93975903614458,-3.1566265060240966,1.8192771084337351,-3.026364193746168,-8.954629061925198,2.3323114653586754,3.0,0.2217782217782218,4509.009009009009,-7.452712545888933,2.382961365887768,6.9798962764407655,1626.3736263736262,-1.0,91.08125636986937,0.22182336589350157,
2023-07-31 13:43:06.506000,-8.963855421686748,-3.1204819277108435,1.8072289156626506,-3.0876762722256283,-8.964438994481913,2.3077866339668915,3.0,0.2217782217782218,4509.009009009009,-7.651185828331681,2.0928850300099056,6.90356039857817,1570.6959706959706,-1.0,91.08125636986937,0.22182304203895697,
2023-07-31 13:43:06.514000,-9.036144578313253,-3.0843373493975905,1.8192771084337351,-2.9969343960760266,-9.047823421213979,2.300429184549356,3.0,0.2217782217782218,4509.009009009009,-7.83439193520191,1.9249460987121954,6.628751238272827,1517.9487179487178,-1.0,91.08125636986937,0.22182272725026866,
2023-07-31 13:43:06.522000,-9.10843373493976,-3.0481927710843375,1.8433734939759037,-3.0239117106069893,-9.155732679337829,2.364193746167995,3.0,0.2217782217782218,4509.009009009009,-8.292407202377483,0.44403006817784435,6.6440184138453455,1468.131868131868,-1.0,91.08125636986937,0.2218224190583821,
2023-07-31 13:43:06.529000,-9.216867469879519,-3.0843373493975905,1.8313253012048194,-3.0606989576946657,-9.199877375843041,2.31023911710607,3.0,0.2217782217782218,4509.009009009009,-8.964162927568323,-0.12085542800536173,5.987529864227025,1422.7106227106226,-1.0,91.08125636986937,0.22182211505055568,
2023-07-31 13:43:06.537000,-9.265060240963855,-3.0843373493975905,1.8433734939759037,-3.080318822808093,-9.209687308399754,2.410790925812385,3.0,0.2217782217782218,4509.009009009009,-8.887827049705727,-0.3956645883107052,5.91119398636443,1383.150183150183,-1.0,91.08125636986937,0.22182181300777262,
2023-07-31 13:43:06.545000,-9.265060240963855,-3.108433734939759,1.9156626506024097,-3.043531575720417,-9.23175965665236,2.4083384426732066,3.0,0.2217782217782218,4509.009009009009,-9.483246897033972,-0.5025348173183388,5.269972612318628,1346.5201465201465,-1.0,91.08125636986937,0.22182151062620636,
2023-07-31 13:43:06.552000,-9.253012048192772,-3.1204819277108435,1.8795180722891567,-3.0999386879215205,-9.229307173513181,2.351931330472103,3.0,0.2217782217782218,4509.009009009009,-9.452712545888932,-0.731542450906125,4.766155818425498,1313.5531135531135,-1.0,91.08125636986937,0.2218212056853275,
2023-07-31 13:43:06.560000,-9.265060240963855,-3.144578313253012,1.8433734939759037,-3.1122011036174126,-9.20232985898222,2.369098712446352,3.0,0.2217782217782218,4509.009009009009,-9.315307965736261,-0.7773439776236823,3.7279878794942007,1283.5164835164835,-1.0,91.08125636986937,0.22182089618393594,
2023-07-31 13:43:06.568000,-9.228915662650603,-3.1927710843373496,1.8192771084337351,-2.9944819129368483,-9.155732679337829,2.339668914776211,3.0,0.22133422133422131,4518.054162487462,-9.284773614591224,-0.7926111531962013,3.208903910028552,1252.014652014652,643.4326171875,93.2498577120091,0.2218205801988864,
2023-07-31 13:43:06.575000,-9.156626506024097,-3.1927710843373496,1.7831325301204821,-3.114653586756591,-9.143470263641937,2.3249540159411404,3.0,0.2217782217782218,4509.009009009009,-9.284773614591224,-1.800244740982461,2.1554687955247354,1223.4432234432234,-1.0,93.2498577120091,0.2218202557431941,
2023-07-31 13:43:06.583000,-9.036144578313253,-3.1927710843373496,1.7590361445783134,-3.1710606989576946,-9.038013488657265,2.31023911710607,3.0,0.2217782217782218,4509.009009009009,-8.643552240545421,-2.0292523745702473,0.9951634520132848,1196.3369963369962,-1.0,93.2498577120091,0.22181992090020286,
2023-07-31 13:43:06.591000,-8.975903614457831,-3.216867469879518,1.7831325301204821,-3.161250766400981,-8.991416309012875,2.322501532801962,3.0,0.2217782217782218,4509.009009009009,-8.384010255812598,-1.9987180234252089,0.7661558184254986,1169.9633699633698,-1.0,93.2498577120091,0.22181957398860452,
2023-07-31 13:43:06.598000,-8.91566265060241,-3.2289156626506026,1.8072289156626506,-3.2127529123237277,-8.881054567749846,2.329858982219497,3.0,0.2217782217782218,4509.009009009009,-7.574849950469085,-1.7697103898374227,0.04859856651710166,1149.4505494505493,-1.0,93.2498577120091,0.22181921342890068,
2023-07-31 13:43:06.606000,-8.843373493975903,-3.240963855421687,1.7951807228915664,-3.264255058246474,-8.836909871244634,2.31023911710607,3.0,0.2217782217782218,4509.009009009009,-6.964162927568323,-1.1742905425091785,0.04859856651710166,1133.3333333333333,-1.0,93.2498577120091,0.22181883774792302,
2023-07-31 13:43:06.614000,-8.807228915662652,-3.2650602409638556,1.7951807228915664,-3.1710606989576946,-8.775597792765174,2.3200490496627832,3.0,0.2217782217782218,4509.009009009009,-6.292407202377483,0.5203659460404397,0.03333139094458258,1121.6117216117216,-1.0,93.2498577120091,0.22181844544390686,
2023-07-31 13:43:06.621000,-8.831325301204819,-3.289156626506024,1.7951807228915664,-3.2348252605763332,-8.817290006131207,2.3323114653586754,3.0,0.2217782217782218,4509.009009009009,-6.00233086649962,1.6043354116892947,0.23180467338733066,1111.3553113553112,-1.0,93.2498577120091,0.2218180350099983,
2023-07-31 13:43:06.629000,-8.855421686746988,-3.289156626506024,1.8072289156626506,-3.2372777437155116,-8.873697118332311,2.3494788473329247,3.0,0.2217782217782218,4509.009009009009,-5.391643843598857,2.642503350620592,0.33867490239496423,1106.9597069597069,-1.0,93.2498577120091,0.22181760508467557,
2023-07-31 13:43:06.637000,-8.879518072289157,-3.289156626506024,1.8192771084337351,-3.2176578786020844,-8.92274678111588,2.4058859595340283,3.0,0.2217782217782218,4509.009009009009,-4.811491171843131,4.031816327719829,0.5676825359827505,1106.227106227106,-1.0,93.2498577120091,0.22181715445238828,
2023-07-31 13:43:06.644000,-8.93975903614458,-3.289156626506024,1.8313253012048194,-3.2299202942979766,-8.971796443899448,2.3323114653586754,3.0,0.2217782217782218,4509.009009009009,-4.826758347415651,4.413495717032806,1.193636734456033,1109.1575091575091,-1.0,93.2498577120091,0.22181668218246267,
2023-07-31 13:43:06.652000,-8.975903614457831,-3.313253012048193,1.8554216867469882,-3.2421827099938687,-8.949724095646841,2.3617412630288164,3.0,0.2217782217782218,4509.009009009009,-4.3076743779500015,4.33715983917021,0.9493619252957276,1115.018315018315,-1.0,93.2498577120091,0.2218161874696603,
2023-07-31 13:43:06.660000,-8.987951807228916,-3.3012048192771086,1.8674698795180724,-3.2421827099938687,-9.047823421213979,2.3960760269773145,3.0,0.2217782217782218,4509.009009009009,-4.261872851232445,4.077617854437386,1.4073771924713,1123.8095238095236,-1.0,93.2498577120091,0.2218156695057983,
2023-07-31 13:43:06.667000,-9.024096385542169,-3.313253012048193,1.8554216867469882,-3.274064990803188,-9.003678724708767,2.4058859595340283,3.0,0.2217782217782218,4509.009009009009,-4.4145446069576355,3.0852514422236457,1.0867665054483993,1136.2637362637363,-1.0,93.2498577120091,0.22181512776638596,
2023-07-31 13:43:06.675000,-9.012048192771084,-3.313253012048193,1.8795180722891567,-3.2716125076640097,-9.035561005518087,2.4451256897608826,3.0,0.2217782217782218,4509.009009009009,-4.521414835965269,2.779907930773264,1.941728337509468,1152.3809523809523,-1.0,93.2498577120091,0.22181456184966927,
2023-07-31 13:43:06.683000,-9.036144578313253,-3.289156626506024,1.9036144578313254,-3.2789699570815447,-9.006131207847945,2.388718577559779,3.0,0.2217782217782218,4509.009009009009,-4.582483538255345,2.260823961307615,1.7127207039216819,1170.6959706959706,-1.0,93.2498577120091,0.2218139713467856,
2023-07-31 13:43:06.690000,-8.987951807228916,-3.313253012048193,1.9156626506024097,-3.303494788473329,-8.979153893316983,2.4206008583690988,3.0,0.2217782217782218,4509.009009009009,-4.735155293980536,1.3905949536740276,2.323407726822445,1191.2087912087911,-1.0,93.2498577120091,0.22181335598824717,
2023-07-31 13:43:06.698000,-8.93975903614458,-3.3373493975903616,1.9518072289156627,-3.3304721030042916,-8.927651747394236,2.4328632740649905,3.0,0.2217782217782218,4509.009009009009,-5.132101858866032,1.298991900238913,2.430277955830079,1210.2564102564102,-1.0,93.2498577120091,0.22181271564077126,
2023-07-31 13:43:06.706000,-8.891566265060241,-3.325301204819277,1.9156626506024097,-3.3402820355610054,-8.873697118332311,2.5015328019619862,3.0,0.2217782217782218,4509.009009009009,-5.17790338558359,1.466930831536623,2.7814229939980177,1229.3040293040292,-1.0,93.2498577120091,0.2218120503037752,
2023-07-31 13:43:06.713000,-8.891566265060241,-3.349397590361446,1.9879518072289157,-3.2789699570815447,-8.888412017167381,2.494175352544451,3.0,0.2217782217782218,4509.009009009009,-5.467979721461452,1.6959384651244092,3.1783695588835137,1246.153846153846,-1.0,93.2498577120091,0.22181136010556315,
2023-07-31 13:43:06.721000,-8.867469879518072,-3.36144578313253,2.0120481927710845,-3.296137339055794,-8.84426732066217,2.5137952176578784,3.0,0.22133422133422131,4518.054162487462,-5.559582774896566,2.001281976574791,3.422644368043819,1259.3406593406592,-1.0,93.2498577120091,0.2218106454379789,
2023-07-31 13:43:06.729000,-8.855421686746988,-3.385542168674699,2.0120481927710845,-3.3083997547516857,-8.858982219497241,2.521152667075414,3.0,0.2217782217782218,4509.009009009009,-5.391643843598857,2.2913583124526533,3.8195909329293154,1269.5970695970695,-1.0,93.2498577120091,0.22180990678238013,
2023-07-31 13:43:06.736000,-8.855421686746988,-3.397590361445783,2.0120481927710845,-3.313304721030043,-8.863887185775598,2.5481299816063765,3.0,0.2217782217782218,4509.009009009009,-5.391643843598857,2.2913583124526533,3.8195909329293154,1275.4578754578754,-1.0,93.2498577120091,0.22180914468448035,
2023-07-31 13:43:06.744000,-8.879518072289157,-3.4096385542168677,2.0120481927710845,-3.404046597179644,-8.905579399141631,2.5358675659104843,3.0,0.2217782217782218,4509.009009009009,-5.559582774896566,2.9173125109259357,3.9111939863644296,1275.4578754578754,-1.0,93.2498577120091,0.22180835990960268,
2023-07-31 13:43:06.752000,-8.867469879518072,-3.421686746987952,2.0,-3.408951563458001,-8.84181483752299,2.489270386266094,3.0,0.2217782217782218,4509.009009009009,-5.635918652759162,3.619602587261814,3.9111939863644296,1271.062271062271,-1.0,93.2498577120091,0.22180755316093773,
2023-07-31 13:43:06.759000,-8.879518072289157,-3.433734939759036,2.0,-3.396689147762109,-8.873697118332311,2.5137952176578784,3.0,0.2217782217782218,4509.009009009009,-5.361109492453818,3.879144571994638,4.109667268807178,1263.7362637362637,-1.0,93.2498577120091,0.22180672523409264,
2023-07-31 13:43:06.767000,-8.855421686746988,-3.457831325301205,1.963855421686747,-3.3893316983445736,-8.795217657878602,2.4868179031269158,3.0,0.2217782217782218,4509.009009009009,-5.162636210011071,5.222656022376317,4.7508886428529795,1255.6776556776556,-1.0,93.2498577120091,0.22180587700106624,
2023-07-31 13:43:06.775000,-8.807228915662652,-3.421686746987952,1.9036144578313254,-3.396689147762109,-8.82709993868792,2.398528510116493,3.0,0.2217782217782218,4509.009009009009,-4.490880484820231,6.062350678864867,4.07913291766214,1243.956043956044,-1.0,93.2498577120091,0.22180500941512446,
2023-07-31 13:43:06.782000,-8.783132530120483,-3.385542168674699,1.8915662650602412,-3.350091968117719,-8.800122624156959,2.3862660944206007,3.0,0.2217782217782218,4509.009009009009,-4.292407202377483,7.482198007109142,3.956995513081987,1232.2344322344322,-1.0,93.2498577120091,0.22180412349446307,
2023-07-31 13:43:06.790000,-8.783132530120483,-3.397590361445783,1.8554216867469882,-3.404046597179644,-8.743715511955855,2.3494788473329247,3.0,0.2217782217782218,4509.009009009009,-4.048132393217177,8.138686556727462,3.956995513081987,1219.047619047619,-1.0,93.2498577120091,0.2218032201880899,
2023-07-31 13:43:06.798000,-8.795180722891567,-3.385542168674699,1.8072289156626506,-3.3280196198651133,-8.75107296137339,2.3372164316370325,3.0,0.2217782217782218,4509.009009009009,-3.5748499504690856,8.230289610162577,4.735621467280461,1205.8608058608058,-1.0,93.2498577120091,0.2218023005184418,
2023-07-31 13:43:06.805000,-8.831325301204819,-3.3734939759036147,1.7590361445783134,-3.367259350091968,-8.819742489270386,2.280809319435929,3.0,0.2217782217782218,4509.009009009009,-3.376376668026338,8.444030068177844,4.781422993998017,1191.2087912087911,-1.0,93.2498577120091,0.22180136571351947,
2023-07-31 13:43:06.813000,-8.855421686746988,-3.3373493975903616,1.7349397590361446,-3.3108522378908645,-8.822194972409564,2.2660944206008584,3.0,0.2217782217782218,4509.009009009009,-3.3305751413087803,8.749373579628227,4.811957345143056,1174.3589743589744,-1.0,93.2498577120091,0.22180041704123768,
2023-07-31 13:43:06.821000,-8.903614457831326,-3.325301204819277,1.7228915662650603,-3.2789699570815447,-8.910484365419988,2.199877375843041,3.0,0.2217782217782218,4509.009009009009,-2.887827049705727,8.077617854437387,5.193636734456033,1161.1721611721612,-1.0,93.2498577120091,0.22179945581416619,
2023-07-31 13:43:06.828000,-8.91566265060241,-3.3012048192771086,1.6987951807228916,-3.251992642550582,-8.925199264255058,2.1949724095646843,3.0,0.2217782217782218,4509.009009009009,-2.4756133092477115,7.757007167414486,5.346308490181223,1152.3809523809523,-1.0,93.2498577120091,0.2217984833732552,
2023-07-31 13:43:06.836000,-8.963855421686748,-3.253012048192771,1.710843373493976,-3.2004904966278356,-9.01348865726548,2.1949724095646843,3.0,0.2217782217782218,4509.009009009009,-2.903094225278246,7.146320144513722,5.483713070333895,1145.054945054945,-1.0,93.2498577120091,0.22179750109271365,
2023-07-31 13:43:06.844000,-9.0,-3.240963855421687,1.6626506024096386,-3.1931330472103,-9.028203556100552,2.1704475781729,3.0,0.2217782217782218,4509.009009009009,-2.9794301031408414,6.764640755200745,5.468445894761376,1140.6593406593406,-1.0,93.2498577120091,0.22179651050267588,
2023-07-31 13:43:06.851000,-9.048192771084338,-3.2289156626506026,1.6506024096385543,-3.2127529123237277,-9.03065603923973,2.160637645616186,3.0,0.2217782217782218,4509.009009009009,-2.872559874133208,6.474564419322882,5.376842841326262,1137.7289377289376,-1.0,93.2498577120091,0.22179551313519194,
2023-07-31 13:43:06.859000,-9.084337349397591,-3.1927710843373496,1.6626506024096386,-3.1489883507050886,-9.072348252605764,2.1630901287553645,3.0,0.2217782217782218,4509.009009009009,-3.071033156575956,5.924946098712195,5.193636734456033,1137.7289377289376,-1.0,93.2498577120091,0.2217945105195695,
2023-07-31 13:43:06.867000,-9.10843373493976,-3.144578313253012,1.6265060240963856,-3.1195585530349477,-9.12139791538933,2.128755364806867,3.0,0.2217782217782218,4509.009009009009,-3.1779033855835896,5.726472816269447,5.010430627585804,1139.194139194139,-1.0,93.2498577120091,0.2217935041777928,
2023-07-31 13:43:06.874000,-9.132530120481928,-3.1566265060240966,1.5903614457831325,-3.0705088902513795,-9.143470263641937,2.118945432250153,3.0,0.22133422133422131,4518.054162487462,-3.513781248179009,4.9936483887885315,5.163102383310995,1141.3919413919414,-1.0,93.2498577120091,0.2217924956200416,
2023-07-31 13:43:06.882000,-9.156626506024097,-3.108433734939759,1.602409638554217,-3.055793991416309,-9.126302881667687,2.106683016554261,3.0,0.2217782217782218,4509.009009009009,-3.605384301614124,4.810442281918302,4.918827574150689,1143.5897435897434,-1.0,93.2498577120091,0.22179148619103123,
2023-07-31 13:43:06.889000,-9.144578313253012,-3.0843373493975905,1.602409638554217,-3.102391171060699,-9.128755364806867,2.0453709380748006,3.0,0.2217782217782218,4509.009009009009,-4.231338500087406,4.382961365887768,4.90356039857817,1146.5201465201465,-1.0,93.2498577120091,0.22179047719320288,
2023-07-31 13:43:06.897000,-9.156626506024097,-3.060240963855422,1.5783132530120483,-3.026364193746168,-9.158185162477007,2.0527283874923357,3.0,0.2217782217782218,4509.009009009009,-4.3076743779500015,3.6348697628343327,4.613484062700308,1147.985347985348,-1.0,93.2498577120091,0.22178947004158525,
2023-07-31 13:43:06.905000,-9.156626506024097,-3.036144578313253,1.5783132530120483,-3.0018393623543838,-9.190067443286328,2.011036174126303,3.0,0.2217782217782218,4509.009009009009,-4.216071324514887,3.4669308315366227,4.506613833692674,1147.985347985348,-1.0,93.2498577120091,0.22178846612095582,
2023-07-31 13:43:06.912000,-9.144578313253012,-3.0481927710843375,1.5542168674698795,-2.9699570815450644,-9.118945432250152,2.0257510729613735,3.0,0.2217782217782218,4509.009009009009,-4.460346133675192,2.5203659460404397,4.07913291766214,1149.4505494505493,-1.0,93.2498577120091,0.22178746678194514,
2023-07-31 13:43:06.920000,-9.120481927710843,-3.024096385542169,1.566265060240964,-2.950337216431637,-9.172900061312077,2.03065603923973,3.0,0.2217782217782218,4509.009009009009,-4.536682011537788,2.398228541460287,3.8653924596468725,1152.3809523809523,-1.0,93.2498577120091,0.22178647333735174,
2023-07-31 13:43:06.928000,-9.10843373493976,-3.0120481927710845,1.566265060240964,-2.9699570815450644,-9.114040465971796,2.0551808706315144,3.0,0.2217782217782218,4509.009009009009,-4.67408659169046,2.5203659460404397,3.941728337509468,1156.7765567765566,-1.0,93.2498577120091,0.22178548691993416,
2023-07-31 13:43:06.935000,-9.084337349397591,-3.036144578313253,1.566265060240964,-2.984671980380135,-9.101778050275904,2.0257510729613735,3.0,0.2217782217782218,4509.009009009009,-4.67408659169046,2.398228541460287,3.6821863527766436,1160.4395604395604,-1.0,93.2498577120091,0.22178450863832128,
2023-07-31 13:43:06.943000,-9.096385542168676,-3.024096385542169,1.5542168674698795,-2.9871244635193133,-9.067443286327405,2.069895769466585,3.0,0.2217782217782218,4509.009009009009,-5.0863003321484745,1.7570071674144856,3.956995513081987,1167.032967032967,-1.0,93.2498577120091,0.22178353970165804,
2023-07-31 13:43:06.951000,-9.084337349397591,-3.0120481927710845,1.5542168674698795,-3.0410790925812385,-9.094420600858369,2.0674432863274066,3.0,0.2217782217782218,4509.009009009009,-4.65881941611794,1.650136938406852,4.07913291766214,1172.8937728937728,-1.0,93.2498577120091,0.2217825812678059,
2023-07-31 13:43:06.958000,-9.072289156626507,-3.060240963855422,1.5783132530120483,-3.014101778050276,-9.064990803188227,2.0429184549356223,3.0,0.2217782217782218,4509.009009009009,-4.964162927568323,1.5585338849717374,3.4989802459064143,1175.0915750915751,-1.0,93.2498577120091,0.22178163430235817,
2023-07-31 13:43:06.966000,-9.10843373493976,-3.024096385542169,1.530120481927711,-2.9724095646842428,-9.101778050275904,2.0429184549356223,3.0,0.2217782217782218,4509.009009009009,-5.162636210011071,1.3295262513839512,3.57531612376901,1177.2893772893772,-1.0,93.2498577120091,0.221780699735812,
2023-07-31 13:43:06.974000,-9.10843373493976,-3.036144578313253,1.5542168674698795,-2.9773145309625995,-9.062538320049049,2.1017780502759043,3.0,0.2217782217782218,4509.009009009009,-4.964162927568323,0.9936483887885313,3.544781772623972,1177.2893772893772,-1.0,93.2498577120091,0.22177977858950607,
2023-07-31 13:43:06.981000,-9.120481927710843,-3.060240963855422,1.5783132530120483,-2.9773145309625995,-9.101778050275904,2.057633353770693,3.0,0.2217782217782218,4509.009009009009,-4.826758347415651,0.6577705261931115,3.23943826117359,1175.8241758241757,-1.0,93.2498577120091,0.2217788718251314,
2023-07-31 13:43:06.989000,-9.10843373493976,-3.0481927710843375,1.566265060240964,-3.0239117106069893,-9.033108522378908,2.0257510729613735,3.0,0.2217782217782218,4509.009009009009,-5.3000407901637425,0.7188392284831878,3.2852397878911472,1172.8937728937728,-1.0,93.2498577120091,0.22177798034382018,
2023-07-31 13:43:06.997000,-9.084337349397591,-3.036144578313253,1.5542168674698795,-2.9969343960760266,-9.052728387492335,2.07725321888412,3.0,0.2217782217782218,4509.009009009009,-5.1931705611561085,0.8409766330633405,3.773789406211758,1169.9633699633698,-1.0,93.2498577120091,0.22177710498551587,
2023-07-31 13:43:07.004000,-9.084337349397591,-3.036144578313253,1.5783132530120483,-3.0067443286327404,-9.069895769466584,2.099325567136726,3.0,0.2217782217782218,4509.009009009009,-4.765689645125574,0.44403006817784435,3.773789406211758,1166.3003663003662,-1.0,93.2498577120091,0.22177624652861858,
2023-07-31 13:43:07.012000,-9.10843373493976,-3.024096385542169,1.5903614457831325,-2.9895769466584916,-9.074800735744942,2.1434702636419374,3.0,0.2217782217782218,4509.009009009009,-4.765689645125574,0.44403006817784435,3.773789406211758,1167.7655677655678,-1.0,93.2498577120091,0.22177540568990087,
2023-07-31 13:43:07.020000,-9.120481927710843,-3.024096385542169,1.5903614457831325,-2.9601471489883506,-9.16799509503372,2.1508277130594724,3.0,0.2217782217782218,4509.009009009009,-5.147369034438551,0.6272361750480734,3.789056581784277,1178.7545787545787,-1.0,93.2498577120091,0.2217745831246865,
2023-07-31 13:43:07.027000,-9.120481927710843,-3.024096385542169,1.6144578313253013,-2.9724095646842428,-9.12139791538933,2.1729000613120784,3.0,0.22133422133422131,4518.054162487462,-4.948895751995803,0.35242701474272986,3.621117650486567,1200.7326007326008,-1.0,93.2498577120091,0.2217737794272826,
2023-07-31 13:43:07.035000,-9.156626506024097,-3.024096385542169,1.6144578313253013,-2.9724095646842428,-9.192519926425506,2.099325567136726,3.0,0.22133422133422131,4518.054162487462,-5.238972087873666,0.26082396130761537,3.636384826059086,1241.0256410256409,-1.0,93.2498577120091,0.22177299498236228,
2023-07-31 13:43:07.043000,-9.144578313253012,-3.036144578313253,1.63855421686747,-2.984671980380135,-9.123850398528509,2.1508277130594724,3.0,0.2217782217782218,4509.009009009009,-5.238972087873666,0.06235067886486727,3.163102383310995,1293.7728937728937,-1.0,93.2498577120091,0.22177222994399765,
2023-07-31 13:43:07.050000,-9.096385542168676,-3.060240963855422,1.5903614457831325,-2.9871244635193133,-9.069895769466584,2.12385039852851,3.0,0.2217782217782218,4509.009009009009,-5.742788881766796,-0.349863061593148,2.5982168871277884,1356.7765567765566,-1.0,93.2498577120091,0.22177148452314632,
2023-07-31 13:43:07.058000,-9.048192771084338,-3.036144578313253,1.63855421686747,-2.9993868792152054,-9.018393623543838,2.0870631514408338,3.0,0.2217782217782218,4509.009009009009,-5.3000407901637425,-0.47200046617330066,2.705087116135422,1427.106227106227,-1.0,93.2498577120091,0.22177075900899254,
2023-07-31 13:43:07.066000,-9.048192771084338,-3.060240963855422,1.6144578313253013,-2.9773145309625995,-9.008583690987123,2.1459227467811157,3.0,0.2217782217782218,4509.009009009009,-5.5290484237515285,-0.1513897791503999,2.6134840627003078,1501.8315018315018,-1.0,93.2498577120091,0.22177005363136942,
2023-07-31 13:43:07.073000,-9.024096385542169,-3.072289156626506,1.63855421686747,-2.9969343960760266,-9.006131207847945,2.128755364806867,3.0,0.2217782217782218,4509.009009009009,-5.635918652759162,0.26082396130761537,2.674552764990384,1578.021978021978,-1.0,93.2498577120091,0.22176936856212912,
2023-07-31 13:43:07.081000,-9.036144578313253,-3.096385542168675,1.602409638554217,-3.075413856529736,-9.020846106683017,2.1434702636419374,3.0,0.2217782217782218,4509.009009009009,-5.437445370316414,0.2150224345900581,2.7203542917079413,1650.5494505494505,-1.0,93.2498577120091,0.22176870391670142,
2023-07-31 13:43:07.089000,-9.036144578313253,-3.096385542168675,1.6265060240963856,-3.075413856529736,-9.001226241569588,2.1385652973635807,3.0,0.2217782217782218,4509.009009009009,-5.727521706194277,0.4745644193228825,2.7966901695705366,1715.7509157509157,-1.0,93.2498577120091,0.22176805975582864,
2023-07-31 13:43:07.096000,-9.048192771084338,-3.132530120481928,1.6144578313253013,-3.0018393623543838,-9.03065603923973,2.1091354996934393,3.0,0.2217782217782218,4509.009009009009,-5.559582774896566,0.26082396130761537,2.995163452013285,1769.230769230769,-1.0,93.2498577120091,0.22176743608746416,
2023-07-31 13:43:07.104000,-9.048192771084338,-3.132530120481928,1.6265060240963856,-3.1195585530349477,-9.047823421213979,2.1140404659717964,3.0,0.2217782217782218,4509.009009009009,-6.093933919934734,-0.22772565701299533,2.9188275741506895,1805.128205128205,-1.0,93.2498577120091,0.22176683286882307,
2023-07-31 13:43:07.112000,-9.024096385542169,-3.168674698795181,1.63855421686747,-3.1416309012875536,-9.020846106683017,2.128755364806867,3.0,0.2217782217782218,4509.009009009009,-6.032865217644658,-0.19719130586795713,2.9798962764407655,1823.4432234432234,-1.0,93.2498577120091,0.22176625000856895,
2023-07-31 13:43:07.119000,-9.024096385542169,-3.180722891566265,1.63855421686747,-3.173513182096873,-9.123850398528509,2.1336603310852236,3.0,0.2217782217782218,4509.009009009009,-5.910727813064505,-0.16665695472291897,3.23943826117359,1824.9084249084249,-1.0,93.2498577120091,0.22176568736912636,
2023-07-31 13:43:07.127000,-9.036144578313253,-3.168674698795181,1.63855421686747,-3.1244635193133043,-9.057633353770692,2.0919681177191904,3.0,0.2217782217782218,4509.009009009009,-5.8649262863469485,-0.3956645883107052,2.9340947497232084,1813.9194139194137,-1.0,93.2498577120091,0.22176514476910178,
2023-07-31 13:43:07.135000,-9.060240963855422,-3.168674698795181,1.6265060240963856,-3.1367259350091965,-9.072348252605764,2.099325567136726,3.0,0.2217782217782218,4509.009009009009,-6.00233086649962,-0.7926111531962013,2.90356039857817,1789.7435897435896,-1.0,93.2498577120091,0.22176462198580166,
2023-07-31 13:43:07.142000,-9.048192771084338,-3.168674698795181,1.63855421686747,-3.1882280809319434,-9.020846106683017,2.141017780502759,3.0,0.2217782217782218,4509.009009009009,-6.429811782530154,-0.8536798554862778,2.7661558184254984,1754.5787545787546,-1.0,93.2498577120091,0.2217641187578308,
2023-07-31 13:43:07.150000,-9.036144578313253,-3.168674698795181,1.63855421686747,-3.1171060698957693,-9.047823421213979,2.141017780502759,3.0,0.2217782217782218,4509.009009009009,-6.216071324514887,-1.0368859623565068,3.040964978730842,1708.4249084249084,-1.0,93.2498577120091,0.22176363478775823,
2023-07-31 13:43:07.158000,-9.060240963855422,-3.1927710843373496,1.6265060240963856,-3.1465358675659103,-9.020846106683017,2.136112814224402,3.0,0.2217782217782218,4509.009009009009,-6.33820872909504,-1.082687489074064,3.1020336810209184,1655.6776556776556,-1.0,93.2498577120091,0.2217631697448354,
2023-07-31 13:43:07.165000,-9.060240963855422,-3.180722891566265,1.6265060240963856,-3.1710606989576946,-9.094420600858369,2.158185162477008,3.0,0.2217782217782218,4509.009009009009,-6.445078958102673,-1.3422294738068885,2.689819940562903,1599.2673992673992,-1.0,93.2498577120091,0.22176272326775331,
2023-07-31 13:43:07.173000,-9.048192771084338,-3.204819277108434,1.6506024096385543,-3.1661557326793375,-9.03065603923973,2.106683016554261,3.0,0.2217782217782218,4509.009009009009,-6.261872851232444,-0.9910844356389494,2.8882932230056513,1545.7875457875457,-1.0,93.2498577120091,0.22176229496742317,
2023-07-31 13:43:07.181000,-9.024096385542169,-3.1927710843373496,1.602409638554217,-3.1882280809319434,-8.981606376456162,2.0919681177191904,3.0,0.22133422133422131,4518.054162487462,-6.261872851232444,-1.0063516112114685,2.7661558184254984,1490.8424908424906,-1.0,93.2498577120091,0.2217618844297677,
2023-07-31 13:43:07.188000,-9.012048192771084,-3.1927710843373496,1.602409638554217,-3.1882280809319434,-8.99877375843041,2.128755364806867,3.0,0.2217782217782218,4509.009009009009,-6.185536973369849,-1.113221840219102,2.7966901695705366,1442.4908424908424,-1.0,93.2498577120091,0.22176149106921614,
2023-07-31 13:43:07.196000,-9.012048192771084,-3.1927710843373496,1.63855421686747,-3.1244635193133043,-8.996321275291232,2.12385039852851,3.0,0.2217782217782218,4509.009009009009,-6.155002622224811,-0.7773439776236823,2.873026047433132,1397.8021978021977,-1.0,93.2498577120091,0.22176111425889405,
2023-07-31 13:43:07.204000,-9.048192771084338,-3.2289156626506026,1.6265060240963856,-3.2004904966278356,-8.986511342734518,2.1336603310852236,3.0,0.2217782217782218,4509.009009009009,-5.971796515354582,-0.7926111531962013,2.7203542917079413,1358.974358974359,-1.0,93.2498577120091,0.2217607534923053,
2023-07-31 13:43:07.211000,-9.036144578313253,-3.180722891566265,1.6265060240963856,-3.1416309012875536,-9.023298589822195,2.082158185162477,3.0,0.2217782217782218,4509.009009009009,-5.727521706194277,-0.7010080997610869,2.827224520715575,1326.007326007326,-1.0,93.2498577120091,0.22176040824710055,
2023-07-31 13:43:07.219000,-9.048192771084338,-3.204819277108434,1.6265060240963856,-3.0876762722256283,-8.964438994481913,2.1459227467811157,3.0,0.2217782217782218,4509.009009009009,-6.063399568789697,-1.1590233669366594,2.3997436046850407,1298.9010989010987,-1.0,93.2498577120091,0.22176007798755265,
2023-07-31 13:43:07.227000,-9.024096385542169,-3.1927710843373496,1.602409638554217,-3.1195585530349477,-8.986511342734518,2.1140404659717964,3.0,0.2217782217782218,4509.009009009009,-5.788590408484353,-0.9147485577763541,2.644018413845346,1277.6556776556777,681.732177734375,88.01110166077264,0.22175976216697899,
2023-07-31 13:43:07.234000,-9.036144578313253,-3.1566265060240966,1.6144578313253013,-3.092581238503985,-8.988963825873697,2.1263028816676885,3.0,0.2217782217782218,4509.009009009009,-5.681720179476719,-0.899481382203835,2.4150107802575596,1260.07326007326,-1.0,88.01110166077264,0.2217594602301047,
2023-07-31 13:43:07.242000,-9.024096385542169,-3.1566265060240966,1.6144578313253013,-3.122011036174126,-8.993868792152053,2.1164929491109747,3.0,0.2217782217782218,4509.009009009009,-5.9870636909271004,-0.9605500844939113,2.323407726822445,1244.6886446886447,-1.0,88.01110166077264,0.22175917161535752,
2023-07-31 13:43:07.250000,-9.024096385542169,-3.1566265060240966,1.6265060240963856,-3.13182096873084,-9.003678724708767,2.1091354996934393,3.0,0.2217782217782218,4509.009009009009,-5.605384301614124,-1.0063516112114685,2.9493619252957277,1228.5714285714284,-1.0,88.01110166077264,0.2217588957570892,
2023-07-31 13:43:07.257000,-9.036144578313253,-3.1566265060240966,1.63855421686747,-3.102391171060699,-8.99877375843041,2.199877375843041,3.0,0.2217782217782218,4509.009009009009,-5.4221781947438945,0.06235067886486727,2.7203542917079413,1210.989010989011,-1.0,88.01110166077264,0.22175863208771557,
2023-07-31 13:43:07.265000,-9.024096385542169,-3.144578313253012,1.6144578313253013,-3.102391171060699,-9.062538320049049,2.1140404659717964,3.0,0.2217782217782218,4509.009009009009,-5.17790338558359,-0.1361226035778808,2.8882932230056513,1191.2087912087911,-1.0,88.01110166077264,0.22175838003977122,
2023-07-31 13:43:07.272000,-9.024096385542169,-3.132530120481928,1.63855421686747,-3.126916002452483,-9.003678724708767,2.158185162477008,3.0,0.2217782217782218,4509.009009009009,-5.269506439018704,0.15395373229998177,2.7508886428529795,1169.9633699633698,-1.0,88.01110166077264,0.22175813890912405,
2023-07-31 13:43:07.280000,-9.036144578313253,-3.144578313253012,1.6265060240963856,-3.075413856529736,-9.028203556100552,2.1042305334150826,3.0,0.2217782217782218,4509.009009009009,-5.544315599324047,0.06235067886486727,3.23943826117359,1150.9157509157508,-1.0,88.01110166077264,0.2217579080159748,
2023-07-31 13:43:07.288000,-9.048192771084338,-3.168674698795181,1.63855421686747,-3.0876762722256283,-9.07725321888412,2.148375229920294,3.0,0.2217782217782218,4509.009009009009,-5.544315599324047,0.06235067886486727,3.23943826117359,1134.065934065934,-1.0,88.01110166077264,0.2217576868342413,
2023-07-31 13:43:07.295000,-9.060240963855422,-3.168674698795181,1.6265060240963856,-3.163703249540159,-9.096873083997547,2.1459227467811157,3.0,0.2217782217782218,4509.009009009009,-5.208437736728627,0.06235067886486727,3.3005069634636666,1120.14652014652,-1.0,88.01110166077264,0.22175747484413433,
2023-07-31 13:43:07.303000,-9.072289156626507,-3.144578313253012,1.6626506024096386,-3.144083384426732,-9.10668301655426,2.1434702636419374,3.0,0.2217782217782218,4509.009009009009,-5.5290484237515285,-0.30406153487559073,3.224171085601071,1113.5531135531135,-1.0,88.01110166077264,0.22175727153392427,
2023-07-31 13:43:07.311000,-9.096385542168676,-3.1566265060240966,1.6987951807228916,-3.109748620478234,-9.057633353770692,2.2023298589822193,3.0,0.2217782217782218,4509.009009009009,-5.681720179476719,-0.5178019928908579,3.224171085601071,1109.89010989011,-1.0,88.01110166077264,0.22175707640160117,
2023-07-31 13:43:07.318000,-9.10843373493976,-3.144578313253012,1.674698795180723,-3.1171060698957693,-9.116492949110974,2.1557326793378295,3.0,0.2217782217782218,4509.009009009009,-5.208437736728627,-0.6094050463259724,3.025697803158323,1111.3553113553112,-1.0,88.01110166077264,0.22175688895642592,
2023-07-31 13:43:07.326000,-9.084337349397591,-3.132530120481928,1.6626506024096386,-3.097486204782342,-9.145922746781116,2.160637645616186,3.0,0.2217782217782218,4509.009009009009,-5.284773614591223,-0.45673329060078155,3.040964978730842,1117.2161172161173,-1.0,88.01110166077264,0.2217567087203712,
2023-07-31 13:43:07.334000,-9.084337349397591,-3.132530120481928,1.674698795180723,-3.109748620478234,-9.10668301655426,2.1385652973635807,3.0,0.22133422133422131,4518.054162487462,-5.483246897033971,-0.45673329060078155,2.7814229939980177,1125.2747252747251,-1.0,88.01110166077264,0.2217565352294485,
2023-07-31 13:43:07.341000,-9.060240963855422,-3.144578313253012,1.63855421686747,-3.0656039239730224,-9.087063151440834,2.1753525444512567,3.0,0.2217782217782218,4509.009009009009,-5.559582774896566,-0.41093176388322433,2.521881009265193,1137.7289377289376,-1.0,88.01110166077264,0.2217563678856286,
2023-07-31 13:43:07.349000,-9.048192771084338,-3.1204819277108435,1.63855421686747,-3.0999386879215205,-9.042918454935622,2.153280196198651,3.0,0.2217782217782218,4509.009009009009,-5.895460637491986,-0.9758172600664304,2.3844764291125213,1152.3809523809523,-1.0,88.01110166077264,0.2217562060853598,
2023-07-31 13:43:07.357000,-9.036144578313253,-3.132530120481928,1.6506024096385543,-3.072961373390558,-9.09196811771919,2.1042305334150826,3.0,0.2217782217782218,4509.009009009009,-5.590117126041605,-0.5788706951809343,2.6287512382728266,1170.6959706959706,-1.0,88.01110166077264,0.22175604924074327,
2023-07-31 13:43:07.364000,-9.048192771084338,-3.132530120481928,1.6867469879518073,-3.126916002452483,-9.052728387492335,2.182709993868792,3.0,0.2217782217782218,4509.009009009009,-5.345842316881299,-0.4414661150282625,2.5371481848377124,1189.7435897435896,-1.0,88.01110166077264,0.22175589666185405,
2023-07-31 13:43:07.372000,-9.048192771084338,-3.108433734939759,1.6626506024096386,-3.055793991416309,-9.087063151440834,2.136112814224402,3.0,0.2217782217782218,4509.009009009009,-5.467979721461452,-0.27352718373055257,2.6134840627003078,1207.3260073260074,-1.0,88.01110166077264,0.22175574770532366,
2023-07-31 13:43:07.380000,-9.060240963855422,-3.108433734939759,1.6144578313253013,-3.0876762722256283,-9.018393623543838,2.1434702636419374,3.0,0.2217782217782218,4509.009009009009,-5.406911019171376,-0.5636035196084151,2.4608123069751167,1222.7106227106226,-1.0,88.01110166077264,0.22175560191247767,
2023-07-31 13:43:07.387000,-9.048192771084338,-3.096385542168675,1.63855421686747,-3.0606989576946657,-8.986511342734518,2.148375229920294,3.0,0.2217782217782218,4509.009009009009,-5.269506439018704,-0.548336344035896,2.5524153604102313,1235.8974358974358,-1.0,88.01110166077264,0.2217554588497023,
2023-07-31 13:43:07.395000,-9.060240963855422,-3.108433734939759,1.6626506024096386,-3.0656039239730224,-9.052728387492335,2.141017780502759,3.0,0.2217782217782218,4509.009009009009,-5.574849950469086,-0.2887943593030716,1.9875298642270252,1243.956043956044,-1.0,88.01110166077264,0.22175531811918273,
2023-07-31 13:43:07.403000,-9.048192771084338,-3.108433734939759,1.63855421686747,-3.0680564071122007,-9.06008583690987,2.165542611894543,3.0,0.2217782217782218,4509.009009009009,-5.071033156575956,-0.09032107686032356,2.323407726822445,1246.153846153846,-1.0,88.01110166077264,0.22175517948733256,
2023-07-31 13:43:07.410000,-9.048192771084338,-3.096385542168675,1.6506024096385543,-3.075413856529736,-9.008583690987123,2.187614960147149,3.0,0.2217782217782218,4509.009009009009,-5.055765981003437,-0.38039741273818617,2.5829497115552695,1243.956043956044,-1.0,88.01110166077264,0.2217550425976745,
2023-07-31 13:43:07.418000,-9.060240963855422,-3.072289156626506,1.6626506024096386,-3.043531575720417,-9.042918454935622,2.1140404659717964,3.0,0.2217782217782218,4509.009009009009,-5.254239263446185,-0.3193287104481098,2.0333313909445825,1239.5604395604396,-1.0,88.01110166077264,0.22175490713080556,
2023-07-31 13:43:07.426000,-9.072289156626507,-3.072289156626506,1.6867469879518073,-3.0410790925812385,-9.06008583690987,2.165542611894543,3.0,0.2217782217782218,4509.009009009009,-4.903094225278246,-0.4261989394557434,2.2165374978148114,1231.5018315018315,-1.0,88.01110166077264,0.22175477293275422,
2023-07-31 13:43:07.433000,-9.060240963855422,-3.0843373493975905,1.6144578313253013,-3.011649294911097,-9.094420600858369,2.1851624770079705,3.0,0.2217782217782218,4509.009009009009,-5.132101858866032,0.18448808344501993,2.0638657420896207,1219.047619047619,-1.0,88.01110166077264,0.22175463986653637,
2023-07-31 13:43:07.441000,-9.048192771084338,-3.0843373493975905,1.6506024096385543,-3.0410790925812385,-9.028203556100552,2.1557326793378295,3.0,0.2217782217782218,4509.009009009009,-5.147369034438551,0.35242701474272986,2.521881009265193,1208.058608058608,-1.0,88.01110166077264,0.22175450781291067,
2023-07-31 13:43:07.449000,-9.060240963855422,-3.072289156626506,1.63855421686747,-2.984671980380135,-9.069895769466584,2.128755364806867,3.0,0.2217782217782218,4509.009009009009,-5.132101858866032,0.29135831245265353,2.262339024532369,1198.5347985347985,-1.0,88.01110166077264,0.2217543766710369,
2023-07-31 13:43:07.456000,-9.072289156626507,-3.072289156626506,1.6506024096385543,-3.0165542611894542,-9.040465971796444,2.1336603310852236,3.0,0.2217782217782218,4509.009009009009,-5.040498805430918,0.031816327719829104,2.0791329176621396,1188.278388278388,-1.0,88.01110166077264,0.22175424635903596,
2023-07-31 13:43:07.464000,-9.048192771084338,-3.0481927710843375,1.6506024096385543,-3.0361741263028814,-9.033108522378908,2.128755364806867,3.0,0.2217782217782218,4509.009009009009,-5.1931705611561085,-0.0597867257152854,2.0791329176621396,1178.021978021978,-1.0,88.01110166077264,0.22175411681444787,
2023-07-31 13:43:07.472000,-9.060240963855422,-3.072289156626506,1.63855421686747,-3.055793991416309,-9.023298589822195,2.1851624770079705,3.0,0.2217782217782218,4509.009009009009,-4.811491171843131,0.047083503292348186,2.0638657420896207,1164.8351648351647,-1.0,88.01110166077264,0.22175398799458823,
2023-07-31 13:43:07.479000,-9.060240963855422,-3.0843373493975905,1.63855421686747,-2.974862047823421,-9.069895769466584,2.1312078479460452,3.0,0.2217782217782218,4509.009009009009,-5.162636210011071,-0.2887943593030716,2.3844764291125213,1155.3113553113553,-1.0,88.01110166077264,0.22175385987680135,
2023-07-31 13:43:07.487000,-9.036144578313253,-3.0843373493975905,1.6265060240963856,-3.033721643163703,-9.038013488657265,2.0968730839975476,3.0,0.22133422133422131,4518.054162487462,-5.055765981003437,-0.349863061593148,2.430277955830079,1143.5897435897434,-1.0,88.01110166077264,0.2217537324586097,
2023-07-31 13:43:07.495000,-9.048192771084338,-3.060240963855422,1.5903614457831325,-2.9871244635193133,-9.047823421213979,2.1164929491109747,3.0,0.2217782217782218,4509.009009009009,-5.071033156575956,-0.4261989394557434,2.674552764990384,1131.8681318681317,-1.0,88.01110166077264,0.22175360560846732,
2023-07-31 13:43:07.502000,-9.024096385542169,-3.060240963855422,1.6144578313253013,-3.004291845493562,-9.042918454935622,2.106683016554261,3.0,0.2217782217782218,4509.009009009009,-5.223704912301146,-0.22772565701299533,2.7966901695705366,1126.007326007326,-1.0,88.01110166077264,0.22175347919312205,
2023-07-31 13:43:07.510000,-9.048192771084338,-3.0843373493975905,1.6265060240963856,-3.004291845493562,-9.087063151440834,2.1213979153893314,3.0,0.2217782217782218,4509.009009009009,-5.3000407901637425,-0.8384126799137587,2.674552764990384,1120.14652014652,-1.0,88.01110166077264,0.22175335323639725,
2023-07-31 13:43:07.518000,-9.060240963855422,-3.0843373493975905,1.63855421686747,-3.0190067443286326,-9.01594114040466,2.1336603310852236,3.0,0.2217782217782218,4509.009009009009,-5.208437736728627,-0.2429928325855144,2.995163452013285,1118.6813186813185,-1.0,88.01110166077264,0.22175322778000298,
2023-07-31 13:43:07.525000,-9.048192771084338,-3.0843373493975905,1.63855421686747,-2.9871244635193133,-9.082158185162477,2.118945432250153,3.0,0.2217782217782218,4509.009009009009,-5.3000407901637425,-0.2429928325855144,2.73562146728046,1117.2161172161173,-1.0,88.01110166077264,0.22175310288300878,
2023-07-31 13:43:07.533000,-9.048192771084338,-3.096385542168675,1.6626506024096386,-3.0165542611894542,-9.050275904353157,2.1508277130594724,3.0,0.2217782217782218,4509.009009009009,-5.315307965736261,-0.2887943593030716,2.6287512382728266,1116.4835164835165,-1.0,88.01110166077264,0.22175297862123333,
2023-07-31 13:43:07.541000,-9.048192771084338,-3.108433734939759,1.674698795180723,-3.0705088902513795,-9.03065603923973,2.118945432250153,3.0,0.2217782217782218,4509.009009009009,-5.071033156575956,-0.22772565701299533,2.56768253598275,1117.2161172161173,-1.0,88.01110166077264,0.22175285508655854,
2023-07-31 13:43:07.548000,-9.060240963855422,-3.1204819277108435,1.6506024096385543,-3.1072961373390555,-9.10668301655426,2.12385039852851,3.0,0.2217782217782218,4509.009009009009,-5.391643843598857,-0.4261989394557434,2.9646291008682466,1117.9487179487178,-1.0,88.01110166077264,0.22175273238617058,
2023-07-31 13:43:07.556000,-9.048192771084338,-3.108433734939759,1.6506024096385543,-3.0950337216431634,-9.099325567136725,2.1336603310852236,3.0,0.2217782217782218,4509.009009009009,-5.208437736728627,-0.7926111531962013,3.0562321543033613,1119.4139194139193,-1.0,88.01110166077264,0.22175261064173707,
2023-07-31 13:43:07.564000,-9.072289156626507,-3.108433734939759,1.6626506024096386,-3.08522378908645,-9.038013488657265,2.128755364806867,3.0,0.2217782217782218,4509.009009009009,-5.208437736728627,-0.7926111531962013,3.0562321543033613,1123.8095238095236,-1.0,88.01110166077264,0.22175248984977539,
2023-07-31 13:43:07.571000,-9.084337349397591,-3.144578313253012,1.6506024096385543,-3.055793991416309,-9.018393623543838,2.2219497240956465,3.0,0.2217782217782218,4509.009009009009,-5.376376668026338,-0.6246722218984915,2.521881009265193,1128.2051282051282,-1.0,88.01110166077264,0.22175237003984857,
2023-07-31 13:43:07.579000,-9.060240963855422,-3.132530120481928,1.63855421686747,-3.1072961373390555,-9.057633353770692,2.148375229920294,3.0,0.2217782217782218,4509.009009009009,-5.605384301614124,-0.548336344035896,3.086766505448399,1134.065934065934,-1.0,88.01110166077264,0.22175225140119906,
2023-07-31 13:43:07.587000,-9.048192771084338,-3.132530120481928,1.6265060240963856,-3.097486204782342,-9.055180870631514,2.089515634580012,3.0,0.2217782217782218,4509.009009009009,-5.49851407260649,-0.5178019928908579,2.705087116135422,1137.7289377289376,-1.0,88.01110166077264,0.22175213413263567,
2023-07-31 13:43:07.594000,-9.048192771084338,-3.1204819277108435,1.6144578313253013,-3.080318822808093,-9.018393623543838,2.0919681177191904,3.0,0.2217782217782218,4509.009009009009,-5.5290484237515285,-0.45673329060078155,2.7814229939980177,1141.3919413919414,-1.0,88.01110166077264,0.2217520184416829,
2023-07-31 13:43:07.602000,-9.048192771084338,-3.132530120481928,1.6506024096385543,-3.033721643163703,-9.042918454935622,2.1312078479460452,3.0,0.2217782217782218,4509.009009009009,-5.17790338558359,-0.45673329060078155,3.208903910028552,1143.5897435897434,-1.0,88.01110166077264,0.2217519045437039,
2023-07-31 13:43:07.610000,-9.048192771084338,-3.1566265060240966,1.63855421686747,-3.0827713059472717,-9.011036174126302,2.1385652973635807,3.0,0.2217782217782218,4509.009009009009,-5.33057514130878,-0.6246722218984915,2.8424916962880937,1142.857142857143,-1.0,88.01110166077264,0.22175179266100187,
2023-07-31 13:43:07.617000,-9.048192771084338,-3.1566265060240966,1.6265060240963856,-3.0950337216431634,-9.028203556100552,2.1679950950337217,3.0,0.2217782217782218,4509.009009009009,-5.315307965736261,-0.45673329060078155,2.873026047433132,1145.054945054945,-1.0,88.01110166077264,0.22175168302190595,
2023-07-31 13:43:07.625000,-9.048192771084338,-3.1566265060240966,1.6144578313253013,-3.0950337216431634,-9.035561005518087,2.0968730839975476,3.0,0.2217782217782218,4509.009009009009,-5.162636210011071,-0.9147485577763541,3.086766505448399,1147.2527472527472,-1.0,88.01110166077264,0.22175157585984423,
2023-07-31 13:43:07.633000,-9.036144578313253,-3.1566265060240966,1.602409638554217,-3.1465358675659103,-9.067443286327405,2.094420600858369,3.0,0.2217782217782218,4509.009009009009,-5.0863003321484745,-1.4032981760969647,3.07149932987588,1150.9157509157508,-1.0,88.01110166077264,0.2217514714124123,
2023-07-31 13:43:07.640000,-9.036144578313253,-3.144578313253012,1.602409638554217,-3.1122011036174126,-9.01594114040466,2.1091354996934393,3.0,0.22133422133422131,4518.054162487462,-4.780956820698093,-1.1742905425091785,2.659285589417865,1154.5787545787546,-1.0,88.01110166077264,0.2217513699204379,
2023-07-31 13:43:07.648000,-9.012048192771084,-3.1566265060240966,1.566265060240964,-3.1195585530349477,-8.986511342734518,2.1164929491109747,3.0,0.2217782217782218,4509.009009009009,-5.147369034438551,-0.8689470310587968,3.1020336810209184,1158.2417582417581,-1.0,88.01110166077264,0.2217512714777573,
2023-07-31 13:43:07.655000,-9.036144578313253,-3.1566265060240966,1.602409638554217,-3.109748620478234,-9.052728387492335,2.1164929491109747,3.0,0.2217782217782218,4509.009009009009,-4.8725598741332075,-0.8842142066313159,3.086766505448399,1160.4395604395604,-1.0,88.01110166077264,0.2217511761577098,
2023-07-31 13:43:07.663000,-9.060240963855422,-3.132530120481928,1.6265060240963856,-3.1171060698957693,-9.047823421213979,2.1557326793378295,3.0,0.2217782217782218,4509.009009009009,-4.765689645125574,-0.3193287104481098,3.1020336810209184,1163.3699633699632,-1.0,88.01110166077264,0.2217510841711651,
2023-07-31 13:43:07.671000,-9.072289156626507,-3.1204819277108435,1.6265060240963856,-3.050889025137952,-9.12139791538933,2.0723482526057633,3.0,0.2217782217782218,4509.009009009009,-5.009964454285879,-0.2429928325855144,3.331041314608705,1168.4981684981685,-1.0,88.01110166077264,0.22175099572669618,
2023-07-31 13:43:07.678000,-9.084337349397591,-3.132530120481928,1.6144578313253013,-3.0680564071122007,-9.109135499693439,2.160637645616186,3.0,0.2217782217782218,4509.009009009009,-4.9794301031408414,-0.548336344035896,3.422644368043819,1175.8241758241757,-1.0,88.01110166077264,0.22175091102953123,
2023-07-31 13:43:07.686000,-9.120481927710843,-3.1204819277108435,1.6144578313253013,-3.114653586756591,-9.082158185162477,2.12385039852851,3.0,0.2217782217782218,4509.009009009009,-4.8725598741332075,-0.6094050463259724,3.544781772623972,1185.3479853479853,-1.0,88.01110166077264,0.22175083028054154,
2023-07-31 13:43:07.694000,-9.096385542168676,-3.144578313253012,1.63855421686747,-3.080318822808093,-9.123850398528509,2.1385652973635807,3.0,0.2217782217782218,4509.009009009009,-5.071033156575956,-1.067420313501545,3.2699726123186283,1199.2673992673992,-1.0,88.01110166077264,0.22175075367527272,
2023-07-31 13:43:07.701000,-9.096385542168676,-3.1204819277108435,1.6144578313253013,-3.0239117106069893,-9.052728387492335,2.136112814224402,3.0,0.2217782217782218,4509.009009009009,-4.948895751995803,-1.3422294738068885,3.6821863527766436,1221.245421245421,-1.0,88.01110166077264,0.22175068140302234,
2023-07-31 13:43:07.709000,-9.072289156626507,-3.108433734939759,1.6265060240963856,-3.08522378908645,-9.062538320049049,2.136112814224402,3.0,0.2217782217782218,4509.009009009009,-5.223704912301146,-1.4185653516694838,3.3463084901812237,1256.4102564102564,-1.0,88.01110166077264,0.22175061364597154,
2023-07-31 13:43:07.717000,-9.048192771084338,-3.1204819277108435,1.674698795180723,-3.0827713059472717,-9.057633353770692,2.1729000613120784,3.0,0.2217782217782218,4509.009009009009,-5.147369034438551,-1.5559699318221556,3.5142474214789337,1305.4945054945053,-1.0,88.01110166077264,0.22175055057837398,
2023-07-31 13:43:07.724000,-9.060240963855422,-3.108433734939759,1.6506024096385543,-3.0705088902513795,-9.028203556100552,2.1508277130594724,3.0,0.2217782217782218,4509.009009009009,-4.8725598741332075,-1.3880310005244456,3.376842841326262,1365.5677655677655,-1.0,88.01110166077264,0.22175049236580793,
2023-07-31 13:43:07.732000,-9.024096385542169,-3.0843373493975905,1.6265060240963856,-2.9871244635193133,-8.981606376456162,2.1042305334150826,3.0,0.2217782217782218,4509.009009009009,-5.391643843598857,-2.0903210768603233,3.3921100168987808,1435.8974358974358,-1.0,88.01110166077264,0.22175043916449322,
2023-07-31 13:43:07.740000,-9.012048192771084,-3.0843373493975905,1.6506024096385543,-3.0459840588595952,-8.96934396076027,2.128755364806867,3.0,0.2217782217782218,4509.009009009009,-4.9794301031408414,-1.7697103898374227,3.4989802459064143,1512.087912087912,-1.0,88.01110166077264,0.22175039112067918,
2023-07-31 13:43:07.747000,-9.0,-3.108433734939759,1.674698795180723,-3.0999386879215205,-8.903126916002453,2.2023298589822193,3.0,0.2217782217782218,4509.009009009009,-5.284773614591223,-2.1208554280053615,3.712720703921682,1586.080586080586,-1.0,88.01110166077264,0.22175034837010507,
2023-07-31 13:43:07.755000,-8.975903614457831,-3.1204819277108435,1.674698795180723,-3.0827713059472717,-8.90803188228081,2.212139791538933,3.0,0.2217782217782218,4509.009009009009,-5.147369034438551,-1.7697103898374227,3.453178719188857,1654.9450549450548,-1.0,88.01110166077264,0.22175031103753529,
2023-07-31 13:43:07.763000,-8.987951807228916,-3.108433734939759,1.6867469879518073,-3.0680564071122007,-8.959534028203556,2.1729000613120784,3.0,0.2217782217782218,4509.009009009009,-5.208437736728627,-1.8918477944175753,3.758522230639239,1715.018315018315,-1.0,88.01110166077264,0.221750279236373,
2023-07-31 13:43:07.770000,-8.987951807228916,-3.108433734939759,1.674698795180723,-3.0312691600245247,-9.011036174126302,2.190067443286327,3.0,0.2217782217782218,4509.009009009009,-4.9794301031408414,-1.5559699318221556,4.124934444379697,1763.3699633699632,-1.0,88.01110166077264,0.22175025306835183,
2023-07-31 13:43:07.778000,-9.024096385542169,-3.1204819277108435,1.674698795180723,-3.0999386879215205,-8.991416309012875,2.1508277130594724,3.0,0.2217782217782218,4509.009009009009,-4.7504224695530555,-1.2200920692267356,3.926461161936949,1797.8021978021977,-1.0,88.01110166077264,0.22175023262330723,
2023-07-31 13:43:07.786000,-9.036144578313253,-3.108433734939759,1.6987951807228916,-3.0459840588595952,-9.033108522378908,2.2244022072348253,3.0,0.2217782217782218,4509.009009009009,-4.826758347415651,-1.5559699318221556,4.338674902394964,1814.6520146520145,-1.0,88.01110166077264,0.22175021797902922,
2023-07-31 13:43:07.793000,-9.060240963855422,-3.1204819277108435,1.7228915662650603,-3.0312691600245247,-9.069895769466584,2.2047823421213977,3.0,0.2217782217782218,4509.009009009009,-4.765689645125574,-1.2964279470893312,4.308140551249926,1812.4542124542124,-1.0,88.01110166077264,0.22175020920119362,
2023-07-31 13:43:07.801000,-9.060240963855422,-3.108433734939759,1.6987951807228916,-3.0680564071122007,-9.096873083997547,2.2219497240956465,3.0,0.2217782217782218,4509.009009009009,-4.613017889400384,-1.4032981760969647,3.9111939863644296,1796.3369963369962,-1.0,88.01110166077264,0.22175020648212346,
2023-07-31 13:43:07.809000,-9.060240963855422,-3.0843373493975905,1.710843373493976,-3.009196811771919,-9.025751072961373,2.2244022072348253,3.0,0.2217782217782218,4509.009009009009,-4.811491171843131,-1.3574966493794074,3.8806596352193914,1764.8351648351647,-1.0,88.01110166077264,0.22175020998174913,
2023-07-31 13:43:07.816000,-9.084337349397591,-3.096385542168675,1.710843373493976,-3.014101778050276,-9.067443286327405,2.2244022072348253,3.0,0.2217782217782218,4509.009009009009,-5.040498805430918,-0.9605500844939113,4.430277955830078,1721.6117216117216,-1.0,88.01110166077264,0.2217502197001606,
2023-07-31 13:43:07.824000,-9.096385542168676,-3.0843373493975905,1.710843373493976,-3.0312691600245247,-9.069895769466584,2.241569589209074,3.0,0.2217782217782218,4509.009009009009,-4.99469727871336,-1.265893595944293,4.124934444379697,1671.0622710622708,-1.0,88.01110166077264,0.22175023562694382,
2023-07-31 13:43:07.832000,-9.096385542168676,-3.072289156626506,1.710843373493976,-3.0067443286327404,-9.006131207847945,2.2023298589822193,3.0,0.2217782217782218,4509.009009009009,-4.490880484820231,-1.4185653516694838,4.24707184895985,1616.8498168498168,-1.0,88.01110166077264,0.22175025774129462,
2023-07-31 13:43:07.839000,-9.072289156626507,-3.0843373493975905,1.710843373493976,-3.0876762722256283,-9.101778050275904,2.239117106069896,3.0,0.2217782217782218,4509.009009009009,-4.490880484820231,-1.4185653516694838,4.24707184895985,1560.4395604395604,-1.0,88.01110166077264,0.2217502860122028,
2023-07-31 13:43:07.847000,-9.096385542168676,-3.072289156626506,1.7228915662650603,-3.033721643163703,-9.114040465971796,2.1704475781729,3.0,0.2217782217782218,4509.009009009009,-5.132101858866032,-1.2964279470893312,3.9875298642270254,1503.2967032967033,-1.0,88.01110166077264,0.22175032039870637,
2023-07-31 13:43:07.855000,-9.084337349397591,-3.072289156626506,1.710843373493976,-3.0312691600245247,-9.10668301655426,2.148375229920294,3.0,0.2217782217782218,4509.009009009009,-4.567216362682826,-1.3880310005244456,4.2012703222422925,1449.084249084249,-1.0,88.01110166077264,0.22175036085021144,
2023-07-31 13:43:07.862000,-9.072289156626507,-3.0481927710843375,1.710843373493976,-3.0361741263028814,-9.116492949110974,2.229307173513182,3.0,0.2217782217782218,4509.009009009009,-4.445078958102673,-1.0368859623565068,3.941728337509468,1399.2673992673992,-1.0,88.01110166077264,0.22175040730687817,
2023-07-31 13:43:07.870000,-9.10843373493976,-3.036144578313253,1.6987951807228916,-3.0410790925812385,-9.067443286327405,2.2047823421213977,3.0,0.2217782217782218,4509.009009009009,-4.918361400850765,-1.067420313501545,3.8195909329293154,1356.0439560439559,-1.0,88.01110166077264,0.22175045970006782,
2023-07-31 13:43:07.878000,-9.096385542168676,-3.0481927710843375,1.7349397590361446,-3.011649294911097,-9.104230533415082,2.2611894543225013,3.0,0.2217782217782218,4509.009009009009,-5.025231629858399,-1.082687489074064,3.789056581784277,1320.8791208791208,-1.0,88.01110166077264,0.22175051795284909,
2023-07-31 13:43:07.885000,-9.096385542168676,-3.0481927710843375,1.7228915662650603,-2.9675045984058857,-9.10668301655426,2.182709993868792,3.0,0.2217782217782218,4509.009009009009,0.41967251325680266,-0.4230522696812556,0.43389079890449295,1290.8424908424909,-1.0,88.01110166077264,0.22175058198055825,
2023-07-31 13:43:07.893000,-9.10843373493976,-3.036144578313253,1.710843373493976,-3.0165542611894542,-9.074800735744942,2.2023298589822193,3.0,0.2217782217782218,4509.009009009009,0.4137288036827696,-0.39624730493561117,0.2913583124526546,1263.7362637362637,-1.0,88.01110166077264,0.22175065169141106,
2023-07-31 13:43:07.901000,-9.096385542168676,-3.024096385542169,1.7349397590361446,-2.9184549356223175,-9.06008583690987,2.2685469037400368,3.0,0.2217782217782218,4509.009009009009,0.09777984965911098,0.054891906066079854,0.33308082279587453,1239.5604395604396,658.75244140625,91.08125636986937,0.22175072698716028,
2023-07-31 13:43:07.908000,-9.072289156626507,-3.036144578313253,1.746987951807229,-2.9650521152667073,-9.0453709380748,2.177805027590435,3.0,0.2217782217782218,4509.009009009009,-0.03309830429462177,0.2681661907814237,-0.08565934386108055,1216.8498168498168,-1.0,91.08125636986937,0.22175080776379474,
2023-07-31 13:43:07.916000,-9.096385542168676,-3.0481927710843375,1.710843373493976,-2.9773145309625995,-9.082158185162477,2.21704475781729,3.0,0.2217782217782218,4509.009009009009,-0.07062525493852402,0.646698910319913,-0.1050055358079365,1197.8021978021977,-1.0,91.08125636986937,0.22175089391227518,
2023-07-31 13:43:07.924000,-9.096385542168676,-3.036144578313253,1.7349397590361446,-3.033721643163703,-9.06008583690987,2.1949724095646843,3.0,0.2217782217782218,4509.009009009009,0.2872792960783173,0.7099819357846269,-0.12738185420430073,1183.8827838827838,-1.0,91.08125636986937,0.22175098531930038,
2023-07-31 13:43:07.931000,-9.060240963855422,-3.0120481927710845,1.6987951807228916,-2.89883507050889,-9.116492949110974,2.2047823421213977,3.0,0.2217782217782218,4509.009009009009,0.22621059378824096,0.8779208670823369,-0.02051162519666714,1172.161172161172,-1.0,91.08125636986937,0.2217510818680989,
2023-07-31 13:43:07.939000,-9.036144578313253,-3.0481927710843375,1.6867469879518073,-2.9307173513182097,-9.128755364806867,2.1140404659717964,3.0,0.2217782217782218,4509.009009009009,0.39414952508595086,1.0458597983800468,-0.29532078550201063,1164.8351648351647,-1.0,91.08125636986937,0.2217511834392406,
2023-07-31 13:43:07.947000,-9.048192771084338,-3.036144578313253,1.6987951807228916,-2.9993868792152054,-9.0453709380748,2.182709993868792,3.0,0.22133422133422131,4518.054162487462,0.4704854029485463,1.1985315541052375,-0.2342520832119343,1156.0439560439559,-1.0,91.08125636986937,0.22175128991146179,
2023-07-31 13:43:07.954000,-9.036144578313253,-3.0120481927710845,1.6867469879518073,-3.026364193746168,-9.067443286327405,2.1508277130594724,3.0,0.2217782217782218,4509.009009009009,0.34834799836839364,1.641279645708291,0.2695647106811954,1146.5201465201465,-1.0,91.08125636986937,0.22175140115195274,
2023-07-31 13:43:07.962000,-9.072289156626507,-3.036144578313253,1.6626506024096386,-3.043531575720417,-9.01348865726548,2.199877375843041,3.0,0.2217782217782218,4509.009009009009,0.07353883806305013,1.061126973952566,0.19322883281860004,1137.7289377289376,-1.0,91.08125636986937,0.22175151698548132,
2023-07-31 13:43:07.970000,-9.024096385542169,-3.072289156626506,1.674698795180723,-3.0239117106069893,-8.996321275291232,2.2145922746781115,3.0,0.2217782217782218,4509.009009009009,0.14987471592564555,1.106928500670123,0.28483188625371453,1130.4029304029302,-1.0,91.08125636986937,0.2217516372265458,
2023-07-31 13:43:07.977000,-9.036144578313253,-3.0481927710843375,1.6867469879518073,-3.0288166768853464,-9.033108522378908,2.2440220723482525,3.0,0.2217782217782218,4509.009009009009,0.027737311345492885,1.1832643785327186,0.742847153429287,1126.007326007326,-1.0,91.08125636986937,0.2217517616903564,
2023-07-31 13:43:07.985000,-9.048192771084338,-3.0481927710843375,1.6987951807228916,-2.9944819129368483,-9.072348252605764,2.1434702636419374,3.0,0.2217782217782218,4509.009009009009,0.11934036478060739,1.2901346075403521,0.10162577938348553,1125.2747252747251,-1.0,91.08125636986937,0.22175189019326333,
2023-07-31 13:43:07.993000,-9.048192771084338,-3.060240963855422,1.6987951807228916,-3.014101778050276,-8.98405885959534,2.1851624770079705,3.0,0.2217782217782218,4509.009009009009,0.25674494493327915,1.3359361342579092,0.5901753977040962,1128.937728937729,-1.0,91.08125636986937,0.22175202255317605,
2023-07-31 13:43:08,-9.060240963855422,-3.072289156626506,1.674698795180723,-3.080318822808093,-9.033108522378908,2.1925199264255055,3.0,0.2217782217782218,4509.009009009009,-0.018064215372064367,1.3054017831128713,0.34590058854379085,1136.9963369963368,-1.0,91.08125636986937,0.22175215858997263,
2023-07-31 13:43:08.008000,-9.084337349397591,-3.0481927710843375,1.6506024096385543,-2.962599632127529,-9.050275904353157,2.1851624770079705,3.0,0.2217782217782218,4509.009009009009,0.14987471592564555,1.1832643785327186,0.6970456267117298,1148.7179487179487,-1.0,91.08125636986937,0.22175229812589592,
2023-07-31 13:43:08.015000,-9.084337349397591,-3.0481927710843375,1.6506024096385543,-2.9650521152667073,-9.114040465971796,2.199877375843041,3.0,0.2217782217782218,4509.009009009009,0.05827166249053105,1.091661325097604,0.6207097488491343,1165.5677655677655,-1.0,91.08125636986937,0.22175244098593716,
2023-07-31 13:43:08.023000,-9.072289156626507,-3.060240963855422,1.6506024096385543,-3.0410790925812385,-9.03065603923973,2.1263028816676885,3.0,0.2217782217782218,4509.009009009009,-0.20127032224229335,0.6336460579220315,0.7581143290018061,1183.8827838827838,-1.0,91.08125636986937,0.22175258699820458,
2023-07-31 13:43:08.031000,-9.072289156626507,-3.036144578313253,1.674698795180723,-2.9699570815450644,-9.069895769466584,2.136112814224402,3.0,0.2217782217782218,4509.009009009009,0.11934036478060739,0.542043004486917,0.4222364664063863,1203.6630036630036,-1.0,91.08125636986937,0.22175273599427667,
2023-07-31 13:43:08.038000,-9.096385542168676,-3.036144578313253,1.6626506024096386,-3.011649294911097,-9.0453709380748,2.177805027590435,3.0,0.2217782217782218,4509.009009009009,0.1956762426432028,0.7557834625021842,0.8039158557193634,1223.4432234432234,-1.0,91.08125636986937,0.2217528878095384,
2023-07-31 13:43:08.046000,-9.084337349397591,-3.024096385542169,1.63855421686747,-2.99202942979767,-9.118945432250152,2.141017780502759,3.0,0.22133422133422131,4518.054162487462,0.04300448691801197,0.22143231746401626,0.2237631839636382,1241.0256410256409,-1.0,91.08125636986937,0.22175304228349857,
2023-07-31 13:43:08.054000,-9.096385542168676,-3.024096385542169,1.63855421686747,-2.952789699570815,-9.082158185162477,2.165542611894543,3.0,0.2217782217782218,4509.009009009009,-0.12493444437969795,0.7710506380747033,0.5749082221315771,1253.4798534798533,-1.0,91.08125636986937,0.22175319911079625,
2023-07-31 13:43:08.061000,-9.132530120481928,-3.060240963855422,1.6626506024096386,-3.0165542611894542,-9.136112814224402,2.1925199264255055,3.0,0.2217782217782218,4509.009009009009,0.08880601363556921,0.9847910960899704,0.376434939688829,1263.003663003663,-1.0,91.08125636986937,0.22175335796889806,
2023-07-31 13:43:08.069000,-9.120481927710843,-3.0120481927710845,1.6626506024096386,-2.9699570815450644,-9.116492949110974,2.1557326793378295,3.0,0.2217782217782218,4509.009009009009,0.04300448691801197,1.259600256395314,0.544373870986539,1270.3296703296703,-1.0,91.08125636986937,0.22175351867729517,
2023-07-31 13:43:08.077000,-9.096385542168676,-3.024096385542169,1.63855421686747,-2.923359901900674,-9.09196811771919,2.1312078479460452,3.0,0.2217782217782218,4509.009009009009,0.5315541052386227,0.9542567449449323,0.4222364664063863,1279.120879120879,-1.0,91.08125636986937,0.22175368105880838,
2023-07-31 13:43:08.084000,-9.096385542168676,-3.024096385542169,1.63855421686747,-2.9576946658491723,-9.111587982832617,2.182709993868792,3.0,0.2217782217782218,4509.009009009009,0.08880601363556921,0.7405162869296651,-0.0510459763417053,1284.2490842490843,-1.0,91.08125636986937,0.2217538449396288,
2023-07-31 13:43:08.092000,-9.096385542168676,-3.0120481927710845,1.6506024096385543,-2.9061925199264254,-9.062538320049049,2.1213979153893314,3.0,0.2217782217782218,4509.009009009009,0.04300448691801197,0.6183788823495124,-0.1579162053493389,1284.2490842490843,-1.0,91.08125636986937,0.2217540101493487,
2023-07-31 13:43:08.100000,-9.096385542168676,-3.024096385542169,1.6626506024096386,-2.984671980380135,-9.101778050275904,2.180257510729614,3.0,0.22133422133422131,4518.054162487462,0.11934036478060739,0.8321193403647796,0.2695647106811954,1279.8534798534797,-1.0,91.08125636986937,0.22175417652098342,
2023-07-31 13:43:08.107000,-9.072289156626507,-3.0120481927710845,1.6506024096385543,-3.004291845493562,-9.109135499693439,2.141017780502759,3.0,0.2217782217782218,4509.009009009009,0.08880601363556921,0.5267758289143979,0.17796165724608096,1273.9926739926739,-1.0,91.08125636986937,0.22175434388044152,
2023-07-31 13:43:08.115000,-9.096385542168676,-3.0120481927710845,1.6265060240963856,-2.940527283874923,-9.033108522378908,2.1213979153893314,3.0,0.2217782217782218,4509.009009009009,0.08880601363556921,0.5267758289143979,0.17796165724608096,1262.2710622710622,-1.0,91.08125636986937,0.22175451201482366,
2023-07-31 13:43:08.123000,-9.096385542168676,-3.0120481927710845,1.6265060240963856,-2.9650521152667073,-9.09196811771919,2.21704475781729,3.0,0.2217782217782218,4509.009009009009,0.2872792960783173,0.5878445312044742,-0.35638948779208696,1249.084249084249,-1.0,91.08125636986937,0.2217546807037532,
2023-07-31 13:43:08.130000,-9.072289156626507,-2.9759036144578315,1.6144578313253013,-2.942979767014102,-9.074800735744942,2.1385652973635807,3.0,0.2217782217782218,4509.009009009009,0.43995105180350813,0.5267758289143979,0.10162577938348553,1235.164835164835,-1.0,91.08125636986937,0.22175484972954418,
2023-07-31 13:43:08.138000,-9.096385542168676,-2.987951807228916,1.674698795180723,-2.9380748007357447,-9.040465971796444,2.1508277130594724,3.0,0.2217782217782218,4509.009009009009,0.45521822737602724,0.6641804090670697,-0.03577880076918622,1223.4432234432234,-1.0,91.08125636986937,0.22175501887683394,
2023-07-31 13:43:08.146000,-9.120481927710843,-3.0,1.6265060240963856,-2.9061925199264254,-9.118945432250152,2.180257510729614,3.0,0.2217782217782218,4509.009009009009,0.16514189149816463,0.8779208670823369,-0.44799254122720145,1213.1868131868132,-1.0,91.08125636986937,0.22175518793223192,
2023-07-31 13:43:08.153000,-9.132530120481928,-2.987951807228916,1.6265060240963856,-2.933169834457388,-9.10668301655426,2.1336603310852236,3.0,0.2217782217782218,4509.009009009009,0.14987471592564555,0.9847910960899704,-0.1579162053493389,1204.3956043956043,-1.0,91.08125636986937,0.22175535668399118,
2023-07-31 13:43:08.161000,-9.132530120481928,-2.9759036144578315,1.6265060240963856,-2.8890251379521765,-9.082158185162477,2.1949724095646843,3.0,0.2217782217782218,4509.009009009009,0.04300448691801197,1.1679972029601995,-0.31058796107452974,1197.069597069597,-1.0,91.08125636986937,0.22175552492170714,
2023-07-31 13:43:08.169000,-9.132530120481928,-3.0,1.6506024096385543,-2.920907418761496,-9.09196811771919,2.160637645616186,3.0,0.2217782217782218,4509.009009009009,0.24147776936076004,1.0763941495250848,-0.18845055649437706,1190.4761904761904,-1.0,91.08125636986937,0.22175569243605062,
2023-07-31 13:43:08.176000,-9.132530120481928,-2.963855421686747,1.6626506024096386,-2.923359901900674,-9.12139791538933,2.2047823421213977,3.0,0.2217782217782218,4509.009009009009,-0.018064215372064367,1.061126973952566,-0.46325971679972056,1188.278388278388,-1.0,91.08125636986937,0.22175585901853964,
2023-07-31 13:43:08.184000,-9.120481927710843,-2.987951807228916,1.6506024096385543,-2.9282648681790313,-9.123850398528509,2.1508277130594724,3.0,0.2217782217782218,4509.009009009009,0.3636151739409127,0.9389895693724132,-0.4937940679447587,1184.6153846153845,-1.0,91.08125636986937,0.221756024461356,
2023-07-31 13:43:08.192000,-9.10843373493976,-3.0,1.6626506024096386,-2.9478847332924585,-9.128755364806867,2.1263028816676885,3.0,0.2217782217782218,4509.009009009009,-0.06386574208962162,1.2137987296777566,-0.5853971213798732,1181.6849816849815,-1.0,91.08125636986937,0.22175618855720966,
2023-07-31 13:43:08.199000,-9.10843373493976,-2.9759036144578315,1.6626506024096386,-2.9086450030656037,-9.07725321888412,2.1949724095646843,3.0,0.2217782217782218,4509.009009009009,-0.12493444437969795,1.0153254472350086,-0.5701299458073541,1178.7545787545787,-1.0,91.08125636986937,0.22175635109925598,
2023-07-31 13:43:08.207000,-9.084337349397591,-2.987951807228916,1.6867469879518073,-2.952789699570815,-9.074800735744942,2.2023298589822193,3.0,0.2217782217782218,4509.009009009009,-0.3692092535400033,0.46570712662432157,-0.7075345259600259,1178.021978021978,-1.0,91.08125636986937,0.22175651188107046,
2023-07-31 13:43:08.215000,-9.084337349397591,-2.987951807228916,1.6867469879518073,-2.9675045984058857,-9.094420600858369,2.153280196198651,3.0,0.2217782217782218,4509.009009009009,-0.1707359710972552,0.5878445312044742,-0.7075345259600259,1178.7545787545787,-1.0,91.08125636986937,0.2217566706966821,
2023-07-31 13:43:08.222000,-9.048192771084338,-2.987951807228916,1.6626506024096386,-2.9944819129368483,-9.050275904353157,2.187614960147149,3.0,0.2217782217782218,4509.009009009009,0.22621059378824096,0.40463842433424524,-0.44799254122720145,1181.6849816849815,-1.0,91.08125636986937,0.22175682734066973,
2023-07-31 13:43:08.230000,-9.060240963855422,-3.0120481927710845,1.6626506024096386,-2.952789699570815,-9.033108522378908,2.1679950950337217,3.0,0.2217782217782218,4509.009009009009,0.11934036478060739,0.26723384418157353,-0.539595594662316,1183.150183150183,-1.0,91.08125636986937,0.2217569816083227,
2023-07-31 13:43:08.238000,-9.060240963855422,-3.024096385542169,1.6626506024096386,-2.950337216431637,-9.062538320049049,2.1704475781729,3.0,0.2217782217782218,4509.009009009009,0.07353883806305013,0.7710506380747033,-0.6006642969523923,1186.080586080586,-1.0,91.08125636986937,0.2217571332958675,
2023-07-31 13:43:08.245000,-9.084337349397591,-3.024096385542169,1.6144578313253013,-3.0190067443286326,-9.06008583690987,2.1312078479460452,3.0,0.2217782217782218,4509.009009009009,-0.0791329176621407,1.3512033098304284,-0.8144047549676595,1186.8131868131868,-1.0,91.08125636986937,0.22175728220076155,
2023-07-31 13:43:08.253000,-9.10843373493976,-3.036144578313253,1.6506024096385543,-2.9675045984058857,-9.10668301655426,2.2219497240956465,3.0,0.22133422133422131,4518.054162487462,0.25674494493327915,1.7634170502884436,-0.5701299458073541,1186.080586080586,-1.0,91.08125636986937,0.2217574281220539,
2023-07-31 13:43:08.261000,-9.120481927710843,-3.036144578313253,1.6626506024096386,-2.974862047823421,-9.136112814224402,2.153280196198651,3.0,0.2217782217782218,4509.009009009009,0.05827166249053105,1.9008216304411154,-0.6770001748149878,1186.8131868131868,-1.0,91.08125636986937,0.2217575708502688,
2023-07-31 13:43:08.268000,-9.10843373493976,-3.024096385542169,1.674698795180723,-2.9576946658491723,-9.096873083997547,2.187614960147149,3.0,0.2217782217782218,4509.009009009009,0.10407318920808831,1.7328826991434054,-0.6159314725249114,1188.278388278388,-1.0,91.08125636986937,0.22175771013618856,
2023-07-31 13:43:08.276000,-9.096385542168676,-3.024096385542169,1.6506024096385543,-2.974862047823421,-9.111587982832617,2.128755364806867,3.0,0.2217782217782218,4509.009009009009,0.027737311345492885,1.9466231571586727,-0.6159314725249114,1190.4761904761904,-1.0,91.08125636986937,0.221757845722736,
2023-07-31 13:43:08.284000,-9.096385542168676,-3.036144578313253,1.6506024096385543,-2.979767014101778,-9.03065603923973,2.1557326793378295,3.0,0.2217782217782218,4509.009009009009,0.18040906707068372,1.855020103723558,-0.539595594662316,1192.6739926739926,-1.0,91.08125636986937,0.22175797735575759,
2023-07-31 13:43:08.291000,-9.096385542168676,-3.0120481927710845,1.63855421686747,-3.0165542611894542,-9.101778050275904,2.089515634580012,3.0,0.2217782217782218,4509.009009009009,0.25674494493327915,1.2290659052502757,-0.6770001748149878,1196.3369963369962,-1.0,91.08125636986937,0.22175810478433083,
2023-07-31 13:43:08.299000,-9.084337349397591,-3.024096385542169,1.6626506024096386,-3.0239117106069893,-9.07725321888412,2.1263028816676885,3.0,0.2217782217782218,4509.009009009009,-0.23180467338733154,1.1985315541052375,-0.46325971679972056,1201.4652014652013,-1.0,91.08125636986937,0.2217582277611408,
2023-07-31 13:43:08.307000,-9.072289156626507,-3.036144578313253,1.6506024096385543,-3.0361741263028814,-9.09196811771919,2.1630901287553645,3.0,0.2217782217782218,4509.009009009009,-0.0027970397995452823,0.893188042654856,-0.37165666336460607,1205.128205128205,-1.0,91.08125636986937,0.22175834604292807,
2023-07-31 13:43:08.314000,-9.072289156626507,-3.036144578313253,1.6506024096385543,-2.9478847332924585,-9.003678724708767,2.148375229920294,3.0,0.2217782217782218,4509.009009009009,0.30254647165083637,0.7863178136472223,-0.17318338092185798,1209.5238095238094,-1.0,91.08125636986937,0.22175845939100564,
2023-07-31 13:43:08.322000,-9.084337349397591,-3.060240963855422,1.63855421686747,-3.026364193746168,-9.057633353770692,2.1213979153893314,3.0,0.2217782217782218,4509.009009009009,0.18040906707068372,1.0305926228075277,-0.3869238389371251,1214.6520146520145,-1.0,91.08125636986937,0.22175856757184564,
2023-07-31 13:43:08.330000,-9.084337349397591,-3.072289156626506,1.6265060240963856,-3.0018393623543838,-9.096873083997547,2.089515634580012,3.0,0.2217782217782218,4509.009009009009,-0.12493444437969795,0.9237223937998941,-0.37165666336460607,1219.7802197802198,-1.0,91.08125636986937,0.22175867035773278,
2023-07-31 13:43:08.337000,-9.084337349397591,-3.0481927710843375,1.6506024096385543,-3.0067443286327404,-9.104230533415082,2.118945432250153,3.0,0.22133422133422131,4518.054162487462,0.45521822737602724,0.8779208670823369,0.055824252665928276,1223.4432234432234,-1.0,91.08125636986937,0.22175876752748397,
2023-07-31 13:43:08.345000,-9.084337349397591,-3.0481927710843375,1.6144578313253013,-2.9773145309625995,-9.055180870631514,2.165542611894543,3.0,0.2217782217782218,4509.009009009009,0.34834799836839364,1.3512033098304284,-0.0510459763417053,1225.6410256410256,-1.0,91.08125636986937,0.22175885871793558,
2023-07-31 13:43:08.353000,-9.096385542168676,-3.0481927710843375,1.6144578313253013,-2.9871244635193133,-9.069895769466584,2.0919681177191904,3.0,0.22133422133422131,4518.054162487462,0.4246838762309891,1.473340714410581,-0.09684750305926255,1228.5714285714284,-1.0,91.08125636986937,0.22175894355220102,
2023-07-31 13:43:08.360000,-9.084337349397591,-3.0481927710843375,1.5903614457831325,-3.026364193746168,-9.06008583690987,2.1091354996934393,3.0,0.2217782217782218,4509.009009009009,0.3788823495134318,1.0305926228075277,0.040557077093409194,1236.6300366300366,-1.0,91.08125636986937,0.22175902165020972,
2023-07-31 13:43:08.368000,-9.096385542168676,-3.0481927710843375,1.5903614457831325,-3.026364193746168,-9.116492949110974,2.099325567136726,3.0,0.2217782217782218,4509.009009009009,0.18040906707068372,1.4122720121205048,0.43750364197890534,1250.5494505494505,-1.0,91.08125636986937,0.2217590926181345,
2023-07-31 13:43:08.376000,-9.120481927710843,-3.024096385542169,1.602409638554217,-2.8890251379521765,-9.101778050275904,2.1434702636419374,3.0,0.2217782217782218,4509.009009009009,0.40941670065846997,1.091661325097604,0.6359769244216534,1273.260073260073,-1.0,91.08125636986937,0.22175915620814277,
2023-07-31 13:43:08.383000,-9.120481927710843,-3.0,1.6265060240963856,-2.9184549356223175,-9.133660331085224,2.082158185162477,3.0,0.2217782217782218,4509.009009009009,0.40941670065846997,0.908455218227375,0.544373870986539,1306.227106227106,-1.0,91.08125636986937,0.22175921218032432,
2023-07-31 13:43:08.391000,-9.144578313253012,-2.9759036144578315,1.5783132530120483,-2.9380748007357447,-9.150827713059472,2.1336603310852236,3.0,0.2217782217782218,4509.009009009009,0.40941670065846997,0.908455218227375,0.544373870986539,1348.7179487179487,-1.0,91.08125636986937,0.22175926030342283,
2023-07-31 13:43:08.398000,-9.132530120481928,-2.9759036144578315,1.6144578313253013,-2.916002452483139,-9.175352544451256,2.160637645616186,3.0,0.2217782217782218,4509.009009009009,0.14987471592564555,0.6183788823495124,0.7123128022842489,1402.9304029304028,-1.0,91.08125636986937,0.22175930035561964,
2023-07-31 13:43:08.406000,-9.10843373493976,-2.9759036144578315,1.6265060240963856,-2.9650521152667073,-9.082158185162477,2.1091354996934393,3.0,0.22133422133422131,4518.054162487462,0.39414952508595086,0.40463842433424524,0.3153662373987527,1465.9340659340658,-1.0,91.08125636986937,0.22175933212536494,
2023-07-31 13:43:08.414000,-9.120481927710843,-2.963855421686747,1.6265060240963856,-2.952789699570815,-9.064990803188227,2.141017780502759,3.0,0.2217782217782218,4509.009009009009,0.1956762426432028,0.4504399510518025,0.20849600839111912,1537.7289377289376,-1.0,91.08125636986937,0.22175935540170996,
2023-07-31 13:43:08.421000,-9.072289156626507,-2.963855421686747,1.6144578313253013,-2.9061925199264254,-9.07725321888412,2.106683016554261,3.0,0.2217782217782218,4509.009009009009,0.16514189149816463,-0.34345317871918984,0.14742730610104277,1611.7216117216117,-1.0,91.08125636986937,0.22175936994351275,
2023-07-31 13:43:08.429000,-9.072289156626507,-2.9759036144578315,1.602409638554217,-2.9576946658491723,-9.052728387492335,2.047823421213979,3.0,0.2217782217782218,4509.009009009009,-0.2776062001048888,-0.43505623215430433,0.3153662373987527,1685.7142857142856,-1.0,91.08125636986937,0.22175937551171426,
2023-07-31 13:43:08.437000,-9.060240963855422,-2.963855421686747,1.6144578313253013,-2.9061925199264254,-9.047823421213979,2.038013488657265,3.0,0.2217782217782218,4509.009009009009,-0.30814055124992695,-0.34345317871918984,0.20849600839111912,1753.113553113553,-1.0,91.08125636986937,0.22175937188048442,
2023-07-31 13:43:08.444000,-9.048192771084338,-2.9759036144578315,1.63855421686747,-2.9675045984058857,-9.062538320049049,2.1434702636419374,3.0,0.2217782217782218,4509.009009009009,-0.0027970397995452823,-0.3587203542917089,0.5901753977040962,1811.7216117216117,-1.0,91.08125636986937,0.22175935883785625,
2023-07-31 13:43:08.452000,-9.084337349397591,-2.9759036144578315,1.6265060240963856,-2.9307173513182097,-9.064990803188227,2.212139791538933,3.0,0.2217782217782218,4509.009009009009,-0.2776062001048888,-0.34345317871918984,0.4222364664063863,1857.142857142857,-1.0,91.08125636986937,0.22175933618639282,
2023-07-31 13:43:08.460000,-9.096385542168676,-2.9759036144578315,1.6265060240963856,-2.94543225015328,-9.087063151440834,2.1017780502759043,3.0,0.2217782217782218,4509.009009009009,-0.0791329176621407,-0.0991783695588845,0.4680379931239435,1886.4468864468863,-1.0,91.08125636986937,0.22175930374388542,
2023-07-31 13:43:08.467000,-9.120481927710843,-2.987951807228916,1.602409638554217,-2.9650521152667073,-9.096873083997547,2.094420600858369,3.0,0.2217782217782218,4509.009009009009,-0.10966726880717886,0.23669949303653534,0.6665112755666917,1897.4358974358972,-1.0,91.08125636986937,0.22175926134407864,
2023-07-31 13:43:08.475000,-9.132530120481928,-3.0,1.63855421686747,-2.891477621091355,-9.104230533415082,2.160637645616186,3.0,0.22133422133422131,4518.054162487462,-0.1707359710972552,0.3435697220441689,0.3306334129712718,1893.040293040293,-1.0,91.08125636986937,0.22175920883742078,
2023-07-31 13:43:08.483000,-9.10843373493976,-2.963855421686747,1.6144578313253013,-2.923359901900674,-9.145922746781116,2.1213979153893314,3.0,0.2217782217782218,4509.009009009009,-0.21653749781481246,0.40463842433424524,0.6054425732766153,1873.9926739926739,-1.0,91.08125636986937,0.22175914594254256,
2023-07-31 13:43:08.490000,-9.10843373493976,-2.9759036144578315,1.6265060240963856,-2.9552421827099935,-9.050275904353157,2.128755364806867,3.0,0.2217782217782218,4509.009009009009,-0.14020161995221703,0.22143231746401626,0.4069692908338672,1843.2234432234432,-1.0,91.08125636986937,0.22175907237446565,
2023-07-31 13:43:08.498000,-9.10843373493976,-2.9759036144578315,1.6144578313253013,-2.881667688534641,-9.050275904353157,2.0797057020232983,3.0,0.2217782217782218,4509.009009009009,0.07353883806305013,0.17563079074645901,0.36116776411630996,1800.7326007326005,-1.0,91.08125636986937,0.2217589880043443,
2023-07-31 13:43:08.506000,-9.096385542168676,-2.987951807228916,1.602409638554217,-3.0018393623543838,-9.057633353770692,2.1263028816676885,3.0,0.2217782217782218,4509.009009009009,0.05827166249053105,0.1908979663189781,0.43750364197890534,1749.4505494505493,-1.0,91.08125636986937,0.2217588927213456,
2023-07-31 13:43:08.513000,-9.072289156626507,-2.951807228915663,1.6265060240963856,-2.9650521152667073,-9.096873083997547,2.136112814224402,3.0,0.2217782217782218,4509.009009009009,0.10407318920808831,-0.06864401841384632,0.4069692908338672,1695.2380952380952,-1.0,91.08125636986937,0.2217587864332922,
2023-07-31 13:43:08.521000,-9.10843373493976,-2.951807228915663,1.602409638554217,-2.9307173513182097,-9.087063151440834,2.099325567136726,3.0,0.2217782217782218,4509.009009009009,0.16514189149816463,-0.08391119398636541,0.34590058854379085,1640.2930402930401,-1.0,91.08125636986937,0.22175866906731537,
2023-07-31 13:43:08.529000,-9.096385542168676,-2.963855421686747,1.6265060240963856,-2.893930104230533,-9.072348252605764,2.106683016554261,3.0,0.2217782217782218,4509.009009009009,0.22621059378824096,-0.038109667268808156,0.43750364197890534,1583.8827838827838,-1.0,91.08125636986937,0.22175854057051625,
2023-07-31 13:43:08.536000,-9.10843373493976,-2.963855421686747,1.6144578313253013,-2.8841201716738194,-9.155732679337829,2.12385039852851,3.0,0.2217782217782218,4509.009009009009,-0.24707184895985063,0.20616514189149718,-0.02051162519666714,1527.4725274725274,-1.0,91.08125636986937,0.22175840091063057,
2023-07-31 13:43:08.544000,-9.096385542168676,-2.951807228915663,1.6265060240963856,-2.911097486204782,-9.13856529736358,2.1729000613120784,3.0,0.2217782217782218,4509.009009009009,0.14987471592564555,0.8321193403647796,0.4222364664063863,1476.1904761904761,-1.0,91.08125636986937,0.2217582500766932,
2023-07-31 13:43:08.552000,-9.120481927710843,-2.951807228915663,1.602409638554217,-2.903740036787247,-9.116492949110974,2.141017780502759,3.0,0.2217782217782218,4509.009009009009,0.6384243342462562,0.41990559990676435,0.28483188625371453,1432.2344322344322,-1.0,91.08125636986937,0.2217580880796991,
2023-07-31 13:43:08.559000,-9.120481927710843,-2.951807228915663,1.602409638554217,-2.893930104230533,-9.109135499693439,2.064990803188228,3.0,0.22133422133422131,4518.054162487462,0.22621059378824096,0.7863178136472223,0.16269448167356187,1394.8717948717947,-1.0,91.08125636986937,0.22175791495325484,
2023-07-31 13:43:08.567000,-9.132530120481928,-2.927710843373494,1.602409638554217,-2.8546903740036784,-9.143470263641937,2.1312078479460452,3.0,0.22133422133422131,4518.054162487462,0.43995105180350813,0.7863178136472223,0.10162577938348553,1367.032967032967,674.072265625,89.0112278160087,0.2217577307436736,
2023-07-31 13:43:08.575000,-9.144578313253012,-2.951807228915663,1.63855421686747,-2.8595953402820355,-9.145922746781116,2.141017780502759,3.0,0.2217782217782218,4509.009009009009,0.8063632655439661,0.4809743021968407,-0.11211467863178164,1346.5201465201465,-1.0,89.0112278160087,0.22175753546834007,
2023-07-31 13:43:08.582000,-9.120481927710843,-2.927710843373494,1.6626506024096386,-2.8792152053954627,-9.18270999386879,2.111587982832618,3.0,0.2217782217782218,4509.009009009009,0.3636151739409127,0.3435697220441689,0.25429753510867636,1329.6703296703297,-1.0,89.0112278160087,0.2217573291159213,
2023-07-31 13:43:08.590000,-9.120481927710843,-2.9036144578313254,1.674698795180723,-2.874310239117106,-9.145922746781116,2.1949724095646843,3.0,0.2217782217782218,4509.009009009009,0.25674494493327915,0.908455218227375,0.28483188625371453,1315.018315018315,-1.0,89.0112278160087,0.2217571116884232,
2023-07-31 13:43:08.598000,-9.156626506024097,-2.91566265060241,1.746987951807229,-2.911097486204782,-9.194972409564684,2.246474555487431,3.0,0.2217782217782218,4509.009009009009,0.18040906707068372,1.82448575257852,0.6054425732766153,1303.2967032967033,-1.0,89.0112278160087,0.22175688321151585,
2023-07-31 13:43:08.605000,-9.228915662650603,-2.951807228915663,1.8313253012048194,-2.9258123850398525,-9.27835683629675,2.3053341508277128,3.0,0.22133422133422131,4518.054162487462,0.21094341821572188,1.8855544548685963,1.1397937183147833,1292.3076923076922,-1.0,89.0112278160087,0.22175664373429832,
2023-07-31 13:43:08.613000,-9.289156626506024,-3.0120481927710845,1.8795180722891567,-2.933169834457388,-9.354383813611282,2.3789086450030656,3.0,0.2217782217782218,4509.009009009009,-0.04859856651710253,1.7939514014334819,1.4909387564827221,1280.5860805860805,-1.0,89.0112278160087,0.22175639317975834,
2023-07-31 13:43:08.621000,-9.506024096385543,-3.0481927710843375,1.8795180722891567,-3.0288166768853464,-9.599632127529123,2.3347639484978537,3.0,0.2217782217782218,4509.009009009009,-0.9188275741506903,0.908455218227375,3.0939921915972257,1270.3296703296703,-1.0,89.0112278160087,0.22175613147193357,
2023-07-31 13:43:08.628000,-9.831325301204819,-3.096385542168675,1.8795180722891567,-3.092581238503985,-9.972409564684241,2.3543838136112814,3.0,0.2217782217782218,4509.009009009009,-2.5829497115552704,-0.9999417283375104,5.36880135190257,1260.8058608058607,-1.0,89.0112278160087,0.22175585869458786,
2023-07-31 13:43:08.636000,-10.19277108433735,-3.240963855421687,1.8795180722891567,-3.2053954629061923,-10.296137339055793,2.293071735131821,3.0,0.2217782217782218,4509.009009009009,-5.0867665054484,-5.228949361925297,6.758114329001806,1252.014652014652,-1.0,89.0112278160087,0.22175557495201234,
2023-07-31 13:43:08.644000,-10.46987951807229,-3.27710843373494,1.7228915662650603,-3.264255058246474,-10.578172900061311,2.118945432250153,3.0,0.22133422133422131,4518.054162487462,-7.437911543616339,-11.625895926810793,6.1779616572460805,1246.8864468864467,-1.0,89.0112278160087,0.22175528036858497,
2023-07-31 13:43:08.651000,-10.566265060240964,-3.27710843373494,1.5542168674698795,-3.3059472716125073,-10.661557326793378,2.018393623543838,3.0,0.2217782217782218,4509.009009009009,-9.697453528349163,-19.48849134665812,6.208496008391119,1244.6886446886447,-1.0,89.0112278160087,0.221754974939048,
2023-07-31 13:43:08.659000,-10.518072289156628,-3.2650602409638556,1.4096385542168675,-3.2470876762722254,-10.602697731453096,1.812385039852851,3.0,0.2217782217782218,4509.009009009009,-13.208903910028553,-27.900705087116137,6.635976924421653,1243.956043956044,-1.0,89.0112278160087,0.22175465865551547,
2023-07-31 13:43:08.667000,-10.3855421686747,-3.1927710843373496,1.3012048192771084,-3.08522378908645,-10.462906192519926,1.6676885346413242,3.0,0.22133422133422131,4518.054162487462,-13.208903910028553,-27.900705087116137,6.635976924421653,1247.6190476190475,-1.0,89.0112278160087,0.22175433166602052,
2023-07-31 13:43:08.674000,-10.180722891566266,-3.1566265060240966,1.2530120481927711,-3.1931330472103,-10.303494788473328,1.6824034334763946,3.0,0.22133422133422131,4518.054162487462,-16.14020161995222,-36.099178369558885,8.49857234426898,1256.4102564102564,-1.0,89.0112278160087,0.22175399398592144,
2023-07-31 13:43:08.682000,-10.0,-3.289156626506024,1.4096385542168675,-3.2765174739423664,-10.141630901287552,1.7608828939301042,3.0,0.22133422133422131,4518.054162487462,-19.514247421478935,-40.832002797039806,12.52910669541402,1266.6666666666665,-1.0,89.0112278160087,0.2217536454755106,
2023-07-31 13:43:08.690000,-9.867469879518072,-3.421686746987952,1.457831325301205,-3.455548743102391,-9.994481912936848,1.8491722869405272,3.0,0.22133422133422131,4518.054162487462,-23.682186352776647,-41.73276615581843,18.010022725948367,1277.6556776556777,-1.0,89.0112278160087,0.22175328597660127,
2023-07-31 13:43:08.697000,-10.036144578313253,-3.698795180722892,1.4337349397590362,-3.8013488657265477,-10.372164316370325,1.6578786020846106,3.0,0.2217782217782218,4509.009009009009,-27.651652001631607,-37.839636384826065,23.429870054192644,1287.9120879120878,-1.0,89.0112278160087,0.22175291531022534,
2023-07-31 13:43:08.705000,-10.409638554216867,-4.240963855421687,1.5180722891566265,-4.421827099938688,-10.482526057633352,1.78295524218271,3.0,0.2217782217782218,4509.009009009009,-33.22417108560107,-27.732766155818425,30.406969290833864,1300.3663003663003,-1.0,89.0112278160087,0.2217525334234967,
2023-07-31 13:43:08.713000,-10.590361445783133,-4.530120481927711,1.457831325301205,-4.5812385039852845,-10.695892090741875,1.8270999386879214,3.0,0.22133422133422131,4518.054162487462,-40.75088864285298,-7.519025697803159,30.97185478701707,1311.3553113553112,-1.0,89.0112278160087,0.22175214040894306,
2023-07-31 13:43:08.720000,-10.855421686746988,-4.385542168674699,1.2289156626506024,-4.27958307786634,-11.144696505211526,1.5646842427958307,3.0,0.22133422133422131,4518.054162487462,-44.99516345201329,13.97715750830371,29.65887768778043,1325.2747252747251,-1.0,89.0112278160087,0.22175173635425693,
2023-07-31 13:43:08.728000,-11.132530120481928,-4.0120481927710845,1.0240963855421688,-3.894543225015328,-11.598405885959533,1.4224402207234825,3.0,0.22133422133422131,4518.054162487462,-47.54478177262397,29.793951401433482,33.06345784045219,1342.1245421245421,-1.0,89.0112278160087,0.22175132116043952,
2023-07-31 13:43:08.736000,-11.518072289156628,-3.5421686746987953,0.8313253012048193,-3.3868792152053953,-12.258123850398528,1.3684855916615573,3.0,0.22133422133422131,4518.054162487462,-46.445545131402596,39.36647048540294,41.155060893887295,1360.4395604395604,-1.0,89.0112278160087,0.22175089455051014,
2023-07-31 13:43:08.743000,-12.253012048192772,-3.2650602409638556,1.0240963855421688,-3.156345800122624,-13.197424892703863,1.6701410177805027,3.0,0.22133422133422131,4518.054162487462,-43.4837130703339,43.30540178311286,55.12452654274226,1380.952380952381,-1.0,89.0112278160087,0.22175045621611403,
2023-07-31 13:43:08.751000,-13.361445783132531,-3.3734939759036147,1.4096385542168675,-3.404046597179644,-14.293684855916615,2.239117106069896,3.0,0.22133422133422131,4518.054162487462,-39.376842841326265,44.526775828914396,74.95658761144455,1398.5347985347985,-1.0,89.0112278160087,0.2217500058147894,
2023-07-31 13:43:08.759000,-14.72289156626506,-3.6024096385542173,1.6265060240963856,-3.6517473942366645,-15.694052728387492,2.329858982219497,3.0,0.22133422133422131,4518.054162487462,-31.94172833750947,39.70234834799836,92.37643493968882,1408.058608058608,-1.0,89.0112278160087,0.22174954296720822,
2023-07-31 13:43:08.766000,-14.867469879518072,-2.963855421686747,1.63855421686747,-3.126916002452483,-15.762722256284487,2.035561005518087,3.0,0.22133422133422131,4518.054162487462,-24.811957345143057,25.32066895868539,104.2695647106812,1408.058608058608,-1.0,89.0112278160087,0.2217490672544122,
2023-07-31 13:43:08.774000,-15.578313253012048,-3.024096385542169,1.530120481927711,-3.0239117106069893,-16.167381974248926,1.9668914776210913,3.0,0.22133422133422131,4518.054162487462,-23.163102383310996,5.045859798380047,111.88788532136822,1397.8021978021977,-1.0,89.0112278160087,0.22174857821506522,
2023-07-31 13:43:08.781000,-15.493975903614459,-2.674698795180723,1.4819277108433735,-2.592274678111588,-15.900061312078478,1.9202942979767013,3.0,0.22133422133422131,4518.054162487462,-20.93409474972321,-9.778567682535984,120.43750364197889,1373.6263736263736,-1.0,89.0112278160087,0.22174807534274454,
2023-07-31 13:43:08.789000,-14.951807228915664,-2.27710843373494,1.421686746987952,-2.12385039852851,-15.188841201716738,1.8393623543838136,3.0,0.22133422133422131,4518.054162487462,-18.369209253540003,-15.625895926810792,128.40696929083387,1336.9963369963368,-1.0,89.0112278160087,0.22174755808329602,
2023-07-31 13:43:08.797000,-14.27710843373494,-1.927710843373494,1.385542168674699,-1.912936848559166,-14.492335990190067,1.7461679950950337,3.0,0.22133422133422131,4518.054162487462,-18.231804673387334,-10.5113921100169,136.4222364664064,1284.9816849816848,-1.0,89.0112278160087,0.22174702583227482,
2023-07-31 13:43:08.804000,-13.72289156626506,-1.7228915662650603,1.421686746987952,-1.6848559166155732,-14.058246474555487,1.807480073574494,3.0,0.22133422133422131,4518.054162487462,-17.804323757356798,2.2519666686090543,145.93368684808578,1219.047619047619,-1.0,89.0112278160087,0.22174647793249702,
2023-07-31 13:43:08.812000,-13.397590361445785,-1.5060240963855422,1.566265060240964,-1.407725321888412,-13.83507050889025,1.988963825873697,3.0,0.22133422133422131,4518.054162487462,-16.689819940562906,21.03059262280753,156.9260532602995,1140.6593406593406,-1.0,89.0112278160087,0.2217459136717263,
2023-07-31 13:43:08.820000,-13.349397590361447,-1.216867469879518,1.6144578313253013,-1.1428571428571428,-13.839975475168607,1.9717964438994482,3.0,0.2217782217782218,4509.009009009009,-16.521881009265194,41.534409416700655,167.52147310762777,1051.2820512820513,-1.0,89.0112278160087,0.22174533228051943,
2023-07-31 13:43:08.827000,-13.457831325301205,-0.9036144578313253,1.421686746987952,-0.7823421213979154,-13.977314530962598,1.7118332311465358,3.0,0.2217782217782218,4509.009009009009,-17.850125284074355,60.89318804265485,177.12452654274227,958.2417582417581,-1.0,89.0112278160087,0.22174473307954862,
2023-07-31 13:43:08.835000,-13.590361445783133,-0.5542168674698795,1.0602409638554218,-0.4904966278356836,-13.957694665849171,1.407725321888412,3.0,0.22133422133422131,4518.054162487462,-19.468445894761377,74.19089796631897,183.7199463900705,873.2600732600732,-1.0,89.0112278160087,0.22174411549971304,
2023-07-31 13:43:08.843000,-13.626506024096386,-0.12048192771084337,0.8674698795180723,0.02452483139178418,-13.952789699570815,1.2654812998160636,3.0,0.2217782217782218,4509.009009009009,-21.651652001631607,78.7710506380747,188.5138395198415,813.1868131868131,-1.0,89.0112278160087,0.22174347879424794,
2023-07-31 13:43:08.850000,-13.63855421686747,0.26506024096385544,0.9518072289156627,0.3703249540159411,-14.090128755364805,1.3979153893316982,3.0,0.22133422133422131,4518.054162487462,-23.91119398636443,75.47334071441057,193.18559524503235,788.2783882783882,-1.0,89.0112278160087,0.2217428221667318,
2023-07-31 13:43:08.858000,-13.698795180722893,0.5060240963855422,1.072289156626506,0.5444512568976088,-14.122011036174126,1.4518700183936235,3.0,0.22133422133422131,4518.054162487462,-24.857758871860614,70.45043995105179,199.47567158091022,804.3956043956043,-1.0,89.0112278160087,0.22174214478176912,
2023-07-31 13:43:08.866000,-13.66265060240964,0.6987951807228916,0.9277108433734941,0.6646229307173512,-13.987124463519313,1.3169834457388105,3.0,0.22133422133422131,4518.054162487462,-25.315774139036186,65.90082163044111,206.31536623739876,854.9450549450548,-1.0,89.0112278160087,0.22174144560567818,
2023-07-31 13:43:08.873000,-13.46987951807229,0.7951807228915663,0.746987951807229,0.8362967504598405,-13.678111587982832,1.1624770079705702,3.0,0.22133422133422131,4518.054162487462,-24.995163452013287,56.58784453120447,211.20086242060486,928.2051282051282,-1.0,89.0112278160087,0.22174072368408831,
2023-07-31 13:43:08.881000,-13.204819277108435,0.8795180722891567,0.819277108433735,0.9123237277743715,-13.398528510116492,1.331698344573881,3.0,0.22133422133422131,4518.054162487462,-24.231804673387334,44.542043004486914,214.81918303129189,1009.5238095238094,-1.0,89.0112278160087,0.22173997798320436,
2023-07-31 13:43:08.889000,-12.83132530120482,0.9036144578313253,0.9397590361445783,0.8559166155732679,-13.038013488657265,1.4396076026977314,3.0,0.2217782217782218,4509.009009009009,-23.10203368102092,41.74814987471592,219.36880135190256,1086.4468864468863,-1.0,89.0112278160087,0.22173920726288915,
2023-07-31 13:43:08.896000,-12.337349397590362,0.9397590361445783,0.7951807228915663,0.9638258736971183,-12.444512568976087,1.3096259963212753,3.0,0.22133422133422131,4518.054162487462,-21.78905658178428,48.20616514189149,223.44513722976518,1145.7875457875457,-1.0,89.0112278160087,0.2217384103760637,
2023-07-31 13:43:08.904000,-11.843373493975903,1.0,0.5783132530120483,0.9908031882280809,-11.951563458001226,1.0398528510116491,3.0,0.22133422133422131,4518.054162487462,-21.315774139036186,54.664180409067065,226.94132043587203,1168.4981684981685,-1.0,89.0112278160087,0.2217375861424213,
2023-07-31 13:43:08.912000,-11.409638554216867,1.108433734939759,0.42168674698795183,1.1183323114653587,-11.480686695278969,0.9147762109135499,3.0,0.22133422133422131,4518.054162487462,-19.880659635219395,57.90082163044111,230.13216013052852,1138.4615384615383,-1.0,89.0112278160087,0.22173673319094994,
2023-07-31 13:43:08.919000,-11.036144578313253,1.2891566265060241,0.3132530120481928,1.3194359288779889,-11.110361741263029,0.851011649294911,3.0,0.22133422133422131,4518.054162487462,-18.62875123827283,59.39700483654798,233.12452654274227,1057.8754578754579,-1.0,89.0112278160087,0.22173585010066202,
2023-07-31 13:43:08.927000,-10.698795180722891,1.5783132530120483,0.3253012048192771,1.6210913549969344,-10.700797057020232,0.8264868179031268,3.0,0.22133422133422131,4518.054162487462,-17.60585047491405,59.74814987471592,236.39170211526135,951.6483516483515,-1.0,89.0112278160087,0.2217349354029041,
2023-07-31 13:43:08.935000,-10.409638554216867,1.8915662650602412,0.39759036144578314,1.9668914776210913,-10.428571428571429,0.9981606376456161,3.0,0.22133422133422131,4518.054162487462,-16.7661558184255,58.55731018005943,238.62070974884915,855.6776556776556,-1.0,89.0112278160087,0.22173398758399865,
2023-07-31 13:43:08.942000,-10.204819277108435,2.144578313253012,0.3614457831325301,2.2685469037400368,-10.293684855916615,0.82158185162477,3.0,0.22133422133422131,4518.054162487462,-16.7661558184255,58.55731018005943,238.62070974884915,802.9304029304029,-1.0,89.0112278160087,0.2217330050882143,
2023-07-31 13:43:08.950000,-10.0,2.3493975903614457,0.08433734939759037,2.4058859595340283,-9.893930104230533,0.5542611894543225,3.0,0.22133422133422131,4518.054162487462,-16.079132917662143,60.67944758463958,240.84971738243692,810.2564102564102,-1.0,89.0112278160087,0.22173198632106422,
2023-07-31 13:43:08.958000,-9.650602409638555,2.5301204819277108,-0.20481927710843376,2.575107296137339,-9.518700183936234,0.30901287553648066,3.0,0.22133422133422131,4518.054162487462,-13.956995513081987,63.94662315715867,242.88025173358196,870.3296703296703,-1.0,89.0112278160087,0.22173092965292537,
2023-07-31 13:43:08.965000,-9.240963855421688,2.7951807228915664,-0.3493975903614458,2.815450643776824,-9.158185162477007,0.16922133660331085,3.0,0.22089022089022092,4527.135678391959,-11.560048948196492,62.23669949303653,242.72757997785678,964.1025641025641,-1.0,89.0112278160087,0.2217298334229723,
2023-07-31 13:43:08.973000,-8.795180722891567,3.072289156626506,-0.3253012048192771,3.1882280809319434,-8.64316370324954,0.2550582464745555,3.0,0.22133422133422131,4518.054162487462,-9.132568032165958,57.610745294563245,242.62070974884912,1066.6666666666665,-1.0,89.0112278160087,0.22172869579412505,
2023-07-31 13:43:08.981000,-8.361445783132531,3.433734939759036,-0.26506024096385544,3.5291232372777435,-8.228694052728388,0.2844880441446965,3.0,0.22133422133422131,4518.054162487462,-7.132568032165957,55.58021094341821,243.36880135190256,1159.7069597069597,-1.0,89.0112278160087,0.22172751488500264,
2023-07-31 13:43:08.988000,-8.120481927710843,3.855421686746988,-0.27710843373493976,3.9460453709380747,-8.003065603923973,0.3507050889025138,3.0,0.22133422133422131,4518.054162487462,-3.8653924596468734,54.480974302196834,243.3993357030476,1232.967032967033,-1.0,89.0112278160087,0.22172628893368188,
2023-07-31 13:43:08.996000,-8.024096385542169,4.325301204819278,-0.20481927710843376,4.500306560392397,-7.9662783568362965,0.4316370324954016,3.0,0.22133422133422131,4518.054162487462,-0.7661558184254994,51.94662315715867,243.3993357030476,1281.3186813186812,-1.0,89.0112278160087,0.22172501616385226,
2023-07-31 13:43:09.004000,-8.036144578313253,4.83132530120482,-0.1566265060240964,5.039852851011649,-7.880441446965052,0.4537093807480073,3.0,0.22133422133422131,4518.054162487462,2.424683876230989,50.93898956937241,242.94132043587203,1303.2967032967033,-1.0,89.0112278160087,0.22172369478998363,
2023-07-31 13:43:09.011000,-8.036144578313253,5.265060240963856,-0.1566265060240964,5.446965052115266,-7.779889638258736,0.40465971796443895,3.0,0.22133422133422131,4518.054162487462,6.40941670065847,52.3741040731892,240.910786084727,1303.2967032967033,-1.0,89.0112278160087,0.22172232302274023,
2023-07-31 13:43:09.019000,-7.891566265060241,5.650602409638554,-0.3855421686746988,5.863887185775598,-7.657265481299816,0.23053341508277128,3.0,0.22089022089022092,4527.135678391959,11.218577006001981,55.54967659227317,237.01765631373462,1282.051282051282,-1.0,89.0112278160087,0.22172089907462544,
2023-07-31 13:43:09.027000,-7.614457831325302,6.0361445783132535,-0.6385542168674699,6.261189454322501,-7.338442673206622,-0.0269773145309626,3.0,0.22089022089022092,4527.135678391959,16.165141891498163,57.167997202960194,231.67414486335295,1241.7582417582416,-1.0,89.0112278160087,0.2217194211552932,
2023-07-31 13:43:09.034000,-7.228915662650603,6.445783132530121,-0.8433734939759037,6.7075413856529735,-6.911710606989576,-0.2893930104230533,3.0,0.22089022089022092,4527.135678391959,21.17277547928442,56.92372239379989,227.03292348930717,1189.0109890109889,-1.0,89.0112278160087,0.22171788729659045,
2023-07-31 13:43:09.042000,-6.807228915662651,6.855421686746988,-0.8433734939759037,7.060698957694665,-6.450643776824034,-0.23543838136112813,3.0,0.22133422133422131,4518.054162487462,24.68422586096381,55.21379872967775,223.9489540236583,1128.937728937729,-1.0,89.0112278160087,0.2217162953682229,
2023-07-31 13:43:09.050000,-6.349397590361446,7.216867469879518,-0.7228915662650602,7.482526057633353,-6.03862660944206,-0.15695892090741875,3.0,0.22089022089022092,4527.135678391959,26.791096089971443,53.77868422586096,221.5520074587728,1066.6666666666665,-1.0,89.0112278160087,0.22171464338063757,
2023-07-31 13:43:09.057000,-6.0,7.481927710843374,-0.710843373493976,7.759656652360515,-5.621704475781729,-0.1079092581238504,3.0,0.22133422133422131,4518.054162487462,28.37888234951343,53.610745294563245,218.39170211526135,1008.7912087912088,-1.0,89.0112278160087,0.22171292936184692,
2023-07-31 13:43:09.065000,-5.746987951807229,7.710843373493976,-0.5301204819277109,7.997547516860821,-5.283261802575107,0.04414469650521152,3.0,0.22133422133422131,4518.054162487462,28.821630441116483,53.99242468387622,213.8573509702232,960.4395604395604,-1.0,89.0112278160087,0.22171115135196318,
2023-07-31 13:43:09.073000,-5.542168674698796,7.891566265060241,-0.3132530120481928,8.098099325567135,-5.143470263641937,0.34334763948497854,3.0,0.22133422133422131,4518.054162487462,29.17277547928442,53.96189033273119,207.35353417633004,926.0073260073259,-1.0,89.0112278160087,0.22170930756811166,
2023-07-31 13:43:09.080000,-5.433734939759036,8.048192771084338,-0.08433734939759037,8.235438381361128,-5.104230533415082,0.5321888412017167,3.0,0.22089022089022092,4527.135678391959,29.37124876172717,54.31303537089912,200.4375036419789,909.8901098901098,-1.0,89.0112278160087,0.22170739627156294,
2023-07-31 13:43:09.088000,-5.385542168674699,8.180722891566266,0.08433734939759037,8.41692213366033,-5.1066830165542605,0.6842427958307786,3.0,0.22133422133422131,4518.054162487462,30.043004486918008,55.534409416700655,193.36880135190256,914.2857142857142,-1.0,89.0112278160087,0.22170541562440235,
2023-07-31 13:43:09.096000,-5.457831325301205,8.337349397590362,0.24096385542168675,8.637645616186388,-5.285714285714286,1.0128755364806867,3.0,0.22089022089022092,4527.135678391959,30.53155410523862,57.36647048540294,188.62070974884915,943.5897435897435,-1.0,89.0112278160087,0.22170336382297307,
2023-07-31 13:43:09.103000,-5.542168674698796,8.44578313253012,0.4819277108433735,8.72838749233599,-5.3445738810545675,1.1722869405272838,3.0,0.22089022089022092,4527.135678391959,31.737660975467627,58.618378882349504,185.27719829846745,996.3369963369963,-1.0,89.0112278160087,0.22170123911358963,
2023-07-31 13:43:09.111000,-5.55421686746988,8.530120481927712,0.6385542168674699,8.826486817903126,-5.356836296750459,1.3120784794604536,3.0,0.22089022089022092,4527.135678391959,33.875065555620296,57.916088806013626,181.322999825185,1067.3992673992673,-1.0,89.0112278160087,0.22169903963782048,
2023-07-31 13:43:09.119000,-5.481927710843374,8.602409638554217,0.7590361445783133,8.917228694052728,-5.317596566523605,1.491109748620478,3.0,0.22089022089022092,4527.135678391959,36.760561738826404,55.18326437853271,176.9260532602995,1154.5787545787546,-1.0,89.0112278160087,0.22169676357546977,
2023-07-31 13:43:09.126000,-5.325301204819278,8.614457831325302,0.8433734939759037,8.924586143470263,-5.001226241569589,1.4862047823421214,3.0,0.22089022089022092,4527.135678391959,39.46285181516228,49.534409416700655,173.3840685274751,1252.7472527472526,-1.0,89.0112278160087,0.22169440914861865,
2023-07-31 13:43:09.134000,-5.024096385542169,8.578313253012048,0.9036144578313253,8.848559166155733,-4.652973635806253,1.6112814224402205,3.0,0.22089022089022092,4527.135678391959,42.073538838063044,42.19089796631897,169.61307616106288,1349.4505494505493,-1.0,89.0112278160087,0.22169197462546272,
2023-07-31 13:43:09.142000,-4.614457831325302,8.506024096385543,1.0,8.762722256284487,-4.3660331085223785,1.7118332311465358,3.0,0.22089022089022092,4527.135678391959,46.13460754035312,32.43517277547928,166.07109142823845,1439.5604395604394,-1.0,89.0112278160087,0.22168945832393885,
2023-07-31 13:43:09.149000,-4.27710843373494,8.361445783132531,1.1325301204819278,8.625383200490496,-3.892703862660944,1.8786020846106681,3.0,0.22089022089022092,4527.135678391959,50.836897616689,20.557310180059435,161.704679214498,1521.6117216117216,-1.0,89.0112278160087,0.22168685861513257,
2023-07-31 13:43:09.157000,-3.9759036144578315,8.240963855421688,1.180722891566265,8.49540159411404,-3.576333537706928,1.8933169834457386,3.0,0.22089022089022092,4527.135678391959,55.67659227317755,10.389371248761726,156.80391585571937,1590.4761904761904,-1.0,89.0112278160087,0.22168417392646012,
2023-07-31 13:43:09.164000,-3.6746987951807233,8.156626506024097,1.1325301204819278,8.421827099938687,-3.228080931943593,1.807480073574494,3.0,0.22089022089022092,4527.135678391959,60.69949303653633,3.2290659052502755,151.79628226793312,1643.956043956044,-1.0,89.0112278160087,0.22168140274462278,
2023-07-31 13:43:09.172000,-3.385542168674699,8.048192771084338,1.0602409638554218,8.264868179031268,-3.012262415695892,1.6799509503372163,3.0,0.22089022089022092,4527.135678391959,64.63842433424625,0.542043004486917,146.28483188625373,1676.923076923077,-1.0,89.0112278160087,0.22167854361832934,
2023-07-31 13:43:09.180000,-3.132530120481928,7.951807228915663,0.8433734939759037,8.174126302881668,-2.6713672593500917,1.437155119558553,3.0,0.22089022089022092,4527.135678391959,68.54682128081114,1.5038750655556192,140.72757997785678,1690.8424908424906,-1.0,89.0112278160087,0.2216755952995368,
2023-07-31 13:43:09.187000,-2.843373493975904,7.843373493975904,0.6867469879518072,8.063764561618639,-2.33292458614347,1.3439607602697732,3.0,0.22133422133422131,4518.054162487462,72.11934036478061,4.893188042654856,135.18559524503235,1684.249084249084,-1.0,89.0112278160087,0.2216725565865819,
2023-07-31 13:43:09.195000,-2.5783132530120483,7.686746987951808,0.6867469879518072,7.943592887798896,-2.1367259350091965,1.3439607602697732,3.0,0.22089022089022092,4527.135678391959,75.7071266243226,7.9466231571586725,129.65887768778043,1661.5384615384614,-1.0,89.0112278160087,0.221669426347894,
2023-07-31 13:43:09.203000,-2.3855421686746987,7.542168674698796,0.6385542168674699,7.784181483752299,-1.9576946658491723,1.3194359288779889,3.0,0.22089022089022092,4527.135678391959,79.87506555562031,9.15273002738768,124.3611677641163,1627.106227106227,-1.0,89.0112278160087,0.22166620354548258,
2023-07-31 13:43:09.210000,-2.325301204819277,7.445783132530121,0.5060240963855422,7.737584304107909,-2.0582464745554874,1.2188841201716738,3.0,0.22089022089022092,4527.135678391959,84.73002738768137,10.893188042654856,121.41460287862012,1583.8827838827838,-1.0,89.0112278160087,0.221662887077393,
2023-07-31 13:43:09.218000,-2.3012048192771086,7.409638554216868,0.45783132530120485,7.651747394236664,-1.9454322501532801,1.0839975475168608,3.0,0.22089022089022092,4527.135678391959,84.73002738768137,10.893188042654856,121.41460287862012,1532.6007326007325,-1.0,89.0112278160087,0.22165947591782584,
2023-07-31 13:43:09.226000,-2.1566265060240966,7.36144578313253,0.45783132530120485,7.666462293071735,-1.7124463519313304,1.1183323114653587,3.0,0.22089022089022092,4527.135678391959,88.85216479226152,14.206165141891496,118.910786084727,1482.051282051282,-1.0,89.0112278160087,0.22165596911830063,
2023-07-31 13:43:09.233000,-1.9036144578313254,7.265060240963856,0.44578313253012053,7.5659104843654195,-1.4328632740649907,1.1281422440220723,3.0,0.22089022089022092,4527.135678391959,91.63079074646,18.80158498921974,114.92605326029951,1431.5018315018315,-1.0,89.0112278160087,0.2216523658086227,
2023-07-31 13:43:09.241000,-1.6144578313253013,7.1325301204819285,0.3614457831325301,7.369711833231146,-1.111587982832618,0.9123237277743715,3.0,0.22089022089022092,4527.135678391959,93.81399685333022,24.251966668609054,109.56727463434531,1375.8241758241757,-1.0,89.0112278160087,0.22164866519766396,
2023-07-31 13:43:09.249000,-1.3614457831325302,6.963855421686747,0.08433734939759037,7.1514408338442665,-0.8025751072961373,0.6891477621091354,3.0,0.22089022089022092,4527.135678391959,95.76819532661267,30.251966668609054,104.30009906182623,1305.4945054945053,666.412353515625,90.03434537711225,0.22164486657396995,
2023-07-31 13:43:09.256000,-1.1686746987951808,6.807228915662651,-0.21686746987951808,7.016554261189454,-0.6676885346413243,0.3261802575107296,3.0,0.22089022089022092,4527.135678391959,96.76056173882641,37.152730027387676,100.05582425266593,1208.058608058608,-1.0,90.03434537711225,0.22164096930620591,
2023-07-31 13:43:09.264000,-1.0240963855421688,6.759036144578314,-0.5662650602409639,7.036174126302881,-0.5646842427958307,-0.002452483139178418,3.0,0.22089022089022092,4527.135678391959,98.45521822737602,43.13746285181516,96.42223646640637,1078.3882783882784,-1.0,90.03434537711225,0.2216369728434549,
2023-07-31 13:43:09.272000,-0.9036144578313253,6.698795180722892,-0.8674698795180723,6.984671980380135,-0.378295524218271,-0.3703249540159411,3.0,0.22089022089022092,4527.135678391959,99.81399685333022,46.87792086708233,92.86498455800944,915.7509157509157,-1.0,90.03434537711225,0.2216328767153821,
2023-07-31 13:43:09.279000,-0.819277108433735,6.650602409638554,-1.1686746987951808,6.881667688534641,-0.3366033108522379,-0.657265481299816,3.0,0.22044622044622048,4536.2537764350445,100.3483479983684,47.70234834799836,88.59017539770409,736.2637362637362,-1.0,90.03434537711225,0.2216286805322818,
2023-07-31 13:43:09.287000,-0.7951807228915663,6.433734939759036,-1.4819277108433735,6.575107296137339,-0.3660331085223789,-1.0104230533415082,3.0,0.22089022089022092,4527.135678391959,100.1040731892081,44.86265369150981,84.69704562671173,555.3113553113553,-1.0,90.03434537711225,0.22162438383572558,
2023-07-31 13:43:09.295000,-0.855421686746988,6.325301204819278,-1.7710843373493976,6.550582464745554,-0.5278969957081545,-1.3218884120171672,3.0,0.22044622044622048,4536.2537764350445,99.12697395256687,38.43517277547928,81.8726181457957,398.5347985347985,-1.0,90.03434537711225,0.22161998622583548,
2023-07-31 13:43:09.302000,-0.963855421686747,6.240963855421687,-2.132530120481928,6.467198038013488,-0.660331085223789,-1.6873083997547516,3.0,0.22044622044622048,4536.2537764350445,99.06590525027678,27.42753918769302,79.70467921449799,282.78388278388275,-1.0,90.03434537711225,0.22161548737071,
2023-07-31 13:43:09.310000,-1.0481927710843375,6.1084337349397595,-2.5180722891566267,6.339668914776211,-0.6407112201103617,-2.12385039852851,3.0,0.22044622044622048,4536.2537764350445,98.68422586096382,16.938989569372414,77.99475555037584,216.11721611721612,-1.0,90.03434537711225,0.22161088684533958,
2023-07-31 13:43:09.318000,-0.9759036144578314,5.927710843373494,-2.8674698795180724,6.079705702023298,-0.4641324340895156,-2.4353157572041693,3.0,0.22044622044622048,4536.2537764350445,97.18804265485694,7.229065905250276,75.88788532136822,210.25641025641025,-1.0,90.03434537711225,0.2216061842681774,
2023-07-31 13:43:09.325000,-0.819277108433735,5.72289156626506,-3.0120481927710845,5.917841814837523,-0.33169834457388103,-2.469650521152667,3.0,0.22044622044622048,4536.2537764350445,95.27964570829207,-6.00757531612377,74.69704562671173,262.27106227106225,-1.0,90.03434537711225,0.22160137929876003,
2023-07-31 13:43:09.333000,-0.6626506024096386,5.578313253012048,-2.963855421686747,5.773145309625996,-0.12814224402207233,-2.452483139178418,3.0,0.22089022089022092,4527.135678391959,93.60025639531496,-22.343453178719187,72.02528990152089,373.6263736263736,-1.0,90.03434537711225,0.22159647163515633,
2023-07-31 13:43:09.341000,-0.49397590361445787,5.349397590361446,-2.91566265060241,5.510729613733905,-0.00797057020232986,-2.3543838136112814,3.0,0.22044622044622048,4536.2537764350445,92.18040906707068,-36.38925470543675,68.5138395198415,534.7985347985348,-1.0,90.03434537711225,0.22159146116056241,
2023-07-31 13:43:09.348000,-0.26506024096385544,5.132530120481928,-2.91566265060241,5.267933782955242,0.2838749233599019,-2.364193746167995,3.0,0.22044622044622048,4536.2537764350445,92.95903502126916,-45.32055241536041,65.30773264961249,734.7985347985348,-1.0,90.03434537711225,0.22158634781306807,
2023-07-31 13:43:09.356000,-0.012048192771084338,5.168674698795181,-2.951807228915663,5.478847332924586,0.3795217657878602,-2.3151440833844266,3.0,0.22044622044622048,4536.2537764350445,94.31781364722336,-51.67169745352835,64.20849600839111,963.3699633699633,-1.0,90.03434537711225,0.22158113142381775,
2023-07-31 13:43:09.364000,0.10843373493975904,5.228915662650603,-2.9036144578313254,5.464132434089516,0.5708154506437768,-2.410790925812385,3.0,0.22044622044622048,4536.2537764350445,94.13460754035313,-55.42742264436804,63.78101509236058,1203.6630036630036,-1.0,90.03434537711225,0.2215758118529862,
2023-07-31 13:43:09.371000,0.16867469879518074,5.289156626506024,-3.024096385542169,5.552421827099939,0.6738197424892703,-2.629061925199264,3.0,0.22000222000222003,4545.4086781029255,92.28727929607832,-57.76330050696347,62.10162577938348,1438.8278388278388,-1.0,90.03434537711225,0.2215703889869727,
2023-07-31 13:43:09.379000,0.20481927710843376,5.373493975903615,-3.168674698795181,5.616186388718577,0.5928877988963825,-2.803188228080932,3.0,0.22000222000222003,4545.4086781029255,88.62315715867373,-57.50375852223064,60.345900588543785,1653.4798534798533,-1.0,90.03434537711225,0.22156486258630037,
2023-07-31 13:43:09.387000,0.13253012048192772,5.349397590361446,-3.4457831325301207,5.6333537706928265,0.6174126302881667,-3.1367259350091965,3.0,0.22000222000222003,4545.4086781029255,84.73002738768137,-54.20604859856652,58.223763183963634,1830.7692307692307,-1.0,90.03434537711225,0.22155923226096158,
2023-07-31 13:43:09.394000,0.04819277108433735,5.1807228915662655,-3.7469879518072293,5.324340895156346,0.4359288779889638,-3.4506437768240343,3.0,0.22000222000222003,4545.4086781029255,81.02010372355923,-48.847269972612324,56.45277081755142,1967.032967032967,-1.0,90.03434537711225,0.22155349760476115,
2023-07-31 13:43:09.402000,0.0,5.1084337349397595,-4.132530120481928,5.290006131207847,0.49724095646842426,-3.806253832004905,3.0,0.22000222000222003,4545.4086781029255,77.5544548685974,-41.290018064215374,53.56727463434532,2057.142857142857,-1.0,90.03434537711225,0.22154765819081784,
2023-07-31 13:43:09.410000,0.0963855421686747,5.120481927710844,-4.481927710843374,5.378295524218271,0.6762722256284488,-4.206008583690987,3.0,0.22000222000222003,4545.4086781029255,73.84453120447526,-31.580094400093238,49.8726181457957,2105.4945054945056,-1.0,90.03434537711225,0.22154171356701177,
2023-07-31 13:43:09.417000,0.26506024096385544,5.144578313253012,-4.843373493975903,5.3439607602697725,0.8136112814224402,-4.490496627835683,3.0,0.22000222000222003,4545.4086781029255,69.9514014334829,-24.648796690169572,46.68177845113921,2116.4835164835163,-1.0,90.03434537711225,0.22153566325142066,
2023-07-31 13:43:09.425000,0.43373493975903615,5.265060240963856,-5.120481927710844,5.569589209074187,0.9681177191906805,-4.8412017167381975,3.0,0.22000222000222003,4545.4086781029255,66.04300448691801,-23.259483713070335,43.536740283200274,2095.970695970696,-1.0,90.03434537711225,0.2215295067277872,
2023-07-31 13:43:09.433000,0.45783132530120485,5.373493975903615,-5.481927710843374,5.6333537706928265,1.0416922133660331,-5.137952176578786,3.0,0.22000222000222003,4545.4086781029255,61.78346250218518,-24.14497989627644,40.66651127556669,2047.6190476190475,-1.0,90.03434537711225,0.22152324344106325,
2023-07-31 13:43:09.440000,0.43373493975903615,5.433734939759036,-5.759036144578314,5.721643163703249,0.9313304721030042,-5.415082771305947,3.0,0.22000222000222003,4545.4086781029255,57.691859448750066,-23.396888293223007,38.4375036419789,1979.4871794871794,-1.0,90.03434537711225,0.2215168727930747,
2023-07-31 13:43:09.448000,0.3614457831325301,5.506024096385542,-5.771084337349398,5.68976088289393,0.894543225015328,-5.466584917228694,3.0,0.22000222000222003,4545.4086781029255,54.302546471650835,-22.16024707184896,36.391702115261346,1898.168498168498,-1.0,90.03434537711225,0.221510394138355,
2023-07-31 13:43:09.456000,0.22891566265060243,5.590361445783133,-5.72289156626506,5.866339668914776,0.7743715511955855,-5.206621704475782,3.0,0.22044622044622048,4536.2537764350445,50.943767845696634,-20.12971272070392,34.07109142823845,1810.989010989011,-1.0,90.03434537711225,0.22150380678019096,
2023-07-31 13:43:09.463000,0.08433734939759037,5.72289156626506,-5.457831325301205,6.038013488657265,0.5830778663396688,-4.9662783568362965,3.0,0.22000222000222003,4545.4086781029255,49.386515937299684,-15.442689819940563,32.28483188625371,1720.8791208791208,-1.0,90.03434537711225,0.22149711011622375,
2023-07-31 13:43:09.471000,0.0,5.903614457831326,-5.349397590361446,6.273451870018393,0.4923359901900674,-4.880441446965052,3.0,0.22044622044622048,4536.2537764350445,46.69949303653633,-9.061010430627586,29.536740283200277,1631.5018315018315,-1.0,90.03434537711225,0.22149030350764254,
2023-07-31 13:43:09.479000,0.012048192771084338,6.156626506024097,-5.313253012048193,6.496627835683629,0.6174126302881667,-4.880441446965052,3.0,0.22000222000222003,4545.4086781029255,44.50101975409358,-4.068644018413846,25.8726181457957,1545.054945054945,-1.0,90.03434537711225,0.22148338626650457,
2023-07-31 13:43:09.486000,0.10843373493975904,6.36144578313253,-5.349397590361446,6.660944206008583,0.7032495401594113,-4.880441446965052,3.0,0.22000222000222003,4545.4086781029255,42.928500670124116,2.16036361517394,21.933686848085774,1464.4688644688645,-1.0,90.03434537711225,0.22147635780335762,
2023-07-31 13:43:09.494000,0.28915662650602414,6.578313253012048,-5.349397590361446,6.896382587369711,0.8749233599019006,-4.97608828939301,3.0,0.22044622044622048,4536.2537764350445,42.928500670124116,2.16036361517394,21.933686848085774,1391.2087912087911,-1.0,90.03434537711225,0.2214692173071448,
2023-07-31 13:43:09.502000,0.43373493975903615,6.783132530120482,-5.409638554216868,7.141630901287553,0.9411404046597179,-5.054567749846719,3.0,0.22044622044622048,4536.2537764350445,42.45521822737602,13.30540178311287,18.758114329001803,1325.2747252747251,-1.0,90.03434537711225,0.22146196390425701,
2023-07-31 13:43:09.509000,0.43373493975903615,6.91566265060241,-5.674698795180723,7.301042305334151,0.9975475168608215,-5.324340895156346,3.0,0.22044622044622048,4536.2537764350445,40.623157158673735,27.717615523570885,17.246663947322414,1268.131868131868,-1.0,90.03434537711225,0.22145459682862323,
2023-07-31 13:43:09.517000,0.3253012048192771,7.060240963855422,-6.1084337349397595,7.303494788473329,0.7106069895769466,-5.861434702636419,3.0,0.22044622044622048,4536.2537764350445,38.14987471592564,42.1298292640289,15.903152496940734,1219.7802197802198,-1.0,90.03434537711225,0.2214471152840964,
2023-07-31 13:43:09.524000,0.10843373493975904,7.072289156626506,-6.566265060240964,7.328019619865113,0.5168608215818516,-6.322501532801962,3.0,0.22044622044622048,4536.2537764350445,35.111706776994346,53.42753918769302,15.750480741215544,1182.4175824175823,-1.0,90.03434537711225,0.2214395184463327,
2023-07-31 13:43:09.532000,-0.16867469879518074,7.0843373493975905,-6.951807228915663,7.377069282648681,0.31085223789086447,-6.631514408338442,3.0,0.22044622044622048,4536.2537764350445,32.01247013577297,60.847386515937295,15.735213565643026,1153.8461538461538,-1.0,90.03434537711225,0.22143180546543473,
2023-07-31 13:43:09.540000,-0.28915662650602414,7.1084337349397595,-7.0361445783132535,7.372164316370324,0.2985898221949724,-6.6781115879828326,3.0,0.22044622044622048,4536.2537764350445,29.584989219742436,66.38937124876172,14.773381504574324,1134.065934065934,-1.0,90.03434537711225,0.2214239754693739,
2023-07-31 13:43:09.547000,-0.39759036144578314,7.0843373493975905,-7.1084337349397595,7.374616799509503,0.02207234825260576,-6.749233599019006,3.0,0.22044622044622048,4536.2537764350445,27.85979838004778,71.71761552357088,11.918419672513256,1123.8095238095236,-1.0,90.03434537711225,0.22141602756820078,
2023-07-31 13:43:09.555000,-0.7228915662650602,6.951807228915663,-7.19277108433735,7.1931330472103,-0.5646842427958307,-6.849785407725322,3.0,0.22000222000222003,4545.4086781029255,24.913233494551598,61.39700483654798,10.101625779383484,1120.14652014652,-1.0,90.03434537711225,0.22140796085904774,
2023-07-31 13:43:09.563000,-1.1325301204819278,6.903614457831326,-7.228915662650603,7.163703249540159,-0.9644389944819128,-6.984671980380135,3.0,0.22000222000222003,4545.4086781029255,21.18804265485694,41.38173766097546,11.765747916788065,1120.8791208791208,-1.0,90.03434537711225,0.22139977428262783,
2023-07-31 13:43:09.570000,-1.4096385542168675,7.060240963855422,-7.397590361445784,7.377069282648681,-0.9399141630901287,-7.090128755364806,3.0,0.21955821955821958,4554.600606673407,16.86743196783404,22.389371248761726,17.750480741215544,1121.6117216117216,-1.0,90.03434537711225,0.22139146660793269,
2023-07-31 13:43:09.578000,-1.2289156626506024,7.301204819277109,-7.506024096385542,7.585530349478847,-0.4494175352544451,-7.200490496627835,3.0,0.21955821955821958,4554.600606673407,12.180409067070682,5.427539187693024,17.475671580910202,1120.8791208791208,-1.0,90.03434537711225,0.22138303642734408,
2023-07-31 13:43:09.586000,-0.7349397590361446,7.542168674698796,-7.409638554216868,7.865113427345187,0.06376456161863887,-7.045984058859595,3.0,0.21955821955821958,4554.600606673407,7.24911135714702,-9.671697453528349,11.52147310762776,1121.6117216117216,-1.0,90.03434537711225,0.2213744822797265,
2023-07-31 13:43:09.593000,-0.10843373493975904,7.614457831325302,-7.2048192771084345,7.946045370938075,0.6051502145922747,-6.695278969957081,3.0,0.21911421911421916,4563.829787234042,3.279645708292058,-18.389254705436745,6.376434939688829,1122.3443223443223,-1.0,90.03434537711225,0.22136580263512828,
2023-07-31 13:43:09.601000,0.4096385542168675,7.530120481927711,-7.0361445783132535,7.759656652360515,0.9583077866339669,-6.548129981606376,3.0,0.21911421911421916,4563.829787234042,1.2033098304294623,-18.526659285589417,3.9031524969407374,1125.2747252747251,-1.0,90.03434537711225,0.22135699562329625,
2023-07-31 13:43:09.609000,0.6144578313253012,7.2048192771084345,-6.951807228915663,7.47271612507664,1.0662170447578172,-6.575107296137339,3.0,0.21911421911421916,4563.829787234042,0.6842258609638134,-12.114445545131403,6.208496008391119,1128.2051282051282,-1.0,90.03434537711225,0.22134805916665007,
2023-07-31 13:43:09.616000,0.6024096385542169,7.0361445783132535,-7.0120481927710845,7.315757204169221,1.1667688534641323,-6.680564071122011,3.0,0.21911421911421916,4563.829787234042,-0.7508886428529804,-0.17551424742147992,9.67414486335295,1132.6007326007325,-1.0,90.03434537711225,0.22133899112321187,
2023-07-31 13:43:09.624000,0.42168674698795183,7.144578313253012,-7.072289156626506,7.48743102391171,0.8822808093194359,-6.631514408338442,3.0,0.21911421911421916,4563.829787234042,-2.0180642153720645,16.542043004486917,7.765747916788065,1136.2637362637363,-1.0,90.03434537711225,0.221329789290903,
2023-07-31 13:43:09.632000,0.18072289156626506,7.397590361445784,-7.36144578313253,7.762109135499693,0.607602697731453,-7.08522378908645,3.0,0.21911421911421916,4563.829787234042,-1.3463084901812246,34.93898956937241,7.322999825185012,1139.194139194139,-1.0,90.03434537711225,0.2213204514119496,
2023-07-31 13:43:09.639000,-0.024096385542168676,7.578313253012048,-7.650602409638554,7.990190067443286,0.48743102391171056,-7.261802575107295,3.0,0.21911421911421916,4563.829787234042,-2.2012703222422934,55.030592622807525,6.895518909154478,1141.3919413919414,-1.0,90.03434537711225,0.22131097531614036,
2023-07-31 13:43:09.647000,-0.10843373493975904,7.746987951807229,-7.698795180722892,8.080931943592887,0.4089515634580012,-7.200490496627835,3.0,0.21911421911421916,4563.829787234042,-1.5142474214789345,69.44280636326553,4.971854787017073,1139.9267399267399,-1.0,90.03434537711225,0.2213013587663073,
2023-07-31 13:43:09.655000,-0.0963855421686747,7.746987951807229,-7.578313253012048,8.063764561618639,0.47271612507664007,-7.190680564071122,3.0,0.21911421911421916,4563.829787234042,-0.8424916962880948,80.70998193578463,4.132160130528524,1138.4615384615383,-1.0,90.03434537711225,0.22129159933541687,
