Shimmer_F5D4_Timestamp_FormattedUnix_CAL,Shimmer_F5D4_Accel_LN_X_CAL,Shimmer_F5D4_Accel_LN_Y_CAL,Shimmer_F5D4_Accel_LN_Z_CAL,Shimmer_F5D4_Accel_WR_X_CAL,Shimmer_F5D4_Accel_WR_Y_CAL,Shimmer_F5D4_Accel_WR_Z_CAL,Shimmer_F5D4_GSR_Range_CAL,Shimmer_F5D4_GSR_Skin_Conductance_CAL,Shimmer_F5D4_GSR_Skin_Resistance_CAL,Shimmer_F5D4_Gyro_X_CAL,Shimmer_F5D4_Gyro_Y_CAL,Shimmer_F5D4_Gyro_Z_CAL,Shimmer_F5D4_PPG_A13_CAL,Shimmer_F5D4_PPG_IBI_CAL,Shimmer_F5D4_PPGtoHR_CAL,Shimmer_F5D4_GSR_Skin_Conductance_LPF_CAL,
yyyy/mm/dd hh:mm:ss.000,m/(s^2),m/(s^2),m/(s^2),m/(s^2),m/(s^2),m/(s^2),no_units,uS,kOhms,deg/s,deg/s,deg/s,mV,ms,BPM,uS,
2023-07-31 13:45:40.409000,-9.313253012048193,-2.746987951807229,0.21686746987951808,-2.663396689147762,-9.327406499080318,0.6744328632740649,3.0,0.3119103119103119,3206.0498220640575,0.12831420080414915,0.44694365130237224,0.19486043936833522,1164.8351648351647,-1.0,80.75245410112129,0.3112231114197621,
2023-07-31 13:45:40.417000,-9.337349397590362,-2.7228915662650603,0.21686746987951808,-2.692826486817903,-9.302881667688535,0.6719803801348866,3.0,0.3119103119103119,3206.0498220640575,-0.03985781714352244,0.3667618437154005,0.34986306159314734,1153.113553113553,-1.0,80.75245410112129,0.31122350706577645,
2023-07-31 13:45:40.425000,-9.325301204819278,-2.734939759036145,0.21686746987951808,-2.6388718577559778,-9.258736971183323,0.6131207847946045,3.0,0.3123543123543123,3201.4925373134333,-0.22049997086416956,0.1769127673212517,0.256511858283317,1145.054945054945,-1.0,80.75245410112129,0.31122410861374156,
2023-07-31 13:45:40.432000,-9.349397590361447,-2.7590361445783134,0.1927710843373494,-2.663396689147762,-9.307786633966892,0.6719803801348866,3.0,0.3119103119103119,3206.0498220640575,-0.3109375910494722,0.3984616281102505,0.13437445370316436,1142.1245421245421,-1.0,80.75245410112129,0.3112249171977159,
2023-07-31 13:45:40.440000,-9.361445783132531,-2.734939759036145,0.20481927710843376,-2.6732066217044754,-9.342121397915388,0.6548129981606376,3.0,0.3123543123543123,3201.4925373134333,-0.3394907056698327,-0.08426082396130792,-0.09113688013519029,1142.857142857143,-1.0,80.75245410112129,0.311225933827503,
2023-07-31 13:45:40.448000,-9.373493975903616,-2.734939759036145,0.20481927710843376,-2.675659104843654,-9.342121397915388,0.645003065603924,3.0,0.3123543123543123,3201.4925373134333,-0.2022026688421418,-0.8543791154361627,-0.1019754093584289,1147.985347985348,-1.0,80.75245410112129,0.3112271593743692,
2023-07-31 13:45:40.455000,-9.349397590361447,-2.7228915662650603,0.16867469879518074,-2.670754138565297,-9.361741263028817,0.5910484365419988,3.0,0.3123543123543123,3201.4925373134333,-0.26501952100693416,-1.1315191422411282,-0.1306450673037702,1162.6373626373625,-1.0,80.75245410112129,0.31122859472745545,
2023-07-31 13:45:40.463000,-9.337349397590362,-2.698795180722892,0.18072289156626506,-2.6903740036787247,-9.307786633966892,0.657265481299816,3.0,0.3119103119103119,3206.0498220640575,0.31490006409882937,-0.949711555270671,-0.1900821630441118,1184.6153846153845,-1.0,80.75245410112129,0.3112302406527426,
2023-07-31 13:45:40.471000,-9.313253012048193,-2.710843373493976,0.24096385542168675,-2.675659104843654,-9.295524218270998,0.733292458614347,3.0,0.3123543123543123,3201.4925373134333,-0.22644368043820265,-0.24951925878445338,-0.3574383777169162,1212.4542124542124,-1.0,80.75245410112129,0.3112320976419153,
2023-07-31 13:45:40.478000,-9.313253012048193,-2.746987951807229,0.20481927710843376,-2.7075413856529735,-9.261189454322501,0.6229307173513182,3.0,0.3119103119103119,3206.0498220640575,-0.4718839228483181,0.4779441757473337,-0.0170153254472351,1242.4908424908424,-1.0,80.75245410112129,0.3112341660383831,
2023-07-31 13:45:40.486000,-9.337349397590362,-2.783132530120482,0.18072289156626506,-2.7173513182096873,-9.32495401594114,0.6376456161863887,3.0,0.3123543123543123,3201.4925373134333,-0.027620768020512047,0.11700949828098545,0.39543150166074226,1276.923076923077,-1.0,80.75245410112129,0.3112364460459713,
2023-07-31 13:45:40.494000,-9.397590361445783,-2.771084337349398,0.16867469879518074,-2.71244635193133,-9.349478847332923,0.6695278969957081,3.0,0.3123543123543123,3201.4925373134333,-0.061068702290076333,0.0020977798496585277,0.10745294563253907,1312.087912087912,-1.0,80.75245410112129,0.31123893771689276,
2023-07-31 13:45:40.501000,-9.3855421686747,-2.734939759036145,0.20481927710843376,-2.6364193746167994,-9.322501532801962,0.6499080318822807,3.0,0.3123543123543123,3201.4925373134333,0.29030942252782427,0.09696404638424339,0.21607132451488845,1344.3223443223442,-1.0,80.75245410112129,0.3112416411104322,
2023-07-31 13:45:40.509000,-9.361445783132531,-2.7228915662650603,0.18072289156626506,-2.6069895769466584,-9.32495401594114,0.6719803801348866,3.0,0.3119103119103119,3206.0498220640575,0.28739583940329816,0.07820057106229227,0.21047724491579722,1369.230769230769,-1.0,80.75245410112129,0.31124455615419266,
2023-07-31 13:45:40.517000,-9.373493975903616,-2.734939759036145,0.20481927710843376,-2.621704475781729,-9.378908645003065,0.6033108522378908,3.0,0.3123543123543123,3201.4925373134333,0.05559116601596661,0.04603461336751892,0.037177320668958645,1388.278388278388,-1.0,80.75245410112129,0.3112476824952304,
2023-07-31 13:45:40.524000,-9.349397590361447,-2.746987951807229,0.18072289156626506,-2.6952789699570814,-9.359288779889638,0.6253832004904966,3.0,0.3123543123543123,3201.4925373134333,-0.2039508187168578,-0.15418681894994343,-0.19695821921799417,1402.9304029304028,-1.0,80.75245410112129,0.31125101962832086,
2023-07-31 13:45:40.532000,-9.337349397590362,-2.710843373493976,0.21686746987951808,-2.670754138565297,-9.302881667688535,0.5959534028203556,3.0,0.3119103119103119,3206.0498220640575,-0.36955888351494753,-0.7014742730610103,-0.6733873317405744,1410.989010989011,-1.0,80.75245410112129,0.31125456705614996,
2023-07-31 13:45:40.540000,-9.337349397590362,-2.698795180722892,0.22891566265060243,-2.670754138565297,-9.297976701410178,0.6817903126916002,3.0,0.3123543123543123,3201.4925373134333,0.24485752578521125,-0.7074179826350451,-0.38202901928792027,1413.9194139194137,-1.0,80.75245410112129,0.3112583241414752,
2023-07-31 13:45:40.547000,-9.337349397590362,-2.698795180722892,0.24096385542168675,-2.6535867565910483,-9.32495401594114,0.6965052115266707,3.0,0.3123543123543123,3201.4925373134333,-8.15803274867591E-4,-0.9546063749198765,-0.3495134316182042,1408.058608058608,-1.0,80.75245410112129,0.3112622902159926,
2023-07-31 13:45:40.555000,-9.289156626506024,-2.710843373493976,0.24096385542168675,-2.6437768240343344,-9.295524218270998,0.6180257510729613,3.0,0.3123543123543123,3201.4925373134333,0.07330575141308847,-0.49542567449449215,-0.5006701241186411,1399.2673992673992,-1.0,80.75245410112129,0.311266464593464,
2023-07-31 13:45:40.563000,-9.361445783132531,-2.7228915662650603,0.21686746987951808,-2.663396689147762,-9.29307173513182,0.6695278969957081,3.0,0.3119103119103119,3206.0498220640575,-0.36909271021502243,-0.03321484761960261,-0.45207155760153833,1386.8131868131868,-1.0,80.75245410112129,0.3112708464343967,
2023-07-31 13:45:40.570000,-9.361445783132531,-2.7228915662650603,0.1927710843373494,-2.7173513182096873,-9.344573881054567,0.6842427958307786,3.0,0.3123543123543123,3201.4925373134333,-0.19987180234252158,0.26210593788240805,-0.38715692558708703,1373.6263736263736,-1.0,80.75245410112129,0.3112754344615447,
2023-07-31 13:45:40.578000,-9.361445783132531,-2.734939759036145,0.20481927710843376,-2.6781115879828326,-9.383813611281422,0.6351931330472103,3.0,0.3123543123543123,3201.4925373134333,-0.2010372355923317,0.09859565293397857,-0.10873492220733065,1357.5091575091574,-1.0,80.75245410112129,0.31128022711134,
2023-07-31 13:45:40.586000,-9.349397590361447,-2.7228915662650603,0.21686746987951808,-2.6830165542611892,-9.383813611281422,0.5836909871244634,3.0,0.3123543123543123,3201.4925373134333,-0.16980362449740677,-0.534234601713187,-0.2422935726356272,1338.4615384615383,-1.0,80.75245410112129,0.31128522298327804,
2023-07-31 13:45:40.593000,-9.313253012048193,-2.710843373493976,0.20481927710843376,-2.7467811158798283,-9.300429184549357,0.6425505824647455,3.0,0.3123543123543123,3201.4925373134333,0.09090379348522774,-0.8562438086358596,-0.5295728687139445,1320.8791208791208,-1.0,80.75245410112129,0.31129042054449757,
2023-07-31 13:45:40.601000,-9.289156626506024,-2.7228915662650603,0.20481927710843376,-2.7075413856529735,-9.258736971183323,0.6793378295524218,3.0,0.3123543123543123,3201.4925373134333,-0.0651477186644143,-0.7929607831711439,-0.5566109201095506,1306.9597069597069,-1.0,80.75245410112129,0.3112958181436079,
2023-07-31 13:45:40.609000,-9.27710843373494,-2.746987951807229,0.20481927710843376,-2.7148988350705086,-9.241569589209075,0.7112201103617413,3.0,0.3123543123543123,3201.4925373134333,-0.35499096789231344,-0.43773672862886703,-0.2476545655847561,1292.3076923076922,-1.0,80.75245410112129,0.3113014141423026,
2023-07-31 13:45:40.616000,-9.289156626506024,-2.734939759036145,0.22891566265060243,-2.705088902513795,-9.320049049662783,0.6866952789699571,3.0,0.3123543123543123,3201.4925373134333,0.22772565701299533,0.17015325447235102,-0.1844880834450206,1279.120879120879,-1.0,80.75245410112129,0.3113072067702534,
2023-07-31 13:45:40.624000,-9.301204819277109,-2.734939759036145,0.2530120481927711,-2.6952789699570814,-9.273451870018393,0.7431023911710607,3.0,0.3123543123543123,3201.4925373134333,0.2424101159606085,0.21082687489074106,-0.12283666453003898,1266.6666666666665,-1.0,80.75245410112129,0.31131319412926306,
2023-07-31 13:45:40.632000,-9.337349397590362,-2.734939759036145,0.2530120481927711,-2.71244635193133,-9.29307173513182,0.6597179644389944,3.0,0.3123543123543123,3201.4925373134333,0.13250976050346794,0.22026688421420615,-0.15243866907522852,1254.9450549450548,-1.0,80.75245410112129,0.3113193741973606,
2023-07-31 13:45:40.639000,-9.337349397590362,-2.734939759036145,0.20481927710843376,-2.6977314530962597,-9.327406499080318,0.6768853464132434,3.0,0.3123543123543123,3201.4925373134333,0.26921508070625294,0.2905425091777877,0.031117067769943652,1241.7582417582416,-1.0,80.75245410112129,0.3113257448328211,
2023-07-31 13:45:40.647000,-9.373493975903616,-2.7590361445783134,0.20481927710843376,-2.741876149601471,-9.37155119558553,0.6916002452483139,3.0,0.3123543123543123,3201.4925373134333,0.10022725948371375,0.034729910844356955,-0.04568498339257598,1228.5714285714284,-1.0,80.75245410112129,0.31133230377808874,
2023-07-31 13:45:40.655000,-9.361445783132531,-2.734939759036145,0.1927710843373494,-2.700183936235438,-9.322501532801962,0.6793378295524218,3.0,0.3123543123543123,3201.4925373134333,0.30231338500087473,-0.4519550142765569,-0.5069634636676185,1217.5824175824175,-1.0,80.75245410112129,0.3113390486635798,
2023-07-31 13:45:40.662000,-9.349397590361447,-2.7228915662650603,0.22891566265060243,-2.71244635193133,-9.33966891477621,0.6989576946658491,3.0,0.3123543123543123,3201.4925373134333,0.1333255637783338,-0.1656080647980897,-0.35335936134257895,1208.7912087912086,-1.0,80.75245410112129,0.31134597701136085,
2023-07-31 13:45:40.670000,-9.349397590361447,-2.710843373493976,0.21686746987951808,-2.6903740036787247,-9.300429184549357,0.6425505824647455,3.0,0.3123543123543123,3201.4925373134333,-0.08041489423693338,-0.24229357263562765,-0.3696754268399277,1205.8608058608058,-1.0,80.75245410112129,0.311353086238675,
2023-07-31 13:45:40.678000,-9.349397590361447,-2.746987951807229,0.21686746987951808,-2.6388718577559778,-9.337216431637032,0.6597179644389944,3.0,0.3123543123543123,3201.4925373134333,-0.04615115669249976,-0.47235009614824314,0.12038925470543665,1205.8608058608058,-1.0,80.75245410112129,0.3113603736613143,
2023-07-31 13:45:40.685000,-9.337349397590362,-2.7228915662650603,0.20481927710843376,-2.6315144083384427,-9.354383813611282,0.6768853464132434,3.0,0.3119103119103119,3206.0498220640575,0.03309830429462177,-0.42794708933045944,-0.077617854437387,1206.5934065934066,-1.0,80.75245410112129,0.31136783649682,
2023-07-31 13:45:40.693000,-9.349397590361447,-2.734939759036145,0.21686746987951808,-2.692826486817903,-9.342121397915388,0.6670754138565297,3.0,0.3119103119103119,3206.0498220640575,0.2797039799545473,-0.7043878561855363,-0.029835091195152062,1209.5238095238094,-1.0,80.75245410112129,0.31137547185696257,
2023-07-31 13:45:40.701000,-9.373493975903616,-2.710843373493976,0.1927710843373494,-2.6732066217044754,-9.347026364193745,0.6719803801348866,3.0,0.3123543123543123,3201.4925373134333,-0.14742730610104277,-0.41792436338208666,0.18460462677000164,1211.7216117216117,-1.0,80.75245410112129,0.3113832765695789,
2023-07-31 13:45:40.708000,-9.349397590361447,-2.710843373493976,0.21686746987951808,-2.7467811158798283,-9.288166768853463,0.6793378295524218,3.0,0.3123543123543123,3201.4925373134333,-0.25138395198415026,-1.0159081638599146,-0.06188450556494371,1212.4542124542124,-1.0,80.75245410112129,0.31139124733996665,
2023-07-31 13:45:40.716000,-9.337349397590362,-2.7228915662650603,0.22891566265060243,-2.6830165542611892,-9.261189454322501,0.745554874310239,3.0,0.3123543123543123,3201.4925373134333,-0.26525260765689584,-1.1191655497931352,-0.02948546122020847,1210.2564102564102,-1.0,80.75245410112129,0.31139938092244857,
2023-07-31 13:45:40.724000,-9.289156626506024,-2.746987951807229,0.26506024096385544,-2.6903740036787247,-9.327406499080318,0.6744328632740649,3.0,0.3123543123543123,3201.4925373134333,-0.3102383310995855,-1.0217353301089684,-0.3941495250859507,1205.8608058608058,-1.0,80.75245410112129,0.3114076739833397,
2023-07-31 13:45:40.731000,-9.289156626506024,-2.746987951807229,0.27710843373493976,-2.702636419374617,-9.288166768853463,0.7112201103617413,3.0,0.3123543123543123,3201.4925373134333,-0.38191247596293876,-0.3626828273410643,-0.3926344618611972,1205.8608058608058,-1.0,80.75245410112129,0.31141612310250005,
2023-07-31 13:45:40.739000,-9.253012048192772,-2.746987951807229,0.24096385542168675,-2.732066217044758,-9.221949724095646,0.7161250766400981,3.0,0.3119103119103119,3206.0498220640575,0.12493444437969795,0.033447934269564286,0.07994872093700829,1208.7912087912086,-1.0,80.75245410112129,0.31142472477473193,
2023-07-31 13:45:40.746000,-9.301204819277109,-2.7590361445783134,0.21686746987951808,-2.734518700183936,-9.236664622930716,0.657265481299816,3.0,0.3123543123543123,3201.4925373134333,0.05908746576539864,0.10477244915797505,-0.3048773381504575,1213.9194139194137,-1.0,80.75245410112129,0.31143347526174414,
2023-07-31 13:45:40.754000,-9.325301204819278,-2.7590361445783134,0.21686746987951808,-2.7075413856529735,-9.23175965665236,0.640098099325567,3.0,0.3123543123543123,3201.4925373134333,0.05710622924072095,-0.08437736728628875,0.03321484761960261,1220.5128205128203,-1.0,80.75245410112129,0.3114423707207005,
2023-07-31 13:45:40.762000,-9.349397590361447,-2.734939759036145,0.21686746987951808,-2.7075413856529735,-9.369098712446352,0.6965052115266707,3.0,0.3123543123543123,3201.4925373134333,0.07004253831361809,-0.5155876697162168,-0.05920400909037926,1226.3736263736264,-1.0,80.75245410112129,0.31145140736417776,
2023-07-31 13:45:40.769000,-9.3855421686747,-2.746987951807229,0.24096385542168675,-2.6977314530962597,-9.334763948497853,0.657265481299816,3.0,0.3123543123543123,3201.4925373134333,0.0363615173940904,-0.5640696929083385,-0.3175805605733931,1230.7692307692307,-1.0,80.75245410112129,0.31146058132215887,
2023-07-31 13:45:40.777000,-9.361445783132531,-2.734939759036145,0.24096385542168675,-2.6609442060085837,-9.297976701410178,0.6866952789699571,3.0,0.3123543123543123,3201.4925373134333,-0.1632771982984678,-0.7255987413320902,-0.2704970572810445,1236.6300366300366,-1.0,80.75245410112129,0.31146988864271025,
2023-07-31 13:45:40.785000,-9.313253012048193,-2.710843373493976,0.21686746987951808,-2.6535867565910483,-9.283261802575106,0.6499080318822807,3.0,0.3123543123543123,3201.4925373134333,-0.16211176504865768,-0.7219858982576773,-0.26991434065613906,1241.7582417582416,-1.0,80.75245410112129,0.31147932529261585,
2023-07-31 13:45:40.792000,-9.313253012048193,-2.710843373493976,0.24096385542168675,-2.6535867565910483,-9.24892703862661,0.7014101778050276,3.0,0.3123543123543123,3201.4925373134333,0.08321193403647865,-0.6756016549152142,-0.3316823028961017,1247.6190476190475,-1.0,80.75245410112129,0.3114888872967404,
2023-07-31 13:45:40.800000,-9.289156626506024,-2.7228915662650603,0.27710843373493976,-2.6977314530962597,-9.212139791538933,0.6989576946658491,3.0,0.3123543123543123,3201.4925373134333,-0.28308373637899853,-0.9156809043762025,-0.20499970864168773,1252.7472527472526,-1.0,80.75245410112129,0.3114985705795156,
2023-07-31 13:45:40.808000,-9.301204819277109,-2.746987951807229,0.2530120481927711,-2.658491722869405,-9.305334150827713,0.6916002452483139,3.0,0.3123543123543123,3201.4925373134333,-0.006992599498864074,-0.9528582250451605,-0.5826000815803273,1257.142857142857,-1.0,80.75245410112129,0.31150837083797306,
2023-07-31 13:45:40.815000,-9.337349397590362,-2.7590361445783134,0.21686746987951808,-2.7467811158798283,-9.268546903740036,0.7112201103617413,3.0,0.3123543123543123,3201.4925373134333,-0.21980071091428283,-1.204009090379349,-0.19346191946856237,1263.003663003663,-1.0,80.75245410112129,0.3115182836915365,
2023-07-31 13:45:40.823000,-9.337349397590362,-2.771084337349398,0.24096385542168675,-2.74432863274065,-9.322501532801962,0.7210300429184548,3.0,0.3123543123543123,3201.4925373134333,0.07330575141308847,-1.5323116368509988,-0.05407610279121291,1270.3296703296703,-1.0,80.75245410112129,0.3115283046825969,
2023-07-31 13:45:40.831000,-9.373493975903616,-2.746987951807229,0.27710843373493976,-2.700183936235438,-9.273451870018393,0.7578172900061312,3.0,0.3123543123543123,3201.4925373134333,-0.06339956878969827,-1.641862362333197,-0.0653808053143753,1276.1904761904761,-1.0,80.75245410112129,0.3115384292771935,
2023-07-31 13:45:40.838000,-9.373493975903616,-2.746987951807229,0.24096385542168675,-2.6266094420600856,-9.27835683629675,0.7161250766400981,3.0,0.3119103119103119,3206.0498220640575,0.12551716100460386,-1.5572519083969465,-0.20033797564244515,1276.1904761904761,-1.0,80.75245410112129,0.3115486528658226,
2023-07-31 13:45:40.846000,-9.337349397590362,-2.734939759036145,0.2530120481927711,-2.700183936235438,-9.334763948497853,0.6891477621091354,3.0,0.3123543123543123,3201.4925373134333,0.1721344909970287,-1.6869646291008675,-0.16630732474797516,1273.9926739926739,-1.0,80.75245410112129,0.31155897075386146,
2023-07-31 13:45:40.854000,-9.349397590361447,-2.7228915662650603,0.26506024096385544,-2.705088902513795,-9.270999386879215,0.6793378295524218,3.0,0.3123543123543123,3201.4925373134333,0.20371773206689614,-2.046966959967367,-0.134490997028145,1272.5274725274724,-1.0,80.75245410112129,0.31156937826975206,
2023-07-31 13:45:40.861000,-9.325301204819278,-2.7590361445783134,0.26506024096385544,-2.729613733905579,-9.26364193746168,0.7234825260576333,3.0,0.3123543123543123,3201.4925373134333,-0.34578404521881,-2.5296894120389255,-0.17901054717091064,1273.9926739926739,-1.0,80.75245410112129,0.31157987063855125,
2023-07-31 13:45:40.869000,-9.301204819277109,-2.734939759036145,0.28915662650602414,-2.6854690374003676,-9.241569589209075,0.7283874923359902,3.0,0.3123543123543123,3201.4925373134333,-0.20430044869180033,-2.8733756774080756,-0.3469494784686208,1278.3882783882782,-1.0,80.75245410112129,0.3115904430048097,
2023-07-31 13:45:40.877000,-9.301204819277109,-2.710843373493976,0.2530120481927711,-2.6437768240343344,-9.29307173513182,0.7112201103617413,3.0,0.31279831279831277,3196.94819020582,-0.5535807936600424,-2.6327137113221846,0.35673911776703016,1288.6446886446886,-1.0,80.75245410112129,0.3116010904239978,
2023-07-31 13:45:40.884000,-9.289156626506024,-2.734939759036145,0.28915662650602414,-2.6560392397302266,-9.268546903740036,0.7651747394236664,3.0,0.3123543123543123,3201.4925373134333,-0.8681312277839293,-2.2252782471883923,0.45999650370025086,1306.227106227106,-1.0,80.75245410112129,0.31161180788572995,
2023-07-31 13:45:40.892000,-9.337349397590362,-2.734939759036145,0.27710843373493976,-2.6830165542611892,-9.33966891477621,0.7357449417535254,3.0,0.3123543123543123,3201.4925373134333,-0.8155701882174696,-2.1376376668026333,0.5601072198589825,1338.4615384615383,-1.0,80.75245410112129,0.31162259033729545,
2023-07-31 13:45:40.900000,-9.361445783132531,-2.746987951807229,0.30120481927710846,-2.705088902513795,-9.270999386879215,0.6940527283874923,3.0,0.31279831279831277,3196.94819020582,-0.7172076219334544,-1.9567624264320262,0.524561505739759,1383.150183150183,-1.0,80.75245410112129,0.31163343252670767,
2023-07-31 13:45:40.907000,-9.373493975903616,-2.746987951807229,0.2530120481927711,-2.6732066217044754,-9.320049049662783,0.7676272225628449,3.0,0.3123543123543123,3201.4925373134333,-0.6055591166015961,-2.708466872559874,-0.07715168113746279,1442.4908424908424,-1.0,80.75245410112129,0.31164432929327013,
2023-07-31 13:45:40.915000,-9.3855421686747,-2.710843373493976,0.28915662650602414,-2.6683016554261187,-9.351931330472102,0.7283874923359902,3.0,0.3123543123543123,3201.4925373134333,0.10092651943359877,-3.3189208088106743,-0.2494027154594719,1516.4835164835163,-1.0,80.75245410112129,0.3116552754430491,
2023-07-31 13:45:40.923000,-9.373493975903616,-2.698795180722892,0.28915662650602414,-2.6241569589209073,-9.275904353157571,0.7651747394236664,3.0,0.31279831279831277,3196.94819020582,-0.024124468271080012,-3.524503234077267,-0.4201386865567273,1600.0,-1.0,80.75245410112129,0.3116662657319527,
2023-07-31 13:45:40.930000,-9.337349397590362,-2.710843373493976,0.30120481927710846,-2.633966891477621,-9.290619251992641,0.7381974248927038,3.0,0.31279831279831277,3196.94819020582,0.2051162519666679,-4.109667268807177,-0.2546471650836202,1690.10989010989,-1.0,80.75245410112129,0.3116772949984907,
2023-07-31 13:45:40.938000,-9.337349397590362,-2.6867469879518073,0.30120481927710846,-2.6781115879828326,-9.258736971183323,0.7798896382587369,3.0,0.31279831279831277,3196.94819020582,0.20231921216712262,-4.361750480741214,-0.4996212341938118,1783.150183150183,-1.0,80.75245410112129,0.3116883580622729,
2023-07-31 13:45:40.946000,-9.313253012048193,-2.698795180722892,0.3253012048192771,-2.629061925199264,-9.35683629675046,0.7504598405885959,3.0,0.31279831279831277,3196.94819020582,0.16793893129770993,-4.63900705087116,-0.38925470543674645,1871.0622710622708,-1.0,80.75245410112129,0.31169944974067515,
2023-07-31 13:45:40.953000,-9.361445783132531,-2.710843373493976,0.3373493975903615,-2.6977314530962597,-9.351931330472102,0.7896995708154506,3.0,0.31279831279831277,3196.94819020582,0.1820406736204189,-4.7255987413320915,-0.6136006060252901,1951.6483516483515,-1.0,80.75245410112129,0.3117105649942919,
2023-07-31 13:45:40.961000,-9.361445783132531,-2.698795180722892,0.3132530120481928,-2.658491722869405,-9.329858982219497,0.7896995708154506,3.0,0.31279831279831277,3196.94819020582,0.4725831827982048,-5.330342054658819,-0.713245148884098,2018.3150183150183,-1.0,80.75245410112129,0.3117216989138296,
2023-07-31 13:45:40.969000,-9.349397590361447,-2.710843373493976,0.3253012048192771,-2.609442060085837,-9.342121397915388,0.8412017167381973,3.0,0.31279831279831277,3196.94819020582,0.2588427247829377,-5.6967542683992765,-0.9575199580444033,2068.131868131868,-1.0,80.75245410112129,0.3117328464411922,
2023-07-31 13:45:40.976000,-9.349397590361447,-2.710843373493976,0.3493975903614458,-2.629061925199264,-9.33966891477621,0.8068669527896996,3.0,0.31279831279831277,3196.94819020582,0.18250684692034225,-5.818891672979429,-1.2933978206398231,2097.4358974358975,-1.0,80.75245410112129,0.3117440023993302,
2023-07-31 13:45:40.984000,-9.313253012048193,-2.7228915662650603,0.39759036144578314,-2.6364193746167994,-9.337216431637032,0.851011649294911,3.0,0.31279831279831277,3196.94819020582,0.2588427247829377,-5.406677932521414,-1.3697336985024184,2106.9597069597066,-1.0,80.75245410112129,0.31175516178876167,
2023-07-31 13:45:40.992000,-9.27710843373494,-2.710843373493976,0.43373493975903615,-2.6535867565910483,-9.236664622930716,0.86817903126916,3.0,0.3123543123543123,3201.4925373134333,0.38098012936309034,-5.559349688246605,-1.461336751937533,2091.5750915750914,-1.0,80.75245410112129,0.3117663197761519,
2023-07-31 13:45:40.999000,-9.240963855421688,-2.734939759036145,0.42168674698795183,-2.7247087676272224,-9.241569589209075,0.8583690987124463,3.0,0.31279831279831277,3196.94819020582,0.136705320202785,-4.826525260765689,-1.262863469494785,2054.212454212454,-1.0,80.75245410112129,0.3117774715451839,
2023-07-31 13:45:41.007000,-9.265060240963855,-2.746987951807229,0.42168674698795183,-2.705088902513795,-9.295524218270998,0.8534641324340895,3.0,0.31279831279831277,3196.94819020582,0.029835091195151413,-4.0173649554221775,-1.0949245381970751,1998.5347985347985,-1.0,80.75245410112129,0.3117886122757688,
2023-07-31 13:45:41.015000,-9.240963855421688,-2.746987951807229,0.43373493975903615,-2.680564071122011,-9.244022072348253,0.8657265481299815,3.0,0.31279831279831277,3196.94819020582,0.18250684692034225,-2.9028611386282845,-0.7590466756016552,1928.9377289377287,-1.0,80.75245410112129,0.31179973718646253,
2023-07-31 13:45:41.022000,-9.289156626506024,-2.746987951807229,0.42168674698795183,-2.6952789699570814,-9.251379521765788,0.9368485591661557,3.0,0.31279831279831277,3196.94819020582,0.3504457782180522,-2.4906473981702693,-0.6063749198764644,1851.2820512820513,-1.0,80.75245410112129,0.3118108414170983,
2023-07-31 13:45:41.030000,-9.301204819277109,-2.734939759036145,0.4096385542168675,-2.7075413856529735,-9.280809319435928,0.9025137952176578,3.0,0.31279831279831277,3196.94819020582,0.45731600722568577,-1.6051512149641622,-0.07202377483829644,1766.3003663003662,-1.0,80.75245410112129,0.3118219201988429,
2023-07-31 13:45:41.038000,-9.289156626506024,-2.710843373493976,0.44578313253012053,-2.729613733905579,-9.256284488044145,0.9147762109135499,3.0,0.31279831279831277,3196.94819020582,0.4115144805081285,-0.8875939630557653,-0.16362682827341093,1679.120879120879,-1.0,80.75245410112129,0.3118329689927822,
2023-07-31 13:45:41.045000,-9.289156626506024,-2.734939759036145,0.46987951807228917,-2.6781115879828326,-9.295524218270998,0.9049662783568363,3.0,0.31279831279831277,3196.94819020582,0.5641862362333193,-0.6585863294679791,-0.3162985839986018,1593.4065934065934,727.691650390625,82.45250576640805,0.3118439832130454,
2023-07-31 13:45:41.053000,-9.265060240963855,-2.7228915662650603,0.46987951807228917,-2.729613733905579,-9.266094420600858,0.9393010423053341,3.0,0.31279831279831277,3196.94819020582,0.5336518850882812,-0.01736495542217761,0.0653808053143753,1510.6227106227104,-1.0,82.45250576640805,0.3118549582583055,
2023-07-31 13:45:41.061000,-9.301204819277109,-2.746987951807229,0.4819277108433735,-2.6854690374003676,-9.302881667688535,0.9368485591661557,3.0,0.31279831279831277,3196.94819020582,0.5336518850882812,-0.01736495542217761,0.0653808053143753,1431.5018315018315,-1.0,82.45250576640805,0.3118658896707918,
2023-07-31 13:45:41.068000,-9.337349397590362,-2.746987951807229,0.44578313253012053,-2.6854690374003676,-9.374003678724709,0.8828939301042305,3.0,0.31279831279831277,3196.94819020582,0.2588427247829377,0.3643144338907995,0.05011362974185623,1361.904761904762,-1.0,82.45250576640805,0.3118767732848048,
2023-07-31 13:45:41.076000,-9.349397590361447,-2.746987951807229,0.42168674698795183,-2.7565910484365417,-9.347026364193745,0.8608215818516247,3.0,0.31279831279831277,3196.94819020582,0.4115144805081285,0.7917953499213338,-0.2704970572810445,1298.9010989010987,-1.0,82.45250576640805,0.3118876050773438,
2023-07-31 13:45:41.084000,-9.337349397590362,-2.746987951807229,0.43373493975903615,-2.71244635193133,-9.297976701410178,0.927038626609442,3.0,0.3132423132423132,3192.4167257264357,0.5489190606608002,1.2956121438144637,0.03484645416933714,1242.4908424908424,-1.0,82.45250576640805,0.311898381188938,
2023-07-31 13:45:41.091000,-9.289156626506024,-2.7590361445783134,0.4096385542168675,-2.6462293071735132,-9.29307173513182,0.8608215818516247,3.0,0.31279831279831277,3196.94819020582,0.5183847095157621,1.371948021677059,-0.14835965270089185,1194.8717948717947,-1.0,82.45250576640805,0.3119090982112294,
2023-07-31 13:45:41.099000,-9.313253012048193,-2.746987951807229,0.43373493975903615,-2.7173513182096873,-9.312691600245248,0.8240343347639485,3.0,0.3132423132423132,3192.4167257264357,0.5183847095157621,1.7230930598449978,0.01957927859681806,1156.7765567765566,-1.0,82.45250576640805,0.31191975278200573,
2023-07-31 13:45:41.106000,-9.301204819277109,-2.771084337349398,0.39759036144578314,-2.675659104843654,-9.315144083384427,0.8877988963825874,3.0,0.31279831279831277,3196.94819020582,0.8084610453936246,1.5246197774022499,-0.16362682827341093,1128.2051282051282,-1.0,82.45250576640805,0.3119303416059931,
2023-07-31 13:45:41.114000,-9.313253012048193,-2.734939759036145,0.4096385542168675,-2.6658491722869404,-9.332311465358675,0.8461066830165542,3.0,0.31279831279831277,3196.94819020582,0.8847969232562201,1.6162228308373643,-0.34683293514363994,1109.89010989011,-1.0,82.45250576640805,0.31194086176267133,
2023-07-31 13:45:41.122000,-9.325301204819278,-2.746987951807229,0.39759036144578314,-2.722256284488044,-9.344573881054567,0.8485591661557327,3.0,0.31279831279831277,3196.94819020582,1.0680030301264491,1.7078258842724787,-0.16362682827341093,1098.9010989010987,-1.0,82.45250576640805,0.3119513105350309,
2023-07-31 13:45:41.129000,-9.337349397590362,-2.710843373493976,0.3855421686746988,-2.702636419374617,-9.337216431637032,0.8755364806866952,3.0,0.31279831279831277,3196.94819020582,0.7168579919585102,1.570421304119807,-0.5147718664413499,1093.040293040293,-1.0,82.45250576640805,0.31196168526940743,
2023-07-31 13:45:41.137000,-9.361445783132531,-2.7228915662650603,0.3734939759036145,-2.7075413856529735,-9.33966891477621,0.838749233599019,3.0,0.3132423132423132,3192.4167257264357,1.0069343278363727,1.6467571819824025,-0.43843598857875443,1093.7728937728937,-1.0,82.45250576640805,0.3119719835430485,
2023-07-31 13:45:41.145000,-9.337349397590362,-2.746987951807229,0.3855421686746988,-2.6683016554261187,-9.32495401594114,0.8706315144083384,3.0,0.31279831279831277,3196.94819020582,1.0680030301264491,1.0360701590816392,-0.36210011071615905,1100.3663003663003,-1.0,82.45250576640805,0.31198220330995236,
2023-07-31 13:45:41.152000,-9.349397590361447,-2.734939759036145,0.39759036144578314,-2.658491722869405,-9.35683629675046,0.8461066830165542,3.0,0.31279831279831277,3196.94819020582,0.9916671522638537,0.8528640522114102,-0.6063749198764644,1113.5531135531135,-1.0,82.45250576640805,0.3119923427903528,
2023-07-31 13:45:41.160000,-9.337349397590362,-2.7590361445783134,0.3734939759036145,-2.709993868792152,-9.334763948497853,0.8191293684855916,3.0,0.31279831279831277,3196.94819020582,1.0069343278363727,0.8070625254938529,-0.4689703397237926,1132.6007326007325,-1.0,82.45250576640805,0.31200240044559585,
2023-07-31 13:45:41.168000,-9.349397590361447,-2.7590361445783134,0.3855421686746988,-2.6903740036787247,-9.27835683629675,0.8461066830165542,3.0,0.31279831279831277,3196.94819020582,0.7321251675310293,0.8223297010663719,-0.6063749198764644,1159.7069597069597,-1.0,82.45250576640805,0.3120123749732603,
2023-07-31 13:45:41.175000,-9.337349397590362,-2.746987951807229,0.39759036144578314,-2.6486817903126916,-9.347026364193745,0.7896995708154506,3.0,0.3132423132423132,3192.4167257264357,1.4802167705844644,0.4101159606083567,-0.8964512557543269,1192.6739926739926,-1.0,82.45250576640805,0.3120222653118469,
2023-07-31 13:45:41.183000,-9.361445783132531,-2.746987951807229,0.3855421686746988,-2.7148988350705086,-9.31023911710607,0.8289393010423053,3.0,0.3132423132423132,3192.4167257264357,0.9763999766913346,-0.3074412913000402,-1.0949245381970751,1229.3040293040292,-1.0,82.45250576640805,0.3120320707937417,
2023-07-31 13:45:41.191000,-9.361445783132531,-2.746987951807229,0.3855421686746988,-2.7467811158798283,-9.300429184549357,0.8559166155732679,3.0,0.3132423132423132,3192.4167257264357,0.9305984499737774,0.07423809801293689,-0.9269856068993652,1268.131868131868,-1.0,82.45250576640805,0.3120417910309437,
2023-07-31 13:45:41.198000,-9.337349397590362,-2.783132530120482,0.39759036144578314,-2.751686082158185,-9.270999386879215,0.7847946045370937,3.0,0.3132423132423132,3192.4167257264357,1.0222015034088918,0.4711846628984331,-1.0185886603344796,1306.9597069597069,-1.0,82.45250576640805,0.3120514259386359,
2023-07-31 13:45:41.206000,-9.337349397590362,-2.783132530120482,0.3734939759036145,-2.7467811158798283,-9.29307173513182,0.8191293684855916,3.0,0.3132423132423132,3192.4167257264357,0.869529747683701,0.22690985373812772,-1.3850008740749375,1345.054945054945,-1.0,82.45250576640805,0.3120609758650398,
2023-07-31 13:45:41.214000,-9.325301204819278,-2.783132530120482,0.43373493975903615,-2.709993868792152,-9.320049049662783,0.8412017167381973,3.0,0.3132423132423132,3192.4167257264357,1.0222015034088918,0.4711846628984331,-1.0185886603344796,1378.021978021978,-1.0,82.45250576640805,0.31207044144358137,
2023-07-31 13:45:41.221000,-9.301204819277109,-2.7590361445783134,0.42168674698795183,-2.7467811158798283,-9.283261802575106,0.8485591661557327,3.0,0.3132423132423132,3192.4167257264357,1.1596060835615636,-0.06316648213973486,-1.0491230114795178,1405.128205128205,-1.0,82.45250576640805,0.31207982359333925,
2023-07-31 13:45:41.229000,-9.373493975903616,-2.7590361445783134,0.4096385542168675,-2.71244635193133,-9.41814837522992,0.9025137952176578,3.0,0.3132423132423132,3192.4167257264357,0.6557892896684339,-0.3074412913000402,-0.8964512557543269,1427.106227106227,-1.0,82.45250576640805,0.3120891235184548,
2023-07-31 13:45:41.237000,-9.373493975903616,-2.7590361445783134,0.44578313253012053,-2.7492335990190067,-9.381361128142244,0.8877988963825874,3.0,0.3132423132423132,3192.4167257264357,0.7473923431035483,-0.10896800885729212,-0.911718431326846,1445.4212454212454,-1.0,82.45250576640805,0.3120983427064811,
2023-07-31 13:45:41.244000,-9.337349397590362,-2.7590361445783134,0.44578313253012053,-2.7467811158798283,-9.361741263028817,0.956468424279583,3.0,0.3132423132423132,3192.4167257264357,0.5336518850882812,0.013169395722860555,-0.8506497290367697,1457.142857142857,-1.0,82.45250576640805,0.3121074829256529,
2023-07-31 13:45:41.252000,-9.313253012048193,-2.771084337349398,0.4819277108433735,-2.729613733905579,-9.327406499080318,0.9294911097486205,3.0,0.3132423132423132,3192.4167257264357,0.686323640813472,-0.1242351844298112,-0.7895810267466934,1463.003663003663,-1.0,82.45250576640805,0.31211654622106405,
2023-07-31 13:45:41.260000,-9.301204819277109,-2.807228915662651,0.45783132530120485,-2.773758430410791,-9.234212139791538,0.9711833231146535,3.0,0.3132423132423132,3192.4167257264357,0.38098012936309034,0.5475205407610285,-1.0033214847619605,1464.4688644688645,-1.0,82.45250576640805,0.312125534909745,
2023-07-31 13:45:41.267000,-9.265060240963855,-2.807228915662651,0.44578313253012053,-2.793378295524218,-9.295524218270998,0.9245861434702636,3.0,0.3132423132423132,3192.4167257264357,0.5183847095157621,0.7001922964862193,-0.9880543091894415,1459.3406593406592,-1.0,82.45250576640805,0.31213445157463665,
2023-07-31 13:45:41.275000,-9.27710843373494,-2.807228915662651,0.44578313253012053,-2.722256284488044,-9.266094420600858,0.9049662783568363,3.0,0.3132423132423132,3192.4167257264357,0.7168579919585102,0.7612609987762956,-0.45370316415127354,1447.6190476190475,-1.0,82.45250576640805,0.3121432990574647,
2023-07-31 13:45:41.283000,-9.313253012048193,-2.807228915662651,0.43373493975903615,-2.7884733292458614,-9.327406499080318,0.9221336603310851,3.0,0.3132423132423132,3192.4167257264357,0.7321251675310293,0.7459938232037766,-0.22469553056348726,1430.7692307692307,-1.0,82.45250576640805,0.3121520804505219,
2023-07-31 13:45:41.290000,-9.313253012048193,-2.807228915662651,0.43373493975903615,-2.700183936235438,-9.307786633966892,0.9196811771919068,3.0,0.3132423132423132,3192.4167257264357,0.6099877629508765,1.387215197249578,-0.43843598857875443,1411.7216117216117,-1.0,82.45250576640805,0.3121607990873714,
2023-07-31 13:45:41.298000,-9.313253012048193,-2.783132530120482,0.44578313253012053,-2.734518700183936,-9.295524218270998,0.8755364806866952,3.0,0.3132423132423132,3192.4167257264357,1.1596060835615636,1.555154128547288,-0.056756599265777356,1387.5457875457876,-1.0,82.45250576640805,0.31216945853249034,
2023-07-31 13:45:41.306000,-9.301204819277109,-2.7590361445783134,0.43373493975903615,-2.6781115879828326,-9.266094420600858,0.8804414469650521,3.0,0.3132423132423132,3192.4167257264357,1.2664763125691971,1.0208029835091201,0.01957927859681806,1363.3699633699632,-1.0,82.45250576640805,0.31217806256987946,
2023-07-31 13:45:41.313000,-9.301204819277109,-2.7590361445783134,0.43373493975903615,-2.7492335990190067,-9.270999386879215,0.9147762109135499,3.0,0.3132423132423132,3192.4167257264357,0.8237282209661437,0.9597342812190437,-0.2704970572810445,1339.9267399267399,-1.0,82.45250576640805,0.3121866151906675,
2023-07-31 13:45:41.321000,-9.27710843373494,-2.771084337349398,0.44578313253012053,-2.739423666462293,-9.270999386879215,0.8706315144083384,3.0,0.3132423132423132,3192.4167257264357,0.8237282209661437,1.2498106170969063,-0.041489423693258275,1317.9487179487178,-1.0,82.45250576640805,0.31219512057974524,
2023-07-31 13:45:41.329000,-9.289156626506024,-2.7951807228915664,0.45783132530120485,-2.768853464132434,-9.219497240956468,0.8902513795217657,3.0,0.3132423132423132,3192.4167257264357,0.7779266942485865,1.4482838995396543,0.14171668317697073,1298.9010989010987,-1.0,82.45250576640805,0.31220358310147095,
2023-07-31 13:45:41.336000,-9.289156626506024,-2.783132530120482,0.43373493975903615,-2.705088902513795,-9.290619251992641,0.9049662783568363,3.0,0.31368631368631367,3187.898089171975,0.7779266942485865,1.4482838995396543,0.14171668317697073,1281.3186813186812,-1.0,82.45250576640805,0.3122120071457424,
2023-07-31 13:45:41.344000,-9.289156626506024,-2.734939759036145,0.46987951807228917,-2.705088902513795,-9.253832004904966,0.8779889638258737,3.0,0.31368631368631367,3187.898089171975,1.6939572285997315,1.4788182506846925,0.30965561447468065,1263.7362637362637,-1.0,82.45250576640805,0.3122203974204068,
2023-07-31 13:45:41.352000,-9.325301204819278,-2.783132530120482,0.45783132530120485,-2.729613733905579,-9.253832004904966,0.8534641324340895,3.0,0.31368631368631367,3187.898089171975,1.3275450148592736,1.4024823728220972,1.134083095390711,1246.8864468864467,-1.0,82.45250576640805,0.31222875908395986,
2023-07-31 13:45:41.359000,-9.313253012048193,-2.819277108433735,0.44578313253012053,-2.7541385652973633,-9.351931330472102,0.8951563458001226,3.0,0.31368631368631367,3187.898089171975,1.05273585455393,1.8910319911427078,0.23331973661208522,1232.2344322344322,-1.0,82.45250576640805,0.31223709744187644,
2023-07-31 13:45:41.367000,-9.289156626506024,-2.771084337349398,0.43373493975903615,-2.680564071122011,-9.31023911710607,0.8976088289393009,3.0,0.3132423132423132,3192.4167257264357,0.9763999766913346,2.700192296486219,-0.6216420954489834,1222.7106227106226,-1.0,82.45250576640805,0.3122454179305132,
2023-07-31 13:45:41.375000,-9.289156626506024,-2.698795180722892,0.45783132530120485,-2.6388718577559778,-9.253832004904966,0.9172286940527283,3.0,0.31368631368631367,3187.898089171975,1.7397587553172889,2.1200396247304942,0.370724316764757,1216.117216117216,-1.0,82.45250576640805,0.3122537258125511,
2023-07-31 13:45:41.382000,-9.325301204819278,-2.734939759036145,0.4819277108433735,-2.692826486817903,-9.246474555487431,0.9613733905579399,3.0,0.31368631368631367,3187.898089171975,1.5107511217295024,2.0284365712953796,1.5310296602762072,1213.1868131868132,-1.0,82.45250576640805,0.3122620264466714,
2023-07-31 13:45:41.390000,-9.325301204819278,-2.7228915662650603,0.45783132530120485,-2.722256284488044,-9.280809319435928,0.9000613120784794,3.0,0.31368631368631367,3187.898089171975,0.9611328011188155,2.2269098537381278,1.2714876755433828,1214.6520146520145,-1.0,82.45250576640805,0.3122703254181852,
2023-07-31 13:45:41.398000,-9.325301204819278,-2.7228915662650603,0.44578313253012053,-2.65113427345187,-9.317596566523605,0.9540159411404046,3.0,0.31368631368631367,3187.898089171975,0.7779266942485865,2.257444204883166,1.6073655381388028,1216.117216117216,-1.0,82.45250576640805,0.3122786282539698,
2023-07-31 13:45:41.405000,-9.337349397590362,-2.746987951807229,0.45783132530120485,-2.6903740036787247,-9.283261802575106,0.9123237277743715,3.0,0.31368631368631367,3187.898089171975,0.136705320202785,2.6238564186236237,1.7753044694365125,1218.3150183150183,-1.0,82.45250576640805,0.31228694055289,
2023-07-31 13:45:41.413000,-9.313253012048193,-2.746987951807229,0.45783132530120485,-2.6830165542611892,-9.295524218270998,0.9123237277743715,3.0,0.31368631368631367,3187.898089171975,0.6099877629508765,2.9291999300740055,1.5157624847036881,1221.245421245421,-1.0,82.45250576640805,0.31229526796701196,
2023-07-31 13:45:41.421000,-9.301204819277109,-2.710843373493976,0.44578313253012053,-2.680564071122011,-9.327406499080318,0.8755364806866952,3.0,0.31368631368631367,3187.898089171975,0.7473923431035483,2.9444671056465244,2.0043121030242985,1224.1758241758241,-1.0,82.45250576640805,0.3123036161829606,
2023-07-31 13:45:41.428000,-9.313253012048193,-2.710843373493976,0.43373493975903615,-2.6241569589209073,-9.283261802575106,0.8927038626609441,3.0,0.3132423132423132,3192.4167257264357,0.4725831827982048,3.204009090379349,2.218052561039566,1228.5714285714284,-1.0,82.45250576640805,0.31231199090348283,
2023-07-31 13:45:41.436000,-9.301204819277109,-2.698795180722892,0.42168674698795183,-2.6683016554261187,-9.273451870018393,0.8951563458001226,3.0,0.3132423132423132,3192.4167257264357,0.6252549385233956,3.3414136705320208,1.9432434007342225,1235.164835164835,-1.0,82.45250576640805,0.3123203976799739,
2023-07-31 13:45:41.444000,-9.325301204819278,-2.734939759036145,0.4096385542168675,-2.6609442060085837,-9.26364193746168,0.8632740649908032,3.0,0.3132423132423132,3192.4167257264357,0.6099877629508765,3.3414136705320208,1.637899889283841,1241.7582417582416,-1.0,82.45250576640805,0.31232884187273324,
2023-07-31 13:45:41.451000,-9.325301204819278,-2.7590361445783134,0.3734939759036145,-2.6952789699570814,-9.342121397915388,0.8706315144083384,3.0,0.3132423132423132,3192.4167257264357,0.44204883165316666,3.02080298350912,0.737136530505215,1245.4212454212454,-1.0,82.45250576640805,0.3123373287705161,
2023-07-31 13:45:41.459000,-9.349397590361447,-2.710843373493976,0.3855421686746988,-2.692826486817903,-9.32495401594114,0.8044144696505211,3.0,0.3132423132423132,3192.4167257264357,0.5794534118058384,2.990268632364082,0.8440067595128485,1247.6190476190475,-1.0,82.45250576640805,0.31234586371030787,
2023-07-31 13:45:41.467000,-9.325301204819278,-2.710843373493976,0.4096385542168675,-2.609442060085837,-9.359288779889638,0.8657265481299815,3.0,0.3132423132423132,3192.4167257264357,0.7931938698211056,2.6696579453411813,1.622632713711322,1249.084249084249,-1.0,82.45250576640805,0.3123544520382417,
2023-07-31 13:45:41.474000,-9.325301204819278,-2.698795180722892,0.39759036144578314,-2.629061925199264,-9.337216431637032,0.8534641324340895,3.0,0.3132423132423132,3192.4167257264357,0.7626595186760674,2.9444671056465244,1.2409533243983448,1253.4798534798533,-1.0,82.45250576640805,0.3123630989432241,
2023-07-31 13:45:41.482000,-9.325301204819278,-2.734939759036145,0.3855421686746988,-2.6903740036787247,-9.285714285714285,0.8313917841814837,3.0,0.31368631368631367,3187.898089171975,0.6710564652409529,2.5780548919060666,0.4317930190548333,1259.3406593406592,-1.0,82.45250576640805,0.312371809301281,
2023-07-31 13:45:41.489000,-9.313253012048193,-2.698795180722892,0.3855421686746988,-2.6266094420600856,-9.246474555487431,0.8338442673206621,3.0,0.31368631368631367,3187.898089171975,0.5794534118058384,2.471184662898433,-0.13309247712837277,1264.4688644688645,-1.0,82.45250576640805,0.3123805878285481,
2023-07-31 13:45:41.497000,-9.313253012048193,-2.674698795180723,0.39759036144578314,-2.5898221949724096,-9.312691600245248,0.8927038626609441,3.0,0.31368631368631367,3187.898089171975,0.9611328011188155,1.8452304644251505,1.302022026688421,1269.5970695970695,-1.0,82.45250576640805,0.3123894392347291,
2023-07-31 13:45:41.505000,-9.325301204819278,-2.6867469879518073,0.43373493975903615,-2.599632127529123,-9.361741263028817,0.8755364806866952,3.0,0.31368631368631367,3187.898089171975,-0.01596643552240584,1.8452304644251505,0.9814113396655203,1271.7948717948716,-1.0,82.45250576640805,0.31239836806883786,
2023-07-31 13:45:41.512000,-9.397590361445783,-2.710843373493976,0.3855421686746988,-2.663396689147762,-9.378908645003065,0.8093194359288779,3.0,0.31368631368631367,3187.898089171975,0.27410990035545674,1.9368335178602651,0.737136530505215,1272.5274725274724,-1.0,82.45250576640805,0.3124073787044437,
2023-07-31 13:45:41.520000,-9.397590361445783,-2.6867469879518073,0.3734939759036145,-2.5849172286940525,-9.361741263028817,0.7529123237277743,3.0,0.31368631368631367,3187.898089171975,0.2130411980653804,1.9521006934327843,0.40125866790979514,1273.260073260073,-1.0,82.45250576640805,0.31241647532570627,
2023-07-31 13:45:41.528000,-9.397590361445783,-2.698795180722892,0.3614457831325301,-2.675659104843654,-9.337216431637032,0.8166768853464133,3.0,0.31368631368631367,3187.898089171975,-0.01596643552240584,1.585688479692326,0.5081288969174287,1272.5274725274724,-1.0,82.45250576640805,0.31242566191423404,
2023-07-31 13:45:41.535000,-9.373493975903616,-2.7228915662650603,0.3373493975903615,-2.6732066217044754,-9.305334150827713,0.8019619865113427,3.0,0.3132423132423132,3192.4167257264357,-0.1381038401025585,1.2345434415243872,0.1569838587494898,1269.5970695970695,-1.0,82.45250576640805,0.3124349422367978,
2023-07-31 13:45:41.543000,-9.349397590361447,-2.6867469879518073,0.3614457831325301,-2.629061925199264,-9.342121397915388,0.7798896382587369,3.0,0.3132423132423132,3192.4167257264357,-0.3060427714002684,0.7307266476312575,0.20278538546704705,1268.8644688644688,-1.0,82.45250576640805,0.3124443196846291,
2023-07-31 13:45:41.551000,-9.325301204819278,-2.710843373493976,0.3373493975903615,-2.6781115879828326,-9.283261802575106,0.851011649294911,3.0,0.31368631368631367,3187.898089171975,-0.21443971796515393,0.37958160946331854,0.05011362974185623,1268.8644688644688,-1.0,82.45250576640805,0.3124537972410362,
2023-07-31 13:45:41.558000,-9.325301204819278,-2.734939759036145,0.3614457831325301,-2.7369711833231145,-9.290619251992641,0.7946045370938074,3.0,0.31368631368631367,3187.898089171975,-0.21443971796515393,0.455917487325914,0.1569838587494898,1268.8644688644688,-1.0,82.45250576640805,0.31246337775816824,
2023-07-31 13:45:41.566000,-9.313253012048193,-2.710843373493976,0.3855421686746988,-2.6437768240343344,-9.280809319435928,0.8068669527896996,3.0,0.31368631368631367,3187.898089171975,-0.5350504049880547,0.13530680030301323,0.7066021793601768,1271.7948717948716,-1.0,82.45250576640805,0.3124730639683568,
2023-07-31 13:45:41.574000,-9.313253012048193,-2.698795180722892,0.3855421686746988,-2.6143470263641935,-9.322501532801962,0.8461066830165542,3.0,0.31368631368631367,3187.898089171975,-0.03123361109492492,0.19637550259308956,0.30965561447468065,1280.5860805860805,-1.0,82.45250576640805,0.31248285833727674,
2023-07-31 13:45:41.581000,-9.27710843373494,-2.7228915662650603,0.3734939759036145,-2.6683016554261187,-9.285714285714285,0.8313917841814837,3.0,0.31368631368631367,3187.898089171975,-0.3518442981178257,0.5017190140434712,0.7066021793601768,1299.6336996336995,-1.0,82.45250576640805,0.3124927630568186,
2023-07-31 13:45:41.589000,-9.301204819277109,-2.734939759036145,0.39759036144578314,-2.675659104843654,-9.297976701410178,0.8289393010423053,3.0,0.31368631368631367,3187.898089171975,-0.5655847561330929,0.39484878503583765,0.9508769885204822,1331.8681318681317,-1.0,82.45250576640805,0.3125027800389212,
2023-07-31 13:45:41.597000,-9.325301204819278,-2.734939759036145,0.42168674698795183,-2.6903740036787247,-9.332311465358675,0.8730839975475169,3.0,0.3132423132423132,3192.4167257264357,-0.07703513781248217,0.6085892430511048,0.40125866790979514,1381.6849816849815,-1.0,82.45250576640805,0.31251291091036726,
2023-07-31 13:45:41.604000,-9.337349397590362,-2.710843373493976,0.39759036144578314,-2.702636419374617,-9.32495401594114,0.9123237277743715,3.0,0.3132423132423132,3192.4167257264357,-0.1381038401025585,0.5169861896159903,0.6760678282151387,1445.4212454212454,-1.0,82.45250576640805,0.31252315685923937,
2023-07-31 13:45:41.612000,-9.337349397590362,-2.710843373493976,0.3855421686746988,-2.692826486817903,-9.312691600245248,0.8461066830165542,3.0,0.3132423132423132,3192.4167257264357,-0.1381038401025585,0.5169861896159903,0.6760678282151387,1522.3443223443223,-1.0,82.45250576640805,0.31253351874849616,
2023-07-31 13:45:41.620000,-9.349397590361447,-2.710843373493976,0.3855421686746988,-2.692826486817903,-9.317596566523605,0.8264868179031268,3.0,0.3132423132423132,3192.4167257264357,0.18250684692034225,0.5933220674785857,0.370724316764757,1611.7216117216117,-1.0,82.45250576640805,0.31254399709153713,
2023-07-31 13:45:41.627000,-9.325301204819278,-2.710843373493976,0.3855421686746988,-2.6781115879828326,-9.378908645003065,0.8362967504598405,3.0,0.31368631368631367,3187.898089171975,0.10617096905774683,-0.04789930656721578,0.4317930190548333,1708.4249084249084,-1.0,82.45250576640805,0.31255459192127416,
2023-07-31 13:45:41.635000,-9.313253012048193,-2.7228915662650603,0.3855421686746988,-2.6903740036787247,-9.315144083384427,0.838749233599019,3.0,0.3132423132423132,3192.4167257264357,-6.992599498867545E-4,-0.4906473981702692,0.41652584348231425,1808.7912087912086,-1.0,82.45250576640805,0.31256530308592617,
2023-07-31 13:45:41.643000,-9.337349397590362,-2.710843373493976,0.4096385542168675,-2.7075413856529735,-9.32495401594114,0.8264868179031268,3.0,0.31368631368631367,3187.898089171975,-6.992599498867545E-4,-0.7196550317580555,0.3401899656197188,1903.296703296703,-1.0,82.45250576640805,0.312576130119525,
2023-07-31 13:45:41.650000,-9.337349397590362,-2.710843373493976,0.43373493975903615,-2.6903740036787247,-9.285714285714285,0.8730839975475169,3.0,0.31368631368631367,3187.898089171975,0.10617096905774683,-1.009731367635918,0.5997319503525432,1987.5457875457873,-1.0,82.45250576640805,0.3125870722308951,
2023-07-31 13:45:41.658000,-9.313253012048193,-2.7228915662650603,0.39759036144578314,-2.6437768240343344,-9.26364193746168,0.8706315144083384,3.0,0.31368631368631367,3187.898089171975,0.06036944234018958,-0.9486626653458416,0.41652584348231425,2054.945054945055,-1.0,82.45250576640805,0.31259812846377955,
2023-07-31 13:45:41.666000,-9.313253012048193,-2.734939759036145,0.39759036144578314,-2.700183936235438,-9.268546903740036,0.8828939301042305,3.0,0.31368631368631367,3187.898089171975,-0.03123361109492492,-0.6891206806130172,0.6455334770701004,2102.5641025641025,-1.0,82.45250576640805,0.3126092975599526,
2023-07-31 13:45:41.673000,-9.289156626506024,-2.710843373493976,0.42168674698795183,-2.6462293071735132,-9.239117106069894,0.8927038626609441,3.0,0.31368631368631367,3187.898089171975,-0.15337101567507758,-0.24637258900996387,0.23331973661208522,2126.7399267399264,-1.0,82.45250576640805,0.3126205779619197,
2023-07-31 13:45:41.681000,-9.289156626506024,-2.710843373493976,0.4096385542168675,-2.6462293071735132,-9.270999386879215,0.9049662783568363,3.0,0.31368631368631367,3187.898089171975,-0.38237864926286386,-0.5364489248878265,0.6149991259250623,2126.007326007326,-1.0,82.45250576640805,0.3126319678164397,
2023-07-31 13:45:41.689000,-9.301204819277109,-2.710843373493976,0.46987951807228917,-2.6535867565910483,-9.21704475781729,0.8828939301042305,3.0,0.31368631368631367,3187.898089171975,-0.2449740691101921,-0.5059145737427883,0.5233960724899478,2104.029304029304,-1.0,82.45250576640805,0.31264346497883716,
2023-07-31 13:45:41.696000,-9.289156626506024,-2.734939759036145,0.42168674698795183,-2.670754138565297,-9.219497240956468,0.9245861434702636,3.0,0.31368631368631367,3187.898089171975,-0.19917254239263485,-0.2921741157275211,0.5997319503525432,2060.8058608058604,-1.0,82.45250576640805,0.3126550668793311,
2023-07-31 13:45:41.704000,-9.301204819277109,-2.710843373493976,0.4096385542168675,-2.6903740036787247,-9.270999386879215,0.8461066830165542,3.0,0.31368631368631367,3187.898089171975,-6.992599498867545E-4,0.19637550259308956,0.8898082862304059,2003.6630036630036,-1.0,82.45250576640805,0.31266677068797755,
2023-07-31 13:45:41.712000,-9.325301204819278,-2.698795180722892,0.39759036144578314,-2.702636419374617,-9.31023911710607,0.9074187614960146,3.0,0.31368631368631367,3187.898089171975,0.19777402249286133,0.2574442048831659,0.7829380572227722,1935.5311355311353,-1.0,82.45250576640805,0.31267857344879696,
2023-07-31 13:45:41.719000,-9.313253012048193,-2.7228915662650603,0.44578313253012053,-2.6854690374003676,-9.275904353157571,0.8191293684855916,3.0,0.31368631368631367,3187.898089171975,-0.10756948895752033,0.5780548919060666,0.9814113396655203,1858.6080586080584,-1.0,82.45250576640805,0.3126904717991146,
2023-07-31 13:45:41.727000,-9.337349397590362,-2.6867469879518073,0.4096385542168675,-2.6241569589209073,-9.33966891477621,0.851011649294911,3.0,0.31368631368631367,3187.898089171975,-0.06176796223996309,0.7612609987762956,1.103548744245673,1776.5567765567764,-1.0,82.45250576640805,0.31270246199795576,
2023-07-31 13:45:41.735000,-9.325301204819278,-2.698795180722892,0.44578313253012053,-2.5775597792765175,-9.297976701410178,0.9294911097486205,3.0,0.31368631368631367,3187.898089171975,0.2283083736378995,0.6543907697686621,1.1798846221082684,1691.5750915750914,-1.0,82.45250576640805,0.31271454022140044,
2023-07-31 13:45:41.742000,-9.349397590361447,-2.698795180722892,0.45783132530120485,-2.633966891477621,-9.403433476394849,0.9074187614960146,3.0,0.31368631368631367,3187.898089171975,0.15197249577530408,0.7765281743488147,1.286754851115902,1606.5934065934066,-1.0,82.45250576640805,0.31272670255026747,
2023-07-31 13:45:41.750000,-9.361445783132531,-2.6867469879518073,0.44578313253012053,-2.6388718577559778,-9.29307173513182,0.9196811771919068,3.0,0.3132423132423132,3192.4167257264357,0.16723967134782317,1.4940854262572116,1.0424800419555966,1528.2051282051282,-1.0,82.45250576640805,0.3127389446921519,
2023-07-31 13:45:41.758000,-9.361445783132531,-2.674698795180723,0.4819277108433735,-2.621704475781729,-9.376456161863887,0.8828939301042305,3.0,0.3132423132423132,3192.4167257264357,0.10617096905774683,1.8299632888526314,1.0730143931006348,1454.9450549450548,727.691650390625,82.45250576640805,0.3127512618630598,
2023-07-31 13:45:41.765000,-9.373493975903616,-2.674698795180723,0.43373493975903615,-2.580012262415696,-9.349478847332923,0.9638258736971183,3.0,0.31368631368631367,3187.898089171975,0.3504457782180522,1.4635510751121734,0.8440067595128485,1389.7435897435896,-1.0,82.45250576640805,0.31276364906325216,
2023-07-31 13:45:41.773000,-9.397590361445783,-2.6867469879518073,0.42168674698795183,-2.6658491722869404,-9.37155119558553,0.9049662783568363,3.0,0.31368631368631367,3187.898089171975,0.18250684692034225,1.4330167239671354,0.9966785152380394,1331.135531135531,-1.0,82.45250576640805,0.31277610135347456,
2023-07-31 13:45:41.781000,-9.409638554216867,-2.674698795180723,0.39759036144578314,-2.6388718577559778,-9.349478847332923,0.8877988963825874,3.0,0.31368631368631367,3187.898089171975,0.09090379348522774,1.0666045102266772,1.134083095390711,1279.8534798534797,-1.0,82.45250576640805,0.312788613599006,
2023-07-31 13:45:41.788000,-9.397590361445783,-2.6506024096385543,0.43373493975903615,-2.6535867565910483,-9.364193746167995,0.8436541998773758,3.0,0.31368631368631367,3187.898089171975,-0.01596643552240584,0.8070625254938529,1.088281568673154,1235.164835164835,-1.0,82.45250576640805,0.31280118036330046,
2023-07-31 13:45:41.796000,-9.361445783132531,-2.662650602409639,0.42168674698795183,-2.629061925199264,-9.31023911710607,0.8976088289393009,3.0,0.31368631368631367,3187.898089171975,-0.06176796223996309,0.5627877163335475,0.8745411106578868,1197.069597069597,-1.0,82.45250576640805,0.3128137960682503,
2023-07-31 13:45:41.804000,-9.361445783132531,-2.662650602409639,0.39759036144578314,-2.570202329858982,-9.354383813611282,0.8608215818516247,3.0,0.3132423132423132,3192.4167257264357,0.029835091195151413,0.28797855602820405,0.7829380572227722,1167.032967032967,-1.0,82.45250576640805,0.312826455005566,
2023-07-31 13:45:41.811000,-9.337349397590362,-2.6506024096385543,0.44578313253012053,-2.5554874310239115,-9.327406499080318,0.927038626609442,3.0,0.3132423132423132,3192.4167257264357,-0.12283666453003943,0.3643144338907995,0.7524037060777341,1145.7875457875457,-1.0,82.45250576640805,0.31283915119922995,
2023-07-31 13:45:41.819000,-9.349397590361447,-2.6506024096385543,0.42168674698795183,-2.609442060085837,-9.374003678724709,0.9123237277743715,3.0,0.3132423132423132,3192.4167257264357,-0.10756948895752033,0.22690985373812772,0.3859914923372761,1133.3333333333333,-1.0,82.45250576640805,0.3128518783956904,
2023-07-31 13:45:41.827000,-9.337349397590362,-2.662650602409639,0.45783132530120485,-2.60453709380748,-9.297976701410178,0.8583690987124463,3.0,0.3132423132423132,3192.4167257264357,0.28937707592797585,0.18110832702057048,0.09591515645941348,1125.2747252747251,-1.0,82.45250576640805,0.3128646302132715,
2023-07-31 13:45:41.834000,-9.337349397590362,-2.662650602409639,0.42168674698795183,-2.6266094420600856,-9.300429184549357,0.8706315144083384,3.0,0.3132423132423132,3192.4167257264357,-0.09230231338500125,0.5627877163335475,-0.23996270613600637,1126.007326007326,-1.0,82.45250576640805,0.31287740015288196,
2023-07-31 13:45:41.842000,-9.325301204819278,-2.6506024096385543,0.43373493975903615,-2.5947271612507663,-9.332311465358675,0.9221336603310851,3.0,0.3132423132423132,3192.4167257264357,-0.5808519317056119,0.9139327545014865,0.03484645416933714,1135.5311355311355,-1.0,82.45250576640805,0.31289018160873255,
2023-07-31 13:45:41.850000,-9.349397590361447,-2.662650602409639,0.4096385542168675,-2.6315144083384427,-9.300429184549357,0.8902513795217657,3.0,0.3132423132423132,3192.4167257264357,0.014567915622632328,0.9750014567915628,0.29438843890216154,1149.4505494505493,-1.0,82.45250576640805,0.3129029678790301,
2023-07-31 13:45:41.857000,-9.349397590361447,-2.662650602409639,0.42168674698795183,-2.553034947884733,-9.359288779889638,0.8706315144083384,3.0,0.31368631368631367,3187.898089171975,-0.19917254239263485,1.0360701590816392,-0.07202377483829644,1169.9633699633698,-1.0,82.45250576640805,0.31291575203786276,
2023-07-31 13:45:41.865000,-9.373493975903616,-2.6506024096385543,0.4096385542168675,-2.580012262415696,-9.344573881054567,0.8779889638258737,3.0,0.3132423132423132,3192.4167257264357,-0.4281801759804211,1.005535807936601,0.09591515645941348,1194.1391941391942,-1.0,82.45250576640805,0.31292852711542,
2023-07-31 13:45:41.872000,-9.361445783132531,-2.674698795180723,0.4096385542168675,-2.55793991416309,-9.322501532801962,0.9123237277743715,3.0,0.3132423132423132,3192.4167257264357,0.06036944234018958,0.7307266476312575,-0.1941611794184491,1225.6410256410256,-1.0,82.45250576640805,0.3129412862677464,
2023-07-31 13:45:41.880000,-9.337349397590362,-2.674698795180723,0.46987951807228917,-2.5971796443899446,-9.307786633966892,0.8828939301042305,3.0,0.31368631368631367,3187.898089171975,-0.10756948895752033,0.9444671056465247,0.1569838587494898,1259.3406593406592,-1.0,82.45250576640805,0.312954022606609,
2023-07-31 13:45:41.888000,-9.337349397590362,-2.6867469879518073,0.45783132530120485,-2.560392397302268,-9.256284488044145,0.8755364806866952,3.0,0.31413031413031406,3183.3922261484104,-0.10756948895752033,0.9444671056465247,0.1569838587494898,1295.2380952380952,-1.0,82.45250576640805,0.3129667293489464,
2023-07-31 13:45:41.895000,-9.337349397590362,-2.698795180722892,0.43373493975903615,-2.6462293071735132,-9.290619251992641,0.8264868179031268,3.0,0.31413031413031406,3183.3922261484104,0.10617096905774683,1.3414136705320208,-0.34683293514363994,1330.4029304029302,-1.0,82.45250576640805,0.3129793999985401,
2023-07-31 13:45:41.903000,-9.337349397590362,-2.6867469879518073,0.43373493975903615,-2.6364193746167994,-9.344573881054567,0.9049662783568363,3.0,0.31413031413031406,3183.3922261484104,-0.1381038401025585,1.3414136705320208,-0.17889400384593002,1364.8351648351647,-1.0,82.45250576640805,0.31299202824110994,
2023-07-31 13:45:41.911000,-9.337349397590362,-2.674698795180723,0.44578313253012053,-2.658491722869405,-9.32495401594114,0.8755364806866952,3.0,0.31368631368631367,3187.898089171975,-0.18390536682011577,1.555154128547288,0.12644950760445164,1394.8717948717947,-1.0,82.45250576640805,0.31300460768041033,
2023-07-31 13:45:41.918000,-9.361445783132531,-2.698795180722892,0.44578313253012053,-2.6364193746167994,-9.295524218270998,0.8902513795217657,3.0,0.31413031413031406,3183.3922261484104,-0.1381038401025585,1.4635510751121734,0.01957927859681806,1421.245421245421,-1.0,82.45250576640805,0.3130171318617574,
2023-07-31 13:45:41.926000,-9.325301204819278,-2.6867469879518073,0.46987951807228917,-2.692826486817903,-9.315144083384427,0.9196811771919068,3.0,0.31413031413031406,3183.3922261484104,-0.10756948895752033,1.4024823728220972,-0.3773672862886781,1442.4908424908424,-1.0,82.45250576640805,0.3130295945408137,
2023-07-31 13:45:41.934000,-9.337349397590362,-2.698795180722892,0.39759036144578314,-2.6388718577559778,-9.312691600245248,0.9147762109135499,3.0,0.31413031413031406,3183.3922261484104,-0.18390536682011577,1.6772915331274407,0.03484645416933714,1458.6080586080584,-1.0,82.45250576640805,0.3130419895684599,
2023-07-31 13:45:41.941000,-9.349397590361447,-2.710843373493976,0.4096385542168675,-2.663396689147762,-9.297976701410178,0.9319435928877988,3.0,0.31413031413031406,3183.3922261484104,0.15197249577530408,2.0437037468678985,-0.40790163743371627,1468.8644688644688,-1.0,82.45250576640805,0.3130543109249485,
2023-07-31 13:45:41.949000,-9.361445783132531,-2.698795180722892,0.42168674698795183,-2.6364193746167994,-9.37155119558553,0.8313917841814837,3.0,0.31413031413031406,3183.3922261484104,0.10617096905774683,1.9826350445778222,0.0653808053143753,1476.1904761904761,-1.0,82.45250576640805,0.3130665528612442,
2023-07-31 13:45:41.957000,-9.361445783132531,-2.674698795180723,0.42168674698795183,-2.6658491722869404,-9.32495401594114,0.8436541998773758,3.0,0.31413031413031406,3183.3922261484104,0.15197249577530408,1.906299166715227,-0.041489423693258275,1479.8534798534797,-1.0,82.45250576640805,0.3130787097635653,
2023-07-31 13:45:41.964000,-9.361445783132531,-2.6867469879518073,0.46987951807228917,-2.6732066217044754,-9.305334150827713,0.86817903126916,3.0,0.31413031413031406,3183.3922261484104,0.029835091195151413,1.6162228308373643,-0.041489423693258275,1476.923076923077,-1.0,82.45250576640805,0.3130907760283373,
2023-07-31 13:45:41.972000,-9.337349397590362,-2.710843373493976,0.4096385542168675,-2.609442060085837,-9.268546903740036,0.8657265481299815,3.0,0.31413031413031406,3183.3922261484104,0.2130411980653804,2.272711380455685,-0.30103140842608267,1467.3992673992673,-1.0,82.45250576640805,0.3131027462348454,
2023-07-31 13:45:41.980000,-9.349397590361447,-2.698795180722892,0.4096385542168675,-2.6315144083384427,-9.300429184549357,0.8534641324340895,3.0,0.31457431457431456,3178.899082568808,0.24357554921041857,1.6314900064098834,-0.1941611794184491,1449.8168498168498,-1.0,82.45250576640805,0.313114615147402,
2023-07-31 13:45:41.987000,-9.3855421686747,-2.698795180722892,0.39759036144578314,-2.6486817903126916,-9.349478847332923,0.8755364806866952,3.0,0.31457431457431456,3178.899082568808,0.5183847095157621,1.9826350445778222,-0.34683293514363994,1428.5714285714284,-1.0,82.45250576640805,0.31312637774895496,
2023-07-31 13:45:41.995000,-9.361445783132531,-2.674698795180723,0.39759036144578314,-2.6879215205395464,-9.32495401594114,0.8804414469650521,3.0,0.31413031413031406,3183.3922261484104,0.19777402249286133,1.6772915331274407,0.09591515645941348,1405.8608058608058,-1.0,82.45250576640805,0.31313802942386865,
2023-07-31 13:45:42.003000,-9.361445783132531,-2.662650602409639,0.3855421686746988,-2.6609442060085837,-9.295524218270998,0.8534641324340895,3.0,0.31457431457431456,3178.899082568808,0.16723967134782317,1.555154128547288,-0.45370316415127354,1381.6849816849815,-1.0,82.45250576640805,0.3131495658217608,
2023-07-31 13:45:42.010000,-9.349397590361447,-2.674698795180723,0.39759036144578314,-2.6609442060085837,-9.374003678724709,0.9319435928877988,3.0,0.31457431457431456,3178.899082568808,0.30079832177612037,0.3511450381679389,-0.6070741798263509,1358.2417582417581,-1.0,82.45250576640805,0.31316098283888943,
2023-07-31 13:45:42.018000,-9.361445783132531,-2.674698795180723,0.44578313253012053,-2.6535867565910483,-9.295524218270998,0.8191293684855916,3.0,0.31457431457431456,3178.899082568808,-0.03997436046850501,0.29532078550201063,-0.688771050638075,1333.3333333333333,-1.0,82.45250576640805,0.31317227680122783,
2023-07-31 13:45:42.026000,-9.361445783132531,-2.698795180722892,0.39759036144578314,-2.663396689147762,-9.327406499080318,0.8927038626609441,3.0,0.31457431457431456,3178.899082568808,-0.4075520074587714,0.08018180758696997,-0.675718198240196,1309.89010989011,-1.0,82.45250576640805,0.313183444328344,
2023-07-31 13:45:42.033000,-9.325301204819278,-2.710843373493976,0.3855421686746988,-2.641324340895156,-9.337216431637032,0.9196811771919068,3.0,0.31457431457431456,3178.899082568808,-0.5573101800594361,0.1443971796515358,-0.6921508070625251,1287.179487179487,-1.0,82.45250576640805,0.3131944822180329,
2023-07-31 13:45:42.041000,-9.313253012048193,-2.710843373493976,0.43373493975903615,-2.6879215205395464,-9.190067443286328,0.8485591661557327,3.0,0.31457431457431456,3178.899082568808,-0.3692092535400033,-0.28914398927801416,-0.7349222073305754,1267.3992673992673,-1.0,82.45250576640805,0.3132053876073753,
2023-07-31 13:45:42.049000,-9.27710843373494,-2.6867469879518073,0.44578313253012053,-2.6486817903126916,-9.221949724095646,0.9294911097486205,3.0,0.31457431457431456,3178.899082568808,-0.16758930132276742,-0.11864110483072063,-0.6864401841384536,1251.2820512820513,-1.0,82.45250576640805,0.3132161581228983,
2023-07-31 13:45:42.056000,-9.27710843373494,-2.7228915662650603,0.44578313253012053,-2.680564071122011,-9.253832004904966,0.8828939301042305,3.0,0.31457431457431456,3178.899082568808,-0.027387681370550376,0.2354175164617444,-0.5784045218810089,1238.095238095238,-1.0,82.45250576640805,0.31322679173243656,
2023-07-31 13:45:42.064000,-9.27710843373494,-2.734939759036145,0.43373493975903615,-2.7271612507664007,-9.27835683629675,0.9049662783568363,3.0,0.31413031413031406,3183.3922261484104,-0.43808635860380957,0.5305052153137934,-0.04079016374337152,1226.3736263736264,-1.0,82.45250576640805,0.3132372866280132,
2023-07-31 13:45:42.072000,-9.313253012048193,-2.7228915662650603,0.42168674698795183,-2.621704475781729,-9.280809319435928,0.8534641324340895,3.0,0.31457431457431456,3178.899082568808,-0.5860963813297599,0.5484528873608769,-0.11794184488083431,1218.3150183150183,-1.0,82.45250576640805,0.3132476413743175,
2023-07-31 13:45:42.079000,-9.301204819277109,-2.710843373493976,0.42168674698795183,-2.6266094420600856,-9.241569589209075,0.8485591661557327,3.0,0.31457431457431456,3178.899082568808,-0.536565468212809,0.6606841093176393,0.40079249460987115,1213.1868131868132,-1.0,82.45250576640805,0.3132578548860807,
2023-07-31 13:45:42.087000,-9.301204819277109,-2.7228915662650603,0.44578313253012053,-2.6658491722869404,-9.24892703862661,0.9049662783568363,3.0,0.31457431457431456,3178.899082568808,-0.28774546937824236,0.958452304644251,0.134490997028145,1210.2564102564102,-1.0,82.45250576640805,0.31326792646777024,
2023-07-31 13:45:42.095000,-9.289156626506024,-2.710843373493976,0.43373493975903615,-2.65113427345187,-9.273451870018393,0.8313917841814837,3.0,0.31457431457431456,3178.899082568808,-0.23821455626129143,0.8455218227376018,0.4526542742264436,1208.7912087912086,-1.0,82.45250576640805,0.3132778558313332,
2023-07-31 13:45:42.102000,-9.289156626506024,-2.7228915662650603,0.43373493975903615,-2.633966891477621,-9.266094420600858,0.9098712446351931,3.0,0.31457431457431456,3178.899082568808,-0.4488083445020673,1.3904784103490466,0.5074296369675424,1210.2564102564102,-1.0,82.45250576640805,0.3132876432412905,
2023-07-31 13:45:42.110000,-9.289156626506024,-2.710843373493976,0.45783132530120485,-2.6977314530962597,-9.268546903740036,0.86817903126916,3.0,0.31457431457431456,3178.899082568808,-0.3218926635976917,1.5522405454227601,0.6240895052735853,1214.6520146520145,-1.0,82.45250576640805,0.31329728936103196,
2023-07-31 13:45:42.118000,-9.289156626506024,-2.710843373493976,0.39759036144578314,-2.663396689147762,-9.334763948497853,0.8461066830165542,3.0,0.31457431457431456,3178.899082568808,0.03531262746926114,1.833343045277081,0.6468154536448927,1220.5128205128203,-1.0,82.45250576640805,0.31330679512963794,
2023-07-31 13:45:42.125000,-9.301204819277109,-2.698795180722892,0.3614457831325301,-2.700183936235438,-9.349478847332923,0.8485591661557327,3.0,0.31457431457431456,3178.899082568808,-0.14393100635161074,1.7617854437387102,0.9732533069168463,1227.106227106227,-1.0,82.45250576640805,0.3133161619143582,
2023-07-31 13:45:42.133000,-9.337349397590362,-2.698795180722892,0.39759036144578314,-2.6535867565910483,-9.354383813611282,0.8412017167381973,3.0,0.31457431457431456,3178.899082568808,2.3308664996167294E-4,1.9356680846104533,0.9473806887710505,1235.164835164835,-1.0,82.45250576640805,0.3133253915126815,
2023-07-31 13:45:42.141000,-9.361445783132531,-2.698795180722892,0.42168674698795183,-2.6266094420600856,-9.290619251992641,0.8117719190680563,3.0,0.31457431457431456,3178.899082568808,-0.04253831361808689,1.9696987355049234,1.1174173999184198,1244.6886446886447,-1.0,82.45250576640805,0.3133344861532308,
2023-07-31 13:45:42.148000,-9.349397590361447,-2.662650602409639,0.4096385542168675,-2.582464745554874,-9.347026364193745,0.8583690987124463,3.0,0.31457431457431456,3178.899082568808,0.1309946972787136,2.2482372822096606,1.210302429928326,1256.4102564102564,-1.0,82.45250576640805,0.31334344849543055,
2023-07-31 13:45:42.156000,-9.337349397590362,-2.6506024096385543,0.39759036144578314,-2.60453709380748,-9.290619251992641,0.82158185162477,3.0,0.31457431457431456,3178.899082568808,0.22737602703805107,2.1840219101450966,1.318221548860789,1268.131868131868,-1.0,82.45250576640805,0.31335228162789625,
2023-07-31 13:45:42.164000,-9.301204819277109,-2.6506024096385543,0.39759036144578314,-2.5383200490496627,-9.32495401594114,0.8608215818516247,3.0,0.31457431457431456,3178.899082568808,0.2308723267874831,2.1645591748732587,1.3012062234135537,1277.6556776556777,-1.0,82.45250576640805,0.3133609890654958,
2023-07-31 13:45:42.171000,-9.337349397590362,-2.6144578313253013,0.39759036144578314,-2.560392397302268,-9.29307173513182,0.7602697731453096,3.0,0.31457431457431456,3178.899082568808,0.18868364314433872,1.6409300157333484,1.040964978730843,1288.6446886446886,-1.0,82.45250576640805,0.31336957474504434,
2023-07-31 13:45:42.179000,-9.313253012048193,-2.626506024096386,0.3855421686746988,-2.55793991416309,-9.305334150827713,0.82158185162477,3.0,0.31457431457431456,3178.899082568808,0.16001398519899743,1.6403472991084442,0.9189441174756717,1298.168498168498,-1.0,82.45250576640805,0.31337804301959415,
2023-07-31 13:45:42.187000,-9.337349397590362,-2.6144578313253013,0.3734939759036145,-2.5898221949724096,-9.320049049662783,0.8534641324340895,3.0,0.31457431457431456,3178.899082568808,0.2441582658353245,2.0945166365596406,0.7955247363207271,1304.0293040293038,-1.0,82.45250576640805,0.3133863986512861,
2023-07-31 13:45:42.194000,-9.337349397590362,-2.6144578313253013,0.3734939759036145,-2.530962599632127,-9.378908645003065,0.8019619865113427,3.0,0.31457431457431456,3178.899082568808,0.2780723734048139,1.8831070450439935,0.5950702173533011,1309.1575091575091,-1.0,82.45250576640805,0.31339464680273993,
2023-07-31 13:45:42.202000,-9.397590361445783,-2.6144578313253013,0.3493975903614458,-2.580012262415696,-9.361741263028817,0.7725321888412017,3.0,0.31457431457431456,3178.899082568808,0.60148010022726,1.9202843657129534,0.153021385700134,1310.6227106227104,-1.0,82.45250576640805,0.3134027930269591,
2023-07-31 13:45:42.210000,-9.397590361445783,-2.6144578313253013,0.30120481927710846,-2.530962599632127,-9.374003678724709,0.7872470876762722,3.0,0.31457431457431456,3178.899082568808,0.6025289901520892,1.8531554105238612,0.09521589650952737,1311.3553113553112,-1.0,82.45250576640805,0.3134108432557427,
2023-07-31 13:45:42.217000,-9.421686746987952,-2.5783132530120483,0.3253012048192771,-2.4966278356836296,-9.437768240343347,0.838749233599019,3.0,0.31413031413031406,3183.3922261484104,0.37340481323932206,1.631839636384826,-0.10244158265835333,1311.3553113553112,-1.0,82.45250576640805,0.3134188037865928,
2023-07-31 13:45:42.225000,-9.44578313253012,-2.5783132530120483,0.3373493975903615,-2.4966278356836296,-9.41814837522992,0.8191293684855916,3.0,0.31413031413031406,3183.3922261484104,0.2387972728861956,1.0322242293572628,0.08577588718606118,1307.6923076923076,-1.0,82.45250576640805,0.31342668125757667,
2023-07-31 13:45:42.233000,-9.421686746987952,-2.602409638554217,0.3253012048192771,-2.5088902513795217,-9.440220723482526,0.7431023911710607,3.0,0.31413031413031406,3183.3922261484104,0.07575316123768949,1.6390653225336533,-0.39951051803507936,1304.7619047619046,-1.0,82.45250576640805,0.31343448258898143,
2023-07-31 13:45:42.240000,-9.433734939759036,-2.5903614457831328,0.30120481927710846,-2.5554874310239115,-9.49417535254445,0.6989576946658491,3.0,0.31457431457431456,3178.899082568808,-0.028786201270322147,1.2468970339723784,-0.6510110133442106,1306.9597069597069,-1.0,82.45250576640805,0.31344221481606965,
2023-07-31 13:45:42.248000,-9.433734939759036,-2.5903614457831328,0.3132530120481928,-2.6143470263641935,-9.442673206621704,0.7283874923359902,3.0,0.31457431457431456,3178.899082568808,-0.13181050055358118,0.7521706194277731,-0.2748091603053435,1316.4835164835165,-1.0,82.45250576640805,0.3134498852389609,
2023-07-31 13:45:42.255000,-9.409638554216867,-2.6144578313253013,0.30120481927710846,-2.616799509503372,-9.408338442673205,0.8068669527896996,3.0,0.31413031413031406,3183.3922261484104,-0.17458190082162975,0.27725657012994626,-0.7712837247246662,1338.4615384615383,-1.0,82.45250576640805,0.313457501570912,
2023-07-31 13:45:42.263000,-9.409638554216867,-2.626506024096386,0.3493975903614458,-2.60453709380748,-9.369098712446352,0.6916002452483139,3.0,0.31457431457431456,3178.899082568808,-0.41431152030767376,0.18646931996969937,-0.8513489889866558,1378.021978021978,-1.0,82.45250576640805,0.31346507162752507,
2023-07-31 13:45:42.271000,-9.433734939759036,-2.63855421686747,0.3253012048192771,-2.592274678111588,-9.408338442673205,0.762722256284488,3.0,0.31413031413031406,3183.3922261484104,-0.4407668550783757,-0.44822562787716486,-1.2683410057688949,1437.3626373626373,-1.0,82.45250576640805,0.313472603430117,
2023-07-31 13:45:42.278000,-9.397590361445783,-2.626506024096386,0.3373493975903615,-2.5947271612507663,-9.366646229307173,0.7823421213979154,3.0,0.31457431457431456,3178.899082568808,-0.35906998426665143,-0.4662898432492275,-1.5141308781539538,1515.7509157509157,-1.0,82.45250576640805,0.31348010532883075,
2023-07-31 13:45:42.286000,-9.3855421686747,-2.6506024096385543,0.3253012048192771,-2.6143470263641935,-9.349478847332923,0.7872470876762722,3.0,0.31413031413031406,3183.3922261484104,-0.5359827515879031,-0.8196492045918076,-2.0745877279878795,1608.058608058608,-1.0,82.45250576640805,0.3134875858055466,
2023-07-31 13:45:42.294000,-9.3855421686747,-2.674698795180723,0.3253012048192771,-2.6560392397302266,-9.347026364193745,0.8264868179031268,3.0,0.31413031413031406,3183.3922261484104,-0.6045102266767669,-1.3689178952275503,-2.4610453936250805,1708.4249084249084,-1.0,82.45250576640805,0.31349505332821037,
2023-07-31 13:45:42.301000,-9.373493975903616,-2.6867469879518073,0.3132530120481928,-2.675659104843654,-9.364193746167995,0.8412017167381973,3.0,0.31457431457431456,3178.899082568808,-0.4901812248703459,-2.015966435522404,-2.3728220966144167,1810.2564102564102,-1.0,82.45250576640805,0.3135025163104349,
2023-07-31 13:45:42.309000,-9.349397590361447,-2.710843373493976,0.3734939759036145,-2.6903740036787247,-9.273451870018393,0.8264868179031268,3.0,0.31457431457431456,3178.899082568808,-0.5251442223646645,-2.19870636909271,-2.48074121554688,1909.8901098901097,-1.0,82.45250576640805,0.3135099833679062,
2023-07-31 13:45:42.317000,-9.325301204819278,-2.7228915662650603,0.3373493975903615,-2.6732066217044754,-9.27835683629675,0.8412017167381973,3.0,0.31413031413031406,3183.3922261484104,-0.31466697744886596,-2.231338500087406,-2.7856185536973364,2002.197802197802,-1.0,82.45250576640805,0.3135174633076645,
2023-07-31 13:45:42.324000,-9.337349397590362,-2.698795180722892,0.3734939759036145,-2.6781115879828326,-9.288166768853463,0.8166768853464133,3.0,0.31457431457431456,3178.899082568808,-0.5670998193578455,-2.7984383194452533,-2.6017131868772223,2081.3186813186812,-1.0,82.45250576640805,0.313524964808315,
2023-07-31 13:45:42.332000,-9.325301204819278,-2.710843373493976,0.3855421686746988,-2.702636419374617,-9.288166768853463,0.8534641324340895,3.0,0.31457431457431456,3178.899082568808,-1.0312918827574145,-2.7024066196608603,-2.1730668375968762,2139.9267399267396,-1.0,82.45250576640805,0.31353249651517007,
2023-07-31 13:45:42.340000,-9.337349397590362,-2.710843373493976,0.39759036144578314,-2.675659104843654,-9.297976701410178,0.8436541998773758,3.0,0.31457431457431456,3178.899082568808,-0.6801468445894755,-2.961948604393685,-2.325738593322067,2178.7545787545787,-1.0,82.45250576640805,0.31354006716651367,
2023-07-31 13:45:42.347000,-9.301204819277109,-2.746987951807229,0.3855421686746988,-2.709993868792152,-9.24892703862661,0.8559166155732679,3.0,0.31457431457431456,3178.899082568808,-0.8633529514597045,-2.503933337218112,-2.27993706660451,2199.267399267399,-1.0,82.45250576640805,0.3135476854217196,
2023-07-31 13:45:42.355000,-9.289156626506024,-2.7590361445783134,0.42168674698795183,-2.6830165542611892,-9.27835683629675,0.8583690987124463,3.0,0.31457431457431456,3178.899082568808,-1.2144979896276433,-2.8550783753860514,-2.508944700192296,2200.0,-1.0,82.45250576640805,0.31355535982798943,
2023-07-31 13:45:42.363000,-9.289156626506024,-2.7590361445783134,0.43373493975903615,-2.6732066217044754,-9.275904353157571,0.8902513795217657,3.0,0.31457431457431456,3178.899082568808,-1.0770934094749718,-2.671872268515822,-2.2494027154594716,2180.21978021978,-1.0,82.45250576640805,0.3135630987870976,
2023-07-31 13:45:42.370000,-9.265060240963855,-2.771084337349398,0.42168674698795183,-2.702636419374617,-9.219497240956468,0.9294911097486205,3.0,0.31457431457431456,3178.899082568808,-1.4893071499329869,-2.3054600547753643,-2.1730668375968762,2141.391941391941,-1.0,82.45250576640805,0.3135709105222838,
2023-07-31 13:45:42.378000,-9.228915662650603,-2.746987951807229,0.45783132530120485,-2.609442060085837,-9.246474555487431,0.9147762109135499,3.0,0.31457431457431456,3178.899082568808,-0.9091544781772618,-1.725307383019639,-1.3791737078258839,2087.179487179487,-1.0,82.45250576640805,0.3135788031841821,
2023-07-31 13:45:42.386000,-9.204819277108435,-2.734939759036145,0.45783132530120485,-2.6658491722869404,-9.239117106069894,0.8976088289393009,3.0,0.31457431457431456,3178.899082568808,-1.0312918827574145,-1.389429520424219,-1.1501660742380977,2019.0476190476188,-1.0,82.45250576640805,0.3135867846593014,
2023-07-31 13:45:42.393000,-9.253012048192772,-2.783132530120482,0.43373493975903615,-2.7271612507664007,-9.268546903740036,0.8779889638258737,3.0,0.31457431457431456,3178.899082568808,-1.138162111765048,-0.8398111998135321,-0.661616455917487,1937.7289377289376,-1.0,82.45250576640805,0.3135948624105906,
2023-07-31 13:45:42.401000,-9.301204819277109,-2.771084337349398,0.44578313253012053,-2.65113427345187,-9.280809319435928,0.851011649294911,3.0,0.31457431457431456,3178.899082568808,-1.2602995163452007,-0.45813181050055507,-0.09673095973428085,1852.0146520146518,-1.0,82.45250576640805,0.313603043595426,
2023-07-31 13:45:42.409000,-9.289156626506024,-2.7590361445783134,0.42168674698795183,-2.7271612507664007,-9.221949724095646,0.8804414469650521,3.0,0.31457431457431456,3178.899082568808,-1.0312918827574145,-0.09171959676009707,0.3154827807237344,1764.8351648351647,-1.0,82.45250576640805,0.31361133503515337,
2023-07-31 13:45:42.416000,-9.27710843373494,-2.746987951807229,0.44578313253012053,-2.7075413856529735,-9.26364193746168,0.9589209074187615,3.0,0.31457431457431456,3178.899082568808,-0.9854903560398571,-0.015383718897501656,0.45288736087640613,1679.120879120879,-1.0,82.45250576640805,0.31361974304686957,
2023-07-31 13:45:42.424000,-9.27710843373494,-2.771084337349398,0.42168674698795183,-2.761496014714899,-9.24892703862661,0.8706315144083384,3.0,0.31457431457431456,3178.899082568808,-0.9702231804673381,0.7021735330108952,0.7429636967542688,1599.2673992673992,-1.0,82.45250576640805,0.313628273574208,
2023-07-31 13:45:42.432000,-9.301204819277109,-2.7590361445783134,0.42168674698795183,-2.7541385652973633,-9.27835683629675,0.7970570202329859,3.0,0.31457431457431456,3178.899082568808,-0.8633529514597045,0.9464483421712006,0.605559116601597,1528.2051282051282,-1.0,82.45250576640805,0.31363693228786244,
2023-07-31 13:45:42.439000,-9.313253012048193,-2.783132530120482,0.3734939759036145,-2.7247087676272224,-9.305334150827713,0.8019619865113427,3.0,0.31457431457431456,3178.899082568808,-0.8633529514597045,0.9464483421712006,0.605559116601597,1465.9340659340658,-1.0,82.45250576640805,0.31364572427203563,
2023-07-31 13:45:42.447000,-9.349397590361447,-2.771084337349398,0.3373493975903615,-2.732066217044758,-9.322501532801962,0.8412017167381973,3.0,0.31413031413031406,3183.3922261484104,-0.5427422644368037,0.9311811665986816,1.139910261639765,1413.9194139194137,-1.0,82.45250576640805,0.31365465415956617,
2023-07-31 13:45:42.455000,-9.349397590361447,-2.7228915662650603,0.3373493975903615,-2.702636419374617,-9.273451870018393,0.7896995708154506,3.0,0.31457431457431456,3178.899082568808,-0.45113921100168924,0.7632422353009716,0.7124293456092305,1370.6959706959706,712.371826171875,84.22567793342758,0.31366372608786214,
2023-07-31 13:45:42.462000,-9.361445783132531,-2.7228915662650603,0.3493975903614458,-2.55793991416309,-9.351931330472102,0.8632740649908032,3.0,0.31413031413031406,3183.3922261484104,0.052677582891440485,0.9006468154536433,1.0025056814870932,1333.3333333333333,-1.0,84.22567793342758,0.31367294351781627,
2023-07-31 13:45:42.470000,-9.325301204819278,-2.566265060240964,0.3373493975903615,-2.5481299816063765,-9.369098712446352,0.7406499080318822,3.0,0.31457431457431456,3178.899082568808,0.20534933861663132,0.473165899423109,0.10174232270846724,1303.2967032967033,-1.0,84.22567793342758,0.31368230924519197,
2023-07-31 13:45:42.478000,-9.361445783132531,-2.63855421686747,0.3373493975903615,-2.5971796443899446,-9.35683629675046,0.7798896382587369,3.0,0.31457431457431456,3178.899082568808,0.23588368976166948,-0.03065089447002074,1.4757881242351847,1276.923076923077,-1.0,84.22567793342758,0.3136918255203837,
2023-07-31 13:45:42.485000,-9.361445783132531,-2.674698795180723,0.3493975903614458,-2.609442060085837,-9.383813611281422,0.82158185162477,3.0,0.31413031413031406,3183.3922261484104,-0.9854903560398571,-0.7482081463784177,0.5597575898840398,1255.6776556776556,-1.0,84.22567793342758,0.3137014941913521,
2023-07-31 13:45:42.493000,-9.325301204819278,-2.6144578313253013,0.3493975903614458,-2.5432250153280194,-9.378908645003065,0.7995095033721643,3.0,0.31413031413031406,3183.3922261484104,-0.08472699726123126,-0.5192005127906314,0.3002156051512153,1238.095238095238,-1.0,84.22567793342758,0.31371131640167843,
2023-07-31 13:45:42.501000,-9.325301204819278,-2.5903614457831328,0.3614457831325301,-2.530962599632127,-9.359288779889638,0.7676272225628449,3.0,0.31413031413031406,3183.3922261484104,0.006876056173883237,-0.442864634928036,1.689528582250452,1224.9084249084249,-1.0,84.22567793342758,0.3137212925571364,
2023-07-31 13:45:42.508000,-9.3855421686747,-2.5903614457831328,0.3855421686746988,-2.5088902513795217,-9.383813611281422,0.8461066830165542,3.0,0.31457431457431456,3178.899082568808,-0.6954140201619946,-1.2062234135539902,1.9643377425557953,1216.8498168498168,-1.0,84.22567793342758,0.31373142245361174,
2023-07-31 13:45:42.516000,-9.409638554216867,-2.602409638554217,0.3373493975903615,-2.521152667075414,-9.374003678724709,0.7847946045370937,3.0,0.31457431457431456,3178.899082568808,-0.6496124934444374,-1.343627993706662,1.8116659868306046,1216.117216117216,-1.0,84.22567793342758,0.3137417054178318,
2023-07-31 13:45:42.524000,-9.3855421686747,-2.626506024096386,0.3373493975903615,-2.570202329858982,-9.344573881054567,0.7651747394236664,3.0,0.31413031413031406,3183.3922261484104,-0.9854903560398571,-1.9543150166074252,1.4147194219451085,1219.047619047619,-1.0,84.22567793342758,0.3137521403229829,
2023-07-31 13:45:42.531000,-9.337349397590362,-2.6144578313253013,0.3493975903614458,-2.553034947884733,-9.347026364193745,0.8068669527896996,3.0,0.31413031413031406,3183.3922261484104,-1.4282384476429106,-1.8169104364547535,1.0941087349222076,1226.3736263736264,-1.0,84.22567793342758,0.31376272543718176,
2023-07-31 13:45:42.539000,-9.301204819277109,-2.6144578313253013,0.3855421686746988,-2.521152667075414,-9.280809319435928,0.8338442673206621,3.0,0.31413031413031406,3183.3922261484104,-0.7870170735971092,-1.908513489889868,1.155177437212284,1238.095238095238,-1.0,84.22567793342758,0.31377345824277186,
2023-07-31 13:45:42.547000,-9.325301204819278,-2.6144578313253013,0.3614457831325301,-2.5652973635806253,-9.312691600245248,0.82158185162477,3.0,0.31413031413031406,3183.3922261484104,-0.77174989802459,-1.8169104364547535,1.5368568265252611,1255.6776556776556,-1.0,84.22567793342758,0.3137843354486145,
2023-07-31 13:45:42.554000,-9.361445783132531,-2.5903614457831328,0.3373493975903615,-2.5358675659104843,-9.361741263028817,0.8166768853464133,3.0,0.31413031413031406,3183.3922261484104,-1.1839636384826053,-1.2978264669891046,1.4147194219451085,1279.8534798534797,-1.0,84.22567793342758,0.3137953531426784,
2023-07-31 13:45:42.562000,-9.3855421686747,-2.5903614457831328,0.3493975903614458,-2.5456774984671977,-9.369098712446352,0.8240343347639485,3.0,0.31413031413031406,3183.3922261484104,-0.9396888293222999,-1.3741623448517,1.3231163685099938,1305.4945054945053,-1.0,84.22567793342758,0.3138065067976625,
2023-07-31 13:45:42.570000,-9.373493975903616,-2.602409638554217,0.3734939759036145,-2.575107296137339,-9.320049049662783,0.7847946045370937,3.0,0.31413031413031406,3183.3922261484104,-0.8175514247421473,-1.2672921158440664,0.8498339257619023,1330.4029304029302,-1.0,84.22567793342758,0.3138177912789177,
2023-07-31 13:45:42.577000,-9.373493975903616,-2.6144578313253013,0.3493975903614458,-2.582464745554874,-9.327406499080318,0.762722256284488,3.0,0.31413031413031406,3183.3922261484104,-0.6038109667268801,-0.8703455509585704,0.6818949944641924,1354.5787545787546,-1.0,84.22567793342758,0.3138292008546338,
2023-07-31 13:45:42.585000,-9.361445783132531,-2.6144578313253013,0.3614457831325301,-2.5849172286940525,-9.32495401594114,0.7995095033721643,3.0,0.31413031413031406,3183.3922261484104,-0.9702231804673381,-1.190956237981471,0.7429636967542688,1379.4871794871794,-1.0,84.22567793342758,0.3138407292082499,
2023-07-31 13:45:42.593000,-9.361445783132531,-2.6144578313253013,0.3734939759036145,-2.5971796443899446,-9.361741263028817,0.7798896382587369,3.0,0.31413031413031406,3183.3922261484104,-0.6038109667268801,-1.4046966959967382,0.7124293456092305,1404.3956043956043,-1.0,84.22567793342758,0.3138523694530304,
2023-07-31 13:45:42.600000,-9.349397590361447,-2.6144578313253013,0.3132530120481928,-2.5849172286940525,-9.312691600245248,0.8166768853464133,3.0,0.31413031413031406,3183.3922261484104,-0.9091544781772618,-1.0840860089738376,0.5444904143115207,1427.106227106227,-1.0,84.22567793342758,0.3138641141487483,
2023-07-31 13:45:42.608000,-9.373493975903616,-2.602409638554217,0.3614457831325301,-2.550582464745555,-9.344573881054567,0.7946045370938074,3.0,0.31413031413031406,3183.3922261484104,-0.5122079132917656,-1.175689062408952,0.3002156051512153,1446.153846153846,-1.0,84.22567793342758,0.3138759553203977,
2023-07-31 13:45:42.616000,-9.373493975903616,-2.602409638554217,0.3132530120481928,-2.499080318822808,-9.391171060698957,0.7946045370938074,3.0,0.31413031413031406,3183.3922261484104,-0.5580094400093228,-1.2672921158440664,0.14754384942602447,1459.3406593406592,-1.0,84.22567793342758,0.3138878844788615,
2023-07-31 13:45:42.623000,-9.397590361445783,-2.6144578313253013,0.3373493975903615,-2.5898221949724096,-9.381361128142244,0.8240343347639485,3.0,0.31413031413031406,3183.3922261484104,-0.17633005069634577,-1.4657653982868146,0.14754384942602447,1468.131868131868,-1.0,84.22567793342758,0.31389989250469175,
2023-07-31 13:45:42.631000,-9.397590361445783,-2.6144578313253013,0.3493975903614458,-2.5554874310239115,-9.329858982219497,0.7700797057020232,3.0,0.31413031413031406,3183.3922261484104,-0.37480333313909386,-1.4657653982868146,-0.1577996620243572,1471.062271062271,-1.0,84.22567793342758,0.3139119698315343,
2023-07-31 13:45:42.638000,-9.373493975903616,-2.602409638554217,0.3493975903614458,-2.560392397302268,-9.337216431637032,0.7847946045370937,3.0,0.31413031413031406,3183.3922261484104,-0.4816735621467274,-1.6031699784394864,-0.6310821047724487,1468.131868131868,-1.0,84.22567793342758,0.3139241064609556,
2023-07-31 13:45:42.646000,-9.397590361445783,-2.6144578313253013,0.3373493975903615,-2.5358675659104843,-9.41814837522992,0.8338442673206621,3.0,0.31413031413031406,3183.3922261484104,-0.29846745527649843,-1.4199638715692573,-0.9669599673678686,1457.8754578754579,-1.0,84.22567793342758,0.31393629199998724,
2023-07-31 13:45:42.654000,-9.409638554216867,-2.626506024096386,0.3493975903614458,-2.5726548129981603,-9.430410790925812,0.8044144696505211,3.0,0.31413031413031406,3183.3922261484104,-0.1610628751238267,-1.4657653982868146,-1.1654332498106166,1442.4908424908424,-1.0,84.22567793342758,0.31394851581789013,
2023-07-31 13:45:42.661000,-9.44578313253012,-2.63855421686747,0.3373493975903615,-2.5726548129981603,-9.40098099325567,0.8142244022072348,3.0,0.31413031413031406,3183.3922261484104,-0.31373463084901754,-2.3054600547753643,-1.3791737078258839,1424.9084249084249,-1.0,84.22567793342758,0.31396076692752023,
2023-07-31 13:45:42.669000,-9.433734939759036,-2.626506024096386,0.3734939759036145,-2.5456774984671977,-9.415695892090742,0.8019619865113427,3.0,0.31413031413031406,3183.3922261484104,-0.31373463084901754,-2.992482955538723,-1.5318454635510748,1405.8608058608058,-1.0,84.22567793342758,0.3139730340171743,
2023-07-31 13:45:42.677000,-9.397590361445783,-2.602409638554217,0.4096385542168675,-2.523605150214592,-9.378908645003065,0.8877988963825874,3.0,0.31368631368631367,3187.898089171975,-0.35953615756657475,-3.389429520424219,-1.5623798146961128,1383.150183150183,-1.0,84.22567793342758,0.31398530534473695,
2023-07-31 13:45:42.684000,-9.3855421686747,-2.63855421686747,0.44578313253012053,-2.553034947884733,-9.327406499080318,0.9196811771919068,3.0,0.31368631368631367,3187.898089171975,-0.6190781422993992,-3.404696695996738,-1.8829905017190136,1362.6373626373625,-1.0,84.22567793342758,0.3139975687813224,
2023-07-31 13:45:42.692000,-9.325301204819278,-2.662650602409639,0.43373493975903615,-2.582464745554874,-9.32495401594114,0.851011649294911,3.0,0.31368631368631367,3187.898089171975,-0.7564827224520709,-3.4962997494318526,-2.020395081871685,1342.1245421245421,-1.0,84.22567793342758,0.31400981195159355,
2023-07-31 13:45:42.700000,-9.325301204819278,-2.662650602409639,0.44578313253012053,-2.6069895769466584,-9.253832004904966,0.86817903126916,3.0,0.31413031413031406,3183.3922261484104,-0.5427422644368037,-3.4199638715692573,-1.592914165841151,1323.076923076923,-1.0,84.22567793342758,0.31402202225693604,
2023-07-31 13:45:42.707000,-9.253012048192772,-2.662650602409639,0.46987951807228917,-2.6364193746167994,-9.192519926425506,0.8755364806866952,3.0,0.31413031413031406,3183.3922261484104,-0.35953615756657475,-3.6337043295845244,-1.7455859215663418,1304.0293040293038,-1.0,84.22567793342758,0.3140341870587719,
2023-07-31 13:45:42.715000,-9.265060240963855,-2.6867469879518073,0.4819277108433735,-2.611894543225015,-9.21704475781729,0.9466584917228693,3.0,0.31413031413031406,3183.3922261484104,-0.35953615756657475,-3.6337043295845244,-1.7455859215663418,1281.3186813186812,-1.0,84.22567793342758,0.31404629359586955,
2023-07-31 13:45:42.723000,-9.265060240963855,-2.698795180722892,0.4819277108433735,-2.7075413856529735,-9.280809319435928,0.9343960760269773,3.0,0.31368631368631367,3187.898089171975,-0.46640638657420835,-3.2367577646990284,-1.2723034788182503,1262.2710622710622,-1.0,84.22567793342758,0.31405832890187274,
2023-07-31 13:45:42.730000,-9.265060240963855,-2.698795180722892,0.4819277108433735,-2.6388718577559778,-9.305334150827713,0.9294911097486205,3.0,0.31413031413031406,3183.3922261484104,-0.5274750888642847,-2.5497348639356696,-1.44024241011596,1246.8864468864467,-1.0,84.22567793342758,0.31407027983997926,
2023-07-31 13:45:42.738000,-9.289156626506024,-2.710843373493976,0.4819277108433735,-2.575107296137339,-9.221949724095646,0.9245861434702636,3.0,0.31368631368631367,3187.898089171975,-0.5427422644368037,-1.725307383019639,-1.2417691276732121,1234.4322344322343,-1.0,84.22567793342758,0.3140821332651802,
2023-07-31 13:45:42.746000,-9.265060240963855,-2.698795180722892,0.5180722891566265,-2.6609442060085837,-9.251379521765788,1.0006131207847946,3.0,0.31368631368631367,3187.898089171975,-0.4969407377192465,-1.3130936425616238,-0.9516927917953495,1226.3736263736264,-1.0,84.22567793342758,0.3140938760687335,
2023-07-31 13:45:42.753000,-9.265060240963855,-2.7228915662650603,0.5060240963855422,-2.6315144083384427,-9.251379521765788,0.9711833231146535,3.0,0.31413031413031406,3183.3922261484104,-0.6648796690169564,-0.259658528057807,-0.661616455917487,1221.9780219780218,-1.0,84.22567793342758,0.31410549505205415,
2023-07-31 13:45:42.761000,-9.313253012048193,-2.710843373493976,0.5060240963855422,-2.6732066217044754,-9.297976701410178,0.9245861434702636,3.0,0.31368631368631367,3187.898089171975,-0.26793310413146026,0.4884330749956281,-0.43260882232970066,1219.7802197802198,-1.0,84.22567793342758,0.3141169772473376,
2023-07-31 13:45:42.769000,-9.325301204819278,-2.734939759036145,0.45783132530120485,-2.6486817903126916,-9.315144083384427,0.851011649294911,3.0,0.31368631368631367,3187.898089171975,-0.35953615756657475,0.8090437620185289,-0.020395081871685435,1221.9780219780218,-1.0,84.22567793342758,0.3141283098221555,
2023-07-31 13:45:42.776000,-9.325301204819278,-2.710843373493976,0.46987951807228917,-2.6683016554261187,-9.364193746167995,0.9196811771919068,3.0,0.31368631368631367,3187.898089171975,-0.25266592855894116,1.1449216246139486,0.05594079599090998,1227.8388278388277,-1.0,84.22567793342758,0.3141394799518513,
2023-07-31 13:45:42.784000,-9.373493975903616,-2.698795180722892,0.43373493975903615,-2.641324340895156,-9.344573881054567,0.9123237277743715,3.0,0.31368631368631367,3187.898089171975,-0.26793310413146026,1.358662082629216,0.1322766738535054,1235.8974358974358,-1.0,84.22567793342758,0.3141504749890147,
2023-07-31 13:45:42.792000,-9.373493975903616,-2.698795180722892,0.4096385542168675,-2.675659104843654,-9.290619251992641,0.8730839975475169,3.0,0.31368631368631367,3187.898089171975,-0.3290018064215366,1.236524678049063,0.2238797272886199,1245.4212454212454,-1.0,84.22567793342758,0.31416128249329567,
2023-07-31 13:45:42.799000,-9.361445783132531,-2.698795180722892,0.44578313253012053,-2.6388718577559778,-9.315144083384427,0.8412017167381973,3.0,0.31368631368631367,3187.898089171975,-0.46640638657420835,0.5800361284307426,0.37655148301381075,1254.9450549450548,-1.0,84.22567793342758,0.31417189026021036,
2023-07-31 13:45:42.807000,-9.3855421686747,-2.674698795180723,0.44578313253012053,-2.616799509503372,-9.413243408951564,0.9147762109135499,3.0,0.31368631368631367,3187.898089171975,-0.6190781422993992,-0.39706310821047874,0.5292232387390016,1263.003663003663,-1.0,84.22567793342758,0.3141822863488377,
2023-07-31 13:45:42.815000,-9.361445783132531,-2.6867469879518073,0.45783132530120485,-2.6315144083384427,-9.349478847332923,0.9074187614960146,3.0,0.31368631368631367,3187.898089171975,-0.8480857758871855,-0.6566050929433032,0.6208262921741161,1268.8644688644688,-1.0,84.22567793342758,0.31419245910832516,
2023-07-31 13:45:42.822000,-9.337349397590362,-2.674698795180723,0.44578313253012053,-2.6364193746167994,-9.347026364193745,0.9221336603310851,3.0,0.31368631368631367,3187.898089171975,-0.954956004894819,-0.5192005127906314,0.7276965211817497,1275.4578754578754,-1.0,84.22567793342758,0.3142023972031148,
2023-07-31 13:45:42.830000,-9.349397590361447,-2.674698795180723,0.46987951807228917,-2.616799509503372,-9.374003678724709,0.9098712446351931,3.0,0.3132423132423132,3192.4167257264357,-0.5427422644368037,-0.48866616164559323,0.788765223471826,1277.6556776556777,-1.0,84.22567793342758,0.31421208963682384,
2023-07-31 13:45:42.838000,-9.337349397590362,-2.674698795180723,0.44578313253012053,-2.6560392397302266,-9.361741263028817,0.9221336603310851,3.0,0.3132423132423132,3192.4167257264357,-0.77174989802459,-0.9772157799662039,0.971971330342055,1281.3186813186812,-1.0,84.22567793342758,0.31422152562541716,
2023-07-31 13:45:42.845000,-9.349397590361447,-2.674698795180723,0.46987951807228917,-2.641324340895156,-9.344573881054567,0.9172286940527283,3.0,0.31368631368631367,3187.898089171975,-1.2450323407726815,-1.5879028028669673,1.0025056814870932,1286.4468864468863,-1.0,84.22567793342758,0.3142306945963287,
2023-07-31 13:45:42.853000,-9.313253012048193,-2.63855421686747,0.49397590361445787,-2.5652973635806253,-9.256284488044145,0.9221336603310851,3.0,0.31368631368631367,3187.898089171975,-0.8022842491696281,-1.7558417341646773,1.185711788357322,1292.3076923076922,-1.0,84.22567793342758,0.3142395864942966,
2023-07-31 13:45:42.861000,-9.265060240963855,-2.63855421686747,0.5060240963855422,-2.553034947884733,-9.24892703862661,0.9687308399754752,3.0,0.31368631368631367,3187.898089171975,-1.0465590583299336,-1.2978264669891046,1.506322475380223,1296.7032967032967,-1.0,84.22567793342758,0.3142481918192907,
2023-07-31 13:45:42.868000,-9.253012048192772,-2.5903614457831328,0.5060240963855422,-2.580012262415696,-9.204782342121398,0.9491109748620478,3.0,0.31368631368631367,3187.898089171975,-0.46640638657420835,-0.30546005477536425,1.5368568265252611,1299.6336996336995,-1.0,84.22567793342758,0.3142565015037363,
2023-07-31 13:45:42.876000,-9.265060240963855,-2.5783132530120483,0.45783132530120485,-2.523605150214592,-9.236664622930716,0.9098712446351931,3.0,0.31368631368631367,3187.898089171975,-0.1610628751238267,0.09148651011013192,1.5673911776702993,1301.8315018315018,-1.0,84.22567793342758,0.31426450678815004,
2023-07-31 13:45:42.884000,-9.313253012048193,-2.5783132530120483,0.45783132530120485,-2.499080318822808,-9.315144083384427,0.8730839975475169,3.0,0.31368631368631367,3187.898089171975,-0.4816735621467274,0.7937765864460098,1.3841850708000702,1304.0293040293038,-1.0,84.22567793342758,0.31427219925430655,
2023-07-31 13:45:42.891000,-9.373493975903616,-2.566265060240964,0.4096385542168675,-2.5137952176578784,-9.374003678724709,0.9294911097486205,3.0,0.31368631368631367,3187.898089171975,-0.20686440184138394,1.1296544490414295,1.4147194219451085,1305.4945054945053,-1.0,84.22567793342758,0.31427957098441783,
2023-07-31 13:45:42.899000,-9.421686746987952,-2.566265060240964,0.42168674698795183,-2.5456774984671977,-9.415695892090742,0.8804414469650521,3.0,0.31368631368631367,3187.898089171975,-0.2832002797039794,1.9082804032399028,1.155177437212284,1306.9597069597069,-1.0,84.22567793342758,0.3142866145696234,
2023-07-31 13:45:42.907000,-9.46987951807229,-2.566265060240964,0.43373493975903615,-2.5113427345187,-9.49662783568363,0.8657265481299815,3.0,0.31368631368631367,3187.898089171975,-0.19159722626886486,2.3357613192704374,0.5750247654565588,1306.9597069597069,-1.0,84.22567793342758,0.31429332325585385,
2023-07-31 13:45:42.914000,-9.493975903614459,-2.5542168674698797,0.44578313253012053,-2.523605150214592,-9.55793991416309,0.8264868179031268,3.0,0.31368631368631367,3187.898089171975,0.0374104073189214,2.870112464308605,0.46815453644892524,1306.227106227106,-1.0,84.22567793342758,0.3142996907904526,
2023-07-31 13:45:42.922000,-9.530120481927712,-2.5903614457831328,0.3855421686746988,-2.5187001839362355,-9.486817903126916,0.8313917841814837,3.0,0.3132423132423132,3192.4167257264357,-0.054192646116193094,2.6258376551483,0.6360934677466351,1309.89010989011,-1.0,84.22567793342758,0.31430571129898327,
2023-07-31 13:45:42.930000,-9.530120481927712,-2.5421686746987953,0.3614457831325301,-2.481912936848559,-9.43286327406499,0.7774371551195585,3.0,0.3132423132423132,3192.4167257264357,-0.29846745527649843,1.938814754384941,0.16281102499854358,1328.937728937729,-1.0,84.22567793342758,0.31431137928814984,
2023-07-31 13:45:42.937000,-9.457831325301205,-2.5180722891566267,0.3855421686746988,-2.447578172900061,-9.403433476394849,0.7676272225628449,3.0,0.3132423132423132,3192.4167257264357,-0.6190781422993992,1.2975933803391395,-0.37154012003962433,1362.6373626373625,-1.0,84.22567793342758,0.3143166896255719,
2023-07-31 13:45:42.945000,-9.421686746987952,-2.5421686746987953,0.3614457831325301,-2.491722869405273,-9.393623543838135,0.8240343347639485,3.0,0.3132423132423132,3192.4167257264357,-1.122894936192529,0.7632422353009716,-1.3333721811083266,1414.6520146520145,-1.0,84.22567793342758,0.3143216376772745,
2023-07-31 13:45:42.953000,-9.3855421686747,-2.566265060240964,0.3734939759036145,-2.533415082771306,-9.329858982219497,0.8534641324340895,3.0,0.3132423132423132,3192.4167257264357,-0.77174989802459,0.5342346017131854,-1.592914165841151,1482.051282051282,-1.0,84.22567793342758,0.31432621930506277,
2023-07-31 13:45:42.960000,-9.349397590361447,-2.5783132530120483,0.3373493975903615,-2.530962599632127,-9.302881667688535,0.8706315144083384,3.0,0.3132423132423132,3192.4167257264357,-0.7564827224520709,0.18308956354524644,-1.394440883398403,1564.102564102564,-1.0,84.22567793342758,0.3143304308625889,
2023-07-31 13:45:42.968000,-9.325301204819278,-2.5783132530120483,0.3734939759036145,-2.5064377682403434,-9.266094420600858,0.8559166155732679,3.0,0.3132423132423132,3192.4167257264357,-1.153429287337567,-0.19858982576773065,-1.5013111124060365,1658.6080586080584,-1.0,84.22567793342758,0.3143342693289257,
2023-07-31 13:45:42.976000,-9.301204819277109,-2.5783132530120483,0.3855421686746988,-2.5775597792765175,-9.283261802575106,0.8313917841814837,3.0,0.3132423132423132,3192.4167257264357,-0.9091544781772618,-0.6718722685158223,-2.096730959734281,1763.3699633699632,-1.0,84.22567793342758,0.31433773228183354,
2023-07-31 13:45:42.983000,-9.289156626506024,-2.5903614457831328,0.4096385542168675,-2.528510116492949,-9.21704475781729,0.8608215818516247,3.0,0.3132423132423132,3192.4167257264357,-0.9091544781772618,-0.6566050929433032,-1.6997843948487845,1867.3992673992673,-1.0,84.22567793342758,0.3143408177423089,
2023-07-31 13:45:42.991000,-9.265060240963855,-2.602409638554217,0.4096385542168675,-2.5432250153280194,-9.224402207234824,0.82158185162477,3.0,0.3132423132423132,3192.4167257264357,-0.9091544781772618,-0.6566050929433032,-1.6997843948487845,1967.7655677655675,-1.0,84.22567793342758,0.3143435241672005,
2023-07-31 13:45:42.998000,-9.289156626506024,-2.63855421686747,0.3855421686746988,-2.5971796443899446,-9.199877375843041,0.7847946045370937,3.0,0.3132423132423132,3192.4167257264357,-0.77174989802459,-1.0382844822562802,-1.6997843948487845,2054.945054945055,-1.0,84.22567793342758,0.31434585044067775,
2023-07-31 13:45:43.006000,-9.325301204819278,-2.63855421686747,0.3855421686746988,-2.5898221949724096,-9.349478847332923,0.7995095033721643,3.0,0.31368631368631367,3187.898089171975,-0.8175514247421473,-0.7329409708058986,-1.8219217994289372,2127.4725274725274,-1.0,84.22567793342758,0.3143477958646346,
2023-07-31 13:45:43.014000,-9.397590361445783,-2.662650602409639,0.3855421686746988,-2.5898221949724096,-9.3862660944206,0.8068669527896996,3.0,0.3132423132423132,3192.4167257264357,-0.7870170735971092,-0.6871394440883414,-1.4555095856884792,2183.8827838827838,-1.0,84.22567793342758,0.3143493602974098,
2023-07-31 13:45:43.021000,-9.433734939759036,-2.6506024096385543,0.3614457831325301,-2.611894543225015,-9.44757817290006,0.8142244022072348,3.0,0.3132423132423132,3192.4167257264357,-0.8175514247421473,-0.29019287920284514,-1.6845172192762656,2216.8498168498168,-1.0,84.22567793342758,0.31435054387616373,
2023-07-31 13:45:43.029000,-9.433734939759036,-2.6506024096385543,0.39759036144578314,-2.616799509503372,-9.405885959534027,0.8534641324340895,3.0,0.3132423132423132,3192.4167257264357,-0.6038109667268801,-0.3207272303478833,-1.5776469902686319,2225.6410256410254,-1.0,84.22567793342758,0.3143513468660749,
2023-07-31 13:45:43.037000,-9.421686746987952,-2.662650602409639,0.4096385542168675,-2.609442060085837,-9.322501532801962,0.8779889638258737,3.0,0.3132423132423132,3192.4167257264357,-0.405337684284132,0.18308956354524644,-1.77612027271138,2213.186813186813,-1.0,84.22567793342758,0.3143517699343271,
2023-07-31 13:45:43.044000,-9.397590361445783,-2.674698795180723,0.43373493975903615,-2.6683016554261187,-9.378908645003065,0.8412017167381973,3.0,0.3132423132423132,3192.4167257264357,-0.45113921100168924,0.030417807820055594,-2.0051279062991663,2181.6849816849817,-1.0,84.22567793342758,0.314351814135652,
2023-07-31 13:45:43.052000,-9.397590361445783,-2.6867469879518073,0.4096385542168675,-2.6830165542611892,-9.332311465358675,0.8240343347639485,3.0,0.3132423132423132,3192.4167257264357,0.02214323174640232,0.16782238797272733,-2.020395081871685,2132.6007326007325,-1.0,84.22567793342758,0.31435148089756476,
2023-07-31 13:45:43.060000,-9.361445783132531,-2.6867469879518073,0.42168674698795183,-2.575107296137339,-9.258736971183323,0.8583690987124463,3.0,0.3132423132423132,3192.4167257264357,-0.20686440184138394,0.36629567041547545,-1.4707767612609983,2071.7948717948716,-1.0,84.22567793342758,0.3143507720053881,
2023-07-31 13:45:43.067000,-9.349397590361447,-2.674698795180723,0.42168674698795183,-2.621704475781729,-9.256284488044145,0.9294911097486205,3.0,0.3132423132423132,3192.4167257264357,-0.26793310413146026,-0.03065089447002074,-1.409708058970922,2002.197802197802,-1.0,84.22567793342758,0.31434968958716214,
2023-07-31 13:45:43.075000,-9.325301204819278,-2.698795180722892,0.4096385542168675,-2.6364193746167994,-9.24892703862661,0.8559166155732679,3.0,0.3132423132423132,3192.4167257264357,-0.17633005069634577,0.015150632247536511,-1.3639065322533648,1927.4725274725274,-1.0,84.22567793342758,0.31434823623727687,
2023-07-31 13:45:43.083000,-9.27710843373494,-2.698795180722892,0.42168674698795183,-2.641324340895156,-9.234212139791538,0.927038626609442,3.0,0.3132423132423132,3192.4167257264357,-0.4969407377192465,-0.061185245615058906,-1.6539828681312274,1848.3516483516482,-1.0,84.22567793342758,0.3143464149810374,
2023-07-31 13:45:43.090000,-9.265060240963855,-2.6867469879518073,0.42168674698795183,-2.6830165542611892,-9.21704475781729,0.8951563458001226,3.0,0.3132423132423132,3192.4167257264357,-0.11526134840626943,-0.13752112347765433,-1.5165782879785557,1769.230769230769,-1.0,84.22567793342758,0.31434422897301184,
2023-07-31 13:45:43.098000,-9.253012048192772,-2.710843373493976,0.43373493975903615,-2.6364193746167994,-9.165542611894542,0.8730839975475169,3.0,0.3132423132423132,3192.4167257264357,-0.46640638657420835,-0.3207272303478833,-1.5471126391235939,1691.5750915750914,-1.0,84.22567793342758,0.3143416815038298,
2023-07-31 13:45:43.106000,-9.216867469879519,-2.6867469879518073,0.39759036144578314,-2.629061925199264,-9.177805027590434,0.838749233599019,3.0,0.3132423132423132,3192.4167257264357,-0.19159722626886486,0.3204941436979182,-1.6539828681312274,1621.245421245421,-1.0,84.22567793342758,0.3143387761346927,
2023-07-31 13:45:43.113000,-9.180722891566266,-2.6867469879518073,0.43373493975903615,-2.6609442060085837,-9.190067443286328,0.8559166155732679,3.0,0.3132423132423132,3192.4167257264357,0.006876056173883237,1.4807994872093686,-1.3333721811083266,1556.7765567765566,-1.0,84.22567793342758,0.31433551668296233,
2023-07-31 13:45:43.121000,-9.216867469879519,-2.698795180722892,0.42168674698795183,-2.663396689147762,-9.172900061312077,0.8608215818516247,3.0,0.31279831279831277,3196.94819020582,-0.11526134840626943,2.4273643727055516,-1.3486393566808457,1502.5641025641025,-1.0,84.22567793342758,0.31433190720818593,
2023-07-31 13:45:43.129000,-9.265060240963855,-2.710843373493976,0.3855421686746988,-2.6830165542611892,-9.23175965665236,0.8264868179031268,3.0,0.3132423132423132,3192.4167257264357,0.08321193403647865,3.2365246780490633,-0.8906240895052732,1458.6080586080584,697.052001953125,86.07679173416226,0.3143279518493244,
2023-07-31 13:45:43.136000,-9.301204819277109,-2.6867469879518073,0.3373493975903615,-2.641324340895156,-9.261189454322501,0.7946045370938074,3.0,0.31279831279831277,3196.94819020582,0.38855544548686033,3.5266010139269257,-1.0890973719480213,1424.1758241758241,-1.0,86.07679173416226,0.3143236550779972,
2023-07-31 13:45:43.144000,-9.349397590361447,-2.662650602409639,0.3253012048192771,-2.5971796443899446,-9.361741263028817,0.7676272225628449,3.0,0.31279831279831277,3196.94819020582,0.4190897966318985,3.434997960491811,-0.6921508070625251,1397.069597069597,-1.0,86.07679173416226,0.31431902167542597,
2023-07-31 13:45:43.152000,-9.373493975903616,-2.63855421686747,0.3132530120481928,-2.5898221949724096,-9.317596566523605,0.8044144696505211,3.0,0.31279831279831277,3196.94819020582,0.3732882699143412,2.870112464308605,-0.7226851582075633,1372.8937728937728,-1.0,86.07679173416226,0.3143140564119528,
2023-07-31 13:45:43.159000,-9.397590361445783,-2.6506024096385543,0.3253012048192771,-2.633966891477621,-9.408338442673205,0.7602697731453096,3.0,0.31279831279831277,3196.94819020582,0.17481498747159316,2.503700250568147,-0.9516927917953495,1351.6483516483515,-1.0,86.07679173416226,0.31430876417402925,
2023-07-31 13:45:43.167000,-9.349397590361447,-2.6506024096385543,0.30120481927710846,-2.5775597792765175,-9.332311465358675,0.7774371551195585,3.0,0.31279831279831277,3196.94819020582,0.510692850067013,2.5800361284307427,-1.043295845230464,1329.6703296703297,-1.0,86.07679173416226,0.31430314981404134,
2023-07-31 13:45:43.175000,-9.361445783132531,-2.6506024096385543,0.30120481927710846,-2.587369711833231,-9.369098712446352,0.6817903126916002,3.0,0.31279831279831277,3196.94819020582,0.510692850067013,2.534234601713185,-1.1196317230930595,1310.6227106227104,-1.0,86.07679173416226,0.31429721829838037,
2023-07-31 13:45:43.182000,-9.3855421686747,-2.6506024096385543,0.30120481927710846,-2.570202329858982,-9.35683629675046,0.7308399754751685,3.0,0.31279831279831277,3196.94819020582,0.693898956937242,2.12202086125517,-0.49367752461977704,1293.7728937728937,-1.0,86.07679173416226,0.3142909746856478,
2023-07-31 13:45:43.190000,-9.409638554216867,-2.63855421686747,0.27710843373493976,-2.5162477007970567,-9.427958307786634,0.7921520539546291,3.0,0.31279831279831277,3196.94819020582,0.9839752928151045,1.5113338383544066,-0.27993706660450984,1280.5860805860805,-1.0,86.07679173416226,0.3142844239877055,
2023-07-31 13:45:43.198000,-9.44578313253012,-2.6506024096385543,0.27710843373493976,-2.629061925199264,-9.469650521152667,0.7553648068669527,3.0,0.31279831279831277,3196.94819020582,0.6022959035021275,0.9922498688887579,-0.6005477536274106,1270.3296703296703,-1.0,86.07679173416226,0.3142775713080871,
2023-07-31 13:45:43.205000,-9.493975903614459,-2.6144578313253013,0.26506024096385544,-2.5947271612507663,-9.486817903126916,0.6989576946658491,3.0,0.31279831279831277,3196.94819020582,0.9229065905250282,0.4273643727055518,-0.37154012003962433,1263.003663003663,-1.0,86.07679173416226,0.3142704218317816,
2023-07-31 13:45:43.213000,-9.46987951807229,-2.6506024096385543,0.28915662650602414,-2.599632127529123,-9.454935622317596,0.7406499080318822,3.0,0.31279831279831277,3196.94819020582,1.1824485752578526,-0.30546005477536425,-0.5700134024823724,1260.8058608058607,-1.0,86.07679173416226,0.3142629808157055,
2023-07-31 13:45:43.221000,-9.44578313253012,-2.674698795180723,0.24096385542168675,-2.562844880441447,-9.405885959534027,0.7602697731453096,3.0,0.31279831279831277,3196.94819020582,1.0450439951051809,-0.992482955538723,-2.0356622574442045,1264.4688644688645,-1.0,86.07679173416226,0.3142552535798705,
2023-07-31 13:45:43.228000,-9.397590361445783,-2.602409638554217,0.30120481927710846,-2.5432250153280194,-9.344573881054567,0.6768853464132434,3.0,0.31279831279831277,3196.94819020582,1.8236699493036541,-2.106986772332616,-1.2723034788182503,1273.260073260073,-1.0,86.07679173416226,0.3142472454992548,
2023-07-31 13:45:43.236000,-9.397590361445783,-2.5060240963855422,0.3373493975903615,-2.459840588595953,-9.354383813611282,0.82158185162477,3.0,0.31279831279831277,3196.94819020582,1.0603111706777,-2.7482081463784174,-0.3562729444671053,1286.4468864468863,-1.0,86.07679173416226,0.314238961996379,
2023-07-31 13:45:43.244000,-9.409638554216867,-2.5783132530120483,0.3253012048192771,-2.530962599632127,-9.366646229307173,0.838749233599019,3.0,0.31279831279831277,3196.94819020582,0.17481498747159316,-2.839811199813532,-1.6234485169861892,1304.7619047619046,-1.0,86.07679173416226,0.3142304085345826,
2023-07-31 13:45:43.251000,-9.3855421686747,-2.6506024096385543,0.3493975903614458,-2.616799509503372,-9.322501532801962,0.82158185162477,3.0,0.31279831279831277,3196.94819020582,0.7702348347998375,-2.442864634928036,-2.6005477536274104,1326.7399267399267,-1.0,86.07679173416226,0.3142215906119916,
2023-07-31 13:45:43.259000,-9.337349397590362,-2.602409638554217,0.3373493975903615,-2.5898221949724096,-9.315144083384427,0.7921520539546291,3.0,0.31279831279831277,3196.94819020582,1.3045859798380053,-2.061185245615059,-2.0509294330167234,1351.6483516483515,-1.0,86.07679173416226,0.3142125137561667,
2023-07-31 13:45:43.267000,-9.361445783132531,-2.5783132530120483,0.3855421686746988,-2.582464745554874,-9.32495401594114,0.8191293684855916,3.0,0.3123543123543123,3201.4925373134333,1.3045859798380053,-1.8932463143173488,-1.77612027271138,1373.6263736263736,-1.0,86.07679173416226,0.31420318351941,
2023-07-31 13:45:43.274000,-9.373493975903616,-2.626506024096386,0.3614457831325301,-2.530962599632127,-9.24892703862661,0.8951563458001226,3.0,0.31279831279831277,3196.94819020582,1.3045859798380053,-1.8932463143173488,-1.77612027271138,1393.4065934065934,-1.0,86.07679173416226,0.31419360532542034,
2023-07-31 13:45:43.282000,-9.337349397590362,-2.6506024096385543,0.3734939759036145,-2.553034947884733,-9.376456161863887,0.8117719190680563,3.0,0.3123543123543123,3201.4925373134333,0.46489132334945577,-1.7863760853097153,-2.6158149291999298,1412.4542124542124,-1.0,86.07679173416226,0.31418378459327184,
2023-07-31 13:45:43.290000,-9.337349397590362,-2.662650602409639,0.3493975903614458,-2.641324340895156,-9.26364193746168,0.7921520539546291,3.0,0.3123543123543123,3201.4925373134333,1.1213798729677764,-0.8398111998135321,-2.570013402482372,1428.5714285714284,-1.0,86.07679173416226,0.3141737268829551,
2023-07-31 13:45:43.297000,-9.313253012048193,-2.602409638554217,0.3253012048192771,-2.523605150214592,-9.33966891477621,0.8044144696505211,3.0,0.3123543123543123,3201.4925373134333,0.7702348347998375,-1.4962997494318528,-2.8142882116426775,1441.0256410256409,-1.0,86.07679173416226,0.3141634377118855,
2023-07-31 13:45:43.305000,-9.313253012048193,-2.626506024096386,0.39759036144578314,-2.582464745554874,-9.31023911710607,0.8093194359288779,3.0,0.3123543123543123,3201.4925373134333,1.243517277547929,-1.6031699784394864,-3.0127614940854257,1449.084249084249,-1.0,86.07679173416226,0.3141529224032649,
2023-07-31 13:45:43.313000,-9.337349397590362,-2.626506024096386,0.3734939759036145,-2.5039852851011646,-9.332311465358675,0.8264868179031268,3.0,0.3123543123543123,3201.4925373134333,0.6633646057922038,-1.2062234135539902,-3.1959676009556546,1451.2820512820513,-1.0,86.07679173416226,0.3141421861042221,
2023-07-31 13:45:43.320000,-9.325301204819278,-2.602409638554217,0.4096385542168675,-2.5088902513795217,-9.280809319435928,0.8362967504598405,3.0,0.3123543123543123,3201.4925373134333,0.525960025639532,-0.9772157799662039,-3.1043645475205404,1447.6190476190475,-1.0,86.07679173416226,0.3141312339316507,
2023-07-31 13:45:43.328000,-9.373493975903616,-2.662650602409639,0.39759036144578314,-2.6241569589209073,-9.33966891477621,0.8608215818516247,3.0,0.3123543123543123,3201.4925373134333,0.38855544548686033,-0.8398111998135321,-2.6005477536274104,1437.3626373626373,-1.0,86.07679173416226,0.31412007096900074,
2023-07-31 13:45:43.336000,-9.349397590361447,-2.6867469879518073,0.3855421686746988,-2.6683016554261187,-9.300429184549357,0.8461066830165542,3.0,0.3123543123543123,3201.4925373134333,0.29695239205174584,-0.5192005127906314,-3.043295845230464,1419.7802197802198,-1.0,86.07679173416226,0.3141087022633002,
2023-07-31 13:45:43.343000,-9.337349397590362,-2.7228915662650603,0.3493975903614458,-2.7075413856529735,-9.364193746167995,0.7749846719803801,3.0,0.3123543123543123,3201.4925373134333,0.1290134607540359,-0.03065089447002074,-3.60818134141367,1394.8717948717947,-1.0,86.07679173416226,0.31409713296113095,
2023-07-31 13:45:43.351000,-9.325301204819278,-2.734939759036145,0.3614457831325301,-2.6388718577559778,-9.212139791538933,0.8166768853464133,3.0,0.3123543123543123,3201.4925373134333,-0.054192646116193094,-0.1527882990501734,-3.5623798146961128,1368.4981684981683,-1.0,86.07679173416226,0.3140853682856581,
2023-07-31 13:45:43.359000,-9.301204819277109,-2.771084337349398,0.3373493975903615,-2.675659104843654,-9.273451870018393,0.7676272225628449,3.0,0.3123543123543123,3201.4925373134333,-0.08472699726123126,-0.07645242118757799,-3.592914165841151,1340.6593406593406,-1.0,86.07679173416226,0.3140734133862071,
2023-07-31 13:45:43.366000,-9.325301204819278,-2.771084337349398,0.3493975903614458,-2.74432863274065,-9.302881667688535,0.8142244022072348,3.0,0.3123543123543123,3201.4925373134333,0.17481498747159316,-0.5955363906532268,-3.257036303245731,1315.7509157509157,-1.0,86.07679173416226,0.31406127333708234,
2023-07-31 13:45:43.374000,-9.337349397590362,-2.7590361445783134,0.3373493975903615,-2.6879215205395464,-9.307786633966892,0.7896995708154506,3.0,0.3123543123543123,3201.4925373134333,-0.35953615756657475,-1.0840860089738376,-3.2723034788182503,1295.2380952380952,-1.0,86.07679173416226,0.314048953136311,
2023-07-31 13:45:43.381000,-9.289156626506024,-2.771084337349398,0.3734939759036145,-2.7271612507664007,-9.302881667688535,0.7896995708154506,3.0,0.3123543123543123,3201.4925373134333,-0.5122079132917656,-1.5726356272944482,-3.089097371948021,1277.6556776556777,-1.0,86.07679173416226,0.3140364577043011,
2023-07-31 13:45:43.389000,-9.265060240963855,-2.771084337349398,0.39759036144578314,-2.729613733905579,-9.212139791538933,0.8779889638258737,3.0,0.3123543123543123,3201.4925373134333,-0.37480333313909386,-1.8169104364547535,-2.829555387215197,1261.5384615384614,-1.0,86.07679173416226,0.314023791882405,
2023-07-31 13:45:43.397000,-9.253012048192772,-2.783132530120482,0.3855421686746988,-2.709993868792152,-9.266094420600858,0.7995095033721643,3.0,0.3123543123543123,3201.4925373134333,-0.25266592855894116,-1.358895169279181,-2.2341355398869527,1246.8864468864467,-1.0,86.07679173416226,0.31401096029262826,
2023-07-31 13:45:43.404000,-9.240963855421688,-2.771084337349398,0.3734939759036145,-2.71244635193133,-9.26364193746168,0.8951563458001226,3.0,0.3123543123543123,3201.4925373134333,-0.2832002797039794,-1.8016432608822344,-1.3791737078258839,1237.3626373626373,-1.0,86.07679173416226,0.31399796749511755,
2023-07-31 13:45:43.412000,-9.240963855421688,-2.783132530120482,0.4096385542168675,-2.7467811158798283,-9.256284488044145,0.8730839975475169,3.0,0.3123543123543123,3201.4925373134333,0.0374104073189214,-2.076452421187578,-0.7532195093526014,1231.5018315018315,-1.0,86.07679173416226,0.3139848181140291,
2023-07-31 13:45:43.420000,-9.253012048192772,-2.7951807228915664,0.4096385542168675,-2.71244635193133,-9.20232985898222,0.9123237277743715,3.0,0.3123543123543123,3201.4925373134333,-0.06945982168871218,-2.442864634928036,-0.24940271545947168,1230.7692307692307,-1.0,86.07679173416226,0.3139715165478457,
2023-07-31 13:45:43.427000,-9.289156626506024,-2.771084337349398,0.4096385542168675,-2.734518700183936,-9.27835683629675,0.8927038626609441,3.0,0.3123543123543123,3201.4925373134333,0.23588368976166948,-2.961948604393685,0.3307499562962535,1232.2344322344322,-1.0,86.07679173416226,0.3139580668492821,
2023-07-31 13:45:43.435000,-9.289156626506024,-2.7590361445783134,0.43373493975903615,-2.700183936235438,-9.337216431637032,0.9025137952176578,3.0,0.3119103119103119,3206.0498220640575,0.09847910960899774,-3.0382844822562802,0.605559116601597,1233.6996336996335,-1.0,86.07679173416226,0.3139444728918623,
2023-07-31 13:45:43.443000,-9.301204819277109,-2.746987951807229,0.45783132530120485,-2.6683016554261187,-9.29307173513182,0.9147762109135499,3.0,0.31146631146631143,3210.620099786173,0.23588368976166948,-3.0688188334013184,0.5139560631664825,1233.6996336996335,-1.0,86.07679173416226,0.31393073836566476,
2023-07-31 13:45:43.450000,-9.27710843373494,-2.710843373493976,0.4819277108433735,-2.641324340895156,-9.261189454322501,0.944206008583691,3.0,0.3123543123543123,3201.4925373134333,0.3732882699143412,-2.7176737952333796,0.42235300973136797,1236.6300366300366,-1.0,86.07679173416226,0.3139168667410074,
2023-07-31 13:45:43.458000,-9.289156626506024,-2.734939759036145,0.4819277108433735,-2.705088902513795,-9.234212139791538,0.927038626609442,3.0,0.3119103119103119,3206.0498220640575,-0.054192646116193094,-1.8321776120272726,0.42235300973136797,1241.0256410256409,-1.0,86.07679173416226,0.3139028615195748,
2023-07-31 13:45:43.466000,-9.289156626506024,-2.734939759036145,0.45783132530120485,-2.621704475781729,-9.285714285714285,0.9147762109135499,3.0,0.3119103119103119,3206.0498220640575,-0.008391119398635847,-0.442864634928036,0.5750247654565588,1247.6190476190475,-1.0,86.07679173416226,0.3138887261333369,
2023-07-31 13:45:43.473000,-9.301204819277109,-2.7228915662650603,0.3855421686746988,-2.7075413856529735,-9.266094420600858,0.838749233599019,3.0,0.3119103119103119,3206.0498220640575,-0.008391119398635847,-0.13752112347765433,0.4834217120214443,1254.9450549450548,-1.0,86.07679173416226,0.31387446379102435,
2023-07-31 13:45:43.481000,-9.337349397590362,-2.7228915662650603,0.39759036144578314,-2.6952789699570814,-9.35683629675046,0.8485591661557327,3.0,0.3119103119103119,3206.0498220640575,-0.08472699726123126,0.3815628459879945,0.37655148301381075,1260.8058608058607,-1.0,86.07679173416226,0.31386007761220824,
2023-07-31 13:45:43.489000,-9.361445783132531,-2.710843373493976,0.3734939759036145,-2.692826486817903,-9.369098712446352,0.838749233599019,3.0,0.3119103119103119,3206.0498220640575,-0.25266592855894116,0.8701124643086052,0.05594079599090998,1266.6666666666665,-1.0,86.07679173416226,0.31384557062293167,
2023-07-31 13:45:43.496000,-9.337349397590362,-2.710843373493976,0.3614457831325301,-2.629061925199264,-9.317596566523605,0.8730839975475169,3.0,0.3119103119103119,3206.0498220640575,-0.5427422644368037,1.358662082629216,-0.4173416467571816,1271.062271062271,-1.0,86.07679173416226,0.31383094575166964,
2023-07-31 13:45:43.504000,-9.337349397590362,-2.7228915662650603,0.3614457831325301,-2.629061925199264,-9.32495401594114,0.8412017167381973,3.0,0.3119103119103119,3206.0498220640575,-0.46640638657420835,1.8624788765223457,-0.7074179826350442,1274.7252747252746,-1.0,86.07679173416226,0.31381620582564845,
2023-07-31 13:45:43.512000,-9.337349397590362,-2.710843373493976,0.3373493975903615,-2.663396689147762,-9.283261802575106,0.851011649294911,3.0,0.3119103119103119,3206.0498220640575,-0.7870170735971092,2.0914865101101316,-0.9516927917953495,1276.923076923077,-1.0,86.07679173416226,0.31380135356755434,
2023-07-31 13:45:43.519000,-9.337349397590362,-2.734939759036145,0.3132530120481928,-2.7148988350705086,-9.327406499080318,0.7063151440833844,3.0,0.3119103119103119,3206.0498220640575,-0.3442689819940557,1.6792727696521166,-0.34100576889458617,1279.8534798534797,-1.0,86.07679173416226,0.3137863914539093,
2023-07-31 13:45:43.527000,-9.373493975903616,-2.7228915662650603,0.30120481927710846,-2.6683016554261187,-9.359288779889638,0.7946045370938074,3.0,0.3119103119103119,3206.0498220640575,-0.4206048598566511,1.0685857467513533,-0.4631431734747389,1280.5860805860805,-1.0,86.07679173416226,0.31377132173302286,
2023-07-31 13:45:43.535000,-9.337349397590362,-2.710843373493976,0.3373493975903615,-2.6560392397302266,-9.290619251992641,0.7676272225628449,3.0,0.3119103119103119,3206.0498220640575,-0.35953615756657475,-0.30546005477536425,-0.5852805780548915,1282.7838827838827,-1.0,86.07679173416226,0.3137561467097764,
2023-07-31 13:45:43.542000,-9.337349397590362,-2.674698795180723,0.3253012048192771,-2.709993868792152,-9.280809319435928,0.7872470876762722,3.0,0.3119103119103119,3206.0498220640575,-0.4969407377192465,-0.7787424975234558,-0.3562729444671053,1286.4468864468863,-1.0,86.07679173416226,0.3137408685839348,
2023-07-31 13:45:43.550000,-9.349397590361447,-2.710843373493976,0.3493975903614458,-2.675659104843654,-9.344573881054567,0.8264868179031268,3.0,0.3119103119103119,3206.0498220640575,-0.4969407377192465,-0.7787424975234558,-0.3562729444671053,1290.8424908424909,-1.0,86.07679173416226,0.31372548932068905,
2023-07-31 13:45:43.558000,-9.361445783132531,-2.7228915662650603,0.3493975903614458,-2.6560392397302266,-9.381361128142244,0.7234825260576333,3.0,0.3119103119103119,3206.0498220640575,-0.2832002797039794,-1.6642386807295626,-0.4173416467571816,1295.2380952380952,-1.0,86.07679173416226,0.31371001079865257,
2023-07-31 13:45:43.565000,-9.3855421686747,-2.710843373493976,0.3253012048192771,-2.663396689147762,-9.366646229307173,0.7676272225628449,3.0,0.3119103119103119,3206.0498220640575,-0.45113921100168924,-2.6108035662257456,0.025406444845871817,1298.168498168498,-1.0,86.07679173416226,0.31369443480931664,
2023-07-31 13:45:43.573000,-9.397590361445783,-2.698795180722892,0.3493975903614458,-2.587369711833231,-9.359288779889638,0.7995095033721643,3.0,0.3119103119103119,3206.0498220640575,-0.1305285239787885,-3.3283608181341426,0.3918186585863298,1299.6336996336995,-1.0,86.07679173416226,0.31367876305727826,
2023-07-31 13:45:43.581000,-9.397590361445783,-2.698795180722892,0.3855421686746988,-2.6266094420600856,-9.378908645003065,0.8117719190680563,3.0,0.3119103119103119,3206.0498220640575,-0.06945982168871218,-4.076452421187578,0.5444904143115207,1301.098901098901,-1.0,86.07679173416226,0.3136629971612472,
2023-07-31 13:45:43.588000,-9.3855421686747,-2.6867469879518073,0.42168674698795183,-2.6143470263641935,-9.366646229307173,0.8362967504598405,3.0,0.3119103119103119,3206.0498220640575,-0.17633005069634577,-4.641337917370784,0.788765223471826,1304.0293040293038,-1.0,86.07679173416226,0.3136471386558366,
2023-07-31 13:45:43.596000,-9.361445783132531,-2.674698795180723,0.44578313253012053,-2.641324340895156,-9.366646229307173,0.9049662783568363,3.0,0.31146631146631143,3210.620099786173,-0.46640638657420835,-4.4581318105005545,1.0330400326321314,1309.89010989011,-1.0,86.07679173416226,0.31363118899414194,
2023-07-31 13:45:43.604000,-9.349397590361447,-2.662650602409639,0.46987951807228917,-2.6241569589209073,-9.307786633966892,0.9147762109135499,3.0,0.31146631146631143,3210.620099786173,-0.31373463084901754,-4.916147077676127,1.307849192937475,1321.6117216117216,-1.0,86.07679173416226,0.3136151495405538,
2023-07-31 13:45:43.611000,-9.349397590361447,-2.674698795180723,0.44578313253012053,-2.6241569589209073,-9.32495401594114,0.9343960760269773,3.0,0.31146631146631143,3210.620099786173,-0.4358720354291702,-4.259658528057807,1.2009789639298412,1342.1245421245421,-1.0,86.07679173416226,0.3135990213938844,
2023-07-31 13:45:43.619000,-9.361445783132531,-2.6867469879518073,0.4819277108433735,-2.6315144083384427,-9.270999386879215,0.9196811771919068,3.0,0.31146631146631143,3210.620099786173,-0.77174989802459,-3.6642386807295626,1.185711788357322,1374.3589743589744,-1.0,86.07679173416226,0.3135828054017069,
2023-07-31 13:45:43.627000,-9.325301204819278,-2.6867469879518073,0.49397590361445787,-2.562844880441447,-9.312691600245248,0.9245861434702636,3.0,0.3119103119103119,3206.0498220640575,-0.17633005069634577,-3.1451547112639138,0.8192995746168642,1421.9780219780218,-1.0,86.07679173416226,0.31356650231320893,
2023-07-31 13:45:43.634000,-9.325301204819278,-2.6144578313253013,0.5180722891566265,-2.5456774984671977,-9.359288779889638,0.9711833231146535,3.0,0.31146631146631143,3210.620099786173,0.0374104073189214,-2.809276848668494,0.8498339257619023,1486.4468864468863,-1.0,86.07679173416226,0.3135501129325922,
2023-07-31 13:45:43.642000,-9.301204819277109,-2.602409638554217,0.5180722891566265,-2.4843654199877374,-9.32495401594114,1.020232985898222,3.0,0.31146631146631143,3210.620099786173,-0.19159722626886486,-2.2138570013402497,1.155177437212284,1565.5677655677655,-1.0,86.07679173416226,0.3135336379962881,
2023-07-31 13:45:43.650000,-9.265060240963855,-2.626506024096386,0.5542168674698795,-2.570202329858982,-9.270999386879215,1.0226854690374003,3.0,0.3119103119103119,3206.0498220640575,-0.37480333313909386,-1.71004020744712,0.7429636967542688,1656.4102564102564,-1.0,86.07679173416226,0.3135170780191666,
2023-07-31 13:45:43.657000,-9.228915662650603,-2.6506024096385543,0.5180722891566265,-2.580012262415696,-9.224402207234824,0.9711833231146535,3.0,0.3119103119103119,3206.0498220640575,-0.46640638657420835,-0.6108035662257459,0.37655148301381075,1757.5091575091574,-1.0,86.07679173416226,0.31350043358840657,
2023-07-31 13:45:43.665000,-9.240963855421688,-2.63855421686747,0.4819277108433735,-2.6315144083384427,-9.190067443286328,0.8877988963825874,3.0,0.31146631146631143,3210.620099786173,-0.26793310413146026,0.19835673911776552,0.37655148301381075,1856.4102564102564,-1.0,86.07679173416226,0.31348370539166454,
2023-07-31 13:45:43.673000,-9.240963855421688,-2.626506024096386,0.44578313253012053,-2.5358675659104843,-9.219497240956468,0.9147762109135499,3.0,0.31146631146631143,3210.620099786173,-0.20686440184138394,0.7327078841559335,0.6971621700367114,1951.6483516483515,-1.0,86.07679173416226,0.31346689393745525,
2023-07-31 13:45:43.680000,-9.27710843373494,-2.63855421686747,0.45783132530120485,-2.5456774984671977,-9.251379521765788,0.8927038626609441,3.0,0.31146631146631143,3210.620099786173,-0.054192646116193094,1.2670590291941013,0.2238797272886199,2036.6300366300366,-1.0,86.07679173416226,0.3134499995422965,
2023-07-31 13:45:43.688000,-9.301204819277109,-2.6506024096385543,0.43373493975903615,-2.5456774984671977,-9.26364193746168,0.8976088289393009,3.0,0.31146631146631143,3210.620099786173,-0.2832002797039794,2.320494143697918,0.20861255171610082,2107.6923076923076,-1.0,86.07679173416226,0.31343302247735727,
2023-07-31 13:45:43.696000,-9.301204819277109,-2.698795180722892,0.39759036144578314,-2.621704475781729,-9.334763948497853,0.8093194359288779,3.0,0.31146631146631143,3210.620099786173,-0.7412155468795518,2.79377658644601,-0.44787599790221977,2159.7069597069594,-1.0,86.07679173416226,0.31341596297669333,
2023-07-31 13:45:43.703000,-9.325301204819278,-2.6867469879518073,0.3855421686746988,-2.611894543225015,-9.253832004904966,0.8191293684855916,3.0,0.31146631146631143,3210.620099786173,-0.5885437911543611,3.2823262047666204,-0.47841034904725793,2191.208791208791,-1.0,86.07679173416226,0.3133988212457846,
2023-07-31 13:45:43.711000,-9.313253012048193,-2.710843373493976,0.3734939759036145,-2.6854690374003676,-9.300429184549357,0.82158185162477,3.0,0.31146631146631143,3210.620099786173,-1.0923605850474907,4.030417807820055,-0.844822562787716,2200.0,-1.0,86.07679173416226,0.31338159747033784,
2023-07-31 13:45:43.719000,-9.301204819277109,-2.7228915662650603,0.3614457831325301,-2.658491722869405,-9.27835683629675,0.8191293684855916,3.0,0.31146631146631143,3210.620099786173,-0.8786201270322236,4.320494143697918,-0.7532195093526014,2186.813186813187,-1.0,86.07679173416226,0.31336429182531667,
2023-07-31 13:45:43.726000,-9.325301204819278,-2.7228915662650603,0.3373493975903615,-2.7148988350705086,-9.268546903740036,0.7136725935009196,3.0,0.3119103119103119,3206.0498220640575,-1.138162111765048,4.137288036827689,-1.058563020802983,2156.043956043956,-1.0,86.07679173416226,0.3133469044841583,
2023-07-31 13:45:43.734000,-9.337349397590362,-2.7228915662650603,0.3132530120481928,-2.692826486817903,-9.290619251992641,0.7749846719803801,3.0,0.31146631146631143,3210.620099786173,-1.306101043062758,3.725074296369674,-0.875356913932754,2106.227106227106,-1.0,86.07679173416226,0.3133294357774356,
2023-07-31 13:45:43.742000,-9.337349397590362,-2.746987951807229,0.3253012048192771,-2.71244635193133,-9.246474555487431,0.7872470876762722,3.0,0.31146631146631143,3210.620099786173,-1.2908338674902389,3.404463609346773,-0.9974943185129068,2041.0256410256409,-1.0,86.07679173416226,0.313311886074913,
2023-07-31 13:45:43.749000,-9.325301204819278,-2.746987951807229,0.27710843373493976,-2.732066217044758,-9.244022072348253,0.7087676272225628,3.0,0.311022311022311,3215.2034261241974,-1.5351086766505442,3.2365246780490633,-0.7226851582075633,1964.102564102564,-1.0,86.07679173416226,0.3132942556361536,
2023-07-31 13:45:43.757000,-9.325301204819278,-2.734939759036145,0.27710843373493976,-2.7369711833231145,-9.307786633966892,0.7553648068669527,3.0,0.31146631146631143,3210.620099786173,-1.504574325505506,2.885379639881124,-0.6921508070625251,1881.3186813186812,-1.0,86.07679173416226,0.31327654474847877,
2023-07-31 13:45:43.764000,-9.349397590361447,-2.771084337349398,0.24096385542168675,-2.763948497854077,-9.31023911710607,0.645003065603924,3.0,0.31146631146631143,3210.620099786173,-2.252665928558941,2.366295670415475,-0.661616455917487,1796.3369963369962,-1.0,86.07679173416226,0.313258753843741,
2023-07-31 13:45:43.772000,-9.349397590361447,-2.783132530120482,0.22891566265060243,-2.675659104843654,-9.354383813611282,0.6646229307173512,3.0,0.31146631146631143,3210.620099786173,-2.3137346308490176,1.8014101742322692,-0.6921508070625251,1710.6227106227104,-1.0,86.07679173416226,0.31324088351893703,
2023-07-31 13:45:43.780000,-9.361445783132531,-2.746987951807229,0.22891566265060243,-2.6977314530962597,-9.374003678724709,0.7136725935009196,3.0,0.31146631146631143,3210.620099786173,-2.3442689819940554,1.4197307849192922,-0.7837538604976396,1632.2344322344322,-1.0,86.07679173416226,0.3132229342691886,
2023-07-31 13:45:43.787000,-9.361445783132531,-2.783132530120482,0.26506024096385544,-2.6658491722869404,-9.320049049662783,0.7651747394236664,3.0,0.31146631146631143,3210.620099786173,-2.558009440009323,0.8548452887360861,-0.4173416467571816,1563.3699633699632,-1.0,86.07679173416226,0.31320490651826693,
2023-07-31 13:45:43.795000,-9.397590361445783,-2.7590361445783134,0.24096385542168675,-2.6903740036787247,-9.288166768853463,0.7087676272225628,3.0,0.31146631146631143,3210.620099786173,-2.3748033331390936,0.5953033040032617,-0.37154012003962433,1503.2967032967033,-1.0,86.07679173416226,0.3131868009151039,
2023-07-31 13:45:43.803000,-9.409638554216867,-2.746987951807229,0.21686746987951808,-2.680564071122011,-9.342121397915388,0.6523605150214592,3.0,0.31146631146631143,3210.620099786173,-2.7106811957345136,-0.442864634928036,-0.24940271545947168,1451.2820512820513,-1.0,86.07679173416226,0.3131686181829233,
2023-07-31 13:45:43.810000,-9.421686746987952,-2.746987951807229,0.22891566265060243,-2.692826486817903,-9.430410790925812,0.6842427958307786,3.0,0.31146631146631143,3210.620099786173,-2.8480857758871854,-1.2978264669891046,-0.27993706660450984,1408.058608058608,674.072265625,89.0112278160087,0.3131503591383997,
2023-07-31 13:45:43.818000,-9.409638554216867,-2.734939759036145,0.21686746987951808,-2.6854690374003676,-9.41814837522992,0.6744328632740649,3.0,0.31146631146631143,3210.620099786173,-2.6343453178719183,-2.3512615814929214,-0.4020744711846625,1372.161172161172,-1.0,89.0112278160087,0.3131320246893785,
2023-07-31 13:45:43.826000,-9.421686746987952,-2.746987951807229,0.24096385542168675,-2.6732066217044754,-9.393623543838135,0.7431023911710607,3.0,0.31146631146631143,3210.620099786173,-2.6343453178719183,-2.3512615814929214,-0.4020744711846625,1341.3919413919414,-1.0,89.0112278160087,0.31311361585327313,
2023-07-31 13:45:43.833000,-9.433734939759036,-2.734939759036145,0.27710843373493976,-2.751686082158185,-9.396076026977314,0.7774371551195585,3.0,0.31146631146631143,3210.620099786173,-3.0618262339024525,-2.580269215080708,-0.8600897383602351,1318.6813186813185,-1.0,89.0112278160087,0.3130951338927234,
2023-07-31 13:45:43.841000,-9.457831325301205,-2.734939759036145,0.28915662650602414,-2.6241569589209073,-9.376456161863887,0.7553648068669527,3.0,0.31146631146631143,3210.620099786173,-3.519841501078025,-2.9314142532486467,-1.2723034788182503,1301.8315018315018,-1.0,89.0112278160087,0.3130765800352526,
2023-07-31 13:45:43.849000,-9.433734939759036,-2.746987951807229,0.3132530120481928,-2.729613733905579,-9.472103004291846,0.7357449417535254,3.0,0.31146631146631143,3210.620099786173,-3.290833867490239,-2.961948604393685,-1.211234776528174,1288.6446886446886,-1.0,89.0112278160087,0.3130579555007913,
2023-07-31 13:45:43.856000,-9.421686746987952,-2.7590361445783134,0.3253012048192771,-2.692826486817903,-9.369098712446352,0.8264868179031268,3.0,0.311022311022311,3215.2034261241974,-3.93205524153604,-3.6642386807295626,-1.1959676009556548,1276.923076923077,-1.0,89.0112278160087,0.31303926179498154,
2023-07-31 13:45:43.864000,-9.397590361445783,-2.746987951807229,0.3253012048192771,-2.6781115879828326,-9.378908645003065,0.7259350091968118,3.0,0.311022311022311,3215.2034261241974,-4.588543791154361,-4.519200512790631,-1.5623798146961128,1269.5970695970695,-1.0,89.0112278160087,0.3130205004056245,
2023-07-31 13:45:43.872000,-9.3855421686747,-2.771084337349398,0.3493975903614458,-2.692826486817903,-9.295524218270998,0.82158185162477,3.0,0.311022311022311,3215.2034261241974,-4.542742264436804,-5.007750131111242,-2.0661966085892427,1267.3992673992673,-1.0,89.0112278160087,0.3130016726576542,
2023-07-31 13:45:43.879000,-9.373493975903616,-2.7590361445783134,0.42168674698795183,-2.7271612507664007,-9.31023911710607,0.8657265481299815,3.0,0.311022311022311,3215.2034261241974,-5.153429287337567,-5.4504982227142955,-2.4173416467571816,1271.062271062271,-1.0,89.0112278160087,0.31298278000334495,
2023-07-31 13:45:43.887000,-9.313253012048193,-2.7590361445783134,0.43373493975903615,-2.71244635193133,-9.29307173513182,0.8608215818516247,3.0,0.31146631146631143,3210.620099786173,-5.565643027795582,-5.6795058563020815,-2.6310821047724486,1279.8534798534797,-1.0,89.0112278160087,0.31296382402386785,
2023-07-31 13:45:43.895000,-9.27710843373494,-2.7951807228915664,0.45783132530120485,-2.741876149601471,-9.229307173513181,0.9196811771919068,3.0,0.311022311022311,3215.2034261241974,-6.283200279703979,-5.313093642561624,-2.692150807062525,1293.040293040293,-1.0,89.0112278160087,0.31294480657953794,
2023-07-31 13:45:43.902000,-9.216867469879519,-2.8313253012048194,0.4819277108433735,-2.7492335990190067,-9.20232985898222,0.9687308399754752,3.0,0.311022311022311,3215.2034261241974,-6.7870170735971085,-5.297826466989105,-2.7990210360701586,1309.1575091575091,-1.0,89.0112278160087,0.3129257296827544,
2023-07-31 13:45:43.910000,-9.19277108433735,-2.8313253012048194,0.5060240963855422,-2.822808093194359,-9.185162477007971,0.9638258736971183,3.0,0.3105783105783106,3219.7998570407435,-7.061826233902452,-5.129887535691394,-2.524211875764815,1329.6703296703297,-1.0,89.0112278160087,0.31290659533883736,
2023-07-31 13:45:43.918000,-9.132530120481928,-2.843373493975904,0.5301204819277109,-2.8497854077253217,-9.190067443286328,0.9687308399754752,3.0,0.311022311022311,3215.2034261241974,-7.550375852223063,-5.633704329584524,-1.6997843948487845,1353.8461538461538,-1.0,89.0112278160087,0.312887405534871,
2023-07-31 13:45:43.925000,-9.096385542168676,-2.8313253012048194,0.5903614457831325,-2.761496014714899,-9.111587982832617,0.9932556713672593,3.0,0.311022311022311,3215.2034261241974,-7.641978905658178,-5.129887535691394,-1.3181050055358075,1378.021978021978,-1.0,89.0112278160087,0.31286816236595105,
2023-07-31 13:45:43.933000,-9.036144578313253,-2.879518072289157,0.5662650602409639,-2.8522378908645,-8.976701410177805,1.0349478847332925,3.0,0.311022311022311,3215.2034261241974,-8.176330050696345,-4.6718722685158225,0.025406444845871817,1401.4652014652013,-1.0,89.0112278160087,0.3128488681924059,
2023-07-31 13:45:43.941000,-9.012048192771084,-2.9036144578313254,0.5542168674698795,-2.8473329245861434,-8.996321275291232,0.9957081545064377,3.0,0.311022311022311,3215.2034261241974,-8.298467455276498,-4.21385700134025,1.0330400326321314,1421.9780219780218,-1.0,89.0112278160087,0.31282952549862675,
2023-07-31 13:45:43.948000,-9.0,-2.9036144578313254,0.5542168674698795,-2.844880441446965,-8.98405885959534,0.9957081545064377,3.0,0.311022311022311,3215.2034261241974,-8.374803333139093,-3.389429520424219,2.086475147135948,1438.8278388278388,-1.0,89.0112278160087,0.31281013689015547,
2023-07-31 13:45:43.956000,-9.0,-2.8674698795180724,0.5542168674698795,-2.729613733905579,-9.018393623543838,1.0374003678724708,3.0,0.311022311022311,3215.2034261241974,-8.237398752986422,-2.580269215080708,3.491055299807704,1451.2820512820513,-1.0,89.0112278160087,0.3127907050903136,
2023-07-31 13:45:43.964000,-9.072289156626507,-2.819277108433735,0.49397590361445787,-2.771305947271612,-9.089515634580012,0.956468424279583,3.0,0.311022311022311,3215.2034261241974,-8.023658294971154,-1.175689062408952,4.605559116601597,1462.2710622710622,-1.0,89.0112278160087,0.31277123293640013,
2023-07-31 13:45:43.971000,-9.156626506024097,-2.783132530120482,0.49397590361445787,-2.6486817903126916,-9.163090128755364,0.9417535254445125,3.0,0.311022311022311,3215.2034261241974,-8.26793310413146,0.41209719713303267,4.89563545247946,1471.062271062271,-1.0,89.0112278160087,0.3127517233754905,
2023-07-31 13:45:43.979000,-9.253012048192772,-2.771084337349398,0.42168674698795183,-2.722256284488044,-9.258736971183323,0.8485591661557327,3.0,0.311022311022311,3215.2034261241974,-8.634345317871919,1.1601888001864678,5.536856826525261,1475.4578754578754,-1.0,89.0112278160087,0.3127321794598763,
2023-07-31 13:45:43.987000,-9.337349397590362,-2.771084337349398,0.4096385542168675,-2.732066217044758,-9.366646229307173,0.8853464132434089,3.0,0.311022311022311,3215.2034261241974,-8.496940737719246,2.106753685682651,5.643727055532895,1476.1904761904761,-1.0,89.0112278160087,0.31271260448092264,
2023-07-31 13:45:43.994000,-9.409638554216867,-2.7228915662650603,0.3734939759036145,-2.658491722869405,-9.423053341508277,0.8142244022072348,3.0,0.311022311022311,3215.2034261241974,-8.680146844589474,2.1983567391177656,5.658994231105414,1473.9926739926739,-1.0,89.0112278160087,0.3126930018047596,
2023-07-31 13:45:44.002000,-9.46987951807229,-2.6867469879518073,0.3253012048192771,-2.621704475781729,-9.452483139178417,0.7823421213979154,3.0,0.311022311022311,3215.2034261241974,-8.725948371307032,1.8777460520948648,5.307849192937475,1465.9340659340658,-1.0,89.0112278160087,0.31267337487798574,
2023-07-31 13:45:44.010000,-9.481927710843374,-2.63855421686747,0.30120481927710846,-2.6462293071735132,-9.513795217657878,0.6817903126916002,3.0,0.311022311022311,3215.2034261241974,-8.92442165374978,1.4349979604918113,5.2467804906473985,1453.4798534798533,-1.0,89.0112278160087,0.3126537272119911,
2023-07-31 13:45:44.017000,-9.530120481927712,-2.626506024096386,0.24096385542168675,-2.5481299816063765,-9.530962599632128,0.6842427958307786,3.0,0.311022311022311,3215.2034261241974,-9.489307149932987,0.106753685682651,4.6818949944641925,1438.8278388278388,-1.0,89.0112278160087,0.3126340622493268,
2023-07-31 13:45:44.025000,-9.55421686746988,-2.6144578313253013,0.21686746987951808,-2.575107296137339,-9.46229307173513,0.7210300429184548,3.0,0.311022311022311,3215.2034261241974,-9.290833867490239,-1.0382844822562802,4.2544140784336575,1422.7106227106226,-1.0,89.0112278160087,0.3126143836454043,
2023-07-31 13:45:44.033000,-9.590361445783133,-2.602409638554217,0.24096385542168675,-2.5064377682403434,-9.592274678111588,0.7185775597792765,3.0,0.311022311022311,3215.2034261241974,-9.657246081230696,-2.2138570013402497,3.185711788357322,1404.3956043956043,-1.0,89.0112278160087,0.3125946952416803,
2023-07-31 13:45:44.040000,-9.566265060240964,-2.5783132530120483,0.22891566265060243,-2.5039852851011646,-9.599632127529123,0.6302881667688535,3.0,0.311022311022311,3215.2034261241974,-9.733581959093293,-3.6337043295845244,2.788765223471826,1384.6153846153845,-1.0,89.0112278160087,0.3125750009111839,
2023-07-31 13:45:44.048000,-9.566265060240964,-2.566265060240964,0.22891566265060243,-2.5162477007970567,-9.501532801961986,0.6965052115266707,3.0,0.311022311022311,3215.2034261241974,-10.42060485985665,-4.931414253248646,1.8422003379756426,1362.6373626373625,-1.0,89.0112278160087,0.31255530441438556,
2023-07-31 13:45:44.056000,-9.566265060240964,-2.566265060240964,0.24096385542168675,-2.550582464745555,-9.49662783568363,0.6523605150214592,3.0,0.3105783105783106,3219.7998570407435,-10.60381096672688,-6.091719596760097,0.7734980478993069,1339.194139194139,-1.0,89.0112278160087,0.3125356094140399,
2023-07-31 13:45:44.063000,-9.518072289156628,-2.5783132530120483,0.24096385542168675,-2.540772532188841,-9.47946045370938,0.7063151440833844,3.0,0.3105783105783106,3219.7998570407435,-10.893887302604742,-6.70240661966086,-0.21886836431443352,1317.216117216117,-1.0,89.0112278160087,0.31251591960697883,
2023-07-31 13:45:44.071000,-9.481927710843374,-2.602409638554217,0.28915662650602414,-2.5775597792765175,-9.398528510116492,0.7480073574494175,3.0,0.3105783105783106,3219.7998570407435,-11.672513256803215,-6.992482955538723,-1.3639065322533648,1294.5054945054944,-1.0,89.0112278160087,0.3124962386750275,
2023-07-31 13:45:44.079000,-9.433734939759036,-2.602409638554217,0.3373493975903615,-2.523605150214592,-9.410790925812385,0.8019619865113427,3.0,0.3105783105783106,3219.7998570407435,-11.947322417108559,-7.725307383019639,-2.2341355398869527,1276.1904761904761,-1.0,89.0112278160087,0.31247657026741527,
2023-07-31 13:45:44.086000,-9.397590361445783,-2.626506024096386,0.3253012048192771,-2.5039852851011646,-9.290619251992641,0.7823421213979154,3.0,0.3105783105783106,3219.7998570407435,-12.649612493444437,-7.3741623448517,-2.6005477536274104,1259.3406593406592,-1.0,89.0112278160087,0.3124569179935603,
2023-07-31 13:45:44.094000,-9.361445783132531,-2.662650602409639,0.3493975903614458,-2.675659104843654,-9.312691600245248,0.8044144696505211,3.0,0.3105783105783106,3219.7998570407435,-12.9396888293223,-7.3741623448517,-3.2875706543907692,1245.4212454212454,-1.0,89.0112278160087,0.31243728541573096,
2023-07-31 13:45:44.102000,-9.313253012048193,-2.698795180722892,0.3614457831325301,-2.6732066217044754,-9.214592274678111,0.8289393010423053,3.0,0.3105783105783106,3219.7998570407435,-12.9396888293223,-7.3741623448517,-3.2875706543907692,1235.164835164835,-1.0,89.0112278160087,0.31241767604163884,
2023-07-31 13:45:44.109000,-9.253012048192772,-2.7228915662650603,0.3373493975903615,-2.709993868792152,-9.251379521765788,0.838749233599019,3.0,0.3105783105783106,3219.7998570407435,-13.474039974360467,-7.328360818134143,-3.4860439368335174,1230.03663003663,-1.0,89.0112278160087,0.31239809331700796,
2023-07-31 13:45:44.117000,-9.240963855421688,-2.7228915662650603,0.42168674698795183,-2.7271612507664007,-9.21704475781729,0.9074187614960146,3.0,0.3105783105783106,3219.7998570407435,-13.886253714818483,-7.4504982227142955,-3.77612027271138,1227.106227106227,-1.0,89.0112278160087,0.31237854061817905,
2023-07-31 13:45:44.125000,-9.180722891566266,-2.7590361445783134,0.45783132530120485,-2.680564071122011,-9.214592274678111,0.9098712446351931,3.0,0.3105783105783106,3219.7998570407435,-14.08472699726123,-7.175689062408952,-3.547112639123594,1225.6410256410256,-1.0,89.0112278160087,0.31235902124479914,
2023-07-31 13:45:44.132000,-9.168674698795181,-2.783132530120482,0.4819277108433735,-2.7492335990190067,-9.104230533415082,0.9981606376456161,3.0,0.3105783105783106,3219.7998570407435,-14.374803333139093,-6.916147077676127,-3.1348988986655786,1227.8388278388277,-1.0,89.0112278160087,0.3123395384126494,
2023-07-31 13:45:44.140000,-9.120481927710843,-2.807228915662651,0.5180722891566265,-2.832618025751073,-9.096873083997547,0.9196811771919068,3.0,0.3105783105783106,3219.7998570407435,-14.634345317871917,-6.36652875706544,-2.860089738360235,1232.967032967033,-1.0,89.0112278160087,0.3123200952466678,
2023-07-31 13:45:44.147000,-9.084337349397591,-2.843373493975904,0.46987951807228917,-2.8424279583077863,-9.111587982832617,0.9172286940527283,3.0,0.3105783105783106,3219.7998570407435,-15.077093409474971,-5.740574558592158,-2.142532486451838,1241.0256410256409,-1.0,89.0112278160087,0.31230069477421696,
2023-07-31 13:45:44.155000,-9.072289156626507,-2.8674698795180724,0.4819277108433735,-2.8203556100551808,-9.111587982832617,0.9196811771919068,3.0,0.3105783105783106,3219.7998570407435,-15.061826233902453,-5.160421886836433,-1.4860439368335174,1252.014652014652,-1.0,89.0112278160087,0.31228133991865065,
2023-07-31 13:45:44.163000,-9.084337349397591,-2.879518072289157,0.45783132530120485,-2.781115879828326,-9.087063151440834,1.0104230533415082,3.0,0.3105783105783106,3219.7998570407435,-15.657246081230694,-4.381795932637959,-0.34100576889458617,1263.003663003663,-1.0,89.0112278160087,0.31226203349322973,
2023-07-31 13:45:44.170000,-9.10843373493976,-2.843373493975904,0.5060240963855422,-2.729613733905579,-9.10668301655426,0.9711833231146535,3.0,0.3105783105783106,3219.7998570407435,-15.42823844764291,-3.0993531845463567,0.6666278188916733,1274.7252747252746,-1.0,89.0112278160087,0.31224277819543894,
2023-07-31 13:45:44.178000,-9.144578313253012,-2.819277108433735,0.46987951807228917,-2.771305947271612,-9.158185162477007,0.9540159411404046,3.0,0.3105783105783106,3219.7998570407435,-15.504574325505505,-1.1604218868364329,0.9872385059145741,1284.9816849816848,-1.0,89.0112278160087,0.3122235766017509,
2023-07-31 13:45:44.186000,-9.19277108433735,-2.7951807228915664,0.43373493975903615,-2.7590435315757205,-9.209687308399754,0.838749233599019,3.0,0.3105783105783106,3219.7998570407435,-15.779383485810847,-0.21385700134024974,1.5673911776702993,1293.040293040293,-1.0,89.0112278160087,0.3122044311628819,
2023-07-31 13:45:44.193000,-9.27710843373494,-2.7951807228915664,0.42168674698795183,-2.751686082158185,-9.275904353157571,0.8166768853464133,3.0,0.3105783105783106,3219.7998570407435,-16.023658294971153,0.04568498339257468,2.086475147135948,1301.098901098901,-1.0,89.0112278160087,0.31218534419958727,
2023-07-31 13:45:44.201000,-9.313253012048193,-2.7951807228915664,0.3734939759036145,-2.7492335990190067,-9.344573881054567,0.7946045370938074,3.0,0.3105783105783106,3219.7998570407435,-16.359536157566573,-0.4123302837829978,2.254414078433658,1306.9597069597069,-1.0,89.0112278160087,0.3121663178990307,
2023-07-31 13:45:44.209000,-9.397590361445783,-2.746987951807229,0.3493975903614458,-2.6609442060085837,-9.364193746167995,0.762722256284488,3.0,0.3105783105783106,3219.7998570407435,-16.87862012703222,-0.8703455509585704,2.7124293456092303,1308.4249084249084,-1.0,89.0112278160087,0.31214735431177026,
2023-07-31 13:45:44.216000,-9.433734939759036,-2.7590361445783134,0.3614457831325301,-2.633966891477621,-9.427958307786634,0.7381974248927038,3.0,0.3105783105783106,3219.7998570407435,-17.000757531612376,-1.5726356272944482,3.002505681487093,1306.9597069597069,-1.0,89.0112278160087,0.3121284554881405,
2023-07-31 13:45:44.224000,-9.433734939759036,-2.698795180722892,0.30120481927710846,-2.6535867565910483,-9.393623543838135,0.7676272225628449,3.0,0.3105783105783106,3219.7998570407435,-17.367169745352832,-2.3512615814929214,3.1246430860672456,1301.098901098901,-1.0,89.0112278160087,0.31210962345618476,
2023-07-31 13:45:44.232000,-9.433734939759036,-2.710843373493976,0.30120481927710846,-2.6952789699570814,-9.354383813611282,0.7480073574494175,3.0,0.3105783105783106,3219.7998570407435,-17.825185012528404,-3.6489715051570437,2.5597575898840397,1293.7728937728937,-1.0,89.0112278160087,0.3120908600726764,
2023-07-31 13:45:44.239000,-9.421686746987952,-2.6867469879518073,0.30120481927710846,-2.6437768240343344,-9.41814837522992,0.7357449417535254,3.0,0.3105783105783106,3219.7998570407435,-18.329001806421534,-4.442864634928036,2.6971621700367114,1287.9120879120878,-1.0,89.0112278160087,0.3120721668852168,
2023-07-31 13:45:44.247000,-9.44578313253012,-2.710843373493976,0.28915662650602414,-2.592274678111588,-9.423053341508277,0.7578172900061312,3.0,0.3105783105783106,3219.7998570407435,-18.787017073597106,-5.35889516927918,2.8651011013344214,1283.5164835164835,-1.0,89.0112278160087,0.3120535451540055,
2023-07-31 13:45:44.255000,-9.433734939759036,-2.734939759036145,0.28915662650602414,-2.629061925199264,-9.391171060698957,0.7112201103617413,3.0,0.3105783105783106,3219.7998570407435,-18.72594837130703,-6.427597459355517,3.017772857059612,1280.5860805860805,-1.0,89.0112278160087,0.31203499600178874,
2023-07-31 13:45:44.262000,-9.397590361445783,-2.7228915662650603,0.28915662650602414,-2.6192519926425506,-9.440220723482526,0.7259350091968118,3.0,0.3105783105783106,3219.7998570407435,-19.336635394207793,-7.20622341355399,2.926169803624498,1282.051282051282,-1.0,89.0112278160087,0.31201652055403634,
2023-07-31 13:45:44.270000,-9.397590361445783,-2.698795180722892,0.3132530120481928,-2.65113427345187,-9.354383813611282,0.7823421213979154,3.0,0.3105783105783106,3219.7998570407435,-19.5809102033681,-7.939047841034906,3.1093759104947267,1290.8424908424909,-1.0,89.0112278160087,0.3119981197820244,
2023-07-31 13:45:44.278000,-9.373493975903616,-2.710843373493976,0.3253012048192771,-2.663396689147762,-9.320049049662783,0.7381974248927038,3.0,0.3105783105783106,3219.7998570407435,-19.5809102033681,-8.229124176912768,3.1246430860672456,1309.1575091575091,-1.0,89.0112278160087,0.31197979451697183,
2023-07-31 13:45:44.285000,-9.3855421686747,-2.6867469879518073,0.3373493975903615,-2.6658491722869404,-9.312691600245248,0.8264868179031268,3.0,0.3105783105783106,3219.7998570407435,-20.145795699551304,-8.549734863935669,3.353650719655032,1338.4615384615383,-1.0,89.0112278160087,0.3119615455825477,
2023-07-31 13:45:44.293000,-9.373493975903616,-2.662650602409639,0.3614457831325301,-2.60453709380748,-9.369098712446352,0.8117719190680563,3.0,0.3105783105783106,3219.7998570407435,-20.359536157566573,-8.88561272653109,3.1093759104947267,1383.8827838827838,-1.0,89.0112278160087,0.3119433735125074,
2023-07-31 13:45:44.301000,-9.349397590361447,-2.6506024096385543,0.3734939759036145,-2.6609442060085837,-9.256284488044145,0.8804414469650521,3.0,0.3105783105783106,3219.7998570407435,-20.69541402016199,-8.335994405920403,2.6513606433191543,1446.8864468864467,-1.0,89.0112278160087,0.31192527871607956,
2023-07-31 13:45:44.308000,-9.337349397590362,-2.63855421686747,0.3855421686746988,-2.5947271612507663,-9.334763948497853,0.8338442673206621,3.0,0.3105783105783106,3219.7998570407435,-20.90915447817726,-8.244391352485287,2.300215605151215,1528.2051282051282,-1.0,89.0112278160087,0.3119072616124073,
2023-07-31 13:45:44.316000,-9.373493975903616,-2.674698795180723,0.3855421686746988,-2.582464745554874,-9.349478847332923,0.82158185162477,3.0,0.3105783105783106,3219.7998570407435,-21.21449798962764,-8.259658528057807,2.3307499562962533,1622.7106227106226,-1.0,89.0112278160087,0.31188932248882745,
2023-07-31 13:45:44.324000,-9.361445783132531,-2.662650602409639,0.42168674698795183,-2.5726548129981603,-9.320049049662783,0.8313917841814837,3.0,0.3105783105783106,3219.7998570407435,-21.336635394207793,-8.290192879202845,2.1017423227084673,1728.2051282051282,-1.0,89.0112278160087,0.3118714615089779,
2023-07-31 13:45:44.331000,-9.361445783132531,-2.674698795180723,0.39759036144578314,-2.5481299816063765,-9.329858982219497,0.838749233599019,3.0,0.3105783105783106,3219.7998570407435,-21.55037585222306,-8.397063108210478,2.1475438494260244,1836.6300366300366,-1.0,89.0112278160087,0.31185367872141273,
2023-07-31 13:45:44.339000,-9.349397590361447,-2.6867469879518073,0.42168674698795183,-2.60453709380748,-9.307786633966892,0.8608215818516247,3.0,0.3105783105783106,3219.7998570407435,-21.870986539245962,-7.939047841034906,1.8116659868306046,1938.4615384615383,-1.0,89.0112278160087,0.3118359740686982,
2023-07-31 13:45:44.347000,-9.313253012048193,-2.6867469879518073,0.39759036144578314,-2.6462293071735132,-9.261189454322501,0.8044144696505211,3.0,0.3105783105783106,3219.7998570407435,-22.206864401841383,-7.969582192179944,1.7963988112580855,2027.8388278388277,-1.0,89.0112278160087,0.3118183473969592,
2023-07-31 13:45:44.354000,-9.27710843373494,-2.674698795180723,0.42168674698795183,-2.6462293071735132,-9.266094420600858,0.86817903126916,3.0,0.3105783105783106,3219.7998570407435,-22.57327661558184,-7.282559291416585,2.0101392692733526,2101.098901098901,-1.0,89.0112278160087,0.311800798465846,
2023-07-31 13:45:44.362000,-9.289156626506024,-2.674698795180723,0.39759036144578314,-2.5947271612507663,-9.251379521765788,0.8927038626609441,3.0,0.3105783105783106,3219.7998570407435,-22.87862012703222,-7.404696695996738,2.071207971563429,2155.3113553113553,-1.0,89.0112278160087,0.31178332695888455,
2023-07-31 13:45:44.370000,-9.289156626506024,-2.6867469879518073,0.43373493975903615,-2.6683016554261187,-9.239117106069894,0.8730839975475169,3.0,0.3105783105783106,3219.7998570407435,-22.664879669016955,-7.481032573859333,2.1017423227084673,2187.5457875457873,-1.0,89.0112278160087,0.3117659326329204,
2023-07-31 13:45:44.377000,-9.301204819277109,-2.674698795180723,0.45783132530120485,-2.6781115879828326,-9.256284488044145,0.9123237277743715,3.0,0.3105783105783106,3219.7998570407435,-22.664879669016955,-7.481032573859333,2.1017423227084673,2196.336996336996,-1.0,89.0112278160087,0.31174861530874326,
2023-07-31 13:45:44.385000,-9.337349397590362,-2.6867469879518073,0.43373493975903615,-2.6560392397302266,-9.307786633966892,0.8951563458001226,3.0,0.3105783105783106,3219.7998570407435,-22.75648272245207,-7.87797913874483,2.5139560631664826,2183.150183150183,-1.0,89.0112278160087,0.31173137459560823,
2023-07-31 13:45:44.393000,-9.349397590361447,-2.698795180722892,0.46987951807228917,-2.570202329858982,-9.329858982219497,0.9785407725321887,3.0,0.311022311022311,3215.2034261241974,-23.245032340772678,-8.183322650195212,2.620826292174116,2149.4505494505493,-1.0,89.0112278160087,0.3117142099242055,
2023-07-31 13:45:44.400000,-9.349397590361447,-2.674698795180723,0.46987951807228917,-2.629061925199264,-9.315144083384427,0.944206008583691,3.0,0.311022311022311,3215.2034261241974,-23.290833867490235,-8.549734863935669,3.2467804906473985,2098.168498168498,-1.0,89.0112278160087,0.311697120856511,
2023-07-31 13:45:44.408000,-9.313253012048193,-2.6506024096385543,0.5060240963855422,-2.5481299816063765,-9.29307173513182,0.956468424279583,3.0,0.3105783105783106,3219.7998570407435,-23.336635394207793,-8.88561272653109,3.2620476662199174,2033.6996336996335,-1.0,89.0112278160087,0.3116801071190562,
2023-07-31 13:45:44.416000,-9.301204819277109,-2.63855421686747,0.5060240963855422,-2.562844880441447,-9.288166768853463,0.944206008583691,3.0,0.3105783105783106,3219.7998570407435,-23.489307149932984,-9.236757764699028,3.185711788357322,1963.3699633699632,-1.0,89.0112278160087,0.3116631683280475,
2023-07-31 13:45:44.423000,-9.313253012048193,-2.626506024096386,0.5421686746987953,-2.609442060085837,-9.32495401594114,0.9613733905579399,3.0,0.3105783105783106,3219.7998570407435,-24.06945982168871,-9.252024940271546,3.4147194219451085,1890.1098901098899,-1.0,89.0112278160087,0.3116463039808771,
2023-07-31 13:45:44.431000,-9.337349397590362,-2.63855421686747,0.4819277108433735,-2.5947271612507663,-9.354383813611282,0.9417535254445125,3.0,0.3105783105783106,3219.7998570407435,-24.161062875123825,-9.099353184546356,3.353650719655032,1812.4542124542124,-1.0,89.0112278160087,0.31162951360673685,
2023-07-31 13:45:44.439000,-9.337349397590362,-2.626506024096386,0.5060240963855422,-2.540772532188841,-9.327406499080318,0.9760882893930104,3.0,0.311022311022311,3215.2034261241974,-24.23739875298642,-8.824544024241012,3.704795757822971,1732.6007326007325,-1.0,89.0112278160087,0.311612796778406,
2023-07-31 13:45:44.446000,-9.3855421686747,-2.602409638554217,0.5180722891566265,-2.550582464745555,-9.344573881054567,0.9343960760269773,3.0,0.3105783105783106,3219.7998570407435,-24.435872035429167,-9.114620360118876,3.491055299807704,1657.142857142857,-1.0,89.0112278160087,0.3115961532732011,
2023-07-31 13:45:44.454000,-9.373493975903616,-2.5903614457831328,0.5180722891566265,-2.494175352544451,-9.354383813611282,1.0472103004291844,3.0,0.3105783105783106,3219.7998570407435,-24.466406386574207,-9.267292115844066,3.567391177670299,1587.5457875457873,-1.0,89.0112278160087,0.31157958295703225,
2023-07-31 13:45:44.462000,-9.373493975903616,-2.5903614457831328,0.49397590361445787,-2.5726548129981603,-9.253832004904966,0.9662783568362967,3.0,0.3105783105783106,3219.7998570407435,-24.619078142299397,-9.496299749431852,3.368917895227551,1526.7399267399267,-1.0,89.0112278160087,0.3115630857754472,
2023-07-31 13:45:44.469000,-9.325301204819278,-2.602409638554217,0.5301204819277109,-2.5137952176578784,-9.261189454322501,1.0300429184549356,3.0,0.3105783105783106,3219.7998570407435,-24.89388730260474,-9.053551657828798,3.491055299807704,1474.7252747252746,-1.0,89.0112278160087,0.3115466618831317,
2023-07-31 13:45:44.477000,-9.301204819277109,-2.5783132530120483,0.5180722891566265,-2.5187001839362355,-9.261189454322501,0.9319435928877988,3.0,0.3105783105783106,3219.7998570407435,-24.92442165374978,-8.183322650195212,3.6284598799603756,1429.3040293040292,-1.0,89.0112278160087,0.31153031150668964,
2023-07-31 13:45:44.485000,-9.313253012048193,-2.5542168674698797,0.46987951807228917,-2.4868179031269158,-9.315144083384427,0.8902513795217657,3.0,0.3105783105783106,3219.7998570407435,-24.863352951459703,-7.328360818134143,3.9338033914107573,1391.9413919413919,-1.0,89.0112278160087,0.3115140349561143,
2023-07-31 13:45:44.492000,-9.361445783132531,-2.5421686746987953,0.45783132530120485,-2.4426732066217043,-9.359288779889638,0.8632740649908032,3.0,0.3105783105783106,3219.7998570407435,-25.22976516520016,-6.748208146378418,4.178078200571062,1361.1721611721612,681.732177734375,88.01110166077264,0.31149783263560105,
2023-07-31 13:45:44.500000,-9.361445783132531,-2.566265060240964,0.46987951807228917,-2.5432250153280194,-9.29307173513182,0.9172286940527283,3.0,0.3105783105783106,3219.7998570407435,-25.2602995163452,-6.687139444088341,4.239146902861139,1334.7985347985348,-1.0,88.01110166077264,0.31148170505364975,
2023-07-31 13:45:44.508000,-9.373493975903616,-2.566265060240964,0.45783132530120485,-2.469650521152667,-9.376456161863887,0.9098712446351931,3.0,0.3105783105783106,3219.7998570407435,-25.611444554513138,-5.816910436454753,2.7429636967542685,1311.3553113553112,-1.0,88.01110166077264,0.31146565283241606,
2023-07-31 13:45:44.515000,-9.337349397590362,-2.5180722891566267,0.45783132530120485,-2.5088902513795217,-9.349478847332923,0.8485591661557327,3.0,0.3101343101343101,3224.409448818898,-24.39007050871161,-5.755841734164677,2.849833925761902,1288.6446886446886,-1.0,88.01110166077264,0.3114496767162642,
2023-07-31 13:45:44.523000,-9.373493975903616,-2.433734939759036,0.45783132530120485,-2.351931330472103,-9.376456161863887,0.9368485591661557,3.0,0.3105783105783106,3219.7998570407435,-25.41297127207039,-6.198589825767731,3.536856826525261,1268.8644688644688,-1.0,88.01110166077264,0.3114337774301948,
2023-07-31 13:45:44.530000,-9.421686746987952,-2.4578313253012047,0.44578313253012053,-2.4206008583690988,-9.40098099325567,0.8853464132434089,3.0,0.3105783105783106,3219.7998570407435,-25.672513256803214,-7.053551657828799,3.8269331624031238,1249.8168498168498,-1.0,88.01110166077264,0.3114179558141164,
2023-07-31 13:45:44.538000,-9.44578313253012,-2.5180722891566267,0.44578313253012053,-2.351931330472103,-9.391171060698957,0.8828939301042305,3.0,0.3105783105783106,3219.7998570407435,-26.298467455276494,-7.084086008973837,2.666627818891673,1235.164835164835,-1.0,88.01110166077264,0.31140221298774373,
2023-07-31 13:45:44.546000,-9.397590361445783,-2.4698795180722892,0.44578313253012053,-2.339668914776211,-9.364193746167995,0.8927038626609441,3.0,0.3105783105783106,3219.7998570407435,-25.932055241536037,-8.076452421187577,1.8269331624031238,1226.3736263736264,-1.0,88.01110166077264,0.31138655007795457,
2023-07-31 13:45:44.553000,-9.397590361445783,-2.4698795180722892,0.46987951807228917,-2.41814837522992,-9.403433476394849,0.9172286940527283,3.0,0.3105783105783106,3219.7998570407435,-25.870986539245962,-8.305460054775365,3.6437270555328944,1222.7106227106226,-1.0,88.01110166077264,0.3113709683818476,
2023-07-31 13:45:44.561000,-9.421686746987952,-2.4578313253012047,0.45783132530120485,-2.459840588595953,-9.427958307786634,0.9589209074187615,3.0,0.3105783105783106,3219.7998570407435,-25.73358195909329,-8.931414253248647,2.681894994464192,1224.1758241758241,-1.0,88.01110166077264,0.311355469497343,
2023-07-31 13:45:44.569000,-9.457831325301205,-2.4578313253012047,0.4819277108433735,-2.440220723482526,-9.457388105456774,0.9172286940527283,3.0,0.3105783105783106,3219.7998570407435,-26.054192646116192,-9.007750131111242,2.025406444845872,1227.8388278388277,-1.0,88.01110166077264,0.3113400551761276,
2023-07-31 13:45:44.576000,-9.46987951807229,-2.4578313253012047,0.5060240963855422,-2.4770079705702024,-9.383813611281422,0.9074187614960146,3.0,0.3105783105783106,3219.7998570407435,-25.840452188100922,-8.503933337218111,1.4147194219451085,1232.967032967033,-1.0,88.01110166077264,0.31132472732494293,
2023-07-31 13:45:44.584000,-9.409638554216867,-2.4698795180722892,0.49397590361445787,-2.3372164316370325,-9.423053341508277,0.9687308399754752,3.0,0.3105783105783106,3219.7998570407435,-26.55800944000932,-8.610803566225746,0.7582308723267878,1241.7582417582416,-1.0,88.01110166077264,0.3113094880059239,
2023-07-31 13:45:44.592000,-9.361445783132531,-2.397590361445783,0.5421686746987953,-2.3740036787247085,-9.396076026977314,0.9245861434702636,3.0,0.3105783105783106,3219.7998570407435,-25.504574325505505,-8.244391352485287,2.2696812540061773,1256.4102564102564,-1.0,88.01110166077264,0.3112943394359953,
2023-07-31 13:45:44.599000,-9.421686746987952,-2.4216867469879517,0.5301204819277109,-2.3028816676885344,-9.452483139178417,0.9172286940527283,3.0,0.3105783105783106,3219.7998570407435,-25.840452188100922,-8.687139444088341,2.4834217120214443,1276.1904761904761,-1.0,88.01110166077264,0.31127928398533283,
2023-07-31 13:45:44.607000,-9.433734939759036,-2.4096385542168677,0.5060240963855422,-2.4083384426732066,-9.391171060698957,0.9834457388105456,3.0,0.3105783105783106,3219.7998570407435,-25.748849134665807,-9.419963871569257,2.117009498280986,1298.9010989010987,-1.0,88.01110166077264,0.3112643241749058,
2023-07-31 13:45:44.615000,-9.421686746987952,-2.433734939759036,0.49397590361445787,-2.3543838136112814,-9.423053341508277,0.9932556713672593,3.0,0.3105783105783106,3219.7998570407435,-26.344268981994052,-8.305460054775365,0.8956354524794595,1323.076923076923,-1.0,88.01110166077264,0.3112494626731187,
2023-07-31 13:45:44.622000,-9.409638554216867,-2.4457831325301207,0.5060240963855422,-2.4034334763948495,-9.425505824647455,0.973635806253832,3.0,0.3105783105783106,3219.7998570407435,-26.2221315774139,-8.168055474622692,0.5292232387390016,1345.054945054945,-1.0,88.01110166077264,0.311234702291579,
2023-07-31 13:45:44.630000,-9.361445783132531,-2.4457831325301207,0.5060240963855422,-2.3494788473329247,-9.334763948497853,0.973635806253832,3.0,0.3105783105783106,3219.7998570407435,-25.71831478352077,-7.801643260882234,0.9261698036244977,1367.7655677655678,-1.0,88.01110166077264,0.3112200459800138,
2023-07-31 13:45:44.638000,-9.373493975903616,-2.4457831325301207,0.5542168674698795,-2.3789086450030656,-9.246474555487431,1.0104230533415082,3.0,0.3105783105783106,3219.7998570407435,-25.73358195909329,-7.633704329584524,1.2009789639298412,1388.278388278388,-1.0,88.01110166077264,0.31120549682037274,
2023-07-31 13:45:44.645000,-9.361445783132531,-2.4698795180722892,0.5421686746987953,-2.351931330472103,-9.359288779889638,1.0128755364806867,3.0,0.3105783105783106,3219.7998570407435,-25.321368218635275,-6.9008799021036085,0.5750247654565588,1404.3956043956043,-1.0,88.01110166077264,0.3111910580201494,
2023-07-31 13:45:44.653000,-9.361445783132531,-2.4819277108433737,0.5662650602409639,-2.339668914776211,-9.35683629675046,1.0398528510116491,3.0,0.3105783105783106,3219.7998570407435,-25.321368218635275,-6.9008799021036085,0.5750247654565588,1413.1868131868132,-1.0,88.01110166077264,0.3111767329049625,
2023-07-31 13:45:44.661000,-9.361445783132531,-2.4698795180722892,0.5542168674698795,-2.410790925812385,-9.337216431637032,1.020232985898222,3.0,0.3105783105783106,3219.7998570407435,-24.89388730260474,-6.992482955538723,0.4986888875939634,1416.8498168498168,-1.0,88.01110166077264,0.31116252504918945,
2023-07-31 13:45:44.668000,-9.349397590361447,-2.5060240963855422,0.5542168674698795,-2.4058859595340283,-9.33966891477621,1.0692826486817903,3.0,0.3105783105783106,3219.7998570407435,-24.863352951459703,-6.580269215080707,0.3154827807237344,1411.7216117216117,-1.0,88.01110166077264,0.3111484381080688,
2023-07-31 13:45:44.676000,-9.373493975903616,-2.5060240963855422,0.5421686746987953,-2.5015328019619862,-9.364193746167995,0.9638258736971183,3.0,0.3105783105783106,3219.7998570407435,-24.512207913291764,-6.2291241769127685,-0.00512790629916635,1402.9304029304028,-1.0,88.01110166077264,0.3111344758194665,
2023-07-31 13:45:44.684000,-9.361445783132531,-2.5180722891566267,0.5180722891566265,-2.4058859595340283,-9.317596566523605,0.9908031882280809,3.0,0.3105783105783106,3219.7998570407435,-24.42060485985665,-5.939047841034906,-0.0509294330167236,1389.0109890109889,-1.0,88.01110166077264,0.31112064212267043,
2023-07-31 13:45:44.691000,-9.349397590361447,-2.5060240963855422,0.5060240963855422,-2.4058859595340283,-9.31023911710607,0.956468424279583,3.0,0.3105783105783106,3219.7998570407435,-23.5809102033681,-5.755841734164677,0.11700949828098632,1372.161172161172,-1.0,88.01110166077264,0.31110694099978164,
2023-07-31 13:45:44.699000,-9.361445783132531,-2.4939759036144578,0.4819277108433735,-2.4328632740649905,-9.31023911710607,0.9515634580012262,3.0,0.3105783105783106,3219.7998570407435,-23.38243692092535,-4.6718722685158225,-0.06619660858924269,1351.6483516483515,-1.0,88.01110166077264,0.3110933764657614,
2023-07-31 13:45:44.707000,-9.361445783132531,-2.4939759036144578,0.5060240963855422,-2.430410790925812,-9.344573881054567,0.9638258736971183,3.0,0.3105783105783106,3219.7998570407435,-23.245032340772678,-4.091719596760097,0.025406444845871817,1327.4725274725274,-1.0,88.01110166077264,0.3110799525579019,
2023-07-31 13:45:44.714000,-9.361445783132531,-2.5060240963855422,0.46987951807228917,-2.430410790925812,-9.337216431637032,0.8706315144083384,3.0,0.3105783105783106,3219.7998570407435,-23.153429287337566,-3.4504982227142955,-0.11199813530679993,1303.2967032967033,-1.0,88.01110166077264,0.3110666733247822,
2023-07-31 13:45:44.722000,-9.361445783132531,-2.5301204819277108,0.46987951807228917,-2.423053341508277,-9.369098712446352,0.8706315144083384,3.0,0.3105783105783106,3219.7998570407435,-22.84808577588718,-3.3741623448517,-0.1425324864518381,1280.5860805860805,-1.0,88.01110166077264,0.31105354281477626,
2023-07-31 13:45:44.730000,-9.373493975903616,-2.5301204819277108,0.43373493975903615,-2.4647455548743102,-9.388718577559779,0.8608215818516247,3.0,0.3105783105783106,3219.7998570407435,-22.832818600314663,-2.977215779966204,0.3460171318687726,1258.6080586080586,-1.0,88.01110166077264,0.31104056506418143,
2023-07-31 13:45:44.737000,-9.397590361445783,-2.5301204819277108,0.4096385542168675,-2.462293071735132,-9.398528510116492,0.8608215818516247,3.0,0.3105783105783106,3219.7998570407435,-22.329001806421534,-2.992482955538723,0.05594079599090998,1240.2930402930401,-1.0,88.01110166077264,0.3110277440850396,
2023-07-31 13:45:44.745000,-9.421686746987952,-2.4698795180722892,0.39759036144578314,-2.4328632740649905,-9.440220723482526,0.8706315144083384,3.0,0.3105783105783106,3219.7998570407435,-22.06945982168871,-3.0382844822562802,0.3307499562962535,1226.3736263736264,-1.0,88.01110166077264,0.31101508385272136,
2023-07-31 13:45:44.753000,-9.421686746987952,-2.5060240963855422,0.42168674698795183,-2.430410790925812,-9.454935622317596,0.838749233599019,3.0,0.3105783105783106,3219.7998570407435,-21.779383485810847,-4.061185245615059,0.6818949944641924,1215.3846153846152,-1.0,88.01110166077264,0.31100258829335053,
2023-07-31 13:45:44.760000,-9.433734939759036,-2.5060240963855422,0.42168674698795183,-2.4647455548743102,-9.369098712446352,0.8608215818516247,3.0,0.3105783105783106,3219.7998570407435,-21.809917836955886,-4.061185245615059,0.5139560631664825,1208.058608058608,-1.0,88.01110166077264,0.3109902612711408,
2023-07-31 13:45:44.768000,-9.457831325301205,-2.5060240963855422,0.4096385542168675,-2.447578172900061,-9.43286327406499,0.8632740649908032,3.0,0.3105783105783106,3219.7998570407435,-21.016024707184894,-4.427597459355517,0.788765223471826,1201.4652014652013,-1.0,88.01110166077264,0.31097810657572106,
2023-07-31 13:45:44.776000,-9.457831325301205,-2.5180722891566267,0.39759036144578314,-2.462293071735132,-9.430410790925812,0.8436541998773758,3.0,0.3105783105783106,3219.7998570407435,-20.970223180467336,-4.931414253248646,0.45288736087640613,1197.069597069597,-1.0,88.01110166077264,0.3109661279095267,
2023-07-31 13:45:44.783000,-9.481927710843374,-2.5180722891566267,0.42168674698795183,-2.4770079705702024,-9.398528510116492,0.8559166155732679,3.0,0.3105783105783106,3219.7998570407435,-20.527475088864282,-5.771108909737196,0.5597575898840398,1194.8717948717947,-1.0,88.01110166077264,0.3109543288753283,
2023-07-31 13:45:44.791000,-9.44578313253012,-2.5060240963855422,0.44578313253012053,-2.427958307786634,-9.41814837522992,0.86817903126916,3.0,0.3105783105783106,3219.7998570407435,-20.75648272245207,-5.9085134898898675,-0.020395081871685435,1197.8021978021977,-1.0,88.01110166077264,0.3109427129639723,
2023-07-31 13:45:44.799000,-9.421686746987952,-2.5180722891566267,0.43373493975903615,-2.41814837522992,-9.359288779889638,0.9343960760269773,3.0,0.3105783105783106,3219.7998570407435,-20.466406386574207,-5.832177612027272,-0.18833401316939535,1201.4652014652013,-1.0,88.01110166077264,0.3109312835424077,
2023-07-31 13:45:44.806000,-9.397590361445783,-2.4819277108433737,0.42168674698795183,-2.4255058246474555,-9.415695892090742,0.8877988963825874,3.0,0.311022311022311,3215.2034261241974,-20.42060485985665,-5.6947730318746,-0.44787599790221977,1208.058608058608,-1.0,88.01110166077264,0.31092004398081646,
2023-07-31 13:45:44.814000,-9.373493975903616,-2.4698795180722892,0.45783132530120485,-2.41814837522992,-9.408338442673205,0.8632740649908032,3.0,0.3105783105783106,3219.7998570407435,-20.23739875298642,-5.068818833401318,-0.5089447001922961,1215.3846153846152,-1.0,88.01110166077264,0.3109089976315816,
2023-07-31 13:45:44.822000,-9.349397590361447,-2.4457831325301207,0.46987951807228917,-2.3323114653586754,-9.364193746167995,0.8976088289393009,3.0,0.3101343101343101,3224.409448818898,-19.474039974360466,-5.053551657828799,0.025406444845871817,1223.4432234432234,-1.0,88.01110166077264,0.3108981477022972,
2023-07-31 13:45:44.829000,-9.397590361445783,-2.4819277108433737,0.44578313253012053,-2.4083384426732066,-9.342121397915388,0.9343960760269773,3.0,0.3105783105783106,3219.7998570407435,-19.855719363673444,-4.381795932637959,-0.37154012003962433,1231.5018315018315,-1.0,88.01110166077264,0.31088749706609337,
2023-07-31 13:45:44.837000,-9.397590361445783,-2.4698795180722892,0.46987951807228917,-2.4377682403433476,-9.312691600245248,0.8534641324340895,3.0,0.3105783105783106,3219.7998570407435,-19.5809102033681,-4.961948604393685,-0.9211584406503114,1241.0256410256409,-1.0,88.01110166077264,0.3108770483702478,
2023-07-31 13:45:44.845000,-9.373493975903616,-2.433734939759036,0.46987951807228917,-2.3053341508277128,-9.37155119558553,0.973635806253832,3.0,0.3105783105783106,3219.7998570407435,-19.947322417108555,-4.977215779966204,-1.928792028436571,1251.2820512820513,-1.0,88.01110166077264,0.3108668041873185,
2023-07-31 13:45:44.852000,-9.361445783132531,-2.4819277108433737,0.5180722891566265,-2.410790925812385,-9.351931330472102,0.9196811771919068,3.0,0.3105783105783106,3219.7998570407435,-20.099994172833746,-4.7940096730959745,-1.424975234543441,1260.07326007326,-1.0,88.01110166077264,0.31085676686891284,
2023-07-31 13:45:44.860000,-9.301204819277109,-2.4578313253012047,0.5301204819277109,-2.4083384426732066,-9.312691600245248,1.0128755364806867,3.0,0.3105783105783106,3219.7998570407435,-19.809917836955886,-3.267292115844066,-1.6234485169861892,1269.5970695970695,-1.0,88.01110166077264,0.3108469385387744,
2023-07-31 13:45:44.868000,-9.373493975903616,-2.4698795180722892,0.5301204819277109,-2.4034334763948495,-9.396076026977314,0.8828939301042305,3.0,0.3105783105783106,3219.7998570407435,-19.474039974360466,-2.7482081463784174,-1.1196317230930595,1277.6556776556777,-1.0,88.01110166077264,0.31083732108647905,
2023-07-31 13:45:44.875000,-9.373493975903616,-2.4578313253012047,0.44578313253012053,-2.376456161863887,-9.405885959534027,0.9613733905579399,3.0,0.3105783105783106,3219.7998570407435,-19.39770409649787,-2.106986772332616,-1.5623798146961128,1285.7142857142856,-1.0,88.01110166077264,0.31082791616179317,
2023-07-31 13:45:44.883000,-9.3855421686747,-2.4457831325301207,0.44578313253012053,-2.427958307786634,-9.322501532801962,0.8313917841814837,3.0,0.311022311022311,3215.2034261241974,-19.21449798962764,-2.030650894470021,-0.9516927917953495,1290.10989010989,-1.0,88.01110166077264,0.31081872516972864,
2023-07-31 13:45:44.890000,-9.373493975903616,-2.4819277108433737,0.42168674698795183,-2.410790925812385,-9.322501532801962,0.8804414469650521,3.0,0.3105783105783106,3219.7998570407435,-19.71831478352077,-1.6795058563020817,-2.27993706660451,1291.5750915750914,-1.0,88.01110166077264,0.3108097494156295,
2023-07-31 13:45:44.898000,-9.325301204819278,-2.5060240963855422,0.4096385542168675,-2.4500306560392398,-9.275904353157571,0.9221336603310851,3.0,0.3105783105783106,3219.7998570407435,-19.68778043237573,-1.54210127614941,-2.4173416467571816,1290.8424908424909,-1.0,88.01110166077264,0.3108009899743212,
2023-07-31 13:45:44.906000,-9.289156626506024,-2.5301204819277108,0.42168674698795183,-2.489270386266094,-9.32495401594114,0.8657265481299815,3.0,0.3105783105783106,3219.7998570407435,-19.76411631023833,-1.190956237981471,-2.646349280344968,1285.7142857142856,-1.0,88.01110166077264,0.31079244752853696,
2023-07-31 13:45:44.913000,-9.325301204819278,-2.5542168674698797,0.43373493975903615,-2.521152667075414,-9.273451870018393,0.8828939301042305,3.0,0.3105783105783106,3219.7998570407435,-19.703047607948253,-1.3130936425616238,-2.860089738360235,1282.7838827838827,-1.0,88.01110166077264,0.31078412250604787,
2023-07-31 13:45:44.921000,-9.349397590361447,-2.602409638554217,0.39759036144578314,-2.5064377682403434,-9.334763948497853,0.8338442673206621,3.0,0.3105783105783106,3219.7998570407435,-19.794650661383365,-1.4352310471417764,-2.4478759979022198,1277.6556776556777,-1.0,88.01110166077264,0.3107760150788815,
2023-07-31 13:45:44.929000,-9.373493975903616,-2.5903614457831328,0.3734939759036145,-2.499080318822808,-9.445125689760882,0.82158185162477,3.0,0.3105783105783106,3219.7998570407435,-19.794650661383365,-1.4352310471417764,-2.4478759979022198,1273.260073260073,-1.0,88.01110166077264,0.31076812516339514,
2023-07-31 13:45:44.936000,-9.409638554216867,-2.566265060240964,0.39759036144578314,-2.5358675659104843,-9.405885959534027,0.8559166155732679,3.0,0.3105783105783106,3219.7998570407435,-19.641978905658174,-2.885612726531089,-2.310471417749548,1271.7948717948716,-1.0,88.01110166077264,0.31076045242121564,
2023-07-31 13:45:44.944000,-9.397590361445783,-2.5783132530120483,0.3855421686746988,-2.4745554874310236,-9.366646229307173,0.9123237277743715,3.0,0.3105783105783106,3219.7998570407435,-20.008391119398635,-3.6489715051570437,-2.1119981353068,1276.1904761904761,-1.0,88.01110166077264,0.3107529962610474,
2023-07-31 13:45:44.952000,-9.373493975903616,-2.5542168674698797,0.42168674698795183,-2.5015328019619862,-9.351931330472102,0.8313917841814837,3.0,0.3105783105783106,3219.7998570407435,-19.443505623215426,-4.7940096730959745,-1.3791737078258839,1284.9816849816848,-1.0,88.01110166077264,0.310745755841351,
2023-07-31 13:45:44.959000,-9.373493975903616,-2.5542168674698797,0.46987951807228917,-2.489270386266094,-9.342121397915388,0.9049662783568363,3.0,0.3105783105783106,3219.7998570407435,-19.19923081405512,-5.511566925004372,-0.44787599790221977,1301.8315018315018,-1.0,88.01110166077264,0.31073873007388936,
2023-07-31 13:45:44.967000,-9.421686746987952,-2.602409638554217,0.46987951807228917,-2.5652973635806253,-9.420600858369099,0.8877988963825874,3.0,0.3105783105783106,3219.7998570407435,-19.183963638482602,-6.641337917370784,0.010139269273352732,1330.4029304029302,-1.0,88.01110166077264,0.3107319176281297,
2023-07-31 13:45:44.975000,-9.421686746987952,-2.5783132530120483,0.45783132530120485,-2.5456774984671977,-9.410790925812385,0.8927038626609441,3.0,0.3101343101343101,3224.409448818898,-19.19923081405512,-6.946681428821165,0.5139560631664825,1372.8937728937728,-1.0,88.01110166077264,0.3107253170752392,
2023-07-31 13:45:44.982000,-9.433734939759036,-2.5421686746987953,0.46987951807228917,-2.4647455548743102,-9.398528510116492,0.9662783568362967,3.0,0.3105783105783106,3219.7998570407435,-18.298467455276494,-7.023017306683761,0.8345667501893832,1431.5018315018315,-1.0,88.01110166077264,0.31071892686322855,
2023-07-31 13:45:44.990000,-9.3855421686747,-2.4457831325301207,0.4819277108433735,-2.3666462293071735,-9.410790925812385,0.9589209074187615,3.0,0.3105783105783106,3219.7998570407435,-17.703047607948253,-6.595536390653226,0.8192995746168642,1505.4945054945053,-1.0,88.01110166077264,0.31071274500536994,
2023-07-31 13:45:44.998000,-9.433734939759036,-2.4578313253012047,0.4819277108433735,-2.440220723482526,-9.354383813611282,0.9883507050889024,3.0,0.3105783105783106,3219.7998570407435,-17.993123943826113,-6.961948604393685,1.5368568265252611,1593.4065934065934,-1.0,88.01110166077264,0.3107067692793967,
2023-07-31 13:45:45.005000,-9.397590361445783,-2.4578313253012047,0.5180722891566265,-2.423053341508277,-9.359288779889638,0.9809932556713672,3.0,0.3105783105783106,3219.7998570407435,-17.962589592681077,-6.931414253248646,0.9414369791970169,1689.3772893772893,-1.0,88.01110166077264,0.3107009973745676,
2023-07-31 13:45:45.013000,-9.373493975903616,-2.4698795180722892,0.5301204819277109,-2.430410790925812,-9.349478847332923,1.0055180870631515,3.0,0.3105783105783106,3219.7998570407435,-17.56564302779558,-6.198589825767731,1.2620476662199176,1788.278388278388,-1.0,88.01110166077264,0.3106954267519968,
2023-07-31 13:45:45.021000,-9.337349397590362,-2.4216867469879517,0.5180722891566265,-2.400980993255671,-9.32495401594114,0.9834457388105456,3.0,0.3105783105783106,3219.7998570407435,-17.5809102033681,-6.000116543324983,0.8040323990443451,1884.9816849816848,-1.0,88.01110166077264,0.31069005465476174,
2023-07-31 13:45:45.028000,-9.313253012048193,-2.397590361445783,0.5542168674698795,-2.3372164316370325,-9.261189454322501,1.020232985898222,3.0,0.3105783105783106,3219.7998570407435,-16.771749898024588,-6.183322650195211,1.6131927043878564,1974.3589743589741,-1.0,88.01110166077264,0.31068487811846535,
2023-07-31 13:45:45.036000,-9.313253012048193,-2.3855421686746987,0.5542168674698795,-2.2685469037400368,-9.366646229307173,1.032495401594114,3.0,0.3105783105783106,3219.7998570407435,-16.817551424742145,-5.755841734164677,1.7047957578229709,2052.747252747253,-1.0,88.01110166077264,0.31067989398220924,
2023-07-31 13:45:45.044000,-9.3855421686747,-2.3373493975903616,0.5903614457831325,-2.270999386879215,-9.295524218270998,1.0128755364806867,3.0,0.3105783105783106,3219.7998570407435,-16.39007050871161,-5.282559291416585,2.422353009731368,2112.8205128205127,-1.0,88.01110166077264,0.31067509889994477,
2023-07-31 13:45:45.051000,-9.373493975903616,-2.4216867469879517,0.5301204819277109,-2.3445738810545675,-9.268546903740036,1.0545677498467196,3.0,0.3105783105783106,3219.7998570407435,-16.40533768428413,-4.88561272653109,1.2773148417924367,2150.915750915751,-1.0,88.01110166077264,0.31067048935215885,
2023-07-31 13:45:45.059000,-9.337349397590362,-2.3493975903614457,0.5421686746987953,-2.2562844880441446,-9.351931330472102,1.0055180870631515,3.0,0.3105783105783106,3219.7998570407435,-15.932055241536037,-3.740574558592158,0.3460171318687726,2168.4981684981685,-1.0,88.01110166077264,0.31066606165785615,
2023-07-31 13:45:45.067000,-9.325301204819278,-2.4216867469879517,0.5180722891566265,-2.3372164316370325,-9.297976701410178,0.8706315144083384,3.0,0.3105783105783106,3219.7998570407435,-14.832818600314665,-1.6031699784394864,1.4452537730901465,2163.3699633699634,-1.0,88.01110166077264,0.3106618119867965,
2023-07-31 13:45:45.074000,-9.301204819277109,-2.325301204819277,0.4819277108433735,-2.2562844880441446,-9.26364193746168,0.9809932556713672,3.0,0.3105783105783106,3219.7998570407435,-14.649612493444437,-1.1146203601188756,0.8498339257619023,2138.461538461538,-1.0,88.01110166077264,0.3106577363719413,
2023-07-31 13:45:45.082000,-9.337349397590362,-2.27710843373494,0.46987951807228917,-2.270999386879215,-9.332311465358675,0.8412017167381973,3.0,0.3105783105783106,3219.7998570407435,-13.397704096497872,1.2823262047666204,1.72006293339549,2094.5054945054944,-1.0,88.01110166077264,0.31065383072207214,
2023-07-31 13:45:45.090000,-9.3855421686747,-2.3734939759036147,0.42168674698795183,-2.3200490496627832,-9.307786633966892,0.8412017167381973,3.0,0.3105783105783106,3219.7998570407435,-15.138162111765048,2.320494143697918,1.139910261639765,2035.8974358974358,-1.0,88.01110166077264,0.3106500908345346,
2023-07-31 13:45:45.097000,-9.409638554216867,-2.4216867469879517,0.3253012048192771,-2.359288779889638,-9.440220723482526,0.7308399754751685,3.0,0.311022311022311,3215.2034261241974,-14.496940737719246,4.228891090262803,-0.3562729444671053,1965.5677655677655,-1.0,88.01110166077264,0.3106465124080648,
2023-07-31 13:45:45.105000,-9.433734939759036,-2.4578313253012047,0.27710843373493976,-2.423053341508277,-9.43286327406499,0.7283874923359902,3.0,0.3105783105783106,3219.7998570407435,-13.794650661383368,5.572402540644483,-0.09673095973428085,1890.8424908424906,-1.0,88.01110166077264,0.3106430912049506,
2023-07-31 13:45:45.113000,-9.46987951807229,-2.4698795180722892,0.20481927710843376,-2.41814837522992,-9.427958307786634,0.6523605150214592,3.0,0.3105783105783106,3219.7998570407435,-13.657246081230696,5.78614299865975,-0.38680729561214344,1813.9194139194137,-1.0,88.01110166077264,0.31063982293647835,
2023-07-31 13:45:45.120000,-9.46987951807229,-2.4819277108433737,0.1927710843373494,-2.440220723482526,-9.459840588595952,0.657265481299816,3.0,0.3105783105783106,3219.7998570407435,-13.321368218635277,5.5571353650719635,-1.5165782879785557,1738.4615384615383,-1.0,88.01110166077264,0.3106367031168136,
2023-07-31 13:45:45.128000,-9.46987951807229,-2.4939759036144578,0.16867469879518074,-2.4377682403433476,-9.413243408951564,0.6695278969957081,3.0,0.3105783105783106,3219.7998570407435,-12.893887302604742,4.900646815453643,-2.0051279062991663,1666.6666666666665,-1.0,88.01110166077264,0.31063372721466764,
2023-07-31 13:45:45.136000,-9.409638554216867,-2.4939759036144578,0.16867469879518074,-2.4377682403433476,-9.366646229307173,0.5738810545677498,3.0,0.3105783105783106,3219.7998570407435,-12.741215546879552,3.511333838354407,-2.2952042421770287,1600.7326007326005,-1.0,88.01110166077264,0.3106308908048263,
2023-07-31 13:45:45.143000,-9.421686746987952,-2.5060240963855422,0.18072289156626506,-2.481912936848559,-9.354383813611282,0.6327406499080318,3.0,0.3105783105783106,3219.7998570407435,-12.573276615581841,2.1678223879727274,-2.402074471184662,1543.5897435897434,-1.0,88.01110166077264,0.3106281895603699,
2023-07-31 13:45:45.151000,-9.3855421686747,-2.5421686746987953,0.1927710843373494,-2.4843654199877374,-9.354383813611282,0.6229307173513182,3.0,0.3105783105783106,3219.7998570407435,-12.161062875123827,1.4655323116368495,-2.1730668375968762,1493.7728937728937,-1.0,88.01110166077264,0.31062561911705827,
2023-07-31 13:45:45.159000,-9.3855421686747,-2.5301204819277108,0.18072289156626506,-2.5088902513795217,-9.396076026977314,0.6744328632740649,3.0,0.3105783105783106,3219.7998570407435,-12.084726997261232,0.06095215896509376,-2.0051279062991663,1452.7472527472526,681.732177734375,88.01110166077264,0.31062317508655196,
2023-07-31 13:45:45.166000,-9.421686746987952,-2.5180722891566267,0.14457831325301207,-2.4671980380134886,-9.43286327406499,0.5861434702636419,3.0,0.3105783105783106,3219.7998570407435,-11.687780432375735,-1.0535516578287993,-1.9135248528640518,1416.8498168498168,-1.0,88.01110166077264,0.3106208529303846,
2023-07-31 13:45:45.174000,-9.457831325301205,-2.5301204819277108,0.13253012048192772,-2.521152667075414,-9.391171060698957,0.5640711220110362,3.0,0.3105783105783106,3219.7998570407435,-11.199230814055124,-2.8703455509585702,-1.3639065322533648,1389.0109890109889,-1.0,88.01110166077264,0.310618648131284,
2023-07-31 13:45:45.182000,-9.457831325301205,-2.5180722891566267,0.14457831325301207,-2.462293071735132,-9.450030656039239,0.568976088289393,3.0,0.3105783105783106,3219.7998570407435,-10.893887302604742,-3.908513489889868,-1.3181050055358075,1368.4981684981683,-1.0,88.01110166077264,0.31061655633241436,
2023-07-31 13:45:45.189000,-9.44578313253012,-2.5060240963855422,0.16867469879518074,-2.4671980380134886,-9.41814837522992,0.5787860208461066,3.0,0.3105783105783106,3219.7998570407435,-10.496940737719246,-5.252024940271547,-1.4555095856884792,1353.113553113553,-1.0,88.01110166077264,0.31061457306057005,
2023-07-31 13:45:45.197000,-9.433734939759036,-2.5301204819277108,0.1566265060240964,-2.4377682403433476,-9.381361128142244,0.6916002452483139,3.0,0.3105783105783106,3219.7998570407435,-10.329001806421536,-6.244391352485287,-1.424975234543441,1338.4615384615383,-1.0,88.01110166077264,0.31061269375718226,
2023-07-31 13:45:45.205000,-9.433734939759036,-2.5421686746987953,0.22891566265060243,-2.523605150214592,-9.454935622317596,0.615573267933783,3.0,0.3105783105783106,3219.7998570407435,-10.329001806421536,-6.244391352485287,-1.424975234543441,1321.6117216117216,-1.0,88.01110166077264,0.31061091407505403,
2023-07-31 13:45:45.212000,-9.433734939759036,-2.5421686746987953,0.2530120481927711,-2.5113427345187,-9.427958307786634,0.7185775597792765,3.0,0.3105783105783106,3219.7998570407435,-10.43587203542917,-6.610803566225746,-0.7532195093526014,1302.5641025641025,-1.0,88.01110166077264,0.31060922986622486,
2023-07-31 13:45:45.220000,-9.421686746987952,-2.5421686746987953,0.2530120481927711,-2.462293071735132,-9.477007970570202,0.7234825260576333,3.0,0.3105783105783106,3219.7998570407435,-10.11526134840627,-6.9008799021036085,-0.6310821047724487,1282.7838827838827,-1.0,88.01110166077264,0.310607637041756,
2023-07-31 13:45:45.228000,-9.397590361445783,-2.5180722891566267,0.3253012048192771,-2.459840588595953,-9.408338442673205,0.7725321888412017,3.0,0.3105783105783106,3219.7998570407435,-9.703047607948253,-6.671872268515822,-0.11199813530679993,1266.6666666666665,-1.0,88.01110166077264,0.310606131580139,
2023-07-31 13:45:45.235000,-9.373493975903616,-2.5301204819277108,0.3373493975903615,-2.447578172900061,-9.315144083384427,0.8240343347639485,3.0,0.3101343101343101,3224.409448818898,-9.519841501078025,-6.244391352485287,-0.0509294330167236,1252.7472527472526,-1.0,88.01110166077264,0.3106047095350251,
2023-07-31 13:45:45.243000,-9.337349397590362,-2.5301204819277108,0.30120481927710846,-2.4206008583690988,-9.295524218270998,0.8068669527896996,3.0,0.3105783105783106,3219.7998570407435,-9.260299516345201,-6.0153837188975015,0.36128430744129164,1243.2234432234432,-1.0,88.01110166077264,0.3106033668929753,
2023-07-31 13:45:45.251000,-9.301204819277109,-2.4939759036144578,0.3734939759036145,-2.400980993255671,-9.270999386879215,0.8240343347639485,3.0,0.3105783105783106,3219.7998570407435,-8.848085775887185,-5.87797913874483,0.5444904143115207,1233.6996336996335,-1.0,88.01110166077264,0.31060209970723696,
2023-07-31 13:45:45.258000,-9.301204819277109,-2.4819277108433737,0.3855421686746988,-2.4156958920907416,-9.27835683629675,0.8461066830165542,3.0,0.3105783105783106,3219.7998570407435,-8.329001806421536,-5.481032573859333,0.28494842957869626,1229.3040293040292,-1.0,88.01110166077264,0.31060090426236003,
2023-07-31 13:45:45.266000,-9.313253012048193,-2.5060240963855422,0.4096385542168675,-2.5162477007970567,-9.297976701410178,0.8730839975475169,3.0,0.3101343101343101,3224.409448818898,-8.130528523978787,-4.839811199813532,0.5750247654565588,1229.3040293040292,-1.0,88.01110166077264,0.31059977680151707,
2023-07-31 13:45:45.273000,-9.373493975903616,-2.566265060240964,0.3614457831325301,-2.533415082771306,-9.317596566523605,0.7872470876762722,3.0,0.3105783105783106,3219.7998570407435,-8.008391119398636,-4.152788299050173,0.3918186585863298,1237.3626373626373,-1.0,88.01110166077264,0.3105987135405018,
2023-07-31 13:45:45.281000,-9.373493975903616,-2.5180722891566267,0.4096385542168675,-2.469650521152667,-9.329858982219497,0.8927038626609441,3.0,0.3101343101343101,3224.409448818898,-7.7793834858108495,-3.923780665462387,-0.6463492803449679,1252.014652014652,-1.0,88.01110166077264,0.31059771092628674,
2023-07-31 13:45:45.289000,-9.3855421686747,-2.4939759036144578,0.3855421686746988,-2.4353157572041693,-9.359288779889638,0.8608215818516247,3.0,0.3101343101343101,3224.409448818898,-6.496940737719246,-3.023017306683761,-0.8295553872151968,1272.5274725274724,-1.0,88.01110166077264,0.3105967656392274,
2023-07-31 13:45:45.296000,-9.3855421686747,-2.4698795180722892,0.3734939759036145,-2.430410790925812,-9.37155119558553,0.8730839975475169,3.0,0.3105783105783106,3219.7998570407435,-6.26793310413146,-2.122253947905135,-0.8906240895052732,1295.2380952380952,-1.0,88.01110166077264,0.310595874275632,
2023-07-31 13:45:45.304000,-9.433734939759036,-2.4578313253012047,0.3855421686746988,-2.3740036787247085,-9.430410790925812,0.7357449417535254,3.0,0.3101343101343101,3224.409448818898,-6.237398752986421,-1.908513489889868,-1.3028378299632883,1317.216117216117,-1.0,88.01110166077264,0.310595033508264,
2023-07-31 13:45:45.312000,-9.481927710843374,-2.4698795180722892,0.3614457831325301,-2.393623543838136,-9.5113427345187,0.7063151440833844,3.0,0.3101343101343101,3224.409448818898,-6.2221315774139025,-2.0459180700425397,-0.9974943185129068,1335.5311355311355,-1.0,88.01110166077264,0.31059424010737197,
2023-07-31 13:45:45.319000,-9.530120481927712,-2.5060240963855422,0.3373493975903615,-2.4745554874310236,-9.489270386266094,0.8608215818516247,3.0,0.3101343101343101,3224.409448818898,-6.038925470543674,-2.061185245615059,-1.1348988986655786,1348.7179487179487,-1.0,88.01110166077264,0.31059349078022547,
2023-07-31 13:45:45.327000,-9.46987951807229,-2.4819277108433737,0.3614457831325301,-2.4156958920907416,-9.499080318822807,0.8608215818516247,3.0,0.3101343101343101,3224.409448818898,-5.657246081230697,-2.9161470776761274,-1.8219217994289372,1360.4395604395604,-1.0,88.01110166077264,0.31059278230788717,
2023-07-31 13:45:45.335000,-9.433734939759036,-2.4698795180722892,0.39759036144578314,-2.3789086450030656,-9.369098712446352,0.8166768853464133,3.0,0.3101343101343101,3224.409448818898,-4.832818600314666,-3.358895169279181,-1.394440883398403,1367.032967032967,-1.0,88.01110166077264,0.3105921115426394,
2023-07-31 13:45:45.342000,-9.397590361445783,-2.4819277108433737,0.39759036144578314,-2.4255058246474555,-9.383813611281422,0.9343960760269773,3.0,0.3105783105783106,3219.7998570407435,-5.2602995163452,-3.4657653982868144,-1.6234485169861892,1367.7655677655678,-1.0,88.01110166077264,0.31059147540486876,
2023-07-31 13:45:45.350000,-9.3855421686747,-2.5060240963855422,0.43373493975903615,-2.469650521152667,-9.347026364193745,0.8191293684855916,3.0,0.3105783105783106,3219.7998570407435,-4.43587203542917,-3.939047841034906,-1.60818134141367,1364.8351648351647,-1.0,88.01110166077264,0.31059087102875343,
2023-07-31 13:45:45.358000,-9.349397590361447,-2.4939759036144578,0.44578313253012053,-2.4573881054567748,-9.35683629675046,0.8877988963825874,3.0,0.3105783105783106,3219.7998570407435,-4.313734630849018,-3.9848493677524632,-1.4707767612609983,1358.2417582417581,-1.0,88.01110166077264,0.3105902957800986,
2023-07-31 13:45:45.365000,-9.361445783132531,-2.5180722891566267,0.45783132530120485,-2.4745554874310236,-9.305334150827713,0.9638258736971183,3.0,0.3105783105783106,3219.7998570407435,-4.145795699551307,-3.6642386807295626,-1.0738301963755021,1348.7179487179487,-1.0,88.01110166077264,0.3105897471148612,
2023-07-31 13:45:45.373000,-9.361445783132531,-2.566265060240964,0.46987951807228917,-2.4770079705702024,-9.364193746167995,0.9343960760269773,3.0,0.3105783105783106,3219.7998570407435,-3.4129712720703913,-3.3741623448517,-1.4555095856884792,1336.263736263736,-1.0,88.01110166077264,0.31058922257629323,
2023-07-31 13:45:45.381000,-9.361445783132531,-2.566265060240964,0.45783132530120485,-2.4745554874310236,-9.349478847332923,0.9074187614960146,3.0,0.3101343101343101,3224.409448818898,-2.6343453178719183,-2.5650020395081885,-1.6539828681312274,1324.5421245421244,-1.0,88.01110166077264,0.31058871979201064,
2023-07-31 13:45:45.388000,-9.361445783132531,-2.4698795180722892,0.44578313253012053,-2.381361128142244,-9.334763948497853,0.9932556713672593,3.0,0.3101343101343101,3224.409448818898,-2.176330050696346,-2.3512615814929214,-1.1807004253831357,1312.087912087912,-1.0,88.01110166077264,0.3105882363217447,
2023-07-31 13:45:45.396000,-9.373493975903616,-2.4819277108433737,0.5060240963855422,-2.41814837522992,-9.354383813611282,0.9711833231146535,3.0,0.3105783105783106,3219.7998570407435,-2.2832002797039794,-1.4504982227142955,-1.6387156925587083,1298.9010989010987,-1.0,88.01110166077264,0.3105877697712877,
2023-07-31 13:45:45.404000,-9.373493975903616,-2.5180722891566267,0.49397590361445787,-2.4500306560392398,-9.364193746167995,0.9883507050889024,3.0,0.3101343101343101,3224.409448818898,-2.054192646116193,-0.9466814288211658,-2.661616455917487,1284.9816849816848,-1.0,88.01110166077264,0.31058731805561707,
2023-07-31 13:45:45.411000,-9.409638554216867,-2.566265060240964,0.5060240963855422,-2.530962599632127,-9.37155119558553,0.9294911097486205,3.0,0.3101343101343101,3224.409448818898,-1.6572460812306968,0.3968300215605136,-2.661616455917487,1272.5274725274724,-1.0,88.01110166077264,0.31058687911888183,
2023-07-31 13:45:45.419000,-9.397590361445783,-2.5421686746987953,0.43373493975903615,-2.5187001839362355,-9.329858982219497,0.9417535254445125,3.0,0.3101343101343101,3224.409448818898,-1.2755666919177198,1.358662082629216,-3.409708058970922,1260.07326007326,-1.0,88.01110166077264,0.31058645077195546,
2023-07-31 13:45:45.427000,-9.421686746987952,-2.4939759036144578,0.45783132530120485,-2.339668914776211,-9.396076026977314,0.9294911097486205,3.0,0.3101343101343101,3224.409448818898,-0.3290018064215366,2.0456849833925745,-2.9364256162228304,1249.8168498168498,-1.0,88.01110166077264,0.31058603068895474,
2023-07-31 13:45:45.434000,-9.433734939759036,-2.3855421686746987,0.45783132530120485,-2.293071735131821,-9.40098099325567,0.9147762109135499,3.0,0.30969030969030964,3229.0322580645166,-0.31373463084901754,2.2136239146902845,-1.94405920400909,1237.3626373626373,-1.0,88.01110166077264,0.3105856165627765,
2023-07-31 13:45:45.442000,-9.457831325301205,-2.4216867469879517,0.43373493975903615,-2.388718577559779,-9.374003678724709,0.9466584917228693,3.0,0.3101343101343101,3224.409448818898,-0.8938873026047427,2.503700250568147,-2.508944700192296,1227.106227106227,-1.0,88.01110166077264,0.31058520607976586,
2023-07-31 13:45:45.450000,-9.44578313253012,-2.5542168674698797,0.4096385542168675,-2.469650521152667,-9.410790925812385,0.8632740649908032,3.0,0.3101343101343101,3224.409448818898,-0.29846745527649843,3.3128605559116586,-3.791387448283899,1219.047619047619,-1.0,88.01110166077264,0.3105847970331263,
2023-07-31 13:45:45.457000,-9.3855421686747,-2.4819277108433737,0.3855421686746988,-2.4647455548743102,-9.359288779889638,0.8436541998773758,3.0,0.3101343101343101,3224.409448818898,0.4801584989219748,3.038051395606315,-2.8906240895052733,1213.1868131868132,-1.0,88.01110166077264,0.3105843873193103,
2023-07-31 13:45:45.465000,-9.349397590361447,-2.433734939759036,0.3734939759036145,-2.3838136112814223,-9.33966891477621,0.8583690987124463,3.0,0.3101343101343101,3224.409448818898,0.20534933861663132,2.5189674261406663,-2.4326088223297004,1208.7912087912086,-1.0,88.01110166077264,0.31058397466814675,
2023-07-31 13:45:45.473000,-9.337349397590362,-2.4457831325301207,0.39759036144578314,-2.410790925812385,-9.280809319435928,0.851011649294911,3.0,0.3101343101343101,3224.409448818898,0.3732882699143412,2.5800361284307427,-1.5623798146961128,1206.5934065934066,-1.0,88.01110166077264,0.31058355678857935,
2023-07-31 13:45:45.480000,-9.325301204819278,-2.4939759036144578,0.3493975903614458,-2.4500306560392398,-9.300429184549357,0.8044144696505211,3.0,0.3101343101343101,3224.409448818898,0.3732882699143412,2.5800361284307427,-1.5623798146961128,1207.3260073260074,-1.0,88.01110166077264,0.3105831313653117,
2023-07-31 13:45:45.488000,-9.301204819277109,-2.5301204819277108,0.3373493975903615,-2.462293071735132,-9.305334150827713,0.7774371551195585,3.0,0.3101343101343101,3224.409448818898,0.052677582891440485,2.6258376551483,-1.3791737078258839,1208.7912087912086,-1.0,88.01110166077264,0.31058269605570565,
2023-07-31 13:45:45.496000,-9.313253012048193,-2.566265060240964,0.3373493975903615,-2.528510116492949,-9.283261802575106,0.8117719190680563,3.0,0.3101343101343101,3224.409448818898,0.510692850067013,1.755608647514712,-1.8524561505739754,1210.989010989011,-1.0,88.01110166077264,0.3105822484869818,
2023-07-31 13:45:45.503000,-9.301204819277109,-2.5421686746987953,0.3614457831325301,-2.4966278356836296,-9.268546903740036,0.7700797057020232,3.0,0.3101343101343101,3224.409448818898,0.28168521647922673,1.3433949070566968,-1.6387156925587083,1211.7216117216117,-1.0,88.01110166077264,0.3105817862537664,
2023-07-31 13:45:45.511000,-9.313253012048193,-2.5783132530120483,0.3373493975903615,-2.521152667075414,-9.261189454322501,0.8191293684855916,3.0,0.3101343101343101,3224.409448818898,0.7549676592273183,1.2975933803391395,-1.1348988986655786,1212.4542124542124,-1.0,88.01110166077264,0.31058130691603364,
2023-07-31 13:45:45.519000,-9.301204819277109,-2.5903614457831328,0.3253012048192771,-2.562844880441447,-9.244022072348253,0.7651747394236664,3.0,0.3101343101343101,3224.409448818898,0.7702348347998375,2.2136239146902845,-1.3791737078258839,1213.9194139194137,-1.0,88.01110166077264,0.3105808079974787,
2023-07-31 13:45:45.526000,-9.325301204819278,-2.626506024096386,0.26506024096385544,-2.5775597792765175,-9.347026364193745,0.7553648068669527,3.0,0.3101343101343101,3224.409448818898,1.3656546821280817,2.3968300215605134,-1.3486393566808457,1215.3846153846152,-1.0,88.01110166077264,0.31058028698436696,
2023-07-31 13:45:45.534000,-9.325301204819278,-2.626506024096386,0.22891566265060243,-2.5898221949724096,-9.317596566523605,0.6548129981606376,3.0,0.3101343101343101,3224.409448818898,1.3656546821280817,2.137288036827689,-1.1807004253831357,1216.8498168498168,-1.0,88.01110166077264,0.3105797413248875,
2023-07-31 13:45:45.542000,-9.3855421686747,-2.6144578313253013,0.21686746987951808,-2.5260576333537705,-9.33966891477621,0.7185775597792765,3.0,0.30969030969030964,3229.0322580645166,1.4572577355631962,1.5113338383544066,-0.661616455917487,1219.7802197802198,-1.0,88.01110166077264,0.31057916842904787,
2023-07-31 13:45:45.549000,-9.373493975903616,-2.626506024096386,0.2530120481927711,-2.621704475781729,-9.354383813611282,0.7259350091968118,3.0,0.3101343101343101,3224.409448818898,1.808402773731135,1.3281277314841777,-0.5394790513373343,1221.9780219780218,-1.0,88.01110166077264,0.3105785655198379,
2023-07-31 13:45:45.557000,-9.361445783132531,-2.626506024096386,0.21686746987951808,-2.560392397302268,-9.437768240343347,0.6621704475781729,3.0,0.3101343101343101,3224.409448818898,1.8694714760212114,1.2212575024765442,-0.020395081871685435,1224.9084249084249,-1.0,88.01110166077264,0.3105779297616975,
2023-07-31 13:45:45.565000,-9.361445783132531,-2.6144578313253013,0.22891566265060243,-2.550582464745555,-9.374003678724709,0.6425505824647455,3.0,0.3101343101343101,3224.409448818898,2.0984791096089976,1.8624788765223457,-0.08146378416176177,1227.8388278388277,-1.0,88.01110166077264,0.310577258421109,
2023-07-31 13:45:45.572000,-9.361445783132531,-2.602409638554217,0.22891566265060243,-2.580012262415696,-9.37155119558553,0.5493562231759657,3.0,0.30969030969030964,3229.0322580645166,2.4343569722044176,1.8319445253773075,0.45288736087640613,1234.4322344322343,-1.0,88.01110166077264,0.31057654872994217,
2023-07-31 13:45:45.580000,-9.3855421686747,-2.5783132530120483,0.14457831325301207,-2.540772532188841,-9.40098099325567,0.6327406499080318,3.0,0.3101343101343101,3224.409448818898,2.510692850067013,1.2975933803391395,0.8192995746168642,1244.6886446886447,-1.0,88.01110166077264,0.31057579773889366,
2023-07-31 13:45:45.588000,-9.409638554216867,-2.566265060240964,0.1566265060240964,-2.550582464745555,-9.351931330472102,0.5714285714285714,3.0,0.30969030969030964,3229.0322580645166,2.525960025639532,0.5800361284307426,0.6513606433191542,1251.2820512820513,-1.0,88.01110166077264,0.31057500244828745,
2023-07-31 13:45:45.595000,-9.361445783132531,-2.5542168674698797,0.16867469879518074,-2.469650521152667,-9.349478847332923,0.6204782342121398,3.0,0.30969030969030964,3229.0322580645166,2.6633646057922036,-0.6718722685158223,0.8956354524794595,1257.8754578754579,-1.0,88.01110166077264,0.31057415996049903,
2023-07-31 13:45:45.603000,-9.373493975903616,-2.566265060240964,0.16867469879518074,-2.587369711833231,-9.332311465358675,0.6376456161863887,3.0,0.30969030969030964,3229.0322580645166,2.907639414952509,-1.557368451721929,0.3918186585863298,1262.2710622710622,-1.0,88.01110166077264,0.3105732673034461,
2023-07-31 13:45:45.611000,-9.337349397590362,-2.566265060240964,0.1927710843373494,-2.5481299816063765,-9.31023911710607,0.6204782342121398,3.0,0.3101343101343101,3224.409448818898,3.243517277547929,-1.5115669250043717,-0.0509294330167236,1263.003663003663,-1.0,88.01110166077264,0.31057232142480046,
2023-07-31 13:45:45.618000,-9.349397590361447,-2.5180722891566267,0.21686746987951808,-2.447578172900061,-9.344573881054567,0.6817903126916002,3.0,0.30969030969030964,3229.0322580645166,3.9458073538838065,-1.725307383019639,0.5902919410290779,1263.003663003663,-1.0,88.01110166077264,0.3105713193462952,
2023-07-31 13:45:45.626000,-9.3855421686747,-2.4939759036144578,0.18072289156626506,-2.489270386266094,-9.374003678724709,0.6744328632740649,3.0,0.30969030969030964,3229.0322580645166,3.9458073538838065,-2.0153837188975015,0.45288736087640613,1259.3406593406592,-1.0,88.01110166077264,0.3105702580415712,
2023-07-31 13:45:45.634000,-9.421686746987952,-2.5180722891566267,0.1927710843373494,-2.4770079705702024,-9.413243408951564,0.6327406499080318,3.0,0.30969030969030964,3229.0322580645166,4.1137462851815165,-2.3359944059204025,0.10174232270846724,1256.4102564102564,-1.0,88.01110166077264,0.31056913428274596,
2023-07-31 13:45:45.641000,-9.433734939759036,-2.5180722891566267,0.21686746987951808,-2.4451256897608826,-9.442673206621704,0.745554874310239,3.0,0.3101343101343101,3224.409448818898,3.808402773731135,-2.458131810500555,0.10174232270846724,1253.4798534798533,-1.0,88.01110166077264,0.3105679447850931,
2023-07-31 13:45:45.649000,-9.46987951807229,-2.5060240963855422,0.2530120481927711,-2.462293071735132,-9.425505824647455,0.6621704475781729,3.0,0.30969030969030964,3229.0322580645166,4.4496241477769365,-2.4733989860730743,0.37655148301381075,1252.7472527472526,-1.0,88.01110166077264,0.31056668636248685,
2023-07-31 13:45:45.656000,-9.518072289156628,-2.4939759036144578,0.26506024096385544,-2.4083384426732066,-9.46229307173513,0.7872470876762722,3.0,0.30969030969030964,3229.0322580645166,4.419089796631899,-2.6871394440883414,0.08647514713594814,1259.3406593406592,-1.0,88.01110166077264,0.3105653558063463,
2023-07-31 13:45:45.664000,-9.506024096385543,-2.4819277108433737,0.30120481927710846,-2.4426732066217043,-9.530962599632128,0.7431023911710607,3.0,0.30969030969030964,3229.0322580645166,4.6786317813647225,-3.358895169279181,-0.310471417749548,1271.7948717948716,-1.0,88.01110166077264,0.31056394973326096,
2023-07-31 13:45:45.672000,-9.506024096385543,-2.4819277108433737,0.3253012048192771,-2.3666462293071735,-9.489270386266094,0.8019619865113427,3.0,0.30969030969030964,3229.0322580645166,5.075578346250219,-3.6337043295845244,-0.5700134024823724,1297.4358974358975,-1.0,88.01110166077264,0.31056246473067783,
2023-07-31 13:45:45.679000,-9.518072289156628,-2.4698795180722892,0.3373493975903615,-2.3740036787247085,-9.467198038013489,0.8117719190680563,3.0,0.30969030969030964,3229.0322580645166,5.243517277547928,-4.061185245615059,-1.0738301963755021,1337.7289377289376,-1.0,88.01110166077264,0.3105608973640115,
2023-07-31 13:45:45.687000,-9.506024096385543,-2.4698795180722892,0.3855421686746988,-2.427958307786634,-9.427958307786634,0.8117719190680563,3.0,0.30969030969030964,3229.0322580645166,5.625196666860906,-4.717673795233379,-0.676883631490006,1394.8717948717947,-1.0,88.01110166077264,0.3105592441839098,
2023-07-31 13:45:45.695000,-9.493975903614459,-2.5542168674698797,0.3855421686746988,-2.570202329858982,-9.425505824647455,0.8976088289393009,3.0,0.30969030969030964,3229.0322580645166,5.411456208845639,-4.961948604393685,-1.94405920400909,1466.6666666666665,-1.0,88.01110166077264,0.31055750173366525,
2023-07-31 13:45:45.702000,-9.373493975903616,-2.4939759036144578,0.4096385542168675,-2.339668914776211,-9.413243408951564,0.8779889638258737,3.0,0.30969030969030964,3229.0322580645166,7.136647048540295,-4.274925703630326,-2.7684866849251204,1552.3809523809523,-1.0,88.01110166077264,0.31055566655675426,
2023-07-31 13:45:45.710000,-9.337349397590362,-2.4698795180722892,0.45783132530120485,-2.4328632740649905,-9.251379521765788,0.8730839975475169,3.0,0.30969030969030964,3229.0322580645166,7.3351203309830435,-3.954315016607425,-2.2952042421770287,1646.153846153846,-1.0,88.01110166077264,0.3105537352044923,
2023-07-31 13:45:45.718000,-9.325301204819278,-2.5060240963855422,0.45783132530120485,-2.4721030042918453,-9.23175965665236,0.8828939301042305,3.0,0.30969030969030964,3229.0322580645166,7.5641279645708295,-3.786376085309715,-2.5852805780548915,1742.8571428571427,-1.0,88.01110166077264,0.3105517042437904,
2023-07-31 13:45:45.725000,-9.27710843373494,-2.566265060240964,0.46987951807228917,-2.528510116492949,-9.305334150827713,0.944206008583691,3.0,0.30969030969030964,3229.0322580645166,8.006876056173883,-2.2138570013402497,-3.5776469902686316,1840.2930402930401,-1.0,88.01110166077264,0.3105495702649964,
2023-07-31 13:45:45.733000,-9.240963855421688,-2.5060240963855422,0.43373493975903615,-2.3543838136112814,-9.20232985898222,0.9368485591661557,3.0,0.30969030969030964,3229.0322580645166,9.075578346250218,-1.1146203601188756,-3.3028378299632886,1928.9377289377287,-1.0,88.01110166077264,0.3105473298898092,
2023-07-31 13:45:45.741000,-9.240963855421688,-2.4939759036144578,0.46987951807228917,-2.359288779889638,-9.214592274678111,0.9049662783568363,3.0,0.30924630924630925,3233.668341708543,9.19771575083037,-0.09171959676009707,-3.1807004253831357,2000.7326007326005,-1.0,88.01110166077264,0.3105449797792461,
2023-07-31 13:45:45.748000,-9.289156626506024,-2.4698795180722892,0.44578313253012053,-2.3838136112814223,-9.273451870018393,0.8828939301042305,3.0,0.30969030969030964,3229.0322580645166,9.106112697395258,0.8701124643086052,-2.7226851582075633,2053.4798534798533,-1.0,88.01110166077264,0.31054251649235887,
2023-07-31 13:45:45.756000,-9.301204819277109,-2.5180722891566267,0.45783132530120485,-2.5015328019619862,-9.266094420600858,0.9074187614960146,3.0,0.30969030969030964,3229.0322580645166,9.106112697395258,0.8701124643086052,-2.7226851582075633,2086.4468864468863,-1.0,88.01110166077264,0.3105399366216854,
2023-07-31 13:45:45.764000,-9.337349397590362,-2.566265060240964,0.46987951807228917,-2.5137952176578784,-9.342121397915388,0.9760882893930104,3.0,0.30969030969030964,3229.0322580645166,9.396189033273119,2.488433074995628,-3.2875706543907692,2098.168498168498,-1.0,88.01110166077264,0.31053723696022956,
2023-07-31 13:45:45.771000,-9.349397590361447,-2.5542168674698797,0.45783132530120485,-2.4328632740649905,-9.349478847332923,0.8976088289393009,3.0,0.30969030969030964,3229.0322580645166,9.915273002738768,3.602936891789521,-3.2875706543907692,2089.3772893772893,-1.0,88.01110166077264,0.310534414370564,
2023-07-31 13:45:45.779000,-9.373493975903616,-2.566265060240964,0.43373493975903615,-2.452483139178418,-9.37155119558553,0.8632740649908032,3.0,0.3101343101343101,3224.409448818898,10.174814987471592,4.518967426140666,-3.4860439368335174,2059.3406593406594,-1.0,88.01110166077264,0.3105314657926656,
2023-07-31 13:45:45.787000,-9.433734939759036,-2.5783132530120483,0.42168674698795183,-2.489270386266094,-9.43286327406499,0.851011649294911,3.0,0.30969030969030964,3229.0322580645166,10.38855544548686,5.404463609346773,-3.623448516986189,2015.3846153846152,-1.0,88.01110166077264,0.3105283884010181,
2023-07-31 13:45:45.794000,-9.421686746987952,-2.5783132530120483,0.4096385542168675,-2.560392397302268,-9.378908645003065,0.838749233599019,3.0,0.30969030969030964,3229.0322580645166,10.525960025639531,4.732707884155933,-3.8982576772915327,1961.172161172161,-1.0,88.01110166077264,0.3105251794849597,
2023-07-31 13:45:45.802000,-9.421686746987952,-2.5903614457831328,0.3855421686746988,-2.5481299816063765,-9.442673206621704,0.8657265481299815,3.0,0.30969030969030964,3229.0322580645166,10.571761552357088,4.381562845987994,-4.127265310879319,1897.4358974358972,-1.0,88.01110166077264,0.3105218362974535,
2023-07-31 13:45:45.810000,-9.421686746987952,-2.602409638554217,0.39759036144578314,-2.553034947884733,-9.37155119558553,0.86817903126916,3.0,0.30969030969030964,3229.0322580645166,10.419089796631898,3.1907231513315057,-3.547112639123594,1828.5714285714284,-1.0,88.01110166077264,0.3105183562016579,
2023-07-31 13:45:45.817000,-9.409638554216867,-2.6144578313253013,0.39759036144578314,-2.570202329858982,-9.413243408951564,0.9000613120784794,3.0,0.30969030969030964,3229.0322580645166,11.258784453120448,2.1983567391177656,-3.7303187459938227,1758.974358974359,-1.0,88.01110166077264,0.3105147366786521,
2023-07-31 13:45:45.825000,-9.409638554216867,-2.6144578313253013,0.42168674698795183,-2.5849172286940525,-9.388718577559779,0.8853464132434089,3.0,0.30969030969030964,3229.0322580645166,11.19771575083037,1.6182040673620404,-3.241769127673212,1690.8424908424906,-1.0,88.01110166077264,0.3105109753350482,
2023-07-31 13:45:45.833000,-9.361445783132531,-2.626506024096386,0.43373493975903615,-2.560392397302268,-9.327406499080318,0.8927038626609441,3.0,0.30969030969030964,3229.0322580645166,11.686265369150982,0.6716391818658571,-2.829555387215197,1627.8388278388277,-1.0,88.01110166077264,0.31050706991047355,
2023-07-31 13:45:45.840000,-9.361445783132531,-2.6506024096385543,0.42168674698795183,-2.575107296137339,-9.295524218270998,0.8853464132434089,3.0,0.30969030969030964,3229.0322580645166,11.762601247013578,-0.5802692150807077,-2.6005477536274104,1567.032967032967,666.412353515625,90.03434537711225,0.31050301828490423,
2023-07-31 13:45:45.848000,-9.325301204819278,-2.63855421686747,0.46987951807228917,-2.609442060085837,-9.275904353157571,0.9908031882280809,3.0,0.30969030969030964,3229.0322580645166,12.510692850067013,-0.7787424975234558,-1.9135248528640518,1511.3553113553112,-1.0,90.03434537711225,0.3104988184858342,
2023-07-31 13:45:45.856000,-9.325301204819278,-2.6506024096385543,0.4819277108433735,-2.5432250153280194,-9.305334150827713,0.9417535254445125,3.0,0.30969030969030964,3229.0322580645166,12.571761552357088,-0.7176737952333795,-1.8524561505739754,1463.7362637362637,-1.0,90.03434537711225,0.31049446869525993,
2023-07-31 13:45:45.863000,-9.325301204819278,-2.674698795180723,0.4819277108433735,-2.6364193746167994,-9.322501532801962,1.0006131207847946,3.0,0.30969030969030964,3229.0322580645166,13.304585979838006,-0.3359944059204024,-1.2875706543907695,1424.1758241758241,-1.0,90.03434537711225,0.3104899672564659,
2023-07-31 13:45:45.871000,-9.313253012048193,-2.662650602409639,0.49397590361445787,-2.5775597792765175,-9.347026364193745,0.9981606376456161,3.0,0.30924630924630925,3233.668341708543,13.854204300448691,0.6716391818658571,-1.3486393566808457,1391.9413919413919,-1.0,90.03434537711225,0.31048531268058954,
2023-07-31 13:45:45.879000,-9.313253012048193,-2.63855421686747,0.5180722891566265,-2.530962599632127,-9.312691600245248,0.9809932556713672,3.0,0.30969030969030964,3229.0322580645166,14.648097430219684,1.3281277314841777,-0.9822271429403877,1364.8351648351647,-1.0,90.03434537711225,0.31048050350365863,
2023-07-31 13:45:45.886000,-9.313253012048193,-2.6144578313253013,0.5301204819277109,-2.499080318822808,-9.307786633966892,0.9638258736971183,3.0,0.30969030969030964,3229.0322580645166,15.02977681953266,1.3739292582017348,-0.7379523337800824,1342.1245421245421,-1.0,90.03434537711225,0.31047553842008596,
2023-07-31 13:45:45.894000,-9.301204819277109,-2.602409638554217,0.5060240963855422,-2.5554874310239115,-9.24892703862661,1.0374003678724708,3.0,0.30924630924630925,3233.668341708543,15.274051628692966,1.9235475788124219,-0.44787599790221977,1317.9487179487178,-1.0,90.03434537711225,0.3104704164474124,
2023-07-31 13:45:45.902000,-9.27710843373494,-2.5903614457831328,0.5542168674698795,-2.5383200490496627,-9.261189454322501,1.0275904353157572,3.0,0.30924630924630925,3233.668341708543,15.670998193578464,2.9311811665986816,0.05594079599090998,1294.5054945054944,-1.0,90.03434537711225,0.31046513664359837,
2023-07-31 13:45:45.909000,-9.228915662650603,-2.566265060240964,0.5542168674698795,-2.560392397302268,-9.246474555487431,1.0226854690374003,3.0,0.30924630924630925,3233.668341708543,15.945807353883808,3.4502651360643304,0.4070858341588489,1271.062271062271,-1.0,90.03434537711225,0.31045969809018525,
2023-07-31 13:45:45.917000,-9.228915662650603,-2.5542168674698797,0.5180722891566265,-2.4500306560392398,-9.258736971183323,0.9809932556713672,3.0,0.30924630924630925,3233.668341708543,16.663364605792204,4.335761319270437,0.971971330342055,1248.3516483516482,-1.0,90.03434537711225,0.3104541000340856,
2023-07-31 13:45:45.925000,-9.228915662650603,-2.5301204819277108,0.4819277108433735,-2.5088902513795217,-9.266094420600858,1.0055180870631515,3.0,0.30969030969030964,3229.0322580645166,16.55649437678457,5.038051395606315,1.4299865975176276,1227.8388278388277,-1.0,90.03434537711225,0.3104483418901156,
2023-07-31 13:45:45.932000,-9.253012048192772,-2.5180722891566267,0.4819277108433735,-2.4451256897608826,-9.27835683629675,0.956468424279583,3.0,0.30924630924630925,3233.668341708543,16.968708117242585,5.648738418507079,1.6589942311054138,1212.4542124542124,-1.0,90.03434537711225,0.3104424232535581,
2023-07-31 13:45:45.940000,-9.289156626506024,-2.5301204819277108,0.46987951807228917,-2.430410790925812,-9.283261802575106,0.8706315144083384,3.0,0.30924630924630925,3233.668341708543,17.609929491288387,6.351028494842956,1.903269040265719,1200.0,-1.0,90.03434537711225,0.31043634379462903,
2023-07-31 13:45:45.948000,-9.337349397590362,-2.5180722891566267,0.39759036144578314,-2.4377682403433476,-9.307786633966892,0.8289393010423053,3.0,0.30924630924630925,3233.668341708543,17.793135598158617,6.732707884155933,1.5673911776702993,1191.9413919413919,-1.0,90.03434537711225,0.3104301033872716,
2023-07-31 13:45:45.955000,-9.373493975903616,-2.4819277108433737,0.3614457831325301,-2.329858982219497,-9.369098712446352,0.86817903126916,3.0,0.30924630924630925,3233.668341708543,18.25115086533419,6.8853796398811244,1.4605209486626656,1187.5457875457876,-1.0,90.03434537711225,0.310423702227086,
2023-07-31 13:45:45.963000,-9.409638554216867,-2.4578313253012047,0.39759036144578314,-2.440220723482526,-9.37155119558553,0.8264868179031268,3.0,0.30924630924630925,3233.668341708543,18.296952392051747,6.656372006293338,1.353650719655032,1187.5457875457876,-1.0,90.03434537711225,0.31041714068258,
2023-07-31 13:45:45.971000,-9.409638554216867,-2.4698795180722892,0.3614457831325301,-2.4132434089515633,-9.349478847332923,0.8632740649908032,3.0,0.30924630924630925,3233.668341708543,18.70916613250976,6.518967426140666,1.1246430860672458,1192.6739926739926,-1.0,90.03434537711225,0.3104104192952021,
2023-07-31 13:45:45.978000,-9.421686746987952,-2.433734939759036,0.3373493975903615,-2.3494788473329247,-9.491722869405272,0.7847946045370937,3.0,0.30924630924630925,3233.668341708543,19.167181399685333,6.137288036827689,1.2162461395023603,1205.128205128205,-1.0,90.03434537711225,0.3104035386401182,
2023-07-31 13:45:45.986000,-9.44578313253012,-2.4216867469879517,0.3373493975903615,-2.3494788473329247,-9.41814837522992,0.7283874923359902,3.0,0.30924630924630925,3233.668341708543,19.27405162869297,5.709807120797155,1.72006293339549,1220.5128205128203,-1.0,90.03434537711225,0.31039649948436804,
2023-07-31 13:45:45.994000,-9.457831325301205,-2.4096385542168677,0.3373493975903615,-2.3617412630288164,-9.435315757204169,0.7504598405885959,3.0,0.30924630924630925,3233.668341708543,19.319853155410524,4.96171551774372,1.5979255288153373,1240.2930402930401,-1.0,90.03434537711225,0.3103893029130134,
2023-07-31 13:45:46.001000,-9.46987951807229,-2.3855421686746987,0.3132530120481928,-2.3053341508277128,-9.474555487431024,0.6940527283874923,3.0,0.30924630924630925,3233.668341708543,20.78550201037236,4.381562845987994,1.72006293339549,1261.5384615384614,-1.0,90.03434537711225,0.31038195017809933,
2023-07-31 13:45:46.009000,-9.493975903614459,-2.3855421686746987,0.3253012048192771,-2.31023911710607,-9.47946045370938,0.8362967504598405,3.0,0.30924630924630925,3233.668341708543,20.968708117242585,3.969349105529979,1.5521240020977802,1282.051282051282,-1.0,90.03434537711225,0.31037444269644165,
2023-07-31 13:45:46.017000,-9.481927710843374,-2.3493975903614457,0.3373493975903615,-2.2562844880441446,-9.49417535254445,0.7995095033721643,3.0,0.30924630924630925,3233.668341708543,21.640463842433427,2.9617155177437198,1.689528582250452,1303.2967032967033,-1.0,90.03434537711225,0.31036678204696433,
2023-07-31 13:45:46.024000,-9.481927710843374,-2.36144578313253,0.3614457831325301,-2.339668914776211,-9.503985285101164,0.9049662783568363,3.0,0.30924630924630925,3233.668341708543,22.159547811899074,2.152555212400208,1.5979255288153373,1321.6117216117216,-1.0,90.03434537711225,0.31035896996760076,
2023-07-31 13:45:46.032000,-9.481927710843374,-2.36144578313253,0.3855421686746988,-2.347026364193746,-9.450030656039239,0.8730839975475169,3.0,0.30924630924630925,3233.668341708543,22.159547811899074,2.152555212400208,1.5979255288153373,1336.9963369963368,-1.0,90.03434537711225,0.3103510083517785,
2023-07-31 13:45:46.039000,-9.433734939759036,-2.36144578313253,0.3734939759036145,-2.3543838136112814,-9.374003678724709,0.8093194359288779,3.0,0.30924630924630925,3233.668341708543,23.380921857700603,1.9235475788124219,1.2620476662199176,1346.5201465201465,-1.0,90.03434537711225,0.3103428992445059,
2023-07-31 13:45:46.047000,-9.409638554216867,-2.3373493975903616,0.42168674698795183,-2.2906192519926423,-9.376456161863887,0.8902513795217657,3.0,0.30880230880230874,3238.317757009346,24.113746285181517,1.8166773498047883,0.8956354524794595,1351.6483516483515,-1.0,90.03434537711225,0.31033464483808615,
2023-07-31 13:45:46.055000,-9.44578313253012,-2.325301204819277,0.43373493975903615,-2.2145922746781115,-9.398528510116492,0.8436541998773758,3.0,0.30924630924630925,3233.668341708543,25.44199055999068,2.2594254414078416,0.5902919410290779,1352.3809523809523,-1.0,90.03434537711225,0.31032624745693377,
2023-07-31 13:45:46.062000,-9.421686746987952,-2.325301204819277,0.45783132530120485,-2.2979767014101777,-9.359288779889638,0.8755364806866952,3.0,0.30880230880230874,3238.317757009346,25.793135598158617,2.2288910902628034,0.3002156051512153,1347.985347985348,-1.0,90.03434537711225,0.310317709520901,
2023-07-31 13:45:46.070000,-9.421686746987952,-2.3012048192771086,0.4819277108433735,-2.1679950950337217,-9.381361128142244,0.9760882893930104,3.0,0.30924630924630925,3233.668341708543,26.632830254647168,3.251791853621582,-0.8600897383602351,1336.9963369963368,-1.0,90.03434537711225,0.310309033422047,
2023-07-31 13:45:46.078000,-9.397590361445783,-2.253012048192771,0.5301204819277109,-2.1949724095646843,-9.40098099325567,0.9515634580012262,3.0,0.30880230880230874,3238.317757009346,28.55649437678457,4.610570479575781,-0.9058912650777923,1321.6117216117216,-1.0,90.03434537711225,0.3103002216566871,
2023-07-31 13:45:46.085000,-9.421686746987952,-2.240963855421687,0.5421686746987953,-2.199877375843041,-9.437768240343347,0.9932556713672593,3.0,0.30924630924630925,3233.668341708543,29.136647048540297,6.091486510110132,-1.5623798146961128,1302.5641025641025,-1.0,90.03434537711225,0.31029127682889196,
2023-07-31 13:45:46.093000,-9.481927710843374,-2.204819277108434,0.5301204819277109,-2.1385652973635807,-9.49417535254445,0.9957081545064377,3.0,0.30880230880230874,3238.317757009346,29.670998193578463,7.129654449041429,-2.7990210360701586,1279.8534798534797,-1.0,90.03434537711225,0.3102822016326317,
2023-07-31 13:45:46.101000,-9.506024096385543,-2.1927710843373496,0.5542168674698795,-2.1508277130594724,-9.445125689760882,0.9834457388105456,3.0,0.30924630924630925,3233.668341708543,30.174814987471592,7.938814754384941,-3.241769127673212,1257.8754578754579,-1.0,90.03434537711225,0.31027299885474185,
2023-07-31 13:45:46.108000,-9.506024096385543,-2.253012048192771,0.5662650602409639,-2.187614960147149,-9.49417535254445,1.0275904353157572,3.0,0.30880230880230874,3238.317757009346,30.23588368976167,8.564768952858223,-4.707417982635044,1235.164835164835,-1.0,90.03434537711225,0.3102636713566172,
2023-07-31 13:45:46.116000,-9.530120481927712,-2.325301204819277,0.5542168674698795,-2.280809319435929,-9.427958307786634,0.9957081545064377,3.0,0.30880230880230874,3238.317757009346,30.72443330808228,9.877746052094864,-5.348639356680845,1211.7216117216117,-1.0,90.03434537711225,0.3102542220768154,
2023-07-31 13:45:46.124000,-9.542168674698795,-2.3493975903614457,0.49397590361445787,-2.3200490496627832,-9.518700183936234,0.9589209074187615,3.0,0.30924630924630925,3233.668341708543,30.953440941670067,10.671639181865856,-6.341005768894586,1189.0109890109889,-1.0,90.03434537711225,0.3102446538631797,
2023-07-31 13:45:46.131000,-9.530120481927712,-2.397590361445783,0.5060240963855422,-2.4206008583690988,-9.481912936848559,1.015328019619865,3.0,0.30880230880230874,3238.317757009346,31.503059262280754,10.595303304003261,-7.241769127673212,1171.4285714285713,-1.0,90.03434537711225,0.31023496975196624,
2023-07-31 13:45:46.139000,-9.46987951807229,-2.4216867469879517,0.5180722891566265,-2.398528510116493,-9.5113427345187,0.9760882893930104,3.0,0.30924630924630925,3233.668341708543,31.7778684225861,11.09912009789639,-8.050929433016725,1158.974358974359,-1.0,90.03434537711225,0.31022517283139445,
2023-07-31 13:45:46.147000,-9.433734939759036,-2.4819277108433737,0.5301204819277109,-2.4328632740649905,-9.410790925812385,0.9809932556713672,3.0,0.30880230880230874,3238.317757009346,32.38855544548686,11.129654449041428,-8.234135539886953,1151.6483516483515,-1.0,90.03434537711225,0.3102152662228975,
2023-07-31 13:45:46.154000,-9.373493975903616,-2.5301204819277108,0.5301204819277109,-2.5260576333537705,-9.374003678724709,0.9785407725321887,3.0,0.30880230880230874,3238.317757009346,32.602295903502124,11.328127731484177,-8.493677524619777,1149.4505494505493,-1.0,90.03434537711225,0.3102052530835172,
2023-07-31 13:45:46.162000,-9.337349397590362,-2.602409638554217,0.5060240963855422,-2.6020846106683013,-9.337216431637032,1.0226854690374003,3.0,0.30880230880230874,3238.317757009346,33.19771575083037,11.190723151331506,-7.730318745993823,1151.6483516483515,-1.0,90.03434537711225,0.31019513643805413,
2023-07-31 13:45:46.170000,-9.313253012048193,-2.566265060240964,0.49397590361445787,-2.5088902513795217,-9.302881667688535,0.9221336603310851,3.0,0.30880230880230874,3238.317757009346,34.37328826991434,11.11438727346891,-7.028028669657945,1156.0439560439559,-1.0,90.03434537711225,0.310184919309162,
2023-07-31 13:45:46.177000,-9.349397590361447,-2.5421686746987953,0.49397590361445787,-2.4573881054567748,-9.302881667688535,0.8927038626609441,3.0,0.30880230880230874,3238.317757009346,35.07557834625022,10.45789872385059,-6.8753569139327535,1162.6373626373625,-1.0,90.03434537711225,0.31017460470880986,
2023-07-31 13:45:46.185000,-9.337349397590362,-2.5421686746987953,0.5180722891566265,-2.5187001839362355,-9.290619251992641,1.032495401594114,3.0,0.30880230880230874,3238.317757009346,34.95344094167007,10.473165899423108,-7.073830196375502,1169.230769230769,-1.0,90.03434537711225,0.31016419562990566,
2023-07-31 13:45:46.193000,-9.349397590361447,-2.6144578313253013,0.5180722891566265,-2.5677498467198037,-9.332311465358675,0.9809932556713672,3.0,0.30880230880230874,3238.317757009346,35.60992949128839,9.984616281102499,-7.10436454752054,1177.2893772893772,-1.0,90.03434537711225,0.31015369503813156,
2023-07-31 13:45:46.200000,-9.337349397590362,-2.6506024096385543,0.5180722891566265,-2.6462293071735132,-9.300429184549357,1.0055180870631515,3.0,0.30835830835830835,3242.980561555076,36.11374628518152,9.908280403239903,-7.012761494085425,1185.3479853479853,-1.0,90.03434537711225,0.31014310586403565,
2023-07-31 13:45:46.208000,-9.313253012048193,-2.698795180722892,0.46987951807228917,-2.6683016554261187,-9.366646229307173,0.9589209074187615,3.0,0.30880230880230874,3238.317757009346,36.831303537089916,9.694539945224635,-6.447875997902219,1197.8021978021977,-1.0,90.03434537711225,0.3101324308461321,
2023-07-31 13:45:46.216000,-9.325301204819278,-2.674698795180723,0.5301204819277109,-2.592274678111588,-9.337216431637032,0.9883507050889024,3.0,0.30880230880230874,3238.317757009346,37.793135598158614,9.78614299865975,-5.791387448283899,1210.2564102564102,-1.0,90.03434537711225,0.3101216726510617,
2023-07-31 13:45:46.223000,-9.349397590361447,-2.674698795180723,0.5542168674698795,-2.6781115879828326,-9.295524218270998,1.0643776824034334,3.0,0.30880230880230874,3238.317757009346,37.88473865159373,9.373929258201734,-4.966959967367869,1222.7106227106226,-1.0,90.03434537711225,0.31011083402565986,
2023-07-31 13:45:46.231000,-9.325301204819278,-2.6867469879518073,0.5662650602409639,-2.6388718577559778,-9.349478847332923,1.0177805027590434,3.0,0.30880230880230874,3238.317757009346,38.38855544548686,9.221257502476544,-4.325738593322067,1235.164835164835,-1.0,90.03434537711225,0.31009991765158845,
2023-07-31 13:45:46.239000,-9.301204819277109,-2.6867469879518073,0.5903614457831325,-2.5849172286940525,-9.364193746167995,1.0766400980993256,3.0,0.30880230880230874,3238.317757009346,38.785502010372355,9.587669716217002,-3.5776469902686316,1248.3516483516482,-1.0,90.03434537711225,0.31008892613919153,
2023-07-31 13:45:46.246000,-9.289156626506024,-2.6867469879518073,0.5903614457831325,-2.7271612507664007,-9.275904353157571,1.0226854690374003,3.0,0.30880230880230874,3238.317757009346,39.19771575083037,9.847211700949826,-2.8448225627877157,1259.3406593406592,-1.0,90.03434537711225,0.3100778620218735,
2023-07-31 13:45:46.254000,-9.301204819277109,-2.698795180722892,0.5783132530120483,-2.6560392397302266,-9.31023911710607,1.0275904353157572,3.0,0.30880230880230874,3238.317757009346,39.74733407144106,10.351028494842955,-1.8066546238564183,1268.8644688644688,-1.0,90.03434537711225,0.31006672775102934,
2023-07-31 13:45:46.262000,-9.313253012048193,-2.662650602409639,0.5783132530120483,-2.587369711833231,-9.290619251992641,1.0643776824034334,3.0,0.30880230880230874,3238.317757009346,40.11374628518152,11.312860555911659,-1.226501952100693,1274.7252747252746,-1.0,90.03434537711225,0.31005552569156575,
2023-07-31 13:45:46.269000,-9.325301204819278,-2.626506024096386,0.5783132530120483,-2.5726548129981603,-9.275904353157571,0.9932556713672593,3.0,0.30880230880230874,3238.317757009346,40.464891323349455,12.13728803682769,-0.875356913932754,1279.120879120879,-1.0,90.03434537711225,0.3100442581180387,
2023-07-31 13:45:46.277000,-9.337349397590362,-2.5903614457831328,0.5542168674698795,-2.5554874310239115,-9.307786633966892,1.0226854690374003,3.0,0.30880230880230874,3238.317757009346,41.106112697395254,12.717440708583414,-0.9974943185129068,1282.7838827838827,-1.0,90.03434537711225,0.3100329272114382,
2023-07-31 13:45:46.285000,-9.313253012048193,-2.6144578313253013,0.5421686746987953,-2.5358675659104843,-9.300429184549357,0.9809932556713672,3.0,0.30880230880230874,3238.317757009346,41.304585979838,13.160188800186468,-1.1654332498106166,1287.179487179487,-1.0,90.03434537711225,0.31002153505664365,
2023-07-31 13:45:46.292000,-9.337349397590362,-2.602409638554217,0.5301204819277109,-2.533415082771306,-9.297976701410178,1.032495401594114,3.0,0.30880230880230874,3238.317757009346,41.94580735388381,13.45026513606433,-1.4555095856884792,1286.4468864468863,-1.0,90.03434537711225,0.3100100836405672,
2023-07-31 13:45:46.300000,-9.373493975903616,-2.6144578313253013,0.5180722891566265,-2.530962599632127,-9.344573881054567,1.0177805027590434,3.0,0.30880230880230874,3238.317757009346,42.51069285006702,14.641104830720819,-1.94405920400909,1283.5164835164835,-1.0,90.03434537711225,0.30999857485100374,
2023-07-31 13:45:46.308000,-9.3855421686747,-2.5783132530120483,0.5060240963855422,-2.5162477007970567,-9.35683629675046,0.9957081545064377,3.0,0.30880230880230874,3238.317757009346,42.51069285006702,14.641104830720819,-1.94405920400909,1278.3882783882782,-1.0,90.03434537711225,0.3099870104762,
2023-07-31 13:45:46.315000,-9.44578313253012,-2.566265060240964,0.5060240963855422,-2.5358675659104843,-9.40098099325567,0.9785407725321887,3.0,0.30880230880230874,3238.317757009346,43.07557834625022,14.885379639881124,-2.4326088223297004,1271.7948717948716,-1.0,90.03434537711225,0.3099753922051492,
2023-07-31 13:45:46.323000,-9.46987951807229,-2.5421686746987953,0.5060240963855422,-2.4255058246474555,-9.459840588595952,0.9368485591661557,3.0,0.30880230880230874,3238.317757009346,43.41145620884564,15.77087582308723,-3.424975234543441,1263.003663003663,-1.0,90.03434537711225,0.3099637216286148,
2023-07-31 13:45:46.331000,-9.506024096385543,-2.4939759036144578,0.49397590361445787,-2.4206008583690988,-9.423053341508277,0.9319435928877988,3.0,0.30835830835830835,3242.980561555076,44.06794475846396,16.167822387972727,-3.852456150573975,1254.9450549450548,-1.0,90.03434537711225,0.30995200024088826,
2023-07-31 13:45:46.338000,-9.493975903614459,-2.5060240963855422,0.4819277108433735,-2.4647455548743102,-9.503985285101164,0.9417535254445125,3.0,0.30880230880230874,3238.317757009346,44.20534933861663,15.938814754384941,-3.6692500437037463,1243.956043956044,-1.0,90.03434537711225,0.3099402292929752,
2023-07-31 13:45:46.346000,-9.493975903614459,-2.566265060240964,0.43373493975903615,-2.55793991416309,-9.43286327406499,0.9368485591661557,3.0,0.30880230880230874,3238.317757009346,43.82366994930366,15.801410174232268,-4.173066837596876,1233.6996336996335,-1.0,90.03434537711225,0.3099284097844644,
2023-07-31 13:45:46.354000,-9.481927710843374,-2.5783132530120483,0.4096385542168675,-2.5039852851011646,-9.44757817290006,0.8583690987124463,3.0,0.30835830835830835,3242.980561555076,43.85420430044869,16.15255521240021,-4.570013402482372,1222.7106227106226,-1.0,90.03434537711225,0.309916542785497,
2023-07-31 13:45:46.361000,-9.433734939759036,-2.5783132530120483,0.44578313253012053,-2.489270386266094,-9.369098712446352,0.8976088289393009,3.0,0.30835830835830835,3242.980561555076,44.26641804090671,15.801410174232268,-4.631082104772449,1215.3846153846152,-1.0,90.03434537711225,0.3099046294194952,
2023-07-31 13:45:46.369000,-9.3855421686747,-2.5903614457831328,0.44578313253012053,-2.4966278356836296,-9.354383813611282,0.9098712446351931,3.0,0.30835830835830835,3242.980561555076,44.26641804090671,15.694539945224635,-4.799021036070158,1210.989010989011,-1.0,90.03434537711225,0.30989267053814146,
2023-07-31 13:45:46.377000,-9.373493975903616,-2.6144578313253013,0.46987951807228917,-2.6315144083384427,-9.334763948497853,0.8608215818516247,3.0,0.30835830835830835,3242.980561555076,44.464891323349455,15.694539945224635,-4.6463492803449675,1216.8498168498168,-1.0,90.03434537711225,0.30988066673676185,
2023-07-31 13:45:46.384000,-9.337349397590362,-2.5903614457831328,0.43373493975903615,-2.5554874310239115,-9.302881667688535,0.8828939301042305,3.0,0.30835830835830835,3242.980561555076,44.19008216304411,15.999883456675017,-4.402074471184663,1231.5018315018315,-1.0,90.03434537711225,0.30986861850810504,
2023-07-31 13:45:46.392000,-9.27710843373494,-2.626506024096386,0.44578313253012053,-2.5554874310239115,-9.270999386879215,0.8362967504598405,3.0,0.30835830835830835,3242.980561555076,44.75496765922732,16.12202086125517,-4.539479051337334,1261.5384615384614,-1.0,90.03434537711225,0.3098565262472444,
2023-07-31 13:45:46.399000,-9.228915662650603,-2.6506024096385543,0.42168674698795183,-2.5971796443899446,-9.199877375843041,0.9172286940527283,3.0,0.30835830835830835,3242.980561555076,44.663364605792204,16.96171551774372,-4.218868364314433,1305.4945054945053,-1.0,90.03434537711225,0.3098443902568727,
2023-07-31 13:45:46.407000,-9.216867469879519,-2.662650602409639,0.39759036144578314,-2.6364193746167994,-9.13856529736358,0.8436541998773758,3.0,0.30835830835830835,3242.980561555076,45.12137987296778,16.946448342171198,-4.188334013169396,1364.8351648351647,-1.0,90.03434537711225,0.3098322107529632,
2023-07-31 13:45:46.415000,-9.253012048192772,-2.6506024096385543,0.3614457831325301,-2.582464745554874,-9.204782342121398,0.86817903126916,3.0,0.30835830835830835,3242.980561555076,45.1366470485403,17.251791853621583,-4.173066837596876,1438.8278388278388,-1.0,90.03434537711225,0.3098199878707741,
2023-07-31 13:45:46.422000,-9.27710843373494,-2.6506024096385543,0.3493975903614458,-2.592274678111588,-9.261189454322501,0.762722256284488,3.0,0.30835830835830835,3242.980561555076,45.335120330983045,17.08385292232387,-4.0967309597342805,1526.007326007326,-1.0,90.03434537711225,0.3098077215324197,
2023-07-31 13:45:46.430000,-9.27710843373494,-2.6506024096385543,0.3734939759036145,-2.621704475781729,-9.221949724095646,0.7381974248927038,3.0,0.30835830835830835,3242.980561555076,46.00687605617388,17.08385292232387,-4.066196608589243,1621.245421245421,-1.0,90.03434537711225,0.3097954116126079,
2023-07-31 13:45:46.438000,-9.301204819277109,-2.6867469879518073,0.3493975903614458,-2.675659104843654,-9.329858982219497,0.7676272225628449,3.0,0.30835830835830835,3242.980561555076,45.86947147602121,17.068585746751353,-3.989860730726647,1720.8791208791208,-1.0,90.03434537711225,0.3097830580731219,
2023-07-31 13:45:46.445000,-9.349397590361447,-2.7228915662650603,0.3373493975903615,-2.6437768240343344,-9.334763948497853,0.7995095033721643,3.0,0.30880230880230874,3238.317757009346,45.976341705028844,16.870112464308605,-3.7455859215663416,1816.117216117216,-1.0,90.03434537711225,0.30977066082082505,
2023-07-31 13:45:46.453000,-9.421686746987952,-2.710843373493976,0.30120481927710846,-2.6683016554261187,-9.427958307786634,0.7921520539546291,3.0,0.30880230880230874,3238.317757009346,46.03741040731892,16.44263154827807,-3.592914165841151,1898.168498168498,-1.0,90.03434537711225,0.30975821986445323,
2023-07-31 13:45:46.461000,-9.421686746987952,-2.734939759036145,0.3253012048192771,-2.7247087676272224,-9.459840588595952,0.8117719190680563,3.0,0.30835830835830835,3242.980561555076,46.17481498747159,16.289959792552878,-3.424975234543441,1964.102564102564,-1.0,90.03434537711225,0.309745735344159,
2023-07-31 13:45:46.468000,-9.433734939759036,-2.7590361445783134,0.30120481927710846,-2.739423666462293,-9.501532801961986,0.7357449417535254,3.0,0.30835830835830835,3242.980561555076,46.17481498747159,15.954081929957459,-3.1348988986655786,2008.7912087912086,-1.0,90.03434537711225,0.30973320725296166,
2023-07-31 13:45:46.476000,-9.44578313253012,-2.746987951807229,0.3253012048192771,-2.6658491722869404,-9.374003678724709,0.8093194359288779,3.0,0.30835830835830835,3242.980561555076,46.57176155235709,15.694539945224635,-3.1196317230930593,2031.5018315018315,-1.0,90.03434537711225,0.30972063542465267,
2023-07-31 13:45:46.484000,-9.409638554216867,-2.771084337349398,0.3132530120481928,-2.729613733905579,-9.35683629675046,0.7529123237277743,3.0,0.30835830835830835,3242.980561555076,46.37328826991434,15.480799487209367,-3.089097371948021,2033.6996336996335,-1.0,90.03434537711225,0.3097080196808873,
2023-07-31 13:45:46.491000,-9.361445783132531,-2.771084337349398,0.27710843373493976,-2.8080931943592886,-9.337216431637032,0.8117719190680563,3.0,0.30835830835830835,3242.980561555076,46.61756307907465,15.526601013926925,-3.1348988986655786,2015.3846153846152,-1.0,90.03434537711225,0.309695359839547,
2023-07-31 13:45:46.499000,-9.325301204819278,-2.783132530120482,0.2530120481927711,-2.7369711833231145,-9.165542611894542,0.7578172900061312,3.0,0.30880230880230874,3238.317757009346,46.464891323349455,15.740341471942193,-2.6768836314900057,1982.4175824175823,-1.0,90.03434537711225,0.3096826557230848,
2023-07-31 13:45:46.507000,-9.240963855421688,-2.783132530120482,0.27710843373493976,-2.781115879828326,-9.207234825260576,0.7308399754751685,3.0,0.30791430791430796,3247.656813266042,46.525960025639534,15.77087582308723,-2.646349280344968,1931.135531135531,-1.0,90.03434537711225,0.3096699073161122,
2023-07-31 13:45:46.514000,-9.216867469879519,-2.783132530120482,0.27710843373493976,-2.7958307786633965,-9.175352544451256,0.7504598405885959,3.0,0.30835830835830835,3242.980561555076,46.35802109434182,15.526601013926925,-2.7837538604976397,1873.260073260073,-1.0,90.03434537711225,0.30965711463564527,
2023-07-31 13:45:46.522000,-9.19277108433735,-2.783132530120482,0.30120481927710846,-2.71244635193133,-9.204782342121398,0.7308399754751685,3.0,0.30835830835830835,3242.980561555076,46.54122720121205,16.09148651011013,-2.4631431734747387,1807.3260073260071,-1.0,90.03434537711225,0.3096442775485408,
2023-07-31 13:45:46.530000,-9.228915662650603,-2.746987951807229,0.26506024096385544,-2.729613733905579,-9.226854690374003,0.7431023911710607,3.0,0.30835830835830835,3242.980561555076,46.648097430219686,16.24415826583532,-2.692150807062525,1735.5311355311353,-1.0,90.03434537711225,0.3096313959496887,
2023-07-31 13:45:46.537000,-9.240963855421688,-2.7590361445783134,0.27710843373493976,-2.6781115879828326,-9.23175965665236,0.6793378295524218,3.0,0.30835830835830835,3242.980561555076,46.159547811899074,15.908280403239901,-2.7684866849251204,1662.2710622710622,-1.0,90.03434537711225,0.30961846978009877,
2023-07-31 13:45:46.545000,-9.253012048192772,-2.746987951807229,0.26506024096385544,-2.6854690374003676,-9.251379521765788,0.7381974248927038,3.0,0.30835830835830835,3242.980561555076,46.38855544548686,15.862478876522346,-3.0127614940854257,1589.0109890109889,681.732177734375,88.01110166077264,0.30960549903422646,
2023-07-31 13:45:46.553000,-9.265060240963855,-2.746987951807229,0.26506024096385544,-2.705088902513795,-9.297976701410178,0.6965052115266707,3.0,0.30835830835830835,3242.980561555076,46.159547811899074,16.015150632247536,-3.60818134141367,1523.0769230769229,-1.0,88.01110166077264,0.30959248376705556,
2023-07-31 13:45:46.560000,-9.301204819277109,-2.746987951807229,0.24096385542168675,-2.6854690374003676,-9.224402207234824,0.7014101778050276,3.0,0.30835830835830835,3242.980561555076,45.35038750655556,15.343394907056696,-3.211234776528174,1461.5384615384614,-1.0,88.01110166077264,0.309579424100914,
2023-07-31 13:45:46.568000,-9.313253012048193,-2.7590361445783134,0.28915662650602414,-2.670754138565297,-9.283261802575106,0.6768853464132434,3.0,0.30835830835830835,3242.980561555076,45.07557834625022,14.93118116659868,-3.5013111124060363,1402.9304029304028,-1.0,88.01110166077264,0.3095663202319977,
2023-07-31 13:45:46.576000,-9.337349397590362,-2.771084337349398,0.2530120481927711,-2.7075413856529735,-9.26364193746168,0.6695278969957081,3.0,0.30835830835830835,3242.980561555076,44.9839752928151,14.015150632247536,-3.3486393566808457,1352.3809523809523,-1.0,88.01110166077264,0.3095531724365842,
2023-07-31 13:45:46.583000,-9.361445783132531,-2.746987951807229,0.2530120481927711,-2.7173513182096873,-9.35683629675046,0.6891477621091354,3.0,0.30835830835830835,3242.980561555076,44.9839752928151,14.015150632247536,-3.3486393566808457,1309.89010989011,-1.0,88.01110166077264,0.3095399810769133,
2023-07-31 13:45:46.591000,-9.373493975903616,-2.7228915662650603,0.24096385542168675,-2.705088902513795,-9.378908645003065,0.6695278969957081,3.0,0.30835830835830835,3242.980561555076,44.55649437678457,13.847211700949826,-3.028028669657945,1276.923076923077,-1.0,88.01110166077264,0.3095267466067198,
2023-07-31 13:45:46.599000,-9.337349397590362,-2.7590361445783134,0.21686746987951808,-2.6830165542611892,-9.31023911710607,0.6793378295524218,3.0,0.30791430791430796,3247.656813266042,44.327486743196786,12.80904376201853,-2.860089738360235,1249.8168498168498,-1.0,88.01110166077264,0.30951346957640025,
2023-07-31 13:45:46.606000,-9.337349397590362,-2.783132530120482,0.24096385542168675,-2.700183936235438,-9.320049049662783,0.703862660944206,3.0,0.30791430791430796,3247.656813266042,43.74733407144106,12.213623914690285,-2.707417982635044,1227.8388278388277,-1.0,88.01110166077264,0.3095001504885093,
2023-07-31 13:45:46.614000,-9.337349397590362,-2.7951807228915664,0.26506024096385544,-2.7369711833231145,-9.297976701410178,0.7308399754751685,3.0,0.30791430791430796,3247.656813266042,43.62519666686091,11.557135365071964,-2.524211875764815,1211.7216117216117,-1.0,88.01110166077264,0.30948678978027966,
2023-07-31 13:45:46.622000,-9.349397590361447,-2.7951807228915664,0.2530120481927711,-2.709993868792152,-9.342121397915388,0.6940527283874923,3.0,0.30791430791430796,3247.656813266042,43.25878445312045,11.77087582308723,-1.959326379581609,1196.3369963369962,-1.0,88.01110166077264,0.3094733879646846,
2023-07-31 13:45:46.629000,-9.337349397590362,-2.783132530120482,0.27710843373493976,-2.700183936235438,-9.317596566523605,0.6965052115266707,3.0,0.30791430791430796,3247.656813266042,43.090845521822736,11.526601013926925,-1.9135248528640518,1183.8827838827838,-1.0,88.01110166077264,0.30945994563215357,
2023-07-31 13:45:46.637000,-9.325301204819278,-2.807228915662651,0.22891566265060243,-2.7467811158798283,-9.27835683629675,0.6842427958307786,3.0,0.30791430791430796,3247.656813266042,43.029776819532664,10.80904376201853,-1.60818134141367,1174.3589743589744,-1.0,88.01110166077264,0.30944646331295256,
2023-07-31 13:45:46.645000,-9.325301204819278,-2.807228915662651,0.18072289156626506,-2.8129981606376453,-9.388718577559779,0.6744328632740649,3.0,0.30791430791430796,3247.656813266042,42.43435697220442,10.259425441407842,-1.8677233261464945,1167.032967032967,-1.0,88.01110166077264,0.3094329416368575,
2023-07-31 13:45:46.652000,-9.301204819277109,-2.855421686746988,0.24096385542168675,-2.798283261802575,-9.234212139791538,0.7063151440833844,3.0,0.30791430791430796,3247.656813266042,42.403822621059376,9.46553231163685,-2.508944700192296,1166.3003663003662,-1.0,88.01110166077264,0.309419381460743,
2023-07-31 13:45:46.660000,-9.289156626506024,-2.9036144578313254,0.27710843373493976,-2.869405272838749,-9.20232985898222,0.7259350091968118,3.0,0.30791430791430796,3247.656813266042,42.022143231746405,9.328127731484177,-2.692150807062525,1167.7655677655678,-1.0,88.01110166077264,0.30940578371890587,
2023-07-31 13:45:46.668000,-9.228915662650603,-2.927710843373494,0.27710843373493976,-2.891477621091355,-9.123850398528509,0.7063151440833844,3.0,0.30747030747030746,3252.346570397112,41.93054017831129,9.77087582308723,-3.3028378299632886,1173.6263736263736,-1.0,88.01110166077264,0.3093921494221442,
2023-07-31 13:45:46.675000,-9.216867469879519,-2.91566265060241,0.2530120481927711,-2.9307173513182097,-9.190067443286328,0.6965052115266707,3.0,0.30791430791430796,3247.656813266042,41.274051628692966,10.015150632247536,-3.1807004253831357,1187.5457875457876,-1.0,88.01110166077264,0.30937847950702785,
2023-07-31 13:45:46.683000,-9.228915662650603,-2.9759036144578315,0.24096385542168675,-2.9871244635193133,-9.155732679337829,0.7161250766400981,3.0,0.30791430791430796,3247.656813266042,41.31985315541053,10.091486510110132,-2.7532195093526015,1208.058608058608,-1.0,88.01110166077264,0.30936477496138837,
2023-07-31 13:45:46.691000,-9.204819277108435,-2.963855421686747,0.2530120481927711,-2.933169834457388,-9.16799509503372,0.7185775597792765,3.0,0.30791430791430796,3247.656813266042,41.07557834625022,9.908280403239903,-2.8906240895052733,1232.967032967033,-1.0,88.01110166077264,0.3093510369808643,
2023-07-31 13:45:46.698000,-9.204819277108435,-2.963855421686747,0.26506024096385544,-2.8890251379521765,-9.197424892703863,0.7087676272225628,3.0,0.30791430791430796,3247.656813266042,41.029776819532664,9.78614299865975,-3.1959676009556546,1263.7362637362637,-1.0,88.01110166077264,0.3093372668271409,
2023-07-31 13:45:46.706000,-9.204819277108435,-2.9759036144578315,0.21686746987951808,-2.8963825873697115,-9.185162477007971,0.6719803801348866,3.0,0.30791430791430796,3247.656813266042,40.54122720121205,9.373929258201734,-3.5013111124060363,1295.970695970696,-1.0,88.01110166077264,0.3093234658245484,
2023-07-31 13:45:46.714000,-9.240963855421688,-2.9759036144578315,0.2530120481927711,-2.911097486204782,-9.199877375843041,0.6474555487431024,3.0,0.30791430791430796,3247.656813266042,39.91527300273877,9.11438727346891,-3.7303187459938227,1328.2051282051282,-1.0,88.01110166077264,0.3093096353563055,
2023-07-31 13:45:46.721000,-9.240963855421688,-2.987951807228916,0.24096385542168675,-2.9944819129368483,-9.175352544451256,0.6891477621091354,3.0,0.30747030747030746,3252.346570397112,39.93054017831129,8.549501777285704,-3.638715692558708,1357.5091575091574,-1.0,88.01110166077264,0.3092957768604518,
2023-07-31 13:45:46.729000,-9.240963855421688,-2.9759036144578315,0.24096385542168675,-2.893930104230533,-9.226854690374003,0.7136725935009196,3.0,0.30791430791430796,3247.656813266042,39.1366470485403,8.106753685682651,-3.6845172192762656,1383.150183150183,-1.0,88.01110166077264,0.30928189167621617,
2023-07-31 13:45:46.737000,-9.253012048192772,-3.0,0.2530120481927711,-2.984671980380135,-9.219497240956468,0.6474555487431024,3.0,0.30791430791430796,3247.656813266042,39.04504399510518,8.671639181865856,-3.9135248528640516,1402.9304029304028,-1.0,88.01110166077264,0.3092679811668727,
2023-07-31 13:45:46.744000,-9.27710843373494,-2.987951807228916,0.21686746987951808,-2.962599632127529,-9.24892703862661,0.7161250766400981,3.0,0.30791430791430796,3247.656813266042,38.61756307907465,8.717440708583414,-3.1501660742380975,1416.117216117216,-1.0,88.01110166077264,0.3092540468739347,
2023-07-31 13:45:46.752000,-9.289156626506024,-2.9759036144578315,0.1927710843373494,-2.8669527896995706,-9.285714285714285,0.6499080318822807,3.0,0.30791430791430796,3247.656813266042,38.37328826991434,8.732707884155934,-3.0127614940854257,1424.1758241758241,-1.0,88.01110166077264,0.3092400903733472,
2023-07-31 13:45:46.760000,-9.301204819277109,-2.963855421686747,0.21686746987951808,-2.9552421827099935,-9.283261802575106,0.6916002452483139,3.0,0.30791430791430796,3247.656813266042,37.99160888060136,8.503700250568146,-2.264669891031991,1426.3736263736262,-1.0,88.01110166077264,0.3092261132703507,
2023-07-31 13:45:46.767000,-9.301204819277109,-2.9397590361445785,0.21686746987951808,-2.903740036787247,-9.256284488044145,0.7014101778050276,3.0,0.30791430791430796,3247.656813266042,37.57939514014335,8.473165899423108,-1.6234485169861892,1419.7802197802198,-1.0,88.01110166077264,0.3092121171943194,
2023-07-31 13:45:46.775000,-9.301204819277109,-2.91566265060241,0.20481927710843376,-2.810545677498467,-9.32495401594114,0.6621704475781729,3.0,0.30747030747030746,3252.346570397112,37.24351727754793,7.740341471942193,-0.676883631490006,1408.058608058608,-1.0,88.01110166077264,0.30919810393237346,
2023-07-31 13:45:46.782000,-9.301204819277109,-2.9036144578313254,0.24096385542168675,-2.8718577559779277,-9.275904353157571,0.6548129981606376,3.0,0.30791430791430796,3247.656813266042,36.4190897966319,6.732707884155933,-0.24940271545947168,1391.9413919413919,-1.0,88.01110166077264,0.3091840751158921,
2023-07-31 13:45:46.790000,-9.27710843373494,-2.879518072289157,0.2530120481927711,-2.839975475168608,-9.268546903740036,0.7063151440833844,3.0,0.30791430791430796,3247.656813266042,35.961074529456326,5.709807120797155,0.7429636967542688,1372.161172161172,-1.0,88.01110166077264,0.3091700322153771,
2023-07-31 13:45:46.798000,-9.253012048192772,-2.891566265060241,0.24096385542168675,-2.8841201716738194,-9.20232985898222,0.6033108522378908,3.0,0.30791430791430796,3247.656813266042,35.518326437853275,5.083852922323872,1.0635743837771694,1349.4505494505493,-1.0,88.01110166077264,0.3091559768437166,
2023-07-31 13:45:46.805000,-9.265060240963855,-2.8674698795180724,0.27710843373493976,-2.8252605763335374,-9.290619251992641,0.745554874310239,3.0,0.30791430791430796,3247.656813266042,35.472524911135714,4.2136239146902845,2.1475438494260244,1321.6117216117216,-1.0,88.01110166077264,0.3091419107512469,
2023-07-31 13:45:46.813000,-9.228915662650603,-2.843373493975904,0.30120481927710846,-2.844880441446965,-9.21704475781729,0.7602697731453096,3.0,0.30747030747030746,3252.346570397112,34.61756307907465,3.038051395606315,3.002505681487093,1293.7728937728937,-1.0,88.01110166077264,0.30912783566196245,
2023-07-31 13:45:46.821000,-9.240963855421688,-2.843373493975904,0.3493975903614458,-2.7958307786633965,-9.256284488044145,0.7896995708154506,3.0,0.30747030747030746,3252.346570397112,34.19008216304411,2.3968300215605134,2.7429636967542685,1267.3992673992673,-1.0,88.01110166077264,0.3091137531310091,
2023-07-31 13:45:46.828000,-9.253012048192772,-2.819277108433735,0.3493975903614458,-2.7467811158798283,-9.224402207234824,0.8166768853464133,3.0,0.30747030747030746,3252.346570397112,34.05267758289144,2.152555212400208,3.7658644601130473,1244.6886446886447,-1.0,88.01110166077264,0.30909966464754624,
2023-07-31 13:45:46.836000,-9.289156626506024,-2.843373493975904,0.39759036144578314,-2.8203556100551808,-9.266094420600858,0.8559166155732679,3.0,0.30747030747030746,3252.346570397112,34.00687605617389,1.3433949070566968,4.575024765456559,1223.4432234432234,-1.0,88.01110166077264,0.3090855714812869,
2023-07-31 13:45:46.844000,-9.289156626506024,-2.819277108433735,0.39759036144578314,-2.8129981606376453,-9.209687308399754,0.8583690987124463,3.0,0.30791430791430796,3247.656813266042,33.655731018005945,1.8014101742322692,4.788765223471826,1202.9304029304028,-1.0,88.01110166077264,0.3090714748375292,
2023-07-31 13:45:46.851000,-9.289156626506024,-2.819277108433735,0.3855421686746988,-2.7664009809932555,-9.288166768853463,0.8412017167381973,3.0,0.30747030747030746,3252.346570397112,33.7015325447235,2.3510284948429563,5.307849192937475,1186.8131868131868,-1.0,88.01110166077264,0.3090573761300699,
2023-07-31 13:45:46.859000,-9.313253012048193,-2.7951807228915664,0.4096385542168675,-2.7565910484365417,-9.280809319435928,0.8289393010423053,3.0,0.30747030747030746,3252.346570397112,33.7015325447235,2.3510284948429563,5.307849192937475,1175.0915750915751,-1.0,88.01110166077264,0.30904327670085163,
2023-07-31 13:45:46.867000,-9.313253012048193,-2.746987951807229,0.43373493975903615,-2.7148988350705086,-9.266094420600858,0.9172286940527283,3.0,0.30747030747030746,3252.346570397112,33.716799720296024,2.6258376551483,5.23151331507488,1169.9633699633698,-1.0,88.01110166077264,0.30902917765758486,
2023-07-31 13:45:46.874000,-9.301204819277109,-2.7228915662650603,0.44578313253012053,-2.6143470263641935,-9.253832004904966,0.8461066830165542,3.0,0.30747030747030746,3252.346570397112,33.472524911135714,3.1449216246139486,5.643727055532895,1167.7655677655678,-1.0,88.01110166077264,0.3090150800094849,
2023-07-31 13:45:46.882000,-9.349397590361447,-2.6867469879518073,0.46987951807228917,-2.6020846106683013,-9.332311465358675,0.927038626609442,3.0,0.30747030747030746,3252.346570397112,33.41145620884564,3.9998834566750174,5.949070566983276,1168.4981684981685,-1.0,88.01110166077264,0.3090009845257903,
2023-07-31 13:45:46.890000,-9.349397590361447,-2.6144578313253013,0.44578313253012053,-2.550582464745555,-9.347026364193745,0.8877988963825874,3.0,0.30747030747030746,3252.346570397112,33.274051628692966,3.9235475788124217,5.613192704387856,1168.4981684981685,-1.0,88.01110166077264,0.3089868917537306,
2023-07-31 13:45:46.897000,-9.397590361445783,-2.5421686746987953,0.4819277108433735,-2.5137952176578784,-9.3862660944206,0.9147762109135499,3.0,0.30747030747030746,3252.346570397112,33.57939514014335,3.572402540644483,6.300215605151215,1169.230769230769,-1.0,88.01110166077264,0.3089728021644678,
2023-07-31 13:45:46.905000,-9.409638554216867,-2.4939759036144578,0.5421686746987953,-2.3543838136112814,-9.378908645003065,0.9932556713672593,3.0,0.30747030747030746,3252.346570397112,33.838937124876175,2.442631548278071,6.55975758988404,1169.9633699633698,-1.0,88.01110166077264,0.30895871615033904,
2023-07-31 13:45:46.913000,-9.433734939759036,-2.4578313253012047,0.5783132530120483,-2.4451256897608826,-9.391171060698957,1.0692826486817903,3.0,0.30747030747030746,3252.346570397112,33.60992949128839,0.7327078841559335,6.8040323990443445,1172.161172161172,-1.0,88.01110166077264,0.30894463402273364,
2023-07-31 13:45:46.920000,-9.457831325301205,-2.4457831325301207,0.6144578313253012,-2.369098712446352,-9.452483139178417,1.0374003678724708,3.0,0.30747030747030746,3252.346570397112,33.30458597983801,-0.045918070042539824,6.178078200571062,1177.2893772893772,-1.0,88.01110166077264,0.30893055614938425,
2023-07-31 13:45:46.928000,-9.44578313253012,-2.4457831325301207,0.6385542168674699,-2.3740036787247085,-9.430410790925812,1.103617412630288,3.0,0.30747030747030746,3252.346570397112,33.36565468212808,-1.2978264669891046,5.8880018646932,1184.6153846153845,-1.0,88.01110166077264,0.3089164829332213,
2023-07-31 13:45:46.936000,-9.421686746987952,-2.4216867469879517,0.674698795180723,-2.342121397915389,-9.41814837522992,1.1305947271612506,3.0,0.30747030747030746,3252.346570397112,33.655731018005945,-2.2596585280578068,5.23151331507488,1193.4065934065934,-1.0,88.01110166077264,0.30890241452558265,
2023-07-31 13:45:46.943000,-9.373493975903616,-2.4216867469879517,0.6987951807228916,-2.4058859595340283,-9.305334150827713,1.1477621091354997,3.0,0.30747030747030746,3252.346570397112,33.10611269739526,-2.274925703630326,4.315482780723734,1200.0,-1.0,88.01110166077264,0.30888835098713163,
2023-07-31 13:45:46.951000,-9.349397590361447,-2.4698795180722892,0.6867469879518072,-2.4500306560392398,-9.275904353157571,1.155119558553035,3.0,0.30747030747030746,3252.346570397112,33.16718139968533,-1.0688188334013184,3.0635743837771696,1205.128205128205,-1.0,88.01110166077264,0.30887429241780945,
2023-07-31 13:45:46.959000,-9.337349397590362,-2.5060240963855422,0.6265060240963856,-2.4206008583690988,-9.23175965665236,1.1158798283261802,3.0,0.30747030747030746,3252.346570397112,33.18244857525785,0.24415826583532277,2.086475147135948,1210.2564102564102,-1.0,88.01110166077264,0.3088602388106411,
2023-07-31 13:45:46.966000,-9.27710843373494,-2.5542168674698797,0.6144578313253012,-2.528510116492949,-9.241569589209075,1.0987124463519313,3.0,0.307026307026307,3257.0498915401304,32.831303537089916,2.4731658994231087,0.8956354524794595,1213.1868131868132,-1.0,88.01110166077264,0.3088461900554012,
2023-07-31 13:45:46.974000,-9.253012048192772,-2.566265060240964,0.5783132530120483,-2.489270386266094,-9.212139791538933,1.0472103004291844,3.0,0.307026307026307,3257.0498915401304,33.07557834625022,5.694539945224635,-0.1577996620243572,1216.117216117216,-1.0,88.01110166077264,0.3088321459323057,
2023-07-31 13:45:46.982000,-9.228915662650603,-2.5783132530120483,0.5301204819277109,-2.560392397302268,-9.21704475781729,0.9932556713672593,3.0,0.307026307026307,3257.0498915401304,33.16718139968533,9.068585746751353,-1.3791737078258839,1219.047619047619,-1.0,88.01110166077264,0.3088181059358136,
2023-07-31 13:45:46.989000,-9.228915662650603,-2.602409638554217,0.4819277108433735,-2.5432250153280194,-9.172900061312077,0.9711833231146535,3.0,0.307026307026307,3257.0498915401304,33.57939514014335,12.549501777285704,-2.3868072956121433,1224.1758241758241,-1.0,88.01110166077264,0.3088040692894472,
2023-07-31 13:45:46.997000,-9.265060240963855,-2.5903614457831328,0.46987951807228917,-2.55793991416309,-9.241569589209075,0.8828939301042305,3.0,0.30747030747030746,3252.346570397112,33.16718139968533,14.80904376201853,-2.7226851582075633,1229.3040293040292,-1.0,88.01110166077264,0.30879003509894104,
2023-07-31 13:45:47.005000,-9.253012048192772,-2.5903614457831328,0.43373493975903615,-2.481912936848559,-9.204782342121398,0.9221336603310851,3.0,0.30747030747030746,3252.346570397112,33.54886078899831,16.6258376551483,-2.9364256162228304,1232.2344322344322,-1.0,88.01110166077264,0.3087760025057659,
2023-07-31 13:45:47.012000,-9.325301204819278,-2.602409638554217,0.39759036144578314,-2.530962599632127,-9.258736971183323,0.851011649294911,3.0,0.30747030747030746,3252.346570397112,33.53359361342579,17.08385292232387,-2.8448225627877157,1234.4322344322343,-1.0,88.01110166077264,0.308761970713601,
2023-07-31 13:45:47.020000,-9.3855421686747,-2.6506024096385543,0.3734939759036145,-2.616799509503372,-9.415695892090742,0.8338442673206621,3.0,0.30747030747030746,3252.346570397112,33.54886078899831,17.144921624613946,-2.997494318512907,1235.8974358974358,-1.0,88.01110166077264,0.3087479388562367,
2023-07-31 13:45:47.028000,-9.46987951807229,-2.602409638554217,0.3855421686746988,-2.575107296137339,-9.545677498467198,0.8191293684855916,3.0,0.30747030747030746,3252.346570397112,33.86947147602121,16.42736437270555,-2.157799662024357,1238.095238095238,-1.0,88.01110166077264,0.3087339060047743,
2023-07-31 13:45:47.035000,-9.530120481927712,-2.5542168674698797,0.3734939759036145,-2.459840588595953,-9.580012262415696,0.7995095033721643,3.0,0.307026307026307,3257.0498915401304,34.44962414777694,14.763242235300972,-1.7455859215663418,1238.8278388278388,-1.0,88.01110166077264,0.3087198711753596,
2023-07-31 13:45:47.043000,-9.602409638554217,-2.5301204819277108,0.3855421686746988,-2.530962599632127,-9.58982219497241,0.8166768853464133,3.0,0.307026307026307,3257.0498915401304,34.38855544548686,12.854845288736085,-1.8219217994289372,1238.8278388278388,-1.0,88.01110166077264,0.30870583318813943,
2023-07-31 13:45:47.051000,-9.602409638554217,-2.5783132530120483,0.3614457831325301,-2.4794604537093807,-9.643776824034335,0.8019619865113427,3.0,0.307026307026307,3257.0498915401304,33.88473865159373,10.13728803682769,-1.959326379581609,1238.8278388278388,-1.0,88.01110166077264,0.3086917906541336,
2023-07-31 13:45:47.058000,-9.602409638554217,-2.602409638554217,0.3614457831325301,-2.6069895769466584,-9.575107296137338,0.8191293684855916,3.0,0.307026307026307,3257.0498915401304,33.961074529456326,8.351028494842955,-2.4173416467571816,1241.7582417582416,-1.0,88.01110166077264,0.308677742121514,
2023-07-31 13:45:47.066000,-9.566265060240964,-2.63855421686747,0.39759036144578314,-2.5775597792765175,-9.503985285101164,0.851011649294911,3.0,0.307026307026307,3257.0498915401304,33.716799720296024,5.999883456675017,-2.1119981353068,1246.8864468864467,-1.0,88.01110166077264,0.3086636860833954,
2023-07-31 13:45:47.074000,-9.46987951807229,-2.662650602409639,0.39759036144578314,-2.5947271612507663,-9.41814837522992,0.8313917841814837,3.0,0.307026307026307,3257.0498915401304,34.11374628518152,5.190723151331506,-1.8371889750014563,1254.212454212454,-1.0,88.01110166077264,0.30864962098586285,
2023-07-31 13:45:47.081000,-9.3855421686747,-2.662650602409639,0.42168674698795183,-2.6266094420600856,-9.35683629675046,0.86817903126916,3.0,0.307026307026307,3257.0498915401304,33.93054017831129,4.9922498688887575,-1.7303187459938227,1272.5274725274724,-1.0,88.01110166077264,0.30863554537496185,
2023-07-31 13:45:47.089000,-9.337349397590362,-2.674698795180723,0.44578313253012053,-2.5898221949724096,-9.224402207234824,0.8902513795217657,3.0,0.307026307026307,3257.0498915401304,33.74733407144106,5.343394907056696,-1.928792028436571,1304.0293040293038,-1.0,88.01110166077264,0.3086214577460012,
2023-07-31 13:45:47.097000,-9.253012048192772,-2.710843373493976,0.44578313253012053,-2.6192519926425506,-9.224402207234824,0.8902513795217657,3.0,0.307026307026307,3257.0498915401304,33.67099819357846,6.564768952858223,-2.0051279062991663,1349.4505494505493,-1.0,88.01110166077264,0.3086073564245342,
2023-07-31 13:45:47.104000,-9.228915662650603,-2.710843373493976,0.42168674698795183,-2.705088902513795,-9.18270999386879,0.8730839975475169,3.0,0.307026307026307,3257.0498915401304,33.50305926228075,7.816677349804788,-2.3715401200396244,1408.7912087912086,-1.0,88.01110166077264,0.30859323972419295,
2023-07-31 13:45:47.112000,-9.204819277108435,-2.746987951807229,0.43373493975903615,-2.6486817903126916,-9.13856529736358,0.8730839975475169,3.0,0.307026307026307,3257.0498915401304,33.472524911135714,8.96171551774372,-2.4326088223297004,1483.5164835164835,-1.0,88.01110166077264,0.308579106094088,
2023-07-31 13:45:47.120000,-9.204819277108435,-2.7228915662650603,0.42168674698795183,-2.6486817903126916,-9.18270999386879,0.9589209074187615,3.0,0.307026307026307,3257.0498915401304,33.014509643960146,10.671639181865856,-2.7837538604976397,1568.4981684981683,-1.0,88.01110166077264,0.30856495396842143,
2023-07-31 13:45:47.127000,-9.216867469879519,-2.710843373493976,0.4096385542168675,-2.6952789699570814,-9.20232985898222,0.851011649294911,3.0,0.307026307026307,3257.0498915401304,33.50305926228075,12.351028494842955,-2.707417982635044,1663.7362637362637,-1.0,88.01110166077264,0.30855078178642525,
2023-07-31 13:45:47.135000,-9.240963855421688,-2.710843373493976,0.39759036144578314,-2.6364193746167994,-9.236664622930716,0.8142244022072348,3.0,0.307026307026307,3257.0498915401304,33.50305926228075,12.351028494842955,-2.707417982635044,1760.4395604395604,-1.0,88.01110166077264,0.3085365881299228,
2023-07-31 13:45:47.143000,-9.289156626506024,-2.698795180722892,0.3734939759036145,-2.6241569589209073,-9.283261802575106,0.851011649294911,3.0,0.307026307026307,3257.0498915401304,33.31985315541053,12.732707884155934,-2.692150807062525,1854.9450549450548,-1.0,88.01110166077264,0.30852237158399143,
2023-07-31 13:45:47.150000,-9.301204819277109,-2.698795180722892,0.3855421686746988,-2.658491722869405,-9.219497240956468,0.838749233599019,3.0,0.30747030747030746,3252.346570397112,33.42672338441816,12.992249868888758,-2.7226851582075633,1941.3919413919414,-1.0,88.01110166077264,0.3085081306079646,
2023-07-31 13:45:47.158000,-9.301204819277109,-2.698795180722892,0.42168674698795183,-2.6732066217044754,-9.297976701410178,0.8706315144083384,3.0,0.307026307026307,3257.0498915401304,33.44199055999068,12.27469261698036,-2.661616455917487,2013.9194139194137,-1.0,88.01110166077264,0.30849386385336947,
2023-07-31 13:45:47.165000,-9.349397590361447,-2.698795180722892,0.4096385542168675,-2.670754138565297,-9.381361128142244,0.851011649294911,3.0,0.307026307026307,3257.0498915401304,33.014509643960146,12.060952158965094,-2.4173416467571816,2068.131868131868,-1.0,88.01110166077264,0.3084795701733842,
2023-07-31 13:45:47.173000,-9.3855421686747,-2.674698795180723,0.42168674698795183,-2.6143470263641935,-9.381361128142244,0.9196811771919068,3.0,0.307026307026307,3257.0498915401304,33.029776819532664,10.595303304003261,-1.8524561505739754,2103.296703296703,-1.0,88.01110166077264,0.30846524832379085,
2023-07-31 13:45:47.181000,-9.421686746987952,-2.674698795180723,0.42168674698795183,-2.641324340895156,-9.408338442673205,0.9294911097486205,3.0,0.307026307026307,3257.0498915401304,33.274051628692966,9.831944525377308,-1.6692500437037465,2115.0183150183148,-1.0,88.01110166077264,0.308450896972052,
2023-07-31 13:45:47.188000,-9.421686746987952,-2.63855421686747,0.44578313253012053,-2.575107296137339,-9.40098099325567,0.9025137952176578,3.0,0.307026307026307,3257.0498915401304,33.472524911135714,8.96171551774372,-1.3181050055358075,2106.9597069597066,-1.0,88.01110166077264,0.3084365148651968,
2023-07-31 13:45:47.196000,-9.397590361445783,-2.6506024096385543,0.45783132530120485,-2.5849172286940525,-9.420600858369099,0.8534641324340895,3.0,0.307026307026307,3257.0498915401304,33.07557834625022,8.213623914690285,-1.043295845230464,2077.6556776556777,-1.0,88.01110166077264,0.308422100965855,
2023-07-31 13:45:47.204000,-9.3855421686747,-2.662650602409639,0.42168674698795183,-2.629061925199264,-9.437768240343347,0.8877988963825874,3.0,0.30747030747030746,3252.346570397112,32.77023483479984,7.6640055940795975,-1.043295845230464,2032.9670329670328,-1.0,88.01110166077264,0.3084076543112278,
2023-07-31 13:45:47.211000,-9.397590361445783,-2.674698795180723,0.45783132530120485,-2.6266094420600856,-9.405885959534027,0.9123237277743715,3.0,0.307026307026307,3257.0498915401304,32.663364605792204,7.0991200978963915,-0.7684866849251205,1973.6263736263736,-1.0,88.01110166077264,0.3083931741702801,
2023-07-31 13:45:47.219000,-9.409638554216867,-2.674698795180723,0.44578313253012053,-2.582464745554874,-9.349478847332923,0.8976088289393009,3.0,0.307026307026307,3257.0498915401304,33.090845521822736,7.267059029194101,-0.6005477536274106,1904.0293040293038,-1.0,88.01110166077264,0.30837865992384206,
2023-07-31 13:45:47.227000,-9.3855421686747,-2.6506024096385543,0.45783132530120485,-2.6192519926425506,-9.327406499080318,0.8559166155732679,3.0,0.307026307026307,3257.0498915401304,32.90763941495251,7.160188800186468,-0.8906240895052732,1827.8388278388277,-1.0,88.01110166077264,0.3083641109127967,
2023-07-31 13:45:47.234000,-9.325301204819278,-2.674698795180723,0.44578313253012053,-2.6241569589209073,-9.285714285714285,0.8755364806866952,3.0,0.307026307026307,3257.0498915401304,32.43435697220442,7.969349105529979,-1.3181050055358075,1748.7179487179485,-1.0,88.01110166077264,0.30834952658373943,
2023-07-31 13:45:47.242000,-9.313253012048193,-2.674698795180723,0.43373493975903615,-2.658491722869405,-9.307786633966892,0.8559166155732679,3.0,0.307026307026307,3257.0498915401304,32.23588368976167,9.11438727346891,-1.4707767612609983,1673.260073260073,-1.0,88.01110166077264,0.3083349064954705,
2023-07-31 13:45:47.250000,-9.337349397590362,-2.674698795180723,0.4096385542168675,-2.611894543225015,-9.320049049662783,0.8632740649908032,3.0,0.307026307026307,3257.0498915401304,32.22061651418915,10.305226968125398,-1.77612027271138,1602.9304029304028,-1.0,88.01110166077264,0.30832025032506244,
2023-07-31 13:45:47.257000,-9.337349397590362,-2.6506024096385543,0.44578313253012053,-2.5775597792765175,-9.354383813611282,0.9000613120784794,3.0,0.307026307026307,3257.0498915401304,32.31221956762427,11.09912009789639,-2.2341355398869527,1537.7289377289376,-1.0,88.01110166077264,0.30830555787349556,
2023-07-31 13:45:47.265000,-9.349397590361447,-2.6506024096385543,0.44578313253012053,-2.599632127529123,-9.270999386879215,0.8927038626609441,3.0,0.307026307026307,3257.0498915401304,32.23588368976167,11.63347124293456,-2.4326088223297004,1481.3186813186812,704.7119140625,85.14117443270396,0.30829082907085775,
2023-07-31 13:45:47.273000,-9.349397590361447,-2.6506024096385543,0.4096385542168675,-2.5898221949724096,-9.327406499080318,0.7995095033721643,3.0,0.30658230658230656,3261.766835626358,31.86947147602121,12.305226968125398,-2.508944700192296,1435.164835164835,-1.0,85.14117443270396,0.3082760639811093,
2023-07-31 13:45:47.280000,-9.3855421686747,-2.63855421686747,0.39759036144578314,-2.5187001839362355,-9.369098712446352,0.8240343347639485,3.0,0.307026307026307,3257.0498915401304,31.655731018005945,12.030417807820054,-2.692150807062525,1397.069597069597,-1.0,85.14117443270396,0.3082612627958623,
2023-07-31 13:45:47.288000,-9.409638554216867,-2.626506024096386,0.43373493975903615,-2.550582464745555,-9.408338442673205,0.9589209074187615,3.0,0.307026307026307,3257.0498915401304,31.518326437853272,11.511333838354407,-2.6158149291999298,1364.102564102564,-1.0,85.14117443270396,0.3082464258065601,
2023-07-31 13:45:47.296000,-9.3855421686747,-2.6144578313253013,0.42168674698795183,-2.540772532188841,-9.37155119558553,0.8877988963825874,3.0,0.307026307026307,3257.0498915401304,31.487792086708236,10.335761319270437,-2.707417982635044,1335.5311355311355,-1.0,85.14117443270396,0.3082315534392548,
2023-07-31 13:45:47.303000,-9.409638554216867,-2.5903614457831328,0.4096385542168675,-2.4843654199877374,-9.415695892090742,0.8755364806866952,3.0,0.307026307026307,3257.0498915401304,31.59466231571587,9.511333838354407,-2.661616455917487,1311.3553113553112,-1.0,85.14117443270396,0.3082166462677958,
2023-07-31 13:45:47.311000,-9.373493975903616,-2.5542168674698797,0.42168674698795183,-2.523605150214592,-9.337216431637032,0.8877988963825874,3.0,0.307026307026307,3257.0498915401304,30.983975292815106,8.503700250568146,-2.7532195093526015,1290.10989010989,-1.0,85.14117443270396,0.30820170501605537,
2023-07-31 13:45:47.319000,-9.337349397590362,-2.5783132530120483,0.43373493975903615,-2.459840588595953,-9.327406499080318,0.9123237277743715,3.0,0.307026307026307,3257.0498915401304,30.831303537089916,7.969349105529979,-2.9669599673678686,1270.3296703296703,-1.0,85.14117443270396,0.308186730421003,
2023-07-31 13:45:47.326000,-9.361445783132531,-2.566265060240964,0.4819277108433735,-2.5137952176578784,-9.33966891477621,0.9147762109135499,3.0,0.307026307026307,3257.0498915401304,30.58702872792961,7.648738418507079,-3.1043645475205404,1252.014652014652,-1.0,85.14117443270396,0.30817172339326326,
2023-07-31 13:45:47.334000,-9.325301204819278,-2.5783132530120483,0.45783132530120485,-2.530962599632127,-9.297976701410178,0.944206008583691,3.0,0.307026307026307,3257.0498915401304,30.312219567624265,7.801410174232269,-3.1348988986655786,1233.6996336996335,-1.0,85.14117443270396,0.3081566851457788,
2023-07-31 13:45:47.342000,-9.325301204819278,-2.5783132530120483,0.46987951807228917,-2.5481299816063765,-9.226854690374003,0.9098712446351931,3.0,0.30658230658230656,3261.766835626358,29.93054017831129,8.228891090262803,-3.5165782879785557,1219.047619047619,-1.0,85.14117443270396,0.3081416170453979,
2023-07-31 13:45:47.349000,-9.325301204819278,-2.602409638554217,0.49397590361445787,-2.5432250153280194,-9.285714285714285,0.944206008583691,3.0,0.307026307026307,3257.0498915401304,29.625196666860905,8.900646815453642,-3.2875706543907692,1207.3260073260074,-1.0,85.14117443270396,0.3081265204641061,
2023-07-31 13:45:47.357000,-9.337349397590362,-2.6144578313253013,0.4819277108433735,-2.5260576333537705,-9.305334150827713,0.9123237277743715,3.0,0.30658230658230656,3261.766835626358,29.151914224112815,9.358662082629216,-3.7150515704213034,1199.2673992673992,-1.0,85.14117443270396,0.308111396906633,
2023-07-31 13:45:47.365000,-9.325301204819278,-2.5903614457831328,0.4819277108433735,-2.5849172286940525,-9.317596566523605,0.9025137952176578,3.0,0.30658230658230656,3261.766835626358,29.24351727754793,9.77087582308723,-3.547112639123594,1193.4065934065934,-1.0,85.14117443270396,0.3080962480199499,
2023-07-31 13:45:47.372000,-9.325301204819278,-2.626506024096386,0.44578313253012053,-2.582464745554874,-9.268546903740036,0.86817903126916,3.0,0.307026307026307,3257.0498915401304,28.953440941670067,10.12202086125517,-3.77612027271138,1191.9413919413919,-1.0,85.14117443270396,0.30808107543200436,
2023-07-31 13:45:47.380000,-9.361445783132531,-2.63855421686747,0.39759036144578314,-2.5971796443899446,-9.315144083384427,0.8412017167381973,3.0,0.30658230658230656,3261.766835626358,28.770234834799837,10.152555212400207,-3.8371889750014563,1196.3369963369962,-1.0,85.14117443270396,0.3080658810371333,
2023-07-31 13:45:47.388000,-9.397590361445783,-2.602409638554217,0.39759036144578314,-2.550582464745555,-9.381361128142244,0.8902513795217657,3.0,0.307026307026307,3257.0498915401304,28.388555445486862,9.587669716217002,-3.8371889750014563,1206.5934065934066,-1.0,85.14117443270396,0.3080506668655557,
2023-07-31 13:45:47.395000,-9.3855421686747,-2.6144578313253013,0.4096385542168675,-2.5775597792765175,-9.37155119558553,0.8608215818516247,3.0,0.30658230658230656,3261.766835626358,28.75496765922732,9.63347124293456,-3.852456150573975,1220.5128205128203,-1.0,85.14117443270396,0.3080354350701925,
2023-07-31 13:45:47.403000,-9.361445783132531,-2.626506024096386,0.4096385542168675,-2.55793991416309,-9.320049049662783,0.8632740649908032,3.0,0.307026307026307,3257.0498915401304,28.632830254647168,9.419730784919292,-3.959326379581609,1237.3626373626373,-1.0,85.14117443270396,0.30802018793423175,
2023-07-31 13:45:47.411000,-9.349397590361447,-2.602409638554217,0.39759036144578314,-2.550582464745555,-9.312691600245248,0.86817903126916,3.0,0.30658230658230656,3261.766835626358,28.632830254647168,9.419730784919292,-3.959326379581609,1256.4102564102564,-1.0,85.14117443270396,0.30800492799606877,
2023-07-31 13:45:47.418000,-9.373493975903616,-2.6144578313253013,0.44578313253012053,-2.530962599632127,-9.329858982219497,0.8877988963825874,3.0,0.30658230658230656,3261.766835626358,28.57176155235709,9.60293689178952,-3.806654623856418,1276.923076923077,-1.0,85.14117443270396,0.3079896578971529,
2023-07-31 13:45:47.426000,-9.3855421686747,-2.602409638554217,0.42168674698795183,-2.575107296137339,-9.329858982219497,0.9147762109135499,3.0,0.30658230658230656,3261.766835626358,28.541227201212052,9.205990326904026,-3.4860439368335174,1297.4358974358975,-1.0,85.14117443270396,0.30797438009072803,
2023-07-31 13:45:47.434000,-9.421686746987952,-2.5903614457831328,0.43373493975903615,-2.5726548129981603,-9.359288779889638,0.9172286940527283,3.0,0.30658230658230656,3261.766835626358,28.831303537089916,7.755608647514712,-3.409708058970922,1316.4835164835165,-1.0,85.14117443270396,0.30795909726357323,
2023-07-31 13:45:47.441000,-9.421686746987952,-2.5903614457831328,0.44578313253012053,-2.5383200490496627,-9.410790925812385,0.9049662783568363,3.0,0.30658230658230656,3261.766835626358,28.78550201037236,7.343394907056696,-3.3639065322533646,1334.7985347985348,-1.0,85.14117443270396,0.3079438123102655,
2023-07-31 13:45:47.449000,-9.3855421686747,-2.5903614457831328,0.45783132530120485,-2.55793991416309,-9.391171060698957,0.956468424279583,3.0,0.30658230658230656,3261.766835626358,28.999242468387624,7.28232620476662,-3.165433249810617,1347.985347985348,-1.0,85.14117443270396,0.30792852817954397,
2023-07-31 13:45:47.457000,-9.361445783132531,-2.5903614457831328,0.5060240963855422,-2.5383200490496627,-9.332311465358675,0.9613733905579399,3.0,0.30658230658230656,3261.766835626358,29.121379872967776,7.160188800186468,-3.592914165841151,1356.7765567765566,-1.0,85.14117443270396,0.3079132478695235,
2023-07-31 13:45:47.464000,-9.349397590361447,-2.5903614457831328,0.4819277108433735,-2.540772532188841,-9.369098712446352,0.9147762109135499,3.0,0.30658230658230656,3261.766835626358,29.289318804265488,7.511333838354407,-3.5318454635510745,1362.6373626373625,-1.0,85.14117443270396,0.30789797428373694,
2023-07-31 13:45:47.472000,-9.361445783132531,-2.602409638554217,0.4819277108433735,-2.5775597792765175,-9.285714285714285,0.9368485591661557,3.0,0.30658230658230656,3261.766835626358,29.36565468212808,8.732707884155934,-3.089097371948021,1364.102564102564,-1.0,85.14117443270396,0.30788271038467263,
2023-07-31 13:45:47.480000,-9.325301204819278,-2.566265060240964,0.45783132530120485,-2.5187001839362355,-9.366646229307173,0.9221336603310851,3.0,0.30658230658230656,3261.766835626358,29.56412796457083,9.725074296369673,-3.211234776528174,1357.5091575091574,-1.0,85.14117443270396,0.30786745931544607,
2023-07-31 13:45:47.487000,-9.313253012048193,-2.5903614457831328,0.44578313253012053,-2.592274678111588,-9.322501532801962,0.9245861434702636,3.0,0.30658230658230656,3261.766835626358,29.380921857700603,10.747975059728452,-3.592914165841151,1346.5201465201465,-1.0,85.14117443270396,0.30785222424445047,
2023-07-31 13:45:47.495000,-9.361445783132531,-2.5903614457831328,0.43373493975903615,-2.533415082771306,-9.361741263028817,0.9245861434702636,3.0,0.30658230658230656,3261.766835626358,29.44199055999068,12.228891090262803,-3.60818134141367,1332.6007326007325,-1.0,85.14117443270396,0.30783700835902894,
2023-07-31 13:45:47.503000,-9.373493975903616,-2.6144578313253013,0.43373493975903615,-2.6020846106683013,-9.320049049662783,0.86817903126916,3.0,0.30658230658230656,3261.766835626358,29.350387506555563,13.373929258201734,-3.8829905017190134,1320.14652014652,-1.0,85.14117443270396,0.3078218148589142,
2023-07-31 13:45:47.510000,-9.361445783132531,-2.626506024096386,0.42168674698795183,-2.6437768240343344,-9.312691600245248,0.8828939301042305,3.0,0.30658230658230656,3261.766835626358,29.258784453120448,14.351028494842955,-4.295204242177029,1306.9597069597069,-1.0,85.14117443270396,0.30780664694947896,
2023-07-31 13:45:47.518000,-9.349397590361447,-2.6506024096385543,0.3734939759036145,-2.658491722869405,-9.31023911710607,0.82158185162477,3.0,0.30658230658230656,3261.766835626358,29.90000582716625,14.93118116659868,-4.188334013169396,1293.040293040293,-1.0,85.14117443270396,0.30779150783483594,
2023-07-31 13:45:47.526000,-9.337349397590362,-2.6506024096385543,0.3493975903614458,-2.629061925199264,-9.270999386879215,0.7676272225628449,3.0,0.30658230658230656,3261.766835626358,30.08321193403648,15.480799487209367,-4.478410349047258,1277.6556776556777,-1.0,85.14117443270396,0.30777640071083484,
2023-07-31 13:45:47.533000,-9.301204819277109,-2.662650602409639,0.3132530120481928,-2.6683016554261187,-9.300429184549357,0.7578172900061312,3.0,0.30658230658230656,3261.766835626358,30.05267758289144,16.015150632247536,-4.9822271429403875,1261.5384615384614,-1.0,85.14117443270396,0.3077613287579961,
2023-07-31 13:45:47.541000,-9.289156626506024,-2.710843373493976,0.28915662650602414,-2.65113427345187,-9.194972409564684,0.6940527283874923,3.0,0.30658230658230656,3261.766835626358,30.23588368976167,16.366295670415475,-5.10436454752054,1247.6190476190475,-1.0,85.14117443270396,0.3077462951344342,
2023-07-31 13:45:47.548000,-9.265060240963855,-2.734939759036145,0.30120481927710846,-2.739423666462293,-9.23175965665236,0.7283874923359902,3.0,0.3061383061383061,3266.497461928934,30.20534933861663,16.96171551774372,-5.470776761260998,1232.2344322344322,-1.0,85.14117443270396,0.3077313029688048,
2023-07-31 13:45:47.556000,-9.253012048192772,-2.746987951807229,0.20481927710843376,-2.6952789699570814,-9.190067443286328,0.6670754138565297,3.0,0.30658230658230656,3261.766835626358,30.40382262105938,17.46553231163685,-5.501311112406037,1216.8498168498168,-1.0,85.14117443270396,0.30771635520403745,
2023-07-31 13:45:47.564000,-9.240963855421688,-2.7228915662650603,0.1927710843373494,-2.6560392397302266,-9.192519926425506,0.6376456161863887,3.0,0.30658230658230656,3261.766835626358,30.358021094341822,18.030417807820054,-5.44024241011596,1202.197802197802,-1.0,85.14117443270396,0.3077014547178971,
2023-07-31 13:45:47.571000,-9.265060240963855,-2.734939759036145,0.18072289156626506,-2.6952789699570814,-9.219497240956468,0.598405885959534,3.0,0.30658230658230656,3261.766835626358,30.296952392051747,18.976982693316238,-5.623448516986189,1194.1391941391942,-1.0,85.14117443270396,0.3076866044752305,
2023-07-31 13:45:47.579000,-9.313253012048193,-2.7951807228915664,0.14457831325301207,-2.7541385652973633,-9.334763948497853,0.5469037400367872,3.0,0.3061383061383061,3266.497461928934,30.541227201212052,19.526601013926925,-5.791387448283899,1186.8131868131868,-1.0,85.14117443270396,0.30767180738254646,
2023-07-31 13:45:47.587000,-9.3855421686747,-2.8313253012048194,0.0963855421686747,-2.7884733292458614,-9.3862660944206,0.5665236051502146,3.0,0.3061383061383061,3266.497461928934,29.90000582716625,18.885379639881123,-5.928792028436571,1189.0109890109889,-1.0,85.14117443270396,0.3076570662710605,
2023-07-31 13:45:47.594000,-9.397590361445783,-2.8313253012048194,0.08433734939759037,-2.8179031269160024,-9.410790925812385,0.5199264255058246,3.0,0.30658230658230656,3261.766835626358,30.40382262105938,18.732707884155932,-6.356272944467105,1192.6739926739926,-1.0,85.14117443270396,0.30764238370957714,
2023-07-31 13:45:47.602000,-9.409638554216867,-2.8313253012048194,0.04819277108433735,-2.7786633966891476,-9.366646229307173,0.4512568976088289,3.0,0.30658230658230656,3261.766835626358,30.632830254647168,18.915913991026162,-6.157799662024357,1199.2673992673992,-1.0,85.14117443270396,0.30762776229621275,
2023-07-31 13:45:47.610000,-9.397590361445783,-2.819277108433735,0.024096385542168676,-2.729613733905579,-9.383813611281422,0.42918454935622313,3.0,0.30658230658230656,3261.766835626358,30.57176155235709,17.43499796049181,-6.127265310879319,1207.3260073260074,-1.0,85.14117443270396,0.30761320466297637,
2023-07-31 13:45:47.617000,-9.361445783132531,-2.771084337349398,0.03614457831325302,-2.7467811158798283,-9.359288779889638,0.49540159411404044,3.0,0.30658230658230656,3261.766835626358,30.90763941495251,15.77087582308723,-5.8677233261464945,1213.1868131868132,-1.0,85.14117443270396,0.3075987133426245,
2023-07-31 13:45:47.625000,-9.3855421686747,-2.7590361445783134,0.060240963855421686,-2.773758430410791,-9.351931330472102,0.5370938074800735,3.0,0.3061383061383061,3266.497461928934,30.846570712662434,14.503700250568146,-5.10436454752054,1218.3150183150183,-1.0,85.14117443270396,0.30758429075357213,
2023-07-31 13:45:47.633000,-9.349397590361447,-2.783132530120482,0.03614457831325302,-2.7664009809932555,-9.332311465358675,0.49785407725321884,3.0,0.3061383061383061,3266.497461928934,30.617563079074646,13.144921624613948,-5.684517219276265,1227.106227106227,-1.0,85.14117443270396,0.3075699390569882,
2023-07-31 13:45:47.640000,-9.373493975903616,-2.7951807228915664,0.060240963855421686,-2.751686082158185,-9.393623543838135,0.5370938074800735,3.0,0.3061383061383061,3266.497461928934,30.72443330808228,12.641104830720819,-5.562379814696112,1237.3626373626373,-1.0,85.14117443270396,0.3075556601206917,
2023-07-31 13:45:47.648000,-9.3855421686747,-2.7951807228915664,0.060240963855421686,-2.741876149601471,-9.366646229307173,0.522378908645003,3.0,0.3061383061383061,3266.497461928934,30.968708117242585,12.060952158965094,-5.898257677291532,1248.3516483516482,-1.0,85.14117443270396,0.3075414556635364,
2023-07-31 13:45:47.656000,-9.361445783132531,-2.783132530120482,0.03614457831325302,-2.7271612507664007,-9.332311465358675,0.4880441446965052,3.0,0.3061383061383061,3266.497461928934,31.182448575257855,11.45026513606433,-6.005127906299166,1257.142857142857,-1.0,85.14117443270396,0.3075273273790551,
2023-07-31 13:45:47.663000,-9.337349397590362,-2.783132530120482,0.04819277108433735,-2.810545677498467,-9.239117106069894,0.43899448191293683,3.0,0.3061383061383061,3266.497461928934,30.93817376609755,11.28232620476662,-6.585280578054891,1264.4688644688645,-1.0,85.14117443270396,0.307513276643914,
2023-07-31 13:45:47.671000,-9.265060240963855,-2.819277108433735,0.04819277108433735,-2.810545677498467,-9.239117106069894,0.5199264255058246,3.0,0.3061383061383061,3266.497461928934,31.24351727754793,11.63347124293456,-6.9822271429403875,1272.5274725274724,-1.0,85.14117443270396,0.3074993046738438,
2023-07-31 13:45:47.679000,-9.228915662650603,-2.843373493975904,0.012048192771084338,-2.8350705088902513,-9.175352544451256,0.49540159411404044,3.0,0.3061383061383061,3266.497461928934,31.197715750830373,12.625837655148299,-7.257036303245731,1279.120879120879,-1.0,85.14117443270396,0.3074854125096473,
2023-07-31 13:45:47.686000,-9.19277108433735,-2.843373493975904,0.012048192771084338,-2.832618025751073,-9.18270999386879,0.45616186388718577,3.0,0.3061383061383061,3266.497461928934,31.197715750830373,12.625837655148299,-7.257036303245731,1286.4468864468863,-1.0,85.14117443270396,0.3074716010247506,
2023-07-31 13:45:47.694000,-9.216867469879519,-2.855421686746988,0.0,-2.8080931943592886,-9.212139791538933,0.42427958307786634,3.0,0.3061383061383061,3266.497461928934,31.106112697395258,13.389196433774254,-6.722685158207563,1295.970695970696,-1.0,85.14117443270396,0.30745787105094247,
2023-07-31 13:45:47.702000,-9.240963855421688,-2.855421686746988,0.0,-2.8080931943592886,-9.180257510729612,0.43408951563458,3.0,0.30658230658230656,3261.766835626358,31.197715750830373,14.152555212400207,-7.180700425383136,1303.2967032967033,-1.0,85.14117443270396,0.30744422322784815,
2023-07-31 13:45:47.709000,-9.27710843373494,-2.8674698795180724,-0.03614457831325302,-2.781115879828326,-9.236664622930716,0.3801348865726548,3.0,0.30658230658230656,3261.766835626358,30.800769185944876,14.870112464308605,-7.455509585688479,1309.89010989011,-1.0,85.14117443270396,0.30743065815145876,
2023-07-31 13:45:47.717000,-9.253012048192772,-2.879518072289157,-0.07228915662650603,-2.8595953402820355,-9.256284488044145,0.33108522378908645,3.0,0.3061383061383061,3266.497461928934,30.953440941670067,15.282326204766619,-7.119631723093059,1313.5531135531135,-1.0,85.14117443270396,0.3074171763957443,
2023-07-31 13:45:47.725000,-9.27710843373494,-2.9036144578313254,-0.08433734939759037,-2.8890251379521765,-9.241569589209075,0.3973022685469037,3.0,0.3061383061383061,3266.497461928934,30.55649437678457,14.79377658644601,-7.623448516986189,1315.018315018315,-1.0,85.14117443270396,0.307403778226559,
2023-07-31 13:45:47.732000,-9.301204819277109,-2.91566265060241,-0.08433734939759037,-2.913549969343961,-9.288166768853463,0.41692213366033104,3.0,0.3061383061383061,3266.497461928934,30.129013460754038,14.381562845987993,-7.730318745993823,1312.087912087912,-1.0,85.14117443270396,0.3073904635824463,
2023-07-31 13:45:47.740000,-9.325301204819278,-2.951807228915663,-0.08433734939759037,-2.893930104230533,-9.342121397915388,0.40220723482526055,3.0,0.3061383061383061,3266.497461928934,29.793135598158617,13.068585746751353,-7.592914165841151,1310.6227106227104,-1.0,85.14117443270396,0.3073772323538778,
2023-07-31 13:45:47.748000,-9.361445783132531,-2.927710843373494,-0.04819277108433735,-2.8301655426118946,-9.369098712446352,0.3825873697118332,3.0,0.3061383061383061,3266.497461928934,29.7778684225861,11.267059029194101,-7.455509585688479,1309.89010989011,-1.0,85.14117443270396,0.30736408422643324,
2023-07-31 13:45:47.755000,-9.397590361445783,-2.927710843373494,-0.024096385542168676,-2.89883507050889,-9.440220723482526,0.40220723482526055,3.0,0.3061383061383061,3266.497461928934,29.258784453120448,8.45789872385059,-7.592914165841151,1307.6923076923076,-1.0,85.14117443270396,0.30735101855608166,
2023-07-31 13:45:47.763000,-9.409638554216867,-2.9759036144578315,0.0,-2.9307173513182097,-9.374003678724709,0.4904966278356836,3.0,0.3061383061383061,3266.497461928934,28.617563079074646,5.8930132276673834,-7.776120272711379,1301.098901098901,-1.0,85.14117443270396,0.3073380345217622,
2023-07-31 13:45:47.771000,-9.397590361445783,-2.987951807228916,0.024096385542168676,-2.9576946658491723,-9.359288779889638,0.4659717964438994,3.0,0.3061383061383061,3266.497461928934,28.43435697220442,4.076219334537613,-8.157799662024358,1293.7728937728937,-1.0,85.14117443270396,0.3073251311292776,
2023-07-31 13:45:47.778000,-9.361445783132531,-3.024096385542169,0.03614457831325302,-3.0705088902513795,-9.359288779889638,0.463519313304721,3.0,0.3061383061383061,3266.497461928934,27.976341705028847,2.6105704795757805,-8.188334013169396,1288.6446886446886,-1.0,85.14117443270396,0.30731230721579633,
2023-07-31 13:45:47.786000,-9.337349397590362,-3.0481927710843375,0.060240963855421686,-3.0386266094420598,-9.31023911710607,0.5346413243408952,3.0,0.3061383061383061,3266.497461928934,27.71679972029602,1.725074296369674,-8.295204242177029,1286.4468864468863,-1.0,85.14117443270396,0.3072995614549689,
2023-07-31 13:45:47.794000,-9.301204819277109,-3.036144578313253,0.0963855421686747,-2.9552421827099935,-9.251379521765788,0.49540159411404044,3.0,0.3061383061383061,3266.497461928934,28.05267758289144,1.1296544490414295,-8.203601188741915,1290.10989010989,-1.0,85.14117443270396,0.3072868923626635,
2023-07-31 13:45:47.801000,-9.240963855421688,-3.0120481927710845,0.0963855421686747,-2.9380748007357447,-9.1704475781729,0.5370938074800735,3.0,0.3061383061383061,3266.497461928934,27.472524911135714,0.35102849484295634,-7.9745935551541285,1297.4358974358975,-1.0,85.14117443270396,0.3072742983033172,
2023-07-31 13:45:47.809000,-9.216867469879519,-3.024096385542169,0.10843373493975904,-2.9773145309625995,-9.118945432250152,0.5910484365419988,3.0,0.3061383061383061,3266.497461928934,27.457257735563196,-0.1527882990501734,-7.592914165841151,1309.89010989011,-1.0,85.14117443270396,0.30726177749689887,
2023-07-31 13:45:47.817000,-9.204819277108435,-3.036144578313253,0.13253012048192772,-3.004291845493562,-9.141017780502759,0.5885959534028203,3.0,0.3061383061383061,3266.497461928934,27.167181399685333,0.015150632247536511,-7.287570654390769,1333.3333333333333,-1.0,85.14117443270396,0.3072493280264782,
2023-07-31 13:45:47.824000,-9.204819277108435,-3.024096385542169,0.21686746987951808,-2.9724095646842428,-9.143470263641937,0.6842427958307786,3.0,0.3061383061383061,3266.497461928934,27.228250101975412,0.106753685682651,-6.95169279179535,1369.230769230769,-1.0,85.14117443270396,0.30723694784638533,
2023-07-31 13:45:47.832000,-9.228915662650603,-3.0120481927710845,0.22891566265060243,-2.913549969343961,-9.239117106069894,0.6940527283874923,3.0,0.3061383061383061,3266.497461928934,27.472524911135714,0.7327078841559335,-6.050929433016723,1421.9780219780218,-1.0,85.14117443270396,0.30722463479095585,
2023-07-31 13:45:47.840000,-9.253012048192772,-2.963855421686747,0.24096385542168675,-2.9356223175965663,-9.212139791538933,0.6916002452483139,3.0,0.3061383061383061,3266.497461928934,28.22061651418915,0.5953033040032617,-5.486043936833517,1491.5750915750914,-1.0,85.14117443270396,0.3072123865838322,
2023-07-31 13:45:47.847000,-9.228915662650603,-2.927710843373494,0.28915662650602414,-2.9650521152667073,-9.219497240956468,0.7946045370938074,3.0,0.3061383061383061,3266.497461928934,28.75496765922732,1.0075170444612769,-4.493677524619777,1573.6263736263736,-1.0,85.14117443270396,0.30720020084781047,
2023-07-31 13:45:47.855000,-9.253012048192772,-2.879518072289157,0.3132530120481928,-2.8841201716738194,-9.246474555487431,0.8436541998773758,3.0,0.3061383061383061,3266.497461928934,29.121379872967776,1.8166773498047883,-4.371540120039624,1668.131868131868,-1.0,85.14117443270396,0.3071880751152038,
2023-07-31 13:45:47.863000,-9.240963855421688,-2.819277108433735,0.3373493975903615,-2.8375229920294296,-9.253832004904966,0.8117719190680563,3.0,0.3061383061383061,3266.497461928934,30.144280636326556,4.274692616980361,-3.623448516986189,1767.7655677655675,-1.0,85.14117443270396,0.30717600683869534,
2023-07-31 13:45:47.870000,-9.228915662650603,-2.807228915662651,0.39759036144578314,-2.8424279583077863,-9.256284488044145,0.8657265481299815,3.0,0.3061383061383061,3266.497461928934,30.78550201037236,5.083852922323872,-2.2494027154594716,1865.201465201465,-1.0,85.14117443270396,0.3071639935414007,
2023-07-31 13:45:47.878000,-9.265060240963855,-2.807228915662651,0.3855421686746988,-2.700183936235438,-9.295524218270998,0.8608215818516247,3.0,0.3061383061383061,3266.497461928934,31.625196666860905,7.465532311636849,-1.60818134141367,1954.5787545787543,-1.0,85.14117443270396,0.30715203266947694,
2023-07-31 13:45:47.886000,-9.313253012048193,-2.7590361445783134,0.42168674698795183,-2.6977314530962597,-9.297976701410178,0.9245861434702636,3.0,0.3056943056943057,3271.2418300653594,32.95344094167007,7.938814754384941,-0.9974943185129068,2028.5714285714284,-1.0,85.14117443270396,0.30714012147663716,
2023-07-31 13:45:47.893000,-9.361445783132531,-2.662650602409639,0.45783132530120485,-2.6658491722869404,-9.364193746167995,0.9540159411404046,3.0,0.3061383061383061,3266.497461928934,33.976341705028844,7.78614299865975,-0.29520424217702895,2087.912087912088,-1.0,85.14117443270396,0.3071282571751802,
2023-07-31 13:45:47.901000,-9.433734939759036,-2.662650602409639,0.49397590361445787,-2.6683016554261187,-9.302881667688535,0.9760882893930104,3.0,0.3061383061383061,3266.497461928934,34.663364605792204,8.366295670415475,-0.5089447001922961,2127.4725274725274,-1.0,85.14117443270396,0.3071164370556147,
2023-07-31 13:45:47.909000,-9.349397590361447,-2.63855421686747,0.4819277108433735,-2.5554874310239115,-9.315144083384427,0.9098712446351931,3.0,0.3061383061383061,3266.497461928934,35.3809218577006,9.267059029194101,-1.058563020802983,2143.5897435897436,-1.0,85.14117443270396,0.30710465851045704,
2023-07-31 13:45:47.916000,-9.289156626506024,-2.626506024096386,0.4819277108433735,-2.5187001839362355,-9.285714285714285,0.9858982219497241,3.0,0.3061383061383061,3266.497461928934,35.73206689586854,11.801410174232268,-1.043295845230464,2133.333333333333,-1.0,85.14117443270396,0.30709291890947127,
2023-07-31 13:45:47.924000,-9.228915662650603,-2.6144578313253013,0.46987951807228917,-2.550582464745555,-9.192519926425506,0.8927038626609441,3.0,0.3061383061383061,3266.497461928934,36.38855544548686,13.77087582308723,-0.661616455917487,2102.5641025641025,-1.0,85.14117443270396,0.3070812156136426,
2023-07-31 13:45:47.931000,-9.19277108433735,-2.6506024096385543,0.4096385542168675,-2.6143470263641935,-9.13856529736358,0.8166768853464133,3.0,0.3061383061383061,3266.497461928934,35.76260124701358,17.480799487209367,-0.47841034904725793,2056.4102564102564,-1.0,85.14117443270396,0.3070695459890915,
2023-07-31 13:45:47.939000,-9.168674698795181,-2.710843373493976,0.3132530120481928,-2.7198038013488657,-9.07725321888412,0.7308399754751685,3.0,0.3061383061383061,3266.497461928934,35.76260124701358,22.045684983392572,-1.9135248528640518,1997.8021978021977,-1.0,85.14117443270396,0.30705790742088007,
2023-07-31 13:45:47.947000,-9.132530120481928,-2.7951807228915664,0.26506024096385544,-2.793378295524218,-9.128755364806867,0.6719803801348866,3.0,0.3061383061383061,3266.497461928934,35.82366994930366,25.999883456675015,-2.4326088223297004,1931.135531135531,-1.0,85.14117443270396,0.30704629732667177,
2023-07-31 13:45:47.954000,-9.144578313253012,-2.819277108433735,0.18072289156626506,-2.74432863274065,-9.18761496014715,0.6327406499080318,3.0,0.3061383061383061,3266.497461928934,36.4190897966319,29.25179185362158,-2.508944700192296,1855.6776556776556,-1.0,85.14117443270396,0.3070347131701957,
2023-07-31 13:45:47.962000,-9.228915662650603,-2.783132530120482,0.0963855421686747,-2.7541385652973633,-9.116492949110974,0.5125689760882893,3.0,0.30658230658230656,3261.766835626358,36.4190897966319,29.25179185362158,-2.508944700192296,1777.2893772893772,720.03173828125,83.32966008307197,0.30702315247447903,
2023-07-31 13:45:47.970000,-9.337349397590362,-2.7951807228915664,0.060240963855421686,-2.7198038013488657,-9.337216431637032,0.49785407725321884,3.0,0.3061383061383061,3266.497461928934,36.327486743196786,30.915913991026162,-2.5547462269098533,1695.970695970696,-1.0,83.32966008307197,0.30701161298409263,
2023-07-31 13:45:47.977000,-9.44578313253012,-2.807228915662651,-0.012048192771084338,-2.71244635193133,-9.383813611281422,0.40465971796443895,3.0,0.3061383061383061,3266.497461928934,36.26641804090671,32.19835673911776,-2.6768836314900057,1621.245421245421,-1.0,83.32966008307197,0.3070000925503703,
2023-07-31 13:45:47.985000,-9.457831325301205,-2.807228915662651,-0.07228915662650603,-2.7786633966891476,-9.420600858369099,0.3973022685469037,3.0,0.3061383061383061,3266.497461928934,36.51069285006702,32.137288036827684,-2.7837538604976397,1554.5787545787546,-1.0,83.32966008307197,0.30698858884600044,
2023-07-31 13:45:47.993000,-9.518072289156628,-2.8313253012048194,-0.0963855421686747,-2.815450643776824,-9.486817903126916,0.26486817903126914,3.0,0.3061383061383061,3266.497461928934,36.602295903502124,30.77850941087349,-3.1959676009556546,1498.9010989010987,-1.0,83.32966008307197,0.30697709953622426,
2023-07-31 13:45:48,-9.55421686746988,-2.855421686746988,-0.14457831325301207,-2.832618025751073,-9.49417535254445,0.24770079705702022,3.0,0.3061383061383061,3266.497461928934,36.663364605792204,28.96171551774372,-3.5776469902686316,1455.6776556776556,-1.0,83.32966008307197,0.30696562257720605,
2023-07-31 13:45:48.008000,-9.55421686746988,-2.8674698795180724,-0.1566265060240964,-2.8056407112201103,-9.518700183936234,0.2550582464745555,3.0,0.3061383061383061,3266.497461928934,36.9839752928151,25.96934910552998,-3.257036303245731,1419.047619047619,-1.0,83.32966008307197,0.3069541562057009,
2023-07-31 13:45:48.016000,-9.518072289156628,-2.8313253012048194,-0.16867469879518074,-2.798283261802575,-9.491722869405272,0.24770079705702022,3.0,0.3061383061383061,3266.497461928934,37.274051628692966,22.289959792552878,-3.5623798146961128,1389.0109890109889,-1.0,83.32966008307197,0.30694269880079345,
2023-07-31 13:45:48.023000,-9.481927710843374,-2.855421686746988,-0.18072289156626506,-2.8007357449417536,-9.477007970570202,0.2893930104230533,3.0,0.3061383061383061,3266.497461928934,38.06794475846396,20.351028494842957,-3.547112639123594,1364.102564102564,-1.0,83.32966008307197,0.30693124889437917,
2023-07-31 13:45:48.031000,-9.433734939759036,-2.8674698795180724,-0.1566265060240964,-2.7884733292458614,-9.359288779889638,0.2722256284488044,3.0,0.3061383061383061,3266.497461928934,38.327486743196786,17.205990326904026,-3.8371889750014563,1343.5897435897434,-1.0,83.32966008307197,0.30691980518106027,
2023-07-31 13:45:48.039000,-9.3855421686747,-2.891566265060241,-0.14457831325301207,-2.8252605763335374,-9.337216431637032,0.3139178418148375,3.0,0.3056943056943057,3271.2418300653594,38.663364605792204,14.870112464308605,-4.264669891031991,1324.5421245421244,-1.0,83.32966008307197,0.3069083663886722,
2023-07-31 13:45:48.046000,-9.313253012048193,-2.9397590361445785,-0.08433734939759037,-2.9282648681790313,-9.280809319435928,0.3041079092581238,3.0,0.3061383061383061,3266.497461928934,39.25878445312045,12.747975059728452,-4.508944700192296,1307.6923076923076,-1.0,83.32966008307197,0.3068969314354923,
2023-07-31 13:45:48.054000,-9.313253012048193,-2.951807228915663,-0.10843373493975904,-2.9576946658491723,-9.270999386879215,0.3507050889025138,3.0,0.3061383061383061,3266.497461928934,39.85420430044869,11.877746052094864,-4.722685158207563,1291.5750915750914,-1.0,83.32966008307197,0.30688549953408406,
2023-07-31 13:45:48.062000,-9.27710843373494,-2.9759036144578315,-0.10843373493975904,-2.9184549356223175,-9.221949724095646,0.35806253832004903,3.0,0.3061383061383061,3266.497461928934,40.54122720121205,11.129654449041428,-5.4249752345434405,1275.4578754578754,-1.0,83.32966008307197,0.3068740700807607,
2023-07-31 13:45:48.069000,-9.289156626506024,-3.0,-0.08433734939759037,-2.962599632127529,-9.244022072348253,0.38749233599019006,3.0,0.3061383061383061,3266.497461928934,41.68626536915098,10.763242235300972,-5.8677233261464945,1261.5384615384614,-1.0,83.32966008307197,0.3068626426724461,
2023-07-31 13:45:48.077000,-9.240963855421688,-3.0,-0.04819277108433735,-2.952789699570815,-9.192519926425506,0.34334763948497854,3.0,0.3061383061383061,3266.497461928934,41.961074529456326,10.931181166598682,-6.081463784161762,1248.3516483516482,-1.0,83.32966008307197,0.30685121711224694,
2023-07-31 13:45:48.085000,-9.228915662650603,-3.036144578313253,-0.03614457831325302,-2.9895769466584916,-9.177805027590434,0.43899448191293683,3.0,0.3061383061383061,3266.497461928934,42.648097430219686,11.480799487209367,-6.3257385933220664,1236.6300366300366,-1.0,83.32966008307197,0.30683979341425843,
2023-07-31 13:45:48.092000,-9.253012048192772,-3.036144578313253,-0.07228915662650603,-3.014101778050276,-9.160637645616186,0.4071122011036174,3.0,0.3061383061383061,3266.497461928934,43.39618903327312,12.549501777285704,-6.829555387215197,1226.3736263736264,-1.0,83.32966008307197,0.3068283718075971,
2023-07-31 13:45:48.100000,-9.240963855421688,-3.036144578313253,-0.03614457831325302,-3.0165542611894542,-9.150827713059472,0.41692213366033104,3.0,0.3061383061383061,3266.497461928934,43.76260124701358,13.694539945224635,-7.119631723093059,1217.5824175824175,-1.0,83.32966008307197,0.30681695273964354,
2023-07-31 13:45:48.108000,-9.228915662650603,-3.036144578313253,-0.060240963855421686,-2.9552421827099935,-9.251379521765788,0.40465971796443895,3.0,0.3056943056943057,3271.2418300653594,44.342753918769304,14.656372006293337,-7.577646990268632,1212.4542124542124,-1.0,83.32966008307197,0.30680553687849227,
2023-07-31 13:45:48.115000,-9.228915662650603,-3.072289156626506,-0.07228915662650603,-3.004291845493562,-9.158185162477007,0.35561005518087063,3.0,0.3061383061383061,3266.497461928934,44.44962414777694,15.129654449041428,-7.882990501719014,1211.7216117216117,-1.0,83.32966008307197,0.30679412496530795,
2023-07-31 13:45:48.123000,-9.228915662650603,-3.036144578313253,-0.08433734939759037,-3.011649294911097,-9.209687308399754,0.3948497854077253,3.0,0.3061383061383061,3266.497461928934,44.69389895693724,16.27469261698036,-8.570013402482372,1220.5128205128203,-1.0,83.32966008307197,0.306782717942592,
2023-07-31 13:45:48.131000,-9.253012048192772,-3.108433734939759,-0.04819277108433735,-3.0827713059472717,-9.23175965665236,0.3850398528510116,3.0,0.3056943056943057,3271.2418300653594,44.663364605792204,16.44263154827807,-8.737952333780083,1235.164835164835,-1.0,83.32966008307197,0.3067713171131701,
2023-07-31 13:45:48.138000,-9.265060240963855,-3.132530120481928,-0.03614457831325302,-3.1416309012875536,-9.226854690374003,0.4218270999386879,3.0,0.3061383061383061,3266.497461928934,44.70916613250976,16.870112464308605,-9.104364547520541,1253.4798534798533,-1.0,83.32966008307197,0.306759923989968,
2023-07-31 13:45:48.146000,-9.240963855421688,-3.144578313253012,-0.0963855421686747,-3.1882280809319434,-9.145922746781116,0.4095646842427958,3.0,0.3061383061383061,3266.497461928934,44.663364605792204,16.976982693316238,-9.44024241011596,1273.9926739926739,-1.0,83.32966008307197,0.3067485404013387,
2023-07-31 13:45:48.154000,-9.19277108433735,-3.132530120481928,-0.0963855421686747,-3.102391171060699,-9.116492949110974,0.3825873697118332,3.0,0.3061383061383061,3266.497461928934,44.72443330808228,17.541868189499443,-9.62344851698619,1293.040293040293,-1.0,83.32966008307197,0.3067371684995296,
2023-07-31 13:45:48.161000,-9.144578313253012,-3.144578313253012,-0.07228915662650603,-3.104843654199877,-9.06008583690987,0.3139178418148375,3.0,0.3056943056943057,3271.2418300653594,44.663364605792204,17.78614299865975,-9.272303478818252,1311.3553113553112,-1.0,83.32966008307197,0.3067258106196194,
2023-07-31 13:45:48.169000,-9.072289156626507,-3.1566265060240966,-0.13253012048192772,-3.1587982832618025,-9.001226241569588,0.3041079092581238,3.0,0.3056943056943057,3271.2418300653594,44.098479109608995,18.976982693316238,-9.165433249810617,1331.8681318681317,-1.0,83.32966008307197,0.3067144691269881,
2023-07-31 13:45:48.177000,-9.048192771084338,-3.180722891566265,-0.16867469879518074,-3.1931330472103,-8.981606376456162,0.27467811158798283,3.0,0.3056943056943057,3271.2418300653594,43.50305926228075,19.64873841850708,-8.356272944467106,1352.3809523809523,-1.0,83.32966008307197,0.3067031463913035,
2023-07-31 13:45:48.184000,-9.024096385542169,-3.204819277108434,-0.20481927710843376,-3.2053954629061923,-9.038013488657265,0.24279583077866337,3.0,0.3061383061383061,3266.497461928934,43.60992949128839,20.09148651011013,-7.867723326146495,1372.8937728937728,-1.0,83.32966008307197,0.30669184491857654,
2023-07-31 13:45:48.192000,-9.036144578313253,-3.2289156626506026,-0.20481927710843376,-3.1465358675659103,-8.971796443899448,0.19619865113427343,3.0,0.3056943056943057,3271.2418300653594,43.50305926228075,19.984616281102497,-6.93642561622283,1387.5457875457876,-1.0,83.32966008307197,0.3066805674927364,
2023-07-31 13:45:48.200000,-9.036144578313253,-3.253012048192771,-0.21686746987951808,-3.1931330472103,-9.01594114040466,0.27713059472716123,3.0,0.3056943056943057,3271.2418300653594,42.86183788823495,19.89301322766738,-6.081463784161762,1398.5347985347985,-1.0,83.32966008307197,0.30666931703952144,
2023-07-31 13:45:48.207000,-9.060240963855422,-3.27710843373494,-0.1927710843373494,-3.2421827099938687,-9.03065603923973,0.25015328019619865,3.0,0.3061383061383061,3266.497461928934,43.106112697395254,19.45026513606433,-5.898257677291532,1401.4652014652013,-1.0,83.32966008307197,0.30665809659667304,
2023-07-31 13:45:48.215000,-9.144578313253012,-3.27710843373494,-0.18072289156626506,-3.256897608828939,-9.133660331085224,0.19374616799509503,3.0,0.3056943056943057,3271.2418300653594,42.907639414952506,18.702173533010896,-5.073830196375502,1396.3369963369962,-1.0,83.32966008307197,0.3066469094325539,
2023-07-31 13:45:48.223000,-9.228915662650603,-3.27710843373494,-0.14457831325301207,-3.293684855916615,-9.209687308399754,0.21091354996934394,3.0,0.3061383061383061,3266.497461928934,42.54122720121205,18.488433074995626,-4.875356913932754,1387.5457875457876,-1.0,83.32966008307197,0.3066357587800105,
2023-07-31 13:45:48.230000,-9.27710843373494,-3.289156626506024,-0.14457831325301207,-3.28632740649908,-9.241569589209075,0.2869405272838749,3.0,0.3056943056943057,3271.2418300653594,42.159547811899074,17.877746052094864,-4.325738593322067,1375.8241758241757,-1.0,83.32966008307197,0.3066246479639737,
2023-07-31 13:45:48.238000,-9.313253012048193,-3.27710843373494,-0.1566265060240964,-3.261802575107296,-9.332311465358675,0.29429797670141017,3.0,0.3056943056943057,3271.2418300653594,42.159547811899074,17.877746052094864,-4.325738593322067,1358.974358974359,-1.0,83.32966008307197,0.3066135804002555,
2023-07-31 13:45:48.246000,-9.301204819277109,-3.289156626506024,-0.14457831325301207,-3.2887798896382585,-9.285714285714285,0.3163703249540159,3.0,0.3056943056943057,3271.2418300653594,41.90000582716625,17.007517044461277,-3.8677233261464945,1342.1245421245421,-1.0,83.32966008307197,0.3066025594234717,
2023-07-31 13:45:48.253000,-9.301204819277109,-3.27710843373494,-0.12048192771084337,-3.2299202942979766,-9.302881667688535,0.29675045984058857,3.0,0.3056943056943057,3271.2418300653594,41.53359361342579,15.877746052094864,-3.2723034788182503,1323.076923076923,-1.0,83.32966008307197,0.3065915884123121,
2023-07-31 13:45:48.261000,-9.265060240963855,-3.27710843373494,-0.10843373493975904,-3.232372777437155,-9.241569589209075,0.3531575720416922,3.0,0.3056943056943057,3271.2418300653594,40.92290659052503,14.503700250568146,-3.1196317230930593,1306.9597069597069,-1.0,83.32966008307197,0.30658067091435975,
2023-07-31 13:45:48.269000,-9.228915662650603,-3.2650602409638556,-0.10843373493975904,-3.2397302268546904,-9.10668301655426,0.37522992029429797,3.0,0.3056943056943057,3271.2418300653594,40.44962414777694,13.541868189499445,-2.829555387215197,1291.5750915750914,-1.0,83.32966008307197,0.30656981047266396,
2023-07-31 13:45:48.276000,-9.19277108433735,-3.27710843373494,-0.07228915662650603,-3.315757204169221,-9.074800735744942,0.3801348865726548,3.0,0.3056943056943057,3271.2418300653594,40.08321193403648,12.671639181865856,-2.9669599673678686,1276.1904761904761,-1.0,83.32966008307197,0.30655901048354556,
2023-07-31 13:45:48.284000,-9.132530120481928,-3.2650602409638556,-0.024096385542168676,-3.2691600245248313,-9.118945432250152,0.3727774371551195,3.0,0.3061383061383061,3266.497461928934,39.74733407144106,12.152555212400207,-2.692150807062525,1259.3406593406592,-1.0,83.32966008307197,0.3065482743309171,
2023-07-31 13:45:48.291000,-9.132530120481928,-3.27710843373494,-0.07228915662650603,-3.2299202942979766,-9.06008583690987,0.40465971796443895,3.0,0.3056943056943057,3271.2418300653594,39.457257735563196,11.969349105529979,-2.020395081871685,1244.6886446886447,-1.0,83.32966008307197,0.3065376055204953,
2023-07-31 13:45:48.299000,-9.10843373493976,-3.313253012048193,-0.04819277108433735,-3.264255058246474,-9.131207847946046,0.4414469650521152,3.0,0.3056943056943057,3271.2418300653594,38.785502010372355,12.12202086125517,-1.77612027271138,1230.03663003663,-1.0,83.32966008307197,0.30652700753728646,
2023-07-31 13:45:48.307000,-9.096385542168676,-3.313253012048193,-0.03614457831325302,-3.293684855916615,-9.072348252605764,0.43899448191293683,3.0,0.3056943056943057,3271.2418300653594,38.92290659052503,11.60293689178952,-1.7150515704213036,1221.9780219780218,-1.0,83.32966008307197,0.3065164836716268,
2023-07-31 13:45:48.314000,-9.096385542168676,-3.3373493975903616,0.0,-3.2887798896382585,-9.011036174126302,0.4463519313304721,3.0,0.3056943056943057,3271.2418300653594,38.54122720121205,11.46553231163685,-1.394440883398403,1220.5128205128203,-1.0,83.32966008307197,0.30650603728201187,
2023-07-31 13:45:48.322000,-9.096385542168676,-3.313253012048193,0.012048192771084338,-3.3280196198651133,-8.993868792152053,0.38749233599019006,3.0,0.3056943056943057,3271.2418300653594,38.281685216479225,11.740341471942193,-1.7455859215663418,1221.9780219780218,-1.0,83.32966008307197,0.3064956716215453,
2023-07-31 13:45:48.330000,-9.060240963855422,-3.3373493975903616,-0.024096385542168676,-3.3304721030042916,-9.035561005518087,0.43654199877375843,3.0,0.3056943056943057,3271.2418300653594,37.80840277373114,12.549501777285704,-1.5318454635510748,1227.8388278388277,-1.0,83.32966008307197,0.30648538969623723,
2023-07-31 13:45:48.337000,-9.012048192771084,-3.325301204819277,-0.03614457831325302,-3.3697118332311464,-8.942366646229306,0.4095646842427958,3.0,0.3056943056943057,3271.2418300653594,38.022143231746405,12.824310937591047,-1.4555095856884792,1235.8974358974358,-1.0,83.32966008307197,0.30647519440043103,
2023-07-31 13:45:48.345000,-9.024096385542169,-3.36144578313253,-0.03614457831325302,-3.313304721030043,-8.988963825873697,0.37522992029429797,3.0,0.3052503052503053,3276.0,37.88473865159373,12.915913991026162,-1.1959676009556548,1245.4212454212454,-1.0,83.32966008307197,0.30646508850343795,
2023-07-31 13:45:48.353000,-9.036144578313253,-3.349397590361446,-0.060240963855421686,-3.303494788473329,-8.976701410177805,0.3654199877375843,3.0,0.3056943056943057,3271.2418300653594,37.7015325447235,12.44263154827807,-0.9822271429403877,1254.212454212454,-1.0,83.32966008307197,0.3064550746262068,
2023-07-31 13:45:48.360000,-9.060240963855422,-3.349397590361446,-0.04819277108433735,-3.3010423053341507,-9.040465971796444,0.41201716738197425,3.0,0.3056943056943057,3271.2418300653594,37.36565468212808,12.45789872385059,-0.3562729444671053,1260.8058608058607,-1.0,83.32966008307197,0.3064451553362375,
2023-07-31 13:45:48.368000,-9.10843373493976,-3.3734939759036147,-0.07228915662650603,-3.3231146535867566,-9.047823421213979,0.3703249540159411,3.0,0.3056943056943057,3271.2418300653594,37.42672338441816,12.305226968125398,-0.676883631490006,1265.2014652014652,-1.0,83.32966008307197,0.30643533314713345,
2023-07-31 13:45:48.376000,-9.120481927710843,-3.36144578313253,-0.060240963855421686,-3.404046597179644,-9.064990803188227,0.3605150214592274,3.0,0.3056943056943057,3271.2418300653594,37.42672338441816,12.503700250568146,-0.6463492803449679,1266.6666666666665,-1.0,83.32966008307197,0.3064256103701796,
2023-07-31 13:45:48.383000,-9.144578313253012,-3.3734939759036147,-0.13253012048192772,-3.350091968117719,-9.067443286327405,0.3408951563458001,3.0,0.3056943056943057,3271.2418300653594,37.19771575083037,13.144921624613948,-0.9516927917953495,1268.131868131868,-1.0,83.32966008307197,0.3064159889665995,
2023-07-31 13:45:48.391000,-9.144578313253012,-3.397590361445783,-0.13253012048192772,-3.3353770692826483,-9.114040465971796,0.3678724708767627,3.0,0.3056943056943057,3271.2418300653594,36.846570712662434,13.893013227667383,-0.7532195093526014,1268.131868131868,-1.0,83.32966008307197,0.30640647069843047,
2023-07-31 13:45:48.399000,-9.156626506024097,-3.421686746987952,-0.12048192771084337,-3.391784181483752,-9.104230533415082,0.2869405272838749,3.0,0.3056943056943057,3271.2418300653594,36.159547811899074,13.831944525377306,-0.8600897383602351,1268.131868131868,-1.0,83.32966008307197,0.3063970572486871,
2023-07-31 13:45:48.406000,-9.168674698795181,-3.4096385542168677,-0.14457831325301207,-3.3942366646229307,-9.145922746781116,0.34825260576333533,3.0,0.3056943056943057,3271.2418300653594,36.17481498747159,13.984616281102499,-1.1654332498106166,1268.131868131868,-1.0,83.32966008307197,0.3063877500656707,
2023-07-31 13:45:48.414000,-9.180722891566266,-3.4457831325301207,-0.1566265060240964,-3.4580012262415694,-9.109135499693439,0.27467811158798283,3.0,0.3056943056943057,3271.2418300653594,35.82366994930366,13.984616281102499,-1.058563020802983,1268.8644688644688,-1.0,83.32966008307197,0.30637855035748557,
2023-07-31 13:45:48.422000,-9.120481927710843,-3.4698795180722892,-0.18072289156626506,-3.445738810545677,-9.07725321888412,0.24034334763948498,3.0,0.3056943056943057,3271.2418300653594,34.95344094167007,13.144921624613948,-0.5700134024823724,1272.5274725274724,-1.0,83.32966008307197,0.3063694590875063,
2023-07-31 13:45:48.429000,-9.120481927710843,-3.457831325301205,-0.20481927710843376,-3.465358675659105,-9.047823421213979,0.2207234825260576,3.0,0.3056943056943057,3271.2418300653594,35.04504399510518,12.213623914690285,-0.2646698910319908,1277.6556776556777,-1.0,83.32966008307197,0.306360476970845,
2023-07-31 13:45:48.437000,-9.10843373493976,-3.457831325301205,-0.16867469879518074,-3.4114040465971796,-9.057633353770692,0.2722256284488044,3.0,0.3056943056943057,3271.2418300653594,34.69389895693724,11.190723151331506,-0.06619660858924269,1282.7838827838827,-1.0,83.32966008307197,0.3063516044718466,
2023-07-31 13:45:48.445000,-9.084337349397591,-3.457831325301205,-0.14457831325301207,-3.404046597179644,-9.023298589822195,0.29675045984058857,3.0,0.3056943056943057,3271.2418300653594,34.525960025639534,9.46553231163685,0.14754384942602447,1287.179487179487,-1.0,83.32966008307197,0.30634284180264637,
2023-07-31 13:45:48.452000,-9.072289156626507,-3.433734939759036,-0.0963855421686747,-3.3868792152053953,-8.988963825873697,0.33108522378908645,3.0,0.3056943056943057,3271.2418300653594,33.7015325447235,9.236524678049063,0.19334537614358174,1291.5750915750914,-1.0,83.32966008307197,0.3063341889228117,
2023-07-31 13:45:48.460000,-9.036144578313253,-3.421686746987952,-0.08433734939759037,-3.3770692826486814,-9.0453709380748,0.3408951563458001,3.0,0.3056943056943057,3271.2418300653594,33.80840277373114,8.335761319270437,0.4834217120214443,1294.5054945054944,-1.0,83.32966008307197,0.30632564554008773,
2023-07-31 13:45:48.468000,-9.048192771084338,-3.3734939759036147,-0.08433734939759037,-3.3574494175352543,-9.003678724708767,0.31882280809319435,3.0,0.3056943056943057,3271.2418300653594,33.19771575083037,7.602936891789521,0.6818949944641924,1293.7728937728937,-1.0,83.32966008307197,0.30631721111225824,
2023-07-31 13:45:48.475000,-9.072289156626507,-3.4096385542168677,-0.08433734939759037,-3.3819742489270386,-9.038013488657265,0.40465971796443895,3.0,0.3056943056943057,3271.2418300653594,32.846570712662434,6.900646815453643,1.0025056814870932,1290.10989010989,-1.0,83.32966008307197,0.30630888485012964,
2023-07-31 13:45:48.483000,-9.048192771084338,-3.36144578313253,-0.024096385542168676,-3.350091968117719,-9.042918454935622,0.3825873697118332,3.0,0.3056943056943057,3271.2418300653594,32.92290659052503,6.641104830720819,1.0941087349222076,1282.7838827838827,-1.0,83.32966008307197,0.30630066572163595,
2023-07-31 13:45:48.491000,-9.060240963855422,-3.3373493975903616,-0.024096385542168676,-3.2176578786020844,-9.025751072961373,0.4316370324954016,3.0,0.3052503052503053,3276.0,31.991608880601365,7.267059029194101,1.4605209486626656,1276.1904761904761,-1.0,83.32966008307197,0.3062925524570605,
2023-07-31 13:45:48.498000,-9.036144578313253,-3.313253012048193,-0.024096385542168676,-3.261802575107296,-9.055180870631514,0.42673206621704474,3.0,0.3052503052503053,3276.0,31.991608880601365,8.79377658644601,2.117009498280986,1268.131868131868,-1.0,83.32966008307197,0.30628454340606764,
2023-07-31 13:45:48.506000,-9.060240963855422,-3.2650602409638556,0.0,-3.2470876762722254,-9.008583690987123,0.4316370324954016,3.0,0.3052503052503053,3276.0,31.7778684225861,9.77087582308723,2.3307499562962533,1263.7362637362637,-1.0,83.32966008307197,0.3062766366619866,
2023-07-31 13:45:48.514000,-9.060240963855422,-3.253012048192771,-0.03614457831325302,-3.3010423053341507,-9.057633353770692,0.41446965052115264,3.0,0.3056943056943057,3271.2418300653594,31.7778684225861,9.77087582308723,2.3307499562962533,1262.2710622710622,-1.0,83.32966008307197,0.30626883018696427,
2023-07-31 13:45:48.521000,-9.072289156626507,-3.2650602409638556,-0.024096385542168676,-3.2372777437155116,-9.131207847946046,0.4316370324954016,3.0,0.3056943056943057,3271.2418300653594,31.640463842433427,10.641104830720819,3.185711788357322,1263.003663003663,-1.0,83.32966008307197,0.3062611218208942,
2023-07-31 13:45:48.529000,-9.10843373493976,-3.253012048192771,-0.03614457831325302,-3.2372777437155116,-9.062538320049049,0.41446965052115264,3.0,0.3052503052503053,3276.0,31.823669949303653,11.526601013926925,3.8574675135481615,1267.3992673992673,-1.0,83.32966008307197,0.3062535093128393,
2023-07-31 13:45:48.537000,-9.096385542168676,-3.2289156626506026,-0.060240963855421686,-3.1980380134886572,-8.996321275291232,0.3678724708767627,3.0,0.3052503052503053,3276.0,31.289318804265488,12.900646815453642,4.330749956296254,1272.5274725274724,-1.0,83.32966008307197,0.30624598990606244,
2023-07-31 13:45:48.544000,-9.10843373493976,-3.204819277108434,-0.07228915662650603,-3.097486204782342,-9.033108522378908,0.37522992029429797,3.0,0.3052503052503053,3276.0,31.380921857700603,13.679272769652115,4.575024765456559,1281.3186813186812,-1.0,83.32966008307197,0.30623856034909425,
2023-07-31 13:45:48.552000,-9.120481927710843,-3.204819277108434,-0.0963855421686747,-3.1980380134886572,-9.057633353770692,0.2844880441446965,3.0,0.3056943056943057,3271.2418300653594,30.93817376609755,15.007517044461276,4.773498047899307,1293.040293040293,-1.0,83.32966008307197,0.30623121719404783,
2023-07-31 13:45:48.560000,-9.132530120481928,-3.1927710843373496,-0.1566265060240964,-3.109748620478234,-9.018393623543838,0.24034334763948498,3.0,0.3056943056943057,3271.2418300653594,30.55649437678457,15.679272769652115,4.437620185303887,1312.087912087912,-1.0,83.32966008307197,0.30622395695685195,
2023-07-31 13:45:48.567000,-9.168674698795181,-3.180722891566265,-0.18072289156626506,-3.1833231146535867,-9.094420600858369,0.25015328019619865,3.0,0.3056943056943057,3271.2418300653594,30.327486743196786,17.022784220033795,4.37655148301381,1339.194139194139,-1.0,83.32966008307197,0.30621677615069126,
2023-07-31 13:45:48.575000,-9.216867469879519,-3.1927710843373496,-0.22891566265060243,-3.139178418148375,-9.177805027590434,0.16922133660331085,3.0,0.3056943056943057,3271.2418300653594,30.113746285181517,17.64873841850708,3.521589650952742,1380.952380952381,-1.0,83.32966008307197,0.3062096712998428,
2023-07-31 13:45:48.583000,-9.228915662650603,-3.180722891566265,-0.26506024096385544,-3.134273451870018,-9.221949724095646,0.1520539546290619,3.0,0.3052503052503053,3276.0,29.854204300448693,18.732707884155932,2.758230872326788,1437.3626373626373,-1.0,83.32966008307197,0.3062026389338524,
2023-07-31 13:45:48.590000,-9.265060240963855,-3.204819277108434,-0.30120481927710846,-3.1980380134886572,-9.224402207234824,0.1103617412630288,3.0,0.3052503052503053,3276.0,29.762601247013578,19.74034147194219,1.9796049181283144,1510.6227106227104,-1.0,83.32966008307197,0.30619567530547664,
2023-07-31 13:45:48.598000,-9.240963855421688,-3.216867469879518,-0.3132530120481928,-3.2004904966278356,-9.207234825260576,0.0539546290619252,3.0,0.3052503052503053,3276.0,29.472524911135714,19.755608647514713,0.45288736087640613,1597.8021978021977,-1.0,83.32966008307197,0.3061887763857389,
2023-07-31 13:45:48.606000,-9.27710843373494,-3.27710843373494,-0.4096385542168675,-3.3010423053341507,-9.192519926425506,0.07112201103617412,3.0,0.3052503052503053,3276.0,29.335120330983045,20.47316589942311,-0.3257385933220671,1693.7728937728937,-1.0,83.32966008307197,0.3061819380182722,
2023-07-31 13:45:48.613000,-9.289156626506024,-3.325301204819277,-0.42168674698795183,-3.325567136725935,-9.241569589209075,0.04659717964438994,3.0,0.3052503052503053,3276.0,28.90763941495251,20.366295670415475,-1.058563020802983,1791.9413919413919,-1.0,83.32966008307197,0.3061751559350038,
2023-07-31 13:45:48.621000,-9.301204819277109,-3.3734939759036147,-0.45783132530120485,-3.384426732066217,-9.26364193746168,-0.04659717964438994,3.0,0.3052503052503053,3276.0,28.525960025639534,19.725074296369673,-1.6387156925587083,1887.9120879120878,-1.0,83.32966008307197,0.30616842577187536,
2023-07-31 13:45:48.629000,-9.301204819277109,-3.3734939759036147,-0.45783132530120485,-3.3353770692826483,-9.280809319435928,-0.06376456161863887,3.0,0.3052503052503053,3276.0,28.495425674494495,18.27469261698036,-2.1730668375968762,1975.091575091575,-1.0,83.32966008307197,0.3061617430845426,
2023-07-31 13:45:48.636000,-9.289156626506024,-3.397590361445783,-0.44578313253012053,-3.3893316983445736,-9.261189454322501,-0.03923973022685469,3.0,0.3052503052503053,3276.0,28.70916613250976,16.686906357438374,-2.7226851582075633,2050.5494505494503,-1.0,83.32966008307197,0.30615510336399665,
2023-07-31 13:45:48.644000,-9.289156626506024,-3.397590361445783,-0.44578313253012053,-3.3942366646229307,-9.234212139791538,-0.03923973022685469,3.0,0.3052503052503053,3276.0,28.602295903502128,14.80904376201853,-3.1196317230930593,2108.424908424908,-1.0,83.32966008307197,0.30614850205205607,
2023-07-31 13:45:48.652000,-9.253012048192772,-3.4096385542168677,-0.46987951807228917,-3.374616799509503,-9.1704475781729,-0.04414469650521152,3.0,0.3052503052503053,3276.0,28.693898956937243,12.717440708583414,-2.9364256162228304,2141.391941391941,-1.0,83.32966008307197,0.30614193455667577,
2023-07-31 13:45:48.659000,-9.228915662650603,-3.4096385542168677,-0.44578313253012053,-3.3721643163703248,-9.165542611894542,-0.0269773145309626,3.0,0.3052503052503053,3276.0,28.495425674494495,11.083852922323873,-2.9516927917953493,2151.6483516483513,-1.0,83.32966008307197,0.30613539626702724,
2023-07-31 13:45:48.667000,-9.180722891566266,-3.433734939759036,-0.46987951807228917,-3.367259350091968,-9.074800735744942,-0.02452483139178418,3.0,0.3056943056943057,3271.2418300653594,28.57176155235709,9.78614299865975,-2.737952333780082,2139.194139194139,-1.0,83.32966008307197,0.3061288825682982,
2023-07-31 13:45:48.674000,-9.096385542168676,-3.421686746987952,-0.42168674698795183,-3.396689147762109,-9.035561005518087,-0.029429797670141016,3.0,0.3052503052503053,3276.0,28.190082163044114,8.518967426140666,-1.974593555154128,2112.8205128205127,-1.0,83.32966008307197,0.3061223890054666,
2023-07-31 13:45:48.682000,-9.096385542168676,-3.433734939759036,-0.43373493975903615,-3.3525444512568976,-9.038013488657265,-0.009809932556713672,3.0,0.3052503052503053,3276.0,28.25115086533419,7.694539945224635,-1.3333721811083266,2068.8644688644686,-1.0,83.32966008307197,0.30611591116999776,
2023-07-31 13:45:48.690000,-9.10843373493976,-3.421686746987952,-0.3734939759036145,-3.42611894543225,-9.128755364806867,0.06376456161863887,3.0,0.3052503052503053,3276.0,28.28168521647923,6.518967426140666,-0.7226851582075633,2015.3846153846152,697.052001953125,86.07679173416226,0.30610944441587096,
2023-07-31 13:45:48.697000,-9.132530120481928,-3.385542168674699,-0.3253012048192771,-3.3795217657878602,-9.104230533415082,0.07357449417535254,3.0,0.3056943056943057,3271.2418300653594,28.296952392051747,5.358662082629215,-0.34100576889458617,1952.3809523809523,-1.0,86.07679173416226,0.3061029841709199,
2023-07-31 13:45:48.705000,-9.156626506024097,-3.385542168674699,-0.30120481927710846,-3.33292458614347,-9.13856529736358,0.1496014714898835,3.0,0.3052503052503053,3276.0,27.670998193578463,4.015150632247536,0.010139269273352732,1884.249084249084,-1.0,86.07679173416226,0.30609652622672084,
2023-07-31 13:45:48.713000,-9.19277108433735,-3.349397590361446,-0.26506024096385544,-3.350091968117719,-9.172900061312077,0.19374616799509503,3.0,0.3052503052503053,3276.0,28.129013460754038,2.534234601713185,0.5750247654565588,1813.186813186813,-1.0,86.07679173416226,0.306090066474552,
2023-07-31 13:45:48.720000,-9.19277108433735,-3.3012048192771086,-0.22891566265060243,-3.2103004291845494,-9.141017780502759,0.22562844880441446,3.0,0.3052503052503053,3276.0,27.41145620884564,1.3433949070566968,1.338383544082513,1739.194139194139,-1.0,86.07679173416226,0.30608360075858665,
2023-07-31 13:45:48.728000,-9.204819277108435,-3.313253012048193,-0.18072289156626506,-3.266707541385653,-9.07725321888412,0.269773145309626,3.0,0.3052503052503053,3276.0,27.73206689586854,0.5495017772857045,1.689528582250452,1668.131868131868,-1.0,86.07679173416226,0.30607712502639073,
2023-07-31 13:45:48.736000,-9.180722891566266,-3.289156626506024,-0.1566265060240964,-3.2299202942979766,-9.123850398528509,0.3408951563458001,3.0,0.3052503052503053,3276.0,26.953440941670067,0.3815628459879945,2.0559407959909097,1603.6630036630036,-1.0,86.07679173416226,0.30607063534007695,
2023-07-31 13:45:48.743000,-9.10843373493976,-3.253012048192771,-0.12048192771084337,-3.215205395462906,-9.062538320049049,0.38994481912936846,3.0,0.3052503052503053,3276.0,27.09084552182274,1.3433949070566968,2.1780782005710626,1545.7875457875457,-1.0,86.07679173416226,0.30606412774808317,
2023-07-31 13:45:48.751000,-9.096385542168676,-3.253012048192771,-0.060240963855421686,-3.2004904966278356,-8.988963825873697,0.3850398528510116,3.0,0.3052503052503053,3276.0,26.78550201037236,3.053318571178834,2.6513606433191543,1495.970695970696,-1.0,86.07679173416226,0.3060575984541947,
2023-07-31 13:45:48.759000,-9.096385542168676,-3.2650602409638556,-0.08433734939759037,-3.2103004291845494,-9.01594114040466,0.33108522378908645,3.0,0.3052503052503053,3276.0,26.632830254647168,5.11438727346891,2.605559116601597,1450.5494505494505,-1.0,86.07679173416226,0.30605104395439164,
2023-07-31 13:45:48.766000,-9.132530120481928,-3.27710843373494,-0.08433734939759037,-3.2716125076640097,-9.052728387492335,0.3408951563458001,3.0,0.3052503052503053,3276.0,26.358021094341822,6.915913991026162,2.544490414311521,1412.4542124542124,-1.0,86.07679173416226,0.30604446089632104,
2023-07-31 13:45:48.774000,-9.156626506024097,-3.2650602409638556,-0.0963855421686747,-3.1710606989576946,-9.148375229920294,0.3531575720416922,3.0,0.3052503052503053,3276.0,26.296952392051747,8.503700250568146,2.5292232387390015,1380.2197802197802,-1.0,86.07679173416226,0.3060378460873866,
2023-07-31 13:45:48.782000,-9.156626506024097,-3.2289156626506026,-0.10843373493975904,-3.244635193133047,-9.111587982832617,0.3507050889025138,3.0,0.3052503052503053,3276.0,26.20534933861663,9.801410174232268,2.254414078433658,1354.5787545787546,-1.0,86.07679173416226,0.3060311965021541,
2023-07-31 13:45:48.789000,-9.144578313253012,-3.253012048192771,-0.14457831325301207,-3.202942979767014,-9.123850398528509,0.34334763948497854,3.0,0.3048063048063048,3280.7720320466133,26.20534933861663,9.801410174232268,2.254414078433658,1334.065934065934,-1.0,86.07679173416226,0.3060245092890693,
2023-07-31 13:45:48.797000,-9.120481927710843,-3.240963855421687,-0.1566265060240964,-3.22501532801962,-9.087063151440834,0.29675045984058857,3.0,0.3048063048063048,3280.7720320466133,26.678631781364725,11.526601013926925,1.4910552998077038,1317.9487179487178,-1.0,86.07679173416226,0.30601778162719345,
2023-07-31 13:45:48.805000,-9.120481927710843,-3.240963855421687,-0.1566265060240964,-3.2103004291845494,-9.123850398528509,0.23543838136112813,3.0,0.3048063048063048,3280.7720320466133,26.43435697220442,12.27469261698036,1.338383544082513,1300.3663003663003,-1.0,86.07679173416226,0.306011010709671,
2023-07-31 13:45:48.812000,-9.156626506024097,-3.216867469879518,-0.1927710843373494,-3.1882280809319434,-9.082158185162477,0.26241569589209074,3.0,0.3052503052503053,3276.0,26.541227201212052,13.129654449041428,1.0788415593496885,1284.9816849816848,-1.0,86.07679173416226,0.30600419402420215,
2023-07-31 13:45:48.820000,-9.180722891566266,-3.216867469879518,-0.18072289156626506,-3.180870631514408,-9.150827713059472,0.23543838136112813,3.0,0.3052503052503053,3276.0,26.098479109609,13.068585746751353,1.185711788357322,1266.6666666666665,-1.0,86.07679173416226,0.30599732934532625,
2023-07-31 13:45:48.828000,-9.228915662650603,-3.1927710843373496,-0.1566265060240964,-3.1293684855916615,-9.190067443286328,0.25260576333537704,3.0,0.3052503052503053,3276.0,26.190082163044114,12.27469261698036,1.1093759104947267,1249.084249084249,-1.0,86.07679173416226,0.3059904146299637,
2023-07-31 13:45:48.835000,-9.240963855421688,-3.180722891566265,-0.21686746987951808,-3.1416309012875536,-9.192519926425506,0.25015328019619865,3.0,0.3048063048063048,3280.7720320466133,26.831303537089916,11.511333838354407,0.8345667501893832,1232.2344322344322,-1.0,86.07679173416226,0.30598344802991806,
2023-07-31 13:45:48.843000,-9.265060240963855,-3.180722891566265,-0.22891566265060243,-3.1686082158185163,-9.194972409564684,0.23789086450030655,3.0,0.3052503052503053,3276.0,26.525960025639534,10.28995979255288,0.4986888875939634,1220.5128205128203,-1.0,86.07679173416226,0.3059764277439431,
2023-07-31 13:45:48.851000,-9.289156626506024,-3.168674698795181,-0.20481927710843376,-3.202942979767014,-9.251379521765788,0.24279583077866337,3.0,0.3052503052503053,3276.0,26.693898956937243,8.518967426140666,0.6208262921741161,1210.2564102564102,-1.0,86.07679173416226,0.30596935214594867,
2023-07-31 13:45:48.858000,-9.301204819277109,-3.180722891566265,-0.18072289156626506,-3.156345800122624,-9.27835683629675,0.2869405272838749,3.0,0.3048063048063048,3280.7720320466133,27.121379872967776,6.6716391818658565,0.6818949944641924,1204.3956043956043,-1.0,86.07679173416226,0.30596221994418676,
2023-07-31 13:45:48.866000,-9.301204819277109,-3.180722891566265,-0.18072289156626506,-3.126916002452483,-9.283261802575106,0.30656039239730226,3.0,0.3048063048063048,3280.7720320466133,27.197715750830373,4.96171551774372,0.37655148301381075,1202.9304029304028,-1.0,86.07679173416226,0.3059550298927598,
2023-07-31 13:45:48.874000,-9.313253012048193,-3.1566265060240966,-0.14457831325301207,-3.1072961373390555,-9.251379521765788,0.3139178418148375,3.0,0.3052503052503053,3276.0,27.823669949303653,3.8777460520948646,0.2238797272886199,1208.058608058608,-1.0,86.07679173416226,0.30594778076882595,
2023-07-31 13:45:48.881000,-9.289156626506024,-3.144578313253012,-0.0963855421686747,-3.092581238503985,-9.209687308399754,0.3507050889025138,3.0,0.3048063048063048,3280.7720320466133,28.23588368976167,3.984616281102498,0.45288736087640613,1219.047619047619,-1.0,86.07679173416226,0.30594047179635153,
2023-07-31 13:45:48.889000,-9.27710843373494,-3.132530120481928,-0.12048192771084337,-3.13182096873084,-9.194972409564684,0.35806253832004903,3.0,0.3048063048063048,3280.7720320466133,28.510692850067013,4.1067536856826505,-0.27993706660450984,1234.4322344322343,-1.0,86.07679173416226,0.30593310235593835,
2023-07-31 13:45:48.897000,-9.27710843373494,-3.1204819277108435,-0.10843373493975904,-3.0361741263028814,-9.155732679337829,0.3163703249540159,3.0,0.3048063048063048,3280.7720320466133,29.09084552182274,5.11438727346891,-0.38680729561214344,1254.9450549450548,-1.0,86.07679173416226,0.3059256718328585,
2023-07-31 13:45:48.904000,-9.27710843373494,-3.0843373493975905,-0.12048192771084337,-3.0533415082771302,-9.253832004904966,0.3041079092581238,3.0,0.3048063048063048,3280.7720320466133,29.350387506555563,5.801410174232269,-1.1348988986655786,1278.3882783882782,-1.0,86.07679173416226,0.3059181798800508,
2023-07-31 13:45:48.912000,-9.240963855421688,-3.060240963855422,-0.10843373493975904,-3.0680564071122007,-9.190067443286328,0.35806253832004903,3.0,0.3048063048063048,3280.7720320466133,29.808402773731135,6.9464483421712,-1.2875706543907695,1301.098901098901,-1.0,86.07679173416226,0.30591062612626,
2023-07-31 13:45:48.920000,-9.253012048192772,-3.036144578313253,-0.12048192771084337,-2.9871244635193133,-9.194972409564684,0.34825260576333533,3.0,0.3048063048063048,3280.7720320466133,29.625196666860905,8.564768952858223,-1.7913874482838992,1320.8791208791208,-1.0,86.07679173416226,0.3059030103307531,
2023-07-31 13:45:48.927000,-9.253012048192772,-3.0,-0.08433734939759037,-2.942979767014102,-9.155732679337829,0.3727774371551195,3.0,0.3048063048063048,3280.7720320466133,29.961074529456326,10.686906357438376,-2.2188683643144334,1338.4615384615383,-1.0,86.07679173416226,0.30589533236722516,
2023-07-31 13:45:48.935000,-9.240963855421688,-3.0,-0.0963855421686747,-2.979767014101778,-9.18761496014715,0.3825873697118332,3.0,0.3048063048063048,3280.7720320466133,30.06794475846396,12.381562845987993,-3.028028669657945,1356.0439560439559,-1.0,86.07679173416226,0.30588759222838835,
2023-07-31 13:45:48.943000,-9.240963855421688,-2.963855421686747,-0.08433734939759037,-2.9576946658491723,-9.175352544451256,0.328632740649908,3.0,0.3048063048063048,3280.7720320466133,30.113746285181517,14.381562845987993,-3.974593555154128,1371.4285714285713,-1.0,86.07679173416226,0.3058797900091592,
2023-07-31 13:45:48.950000,-9.301204819277109,-2.951807228915663,-0.0963855421686747,-2.8963825873697115,-9.266094420600858,0.30656039239730226,3.0,0.3048063048063048,3280.7720320466133,30.037410407318923,15.587669716217002,-3.8219217994289374,1380.952380952381,-1.0,86.07679173416226,0.3058719259106466,
2023-07-31 13:45:48.958000,-9.325301204819278,-3.0,-0.08433734939759037,-2.974862047823421,-9.283261802575106,0.3703249540159411,3.0,0.3048063048063048,3280.7720320466133,29.54886078899831,16.747975059728454,-4.814288211642678,1383.8827838827838,-1.0,86.07679173416226,0.30586400036160666,
2023-07-31 13:45:48.966000,-9.349397590361447,-3.024096385542169,-0.08433734939759037,-2.984671980380135,-9.297976701410178,0.3507050889025138,3.0,0.3052503052503053,3276.0,29.86947147602121,17.251791853621583,-5.745585921566342,1379.4871794871794,-1.0,86.07679173416226,0.3058560138629409,
2023-07-31 13:45:48.973000,-9.313253012048193,-3.0481927710843375,-0.10843373493975904,-3.0312691600245247,-9.214592274678111,0.29429797670141017,3.0,0.3048063048063048,3280.7720320466133,29.42672338441816,18.15255521240021,-6.3257385933220664,1370.6959706959706,-1.0,86.07679173416226,0.3058479671305936,
2023-07-31 13:45:48.981000,-9.289156626506024,-3.072289156626506,-0.13253012048192772,-3.097486204782342,-9.261189454322501,0.30656039239730226,3.0,0.3048063048063048,3280.7720320466133,29.41145620884564,17.96934910552998,-6.661616455917486,1355.3113553113553,-1.0,86.07679173416226,0.30583986096160864,
2023-07-31 13:45:48.989000,-9.27710843373494,-3.096385542168675,-0.10843373493975904,-3.080318822808093,-9.145922746781116,0.3237277743715512,3.0,0.3048063048063048,3280.7720320466133,29.24351727754793,18.824310937591047,-6.539479051337334,1336.263736263736,-1.0,86.07679173416226,0.30583169606860133,
2023-07-31 13:45:48.996000,-9.228915662650603,-3.096385542168675,-0.16867469879518074,-3.0459840588595952,-9.194972409564684,0.269773145309626,3.0,0.3043623043623043,3285.5579868708974,29.0603111706777,17.89301322766738,-5.852456150573976,1315.7509157509157,-1.0,86.07679173416226,0.3058234732120906,
2023-07-31 13:45:49.004000,-9.180722891566266,-3.144578313253012,-0.1566265060240964,-3.0901287553648067,-9.118945432250152,0.24770079705702022,3.0,0.3048063048063048,3280.7720320466133,28.327486743196786,17.557135365071964,-5.0890973719480215,1296.7032967032967,-1.0,86.07679173416226,0.30581519304483495,
2023-07-31 13:45:49.012000,-9.132530120481928,-3.253012048192771,-0.1927710843373494,-3.3108522378908645,-9.033108522378908,0.23543838136112813,3.0,0.3048063048063048,3280.7720320466133,27.42672338441816,17.557135365071964,-5.195967600955655,1276.1904761904761,-1.0,86.07679173416226,0.30580685623297643,
2023-07-31 13:45:49.019000,-9.084337349397591,-3.325301204819277,-0.2530120481927711,-3.303494788473329,-8.979153893316983,0.2329858982219497,3.0,0.3048063048063048,3280.7720320466133,27.762601247013578,18.015150632247536,-4.95169279179535,1253.4798534798533,-1.0,86.07679173416226,0.3057984636088607,
2023-07-31 13:45:49.027000,-9.0,-3.3373493975903616,-0.22891566265060243,-3.354996934396076,-9.020846106683017,0.18638871857755976,3.0,0.3048063048063048,3280.7720320466133,27.39618903327312,18.24415826583532,-4.386807295612143,1230.7692307692307,-1.0,86.07679173416226,0.3057900160261926,
2023-07-31 13:45:49.035000,-8.987951807228916,-3.421686746987952,-0.24096385542168675,-3.4776210913549965,-8.917841814837523,0.16922133660331085,3.0,0.3048063048063048,3280.7720320466133,26.953440941670067,18.503700250568148,-3.5318454635510745,1211.7216117216117,-1.0,86.07679173416226,0.30578151435420947,
2023-07-31 13:45:49.042000,-8.987951807228916,-3.385542168674699,-0.28915662650602414,-3.367259350091968,-9.006131207847945,0.18148375229920294,3.0,0.3048063048063048,3280.7720320466133,27.182448575257855,18.320494143697918,-2.3715401200396244,1197.8021978021977,-1.0,86.07679173416226,0.3057729594721752,
2023-07-31 13:45:49.050000,-8.963855421686748,-3.5060240963855422,-0.3493975903614458,-3.4481912936848556,-8.964438994481913,0.0539546290619252,3.0,0.3048063048063048,3280.7720320466133,26.770234834799837,17.053318571178835,-2.325738593322067,1190.4761904761904,-1.0,86.07679173416226,0.30576435226423987,
2023-07-31 13:45:49.057000,-8.987951807228916,-3.5542168674698797,-0.39759036144578314,-3.578172900061312,-8.949724095646841,0.04904966278356836,3.0,0.3048063048063048,3280.7720320466133,26.89237223937999,16.213623914690285,-1.7455859215663418,1189.0109890109889,-1.0,86.07679173416226,0.30575569361471616,
2023-07-31 13:45:49.065000,-8.963855421686748,-3.626506024096386,-0.45783132530120485,-3.624770079705702,-8.949724095646841,-0.05150214592274678,3.0,0.3048063048063048,3280.7720320466133,26.770234834799837,15.46553231163685,-1.7150515704213036,1189.7435897435896,-1.0,86.07679173416226,0.30574698440380826,
2023-07-31 13:45:49.073000,-8.951807228915664,-3.7228915662650603,-0.46987951807228917,-3.678724708767627,-8.932556713672593,-0.03678724708767627,3.0,0.3048063048063048,3280.7720320466133,26.770234834799837,15.46553231163685,-1.7150515704213036,1194.1391941391942,-1.0,86.07679173416226,0.3057382255038358,
2023-07-31 13:45:49.080000,-8.987951807228916,-3.7590361445783134,-0.5180722891566265,-3.747394236664623,-8.949724095646841,-0.06376456161863887,3.0,0.3048063048063048,3280.7720320466133,26.663364605792204,14.9464483421712,-1.2875706543907695,1197.8021978021977,-1.0,86.07679173416226,0.30572941777598495,
2023-07-31 13:45:49.088000,-8.975903614457831,-3.7590361445783134,-0.5180722891566265,-3.7424892703862658,-8.966891477621092,-0.13979153893316984,3.0,0.3048063048063048,3280.7720320466133,26.25115086533419,14.518967426140666,-0.8295553872151968,1204.3956043956043,-1.0,86.07679173416226,0.3057205622063668,
2023-07-31 13:45:49.096000,-9.036144578313253,-3.7951807228915664,-0.5180722891566265,-3.9019006744328633,-8.939914163090128,-0.16676885346413242,3.0,0.3048063048063048,3280.7720320466133,26.296952392051747,12.885379639881124,-0.09673095973428085,1213.9194139194137,-1.0,86.07679173416226,0.3057116597447794,
2023-07-31 13:45:49.103000,-9.012048192771084,-3.855421686746988,-0.5783132530120483,-3.8871857755977928,-8.910484365419988,-0.1496014714898835,3.0,0.3048063048063048,3280.7720320466133,25.701532544723502,10.702173533010894,0.37655148301381075,1226.3736263736264,-1.0,86.07679173416226,0.3057027111755896,
2023-07-31 13:45:49.111000,-8.93975903614458,-3.951807228915663,-0.6626506024096386,-3.9730226854690374,-8.935009196811771,-0.17412630288166767,3.0,0.3043623043623043,3285.5579868708974,25.335120330983045,11.511333838354407,-0.9211584406503114,1240.2930402930401,-1.0,86.07679173416226,0.3056937172659451,
2023-07-31 13:45:49.119000,-8.891566265060241,-3.963855421686747,-0.6506024096385542,-3.9926425505824645,-8.854077253218884,-0.1912936848559166,3.0,0.3043623043623043,3285.5579868708974,25.304585979838006,12.564768952858223,-0.43260882232970066,1255.6776556776556,-1.0,86.07679173416226,0.30568467875477695,
2023-07-31 13:45:49.126000,-8.91566265060241,-3.963855421686747,-0.6626506024096386,-3.9705702023298586,-8.957081545064376,-0.24034334763948498,3.0,0.3048063048063048,3280.7720320466133,25.0603111706777,12.717440708583414,0.5750247654565588,1273.260073260073,-1.0,86.07679173416226,0.30567559631073304,
2023-07-31 13:45:49.134000,-8.975903614457831,-3.9759036144578315,-0.6987951807228916,-3.8994481912936845,-8.942366646229306,-0.3041079092581238,3.0,0.3048063048063048,3280.7720320466133,24.877105063807473,10.396830021560513,1.4757881242351847,1290.8424908424909,-1.0,86.07679173416226,0.3056664705326213,
2023-07-31 13:45:49.142000,-8.963855421686748,-3.963855421686747,-0.6987951807228916,-3.8749233599019006,-8.89086450030656,-0.23543838136112813,3.0,0.3048063048063048,3280.7720320466133,24.602295903502128,10.259425441407842,1.4299865975176276,1306.9597069597069,-1.0,86.07679173416226,0.3056573019923692,
2023-07-31 13:45:49.149000,-8.951807228915664,-3.927710843373494,-0.710843373493976,-4.002452483139178,-8.84181483752299,-0.29429797670141017,3.0,0.3043623043623043,3285.5579868708974,24.23588368976167,9.923547578812421,1.185711788357322,1320.8791208791208,-1.0,86.07679173416226,0.30564809124691783,
2023-07-31 13:45:49.157000,-8.963855421686748,-3.879518072289157,-0.6867469879518072,-3.8332311465358675,-8.991416309012875,-0.2673206621704476,3.0,0.3043623043623043,3285.5579868708974,24.342753918769304,8.717440708583414,1.7963988112580855,1334.065934065934,-1.0,86.07679173416226,0.30563883869092495,
2023-07-31 13:45:49.165000,-9.012048192771084,-3.734939759036145,-0.6506024096385542,-3.6811771919068055,-8.964438994481913,-0.25260576333537704,3.0,0.3043623043623043,3285.5579868708974,24.312219567624265,6.412097197133033,2.8651011013344214,1345.054945054945,-1.0,86.07679173416226,0.3056295446762716,
2023-07-31 13:45:49.172000,-9.060240963855422,-3.626506024096386,-0.6265060240963856,-3.561005518087063,-9.038013488657265,-0.2550582464745555,3.0,0.3043623043623043,3285.5579868708974,23.991608880601365,3.938814754384941,3.6284598799603756,1353.8461538461538,-1.0,86.07679173416226,0.30562020963200226,
2023-07-31 13:45:49.180000,-9.096385542168676,-3.5783132530120483,-0.6144578313253012,-3.5095033721643163,-9.084610668301655,-0.27467811158798283,3.0,0.3043623043623043,3285.5579868708974,23.39618903327312,1.9846162811024983,4.5902919410290774,1359.7069597069597,-1.0,86.07679173416226,0.30561083391832355,
2023-07-31 13:45:49.188000,-9.132530120481928,-3.5060240963855422,-0.6144578313253012,-3.465358675659105,-9.079705702023299,-0.18638871857755976,3.0,0.3048063048063048,3280.7720320466133,23.228250101975412,0.44263154827807083,5.155177437212283,1364.8351648351647,-1.0,86.07679173416226,0.305601417830106,
2023-07-31 13:45:49.195000,-9.132530120481928,-3.457831325301205,-0.5662650602409639,-3.438381361128142,-9.055180870631514,-0.1079092581238504,3.0,0.3043623043623043,3285.5579868708974,22.57176155235709,0.04568498339257468,5.414719421945108,1367.032967032967,-1.0,86.07679173416226,0.3055919617498739,
2023-07-31 13:45:49.203000,-9.132530120481928,-3.3734939759036147,-0.5542168674698795,-3.3721643163703248,-9.069895769466584,-0.13243408951563457,3.0,0.3043623043623043,3285.5579868708974,22.098479109609,-0.2749257036303261,5.38418507080007,1365.5677655677655,-1.0,86.07679173416226,0.3055824660242591,
2023-07-31 13:45:49.211000,-9.132530120481928,-3.349397590361446,-0.5421686746987953,-3.3182096873083995,-9.067443286327405,-0.10545677498467197,3.0,0.3048063048063048,3280.7720320466133,21.258784453120448,0.5495017772857045,5.200978963929841,1360.4395604395604,-1.0,86.07679173416226,0.30557293080909537,
2023-07-31 13:45:49.218000,-9.132530120481928,-3.3012048192771086,-0.5180722891566265,-3.2470876762722254,-9.10668301655426,-0.15450643776824033,3.0,0.3043623043623043,3285.5579868708974,20.983975292815106,0.8853796398811242,4.9109026280519785,1355.3113553113553,-1.0,86.07679173416226,0.3055633563618199,
2023-07-31 13:45:49.226000,-9.120481927710843,-3.253012048192771,-0.5301204819277109,-3.1759656652360513,-9.040465971796444,-0.12507664009809932,3.0,0.3043623043623043,3285.5579868708974,20.144280636326556,1.1754559757589869,5.124643086067246,1346.5201465201465,-1.0,86.07679173416226,0.3055537429185329,
2023-07-31 13:45:49.234000,-9.144578313253012,-3.180722891566265,-0.49397590361445787,-3.1293684855916615,-9.089515634580012,-0.09074187614960147,3.0,0.3043623043623043,3285.5579868708974,19.991608880601365,1.3433949070566968,4.742963696754269,1331.8681318681317,-1.0,86.07679173416226,0.3055440905396345,
2023-07-31 13:45:49.241000,-9.156626506024097,-3.144578313253012,-0.5180722891566265,-3.1538933169834458,-9.101778050275904,-0.06621704475781728,3.0,0.3048063048063048,3280.7720320466133,19.27405162869297,1.389196433774254,4.0254064448458715,1315.018315018315,-1.0,86.07679173416226,0.30553439911466296,
2023-07-31 13:45:49.249000,-9.168674698795181,-3.1566265060240966,-0.5060240963855422,-3.144083384426732,-9.101778050275904,-0.11526670754138564,3.0,0.3043623043623043,3285.5579868708974,18.70916613250976,2.534234601713185,2.987238505914574,1296.7032967032967,-1.0,86.07679173416226,0.30552466853686194,
2023-07-31 13:45:49.257000,-9.19277108433735,-3.132530120481928,-0.45783132530120485,-3.097486204782342,-9.136112814224402,-0.06376456161863887,3.0,0.3043623043623043,3285.5579868708974,18.816036361517394,2.8548452887360862,2.6513606433191543,1281.3186813186812,-1.0,86.07679173416226,0.30551489886742783,
2023-07-31 13:45:49.264000,-9.216867469879519,-3.0481927710843375,-0.4819277108433735,-3.026364193746168,-9.190067443286328,-0.04904966278356836,3.0,0.3043623043623043,3285.5579868708974,18.20534933861663,2.9617155177437198,2.5292232387390015,1265.9340659340658,-1.0,86.07679173416226,0.3055050901600297,
2023-07-31 13:45:49.272000,-9.265060240963855,-3.0481927710843375,-0.45783132530120485,-2.9650521152667073,-9.177805027590434,-0.019619865113427344,3.0,0.3043623043623043,3285.5579868708974,17.686265369150984,2.79377658644601,2.254414078433658,1254.9450549450548,-1.0,86.07679173416226,0.3054952424557769,
2023-07-31 13:45:49.280000,-9.27710843373494,-3.024096385542169,-0.44578313253012053,-3.0386266094420598,-9.23175965665236,-0.019619865113427344,3.0,0.3043623043623043,3285.5579868708974,16.663364605792204,1.9235475788124219,1.6742614066779329,1247.6190476190475,-1.0,86.07679173416226,0.3054853557886974,
2023-07-31 13:45:49.287000,-9.27710843373494,-3.024096385542169,-0.44578313253012053,-3.0018393623543838,-9.212139791538933,0.009809932556713672,3.0,0.3043623043623043,3285.5579868708974,15.640463842433427,1.236524678049063,1.3994522463725894,1241.7582417582416,-1.0,86.07679173416226,0.30547543019115736,
2023-07-31 13:45:49.295000,-9.301204819277109,-3.072289156626506,-0.42168674698795183,-3.0312691600245247,-9.258736971183323,0.03923973022685469,3.0,0.3043623043623043,3285.5579868708974,15.0603111706777,0.19835673911776552,1.4910552998077038,1237.3626373626373,-1.0,86.07679173416226,0.30546546569920086,
2023-07-31 13:45:49.303000,-9.301204819277109,-3.1204819277108435,-0.3614457831325301,-3.0705088902513795,-9.204782342121398,0.03678724708767627,3.0,0.3043623043623043,3285.5579868708974,14.464891323349455,-1.0688188334013184,0.46815453644892524,1238.8278388278388,-1.0,86.07679173416226,0.3054554623577859,
2023-07-31 13:45:49.310000,-9.325301204819278,-3.1566265060240966,-0.3493975903614458,-3.1980380134886572,-9.270999386879215,0.08338442673206621,3.0,0.3043623043623043,3285.5579868708974,13.56412796457083,-1.8474447875997917,-0.08146378416176177,1249.084249084249,-1.0,86.07679173416226,0.3054454202258969,
2023-07-31 13:45:49.318000,-9.337349397590362,-3.1927710843373496,-0.3132530120481928,-3.161250766400981,-9.305334150827713,0.13243408951563457,3.0,0.3043623043623043,3285.5579868708974,13.19771575083037,-3.175689062408952,-0.8906240895052732,1268.131868131868,-1.0,86.07679173416226,0.30543533938151646,
2023-07-31 13:45:49.326000,-9.349397590361447,-3.1927710843373496,-0.27710843373493976,-3.156345800122624,-9.329858982219497,0.10300429184549356,3.0,0.3043623043623043,3285.5579868708974,12.785502010372356,-4.503933337218112,-1.424975234543441,1305.4945054945053,-1.0,86.07679173416226,0.30542521992643645,
2023-07-31 13:45:49.333000,-9.337349397590362,-3.1927710843373496,-0.22891566265060243,-3.144083384426732,-9.334763948497853,0.18884120171673818,3.0,0.3043623043623043,3285.5579868708974,12.449624147776936,-5.832177612027272,-1.94405920400909,1358.974358974359,-1.0,86.07679173416226,0.3054150619908948,
2023-07-31 13:45:49.341000,-9.253012048192772,-3.204819277108434,-0.20481927710843376,-3.1784181483752296,-9.16799509503372,0.2575107296137339,3.0,0.3043623043623043,3285.5579868708974,11.945807353883806,-7.282559291416585,-2.524211875764815,1432.9670329670328,-1.0,86.07679173416226,0.3054048657380196,
2023-07-31 13:45:49.349000,-9.156626506024097,-3.204819277108434,-0.16867469879518074,-3.185775597792765,-9.087063151440834,0.27467811158798283,3.0,0.3043623043623043,3285.5579868708974,11.945807353883806,-7.282559291416585,-2.524211875764815,1521.6117216117216,-1.0,86.07679173416226,0.3053946313680726,
2023-07-31 13:45:49.356000,-9.096385542168676,-3.216867469879518,-0.13253012048192772,-3.2372777437155116,-9.062538320049049,0.2869405272838749,3.0,0.3043623043623043,3285.5579868708974,11.21298292640289,-7.847444787599791,-2.2341355398869527,1619.7802197802196,-1.0,86.07679173416226,0.30538435912247636,
2023-07-31 13:45:49.364000,-9.024096385542169,-3.253012048192771,-0.10843373493975904,-3.2397302268546904,-9.0453709380748,0.33108522378908645,3.0,0.3043623043623043,3285.5579868708974,10.922906590525027,-8.565002039508189,-1.1654332498106166,1721.6117216117216,-1.0,86.07679173416226,0.3053740492876169,
2023-07-31 13:45:49.372000,-9.012048192771084,-3.289156626506024,-0.060240963855421686,-3.291232372777437,-9.03065603923973,0.3408951563458001,3.0,0.3043623043623043,3285.5579868708974,10.816036361517394,-8.931414253248647,0.19334537614358174,1821.245421245421,-1.0,86.07679173416226,0.30536370219841547,
2023-07-31 13:45:49.379000,-9.012048192771084,-3.313253012048193,-0.04819277108433735,-3.325567136725935,-8.996321275291232,0.43654199877375843,3.0,0.3043623043623043,3285.5579868708974,10.083211934036479,-8.931414253248647,1.0330400326321314,1914.2857142857142,-1.0,86.07679173416226,0.30535331824165807,
2023-07-31 13:45:49.387000,-9.036144578313253,-3.3734939759036147,0.012048192771084338,-3.3770692826486814,-9.057633353770692,0.4438994481912937,3.0,0.3043623043623043,3285.5579868708974,9.930540178311288,-8.21385700134025,1.9490705669832764,1995.6043956043954,-1.0,86.07679173416226,0.3053428978590831,
2023-07-31 13:45:49.395000,-9.048192771084338,-3.433734939759036,0.0,-3.445738810545677,-9.028203556100552,0.49294911097486205,3.0,0.3043623043623043,3285.5579868708974,9.609929491288387,-8.931414253248647,2.5750247654565586,2060.8058608058604,-1.0,86.07679173416226,0.3053324415502225,
2023-07-31 13:45:49.402000,-9.048192771084338,-3.4457831325301207,0.04819277108433735,-3.408951563458001,-9.03065603923973,0.5150214592274678,3.0,0.3043623043623043,3285.5579868708974,9.167181399685333,-8.824544024241012,2.1933453761435815,2103.296703296703,-1.0,86.07679173416226,0.3053219498749892,
2023-07-31 13:45:49.410000,-8.987951807228916,-3.457831325301205,0.060240963855421686,-3.445738810545677,-8.964438994481913,0.5199264255058246,3.0,0.3043623043623043,3285.5579868708974,8.754967659227319,-8.732940970805899,2.4986888875939632,2124.5421245421244,-1.0,86.07679173416226,0.30531142345601975,
2023-07-31 13:45:49.418000,-8.987951807228916,-3.4819277108433737,0.060240963855421686,-3.502145922746781,-8.96934396076027,0.49294911097486205,3.0,0.3043623043623043,3285.5579868708974,8.617563079074646,-8.076452421187577,2.819299574616864,2120.879120879121,-1.0,86.07679173416226,0.305300862980765,
2023-07-31 13:45:49.425000,-8.975903614457831,-3.530120481927711,0.060240963855421686,-3.5168608215818513,-8.974248927038627,0.510116492949111,3.0,0.3043623043623043,3285.5579868708974,7.945807353883807,-7.389429520424219,2.8651011013344214,2096.7032967032965,-1.0,86.07679173416226,0.30529026934208536,
2023-07-31 13:45:49.433000,-8.963855421686748,-3.5421686746987953,0.04819277108433735,-3.5340282035561,-8.93746167995095,0.5003065603923973,3.0,0.3043623043623043,3285.5579868708974,7.609929491288387,-7.007750131111242,2.834566750189383,2052.014652014652,-1.0,86.07679173416226,0.305279643480724,
2023-07-31 13:45:49.440000,-8.987951807228916,-3.5060240963855422,0.03614457831325302,-3.4481912936848556,-8.944819129368485,0.510116492949111,3.0,0.3043623043623043,3285.5579868708974,7.2282501019754095,-5.618437154012005,2.8803682769069403,1991.9413919413919,727.691650390625,82.45250576640805,0.305268986259059,
2023-07-31 13:45:49.448000,-8.987951807228916,-3.493975903614458,0.024096385542168676,-3.455548743102391,-8.939914163090128,0.41201716738197425,3.0,0.3043623043623043,3285.5579868708974,6.434356972204418,-4.595536390653226,3.7963988112580855,1921.6117216117216,-1.0,82.45250576640805,0.3052582986113315,
2023-07-31 13:45:49.456000,-9.024096385542169,-3.4698795180722892,-0.04819277108433735,-3.4604537093807477,-8.986511342734518,0.40465971796443895,3.0,0.3043623043623043,3285.5579868708974,5.915273002738768,-3.404696695996738,4.269681254006177,1845.4212454212452,-1.0,82.45250576640805,0.3052475815443575,
2023-07-31 13:45:49.463000,-9.048192771084338,-3.4698795180722892,-0.08433734939759037,-3.4825260576333537,-8.986511342734518,0.3727774371551195,3.0,0.3043623043623043,3285.5579868708974,5.747334071441059,-2.7634753219509367,4.513956063166482,1767.7655677655675,-1.0,82.45250576640805,0.3052368361380239,
2023-07-31 13:45:49.471000,-9.084337349397591,-3.457831325301205,-0.0963855421686747,-3.4825260576333537,-9.011036174126302,0.3850398528510116,3.0,0.3048063048063048,3280.7720320466133,5.075578346250219,-2.3817959326379596,4.773498047899307,1690.10989010989,-1.0,82.45250576640805,0.30522606354557996,
2023-07-31 13:45:49.479000,-9.072289156626507,-3.433734939759036,-0.0963855421686747,-3.4114040465971796,-9.057633353770692,0.3041079092581238,3.0,0.3043623043623043,3285.5579868708974,4.235883689761669,-2.290192879202845,5.1399102616397645,1615.3846153846152,-1.0,82.45250576640805,0.3052152651430332,
2023-07-31 13:45:49.486000,-9.120481927710843,-3.4096385542168677,-0.0963855421686747,-3.4163090128755362,-9.087063151440834,0.29675045984058857,3.0,0.3043623043623043,3285.5579868708974,3.747334071441059,-1.923780665462387,5.292582017364955,1548.7179487179485,-1.0,82.45250576640805,0.30520444240165023,
2023-07-31 13:45:49.494000,-9.120481927710843,-3.4096385542168677,-0.08433734939759037,-3.3231146535867566,-9.123850398528509,0.3703249540159411,3.0,0.3043623043623043,3285.5579868708974,3.090845521822738,-1.87797913874483,5.72006293339549,1492.3076923076922,-1.0,82.45250576640805,0.30519359672877194,
2023-07-31 13:45:49.502000,-9.156626506024097,-3.397590361445783,-0.0963855421686747,-3.362354383813611,-9.141017780502759,0.3139178418148375,3.0,0.3043623043623043,3285.5579868708974,2.3122195676242647,-2.0459180700425397,5.918536215838238,1447.6190476190475,-1.0,82.45250576640805,0.3051827294675949,
2023-07-31 13:45:49.509000,-9.19277108433735,-3.385542168674699,-0.0963855421686747,-3.3059472716125073,-9.143470263641937,0.3384426732066217,3.0,0.3043623043623043,3285.5579868708974,2.037410407318921,-2.152788299050173,6.086475147135948,1414.6520146520145,-1.0,82.45250576640805,0.30517184205593195,
2023-07-31 13:45:49.517000,-9.19277108433735,-3.36144578313253,-0.0963855421686747,-3.313304721030043,-9.133660331085224,0.29429797670141017,3.0,0.3043623043623043,3285.5579868708974,1.3809218577006008,-3.175689062408952,6.178078200571062,1387.5457875457876,-1.0,82.45250576640805,0.30516093615331435,
2023-07-31 13:45:49.525000,-9.240963855421688,-3.3373493975903616,-0.13253012048192772,-3.313304721030043,-9.175352544451256,0.299202942979767,3.0,0.3043623043623043,3285.5579868708974,1.1519142241128144,-3.5879028028669673,6.147543849426024,1364.8351648351647,-1.0,82.45250576640805,0.3051500134912561,
2023-07-31 13:45:49.532000,-9.204819277108435,-3.313253012048193,-0.10843373493975904,-3.264255058246474,-9.177805027590434,0.299202942979767,3.0,0.3043623043623043,3285.5579868708974,0.46489132334945577,-4.763475321950937,6.193345376143582,1342.8571428571427,-1.0,82.45250576640805,0.30513907587269057,
2023-07-31 13:45:49.540000,-9.156626506024097,-3.3012048192771086,-0.13253012048192772,-3.251992642550582,-9.10668301655426,0.3629675045984059,3.0,0.3043623043623043,3285.5579868708974,0.29695239205174584,-4.961948604393685,6.300215605151215,1323.076923076923,-1.0,82.45250576640805,0.30512812517129495,
2023-07-31 13:45:49.548000,-9.180722891566266,-3.289156626506024,-0.10843373493975904,-3.244635193133047,-9.13856529736358,0.35806253832004903,3.0,0.3043623043623043,3285.5579868708974,-0.08472699726123126,-5.404696695996738,6.315482780723734,1298.168498168498,-1.0,82.45250576640805,0.30511716333071004,
2023-07-31 13:45:49.555000,-9.168674698795181,-3.3012048192771086,-0.0963855421686747,-3.2765174739423664,-9.128755364806867,0.3948497854077253,3.0,0.3043623043623043,3285.5579868708974,-0.37480333313909386,-5.6947730318746,6.773498047899307,1274.7252747252746,-1.0,82.45250576640805,0.30510619236366204,
2023-07-31 13:45:49.563000,-9.204819277108435,-3.2289156626506026,-0.0963855421686747,-3.2053954629061923,-9.101778050275904,0.35561005518087063,3.0,0.3043623043623043,3285.5579868708974,-1.0160247071848953,-6.168055474622692,6.437620185303887,1252.014652014652,-1.0,82.45250576640805,0.30509521435099235,
2023-07-31 13:45:49.571000,-9.216867469879519,-3.2289156626506026,-0.024096385542168676,-3.254445125689761,-9.20232985898222,0.40220723482526055,3.0,0.30391830391830393,3290.3579254930605,-1.5503758522230633,-6.168055474622692,6.758230872326788,1233.6996336996335,-1.0,82.45250576640805,0.3050842314406024,
2023-07-31 13:45:49.578000,-9.228915662650603,-3.1927710843373496,-0.060240963855421686,-3.13182096873084,-9.128755364806867,0.3801348865726548,3.0,0.3043623043623043,3285.5579868708974,-1.6267117300856586,-6.3359944059204025,6.330749956296253,1220.5128205128203,-1.0,82.45250576640805,0.3050732458357752,
2023-07-31 13:45:49.586000,-9.228915662650603,-3.1927710843373496,-0.03614457831325302,-3.163703249540159,-9.180257510729612,0.3384426732066217,3.0,0.3043623043623043,3285.5579868708974,-2.420604859856651,-6.580269215080707,6.391818658586329,1213.1868131868132,-1.0,82.45250576640805,0.30506225976225315,
2023-07-31 13:45:49.594000,-9.216867469879519,-3.168674698795181,-0.024096385542168676,-3.1293684855916615,-9.16799509503372,0.43899448191293683,3.0,0.3043623043623043,3285.5579868708974,-2.451139211001689,-6.916147077676127,6.0254064448458715,1212.4542124542124,-1.0,82.45250576640805,0.30505127549828265,
2023-07-31 13:45:49.601000,-9.204819277108435,-3.144578313253012,-0.024096385542168676,-3.1244635193133043,-9.24892703862661,0.39239730226854685,3.0,0.3043623043623043,3285.5579868708974,-2.8786201270322236,-6.305460054775364,6.300215605151215,1212.4542124542124,-1.0,82.45250576640805,0.305040295383427,
2023-07-31 13:45:49.609000,-9.216867469879519,-3.144578313253012,0.012048192771084338,-3.0680564071122007,-9.207234825260576,0.4193746167995095,3.0,0.3043623043623043,3285.5579868708974,-3.2602995163452007,-6.244391352485287,5.903269040265719,1216.117216117216,-1.0,82.45250576640805,0.3050293218167827,
2023-07-31 13:45:49.617000,-9.253012048192772,-3.132530120481928,0.012048192771084338,-3.139178418148375,-9.190067443286328,0.45616186388718577,3.0,0.3043623043623043,3285.5579868708974,-3.4740399743604677,-6.122253947905135,5.903269040265719,1221.9780219780218,-1.0,82.45250576640805,0.30501835725514503,
2023-07-31 13:45:49.624000,-9.27710843373494,-3.1204819277108435,0.012048192771084338,-3.0386266094420598,-9.207234825260576,0.42918454935622313,3.0,0.3043623043623043,3285.5579868708974,-3.4740399743604677,-6.122253947905135,5.903269040265719,1230.7692307692307,-1.0,82.45250576640805,0.3050074042111308,
2023-07-31 13:45:49.632000,-9.289156626506024,-3.0843373493975905,0.0,-3.0459840588595952,-9.253832004904966,0.4537093807480073,3.0,0.3043623043623043,3285.5579868708974,-3.9778567682535977,-6.351261581492921,5.70479575782297,1246.8864468864467,-1.0,82.45250576640805,0.30499646525126567,
2023-07-31 13:45:49.640000,-9.301204819277109,-3.0843373493975905,0.012048192771084338,-3.0656039239730224,-9.275904353157571,0.4414469650521152,3.0,0.3043623043623043,3285.5579868708974,-4.054192646116193,-6.000116543324983,5.536856826525261,1267.3992673992673,-1.0,82.45250576640805,0.30498554299403424,
2023-07-31 13:45:49.647000,-9.289156626506024,-3.072289156626506,0.0,-3.0778663396689145,-9.219497240956468,0.44880441446965047,3.0,0.3043623043623043,3285.5579868708974,-4.817551424742147,-6.259658528057806,5.277314841792436,1288.6446886446886,-1.0,82.45250576640805,0.30497464024665316,
2023-07-31 13:45:49.655000,-9.313253012048193,-3.0843373493975905,0.0,-3.0680564071122007,-9.266094420600858,0.44880441446965047,3.0,0.3043623043623043,3285.5579868708974,-4.725948371307033,-6.763475321950937,5.04830720820465,1310.6227106227104,-1.0,82.45250576640805,0.30496375984393403,
2023-07-31 13:45:49.663000,-9.265060240963855,-3.0843373493975905,0.03614457831325302,-3.0950337216431634,-9.275904353157571,0.4757817290006131,3.0,0.3043623043623043,3285.5579868708974,-5.367169745352834,-6.916147077676127,4.513956063166482,1331.8681318681317,-1.0,82.45250576640805,0.3049529045186379,
2023-07-31 13:45:49.670000,-9.265060240963855,-3.0843373493975905,0.012048192771084338,-3.026364193746168,-9.268546903740036,0.48313917841814835,3.0,0.3043623043623043,3285.5579868708974,-5.412971272070392,-6.70240661966086,4.498688887593963,1350.9157509157508,-1.0,82.45250576640805,0.30494207718726046,
2023-07-31 13:45:49.678000,-9.240963855421688,-3.0843373493975905,0.024096385542168676,-3.0410790925812385,-9.239117106069894,0.5003065603923973,3.0,0.3043623043623043,3285.5579868708974,-5.977856768253598,-6.595536390653226,4.3612843074412915,1365.5677655677655,-1.0,82.45250576640805,0.30493128078862103,
2023-07-31 13:45:49.686000,-9.240963855421688,-3.0481927710843375,0.04819277108433735,-3.026364193746168,-9.204782342121398,0.5003065603923973,3.0,0.3043623043623043,3285.5579868708974,-5.718314783520773,-6.7940096730959745,4.05594079599091,1378.021978021978,-1.0,82.45250576640805,0.3049205181539396,
2023-07-31 13:45:49.693000,-9.240963855421688,-3.0481927710843375,0.04819277108433735,-2.974862047823421,-9.199877375843041,0.4757817290006131,3.0,0.3043623043623043,3285.5579868708974,-6.374803333139093,-6.519200512790631,3.8116659868306044,1384.6153846153845,-1.0,82.45250576640805,0.30490979215360076,
2023-07-31 13:45:49.701000,-9.253012048192772,-3.0120481927710845,0.03614457831325302,-3.009196811771919,-9.1704475781729,0.5003065603923973,3.0,0.3043623043623043,3285.5579868708974,-6.542742264436804,-6.54973486393567,3.5521240020977802,1388.278388278388,-1.0,82.45250576640805,0.3048991058333468,
2023-07-31 13:45:49.709000,-9.265060240963855,-3.024096385542169,0.08433734939759037,-2.9601471489883506,-9.236664622930716,0.5052115266707541,3.0,0.3043623043623043,3285.5579868708974,-6.741215546879552,-6.656605092943303,3.5521240020977802,1387.5457875457876,-1.0,82.45250576640805,0.30488846239131795,
2023-07-31 13:45:49.716000,-9.265060240963855,-3.024096385542169,0.060240963855421686,-2.9478847332924585,-9.246474555487431,0.5738810545677498,3.0,0.3043623043623043,3285.5579868708974,-6.817551424742147,-6.809276848668493,3.170444612784803,1379.4871794871794,-1.0,82.45250576640805,0.3048778650274555,
2023-07-31 13:45:49.724000,-9.27710843373494,-3.0,0.08433734939759037,-2.9380748007357447,-9.288166768853463,0.5321888412017167,3.0,0.30391830391830393,3290.3579254930605,-7.061826233902452,-7.175689062408952,2.9109026280519785,1365.5677655677655,-1.0,82.45250576640805,0.30486731680322626,
2023-07-31 13:45:49.732000,-9.301204819277109,-2.987951807228916,0.0963855421686747,-3.0288166768853464,-9.268546903740036,0.4537093807480073,3.0,0.30391830391830393,3290.3579254930605,-7.10762776062001,-7.3436279937066615,2.4834217120214443,1350.18315018315,-1.0,82.45250576640805,0.3048568206497087,
2023-07-31 13:45:49.739000,-9.313253012048193,-3.0,0.10843373493975904,-2.942979767014102,-9.315144083384427,0.5665236051502146,3.0,0.3043623043623043,3285.5579868708974,-7.718314783520773,-8.626070741798264,2.452887360876406,1334.065934065934,-1.0,82.45250576640805,0.30484637947136073,
2023-07-31 13:45:49.747000,-9.325301204819278,-3.0,0.12048192771084337,-2.952789699570815,-9.273451870018393,0.5836909871244634,3.0,0.3043623043623043,3285.5579868708974,-7.657246081230697,-8.900879902103608,1.8727346891206809,1318.6813186813185,-1.0,82.45250576640805,0.3048359961423347,
2023-07-31 13:45:49.755000,-9.289156626506024,-2.987951807228916,0.1566265060240964,-2.940527283874923,-9.24892703862661,0.6523605150214592,3.0,0.3043623043623043,3285.5579868708974,-7.489307149932987,-9.52683410057689,2.040673620418391,1301.8315018315018,-1.0,82.45250576640805,0.3048256736834031,
2023-07-31 13:45:49.762000,-9.301204819277109,-2.987951807228916,0.20481927710843376,-2.9380748007357447,-9.290619251992641,0.5861434702636419,3.0,0.30391830391830393,3290.3579254930605,-8.130528523978787,-9.450498222714295,1.4757881242351847,1284.2490842490843,-1.0,82.45250576640805,0.30481541510928567,
2023-07-31 13:45:49.770000,-9.27710843373494,-2.963855421686747,0.22891566265060243,-2.9478847332924585,-9.207234825260576,0.6523605150214592,3.0,0.30391830391830393,3290.3579254930605,-8.054192646116192,-8.977215779966203,0.8803682769069405,1268.131868131868,-1.0,82.45250576640805,0.304805223286417,
2023-07-31 13:45:49.778000,-9.240963855421688,-2.963855421686747,0.18072289156626506,-2.839975475168608,-9.194972409564684,0.640098099325567,3.0,0.30391830391830393,3290.3579254930605,-8.313734630849018,-8.565002039508189,0.8803682769069405,1252.014652014652,-1.0,82.45250576640805,0.3047951010357288,
2023-07-31 13:45:49.785000,-9.216867469879519,-2.963855421686747,0.24096385542168675,-2.952789699570815,-9.15328019619865,0.6597179644389944,3.0,0.3043623043623043,3285.5579868708974,-8.42060485985665,-7.954315016607425,0.7276965211817497,1237.3626373626373,-1.0,82.45250576640805,0.3047850511174959,
2023-07-31 13:45:49.793000,-9.204819277108435,-2.9759036144578315,0.22891566265060243,-2.9356223175965663,-9.192519926425506,0.7578172900061312,3.0,0.30391830391830393,3290.3579254930605,-8.649612493444437,-7.801643260882234,0.788765223471826,1225.6410256410256,-1.0,82.45250576640805,0.30477507637567663,
2023-07-31 13:45:49.800000,-9.228915662650603,-2.987951807228916,0.20481927710843376,-2.9478847332924585,-9.177805027590434,0.6891477621091354,3.0,0.3043623043623043,3285.5579868708974,-8.237398752986422,-6.503933337218112,0.3460171318687726,1219.047619047619,-1.0,82.45250576640805,0.30476517960522226,
2023-07-31 13:45:49.808000,-9.216867469879519,-2.9759036144578315,0.26506024096385544,-2.9773145309625995,-9.163090128755364,0.7161250766400981,3.0,0.3043623043623043,3285.5579868708974,-8.588543791154361,-5.801643260882234,0.7429636967542688,1212.4542124542124,-1.0,82.45250576640805,0.3047553635368595,
2023-07-31 13:45:49.816000,-9.216867469879519,-2.9759036144578315,0.26506024096385544,-2.9380748007357447,-9.20232985898222,0.6719803801348866,3.0,0.30391830391830393,3290.3579254930605,-8.588543791154361,-4.809276848668494,0.11700949828098632,1209.5238095238094,-1.0,82.45250576640805,0.30474563099205815,
2023-07-31 13:45:49.823000,-9.228915662650603,-2.9759036144578315,0.2530120481927711,-2.9699570815450644,-9.155732679337829,0.7014101778050276,3.0,0.3043623043623043,3285.5579868708974,-8.954956004894818,-3.786376085309715,0.16281102499854358,1209.5238095238094,-1.0,82.45250576640805,0.3047359844520133,
2023-07-31 13:45:49.831000,-9.240963855421688,-2.987951807228916,0.27710843373493976,-2.950337216431637,-9.209687308399754,0.7014101778050276,3.0,0.30391830391830393,3290.3579254930605,-9.107627760620009,-2.7787424975234556,0.14754384942602447,1209.5238095238094,-1.0,82.45250576640805,0.3047264263399357,
2023-07-31 13:45:49.839000,-9.265060240963855,-2.987951807228916,0.24096385542168675,-2.916002452483139,-9.214592274678111,0.6965052115266707,3.0,0.3043623043623043,3285.5579868708974,-8.878620127032223,-2.106986772332616,0.025406444845871817,1210.989010989011,-1.0,82.45250576640805,0.30471695915403957,
2023-07-31 13:45:49.846000,-9.240963855421688,-3.0120481927710845,0.22891566265060243,-2.911097486204782,-9.23175965665236,0.6989576946658491,3.0,0.3043623043623043,3285.5579868708974,-9.031291882757413,-1.6337043295845244,0.010139269273352732,1213.9194139194137,-1.0,82.45250576640805,0.3047075853026762,
2023-07-31 13:45:49.854000,-9.265060240963855,-2.987951807228916,0.22891566265060243,-2.9773145309625995,-9.290619251992641,0.6719803801348866,3.0,0.3043623043623043,3285.5579868708974,-9.09236058504749,-1.2978264669891046,-0.18833401316939535,1216.117216117216,-1.0,82.45250576640805,0.3046983072590784,
2023-07-31 13:45:49.862000,-9.265060240963855,-2.9759036144578315,0.20481927710843376,-2.9478847332924585,-9.214592274678111,0.6499080318822807,3.0,0.30391830391830393,3290.3579254930605,-9.290833867490239,-0.7482081463784177,-0.09673095973428085,1219.047619047619,-1.0,82.45250576640805,0.30468912741831045,
2023-07-31 13:45:49.869000,-9.27710843373494,-3.0,0.22891566265060243,-2.9969343960760266,-9.273451870018393,0.6744328632740649,3.0,0.30391830391830393,3290.3579254930605,-9.626711730085658,-0.7940096730959749,-0.11199813530679993,1227.106227106227,-1.0,82.45250576640805,0.3046800479437818,
2023-07-31 13:45:49.877000,-9.289156626506024,-2.9759036144578315,0.22891566265060243,-2.916002452483139,-9.290619251992641,0.6474555487431024,3.0,0.3034743034743035,3295.171909290417,-9.5809102033681,-0.48866616164559323,-0.3257385933220671,1234.4322344322343,-1.0,82.45250576640805,0.30467107074131705,
2023-07-31 13:45:49.885000,-9.313253012048193,-2.987951807228916,0.21686746987951808,-2.982219497240956,-9.297976701410178,0.6474555487431024,3.0,0.30391830391830393,3290.3579254930605,-9.993123943826117,-0.4123302837829978,-0.20360118874191444,1245.4212454212454,-1.0,82.45250576640805,0.30466219758178614,
2023-07-31 13:45:49.892000,-9.301204819277109,-2.9759036144578315,0.16867469879518074,-2.911097486204782,-9.283261802575106,0.5836909871244634,3.0,0.30391830391830393,3290.3579254930605,-10.11526134840627,-0.1680554746226925,-0.44787599790221977,1255.6776556776556,-1.0,82.45250576640805,0.3046534300638254,
2023-07-31 13:45:49.900000,-9.27710843373494,-2.9759036144578315,0.18072289156626506,-2.8718577559779277,-9.21704475781729,0.6989576946658491,3.0,0.30391830391830393,3290.3579254930605,-10.11526134840627,-0.1680554746226925,-0.44787599790221977,1265.9340659340658,-1.0,82.45250576640805,0.30464476963963977,
2023-07-31 13:45:49.908000,-9.265060240963855,-2.963855421686747,0.16867469879518074,-2.9258123850398525,-9.24892703862661,0.6057633353770693,3.0,0.30391830391830393,3290.3579254930605,-9.916788065963521,-0.015383718897501656,-0.6005477536274106,1273.260073260073,-1.0,82.45250576640805,0.3046362176197223,
2023-07-31 13:45:49.915000,-9.265060240963855,-2.951807228915663,0.14457831325301207,-2.8963825873697115,-9.207234825260576,0.5763335377069282,3.0,0.30391830391830393,3290.3579254930605,-9.947322417108559,0.4884330749956281,-0.7532195093526014,1279.8534798534797,-1.0,82.45250576640805,0.30462777516715633,
2023-07-31 13:45:49.923000,-9.253012048192772,-2.951807228915663,0.13253012048192772,-2.8841201716738194,-9.180257510729612,0.6131207847946045,3.0,0.30391830391830393,3290.3579254930605,-10.481673562146726,1.038051395606315,-0.661616455917487,1286.4468864468863,-1.0,82.45250576640805,0.30461944329209056,
2023-07-31 13:45:49.931000,-9.301204819277109,-2.9759036144578315,0.13253012048192772,-2.9380748007357447,-9.244022072348253,0.5419987737584304,3.0,0.3043623043623043,3285.5579868708974,-10.92442165374978,0.5800361284307426,-0.7990210360701587,1293.040293040293,-1.0,82.45250576640805,0.30461122284642544,
2023-07-31 13:45:49.938000,-9.325301204819278,-2.9759036144578315,0.12048192771084337,-2.923359901900674,-9.26364193746168,0.5616186388718577,3.0,0.30391830391830393,3290.3579254930605,-10.92442165374978,0.5495017772857045,-1.1959676009556548,1301.8315018315018,-1.0,82.45250576640805,0.304603114668055,
2023-07-31 13:45:49.946000,-9.325301204819278,-2.9397590361445785,0.14457831325301207,-2.881667688534641,-9.251379521765788,0.5910484365419988,3.0,0.30391830391830393,3290.3579254930605,-11.44350562321543,0.5495017772857045,-1.4860439368335174,1311.3553113553112,-1.0,82.45250576640805,0.3045951194486944,
2023-07-31 13:45:49.954000,-9.337349397590362,-2.963855421686747,0.13253012048192772,-2.8841201716738194,-9.31023911710607,0.5665236051502146,3.0,0.30391830391830393,3290.3579254930605,-11.351902569780314,0.8243109375910479,-1.4860439368335174,1319.4139194139193,-1.0,82.45250576640805,0.3045872375705368,
2023-07-31 13:45:49.961000,-9.349397590361447,-3.0,0.13253012048192772,-2.942979767014102,-9.261189454322501,0.5493562231759657,3.0,0.30391830391830393,3290.3579254930605,-11.870986539245964,0.4273643727055518,-2.402074471184662,1328.937728937729,-1.0,82.45250576640805,0.3045794692411653,
2023-07-31 13:45:49.969000,-9.325301204819278,-3.024096385542169,0.10843373493975904,-2.9944819129368483,-9.266094420600858,0.6131207847946045,3.0,0.30391830391830393,3290.3579254930605,-12.451139211001689,0.6105704795757808,-2.539479051337334,1334.7985347985348,-1.0,82.45250576640805,0.30457181449013815,
2023-07-31 13:45:49.977000,-9.301204819277109,-3.036144578313253,0.08433734939759037,-3.0165542611894542,-9.21704475781729,0.5616186388718577,3.0,0.30391830391830393,3290.3579254930605,-12.26793310413146,0.473165899423109,-2.9364256162228304,1334.7985347985348,-1.0,82.45250576640805,0.3045642731660297,
2023-07-31 13:45:49.984000,-9.253012048192772,-3.060240963855422,0.14457831325301207,-3.0018393623543838,-9.190067443286328,0.5787860208461066,3.0,0.30391830391830393,3290.3579254930605,-12.527475088864284,-0.03065089447002074,-3.043295845230464,1331.8681318681317,-1.0,82.45250576640805,0.304556844933966,
2023-07-31 13:45:49.992000,-9.228915662650603,-3.0843373493975905,0.13253012048192772,-3.0067443286327404,-9.16799509503372,0.5469037400367872,3.0,0.30391830391830393,3290.3579254930605,-12.817551424742147,0.45789872385058994,-3.1196317230930593,1329.6703296703297,-1.0,82.45250576640805,0.3045495292736884,
2023-07-31 13:45:50,-9.204819277108435,-3.096385542168675,0.10843373493975904,-3.0606989576946657,-9.175352544451256,0.5812385039852851,3.0,0.30391830391830393,3290.3579254930605,-12.970223180467338,0.4273643727055518,-3.058563020802983,1326.7399267399267,-1.0,82.45250576640805,0.3045423254781773,
2023-07-31 13:45:50.007000,-9.180722891566266,-3.0843373493975905,0.10843373493975904,-3.072961373390558,-9.10668301655426,0.6008583690987124,3.0,0.30391830391830393,3290.3579254930605,-13.44350562321543,1.1143872734689104,-3.1959676009556546,1323.8095238095236,-1.0,82.45250576640805,0.3045352326528675,
2023-07-31 13:45:50.015000,-9.19277108433735,-3.096385542168675,0.07228915662650603,-3.0876762722256283,-9.133660331085224,0.5836909871244634,3.0,0.30391830391830393,3290.3579254930605,-13.489307149932987,0.7327078841559335,-3.1959676009556546,1317.9487179487178,-1.0,82.45250576640805,0.3045282497154822,
2023-07-31 13:45:50.023000,-9.204819277108435,-3.108433734939759,0.03614457831325302,-3.0827713059472717,-9.1704475781729,0.4782342121397915,3.0,0.30391830391830393,3290.3579254930605,-13.703047607948253,0.6716391818658571,-3.165433249810617,1312.8205128205127,-1.0,82.45250576640805,0.304521375396506,
2023-07-31 13:45:50.030000,-9.228915662650603,-3.096385542168675,0.04819277108433735,-3.0386266094420598,-9.143470263641937,0.4218270999386879,3.0,0.30391830391830393,3290.3579254930605,-13.870986539245964,0.3815628459879945,-2.997494318512907,1306.227106227106,-1.0,82.45250576640805,0.30451460837907723,
2023-07-31 13:45:50.038000,-9.19277108433735,-3.0843373493975905,0.03614457831325302,-3.0705088902513795,-9.145922746781116,0.43654199877375843,3.0,0.30391830391830393,3290.3579254930605,-14.206864401841383,0.030417807820055594,-2.8906240895052733,1304.0293040293038,-1.0,82.45250576640805,0.30450794728042874,
2023-07-31 13:45:50.046000,-9.168674698795181,-3.072289156626506,0.012048192771084338,-3.102391171060699,-9.226854690374003,0.45861434702636417,3.0,0.30391830391830393,3290.3579254930605,-14.680146844589474,-0.35126158149292147,-2.6310821047724486,1309.89010989011,-1.0,82.45250576640805,0.3045013905064148,
2023-07-31 13:45:50.053000,-9.19277108433735,-3.096385542168675,0.0,-3.0827713059472717,-9.163090128755364,0.42427958307786634,3.0,0.3043623043623043,3285.5579868708974,-14.60381096672688,-0.5039333372181123,-2.142532486451838,1330.4029304029302,-1.0,82.45250576640805,0.3044949361170921,
2023-07-31 13:45:50.061000,-9.216867469879519,-3.072289156626506,0.04819277108433735,-3.0778663396689145,-9.172900061312077,0.5003065603923973,3.0,0.30391830391830393,3290.3579254930605,-15.031291882757413,-1.2062234135539902,-2.0814637841617616,1364.8351648351647,-1.0,82.45250576640805,0.30448858200124446,
2023-07-31 13:45:50.069000,-9.240963855421688,-3.096385542168675,0.03614457831325302,-3.0386266094420598,-9.234212139791538,0.48068669527896996,3.0,0.30391830391830393,3290.3579254930605,-15.703047607948251,-1.87797913874483,-1.592914165841151,1415.3846153846152,-1.0,82.45250576640805,0.3044823260410809,
2023-07-31 13:45:50.076000,-9.265060240963855,-3.072289156626506,0.060240963855421686,-3.0312691600245247,-9.234212139791538,0.5272838749233598,3.0,0.30391830391830393,3290.3579254930605,-16.054192646116192,-3.20622341355399,-1.1348988986655786,1484.9816849816848,-1.0,82.45250576640805,0.30447616593771826,
2023-07-31 13:45:50.084000,-9.253012048192772,-3.072289156626506,0.07228915662650603,-2.962599632127529,-9.297976701410178,0.5469037400367872,3.0,0.30391830391830393,3290.3579254930605,-16.054192646116192,-4.305460054775364,-0.7684866849251205,1572.161172161172,-1.0,82.45250576640805,0.3044700992076527,
2023-07-31 13:45:50.092000,-9.265060240963855,-3.036144578313253,0.08433734939759037,-2.9773145309625995,-9.224402207234824,0.47332924586143466,3.0,0.30391830391830393,3290.3579254930605,-16.435872035429167,-5.4504982227142955,-0.5547462269098533,1671.0622710622708,-1.0,82.45250576640805,0.3044641230515441,
2023-07-31 13:45:50.099000,-9.240963855421688,-3.0,0.08433734939759037,-2.979767014101778,-9.24892703862661,0.5346413243408952,3.0,0.30391830391830393,3290.3579254930605,-16.84808577588718,-6.259658528057806,-0.5852805780548915,1778.021978021978,-1.0,82.45250576640805,0.30445823438264424,
2023-07-31 13:45:50.107000,-9.19277108433735,-2.987951807228916,0.060240963855421686,-2.940527283874923,-9.185162477007971,0.539546290619252,3.0,0.30391830391830393,3290.3579254930605,-16.985490356039854,-7.419963871569257,-0.661616455917487,1887.9120879120878,-1.0,82.45250576640805,0.30445242998334093,
2023-07-31 13:45:50.115000,-9.19277108433735,-2.963855421686747,0.08433734939759037,-2.9086450030656037,-9.15328019619865,0.568976088289393,3.0,0.30391830391830393,3290.3579254930605,-17.183963638482602,-8.183322650195212,-0.4020744711846625,1992.6739926739926,-1.0,82.45250576640805,0.30444670651309325,
2023-07-31 13:45:50.122000,-9.216867469879519,-2.963855421686747,0.13253012048192772,-2.9282648681790313,-9.23175965665236,0.5542611894543225,3.0,0.30391830391830393,3290.3579254930605,-17.275566691917717,-10.015383718897501,-0.6463492803449679,2086.4468864468863,-1.0,82.45250576640805,0.30444106065579224,
2023-07-31 13:45:50.130000,-9.265060240963855,-2.963855421686747,0.18072289156626506,-2.974862047823421,-9.192519926425506,0.5591661557326794,3.0,0.30391830391830393,3290.3579254930605,-17.10762776062001,-10.794009673095974,-0.4020744711846625,2162.6373626373625,-1.0,82.45250576640805,0.3044354891086452,
2023-07-31 13:45:50.138000,-9.253012048192772,-2.9759036144578315,0.18072289156626506,-2.984671980380135,-9.177805027590434,0.6646229307173512,3.0,0.30391830391830393,3290.3579254930605,-16.75648272245207,-10.626070741798264,-0.9822271429403877,2217.5824175824173,-1.0,82.45250576640805,0.3044299884440762,
2023-07-31 13:45:50.145000,-9.228915662650603,-2.9397590361445785,0.22891566265060243,-2.857142857142857,-9.219497240956468,0.6253832004904966,3.0,0.3043623043623043,3285.5579868708974,-16.298467455276494,-11.114620360118876,-1.2875706543907695,2249.0842490842488,-1.0,82.45250576640805,0.304424555121327,
2023-07-31 13:45:50.153000,-9.204819277108435,-2.91566265060241,0.2530120481927711,-2.8080931943592886,-9.207234825260576,0.7357449417535254,3.0,0.30391830391830393,3290.3579254930605,-16.39007050871161,-10.931414253248647,-1.8524561505739754,2251.2820512820513,-1.0,82.45250576640805,0.30441918564772436,
2023-07-31 13:45:50.161000,-9.19277108433735,-2.91566265060241,0.24096385542168675,-2.8522378908645,-9.163090128755364,0.745554874310239,3.0,0.30391830391830393,3290.3579254930605,-15.687780432375733,-10.458131810500555,-2.2036011887419145,2227.838827838828,-1.0,82.45250576640805,0.3044138764635744,
2023-07-31 13:45:50.168000,-9.240963855421688,-2.91566265060241,0.26506024096385544,-2.9307173513182097,-9.192519926425506,0.7651747394236664,3.0,0.30391830391830393,3290.3579254930605,-15.016024707184895,-10.397063108210478,-2.570013402482372,2181.6849816849817,-1.0,82.45250576640805,0.304408623795842,
2023-07-31 13:45:50.176000,-9.240963855421688,-2.9036144578313254,0.28915662650602414,-2.839975475168608,-9.177805027590434,0.762722256284488,3.0,0.30391830391830393,3290.3579254930605,-15.016024707184895,-10.397063108210478,-2.570013402482372,2120.14652014652,-1.0,82.45250576640805,0.3044034238099679,
2023-07-31 13:45:50.183000,-9.216867469879519,-2.91566265060241,0.27710843373493976,-2.8179031269160024,-9.131207847946046,0.7308399754751685,3.0,0.3034743034743035,3295.171909290417,-14.75648272245207,-9.572635627294448,-2.4631431734747387,2043.2234432234432,-1.0,82.45250576640805,0.3043982726231556,
2023-07-31 13:45:50.191000,-9.228915662650603,-2.891566265060241,0.26506024096385544,-2.8179031269160024,-9.21704475781729,0.7210300429184548,3.0,0.30391830391830393,3290.3579254930605,-14.283200279703978,-8.35126158149292,-2.8142882116426775,1958.974358974359,750.67138671875,79.92844946743638,0.3043931661685407,
2023-07-31 13:45:50.199000,-9.228915662650603,-2.879518072289157,0.27710843373493976,-2.7958307786633965,-9.214592274678111,0.7234825260576333,3.0,0.30391830391830393,3290.3579254930605,-13.672513256803215,-6.656605092943303,-2.8448225627877157,1873.260073260073,-1.0,79.92844946743638,0.304388100336206,
2023-07-31 13:45:50.206000,-9.27710843373494,-2.807228915662651,0.27710843373493976,-2.7565910484365417,-9.285714285714285,0.7970570202329859,3.0,0.30391830391830393,3290.3579254930605,-12.664879669016956,-5.557368451721929,-2.7532195093526015,1786.080586080586,-1.0,79.92844946743638,0.3043830710070542,
2023-07-31 13:45:50.214000,-9.301204819277109,-2.819277108433735,0.3132530120481928,-2.8203556100551808,-9.283261802575106,0.7651747394236664,3.0,0.30391830391830393,3290.3579254930605,-12.344268981994055,-5.572635627294448,-1.9135248528640518,1700.3663003663003,-1.0,79.92844946743638,0.3043780740867321,
2023-07-31 13:45:50.222000,-9.337349397590362,-2.7951807228915664,0.3132530120481928,-2.732066217044758,-9.31023911710607,0.7087676272225628,3.0,0.30391830391830393,3290.3579254930605,-11.93205524153604,-4.290192879202845,-1.77612027271138,1618.3150183150183,-1.0,79.92844946743638,0.30437310564679254,
2023-07-31 13:45:50.229000,-9.337349397590362,-2.7590361445783134,0.3132530120481928,-2.6830165542611892,-9.383813611281422,0.7798896382587369,3.0,0.30391830391830393,3290.3579254930605,-11.031291882757413,-3.1451547112639138,-1.058563020802983,1547.2527472527472,-1.0,79.92844946743638,0.3043681617891093,
2023-07-31 13:45:50.237000,-9.397590361445783,-2.771084337349398,0.3253012048192771,-2.729613733905579,-9.37155119558553,0.7749846719803801,3.0,0.30391830391830393,3290.3579254930605,-10.161062875123827,-2.290192879202845,-0.310471417749548,1486.4468864468863,-1.0,79.92844946743638,0.3043632385207533,
2023-07-31 13:45:50.245000,-9.421686746987952,-2.7590361445783134,0.3132530120481928,-2.709993868792152,-9.383813611281422,0.851011649294911,3.0,0.30391830391830393,3290.3579254930605,-8.985490356039858,-2.442864634928036,0.6208262921741161,1436.6300366300366,-1.0,79.92844946743638,0.30435833192661516,
2023-07-31 13:45:50.252000,-9.421686746987952,-2.746987951807229,0.3493975903614458,-2.6732066217044754,-9.405885959534027,0.9123237277743715,3.0,0.30391830391830393,3290.3579254930605,-7.93205524153604,-1.9695821921799443,0.8192995746168642,1397.8021978021977,-1.0,79.92844946743638,0.3043534383103368,
2023-07-31 13:45:50.260000,-9.421686746987952,-2.710843373493976,0.3734939759036145,-2.6462293071735132,-9.369098712446352,0.86817903126916,3.0,0.30391830391830393,3290.3579254930605,-6.344268981994055,-2.671872268515822,1.6131927043878564,1366.3003663003662,-1.0,79.92844946743638,0.30434855405830474,
2023-07-31 13:45:50.268000,-9.325301204819278,-2.698795180722892,0.3493975903614458,-2.6437768240343344,-9.322501532801962,0.8730839975475169,3.0,0.30391830391830393,3290.3579254930605,-5.916788065963521,-1.4199638715692573,2.1322766738535055,1342.1245421245421,-1.0,79.92844946743638,0.30434367565267106,
2023-07-31 13:45:50.275000,-9.313253012048193,-2.698795180722892,0.30120481927710846,-2.6560392397302266,-9.236664622930716,0.733292458614347,3.0,0.30391830391830393,3290.3579254930605,-4.542742264436804,-0.5497348639356696,3.3383835440825127,1324.5421245421244,-1.0,79.92844946743638,0.3043387996840493,
2023-07-31 13:45:50.283000,-9.289156626506024,-2.710843373493976,0.27710843373493976,-2.722256284488044,-9.1704475781729,0.7847946045370937,3.0,0.30391830391830393,3290.3579254930605,-3.458772798787949,1.0075170444612769,3.4605209486626656,1310.6227106227104,-1.0,79.92844946743638,0.30433392286384725,
2023-07-31 13:45:50.291000,-9.253012048192772,-2.698795180722892,0.21686746987951808,-2.6069895769466584,-9.194972409564684,0.7357449417535254,3.0,0.3034743034743035,3295.171909290417,-2.3748033331390936,3.8777460520948646,3.2925820173649556,1294.5054945054944,-1.0,79.92844946743638,0.30432904203618544,
2023-07-31 13:45:50.298000,-9.228915662650603,-2.6867469879518073,0.18072289156626506,-2.6192519926425506,-9.197424892703863,0.627835683629675,3.0,0.30391830391830393,3290.3579254930605,-0.405337684284132,6.518967426140666,4.05594079599091,1278.3882783882782,-1.0,79.92844946743638,0.30432415404006513,
2023-07-31 13:45:50.306000,-9.253012048192772,-2.710843373493976,0.14457831325301207,-2.6192519926425506,-9.197424892703863,0.5812385039852851,3.0,0.30391830391830393,3290.3579254930605,0.5717615523570894,8.167822387972727,4.0254064448458715,1261.5384615384614,-1.0,79.92844946743638,0.3043192558477465,
2023-07-31 13:45:50.314000,-9.301204819277109,-2.6867469879518073,0.10843373493975904,-2.633966891477621,-9.258736971183323,0.5199264255058246,3.0,0.30391830391830393,3290.3579254930605,2.129013460754036,10.580036128430741,3.704795757822971,1244.6886446886447,-1.0,79.92844946743638,0.30431434473410485,
2023-07-31 13:45:50.321000,-9.313253012048193,-2.710843373493976,0.012048192771084338,-2.658491722869405,-9.26364193746168,0.48313917841814835,3.0,0.30391830391830393,3290.3579254930605,2.72443330808228,12.671639181865856,3.231513315074879,1230.7692307692307,-1.0,79.92844946743638,0.30430941814753526,
2023-07-31 13:45:50.329000,-9.349397590361447,-2.710843373493976,-0.03614457831325302,-2.6732066217044754,-9.344573881054567,0.38994481912936846,3.0,0.30391830391830393,3290.3579254930605,4.403822621059379,14.167822387972727,2.8651011013344214,1217.5824175824175,-1.0,79.92844946743638,0.30430447385774345,
2023-07-31 13:45:50.337000,-9.361445783132531,-2.734939759036145,-0.14457831325301207,-2.7467811158798283,-9.253832004904966,0.3114653586756591,3.0,0.3034743034743035,3295.171909290417,5.655731018005944,15.282326204766619,1.4452537730901465,1205.128205128205,-1.0,79.92844946743638,0.3042995099437672,
2023-07-31 13:45:50.344000,-9.337349397590362,-2.710843373493976,-0.1927710843373494,-2.7148988350705086,-9.256284488044145,0.18393623543838136,3.0,0.30391830391830393,3290.3579254930605,6.831303537089913,16.060952158965094,0.4986888875939634,1195.6043956043954,-1.0,79.92844946743638,0.30429452450441635,
2023-07-31 13:45:50.352000,-9.337349397590362,-2.6144578313253013,-0.26506024096385544,-2.570202329858982,-9.351931330472102,0.19374616799509503,3.0,0.3034743034743035,3295.171909290417,7.930540178311287,17.709807120797155,0.05594079599090998,1191.2087912087911,-1.0,79.92844946743638,0.30428951565507056,
2023-07-31 13:45:50.360000,-9.397590361445783,-2.6506024096385543,-0.3253012048192771,-2.5971796443899446,-9.354383813611282,0.08828939301042305,3.0,0.30391830391830393,3290.3579254930605,8.510692850067013,17.511333838354407,-0.44787599790221977,1189.7435897435896,-1.0,79.92844946743638,0.30428448156490917,
2023-07-31 13:45:50.367000,-9.44578313253012,-2.6506024096385543,-0.3614457831325301,-2.609442060085837,-9.405885959534027,0.07847946045370938,3.0,0.30391830391830393,3290.3579254930605,9.594662315715867,17.099120097896392,-1.3028378299632883,1193.4065934065934,-1.0,79.92844946743638,0.3042794205996529,
2023-07-31 13:45:50.375000,-9.493975903614459,-2.734939759036145,-0.42168674698795183,-2.6854690374003676,-9.5113427345187,0.04414469650521152,3.0,0.30391830391830393,3290.3579254930605,10.587028727929608,16.824310937591047,-2.4173416467571816,1202.197802197802,-1.0,79.92844946743638,0.30427433162327633,
2023-07-31 13:45:50.383000,-9.518072289156628,-2.734939759036145,-0.44578313253012053,-2.633966891477621,-9.435315757204169,0.01226241569589209,3.0,0.30391830391830393,3290.3579254930605,12.05267758289144,14.473165899423108,-3.409708058970922,1216.117216117216,-1.0,79.92844946743638,0.30426921370321386,
2023-07-31 13:45:50.390000,-9.493975903614459,-2.63855421686747,-0.46987951807228917,-2.582464745554874,-9.486817903126916,0.05150214592274678,3.0,0.3034743034743035,3295.171909290417,13.411456208845639,13.160188800186468,-3.455509585688479,1232.967032967033,-1.0,79.92844946743638,0.30426406598507705,
2023-07-31 13:45:50.398000,-9.530120481927712,-2.662650602409639,-0.44578313253012053,-2.65113427345187,-9.560392397302268,-0.004904966278356836,3.0,0.30391830391830393,3290.3579254930605,13.808402773731135,10.366295670415475,-3.241769127673212,1250.5494505494505,-1.0,79.92844946743638,0.30425888783278054,
2023-07-31 13:45:50.406000,-9.566265060240964,-2.674698795180723,-0.39759036144578314,-2.6535867565910483,-9.60453709380748,0.056407112201103615,3.0,0.3034743034743035,3295.171909290417,15.228250101975409,7.297593380339139,-3.8982576772915327,1271.7948717948716,-1.0,79.92844946743638,0.30425367893620936,
2023-07-31 13:45:50.413000,-9.590361445783133,-2.698795180722892,-0.3493975903614458,-2.680564071122011,-9.584917228694053,0.18884120171673818,3.0,0.3034743034743035,3295.171909290417,16.617563079074646,4.412097197133033,-3.60818134141367,1295.2380952380952,-1.0,79.92844946743638,0.304248439034006,
2023-07-31 13:45:50.421000,-9.602409638554217,-2.746987951807229,-0.27710843373493976,-2.7565910484365417,-9.55793991416309,0.16676885346413242,3.0,0.30391830391830393,3290.3579254930605,17.319853155410527,1.4349979604918113,-4.676883631490006,1318.6813186813185,-1.0,79.92844946743638,0.30424316791214867,
2023-07-31 13:45:50.429000,-9.55421686746988,-2.783132530120482,-0.27710843373493976,-2.729613733905579,-9.472103004291846,0.25015328019619865,3.0,0.3034743034743035,3295.171909290417,18.75496765922732,0.106753685682651,-6.0967309597342805,1340.6593406593406,-1.0,79.92844946743638,0.30423786581708584,
2023-07-31 13:45:50.436000,-9.433734939759036,-2.7590361445783134,-0.22891566265060243,-2.6879215205395464,-9.349478847332923,0.26486817903126914,3.0,0.3034743034743035,3295.171909290417,20.312219567624265,0.07621933453761284,-6.447875997902219,1361.1721611721612,-1.0,79.92844946743638,0.3042325331756329,
2023-07-31 13:45:50.444000,-9.337349397590362,-2.771084337349398,-0.18072289156626506,-2.741876149601471,-9.283261802575106,0.26241569589209074,3.0,0.30391830391830393,3290.3579254930605,21.472524911135718,0.656372006293338,-7.363906532253364,1377.2893772893772,-1.0,79.92844946743638,0.30422717043160374,
2023-07-31 13:45:50.452000,-9.240963855421688,-2.7951807228915664,-0.1566265060240964,-2.7590435315757205,-9.207234825260576,0.3016554261189454,3.0,0.3034743034743035,3295.171909290417,21.472524911135718,0.656372006293338,-7.363906532253364,1389.0109890109889,-1.0,79.92844946743638,0.3042217783286107,
2023-07-31 13:45:50.459000,-9.216867469879519,-2.843373493975904,-0.18072289156626506,-2.8546903740036784,-9.057633353770692,0.25260576333537704,3.0,0.3034743034743035,3295.171909290417,22.861837888234952,3.2365246780490633,-7.776120272711379,1394.8717948717947,-1.0,79.92844946743638,0.3042163577764389,
2023-07-31 13:45:50.467000,-9.19277108433735,-2.855421686746988,-0.21686746987951808,-2.8669527896995706,-9.116492949110974,0.2795830778663397,3.0,0.3034743034743035,3295.171909290417,23.808402773731135,6.686906357438376,-8.829555387215198,1392.6739926739926,-1.0,79.92844946743638,0.30421090968498776,
2023-07-31 13:45:50.475000,-9.180722891566266,-2.7951807228915664,-0.21686746987951808,-2.7590435315757205,-9.131207847946046,0.25015328019619865,3.0,0.3034743034743035,3295.171909290417,25.41145620884564,10.625837655148299,-9.45550958568848,1384.6153846153845,-1.0,79.92844946743638,0.3042054350952212,
2023-07-31 13:45:50.482000,-9.19277108433735,-2.819277108433735,-0.2530120481927711,-2.79092581238504,-9.150827713059472,0.2575107296137339,3.0,0.3034743034743035,3295.171909290417,27.0603111706777,13.709807120797155,-9.195967600955655,1373.6263736263736,-1.0,79.92844946743638,0.30419993517055993,
2023-07-31 13:45:50.490000,-9.240963855421688,-2.783132530120482,-0.24096385542168675,-2.7148988350705086,-9.175352544451256,0.17903126916002451,3.0,0.3034743034743035,3295.171909290417,28.037410407318923,16.6258376551483,-9.684517219276266,1355.3113553113553,-1.0,79.92844946743638,0.304194411187524,
2023-07-31 13:45:50.498000,-9.289156626506024,-2.807228915662651,-0.28915662650602414,-2.8179031269160024,-9.268546903740036,0.13979153893316984,3.0,0.3034743034743035,3295.171909290417,29.304585979838006,18.42736437270555,-9.592914165841151,1333.3333333333333,-1.0,79.92844946743638,0.3041888645256927,
2023-07-31 13:45:50.505000,-9.325301204819278,-2.843373493975904,-0.3132530120481928,-2.8179031269160024,-9.327406499080318,0.15941140404659718,3.0,0.3034743034743035,3295.171909290417,30.20534933861663,20.09148651011013,-10.905891265077793,1311.3553113553112,-1.0,79.92844946743638,0.3041832965183064,
2023-07-31 13:45:50.513000,-9.337349397590362,-2.7951807228915664,-0.28915662650602414,-2.781115879828326,-9.33966891477621,0.17903126916002451,3.0,0.3034743034743035,3295.171909290417,32.00687605617389,20.58003612843074,-10.860089738360236,1291.5750915750914,-1.0,79.92844946743638,0.30417770860020826,
2023-07-31 13:45:50.521000,-9.409638554216867,-2.819277108433735,-0.28915662650602414,-2.7762109135499693,-9.35683629675046,0.18148375229920294,3.0,0.3034743034743035,3295.171909290417,33.04504399510518,21.038051395606313,-10.371540120039624,1273.9926739926739,-1.0,79.92844946743638,0.30417210242381243,
2023-07-31 13:45:50.528000,-9.433734939759036,-2.819277108433735,-0.30120481927710846,-2.761496014714899,-9.413243408951564,0.20846106683016552,3.0,0.3034743034743035,3295.171909290417,34.23588368976167,21.053318571178835,-11.028028669657946,1257.142857142857,-1.0,79.92844946743638,0.3041664796979843,
2023-07-31 13:45:50.536000,-9.457831325301205,-2.819277108433735,-0.30120481927710846,-2.739423666462293,-9.391171060698957,0.14224402207234824,3.0,0.3034743034743035,3295.171909290417,35.30458597983801,22.137288036827687,-11.699784394848786,1242.4908424908424,-1.0,79.92844946743638,0.3041608423146697,
2023-07-31 13:45:50.544000,-9.457831325301205,-2.7951807228915664,-0.30120481927710846,-2.6879215205395464,-9.445125689760882,0.16676885346413242,3.0,0.3034743034743035,3295.171909290417,36.31221956762427,22.61057047957578,-12.020395081871685,1232.967032967033,-1.0,79.92844946743638,0.3041551921774307,
2023-07-31 13:45:50.551000,-9.457831325301205,-2.783132530120482,-0.24096385542168675,-2.7492335990190067,-9.459840588595952,0.20110361741263028,3.0,0.3034743034743035,3295.171909290417,37.1366470485403,23.007517044461277,-11.821921799428937,1229.3040293040292,-1.0,79.92844946743638,0.30414953106136716,
2023-07-31 13:45:50.559000,-9.44578313253012,-2.8313253012048194,-0.2530120481927711,-2.7369711833231145,-9.484365419987737,0.19865113427345185,3.0,0.3034743034743035,3295.171909290417,37.41145620884564,22.488433074995626,-11.95932637958161,1228.5714285714284,-1.0,79.92844946743638,0.3041438607497043,
2023-07-31 13:45:50.566000,-9.409638554216867,-2.855421686746988,-0.22891566265060243,-2.7565910484365417,-9.354383813611282,0.22562844880441446,3.0,0.3034743034743035,3295.171909290417,37.91527300273877,22.183089563545245,-12.44787599790222,1231.5018315018315,-1.0,79.92844946743638,0.3041381830211213,
2023-07-31 13:45:50.574000,-9.301204819277109,-2.855421686746988,-0.1927710843373494,-2.827713059472716,-9.369098712446352,0.2452483139178418,3.0,0.3034743034743035,3295.171909290417,38.38855544548686,25.831944525377306,-12.234135539886953,1237.3626373626373,-1.0,79.92844946743638,0.3041324996372087,
2023-07-31 13:45:50.582000,-9.349397590361447,-2.8674698795180724,-0.13253012048192772,-2.8424279583077863,-9.315144083384427,0.2599632127529123,3.0,0.3034743034743035,3295.171909290417,39.472524911135714,26.09148651011013,-10.753219509352602,1242.4908424908424,-1.0,79.92844946743638,0.30412681233013195,
2023-07-31 13:45:50.589000,-9.337349397590362,-2.891566265060241,-0.0963855421686747,-2.881667688534641,-9.317596566523605,0.39239730226854685,3.0,0.3034743034743035,3295.171909290417,39.24351727754793,27.205990326904026,-10.386807295612144,1249.084249084249,-1.0,79.92844946743638,0.30412112279059156,
2023-07-31 13:45:50.597000,-9.3855421686747,-2.9397590361445785,-0.012048192771084338,-2.8497854077253217,-9.302881667688535,0.42673206621704474,3.0,0.3034743034743035,3295.171909290417,39.99160888060136,25.725074296369673,-9.516578287978556,1254.9450549450548,-1.0,79.92844946743638,0.3041154326561554,
2023-07-31 13:45:50.605000,-9.3855421686747,-2.951807228915663,-0.012048192771084338,-2.9282648681790313,-9.332311465358675,0.42918454935622313,3.0,0.3034743034743035,3295.171909290417,39.93054017831129,25.022784220033795,-9.669250043703746,1263.003663003663,-1.0,79.92844946743638,0.3041097435000466,
2023-07-31 13:45:50.612000,-9.3855421686747,-2.987951807228916,0.08433734939759037,-2.9356223175965663,-9.307786633966892,0.522378908645003,3.0,0.3034743034743035,3295.171909290417,40.26641804090671,25.633471242934558,-9.653982868131228,1268.8644688644688,-1.0,79.92844946743638,0.304104056820461,
2023-07-31 13:45:50.620000,-9.325301204819278,-3.024096385542169,0.060240963855421686,-2.9871244635193133,-9.26364193746168,0.5370938074800735,3.0,0.3034743034743035,3295.171909290417,40.31221956762427,25.343394907056695,-9.653982868131228,1271.062271062271,-1.0,79.92844946743638,0.3040983740304874,
2023-07-31 13:45:50.628000,-9.228915662650603,-3.096385542168675,0.10843373493975904,-3.102391171060699,-9.18761496014715,0.5910484365419988,3.0,0.3034743034743035,3295.171909290417,40.63283025464717,26.10675368568265,-9.898257677291534,1275.4578754578754,-1.0,79.92844946743638,0.3040926964486978,
2023-07-31 13:45:50.635000,-9.168674698795181,-3.144578313253012,0.10843373493975904,-3.185775597792765,-9.09196811771919,0.5640711220110362,3.0,0.3034743034743035,3295.171909290417,40.77023483479984,24.717440708583414,-9.97459355515413,1279.8534798534797,-1.0,79.92844946743638,0.30408702529047327,
2023-07-31 13:45:50.643000,-9.084337349397591,-3.180722891566265,0.060240963855421686,-3.202942979767014,-8.98405885959534,0.5027590435315757,3.0,0.30303030303030304,3300.0,40.87710506380747,24.6258376551483,-10.142532486451838,1284.9816849816848,-1.0,79.92844946743638,0.3040813616601232,
2023-07-31 13:45:50.651000,-8.963855421686748,-3.168674698795181,0.024096385542168676,-3.13182096873084,-8.881054567749846,0.5174739423666462,3.0,0.3034743034743035,3295.171909290417,40.9839752928151,26.076219334537612,-9.45550958568848,1290.10989010989,-1.0,79.92844946743638,0.30407570653330845,
2023-07-31 13:45:50.658000,-8.903614457831326,-3.204819277108434,0.024096385542168676,-3.1587982832618025,-8.81238503985285,0.48313917841814835,3.0,0.3034743034743035,3295.171909290417,41.212982926402894,27.297593380339137,-8.966959967367869,1295.970695970696,-1.0,79.92844946743638,0.30407006085794325,
2023-07-31 13:45:50.666000,-8.891566265060241,-3.2650602409638556,-0.012048192771084338,-3.2201103617412628,-8.807480073574494,0.44880441446965047,3.0,0.3034743034743035,3295.171909290417,40.9839752928151,28.90064681545364,-8.402074471184664,1302.5641025641025,-1.0,79.92844946743638,0.3040644254211914,
2023-07-31 13:45:50.674000,-8.903614457831326,-3.325301204819277,-0.03614457831325302,-3.283874923359902,-8.84181483752299,0.4537093807480073,3.0,0.3034743034743035,3295.171909290417,41.22825010197541,30.76324223530097,-7.989860730726648,1306.9597069597069,-1.0,79.92844946743638,0.304058800727794,
2023-07-31 13:45:50.681000,-8.927710843373495,-3.36144578313253,-0.060240963855421686,-3.3402820355610054,-8.863887185775598,0.3678724708767627,3.0,0.3034743034743035,3295.171909290417,41.39618903327312,31.618204067362036,-7.394440883398403,1310.6227106227104,-1.0,79.92844946743638,0.3040531871455728,
2023-07-31 13:45:50.689000,-8.951807228915664,-3.36144578313253,-0.0963855421686747,-3.3697118332311464,-8.885959534028203,0.3237277743715512,3.0,0.3034743034743035,3295.171909290417,41.85420430044869,31.770875823087227,-6.631082104772449,1315.7509157509157,-1.0,79.92844946743638,0.3040475850414341,
2023-07-31 13:45:50.697000,-8.987951807228916,-3.3734939759036147,-0.1566265060240964,-3.404046597179644,-8.993868792152053,0.3016554261189454,3.0,0.3034743034743035,3295.171909290417,41.94580735388381,30.65637200629334,-6.4326088223297,1323.076923076923,-1.0,79.92844946743638,0.30404199475930743,
2023-07-31 13:45:50.704000,-8.987951807228916,-3.3734939759036147,-0.21686746987951808,-3.384426732066217,-8.979153893316983,0.22562844880441446,3.0,0.3034743034743035,3295.171909290417,41.7015325447235,30.44263154827807,-5.8677233261464945,1328.2051282051282,-1.0,79.92844946743638,0.3040364164715521,
2023-07-31 13:45:50.712000,-9.012048192771084,-3.421686746987952,-0.26506024096385544,-3.3795217657878602,-8.974248927038627,0.134886572654813,3.0,0.3034743034743035,3295.171909290417,41.94580735388381,29.389196433774252,-5.195967600955655,1328.2051282051282,-1.0,79.92844946743638,0.3040308501805516,
2023-07-31 13:45:50.720000,-9.036144578313253,-3.4457831325301207,-0.3253012048192771,-3.408951563458001,-8.986511342734518,0.12017167381974249,3.0,0.3034743034743035,3295.171909290417,41.67099819357846,27.92354757881242,-4.692150807062525,1327.4725274725274,-1.0,79.92844946743638,0.3040252957212013,
2023-07-31 13:45:50.727000,-9.036144578313253,-3.457831325301205,-0.3493975903614458,-3.445738810545677,-8.99877375843041,0.05150214592274678,3.0,0.3034743034743035,3295.171909290417,41.67099819357846,27.92354757881242,-4.692150807062525,1326.7399267399267,-1.0,79.92844946743638,0.30401975262554043,
2023-07-31 13:45:50.735000,-9.036144578313253,-3.493975903614458,-0.39759036144578314,-3.465358675659105,-8.93746167995095,0.009809932556713672,3.0,0.3034743034743035,3295.171909290417,42.12901346075404,27.41973078491929,-4.020395081871685,1325.2747252747251,-1.0,79.92844946743638,0.304014220286146,
2023-07-31 13:45:50.743000,-9.048192771084338,-3.530120481927711,-0.42168674698795183,-3.475168608215818,-9.082158185162477,-0.014714898835070508,3.0,0.3034743034743035,3295.171909290417,41.518326437853275,26.3052269681254,-3.5623798146961128,1323.8095238095236,-1.0,79.92844946743638,0.3040086980888819,
2023-07-31 13:45:50.750000,-9.072289156626507,-3.530120481927711,-0.4819277108433735,-3.5168608215818513,-8.974248927038627,-0.009809932556713672,3.0,0.3034743034743035,3295.171909290417,41.335120330983045,24.702173533010896,-3.8371889750014563,1324.5421245421244,-1.0,79.92844946743638,0.30400318513104396,
2023-07-31 13:45:50.758000,-9.084337349397591,-3.5542168674698797,-0.5180722891566265,-3.561005518087063,-8.971796443899448,-0.14469650521152666,3.0,0.3034743034743035,3295.171909290417,41.54886078899831,24.10675368568265,-2.829555387215197,1323.076923076923,-1.0,79.92844946743638,0.30399768038750563,
2023-07-31 13:45:50.766000,-9.084337349397591,-3.5903614457831328,-0.5662650602409639,-3.5904353157572038,-8.996321275291232,-0.16676885346413242,3.0,0.3034743034743035,3295.171909290417,41.106112697395254,22.946448342171198,-1.928792028436571,1320.8791208791208,-1.0,79.92844946743638,0.30399218284615204,
2023-07-31 13:45:50.773000,-9.096385542168676,-3.626506024096386,-0.6024096385542169,-3.5928877988963825,-9.072348252605764,-0.1618638871857756,3.0,0.3034743034743035,3295.171909290417,40.8160363615174,22.885379639881123,-1.974593555154128,1317.216117216117,-1.0,79.92844946743638,0.3039866913673677,
2023-07-31 13:45:50.781000,-9.072289156626507,-3.6385542168674703,-0.6385542168674699,-3.595340282035561,-9.033108522378908,-0.21336603310852237,3.0,0.3034743034743035,3295.171909290417,40.75496765922732,21.526601013926925,-1.3791737078258839,1312.8205128205127,-1.0,79.92844946743638,0.3039812045547988,
2023-07-31 13:45:50.789000,-9.084337349397591,-3.6385542168674703,-0.6987951807228916,-3.5904353157572038,-9.0453709380748,-0.19865113427345185,3.0,0.3034743034743035,3295.171909290417,40.72443330808228,21.08385292232387,-1.211234776528174,1308.4249084249084,-1.0,79.92844946743638,0.3039757209246754,
2023-07-31 13:45:50.796000,-9.048192771084338,-3.6144578313253013,-0.7349397590361446,-3.6713672593500917,-9.01348865726548,-0.299202942979767,3.0,0.30303030303030304,3300.0,40.159547811899074,20.183089563545245,-0.8600897383602351,1304.7619047619046,-1.0,79.92844946743638,0.30397023904425013,
2023-07-31 13:45:50.804000,-9.036144578313253,-3.626506024096386,-0.746987951807229,-3.56591048436542,-9.055180870631514,-0.34580012262415694,3.0,0.3034743034743035,3295.171909290417,40.19008216304411,20.686906357438374,-0.47841034904725793,1302.5641025641025,-1.0,79.92844946743638,0.30396475724481614,
2023-07-31 13:45:50.812000,-9.048192771084338,-3.626506024096386,-0.7710843373493976,-3.666462293071735,-8.979153893316983,-0.3237277743715512,3.0,0.3034743034743035,3295.171909290417,39.64046384243343,20.12202086125517,0.3307499562962535,1304.0293040293038,-1.0,79.92844946743638,0.3039592737612504,
2023-07-31 13:45:50.819000,-9.084337349397591,-3.6144578313253013,-0.746987951807229,-3.561005518087063,-9.008583690987123,-0.30901287553648066,3.0,0.3034743034743035,3295.171909290417,39.67099819357846,19.099120097896392,0.605559116601597,1310.6227106227104,-1.0,79.92844946743638,0.30395378690354263,
2023-07-31 13:45:50.827000,-9.10843373493976,-3.5903614457831328,-0.7590361445783133,-3.6223175965665235,-9.0453709380748,-0.3041079092581238,3.0,0.3034743034743035,3295.171909290417,39.68626536915098,18.641104830720817,1.72006293339549,1326.7399267399267,-1.0,79.92844946743638,0.30394829493084535,
2023-07-31 13:45:50.835000,-9.156626506024097,-3.5542168674698797,-0.746987951807229,-3.585530349478847,-9.087063151440834,-0.3041079092581238,3.0,0.3034743034743035,3295.171909290417,39.12137987296778,18.183089563545245,1.9338033914107573,1357.5091575091574,-1.0,79.92844946743638,0.3039427960646157,
2023-07-31 13:45:50.842000,-9.168674698795181,-3.5060240963855422,-0.746987951807229,-3.465358675659105,-9.079705702023299,-0.2918454935622317,3.0,0.3034743034743035,3295.171909290417,39.42672338441816,16.946448342171198,1.9338033914107573,1405.128205128205,-1.0,79.92844946743638,0.30393728850202684,
2023-07-31 13:45:50.850000,-9.180722891566266,-3.493975903614458,-0.7349397590361446,-3.404046597179644,-9.111587982832617,-0.269773145309626,3.0,0.3034743034743035,3295.171909290417,39.50305926228075,16.27469261698036,1.5673911776702993,1472.5274725274724,-1.0,79.92844946743638,0.3039317704295826,
2023-07-31 13:45:50.858000,-9.180722891566266,-3.493975903614458,-0.7590361445783133,-3.362354383813611,-9.13856529736358,-0.3531575720416922,3.0,0.3034743034743035,3295.171909290417,39.62519666686091,14.503700250568146,1.307849192937475,1559.7069597069597,-1.0,79.92844946743638,0.3039262400368691,
2023-07-31 13:45:50.865000,-9.144578313253012,-3.4819277108433737,-0.7590361445783133,-3.514408338442673,-9.136112814224402,-0.31882280809319435,3.0,0.3034743034743035,3295.171909290417,40.022143231746405,13.541868189499445,0.9567041547695359,1662.2710622710622,-1.0,79.92844946743638,0.3039206955303633,
2023-07-31 13:45:50.873000,-9.072289156626507,-3.4819277108433737,-0.7710843373493976,-3.4580012262415694,-8.971796443899448,-0.3507050889025138,3.0,0.3034743034743035,3295.171909290417,40.342753918769304,14.060952158965094,0.14754384942602447,1774.3589743589741,-1.0,79.92844946743638,0.3039151351472378,
2023-07-31 13:45:50.881000,-9.024096385542169,-3.493975903614458,-0.8072289156626506,-3.4776210913549965,-8.993868792152053,-0.38994481912936846,3.0,0.3034743034743035,3295.171909290417,40.43435697220442,15.083852922323873,-0.310471417749548,1890.1098901098899,-1.0,79.92844946743638,0.30390955716908236,
2023-07-31 13:45:50.888000,-9.012048192771084,-3.5180722891566267,-0.8072289156626506,-3.4702636419374615,-8.898221949724094,-0.3408951563458001,3.0,0.3034743034743035,3295.171909290417,40.9839752928151,16.65637200629334,-0.9516927917953495,2002.197802197802,-1.0,79.92844946743638,0.303903959935474,
2023-07-31 13:45:50.896000,-9.0,-3.5421686746987953,-0.855421686746988,-3.526670754138565,-8.84671980380135,-0.42673206621704474,3.0,0.3034743034743035,3295.171909290417,41.0603111706777,16.96171551774372,-0.7684866849251205,2104.7619047619046,-1.0,79.92844946743638,0.3038983418573254,
2023-07-31 13:45:50.904000,-8.963855421686748,-3.5180722891566267,-0.8915662650602411,-3.4506437768240343,-8.881054567749846,-0.4316370324954016,3.0,0.3034743034743035,3295.171909290417,41.24351727754793,18.518967426140666,-1.6692500437037465,2190.4761904761904,-1.0,79.92844946743638,0.3038927014299395,
2023-07-31 13:45:50.911000,-8.91566265060241,-3.5662650602409642,-0.8915662650602411,-3.5977927651747392,-8.881054567749846,-0.463519313304721,3.0,0.3034743034743035,3295.171909290417,41.22825010197541,20.885379639881123,-1.8677233261464945,2254.945054945055,-1.0,79.92844946743638,0.30388703724570515,
2023-07-31 13:45:50.919000,-8.927710843373495,-3.5783132530120483,-0.963855421686747,-3.5708154506437766,-8.849172286940528,-0.5199264255058246,3.0,0.3034743034743035,3295.171909290417,40.93817376609755,22.12202086125517,-2.4478759979022198,2293.7728937728934,-1.0,79.92844946743638,0.303881348006365,
2023-07-31 13:45:50.927000,-8.91566265060241,-3.6506024096385543,-1.0,-3.632127529123237,-8.819742489270386,-0.5836909871244634,3.0,0.3034743034743035,3295.171909290417,41.41145620884564,23.74034147194219,-2.539479051337334,2304.029304029304,750.67138671875,79.92844946743638,0.3038756325347918,
2023-07-31 13:45:50.934000,-8.93975903614458,-3.698795180722892,-1.0240963855421688,-3.7106069895769465,-8.832004904966277,-0.5370938074800735,3.0,0.3034743034743035,3295.171909290417,41.22825010197541,25.78614299865975,-3.058563020802983,2287.912087912088,-1.0,79.92844946743638,0.3038698897862129,
2023-07-31 13:45:50.942000,-8.987951807228916,-3.7469879518072293,-1.072289156626506,-3.695892090741876,-8.84426732066217,-0.6817903126916002,3.0,0.3034743034743035,3295.171909290417,41.457257735563196,24.09148651011013,-3.60818134141367,2248.3516483516482,-1.0,79.92844946743638,0.3038641188588206,
2023-07-31 13:45:50.949000,-8.987951807228916,-3.7831325301204823,-1.0843373493975905,-3.818516247700797,-8.903126916002453,-0.6327406499080318,3.0,0.3034743034743035,3295.171909290417,41.12137987296778,24.534234601713184,-4.127265310879319,2184.6153846153843,-1.0,79.92844946743638,0.30385831900371746,
2023-07-31 13:45:50.957000,-8.951807228915664,-3.8313253012048194,-1.108433734939759,-3.86020846106683,-8.856529736358063,-0.6474555487431024,3.0,0.3034743034743035,3295.171909290417,41.0603111706777,25.12965444904143,-4.722685158207563,2106.227106227106,-1.0,79.92844946743638,0.30385248963413947,
2023-07-31 13:45:50.965000,-8.951807228915664,-3.891566265060241,-1.108433734939759,-3.855303494788473,-8.87614960147149,-0.6499080318822807,3.0,0.3034743034743035,3295.171909290417,41.3809218577006,23.633471242934558,-4.6463492803449675,2019.0476190476188,-1.0,79.92844946743638,0.303846630333913,
2023-07-31 13:45:50.972000,-8.975903614457831,-3.963855421686747,-1.0963855421686748,-4.0,-8.898221949724094,-0.6253832004904966,3.0,0.3034743034743035,3295.171909290417,40.95344094167007,20.793776586446008,-4.737952333780083,1925.2747252747251,-1.0,79.92844946743638,0.30384074086509694,
2023-07-31 13:45:50.980000,-8.951807228915664,-4.0120481927710845,-1.072289156626506,-4.012262415695892,-8.86143470263642,-0.6082158185162476,3.0,0.3034743034743035,3295.171909290417,41.655731018005945,18.76324223530097,-4.9822271429403875,1832.9670329670328,-1.0,79.92844946743638,0.30383482117477434,
2023-07-31 13:45:50.988000,-8.951807228915664,-4.048192771084338,-1.0602409638554218,-4.06131207847946,-8.836909871244634,-0.6057633353770693,3.0,0.3034743034743035,3295.171909290417,41.73206689586854,17.816677349804788,-4.95169279179535,1743.5897435897434,-1.0,79.92844946743638,0.3038288714009556,
2023-07-31 13:45:50.995000,-8.951807228915664,-4.0843373493975905,-1.0602409638554218,-4.080931943592888,-8.84671980380135,-0.6008583690987124,3.0,0.3034743034743035,3295.171909290417,41.57939514014335,16.47316589942311,-4.005127906299166,1660.07326007326,-1.0,79.92844946743638,0.30382289187756,
2023-07-31 13:45:51.003000,-8.951807228915664,-4.072289156626506,-1.0602409638554218,-4.1079092581238505,-8.866339668914776,-0.640098099325567,3.0,0.3034743034743035,3295.171909290417,41.57939514014335,16.47316589942311,-4.005127906299166,1587.5457875457873,-1.0,79.92844946743638,0.30381688313845695,
2023-07-31 13:45:51.011000,-8.891566265060241,-4.072289156626506,-1.036144578313253,-4.073574494175352,-8.768240343347639,-0.5959534028203556,3.0,0.3034743034743035,3295.171909290417,41.56412796457083,16.564768952858223,-3.5776469902686316,1523.0769230769229,-1.0,79.92844946743638,0.3038108457817882,
2023-07-31 13:45:51.018000,-8.843373493975903,-4.0843373493975905,-1.0120481927710845,-4.127529123237277,-8.78050275904353,-0.522378908645003,3.0,0.3034743034743035,3295.171909290417,41.274051628692966,16.732707884155932,-2.9822271429403875,1471.062271062271,-1.0,79.92844946743638,0.30380478063118954,
2023-07-31 13:45:51.026000,-8.855421686746988,-4.096385542168675,-0.9277108433734941,-4.056407112201104,-8.787860208461066,-0.3948497854077253,3.0,0.3034743034743035,3295.171909290417,41.42672338441816,16.060952158965094,-1.8219217994289372,1429.3040293040292,-1.0,79.92844946743638,0.3037986888645052,
2023-07-31 13:45:51.034000,-8.819277108433736,-4.0843373493975905,-0.9036144578313253,-4.080931943592888,-8.738810545677499,-0.4438994481912937,3.0,0.30303030303030304,3300.0,40.968708117242585,15.46553231163685,-1.043295845230464,1398.5347985347985,-1.0,79.92844946743638,0.3037925718647917,
2023-07-31 13:45:51.041000,-8.867469879518072,-4.096385542168675,-0.8674698795180723,-4.115266707541386,-8.895769466584916,-0.38749233599019006,3.0,0.30303030303030304,3300.0,40.648097430219686,16.060952158965094,0.19334537614358174,1377.2893772893772,-1.0,79.92844946743638,0.3037864310703302,
2023-07-31 13:45:51.049000,-8.91566265060241,-4.120481927710844,-0.8674698795180723,-4.098099325567136,-8.858982219497241,-0.3678724708767627,3.0,0.3034743034743035,3295.171909290417,40.12901346075404,15.908280403239901,1.0635743837771694,1361.1721611721612,-1.0,79.92844946743638,0.30378026795105756,
2023-07-31 13:45:51.057000,-8.93975903614458,-4.096385542168675,-0.783132530120482,-4.039239730226854,-8.839362354383812,-0.3801348865726548,3.0,0.3034743034743035,3295.171909290417,39.976341705028844,15.480799487209367,2.2238797272886197,1350.18315018315,-1.0,79.92844946743638,0.3037740842922468,
2023-07-31 13:45:51.064000,-8.891566265060241,-3.927710843373494,-0.7228915662650602,-3.914163090128755,-8.814837522992029,-0.29675045984058857,3.0,0.3034743034743035,3295.171909290417,39.594662315715865,14.335761319270437,2.117009498280986,1340.6593406593406,-1.0,79.92844946743638,0.30376788221086026,
2023-07-31 13:45:51.072000,-8.807228915662652,-3.7831325301204823,-0.6987951807228916,-3.7498467198038012,-8.714285714285714,-0.17412630288166767,3.0,0.3034743034743035,3295.171909290417,38.9839752928151,12.671639181865856,2.605559116601597,1327.4725274725274,-1.0,79.92844946743638,0.3037616640118384,
2023-07-31 13:45:51.080000,-8.795180722891567,-3.7831325301204823,-0.6144578313253012,-3.7939914163090127,-8.829552421827099,-0.134886572654813,3.0,0.3034743034743035,3295.171909290417,38.403822621059376,10.366295670415475,2.636093467746635,1310.6227106227104,-1.0,79.92844946743638,0.30375543218222617,
2023-07-31 13:45:51.087000,-8.903614457831326,-3.6867469879518073,-0.5060240963855422,-3.6468424279583074,-8.885959534028203,-0.002452483139178418,3.0,0.3034743034743035,3295.171909290417,39.029776819532664,8.3052269681254,5.277314841792436,1289.3772893772893,-1.0,79.92844946743638,0.30374918938442375,
2023-07-31 13:45:51.095000,-9.10843373493976,-3.5180722891566267,-0.42168674698795183,-3.4776210913549965,-9.023298589822195,0.014714898835070508,3.0,0.3034743034743035,3295.171909290417,38.99924246838762,6.96171551774372,8.498688887593962,1269.5970695970695,-1.0,79.92844946743638,0.3037429384485965,
2023-07-31 13:45:51.103000,-9.19277108433735,-3.4096385542168677,-0.43373493975903615,-3.350091968117719,-9.131207847946046,-0.019619865113427344,3.0,0.30303030303030304,3300.0,38.57176155235709,5.160188800186468,8.651360643319153,1250.5494505494505,-1.0,79.92844946743638,0.3037366823642877,
2023-07-31 13:45:51.110000,-9.265060240963855,-3.421686746987952,-0.4096385542168675,-3.4163090128755362,-9.20232985898222,0.03923973022685469,3.0,0.3034743034743035,3295.171909290417,37.518326437853275,1.9998834566750174,7.292582017364955,1233.6996336996335,-1.0,79.92844946743638,0.30373042426073665,
2023-07-31 13:45:51.118000,-9.228915662650603,-3.530120481927711,-0.3855421686746988,-3.4996934396076025,-9.204782342121398,-0.02452483139178418,3.0,0.3034743034743035,3295.171909290417,36.58702872792961,0.04568498339257468,7.04830720820465,1221.245421245421,-1.0,79.92844946743638,0.30372416736532476,
2023-07-31 13:45:51.126000,-9.168674698795181,-3.6144578313253013,-0.30120481927710846,-3.6002452483139176,-9.038013488657265,0.1765787860208461,3.0,0.3034743034743035,3295.171909290417,36.11374628518152,-1.4657653982868146,6.788765223471826,1214.6520146520145,-1.0,79.92844946743638,0.3037179150244105,
2023-07-31 13:45:51.133000,-9.060240963855422,-3.6506024096385543,-0.1927710843373494,-3.676272225628449,-8.912936848559166,0.20110361741263028,3.0,0.3034743034743035,3295.171909290417,35.31985315541053,-1.5268341005768908,5.292582017364955,1213.1868131868132,-1.0,79.92844946743638,0.3037116707024084,
2023-07-31 13:45:51.141000,-8.91566265060241,-3.6506024096385543,-0.1927710843373494,-3.62722256284488,-8.743715511955855,0.1765787860208461,3.0,0.3034743034743035,3295.171909290417,34.38855544548686,0.5037002505681472,4.071207971563429,1217.5824175824175,-1.0,79.92844946743638,0.3037054379697997,
2023-07-31 13:45:51.149000,-8.843373493975903,-3.6746987951807233,-0.28915662650602414,-3.7302268546903736,-8.724095646842427,0.1079092581238504,3.0,0.3034743034743035,3295.171909290417,32.38855544548686,3.938814754384941,3.3383835440825127,1225.6410256410256,-1.0,79.92844946743638,0.3036992204906841,
2023-07-31 13:45:51.156000,-8.771084337349398,-3.698795180722892,-0.3855421686746988,-3.656652360515021,-8.675045984058858,-0.009809932556713672,3.0,0.3034743034743035,3295.171909290417,30.846570712662434,8.091486510110132,2.605559116601597,1239.5604395604396,-1.0,79.92844946743638,0.303693022009941,
2023-07-31 13:45:51.164000,-8.819277108433736,-3.6746987951807233,-0.46987951807228917,-3.6345800122624157,-8.716738197424892,-0.12507664009809932,3.0,0.3034743034743035,3295.171909290417,29.625196666860905,11.816677349804788,2.117009498280986,1257.142857142857,-1.0,79.92844946743638,0.30368684634007187,
2023-07-31 13:45:51.172000,-8.807228915662652,-3.6024096385542173,-0.6265060240963856,-3.6174126302881664,-8.733905579399142,-0.24034334763948498,3.0,0.3034743034743035,3295.171909290417,28.632830254647168,14.732707884155932,0.9567041547695359,1278.3882783882782,-1.0,79.92844946743638,0.30368069734779063,
2023-07-31 13:45:51.179000,-8.795180722891567,-3.530120481927711,-0.7349397590361446,-3.5511955855303494,-8.694665849172287,-0.299202942979767,3.0,0.3034743034743035,3295.171909290417,28.174814987471592,16.96171551774372,0.5139560631664825,1301.098901098901,-1.0,79.92844946743638,0.3036745789404384,
2023-07-31 13:45:51.187000,-8.72289156626506,-3.5542168674698797,-0.8072289156626506,-3.543838136112814,-8.711833231146535,-0.3825873697118332,3.0,0.30303030303030304,3300.0,27.57939514014335,17.511333838354407,-0.18833401316939535,1323.8095238095236,-1.0,79.92844946743638,0.3036684950522904,
2023-07-31 13:45:51.195000,-8.74698795180723,-3.5903614457831328,-0.855421686746988,-3.624770079705702,-8.721643163703249,-0.43899448191293683,3.0,0.3034743034743035,3295.171909290417,27.289318804265488,17.664005594079597,0.025406444845871817,1345.054945054945,-1.0,79.92844946743638,0.30366244948153687,
2023-07-31 13:45:51.202000,-8.819277108433736,-3.698795180722892,-0.8313253012048193,-3.7326793378295524,-8.79767014101778,-0.4316370324954016,3.0,0.3034743034743035,3295.171909290417,27.57939514014335,18.335761319270436,1.2162461395023603,1362.6373626373625,-1.0,79.92844946743638,0.3036564460040112,
2023-07-31 13:45:51.210000,-8.987951807228916,-3.7590361445783134,-0.9036144578313253,-3.754751686082158,-9.067443286327405,-0.4463519313304721,3.0,0.3034743034743035,3295.171909290417,28.037410407318923,18.228891090262803,2.7734980478993068,1375.091575091575,-1.0,79.92844946743638,0.30365048851854815,
2023-07-31 13:45:51.218000,-9.216867469879519,-3.807228915662651,-0.9036144578313253,-3.9043531575720416,-9.197424892703863,-0.463519313304721,3.0,0.3034743034743035,3295.171909290417,28.28168521647923,15.893013227667383,3.8269331624031238,1383.150183150183,-1.0,79.92844946743638,0.3036445808946455,
2023-07-31 13:45:51.225000,-9.361445783132531,-3.843373493975904,-0.8915662650602411,-3.896995708154506,-9.327406499080318,-0.41692213366033104,3.0,0.3034743034743035,3295.171909290417,28.75496765922732,10.96171551774372,3.781131635685566,1386.8131868131868,-1.0,79.92844946743638,0.3036387269591297,
2023-07-31 13:45:51.233000,-9.433734939759036,-3.807228915662651,-0.855421686746988,-3.86020846106683,-9.369098712446352,-0.37768240343347637,3.0,0.3034743034743035,3295.171909290417,29.121379872967776,6.473165899423109,4.1322766738535055,1387.5457875457876,-1.0,79.92844946743638,0.30363293048314294,
2023-07-31 13:45:51.241000,-9.421686746987952,-3.7951807228915664,-0.8072289156626506,-3.747394236664623,-9.332311465358675,-0.3507050889025138,3.0,0.3034743034743035,3295.171909290417,28.358021094341822,2.534234601713185,3.8574675135481615,1383.150183150183,-1.0,79.92844946743638,0.30362719516951564,
2023-07-31 13:45:51.248000,-9.337349397590362,-3.7951807228915664,-0.7590361445783133,-3.843041079092581,-9.253832004904966,-0.29675045984058857,3.0,0.3034743034743035,3295.171909290417,28.08321193403648,-0.7329409708058986,3.4299865975176274,1375.091575091575,-1.0,79.92844946743638,0.30362152464058656,
2023-07-31 13:45:51.256000,-9.19277108433735,-3.7951807228915664,-0.7349397590361446,-3.7915389331698344,-9.111587982832617,-0.2550582464745555,3.0,0.30303030303030304,3300.0,27.701532544723502,-2.2138570013402497,3.8880018646931997,1361.1721611721612,-1.0,79.92844946743638,0.30361592242653296,
2023-07-31 13:45:51.264000,-9.072289156626507,-3.8192771084337354,-0.710843373493976,-3.8332311465358675,-8.949724095646841,-0.2869405272838749,3.0,0.30303030303030304,3300.0,26.72443330808228,-2.5192005127906314,4.346017131868773,1346.5201465201465,-1.0,79.92844946743638,0.30361039194371503,
2023-07-31 13:45:51.271000,-8.963855421686748,-3.7951807228915664,-0.6144578313253012,-3.796443899448191,-8.851624770079706,-0.22808093194359289,3.0,0.30303030303030304,3300.0,26.480158498921977,-1.8169104364547535,4.834566750189383,1331.135531135531,-1.0,79.92844946743638,0.30360493644192615,
2023-07-31 13:45:51.279000,-8.879518072289157,-3.771084337349398,-0.6506024096385542,-3.717964438994482,-8.768240343347639,-0.20846106683016552,3.0,0.3034743034743035,3295.171909290417,26.480158498921977,-1.8169104364547535,4.834566750189383,1315.018315018315,-1.0,79.92844946743638,0.3035995588448778,
2023-07-31 13:45:51.287000,-8.795180722891567,-3.771084337349398,-0.5903614457831325,-3.7939914163090127,-8.714285714285714,-0.1079092581238504,3.0,0.3034743034743035,3295.171909290417,25.976341705028847,0.24415826583532277,4.742963696754269,1301.098901098901,-1.0,79.92844946743638,0.3035942619099737,
2023-07-31 13:45:51.294000,-8.759036144578314,-3.7831325301204823,-0.49397590361445787,-3.8234212139791537,-8.65787860208461,-0.0809319435928878,3.0,0.3034743034743035,3295.171909290417,24.693898956937243,0.5495017772857045,4.9109026280519785,1289.3772893772893,-1.0,79.92844946743638,0.3035890483886506,
2023-07-31 13:45:51.302000,-8.734939759036145,-3.807228915662651,-0.45783132530120485,-3.7915389331698344,-8.640711220110362,-0.03678724708767627,3.0,0.30303030303030304,3300.0,24.05267758289144,0.41209719713303267,5.21624613950236,1279.8534798534797,-1.0,79.92844946743638,0.3035839210178486,
2023-07-31 13:45:51.310000,-8.72289156626506,-3.7469879518072293,-0.45783132530120485,-3.6885346413243405,-8.635806253832005,-0.07847946045370938,3.0,0.3034743034743035,3295.171909290417,23.151914224112815,1.4502651360643304,4.89563545247946,1271.062271062271,-1.0,79.92844946743638,0.3035788823426554,
2023-07-31 13:45:51.317000,-8.590361445783133,-3.493975903614458,-0.5542168674698795,-3.404046597179644,-8.545064377682403,-0.11771919068056406,3.0,0.30303030303030304,3300.0,22.296952392051747,1.190723151331506,4.315482780723734,1265.9340659340658,-1.0,79.92844946743638,0.3035739346889253,
2023-07-31 13:45:51.325000,-8.590361445783133,-3.457831325301205,-0.44578313253012053,-3.4996934396076025,-8.630901287553648,-0.09809932556713671,3.0,0.30303030303030304,3300.0,22.28168521647923,1.1449216246139486,5.5826583532428184,1260.8058608058607,-1.0,79.92844946743638,0.30356908002938315,
2023-07-31 13:45:51.332000,-8.819277108433736,-3.807228915662651,-0.43373493975903615,-3.896995708154506,-8.832004904966277,0.014714898835070508,3.0,0.30303030303030304,3300.0,20.388555445486862,3.2823262047666204,7.017772857059612,1256.4102564102564,-1.0,79.92844946743638,0.3035643199778828,
2023-07-31 13:45:51.340000,-9.120481927710843,-3.9759036144578315,-0.49397590361445787,-3.936235438381361,-9.114040465971796,-0.007357449417535254,3.0,0.30303030303030304,3300.0,19.945807353883808,5.419730784919292,7.811665986830604,1253.4798534798533,-1.0,79.92844946743638,0.30355965591185347,
2023-07-31 13:45:51.348000,-9.253012048192772,-3.855421686746988,-0.5180722891566265,-3.779276517473942,-9.123850398528509,-0.1765787860208461,3.0,0.30303030303030304,3300.0,20.22061651418915,6.198356739117766,7.23151331507488,1250.5494505494505,-1.0,79.92844946743638,0.30355508883901056,
2023-07-31 13:45:51.355000,-9.120481927710843,-3.7469879518072293,-0.5662650602409639,-3.747394236664623,-8.961986511342735,-0.15941140404659718,3.0,0.30303030303030304,3300.0,19.07557834625022,3.6182040673620404,4.483421712021444,1249.084249084249,-1.0,79.92844946743638,0.3035506196803448,
2023-07-31 13:45:51.363000,-8.867469879518072,-3.771084337349398,-0.5542168674698795,-3.784181483752299,-8.711833231146535,-0.1496014714898835,3.0,0.3034743034743035,3295.171909290417,17.0603111706777,-0.10698677233261615,1.6589942311054138,1247.6190476190475,-1.0,79.92844946743638,0.3035462491067769,
2023-07-31 13:45:51.371000,-8.626506024096386,-3.8313253012048194,-0.6506024096385542,-3.877375843041079,-8.601471489883506,-0.2207234825260576,3.0,0.30303030303030304,3300.0,16.358021094341822,-1.0382844822562802,0.7429636967542688,1245.4212454212454,-1.0,79.92844946743638,0.30354197769622365,
2023-07-31 13:45:51.378000,-8.566265060240964,-3.8674698795180724,-0.7710843373493976,-3.889638258736971,-8.527896995708154,-0.3727774371551195,3.0,0.3034743034743035,3295.171909290417,15.457257735563196,3.373929258201735,1.1093759104947267,1243.956043956044,-1.0,79.92844946743638,0.30353780579365625,
2023-07-31 13:45:51.386000,-8.686746987951807,-3.9036144578313254,-0.9036144578313253,-3.855303494788473,-8.648068669527897,-0.5763335377069282,3.0,0.30303030303030304,3300.0,14.663364605792204,10.015150632247536,2.926169803624498,1241.7582417582416,-1.0,79.92844946743638,0.30353373337203154,
2023-07-31 13:45:51.394000,-8.951807228915664,-3.8674698795180724,-1.0843373493975905,-3.86020846106683,-8.988963825873697,-0.7234825260576333,3.0,0.30303030303030304,3300.0,14.205349338616632,14.015150632247536,4.4681545364489255,1238.8278388278388,-1.0,79.92844946743638,0.30352976019198025,
2023-07-31 13:45:51.401000,-9.168674698795181,-3.8192771084337354,-1.2048192771084338,-3.877375843041079,-9.0453709380748,-0.7774371551195585,3.0,0.30303030303030304,3300.0,13.0603111706777,15.160188800186468,3.8422003379756426,1237.3626373626373,-1.0,79.92844946743638,0.3035258857815656,
2023-07-31 13:45:51.409000,-9.180722891566266,-3.771084337349398,-1.180722891566265,-3.7939914163090127,-9.028203556100552,-0.7602697731453096,3.0,0.3025863025863026,3304.8422597212034,12.648097430219684,12.473165899423108,2.758230872326788,1238.8278388278388,-1.0,79.92844946743638,0.30352210955566283,
2023-07-31 13:45:51.417000,-9.036144578313253,-3.771084337349398,-1.1325301204819278,-3.867565910484365,-8.98405885959534,-0.6695278969957081,3.0,0.30303030303030304,3300.0,12.006876056173883,7.434997960491811,1.3689178952275511,1241.0256410256409,-1.0,79.92844946743638,0.3035184306593035,
2023-07-31 13:45:51.424000,-8.879518072289157,-3.7108433734939763,-1.0120481927710845,-3.6689147762109133,-8.863887185775598,-0.5248313917841815,3.0,0.30303030303030304,3300.0,11.961074529456326,3.2365246780490633,1.0330400326321314,1247.6190476190475,-1.0,79.92844946743638,0.30351484793980454,
2023-07-31 13:45:51.432000,-8.867469879518072,-3.5783132530120483,-0.9518072289156627,-3.573267933782955,-8.885959534028203,-0.44880441446965047,3.0,0.30303030303030304,3300.0,12.54122720121205,-0.7940096730959749,4.239146902861139,1256.4102564102564,-1.0,79.92844946743638,0.30351135998257545,
2023-07-31 13:45:51.440000,-9.168674698795181,-3.6746987951807233,-0.8674698795180723,-3.779276517473942,-9.351931330472102,-0.35806253832004903,3.0,0.30303030303030304,3300.0,12.281685216479227,-5.099353184546357,8.68189499446419,1264.4688644688645,-1.0,79.92844946743638,0.30350796512639755,
2023-07-31 13:45:51.447000,-9.674698795180724,-3.927710843373494,-0.746987951807229,-3.9828326180257507,-9.754138565297364,-0.2035561005518087,3.0,0.30303030303030304,3300.0,12.602295903502126,-11.007750131111242,11.18571178835732,1273.9926739926739,-1.0,79.92844946743638,0.3035046614687723,
2023-07-31 13:45:51.455000,-10.096385542168676,-3.843373493975904,-0.5903614457831325,-3.7621091354996934,-10.158798283261802,-0.1226241569589209,3.0,0.30303030303030304,3300.0,14.327486743196783,-17.450498222714295,12.37655148301381,1283.5164835164835,-1.0,79.92844946743638,0.30350144687187924,
2023-07-31 13:45:51.463000,-10.216867469879519,-3.5180722891566267,-0.45783132530120485,-3.4408338442673205,-10.17841814837523,0.02207234825260576,3.0,0.30303030303030304,3300.0,15.54886078899831,-27.526834100576888,12.452887360876405,1289.3772893772893,-1.0,79.92844946743638,0.30349831896912066,
2023-07-31 13:45:51.470000,-10.120481927710843,-3.3373493975903616,-0.20481927710843376,-3.320662170447578,-10.122011036174126,0.328632740649908,3.0,0.30303030303030304,3300.0,14.663364605792204,-37.252024940271546,11.063574383777167,1292.3076923076922,-1.0,79.92844946743638,0.30349527503348744,
2023-07-31 13:45:51.478000,-9.855421686746988,-3.3373493975903616,-0.024096385542168676,-3.315757204169221,-9.77375843041079,0.4659717964438994,3.0,0.30303030303030304,3300.0,14.602295903502126,-44.824544024241014,10.620826292174115,1293.7728937728937,-1.0,79.92844946743638,0.30349231214435796,
2023-07-31 13:45:51.486000,-9.397590361445783,-3.421686746987952,0.07228915662650603,-3.42611894543225,-9.155732679337829,0.568976088289393,3.0,0.30303030303030304,3300.0,13.854204300448691,-41.78637608530972,9.124643086067245,1291.5750915750914,-1.0,79.92844946743638,0.30348942732330975,
2023-07-31 13:45:51.493000,-8.903614457831326,-3.433734939759036,0.20481927710843376,-3.4285714285714284,-8.638258736971183,0.6695278969957081,3.0,0.30303030303030304,3300.0,14.602295903502126,-35.633704329584525,7.429986597517627,1289.3772893772893,-1.0,79.92844946743638,0.30348661739373417,
2023-07-31 13:45:51.501000,-8.457831325301205,-3.349397590361446,0.13253012048192772,-3.296137339055794,-8.250766400980993,0.5444512568976088,3.0,0.30303030303030304,3300.0,15.228250101975409,-24.091719596760097,5.903269040265719,1288.6446886446886,-1.0,79.92844946743638,0.30348387899023216,
2023-07-31 13:45:51.509000,-8.132530120481928,-3.2289156626506026,0.024096385542168676,-3.1122011036174126,-8.0226854690374,0.3629675045984059,3.0,0.30303030303030304,3300.0,15.304585979838004,-12.122253947905135,5.5826583532428184,1286.4468864468863,-1.0,79.92844946743638,0.30348120856846766,
2023-07-31 13:45:51.516000,-8.048192771084338,-3.144578313253012,-0.07228915662650603,-3.161250766400981,-7.9589209074187615,0.2869405272838749,3.0,0.3034743034743035,3295.171909290417,14.938173766097547,-2.442864634928036,5.002505681487093,1282.051282051282,-1.0,79.92844946743638,0.3034786024154612,
2023-07-31 13:45:51.524000,-8.084337349397591,-3.216867469879518,-0.07228915662650603,-3.264255058246474,-8.010423053341508,0.3654199877375843,3.0,0.30303030303030304,3300.0,14.129013460754035,5.45026513606433,5.353650719655032,1275.4578754578754,-1.0,79.92844946743638,0.3034760568095762,
2023-07-31 13:45:51.532000,-8.25301204819277,-3.289156626506024,-0.08433734939759037,-3.3280196198651133,-8.199264255058246,0.3359901900674433,3.0,0.30303030303030304,3300.0,13.335120330983044,12.351028494842955,4.300215605151215,1267.3992673992673,-1.0,79.92844946743638,0.3034735679041758,
2023-07-31 13:45:51.539000,-8.46987951807229,-3.3012048192771086,-0.13253012048192772,-3.266707541385653,-8.483752299202942,0.269773145309626,3.0,0.30303030303030304,3300.0,13.380921857700601,15.740341471942193,3.6284598799603756,1258.6080586080586,-1.0,79.92844946743638,0.3034711315801039,
2023-07-31 13:45:51.547000,-8.759036144578314,-3.27710843373494,-0.16867469879518074,-3.256897608828939,-8.787860208461066,0.21827099938687922,3.0,0.30303030303030304,3300.0,12.342753918769303,17.602936891789522,2.407085834158849,1248.3516483516482,-1.0,79.92844946743638,0.3034687435963552,
2023-07-31 13:45:51.555000,-9.072289156626507,-3.4457831325301207,-0.16867469879518074,-3.4825260576333537,-9.011036174126302,0.18148375229920294,3.0,0.30303030303030304,3300.0,12.342753918769303,17.602936891789522,2.407085834158849,1236.6300366300366,-1.0,79.92844946743638,0.3034663996022738,
2023-07-31 13:45:51.562000,-9.240963855421688,-3.5542168674698797,-0.30120481927710846,-3.56591048436542,-9.165542611894542,0.019619865113427344,3.0,0.30303030303030304,3300.0,10.709166132509761,18.183089563545245,-0.7684866849251205,1224.9084249084249,-1.0,79.92844946743638,0.303464095149992,
2023-07-31 13:45:51.570000,-9.289156626506024,-3.6144578313253013,-0.42168674698795183,-3.6223175965665235,-9.172900061312077,-0.04659717964438994,3.0,0.30303030303030304,3300.0,10.312219567624265,18.076219334537612,-3.0127614940854257,1216.117216117216,-1.0,79.92844946743638,0.3034618257070809,
2023-07-31 13:45:51.578000,-9.240963855421688,-3.6144578313253013,-0.5783132530120483,-3.637032495401594,-9.114040465971796,-0.21336603310852237,3.0,0.30391830391830393,3290.3579254930605,9.04504399510518,18.900646815453644,-4.860089738360235,1208.058608058608,-1.0,79.92844946743638,0.30345958666937306,
2023-07-31 13:45:51.585000,-9.180722891566266,-3.626506024096386,-0.746987951807229,-3.5536480686695278,-9.172900061312077,-0.3801348865726548,3.0,0.3043623043623043,3285.5579868708974,8.281685216479227,20.259425441407842,-6.676883631490006,1203.6630036630036,-1.0,79.92844946743638,0.3034573736725108,
2023-07-31 13:45:51.593000,-9.216867469879519,-3.6506024096385543,-0.9156626506024097,-3.6689147762109133,-9.266094420600858,-0.48559166155732675,3.0,0.3048063048063048,3280.7720320466133,8.54122720121205,20.686906357438374,-5.653982868131227,1201.4652014652013,-1.0,79.92844946743638,0.3034551826593113,
2023-07-31 13:45:51.601000,-9.325301204819278,-3.6024096385542173,-0.9879518072289157,-3.6419374616799507,-9.408338442673205,-0.5469037400367872,3.0,0.3048063048063048,3280.7720320466133,8.419089796631898,19.144921624613946,-3.852456150573975,1208.058608058608,-1.0,79.92844946743638,0.3034530099490738,
2023-07-31 13:45:51.608000,-9.433734939759036,-3.5783132530120483,-0.9759036144578314,-3.5291232372777435,-9.477007970570202,-0.4880441446965052,3.0,0.3048063048063048,3280.7720320466133,8.434356972204418,15.557135365071963,-1.5318454635510748,1224.9084249084249,-1.0,79.92844946743638,0.3034508522669204,
2023-07-31 13:45:51.616000,-9.421686746987952,-3.5662650602409642,-0.9397590361445783,-3.524218270999387,-9.41814837522992,-0.510116492949111,3.0,0.3052503052503053,3276.0,8.571761552357088,12.045684983392574,-0.18833401316939535,1253.4798534798533,-1.0,79.92844946743638,0.3034487064767691,
2023-07-31 13:45:51.624000,-9.361445783132531,-3.5662650602409642,-0.855421686746988,-3.5904353157572038,-9.332311465358675,-0.35561005518087063,3.0,0.3052503052503053,3276.0,9.029776819532662,7.236524678049063,-0.37154012003962433,1301.098901098901,-1.0,79.92844946743638,0.3034465697522964,
2023-07-31 13:45:51.631000,-9.265060240963855,-3.5662650602409642,-0.7349397590361446,-3.5193133047210297,-9.219497240956468,-0.2918454935622317,3.0,0.3052503052503053,3276.0,9.19771575083037,3.0227842200337958,-0.7074179826350442,1369.9633699633698,-1.0,79.92844946743638,0.30344443962104717,
2023-07-31 13:45:51.639000,-9.19277108433735,-3.5783132530120483,-0.6506024096385542,-3.573267933782955,-9.111587982832617,-0.18393623543838136,3.0,0.3052503052503053,3276.0,10.022143231746401,-1.9848493677524635,-0.09673095973428085,1458.6080586080584,-1.0,79.92844946743638,0.303442313850079,
2023-07-31 13:45:51.647000,-9.144578313253012,-3.530120481927711,-0.5542168674698795,-3.578172900061312,-9.062538320049049,-0.15941140404659718,3.0,0.3052503052503053,3276.0,10.22061651418915,-6.961948604393685,-0.06619660858924269,1565.5677655677655,-1.0,79.92844946743638,0.303440190470913,
2023-07-31 13:45:51.654000,-9.10843373493976,-3.5180722891566267,-0.49397590361445787,-3.502145922746781,-9.118945432250152,0.0,3.0,0.3052503052503053,3276.0,10.174814987471592,-12.21385700134025,0.605559116601597,1685.7142857142856,-1.0,79.92844946743638,0.3034380678049212,
2023-07-31 13:45:51.662000,-9.10843373493976,-3.5542168674698797,-0.4096385542168675,-3.5904353157572038,-9.155732679337829,0.019619865113427344,3.0,0.3052503052503053,3276.0,9.594662315715867,-15.618437154012005,1.6284598799603756,1809.5238095238094,-1.0,79.92844946743638,0.3034359444890269,
2023-07-31 13:45:51.670000,-9.19277108433735,-3.5662650602409642,-0.30120481927710846,-3.5879828326180254,-9.175352544451256,0.12998160637645614,3.0,0.3056943056943057,3271.2418300653594,8.816036361517394,-16.35126158149292,2.5597575898840397,1932.6007326007325,-1.0,79.92844946743638,0.3034338195015804,
2023-07-31 13:45:51.677000,-9.27710843373494,-3.5662650602409642,-0.22891566265060243,-3.6125076640098097,-9.290619251992641,0.20846106683016552,3.0,0.3056943056943057,3271.2418300653594,8.006876056173883,-16.946681428821165,3.5826583532428184,2046.8864468864467,-1.0,79.92844946743638,0.3034316923375581,
2023-07-31 13:45:51.685000,-9.325301204819278,-3.6024096385542173,-0.18072289156626506,-3.602697731453096,-9.307786633966892,0.2452483139178418,3.0,0.3056943056943057,3271.2418300653594,7.258784453120448,-17.740574558592158,3.8269331624031238,2144.322344322344,-1.0,79.92844946743638,0.3034295629174778,
2023-07-31 13:45:51.692000,-9.265060240963855,-3.5783132530120483,-0.060240963855421686,-3.548743102391171,-9.214592274678111,0.27713059472716123,3.0,0.3052503052503053,3276.0,6.190082163044112,-17.221490589126507,2.666627818891673,2220.5128205128203,-1.0,79.92844946743638,0.3034274316349753,
2023-07-31 13:45:51.700000,-9.144578313253012,-3.5903614457831328,-0.012048192771084338,-3.573267933782955,-9.038013488657265,0.37522992029429797,3.0,0.3056943056943057,3271.2418300653594,4.953440941670066,-15.52683410057689,2.3154827807237344,2269.5970695970695,-1.0,79.92844946743638,0.3034252993620673,
2023-07-31 13:45:51.708000,-8.987951807228916,-3.5903614457831328,0.04819277108433735,-3.573267933782955,-8.829552421827099,0.4659717964438994,3.0,0.3056943056943057,3271.2418300653594,3.7167997202960206,-13.03828448225628,1.8422003379756426,2289.3772893772893,735.3515625,81.59362549800797,0.303423167453983,
2023-07-31 13:45:51.715000,-8.783132530120483,-3.5542168674698797,0.08433734939759037,-3.484978540772532,-8.709380748007357,0.4904966278356836,3.0,0.3052503052503053,3276.0,3.075578346250219,-9.175689062408951,1.3841850708000702,2279.8534798534797,-1.0,81.59362549800797,0.30342103793419417,
2023-07-31 13:45:51.723000,-8.674698795180724,-3.5180722891566267,0.04819277108433735,-3.497240956468424,-8.522992029429798,0.48068669527896996,3.0,0.3056943056943057,3271.2418300653594,2.2511508653341883,-4.54973486393567,1.4757881242351847,2244.6886446886447,-1.0,81.59362549800797,0.30341891337022636,
2023-07-31 13:45:51.731000,-8.626506024096386,-3.493975903614458,0.024096385542168676,-3.4187614960147146,-8.52053954629062,0.4316370324954016,3.0,0.3056943056943057,3271.2418300653594,1.6557310180059441,-0.10698677233261615,2.071207971563429,2187.5457875457873,-1.0,81.59362549800797,0.3034167968660585,
2023-07-31 13:45:51.738000,-8.614457831325302,-3.493975903614458,-0.060240963855421686,-3.4604537093807477,-8.503372164316369,0.3359901900674433,3.0,0.3056943056943057,3271.2418300653594,0.9076394149525091,2.7785094108734905,2.3460171318687726,2113.5531135531132,-1.0,81.59362549800797,0.30341469211638067,
2023-07-31 13:45:51.746000,-8.698795180722891,-3.4819277108433737,-0.0963855421686747,-3.455548743102391,-8.660331085223788,0.3359901900674433,3.0,0.3056943056943057,3271.2418300653594,1.1519142241128144,5.160188800186468,2.5597575898840397,2026.3736263736262,-1.0,81.59362549800797,0.3034126034383072,
2023-07-31 13:45:51.754000,-8.795180722891567,-3.457831325301205,-0.18072289156626506,-3.462906192519926,-8.748620478234212,0.2158185162477008,3.0,0.3056943056943057,3271.2418300653594,0.6633646057922038,5.770875823087231,1.8727346891206809,1931.135531135531,-1.0,81.59362549800797,0.3034105357909838,
2023-07-31 13:45:51.761000,-8.879518072289157,-3.4819277108433737,-0.21686746987951808,-3.4604537093807477,-8.760882893930104,0.19374616799509503,3.0,0.3056943056943057,3271.2418300653594,0.525960025639532,5.526601013926926,0.7734980478993069,1832.234432234432,-1.0,81.59362549800797,0.30340849479344173,
2023-07-31 13:45:51.769000,-8.963855421686748,-3.493975903614458,-0.26506024096385544,-3.4800735744941753,-8.910484365419988,0.12017167381974249,3.0,0.3056943056943057,3271.2418300653594,-0.1610628751238267,4.8853796398811244,0.1322766738535054,1736.263736263736,-1.0,81.59362549800797,0.3034064867405113,
2023-07-31 13:45:51.777000,-9.060240963855422,-3.5060240963855422,-0.26506024096385544,-3.443286327406499,-9.047823421213979,0.18393623543838136,3.0,0.3056943056943057,3271.2418300653594,-0.5885437911543611,4.137288036827689,-0.17306683759687627,1644.6886446886447,-1.0,81.59362549800797,0.30340451861661555,
2023-07-31 13:45:51.784000,-9.216867469879519,-3.5180722891566267,-0.28915662650602414,-3.5340282035561,-9.234212139791538,0.1496014714898835,3.0,0.3056943056943057,3271.2418300653594,-1.1992308140551244,3.6945399452246357,-0.7226851582075633,1561.1721611721612,-1.0,81.59362549800797,0.3034025981072633,
2023-07-31 13:45:51.792000,-9.361445783132531,-3.5421686746987953,-0.3132530120481928,-3.5291232372777435,-9.305334150827713,0.07847946045370938,3.0,0.3056943056943057,3271.2418300653594,-2.2068644018413837,3.2365246780490633,-1.1043645475205404,1486.4468864468863,-1.0,81.59362549800797,0.30340073360807074,
2023-07-31 13:45:51.800000,-9.457831325301205,-3.5783132530120483,-0.3734939759036145,-3.497240956468424,-9.423053341508277,0.0809319435928878,3.0,0.3056943056943057,3271.2418300653594,-3.290833867490239,1.8777460520948648,-1.6539828681312274,1421.245421245421,-1.0,81.59362549800797,0.30339893423115283,
2023-07-31 13:45:51.807000,-9.46987951807229,-3.5662650602409642,-0.3855421686746988,-3.5511955855303494,-9.41814837522992,-0.0269773145309626,3.0,0.3056943056943057,3271.2418300653594,-4.023658294971154,0.3357613192704373,-1.4860439368335174,1367.032967032967,-1.0,81.59362549800797,0.3033972098087217,
2023-07-31 13:45:51.815000,-9.44578313253012,-3.6024096385542173,-0.42168674698795183,-3.5634580012262416,-9.378908645003065,-0.056407112201103615,3.0,0.3056943056943057,3271.2418300653594,-4.878620127032224,-0.4275974593555169,-2.0509294330167234,1325.2747252747251,-1.0,81.59362549800797,0.3033955708937584,
2023-07-31 13:45:51.823000,-9.397590361445783,-3.626506024096386,-0.42168674698795183,-3.6713672593500917,-9.317596566523605,-0.056407112201103615,3.0,0.3056943056943057,3271.2418300653594,-6.161062875123826,-1.557368451721929,-1.592914165841151,1290.10989010989,-1.0,81.59362549800797,0.30339402875761645,
2023-07-31 13:45:51.830000,-9.289156626506024,-3.6746987951807233,-0.42168674698795183,-3.6591048436541995,-9.244022072348253,-0.034334763948497854,3.0,0.3052503052503053,3276.0,-6.161062875123826,-1.557368451721929,-1.592914165841151,1259.3406593406592,-1.0,81.59362549800797,0.3033925955231905,
2023-07-31 13:45:51.838000,-9.204819277108435,-3.6144578313253013,-0.42168674698795183,-3.614960147148988,-9.047823421213979,-0.056407112201103615,3.0,0.3056943056943057,3271.2418300653594,-6.680146844589475,-2.488666161645593,-1.6387156925587083,1232.967032967033,-1.0,81.59362549800797,0.30339128384762376,
2023-07-31 13:45:51.846000,-9.096385542168676,-3.6385542168674703,-0.43373493975903615,-3.6125076640098097,-9.01348865726548,0.009809932556713672,3.0,0.3056943056943057,3271.2418300653594,-7.4435056232154295,-3.3130936425616238,-1.0738301963755021,1210.2564102564102,-1.0,81.59362549800797,0.30339010690985785,
2023-07-31 13:45:51.853000,-8.963855421686748,-3.5783132530120483,-0.3855421686746988,-3.526670754138565,-8.925199264255058,0.08828939301042305,3.0,0.3052503052503053,3276.0,-9.061826233902453,-3.6642386807295626,-0.9516927917953495,1191.2087912087911,-1.0,81.59362549800797,0.30338907870295395,
2023-07-31 13:45:51.861000,-8.903614457831326,-3.6144578313253013,-0.3855421686746988,-3.585530349478847,-8.817290006131207,-0.007357449417535254,3.0,0.3052503052503053,3276.0,-9.412971272070392,-3.923780665462387,-0.09673095973428085,1175.8241758241757,-1.0,81.59362549800797,0.30338821372643837,
2023-07-31 13:45:51.869000,-8.891566265060241,-3.6506024096385543,-0.3734939759036145,-3.6811771919068055,-8.81238503985285,0.03188228080931944,3.0,0.3048063048063048,3280.7720320466133,-10.848085775887185,-4.488666161645593,-0.5089447001922961,1162.6373626373625,-1.0,81.59362549800797,0.3033875269412635,
2023-07-31 13:45:51.876000,-8.831325301204819,-3.6385542168674703,-0.3493975903614458,-3.637032495401594,-8.814837522992029,0.04659717964438994,3.0,0.3052503052503053,3276.0,-11.565643027795582,-5.175689062408952,-0.2646698910319908,1151.6483516483515,-1.0,81.59362549800797,0.3033870338695971,
2023-07-31 13:45:51.884000,-8.903614457831326,-3.6506024096385543,-0.3373493975903615,-3.6689147762109133,-8.84671980380135,0.04414469650521152,3.0,0.3052503052503053,3276.0,-12.069459821688712,-6.137521123477654,0.8498339257619023,1144.3223443223442,-1.0,81.59362549800797,0.30338675053093855,
2023-07-31 13:45:51.892000,-8.975903614457831,-3.7590361445783134,-0.3132530120481928,-3.7498467198038012,-8.893316983445738,0.1618638871857756,3.0,0.3052503052503053,3276.0,-13.382436920925352,-7.221490589126509,0.6513606433191542,1143.5897435897434,-1.0,81.59362549800797,0.30338669357629505,
2023-07-31 13:45:51.899000,-8.975903614457831,-3.771084337349398,-0.28915662650602414,-3.7915389331698344,-8.905579399141631,0.20600858369098712,3.0,0.3052503052503053,3276.0,-13.794650661383368,-9.175689062408951,0.14754384942602447,1150.18315018315,-1.0,81.59362549800797,0.30338688009963727,
2023-07-31 13:45:51.907000,-8.987951807228916,-3.771084337349398,-0.28915662650602414,-3.6640098099325566,-8.917841814837523,0.12507664009809932,3.0,0.3052503052503053,3276.0,-14.313734630849018,-10.122253947905135,-0.08146378416176177,1161.1721611721612,-1.0,81.59362549800797,0.3033873274667263,
2023-07-31 13:45:51.915000,-8.963855421686748,-3.698795180722892,-0.22891566265060243,-3.666462293071735,-8.961986511342735,0.18393623543838136,3.0,0.3052503052503053,3276.0,-15.061826233902453,-11.481032573859332,0.3918186585863298,1177.2893772893772,-1.0,81.59362549800797,0.3033880534171504,
2023-07-31 13:45:51.922000,-9.024096385542169,-3.698795180722892,-0.1927710843373494,-3.6223175965665235,-9.040465971796444,0.2207234825260576,3.0,0.3052503052503053,3276.0,-15.870986539245962,-12.70240661966086,0.6208262921741161,1198.5347985347985,-1.0,81.59362549800797,0.3033890760136796,
2023-07-31 13:45:51.930000,-9.072289156626507,-3.7469879518072293,-0.16867469879518074,-3.717964438994482,-9.033108522378908,0.32127529123237275,3.0,0.3052503052503053,3276.0,-17.153429287337566,-13.343627993706662,1.0788415593496885,1223.4432234432234,-1.0,81.59362549800797,0.3033904137271313,
2023-07-31 13:45:51.938000,-9.084337349397591,-3.734939759036145,-0.1566265060240964,-3.695892090741876,-8.986511342734518,0.2795830778663397,3.0,0.3052503052503053,3276.0,-18.466406386574207,-13.435231047141777,1.0330400326321314,1247.6190476190475,-1.0,81.59362549800797,0.30339208522027605,
2023-07-31 13:45:51.945000,-9.120481927710843,-3.7228915662650603,-0.10843373493975904,-3.637032495401594,-9.087063151440834,0.2795830778663397,3.0,0.3052503052503053,3276.0,-18.680146844589473,-13.557368451721928,2.1322766738535055,1273.9926739926739,-1.0,81.59362549800797,0.30339410929911237,
2023-07-31 13:45:51.953000,-9.120481927710843,-3.698795180722892,-0.10843373493975904,-3.686082158185162,-9.074800735744942,0.3139178418148375,3.0,0.3052503052503053,3276.0,-19.73358195909329,-13.740574558592158,2.0101392692733526,1299.6336996336995,-1.0,81.59362549800797,0.303396504979031,
2023-07-31 13:45:51.961000,-9.072289156626507,-3.6385542168674703,-0.0963855421686747,-3.561005518087063,-9.055180870631514,0.29675045984058857,3.0,0.3052503052503053,3276.0,-20.42060485985665,-13.801643260882233,2.5750247654565586,1324.5421245421244,-1.0,81.59362549800797,0.303399291132851,
2023-07-31 13:45:51.968000,-9.036144578313253,-3.6144578313253013,-0.0963855421686747,-3.5928877988963825,-9.01594114040466,0.34334763948497854,3.0,0.3052503052503053,3276.0,-21.138162111765045,-14.488666161645593,2.926169803624498,1346.5201465201465,-1.0,81.59362549800797,0.3034024865836051,
2023-07-31 13:45:51.976000,-9.0,-3.6144578313253013,-0.060240963855421686,-3.6394849785407724,-8.930104230533415,0.328632740649908,3.0,0.3052503052503053,3276.0,-22.37480333313909,-13.633704329584525,3.567391177670299,1363.3699633699632,-1.0,81.59362549800797,0.30340611016364283,
2023-07-31 13:45:51.984000,-8.927710843373495,-3.5783132530120483,-0.060240963855421686,-3.573267933782955,-8.832004904966277,0.35561005518087063,3.0,0.3052503052503053,3276.0,-23.168696462910084,-12.931414253248645,4.391818658586329,1375.8241758241757,-1.0,81.59362549800797,0.30341018035639056,
2023-07-31 13:45:51.991000,-8.903614457831326,-3.493975903614458,-0.024096385542168676,-3.4481912936848556,-8.851624770079706,0.3801348865726548,3.0,0.3052503052503053,3276.0,-23.596177378940617,-11.03828448225628,5.567391177670299,1383.8827838827838,-1.0,81.59362549800797,0.3034147153836912,
2023-07-31 13:45:51.999000,-8.855421686746988,-3.4819277108433737,-0.08433734939759037,-3.4187614960147146,-8.832004904966277,0.34580012262415694,3.0,0.3052503052503053,3276.0,-24.832818600314663,-9.313093642561624,6.147543849426024,1389.7435897435896,-1.0,81.59362549800797,0.30341973326034644,
2023-07-31 13:45:52.007000,-8.903614457831326,-3.4698795180722892,-0.0963855421686747,-3.4481912936848556,-8.893316983445738,0.3237277743715512,3.0,0.3052503052503053,3276.0,-25.962589592681077,-8.641337917370784,6.575024765456559,1392.6739926739926,-1.0,81.59362549800797,0.30342525157098843,
2023-07-31 13:45:52.014000,-9.0,-3.457831325301205,-0.12048192771084337,-3.408951563458001,-8.917841814837523,0.30901287553648066,3.0,0.3052503052503053,3276.0,-27.183963638482602,-8.183322650195212,6.865101101334421,1391.2087912087911,-1.0,81.59362549800797,0.30343128739562,
2023-07-31 13:45:52.022000,-9.048192771084338,-3.4819277108433737,-0.18072289156626506,-3.433476394849785,-8.986511342734518,0.2722256284488044,3.0,0.3052503052503053,3276.0,-28.451139211001685,-8.259658528057807,6.727696521181749,1383.150183150183,-1.0,81.59362549800797,0.30343785723487243,
2023-07-31 13:45:52.030000,-9.084337349397591,-3.493975903614458,-0.20481927710843376,-3.4408338442673205,-9.038013488657265,0.2673206621704476,3.0,0.3052503052503053,3276.0,-29.53510867665054,-8.503933337218111,5.949070566983276,1368.4981684981683,-1.0,81.59362549800797,0.30344497693533123,
2023-07-31 13:45:52.037000,-9.096385542168676,-3.4819277108433737,-0.1927710843373494,-3.507050889025138,-9.001226241569588,0.21091354996934394,3.0,0.3052503052503053,3276.0,-30.26793310413146,-8.900879902103608,5.536856826525261,1349.4505494505493,-1.0,81.59362549800797,0.3034526616152911,
2023-07-31 13:45:52.045000,-9.120481927710843,-3.493975903614458,-0.2530120481927711,-3.455548743102391,-9.01594114040466,0.17903126916002451,3.0,0.3052503052503053,3276.0,-31.41297127207039,-9.282559291416586,4.483421712021444,1328.2051282051282,-1.0,81.59362549800797,0.3034609255913024,
2023-07-31 13:45:52.053000,-9.096385542168676,-3.4698795180722892,-0.26506024096385544,-3.467811158798283,-9.038013488657265,0.15450643776824033,3.0,0.3052503052503053,3276.0,-32.9396888293223,-9.633704329584525,3.8422003379756426,1304.0293040293038,-1.0,81.59362549800797,0.3034697823058754,
2023-07-31 13:45:52.060000,-9.120481927710843,-3.5060240963855422,-0.28915662650602414,-3.4874310239117103,-9.06008583690987,0.15695892090741875,3.0,0.3052503052503053,3276.0,-33.794650661383365,-9.648971505157043,3.185711788357322,1277.6556776556777,-1.0,81.59362549800797,0.3034792442567121,
2023-07-31 13:45:52.068000,-9.132530120481928,-3.5060240963855422,-0.3132530120481928,-3.475168608215818,-9.10668301655426,0.14224402207234824,3.0,0.3052503052503053,3276.0,-34.9396888293223,-10.030650894470021,2.2238797272886197,1252.7472527472526,-1.0,81.59362549800797,0.30348932292782976,
2023-07-31 13:45:52.075000,-9.120481927710843,-3.493975903614458,-0.28915662650602414,-3.4898835070508887,-9.047823421213979,0.1226241569589209,3.0,0.3052503052503053,3276.0,-36.02365829497115,-10.458131810500555,1.521589650952742,1231.5018315018315,-1.0,81.59362549800797,0.3035000287229415,
2023-07-31 13:45:52.083000,-9.204819277108435,-3.5060240963855422,-0.3132530120481928,-3.4776210913549965,-9.136112814224402,0.10055180870631514,3.0,0.3052503052503053,3276.0,-36.787017073597106,-11.893246314317349,1.3231163685099938,1213.1868131868132,-1.0,81.59362549800797,0.3035113709014525,
2023-07-31 13:45:52.091000,-9.216867469879519,-3.5180722891566267,-0.30120481927710846,-3.504598405885959,-9.13856529736358,0.18638871857755976,3.0,0.3052503052503053,3276.0,-37.27556669191772,-13.877979138744829,1.1246430860672458,1197.069597069597,-1.0,81.59362549800797,0.3035233575174197,
2023-07-31 13:45:52.098000,-9.240963855421688,-3.5180722891566267,-0.26506024096385544,-3.4898835070508887,-9.165542611894542,0.13733905579399142,3.0,0.3052503052503053,3276.0,-37.71831478352077,-16.68713944408834,0.36128430744129164,1183.8827838827838,-1.0,81.59362549800797,0.30353599536182085,
2023-07-31 13:45:52.106000,-9.216867469879519,-3.5180722891566267,-0.22891566265060243,-3.4702636419374615,-9.18270999386879,0.21336603310852237,3.0,0.3052503052503053,3276.0,-37.71831478352077,-16.68713944408834,0.36128430744129164,1172.161172161172,-1.0,81.59362549800797,0.303549289908459,
2023-07-31 13:45:52.114000,-9.228915662650603,-3.5180722891566267,-0.18072289156626506,-3.526670754138565,-9.207234825260576,0.30901287553648066,3.0,0.3052503052503053,3276.0,-38.43587203542916,-19.20622341355399,-0.27993706660450984,1163.3699633699632,-1.0,81.59362549800797,0.30356324526382217,
2023-07-31 13:45:52.121000,-9.204819277108435,-3.5060240963855422,-0.12048192771084337,-3.5168608215818513,-9.099325567136725,0.31882280809319435,3.0,0.3052503052503053,3276.0,-38.9396888293223,-21.969582192179942,-0.8906240895052732,1158.974358974359,-1.0,81.59362549800797,0.30357786412119797,
2023-07-31 13:45:52.129000,-9.168674698795181,-3.4819277108433737,-0.04819277108433735,-3.4604537093807477,-9.15328019619865,0.3654199877375843,3.0,0.3052503052503053,3276.0,-39.39770409649787,-24.54973486393567,-0.9364256162228304,1157.5091575091574,-1.0,81.59362549800797,0.3035931477193268,
2023-07-31 13:45:52.137000,-9.10843373493976,-3.4698795180722892,0.0,-3.4702636419374615,-9.07725321888412,0.41446965052115264,3.0,0.3052503052503053,3276.0,-39.71831478352077,-26.290192879202845,-0.7837538604976396,1156.0439560439559,-1.0,81.59362549800797,0.303609095805862,
2023-07-31 13:45:52.144000,-9.096385542168676,-3.4698795180722892,0.04819277108433735,-3.4530962599632127,-9.033108522378908,0.48313917841814835,3.0,0.3052503052503053,3276.0,-40.40533768428413,-27.03828448225628,-0.47841034904725793,1154.5787545787546,-1.0,81.59362549800797,0.3036257066058774,
2023-07-31 13:45:52.152000,-9.084337349397591,-3.5060240963855422,0.060240963855421686,-3.497240956468424,-9.003678724708767,0.49540159411404044,3.0,0.3052503052503053,3276.0,-41.01602470718489,-27.84744478759979,-0.5089447001922961,1153.8461538461538,-1.0,81.59362549800797,0.30364297679564994,
2023-07-31 13:45:52.160000,-9.060240963855422,-3.530120481927711,0.0963855421686747,-3.536480686695279,-9.025751072961373,0.47332924586143466,3.0,0.3052503052503053,3276.0,-42.05419264611619,-28.0153837188975,-0.2646698910319908,1157.5091575091574,-1.0,81.59362549800797,0.303660901481911,
2023-07-31 13:45:52.167000,-9.036144578313253,-3.5180722891566267,0.0963855421686747,-3.548743102391171,-9.0453709380748,0.5935009196811771,3.0,0.3052503052503053,3276.0,-42.39007050871161,-27.404696695996737,-0.11199813530679993,1161.904761904762,-1.0,81.59362549800797,0.30367947418674585,
2023-07-31 13:45:52.175000,-9.012048192771084,-3.5060240963855422,0.12048192771084337,-3.494788473329246,-8.976701410177805,0.6057633353770693,3.0,0.3048063048063048,3280.7720320466133,-43.09236058504749,-26.58026921508071,0.45288736087640613,1169.230769230769,-1.0,81.59362549800797,0.30369868683828566,
2023-07-31 13:45:52.183000,-8.987951807228916,-3.457831325301205,0.10843373493975904,-3.433476394849785,-8.98405885959534,0.5861434702636419,3.0,0.3052503052503053,3276.0,-43.80991783695588,-25.89324631431735,1.4147194219451085,1180.952380952381,-1.0,81.59362549800797,0.30371852975677055,
2023-07-31 13:45:52.190000,-9.012048192771084,-3.4457831325301207,0.18072289156626506,-3.4310239117106067,-8.971796443899448,0.5787860208461066,3.0,0.3048063048063048,3280.7720320466133,-44.344268981994055,-24.610803566225744,2.407085834158849,1195.6043956043954,-1.0,81.59362549800797,0.3037389916254529,
2023-07-31 13:45:52.198000,-9.012048192771084,-3.433734939759036,0.20481927710843376,-3.396689147762109,-9.001226241569588,0.657265481299816,3.0,0.3052503052503053,3276.0,-45.27556669191772,-23.252024940271546,2.9567041547695356,1212.4542124542124,-1.0,81.59362549800797,0.30376005938131634,
2023-07-31 13:45:52.206000,-9.036144578313253,-3.4457831325301207,0.20481927710843376,-3.438381361128142,-9.003678724708767,0.6474555487431024,3.0,0.3048063048063048,3280.7720320466133,-45.932055241536034,-21.679505856302082,3.323116368509994,1230.7692307692307,-1.0,81.59362549800797,0.3037817183674492,
2023-07-31 13:45:52.213000,-9.060240963855422,-3.4457831325301207,0.16867469879518074,-3.4481912936848556,-9.03065603923973,0.6106683016554261,3.0,0.3052503052503053,3276.0,-46.51220791329176,-20.04591807004254,4.05594079599091,1250.5494505494505,-1.0,81.59362549800797,0.3038039523632236,
2023-07-31 13:45:52.221000,-9.060240963855422,-3.4096385542168677,0.18072289156626506,-3.3795217657878602,-9.096873083997547,0.6253832004904966,3.0,0.3052503052503053,3276.0,-47.06182623390245,-19.86271196317231,4.8040323990443445,1265.2014652014652,-1.0,81.59362549800797,0.3038267435994129,
2023-07-31 13:45:52.229000,-9.096385542168676,-3.397590361445783,0.21686746987951808,-3.3599019006744326,-9.011036174126302,0.6106683016554261,3.0,0.3052503052503053,3276.0,-47.611444554513135,-19.6947730318746,5.5826583532428184,1273.9926739926739,-1.0,81.59362549800797,0.30385007294963984,
2023-07-31 13:45:52.236000,-9.132530120481928,-3.36144578313253,0.16867469879518074,-3.3353770692826483,-9.06008583690987,0.6033108522378908,3.0,0.3052503052503053,3276.0,-48.87862012703222,-19.450498222714295,6.422353009731368,1278.3882783882782,-1.0,81.59362549800797,0.3038739198299337,
2023-07-31 13:45:52.244000,-9.144578313253012,-3.325301204819277,0.18072289156626506,-3.264255058246474,-9.064990803188227,0.5861434702636419,3.0,0.3052503052503053,3276.0,-49.55037585222306,-19.771108909737194,6.987238505914574,1282.051282051282,-1.0,81.59362549800797,0.3038982622429175,
2023-07-31 13:45:52.252000,-9.120481927710843,-3.313253012048193,0.1927710843373494,-3.261802575107296,-9.10668301655426,0.640098099325567,3.0,0.3052503052503053,3276.0,-50.05419264611619,-20.061185245615057,7.70479575782297,1283.5164835164835,-1.0,81.59362549800797,0.3039230768277407,
2023-07-31 13:45:52.259000,-9.132530120481928,-3.325301204819277,0.20481927710843376,-3.2887798896382585,-9.133660331085224,0.6106683016554261,3.0,0.3052503052503053,3276.0,-51.19923081405512,-20.442864634928036,7.933803391410756,1283.5164835164835,-1.0,81.59362549800797,0.3039483389155939,
2023-07-31 13:45:52.267000,-9.19277108433735,-3.325301204819277,0.20481927710843376,-3.2985898221949723,-9.204782342121398,0.6351931330472103,3.0,0.3052503052503053,3276.0,-51.5045743255055,-21.496299749431852,8.01013926927335,1282.7838827838827,-1.0,81.59362549800797,0.30397402259060946,
2023-07-31 13:45:52.275000,-9.253012048192772,-3.289156626506024,0.20481927710843376,-3.2421827099938687,-9.219497240956468,0.6793378295524218,3.0,0.3052503052503053,3276.0,-51.916788065963516,-22.809276848668492,8.987238505914572,1282.051282051282,-1.0,81.59362549800797,0.3040001007559283,
2023-07-31 13:45:52.282000,-9.313253012048193,-3.240963855421687,0.26506024096385544,-3.1686082158185163,-9.270999386879215,0.6989576946658491,3.0,0.3052503052503053,3276.0,-52.17633005069634,-24.488666161645593,9.338383544082511,1279.120879120879,-1.0,81.59362549800797,0.30402654520468614,
2023-07-31 13:45:52.290000,-9.313253012048193,-3.180722891566265,0.22891566265060243,-3.1293684855916615,-9.31023911710607,0.7112201103617413,3.0,0.3052503052503053,3276.0,-52.2221315774139,-26.0153837188975,9.124643086067245,1273.260073260073,-1.0,81.59362549800797,0.3040533266956454,
2023-07-31 13:45:52.298000,-9.325301204819278,-3.132530120481928,0.2530120481927711,-3.0582464745554874,-9.283261802575106,0.6793378295524218,3.0,0.3052503052503053,3276.0,-52.71068119573451,-26.68713944408834,9.628459879960374,1265.9340659340658,-1.0,81.59362549800797,0.30408041503317534,
2023-07-31 13:45:52.305000,-9.216867469879519,-3.1566265060240966,0.3132530120481928,-3.102391171060699,-9.128755364806867,0.7725321888412017,3.0,0.3052503052503053,3276.0,-52.8633529514597,-26.32072723034788,9.903269040265718,1259.3406593406592,-1.0,81.59362549800797,0.30410777915126314,
2023-07-31 13:45:52.313000,-9.168674698795181,-3.096385542168675,0.30120481927710846,-3.0778663396689145,-9.1704475781729,0.7725321888412017,3.0,0.3052503052503053,3276.0,-51.99312394382611,-23.419963871569255,10.941436979197016,1252.7472527472526,-1.0,81.59362549800797,0.3041353872012126,
2023-07-31 13:45:52.321000,-9.168674698795181,-3.1204819277108435,0.28915662650602414,-3.055793991416309,-9.06008583690987,0.7234825260576333,3.0,0.3052503052503053,3276.0,-52.57327661558184,-21.313093642561622,10.36128430744129,1250.5494505494505,-1.0,81.59362549800797,0.3041632066426737,
2023-07-31 13:45:52.328000,-9.168674698795181,-3.072289156626506,0.24096385542168675,-2.9478847332924585,-9.258736971183323,0.7210300429184548,3.0,0.3048063048063048,3280.7720320466133,-52.08472699726123,-18.931414253248647,10.54449041431152,1247.6190476190475,-1.0,81.59362549800797,0.30419120433762376,
2023-07-31 13:45:52.336000,-9.180722891566266,-3.0,0.21686746987951808,-2.9650521152667073,-9.128755364806867,0.6793378295524218,3.0,0.3052503052503053,3276.0,-52.13052852397878,-16.610803566225744,11.246780490647398,1245.4212454212454,-1.0,81.59362549800797,0.3042193466363635,
2023-07-31 13:45:52.344000,-9.204819277108435,-2.963855421686747,0.1566265060240964,-2.920907418761496,-9.143470263641937,0.6768853464132434,3.0,0.3052503052503053,3276.0,-52.420604859856645,-14.88561272653109,10.773498047899306,1240.2930402930401,-1.0,81.59362549800797,0.3042475994445015,
2023-07-31 13:45:52.351000,-9.19277108433735,-2.9397590361445785,0.20481927710843376,-2.9012875536480687,-9.082158185162477,0.5812385039852851,3.0,0.3048063048063048,3280.7720320466133,-52.099994172833746,-13.114620360118876,9.765864460113047,1237.3626373626373,-1.0,81.59362549800797,0.30427592835470885,
2023-07-31 13:45:52.359000,-9.120481927710843,-2.879518072289157,0.18072289156626506,-2.8007357449417536,-9.10668301655426,0.6376456161863887,3.0,0.3052503052503053,3276.0,-52.51220791329176,-12.152788299050172,8.437620185303885,1237.3626373626373,-1.0,81.59362549800797,0.30430429860932867,
2023-07-31 13:45:52.367000,-9.168674698795181,-2.9397590361445785,0.16867469879518074,-2.886572654812998,-9.099325567136725,0.6033108522378908,3.0,0.3052503052503053,3276.0,-53.36716974535283,-11.297826466989104,6.9109026280519785,1244.6886446886447,-1.0,81.59362549800797,0.3043326753300373,
2023-07-31 13:45:52.374000,-9.180722891566266,-2.9036144578313254,0.14457831325301207,-2.8595953402820355,-9.143470263641937,0.5959534028203556,3.0,0.3052503052503053,3276.0,-52.90915447817726,-9.481032573859334,5.1399102616397645,1261.5384615384614,-1.0,81.59362549800797,0.3043610237794769,
2023-07-31 13:45:52.382000,-9.144578313253012,-2.807228915662651,0.13253012048192772,-2.7565910484365417,-9.114040465971796,0.4757817290006131,3.0,0.3052503052503053,3276.0,-52.90915447817726,-9.481032573859334,5.1399102616397645,1292.3076923076922,-1.0,81.59362549800797,0.3043893093250314,
2023-07-31 13:45:52.390000,-9.19277108433735,-2.807228915662651,0.060240963855421686,-2.7958307786633965,-9.18270999386879,0.49785407725321884,3.0,0.3052503052503053,3276.0,-51.80991783695588,-7.511566925004372,6.101742322708467,1339.9267399267399,-1.0,81.59362549800797,0.30441749754093855,
2023-07-31 13:45:52.397000,-9.313253012048193,-2.879518072289157,0.012048192771084338,-2.862047823421214,-9.246474555487431,0.42918454935622313,3.0,0.3052503052503053,3276.0,-53.13816211176504,-6.305460054775364,4.89563545247946,1405.128205128205,-1.0,81.59362549800797,0.3044455543095573,
2023-07-31 13:45:52.405000,-9.373493975903616,-2.91566265060241,-0.03614457831325302,-2.923359901900674,-9.320049049662783,0.3163703249540159,3.0,0.3052503052503053,3276.0,-53.77938348581085,-6.473398986073074,3.2773148417924367,1484.2490842490843,-1.0,81.59362549800797,0.3044734459213609,
2023-07-31 13:45:52.413000,-9.361445783132531,-2.927710843373494,-0.0963855421686747,-2.8375229920294296,-9.322501532801962,0.2869405272838749,3.0,0.3052503052503053,3276.0,-54.08472699726123,-6.381795932637959,1.521589650952742,1575.8241758241757,-1.0,81.59362549800797,0.30450113917323474,
2023-07-31 13:45:52.420000,-9.349397590361447,-2.91566265060241,-0.10843373493975904,-2.916002452483139,-9.258736971183323,0.3163703249540159,3.0,0.3052503052503053,3276.0,-54.32900180642153,-5.984849367752464,0.3307499562962535,1678.3882783882782,-1.0,81.59362549800797,0.30452860146466776,
2023-07-31 13:45:52.428000,-9.337349397590362,-2.963855421686747,-0.13253012048192772,-2.9184549356223175,-9.268546903740036,0.2820355610055181,3.0,0.3052503052503053,3276.0,-54.68014684458947,-6.198589825767731,-0.6310821047724487,1786.080586080586,-1.0,81.59362549800797,0.3045558008914298,
2023-07-31 13:45:52.436000,-9.313253012048193,-3.0120481927710845,-0.14457831325301207,-3.004291845493562,-9.302881667688535,0.2673206621704476,3.0,0.3052503052503053,3276.0,-55.412971272070386,-6.717673795233379,-1.7303187459938227,1887.179487179487,-1.0,81.59362549800797,0.30458270633635237,
2023-07-31 13:45:52.443000,-9.337349397590362,-3.072289156626506,-0.1927710843373494,-3.139178418148375,-9.32495401594114,0.19374616799509503,3.0,0.3052503052503053,3276.0,-55.53510867665054,-6.7940096730959745,-2.157799662024357,1977.2893772893772,-1.0,81.59362549800797,0.3046092875568311,
2023-07-31 13:45:52.451000,-9.337349397590362,-3.108433734939759,-0.22891566265060243,-3.122011036174126,-9.312691600245248,0.2452483139178418,3.0,0.3052503052503053,3276.0,-56.00839111939863,-7.893246314317349,-2.7226851582075633,2049.8168498168498,-1.0,81.59362549800797,0.30463551526869825,
2023-07-31 13:45:52.458000,-9.361445783132531,-3.132530120481928,-0.26506024096385544,-3.0999386879215205,-9.288166768853463,0.20110361741263028,3.0,0.3052503052503053,3276.0,-55.87098653924596,-9.297826466989104,-2.7837538604976397,2103.296703296703,-1.0,81.59362549800797,0.3046613612261211,
2023-07-31 13:45:52.466000,-9.373493975903616,-3.132530120481928,-0.2530120481927711,-3.050889025137952,-9.317596566523605,0.17903126916002451,3.0,0.3052503052503053,3276.0,-56.17633005069634,-10.595536390653226,-2.4173416467571816,2136.263736263736,-1.0,81.59362549800797,0.3046867982972098,
2023-07-31 13:45:52.474000,-9.325301204819278,-3.1204819277108435,-0.20481927710843376,-3.1293684855916615,-9.241569589209075,0.25260576333537704,3.0,0.3052503052503053,3276.0,-56.06945982168871,-12.397063108210478,-2.6768836314900057,2147.9853479853477,-1.0,81.59362549800797,0.30471180053503827,
2023-07-31 13:45:52.481000,-9.240963855421688,-3.1204819277108435,-0.18072289156626506,-3.0950337216431634,-9.209687308399754,0.269773145309626,3.0,0.3048063048063048,3280.7720320466133,-56.39007050871161,-13.297826466989104,-3.3333721811083263,2133.333333333333,-1.0,81.59362549800797,0.30473634324380033,
2023-07-31 13:45:52.489000,-9.180722891566266,-3.144578313253012,-0.16867469879518074,-3.1195585530349477,-9.128755364806867,0.2673206621704476,3.0,0.3052503052503053,3276.0,-56.81755142474214,-13.3741623448517,-3.3181050055358075,2099.6336996336995,781.31103515625,76.79400046871338,0.3047604028905637,
2023-07-31 13:45:52.497000,-9.144578313253012,-3.1566265060240966,-0.1927710843373494,-3.109748620478234,-9.089515634580012,0.2722256284488044,3.0,0.3052503052503053,3276.0,-56.93968882932229,-14.000116543324982,-2.8448225627877157,2048.3516483516482,-1.0,76.79400046871338,0.30478395728839885,
2023-07-31 13:45:52.504000,-9.120481927710843,-3.144578313253012,-0.1566265060240964,-3.156345800122624,-9.084610668301655,0.2673206621704476,3.0,0.3052503052503053,3276.0,-57.03129188275741,-14.519200512790631,-2.539479051337334,1982.4175824175823,-1.0,76.79400046871338,0.30480698580549936,
2023-07-31 13:45:52.512000,-9.132530120481928,-3.168674698795181,-0.14457831325301207,-3.156345800122624,-9.050275904353157,0.3629675045984059,3.0,0.3052503052503053,3276.0,-57.290833867490235,-15.725307383019638,-2.0356622574442045,1905.4945054945053,-1.0,76.79400046871338,0.30482946927072985,
2023-07-31 13:45:52.520000,-9.156626506024097,-3.180722891566265,-0.08433734939759037,-3.156345800122624,-9.07725321888412,0.3237277743715512,3.0,0.3052503052503053,3276.0,-57.59617737894062,-16.54973486393567,-1.6234485169861892,1822.7106227106226,-1.0,76.79400046871338,0.3048513900120931,
2023-07-31 13:45:52.527000,-9.204819277108435,-3.216867469879518,-0.08433734939759037,-3.1980380134886572,-9.221949724095646,0.34334763948497854,3.0,0.3052503052503053,3276.0,-57.94732241710856,-17.34362799370666,-0.9669599673678686,1735.5311355311353,-1.0,76.79400046871338,0.30487273188925956,
2023-07-31 13:45:52.535000,-9.289156626506024,-3.2289156626506026,-0.0963855421686747,-3.2348252605763332,-9.307786633966892,0.3408951563458001,3.0,0.3052503052503053,3276.0,-58.099994172833746,-18.641337917370784,-0.7226851582075633,1648.3516483516482,-1.0,76.79400046871338,0.3048934803200762,
2023-07-31 13:45:52.543000,-9.337349397590362,-3.216867469879518,-0.07228915662650603,-3.1784181483752296,-9.290619251992641,0.3605150214592274,3.0,0.3052503052503053,3276.0,-58.161062875123825,-19.66423868072956,-0.43260882232970066,1568.4981684981683,-1.0,76.79400046871338,0.3049136223010109,
2023-07-31 13:45:52.550000,-9.325301204819278,-3.1566265060240966,-0.024096385542168676,-3.0950337216431634,-9.307786633966892,0.4414469650521152,3.0,0.3052503052503053,3276.0,-58.25266592855894,-21.175689062408953,-0.24940271545947168,1497.4358974358972,-1.0,76.79400046871338,0.30493314642150604,
2023-07-31 13:45:52.558000,-9.265060240963855,-3.144578313253012,0.024096385542168676,-3.13182096873084,-9.302881667688535,0.47332924586143466,3.0,0.3052503052503053,3276.0,-58.68014684458947,-21.648971505157043,0.25441407843365804,1435.8974358974358,-1.0,76.79400046871338,0.3049520428722556,
2023-07-31 13:45:52.566000,-9.253012048192772,-3.132530120481928,0.060240963855421686,-3.1072961373390555,-9.29307173513182,0.4537093807480073,3.0,0.3048063048063048,3280.7720320466133,-58.970223180467336,-22.137521123477654,0.9414369791970169,1383.8827838827838,-1.0,76.79400046871338,0.3049703034474434,
2023-07-31 13:45:52.573000,-9.27710843373494,-3.096385542168675,0.08433734939759037,-3.102391171060699,-9.302881667688535,0.5150214592274678,3.0,0.3052503052503053,3276.0,-59.03129188275741,-23.419963871569255,1.5673911776702993,1339.194139194139,-1.0,76.79400046871338,0.30498792153046395,
2023-07-31 13:45:52.581000,-9.27710843373494,-3.0843373493975905,0.13253012048192772,-3.0705088902513795,-9.302881667688535,0.615573267933783,3.0,0.3052503052503053,3276.0,-59.30610104306275,-23.740574558592158,1.9796049181283144,1301.8315018315018,-1.0,76.79400046871338,0.3050048921913521,
2023-07-31 13:45:52.589000,-9.289156626506024,-3.060240963855422,0.20481927710843376,-3.0484365419987736,-9.256284488044145,0.6597179644389944,3.0,0.3052503052503053,3276.0,-59.30610104306275,-24.626070741798266,2.254414078433658,1271.7948717948716,-1.0,76.79400046871338,0.3050212120436164,
2023-07-31 13:45:52.596000,-9.313253012048193,-3.0481927710843375,0.22891566265060243,-3.1171060698957693,-9.197424892703863,0.703862660944206,3.0,0.3048063048063048,3280.7720320466133,-59.672513256803214,-25.450498222714295,2.605559116601597,1245.4212454212454,-1.0,76.79400046871338,0.3050368791058247,
2023-07-31 13:45:52.604000,-9.289156626506024,-3.060240963855422,0.2530120481927711,-3.0459840588595952,-9.219497240956468,0.7136725935009196,3.0,0.3048063048063048,3280.7720320466133,-59.611444554513135,-26.091719596760097,2.666627818891673,1221.9780219780218,-1.0,76.79400046871338,0.30505189277464323,
2023-07-31 13:45:52.612000,-9.228915662650603,-3.036144578313253,0.30120481927710846,-2.9895769466584916,-9.190067443286328,0.7700797057020232,3.0,0.3048063048063048,3280.7720320466133,-59.56564302779558,-26.274925703630323,2.9414369791970167,1201.4652014652013,-1.0,76.79400046871338,0.3050662537707866,
2023-07-31 13:45:52.619000,-9.144578313253012,-3.0481927710843375,0.28915662650602414,-3.0361741263028814,-9.141017780502759,0.7700797057020232,3.0,0.3048063048063048,3280.7720320466133,-59.5809102033681,-25.81691043645475,3.0635743837771696,1183.8827838827838,-1.0,76.79400046871338,0.3050799642389253,
2023-07-31 13:45:52.627000,-9.10843373493976,-3.036144578313253,0.3132530120481928,-2.9699570815450644,-9.101778050275904,0.6940527283874923,3.0,0.3048063048063048,3280.7720320466133,-59.8251850125284,-24.35126158149292,3.323116368509994,1169.9633699633698,-1.0,76.79400046871338,0.30509302770392216,
2023-07-31 13:45:52.635000,-9.072289156626507,-3.024096385542169,0.30120481927710846,-2.982219497240956,-9.0453709380748,0.7161250766400981,3.0,0.3048063048063048,3280.7720320466133,-59.855719363673444,-23.175689062408953,3.6284598799603756,1159.7069597069597,-1.0,76.79400046871338,0.3051054490224361,
2023-07-31 13:45:52.642000,-9.060240963855422,-3.0120481927710845,0.26506024096385544,-3.0190067443286326,-9.001226241569588,0.7700797057020232,3.0,0.3043623043623043,3285.5579868708974,-59.901520890391,-21.313093642561622,3.903269040265719,1157.5091575091574,-1.0,76.79400046871338,0.3051172344689368,
2023-07-31 13:45:52.650000,-9.10843373493976,-2.9759036144578315,0.28915662650602414,-2.942979767014102,-9.099325567136725,0.6793378295524218,3.0,0.3048063048063048,3280.7720320466133,-60.05419264611619,-19.587902802866967,3.903269040265719,1160.4395604395604,-1.0,76.79400046871338,0.3051283913705271,
2023-07-31 13:45:52.658000,-9.10843373493976,-2.9759036144578315,0.27710843373493976,-2.950337216431637,-9.07725321888412,0.6842427958307786,3.0,0.3048063048063048,3280.7720320466133,-60.05419264611619,-19.587902802866967,3.903269040265719,1169.230769230769,-1.0,76.79400046871338,0.3051389280463136,
2023-07-31 13:45:52.665000,-9.144578313253012,-2.9397590361445785,0.24096385542168675,-2.942979767014102,-9.133660331085224,0.6670754138565297,3.0,0.3048063048063048,3280.7720320466133,-59.76411631023833,-17.84744478759979,4.05594079599091,1178.7545787545787,-1.0,76.79400046871338,0.30514885405166897,
2023-07-31 13:45:52.673000,-9.216867469879519,-2.9759036144578315,0.20481927710843376,-2.9282648681790313,-9.199877375843041,0.6621704475781729,3.0,0.3048063048063048,3280.7720320466133,-60.00839111939863,-16.442864634928036,3.949070566983276,1192.6739926739926,-1.0,76.79400046871338,0.30515817997236017,
2023-07-31 13:45:52.681000,-9.253012048192772,-2.951807228915663,0.20481927710843376,-2.94543225015328,-9.18270999386879,0.6302881667688535,3.0,0.3048063048063048,3280.7720320466133,-60.161062875123825,-15.816910436454753,3.5826583532428184,1208.7912087912086,-1.0,76.79400046871338,0.3051669173548397,
2023-07-31 13:45:52.688000,-9.27710843373494,-2.9397590361445785,0.18072289156626506,-2.903740036787247,-9.234212139791538,0.5935009196811771,3.0,0.3048063048063048,3280.7720320466133,-60.13052852397878,-15.603169978439485,3.368917895227551,1227.8388278388277,-1.0,76.79400046871338,0.30517507863433146,
2023-07-31 13:45:52.696000,-9.289156626506024,-2.951807228915663,0.10843373493975904,-2.950337216431637,-9.295524218270998,0.5370938074800735,3.0,0.3048063048063048,3280.7720320466133,-60.57327661558184,-15.114620360118876,3.2620476662199174,1249.084249084249,-1.0,76.79400046871338,0.3051826770611091,
2023-07-31 13:45:52.704000,-9.289156626506024,-2.9397590361445785,0.060240963855421686,-2.9086450030656037,-9.275904353157571,0.5591661557326794,3.0,0.3048063048063048,3280.7720320466133,-60.75648272245207,-15.252024940271546,2.8651011013344214,1273.9926739926739,-1.0,76.79400046871338,0.30518972662535565,
2023-07-31 13:45:52.711000,-9.325301204819278,-2.9397590361445785,0.060240963855421686,-2.9282648681790313,-9.322501532801962,0.5174739423666462,3.0,0.3048063048063048,3280.7720320466133,-61.07709340947497,-14.900879902103608,3.002505681487093,1300.3663003663003,-1.0,76.79400046871338,0.30519624198100287,
2023-07-31 13:45:52.719000,-9.325301204819278,-2.927710843373494,0.012048192771084338,-2.913549969343961,-9.332311465358675,0.3825873697118332,3.0,0.3048063048063048,3280.7720320466133,-61.36716974535283,-15.603169978439485,2.5597575898840397,1323.076923076923,-1.0,76.79400046871338,0.3052022383689457,
2023-07-31 13:45:52.727000,-9.313253012048193,-2.91566265060241,-0.012048192771084338,-2.89883507050889,-9.241569589209075,0.4316370324954016,3.0,0.3048063048063048,3280.7720320466133,-61.932055241536034,-15.450498222714295,2.5750247654565586,1340.6593406593406,-1.0,76.79400046871338,0.3052077316787703,
2023-07-31 13:45:52.734000,-9.337349397590362,-2.891566265060241,0.0,-2.8645003065603922,-9.327406499080318,0.4071122011036174,3.0,0.3048063048063048,3280.7720320466133,-62.17633005069634,-15.54210127614941,2.3612843074412915,1351.6483516483515,-1.0,76.79400046871338,0.30521273821275846,
2023-07-31 13:45:52.742000,-9.421686746987952,-2.879518072289157,-0.024096385542168676,-2.8841201716738194,-9.391171060698957,0.42427958307786634,3.0,0.3048063048063048,3280.7720320466133,-62.40533768428413,-16.412330283782996,2.422353009731368,1358.974358974359,-1.0,76.79400046871338,0.3052172744819372,
2023-07-31 13:45:52.750000,-9.44578313253012,-2.783132530120482,-0.03614457831325302,-2.771305947271612,-9.516247700797056,0.4659717964438994,3.0,0.3048063048063048,3280.7720320466133,-62.77174989802459,-18.763475321950935,3.0483072082046503,1362.6373626373625,-1.0,76.79400046871338,0.30522135727973965,
2023-07-31 13:45:52.757000,-9.530120481927712,-2.807228915662651,0.024096385542168676,-2.7467811158798283,-9.584917228694053,0.4782342121397915,3.0,0.3048063048063048,3280.7720320466133,-62.35953615756657,-21.114620360118874,4.300215605151215,1364.102564102564,-1.0,76.79400046871338,0.3052250036076308,
2023-07-31 13:45:52.765000,-9.55421686746988,-2.7590361445783134,0.060240963855421686,-2.768853464132434,-9.614347026364193,0.5567136725935009,3.0,0.3048063048063048,3280.7720320466133,-62.57327661558184,-23.71004020744712,4.4681545364489255,1364.8351648351647,-1.0,76.79400046871338,0.3052282306023397,
2023-07-31 13:45:52.773000,-9.566265060240964,-2.734939759036145,0.18072289156626506,-2.6535867565910483,-9.567749846719803,0.598405885959534,3.0,0.3048063048063048,3280.7720320466133,-61.5045743255055,-25.755841734164676,4.956704154769536,1361.904761904762,-1.0,76.79400046871338,0.3052310554650303,
2023-07-31 13:45:52.780000,-9.55421686746988,-2.746987951807229,0.20481927710843376,-2.7786633966891476,-9.50889025137952,0.6866952789699571,3.0,0.3048063048063048,3280.7720320466133,-60.95495600489482,-27.755841734164676,5.323116368509994,1355.3113553113553,-1.0,76.79400046871338,0.3052334953927205,
2023-07-31 13:45:52.788000,-9.506024096385543,-2.7228915662650603,0.24096385542168675,-2.751686082158185,-9.450030656039239,0.7798896382587369,3.0,0.3043623043623043,3285.5579868708974,-60.237398752986415,-29.38942952042422,4.636093467746635,1341.3919413919414,-1.0,76.79400046871338,0.3052355675122541,
2023-07-31 13:45:52.796000,-9.421686746987952,-2.674698795180723,0.3253012048192771,-2.6535867565910483,-9.410790925812385,0.7995095033721643,3.0,0.3048063048063048,3280.7720320466133,-59.27556669191772,-29.19095623798147,4.437620185303887,1323.8095238095236,-1.0,76.79400046871338,0.3052372888065492,
2023-07-31 13:45:52.803000,-9.373493975903616,-2.63855421686747,0.3132530120481928,-2.5652973635806253,-9.317596566523605,0.8289393010423053,3.0,0.3048063048063048,3280.7720320466133,-58.161062875123825,-28.595536390653226,4.926169803624497,1304.0293040293038,-1.0,76.79400046871338,0.30523867616150857,
2023-07-31 13:45:52.811000,-9.313253012048193,-2.6506024096385543,0.3855421686746988,-2.5898221949724096,-9.212139791538933,0.8828939301042305,3.0,0.3043623043623043,3285.5579868708974,-58.05419264611619,-27.481032573859334,3.6437270555328944,1282.051282051282,-1.0,76.79400046871338,0.3052397463201477,
2023-07-31 13:45:52.819000,-9.216867469879519,-2.6867469879518073,0.42168674698795183,-2.611894543225015,-9.21704475781729,0.8534641324340895,3.0,0.3048063048063048,3280.7720320466133,-57.30610104306275,-24.442864634928036,2.666627818891673,1255.6776556776556,-1.0,76.79400046871338,0.3052405154034228,
2023-07-31 13:45:52.826000,-9.180722891566266,-2.63855421686747,0.4096385542168675,-2.6658491722869404,-9.052728387492335,0.9098712446351931,3.0,0.3043623043623043,3285.5579868708974,-56.77174989802459,-21.02301730668376,2.666627818891673,1230.03663003663,-1.0,76.79400046871338,0.30524099900916285,
2023-07-31 13:45:52.834000,-9.144578313253012,-2.662650602409639,0.3734939759036145,-2.6192519926425506,-9.062538320049049,0.762722256284488,3.0,0.3043623043623043,3285.5579868708974,-55.87098653924596,-17.3741623448517,1.4299865975176276,1203.6630036630036,-1.0,76.79400046871338,0.3052412123245215,
2023-07-31 13:45:52.841000,-9.10843373493976,-2.674698795180723,0.3373493975903615,-2.6781115879828326,-9.057633353770692,0.8534641324340895,3.0,0.3048063048063048,3280.7720320466133,-55.48930714993298,-13.267292115844066,0.42235300973136797,1179.4871794871794,-1.0,76.79400046871338,0.30524117006144313,
2023-07-31 13:45:52.849000,-9.072289156626507,-2.6867469879518073,0.30120481927710846,-2.641324340895156,-9.006131207847945,0.7210300429184548,3.0,0.3048063048063048,3280.7720320466133,-55.290833867490235,-9.114620360118876,-1.2723034788182503,1157.5091575091574,-1.0,76.79400046871338,0.3052408865453763,
2023-07-31 13:45:52.857000,-9.060240963855422,-2.734939759036145,0.24096385542168675,-2.7198038013488657,-8.964438994481913,0.6842427958307786,3.0,0.3043623043623043,3285.5579868708974,-55.27556669191772,-4.809276848668494,-2.6158149291999298,1137.7289377289376,-1.0,76.79400046871338,0.30524037571212664,
2023-07-31 13:45:52.864000,-9.132530120481928,-2.783132530120482,0.18072289156626506,-2.79092581238504,-9.101778050275904,0.6204782342121398,3.0,0.3048063048063048,3280.7720320466133,-55.09236058504749,-1.6337043295845244,-3.547112639123594,1123.8095238095236,-1.0,76.79400046871338,0.305239650918184,
2023-07-31 13:45:52.872000,-9.180722891566266,-2.819277108433735,0.07228915662650603,-2.803188228080932,-9.101778050275904,0.49785407725321884,3.0,0.3043623043623043,3285.5579868708974,-55.19923081405512,0.6869063574383761,-5.195967600955655,1113.5531135531135,-1.0,76.79400046871338,0.30523872489395343,
2023-07-31 13:45:52.880000,-9.180722891566266,-2.8674698795180724,-0.024096385542168676,-2.8473329245861434,-9.118945432250152,0.44880441446965047,3.0,0.3043623043623043,3285.5579868708974,-55.168696462910084,4.183089563545246,-6.005127906299166,1107.6923076923076,-1.0,76.79400046871338,0.30523760973268155,
2023-07-31 13:45:52.887000,-9.168674698795181,-2.9036144578313254,-0.04819277108433735,-2.874310239117106,-9.15328019619865,0.328632740649908,3.0,0.3043623043623043,3285.5579868708974,-54.87862012703222,7.144921624613948,-6.249402715459471,1106.227106227106,-1.0,76.79400046871338,0.305236316713094,
2023-07-31 13:45:52.895000,-9.253012048192772,-2.927710843373494,-0.1927710843373494,-2.881667688534641,-9.148375229920294,0.21091354996934394,3.0,0.3043623043623043,3285.5579868708974,-54.89388730260474,6.610570479575781,-6.722685158207563,1109.1575091575091,-1.0,76.79400046871338,0.30523485642385995,
2023-07-31 13:45:52.903000,-9.313253012048193,-2.963855421686747,-0.30120481927710846,-2.89883507050889,-9.332311465358675,0.11281422440220723,3.0,0.3048063048063048,3280.7720320466133,-55.32136821863527,6.931181166598681,-7.043295845230464,1114.2857142857142,-1.0,76.79400046871338,0.30523323861446433,
2023-07-31 13:45:52.910000,-9.361445783132531,-2.963855421686747,-0.39759036144578314,-2.9282648681790313,-9.33966891477621,0.019619865113427344,3.0,0.3043623043623043,3285.5579868708974,-55.412971272070386,6.915913991026162,-7.165433249810617,1120.8791208791208,-1.0,76.79400046871338,0.30523147249708626,
2023-07-31 13:45:52.918000,-9.3855421686747,-2.9397590361445785,-0.46987951807228917,-2.9552421827099935,-9.35683629675046,-0.04414469650521152,3.0,0.3043623043623043,3285.5579868708974,-55.13816211176504,5.160188800186468,-7.4249752345434405,1128.937728937729,-1.0,76.79400046871338,0.30522956660525125,
2023-07-31 13:45:52.926000,-9.409638554216867,-2.951807228915663,-0.5180722891566265,-2.962599632127529,-9.31023911710607,-0.1079092581238504,3.0,0.3043623043623043,3285.5579868708974,-55.977856768253595,2.3968300215605134,-6.707417982635044,1139.9267399267399,-1.0,76.79400046871338,0.30522752864577984,
2023-07-31 13:45:52.933000,-9.493975903614459,-3.072289156626506,-0.5421686746987953,-3.0901287553648067,-9.435315757204169,-0.07357449417535254,3.0,0.3043623043623043,3285.5579868708974,-55.977856768253595,2.3968300215605134,-6.707417982635044,1154.5787545787546,-1.0,76.79400046871338,0.30522536576990406,
2023-07-31 13:45:52.941000,-9.530120481927712,-3.216867469879518,-0.5783132530120483,-3.2397302268546904,-9.523605150214593,-0.14469650521152666,3.0,0.30391830391830393,3290.3579254930605,-56.37480333313909,-0.045918070042539824,-7.379173707825884,1170.6959706959706,-1.0,76.79400046871338,0.3052230844323025,
2023-07-31 13:45:52.949000,-9.55421686746988,-3.253012048192771,-0.5783132530120483,-3.2887798896382585,-9.489270386266094,-0.08338442673206621,3.0,0.3043623043623043,3285.5579868708974,-56.5427422644368,-4.320727230347883,-8.157799662024358,1189.7435897435896,-1.0,76.79400046871338,0.3052206903920923,
2023-07-31 13:45:52.956000,-9.493975903614459,-3.180722891566265,-0.5421686746987953,-3.1931330472103,-9.49662783568363,-0.0809319435928878,3.0,0.3043623043623043,3285.5579868708974,-56.71068119573451,-9.755841734164678,-9.043295845230464,1210.2564102564102,-1.0,76.79400046871338,0.30521818869569567,
2023-07-31 13:45:52.964000,-9.457831325301205,-3.1566265060240966,-0.44578313253012053,-3.102391171060699,-9.450030656039239,0.0539546290619252,3.0,0.3043623043623043,3285.5579868708974,-57.21449798962764,-15.633704329584525,-9.043295845230464,1230.7692307692307,-1.0,76.79400046871338,0.3052155837255891,
2023-07-31 13:45:52.972000,-9.433734939759036,-3.096385542168675,-0.3734939759036145,-3.092581238503985,-9.427958307786634,0.04414469650521152,3.0,0.3043623043623043,3285.5579868708974,-56.787017073597106,-21.02301730668376,-8.524211875764816,1248.3516483516482,-1.0,76.79400046871338,0.30521287923054247,
2023-07-31 13:45:52.979000,-9.44578313253012,-3.132530120481928,-0.30120481927710846,-3.072961373390558,-9.398528510116492,0.12017167381974249,3.0,0.3043623043623043,3285.5579868708974,-57.32136821863527,-25.908513489889867,-7.730318745993823,1265.9340659340658,-1.0,76.79400046871338,0.30521007834776254,
2023-07-31 13:45:52.987000,-9.46987951807229,-3.144578313253012,-0.20481927710843376,-3.13182096873084,-9.43286327406499,0.2820355610055181,3.0,0.3043623043623043,3285.5579868708974,-57.5809102033681,-30.183322650195212,-6.783753860497639,1279.8534798534797,-1.0,76.79400046871338,0.30520718362727633,
2023-07-31 13:45:52.995000,-9.481927710843374,-3.132530120481928,-0.10843373493975904,-3.1244635193133043,-9.393623543838135,0.3654199877375843,3.0,0.3043623043623043,3285.5579868708974,-57.229765165200156,-34.641337917370784,-5.882990501719013,1285.7142857142856,-1.0,76.79400046871338,0.30520419705832935,
2023-07-31 13:45:53.002000,-9.457831325301205,-3.096385542168675,-0.03614457831325302,-3.0827713059472717,-9.474555487431024,0.4880441446965052,3.0,0.3043623043623043,3285.5579868708974,-56.93968882932229,-38.29019287920285,-4.76848668492512,1288.6446886446886,-1.0,76.79400046871338,0.3052011200975799,
2023-07-31 13:45:53.010000,-9.397590361445783,-3.0481927710843375,0.12048192771084337,-2.99202942979767,-9.337216431637032,0.5738810545677498,3.0,0.3043623043623043,3285.5579868708974,-56.55800944000932,-41.92378066546239,-3.6692500437037463,1291.5750915750914,-1.0,76.79400046871338,0.3051979536988543,
2023-07-31 13:45:53.018000,-9.265060240963855,-3.024096385542169,0.22891566265060243,-2.9576946658491723,-9.258736971183323,0.6940527283874923,3.0,0.3043623043623043,3285.5579868708974,-56.14579569955131,-43.64897150515704,-2.7990210360701586,1294.5054945054944,-1.0,76.79400046871338,0.30519469834423774,
2023-07-31 13:45:53.025000,-9.180722891566266,-2.963855421686747,0.28915662650602414,-2.913549969343961,-9.131207847946046,0.7774371551195585,3.0,0.3043623043623043,3285.5579868708974,-55.94732241710856,-43.175689062408956,-1.4860439368335174,1297.4358974358975,-1.0,76.79400046871338,0.3051913540762613,
2023-07-31 13:45:53.033000,-9.060240963855422,-2.9036144578313254,0.3253012048192771,-2.8669527896995706,-9.035561005518087,0.7823421213979154,3.0,0.3043623043623043,3285.5579868708974,-55.5045743255055,-40.39706310821048,0.010139269273352732,1300.3663003663003,-1.0,76.79400046871338,0.3051879205309607,
2023-07-31 13:45:53.041000,-8.987951807228916,-2.855421686746988,0.3253012048192771,-2.7762109135499693,-8.915389331698345,0.7970570202329859,3.0,0.3043623043623043,3285.5579868708974,-55.12289493619252,-36.30546005477537,0.8040323990443451,1299.6336996336995,-1.0,76.79400046871338,0.30518439697157357,
2023-07-31 13:45:53.048000,-8.963855421686748,-2.783132530120482,0.3493975903614458,-2.7369711833231145,-8.966891477621092,0.8779889638258737,3.0,0.3043623043623043,3285.5579868708974,-54.40533768428413,-31.984849367752467,1.9796049181283144,1297.4358974358975,-1.0,76.79400046871338,0.30518078232264795,
2023-07-31 13:45:53.056000,-8.963855421686748,-2.7228915662650603,0.3614457831325301,-2.6609442060085837,-8.866339668914776,0.7553648068669527,3.0,0.3043623043623043,3285.5579868708974,-53.70304760794825,-27.34362799370666,2.452887360876406,1291.5750915750914,-1.0,76.79400046871338,0.3051770750655949,
2023-07-31 13:45:53.064000,-8.975903614457831,-2.698795180722892,0.3734939759036145,-2.6266094420600856,-8.920294297976701,0.8559166155732679,3.0,0.3043623043623043,3285.5579868708974,-53.611444554513135,-21.52683410057689,1.903269040265719,1282.7838827838827,-1.0,76.79400046871338,0.3051732734320945,
2023-07-31 13:45:53.071000,-8.975903614457831,-2.602409638554217,0.3614457831325301,-2.5554874310239115,-9.023298589822195,0.8657265481299815,3.0,0.3043623043623043,3285.5579868708974,-53.107627760620005,-16.152788299050172,0.6666278188916733,1268.131868131868,-1.0,76.79400046871338,0.30516937556575613,
2023-07-31 13:45:53.079000,-9.024096385542169,-2.5783132530120483,0.3373493975903615,-2.575107296137339,-9.023298589822195,0.7700797057020232,3.0,0.3043623043623043,3285.5579868708974,-52.72594837130703,-12.412330283782998,1.4757881242351847,1251.2820512820513,-1.0,76.79400046871338,0.30516537940663757,
2023-07-31 13:45:53.087000,-9.168674698795181,-2.7228915662650603,0.3253012048192771,-2.739423666462293,-9.028203556100552,0.7357449417535254,3.0,0.30391830391830393,3290.3579254930605,-53.977856768253595,-9.145154711263913,1.6589942311054138,1234.4322344322343,-1.0,76.79400046871338,0.3051612827244379,
2023-07-31 13:45:53.094000,-9.168674698795181,-2.674698795180723,0.21686746987951808,-2.5849172286940525,-9.20232985898222,0.6793378295524218,3.0,0.30391830391830393,3290.3579254930605,-54.19159722626886,-6.061185245615059,-0.9669599673678686,1219.047619047619,-1.0,76.79400046871338,0.30515708300159444,
2023-07-31 13:45:53.102000,-9.216867469879519,-2.626506024096386,0.18072289156626506,-2.5971796443899446,-9.192519926425506,0.5812385039852851,3.0,0.30391830391830393,3290.3579254930605,-53.474039974360466,-3.4962997494318526,-0.24940271545947168,1208.058608058608,-1.0,76.79400046871338,0.30515277744282643,
2023-07-31 13:45:53.110000,-9.289156626506024,-2.63855421686747,0.14457831325301207,-2.692826486817903,-9.229307173513181,0.5248313917841815,3.0,0.3043623043623043,3285.5579868708974,-54.93968882932229,-2.1985898257677308,0.25441407843365804,1200.0,-1.0,76.79400046871338,0.30514836314248905,
2023-07-31 13:45:53.117000,-9.265060240963855,-2.734939759036145,0.04819277108433735,-2.6977314530962597,-9.234212139791538,0.45616186388718577,3.0,0.3043623043623043,3285.5579868708974,-56.39007050871161,-1.4046966959967382,-1.058563020802983,1196.3369963369962,-1.0,76.79400046871338,0.3051438369835149,
2023-07-31 13:45:53.125000,-9.301204819277109,-2.855421686746988,-0.012048192771084338,-2.9012875536480687,-9.24892703862661,0.3973022685469037,3.0,0.30391830391830393,3290.3579254930605,-56.63434531787191,0.18308956354524644,-1.959326379581609,1199.2673992673992,-1.0,76.79400046871338,0.30513919558687014,
2023-07-31 13:45:53.133000,-9.301204819277109,-2.891566265060241,-0.10843373493975904,-2.9012875536480687,-9.290619251992641,0.29429797670141017,3.0,0.3043623043623043,3285.5579868708974,-57.168696462910084,-0.13752112347765433,-2.2036011887419145,1210.989010989011,-1.0,76.79400046871338,0.3051344352267047,
2023-07-31 13:45:53.140000,-9.325301204819278,-2.927710843373494,-0.13253012048192772,-2.916002452483139,-9.266094420600858,0.24279583077866337,3.0,0.30391830391830393,3290.3579254930605,-57.168696462910084,-0.9008799021036085,-2.524211875764815,1238.095238095238,-1.0,76.79400046871338,0.3051295521479306,
2023-07-31 13:45:53.148000,-9.349397590361447,-2.927710843373494,-0.18072289156626506,-2.8497854077253217,-9.349478847332923,0.20846106683016552,3.0,0.30391830391830393,3290.3579254930605,-57.5809102033681,-3.0993531845463567,-3.3028378299632886,1283.5164835164835,-1.0,76.79400046871338,0.3051245427432764,
2023-07-31 13:45:53.156000,-9.373493975903616,-2.9397590361445785,-0.1927710843373494,-2.8792152053954627,-9.307786633966892,0.18884120171673818,3.0,0.30391830391830393,3290.3579254930605,-57.53510867665054,-5.03828448225628,-3.6692500437037463,1352.3809523809523,-1.0,76.79400046871338,0.3051194032709079,
2023-07-31 13:45:53.163000,-9.325301204819278,-2.9759036144578315,-0.28915662650602414,-2.974862047823421,-9.317596566523605,0.16676885346413242,3.0,0.30391830391830393,3290.3579254930605,-57.39770409649787,-6.610803566225746,-3.974593555154128,1443.2234432234432,-1.0,76.79400046871338,0.30511413002787585,
2023-07-31 13:45:53.171000,-9.301204819277109,-2.987951807228916,-0.3132530120481928,-2.9969343960760266,-9.285714285714285,0.15695892090741875,3.0,0.3043623043623043,3285.5579868708974,-57.351902569780314,-8.488666161645593,-4.157799662024357,1549.4505494505493,-1.0,76.79400046871338,0.3051087195112047,
2023-07-31 13:45:53.179000,-9.240963855421688,-3.024096385542169,-0.3614457831325301,-3.004291845493562,-9.226854690374003,0.1079092581238504,3.0,0.3043623043623043,3285.5579868708974,-56.90915447817726,-9.832177612027273,-3.791387448283899,1667.3992673992673,-1.0,76.79400046871338,0.30510316857792225,
2023-07-31 13:45:53.186000,-9.216867469879519,-3.036144578313253,-0.3734939759036145,-3.026364193746168,-9.204782342121398,0.1079092581238504,3.0,0.30391830391830393,3290.3579254930605,-56.52747508886428,-11.755841734164676,-3.989860730726647,1789.0109890109889,-1.0,76.79400046871338,0.3050974744765879,
2023-07-31 13:45:53.194000,-9.216867469879519,-3.0120481927710845,-0.3855421686746988,-3.0484365419987736,-9.185162477007971,0.03923973022685469,3.0,0.30391830391830393,3290.3579254930605,-56.31373463084901,-13.969582192179944,-4.035662257444204,1909.1575091575091,-1.0,76.79400046871338,0.3050916345694834,
2023-07-31 13:45:53.202000,-9.228915662650603,-3.0120481927710845,-0.3734939759036145,-3.026364193746168,-9.209687308399754,0.06621704475781728,3.0,0.30391830391830393,3290.3579254930605,-56.19159722626886,-16.290192879202845,-3.6997843948487845,2018.3150183150183,-1.0,76.79400046871338,0.30508564632004376,
2023-07-31 13:45:53.209000,-9.27710843373494,-3.0120481927710845,-0.3132530120481928,-3.0410790925812385,-9.26364193746168,0.12017167381974249,3.0,0.30391830391830393,3290.3579254930605,-56.19159722626886,-16.290192879202845,-3.6997843948487845,2110.6227106227107,-1.0,76.79400046871338,0.30507950729953187,
2023-07-31 13:45:53.217000,-9.313253012048193,-3.0,-0.30120481927710846,-3.0165542611894542,-9.312691600245248,0.18148375229920294,3.0,0.3043623043623043,3285.5579868708974,-56.35953615756657,-18.137521123477654,-3.6539828681312274,2182.4175824175823,-1.0,76.79400046871338,0.30507321521295605,
2023-07-31 13:45:53.224000,-9.3855421686747,-3.0,-0.27710843373493976,-3.033721643163703,-9.378908645003065,0.1496014714898835,3.0,0.30391830391830393,3290.3579254930605,-56.08472699726123,-19.66423868072956,-3.1501660742380975,2230.03663003663,-1.0,76.79400046871338,0.30506676820076145,
2023-07-31 13:45:53.232000,-9.397590361445783,-2.963855421686747,-0.22891566265060243,-2.9307173513182097,-9.391171060698957,0.17903126916002451,3.0,0.30391830391830393,3290.3579254930605,-55.74884913466581,-20.641337917370784,-2.737952333780082,2249.8168498168498,-1.0,76.79400046871338,0.30506016485234055,
2023-07-31 13:45:53.240000,-9.397590361445783,-2.927710843373494,-0.1927710843373494,-2.89883507050889,-9.396076026977314,0.2452483139178418,3.0,0.3043623043623043,3285.5579868708974,-55.76411631023833,-22.290192879202845,-2.7532195093526015,2244.6886446886447,-1.0,76.79400046871338,0.3050534038892374,
2023-07-31 13:45:53.247000,-9.349397590361447,-2.879518072289157,-0.14457831325301207,-2.8718577559779277,-9.241569589209075,0.2575107296137339,3.0,0.30391830391830393,3290.3579254930605,-55.733581959093286,-22.809276848668492,-1.8371889750014563,2211.7216117216117,-1.0,76.79400046871338,0.3050464843261462,
2023-07-31 13:45:53.255000,-9.265060240963855,-2.8674698795180724,-0.12048192771084337,-2.798283261802575,-9.244022072348253,0.3261802575107296,3.0,0.30391830391830393,3290.3579254930605,-56.00839111939863,-23.740574558592158,-1.928792028436571,2156.776556776557,781.31103515625,76.79400046871338,0.3050394056310342,
2023-07-31 13:45:53.263000,-9.228915662650603,-2.855421686746988,-0.10843373493975904,-2.832618025751073,-9.16799509503372,0.39239730226854685,3.0,0.30391830391830393,3290.3579254930605,-56.099994172833746,-22.977215779966205,-1.2417691276732121,2084.2490842490843,-1.0,76.79400046871338,0.3050321674057294,
2023-07-31 13:45:53.270000,-9.204819277108435,-2.8313253012048194,-0.060240963855421686,-2.773758430410791,-9.1704475781729,0.3825873697118332,3.0,0.30391830391830393,3290.3579254930605,-55.855719363673444,-21.81691043645475,-0.8600897383602351,1997.069597069597,-1.0,76.79400046871338,0.30502476939507744,
2023-07-31 13:45:53.278000,-9.216867469879519,-2.7951807228915664,-0.012048192771084338,-2.8252605763335374,-9.209687308399754,0.40220723482526055,3.0,0.30391830391830393,3290.3579254930605,-55.794650661383365,-20.961948604393683,-0.4020744711846625,1898.168498168498,-1.0,76.79400046871338,0.30501721163327106,
2023-07-31 13:45:53.286000,-9.228915662650603,-2.771084337349398,-0.012048192771084338,-2.7271612507664007,-9.212139791538933,0.45616186388718577,3.0,0.30391830391830393,3290.3579254930605,-55.68778043237573,-19.679505856302082,-0.08146378416176177,1795.6043956043954,-1.0,76.79400046871338,0.30500949444013087,
2023-07-31 13:45:53.293000,-9.216867469879519,-2.7590361445783134,0.012048192771084338,-2.6732066217044754,-9.150827713059472,0.46842427958307786,3.0,0.3043623043623043,3285.5579868708974,-54.83281860031466,-19.129887535691395,-0.3562729444671053,1693.040293040293,-1.0,76.79400046871338,0.3050016184166687,
2023-07-31 13:45:53.301000,-9.265060240963855,-2.746987951807229,0.024096385542168676,-2.633966891477621,-9.241569589209075,0.46106683016554256,3.0,0.30391830391830393,3290.3579254930605,-54.283200279703976,-18.38179593263796,-0.43260882232970066,1596.3369963369962,-1.0,76.79400046871338,0.3049935845892735,
2023-07-31 13:45:53.309000,-9.240963855421688,-2.7228915662650603,0.012048192771084338,-2.675659104843654,-9.229307173513181,0.49540159411404044,3.0,0.30391830391830393,3290.3579254930605,-54.741215546879545,-18.22912417691277,-0.7074179826350442,1509.1575091575091,-1.0,76.79400046871338,0.304985394276553,
2023-07-31 13:45:53.316000,-9.301204819277109,-2.7951807228915664,0.03614457831325302,-2.7762109135499693,-9.180257510729612,0.48068669527896996,3.0,0.30391830391830393,3290.3579254930605,-54.55800944000932,-17.648971505157043,-0.844822562787716,1432.9670329670328,-1.0,76.79400046871338,0.30497704892407096,
2023-07-31 13:45:53.324000,-9.27710843373494,-2.783132530120482,-0.012048192771084338,-2.763948497854077,-9.261189454322501,0.4095646842427958,3.0,0.30391830391830393,3290.3579254930605,-54.55800944000932,-16.54973486393567,-1.928792028436571,1369.230769230769,-1.0,76.79400046871338,0.30496855023641767,
2023-07-31 13:45:53.332000,-9.301204819277109,-2.807228915662651,0.012048192771084338,-2.771305947271612,-9.221949724095646,0.3825873697118332,3.0,0.30391830391830393,3290.3579254930605,-53.70304760794825,-15.145154711263913,-1.409708058970922,1317.9487179487178,-1.0,76.79400046871338,0.3049599001700302,
2023-07-31 13:45:53.339000,-9.337349397590362,-2.879518072289157,-0.060240963855421686,-2.9552421827099935,-9.285714285714285,0.3605150214592274,3.0,0.30391830391830393,3290.3579254930605,-54.25266592855894,-13.52683410057689,-1.6387156925587083,1277.6556776556777,-1.0,76.79400046871338,0.3049511009255596,
2023-07-31 13:45:53.347000,-9.361445783132531,-2.9397590361445785,-0.07228915662650603,-2.984671980380135,-9.290619251992641,0.34580012262415694,3.0,0.30391830391830393,3290.3579254930605,-53.96258959268108,-12.274925703630325,-2.6158149291999298,1246.8864468864467,-1.0,76.79400046871338,0.30494215493982896,
2023-07-31 13:45:53.355000,-9.337349397590362,-3.0,-0.10843373493975904,-2.9478847332924585,-9.283261802575106,0.3041079092581238,3.0,0.30391830391830393,3290.3579254930605,-53.916788065963516,-10.809276848668494,-3.8371889750014563,1221.9780219780218,-1.0,76.79400046871338,0.30493306487743127,
2023-07-31 13:45:53.362000,-9.349397590361447,-3.0,-0.1927710843373494,-2.984671980380135,-9.320049049662783,0.2575107296137339,3.0,0.30391830391830393,3290.3579254930605,-53.36716974535283,-9.786376085309715,-4.829555387215197,1202.197802197802,-1.0,76.79400046871338,0.3049238336220126,
2023-07-31 13:45:53.370000,-9.361445783132531,-3.072289156626506,-0.20481927710843376,-3.1171060698957693,-9.290619251992641,0.19865113427345185,3.0,0.30391830391830393,3290.3579254930605,-53.412971272070386,-9.923780665462386,-6.249402715459471,1186.080586080586,-1.0,76.79400046871338,0.30491446440603587,
2023-07-31 13:45:53.378000,-9.361445783132531,-3.132530120481928,-0.21686746987951808,-3.080318822808093,-9.33966891477621,0.2575107296137339,3.0,0.30391830391830393,3290.3579254930605,-52.787017073597106,-11.007750131111242,-6.905891265077792,1175.8241758241757,-1.0,76.79400046871338,0.30490496064244427,
2023-07-31 13:45:53.385000,-9.337349397590362,-3.168674698795181,-0.1927710843373494,-3.1931330472103,-9.283261802575106,0.23053341508277128,3.0,0.30391830391830393,3290.3579254930605,-52.26793310413146,-13.252024940271546,-7.134898898665578,1167.032967032967,-1.0,76.79400046871338,0.3048953257876612,
2023-07-31 13:45:53.393000,-9.349397590361447,-3.204819277108434,-0.1927710843373494,-3.1931330472103,-9.332311465358675,0.3139178418148375,3.0,0.30391830391830393,3290.3579254930605,-51.56564302779558,-15.496299749431852,-7.257036303245731,1161.1721611721612,-1.0,76.79400046871338,0.3048855636199158,
2023-07-31 13:45:53.401000,-9.325301204819278,-3.204819277108434,-0.16867469879518074,-3.202942979767014,-9.332311465358675,0.2795830778663397,3.0,0.3034743034743035,3295.171909290417,-51.1839636384826,-17.603169978439485,-6.661616455917486,1153.113553113553,-1.0,76.79400046871338,0.30487567820905337,
2023-07-31 13:45:53.408000,-9.301204819277109,-3.180722891566265,-0.18072289156626506,-3.156345800122624,-9.26364193746168,0.2795830778663397,3.0,0.3034743034743035,3295.171909290417,-50.19159722626886,-19.129887535691395,-6.341005768894586,1145.054945054945,-1.0,76.79400046871338,0.30486567374813683,
2023-07-31 13:45:53.416000,-9.265060240963855,-3.168674698795181,-0.1566265060240964,-3.1367259350091965,-9.266094420600858,0.31882280809319435,3.0,0.3034743034743035,3295.171909290417,-49.8251850125284,-20.488666161645593,-5.5318454635510745,1139.194139194139,-1.0,76.79400046871338,0.3048555543636796,
2023-07-31 13:45:53.424000,-9.204819277108435,-3.132530120481928,-0.1566265060240964,-3.080318822808093,-9.175352544451256,0.3654199877375843,3.0,0.3034743034743035,3295.171909290417,-49.06182623390245,-20.824544024241014,-5.577646990268632,1134.7985347985348,-1.0,76.79400046871338,0.3048453241161606,
2023-07-31 13:45:53.431000,-9.144578313253012,-3.168674698795181,-0.13253012048192772,-3.2201103617412628,-9.141017780502759,0.3507050889025138,3.0,0.3034743034743035,3295.171909290417,-49.38243692092535,-20.58026921508071,-5.0890973719480215,1133.3333333333333,-1.0,76.79400046871338,0.30483498713819146,
2023-07-31 13:45:53.439000,-9.072289156626507,-3.132530120481928,-0.0963855421686747,-3.080318822808093,-9.082158185162477,0.3531575720416922,3.0,0.3034743034743035,3295.171909290417,-49.01602470718489,-19.81691043645475,-4.218868364314433,1139.194139194139,-1.0,76.79400046871338,0.3048245476231248,
2023-07-31 13:45:53.447000,-9.072289156626507,-3.072289156626506,-0.10843373493975904,-3.0067443286327404,-9.018393623543838,0.33108522378908645,3.0,0.3034743034743035,3295.171909290417,-48.43587203542916,-18.7329409708059,-3.257036303245731,1153.113553113553,-1.0,76.79400046871338,0.30481400981345275,
2023-07-31 13:45:53.454000,-9.096385542168676,-3.0481927710843375,-0.0963855421686747,-3.004291845493562,-9.042918454935622,0.3261802575107296,3.0,0.3034743034743035,3295.171909290417,-48.787017073597106,-17.679505856302082,-2.661616455917487,1175.0915750915751,-1.0,76.79400046871338,0.3048033779890463,
2023-07-31 13:45:53.462000,-9.120481927710843,-3.060240963855422,-0.08433734939759037,-3.0361741263028814,-9.096873083997547,0.328632740649908,3.0,0.3034743034743035,3295.171909290417,-48.83281860031466,-16.07645242118758,-2.2341355398869527,1201.4652014652013,-1.0,76.79400046871338,0.3047926564552951,
2023-07-31 13:45:53.470000,-9.10843373493976,-3.072289156626506,-0.10843373493975904,-3.0459840588595952,-9.055180870631514,0.299202942979767,3.0,0.3034743034743035,3295.171909290417,-49.00075753161237,-14.21385700134025,-1.592914165841151,1230.03663003663,-1.0,76.79400046871338,0.30478184953119886,
2023-07-31 13:45:53.477000,-9.096385542168676,-3.036144578313253,-0.18072289156626506,-2.9478847332924585,-9.008583690987123,0.23053341508277128,3.0,0.30391830391830393,3290.3579254930605,-49.07709340947497,-12.290192879202845,-1.1501660742380977,1259.3406593406592,-1.0,76.79400046871338,0.3047709615374728,
2023-07-31 13:45:53.485000,-9.084337349397591,-3.0120481927710845,-0.21686746987951808,-3.0239117106069893,-9.082158185162477,0.15695892090741875,3.0,0.3034743034743035,3295.171909290417,-49.07709340947497,-12.290192879202845,-1.1501660742380977,1284.2490842490843,-1.0,76.79400046871338,0.30475999693401223,
2023-07-31 13:45:53.493000,-9.10843373493976,-3.0120481927710845,-0.2530120481927711,-3.011649294911097,-9.116492949110974,0.12998160637645614,3.0,0.3034743034743035,3295.171909290417,-49.27556669191772,-10.38179593263796,-0.4173416467571816,1306.9597069597069,-1.0,76.79400046871338,0.30474896018077163,
2023-07-31 13:45:53.500000,-9.132530120481928,-3.0,-0.27710843373493976,-2.9307173513182097,-9.033108522378908,0.11771919068056406,3.0,0.3034743034743035,3295.171909290417,-49.77938348581085,-9.084086008973838,0.025406444845871817,1325.2747252747251,-1.0,76.79400046871338,0.30473785556730804,
2023-07-31 13:45:53.508000,-9.132530120481928,-3.0120481927710845,-0.3253012048192771,-2.9871244635193133,-9.123850398528509,0.07847946045370938,3.0,0.30391830391830393,3290.3579254930605,-49.977856768253595,-7.740574558592158,0.11700949828098632,1340.6593406593406,-1.0,76.79400046871338,0.30472668734043085,
2023-07-31 13:45:53.516000,-9.19277108433735,-3.036144578313253,-0.3614457831325301,-2.9969343960760266,-9.18761496014715,0.06131207847946045,3.0,0.3034743034743035,3295.171909290417,-50.46640638657421,-7.190956237981471,0.3002156051512153,1352.3809523809523,-1.0,76.79400046871338,0.3047154598426842,
2023-07-31 13:45:53.523000,-9.265060240963855,-3.0481927710843375,-0.39759036144578314,-3.0386266094420598,-9.185162477007971,0.009809932556713672,3.0,0.3034743034743035,3295.171909290417,-51.04655905832993,-6.732940970805898,0.45288736087640613,1360.4395604395604,-1.0,76.79400046871338,0.30470417737445427,
2023-07-31 13:45:53.531000,-9.337349397590362,-3.060240963855422,-0.4096385542168675,-3.004291845493562,-9.337216431637032,-0.02452483139178418,3.0,0.3034743034743035,3295.171909290417,-51.07709340947497,-7.023017306683761,0.6818949944641924,1363.3699633699632,-1.0,76.79400046871338,0.3046928440249414,
2023-07-31 13:45:53.539000,-9.361445783132531,-3.072289156626506,-0.42168674698795183,-3.0876762722256283,-9.315144083384427,-0.04659717964438994,3.0,0.3034743034743035,3295.171909290417,-51.36716974535283,-7.893246314317349,0.37655148301381075,1360.4395604395604,-1.0,76.79400046871338,0.30468146380144384,
2023-07-31 13:45:53.546000,-9.397590361445783,-3.060240963855422,-0.43373493975903615,-3.0705088902513795,-9.327406499080318,0.007357449417535254,3.0,0.3034743034743035,3295.171909290417,-51.5809102033681,-9.572635627294448,0.3002156051512153,1353.113553113553,-1.0,76.79400046871338,0.3046700406203623,
2023-07-31 13:45:53.554000,-9.3855421686747,-3.036144578313253,-0.43373493975903615,-3.0067443286327404,-9.366646229307173,-0.017167381974248927,3.0,0.30303030303030304,3300.0,-51.94732241710856,-12.000116543324982,0.3154827807237344,1342.1245421245421,-1.0,76.79400046871338,0.3046585782987239,
2023-07-31 13:45:53.562000,-9.3855421686747,-3.060240963855422,-0.4096385542168675,-3.0312691600245247,-9.320049049662783,0.009809932556713672,3.0,0.3034743034743035,3295.171909290417,-52.115261348406264,-14.641337917370784,0.010139269273352732,1329.6703296703297,-1.0,76.79400046871338,0.3046470803969653,
2023-07-31 13:45:53.569000,-9.3855421686747,-3.072289156626506,-0.39759036144578314,-3.055793991416309,-9.351931330472102,0.04659717964438994,3.0,0.3034743034743035,3295.171909290417,-52.90915447817726,-17.984849367752464,0.4070858341588489,1315.018315018315,-1.0,76.79400046871338,0.3046355503390225,
2023-07-31 13:45:53.577000,-9.397590361445783,-3.0481927710843375,-0.3493975903614458,-3.0410790925812385,-9.35683629675046,0.09074187614960147,3.0,0.3034743034743035,3295.171909290417,-52.63434531787191,-20.824544024241014,0.19334537614358174,1298.168498168498,-1.0,76.79400046871338,0.3046239915645671,
2023-07-31 13:45:53.584000,-9.373493975903616,-3.0481927710843375,-0.28915662650602414,-3.0901287553648067,-9.393623543838135,0.1912936848559166,3.0,0.3034743034743035,3295.171909290417,-52.603810966726876,-23.404696695996737,0.3154827807237344,1277.6556776556777,-1.0,76.79400046871338,0.30461240738402706,
2023-07-31 13:45:53.592000,-9.3855421686747,-3.060240963855422,-0.22891566265060243,-3.0484365419987736,-9.351931330472102,0.2158185162477008,3.0,0.3034743034743035,3295.171909290417,-52.95495600489482,-25.771108909737194,0.4834217120214443,1254.212454212454,-1.0,76.79400046871338,0.3046008009730554,
2023-07-31 13:45:53.600000,-9.361445783132531,-3.072289156626506,-0.16867469879518074,-3.026364193746168,-9.31023911710607,0.23543838136112813,3.0,0.3034743034743035,3295.171909290417,-52.57327661558184,-27.954315016607424,0.9109026280519786,1231.5018315018315,-1.0,76.79400046871338,0.30458917536771585,
2023-07-31 13:45:53.607000,-9.349397590361447,-3.0481927710843375,-0.12048192771084337,-3.011649294911097,-9.268546903740036,0.3359901900674433,3.0,0.3034743034743035,3295.171909290417,-52.970223180467336,-29.71004020744712,0.9872385059145741,1208.7912087912086,-1.0,76.79400046871338,0.3045775334604162,
2023-07-31 13:45:53.615000,-9.301204819277109,-3.036144578313253,-0.060240963855421686,-3.0067443286327404,-9.24892703862661,0.37768240343347637,3.0,0.3034743034743035,3295.171909290417,-52.924421653749775,-30.85507837538605,1.4147194219451085,1186.8131868131868,-1.0,76.79400046871338,0.3045658779966025,
2023-07-31 13:45:53.623000,-9.253012048192772,-3.0120481927710845,-0.012048192771084338,-2.9675045984058857,-9.209687308399754,0.4463519313304721,3.0,0.3034743034743035,3295.171909290417,-53.01602470718489,-31.28255929141659,1.521589650952742,1164.8351648351647,-1.0,76.79400046871338,0.3045542115722336,
2023-07-31 13:45:53.630000,-9.19277108433735,-3.0120481927710845,0.03614457831325302,-2.9380748007357447,-9.185162477007971,0.49294911097486205,3.0,0.3034743034743035,3295.171909290417,-53.06182623390245,-30.54973486393567,1.5979255288153373,1146.5201465201465,-1.0,76.79400046871338,0.30454253663204395,
2023-07-31 13:45:53.638000,-9.156626506024097,-2.987951807228916,0.04819277108433735,-2.9724095646842428,-9.18761496014715,0.4463519313304721,3.0,0.3034743034743035,3295.171909290417,-53.07709340947497,-29.71004020744712,1.9490705669832764,1131.8681318681317,-1.0,76.79400046871338,0.30453085546860453,
2023-07-31 13:45:53.646000,-9.132530120481928,-2.987951807228916,0.07228915662650603,-2.9356223175965663,-9.079705702023299,0.5763335377069282,3.0,0.3034743034743035,3295.171909290417,-53.12289493619252,-27.771108909737194,2.407085834158849,1125.2747252747251,-1.0,76.79400046871338,0.3045191702221823,
2023-07-31 13:45:53.653000,-9.10843373493976,-2.9759036144578315,0.0963855421686747,-2.9601471489883506,-9.10668301655426,0.5935009196811771,3.0,0.3034743034743035,3295.171909290417,-52.970223180467336,-25.633704329584525,2.407085834158849,1123.076923076923,-1.0,76.79400046871338,0.30450748288140017,
2023-07-31 13:45:53.661000,-9.228915662650603,-2.963855421686747,0.14457831325301207,-2.9895769466584916,-9.224402207234824,0.6057633353770693,3.0,0.3034743034743035,3295.171909290417,-52.93968882932229,-25.465765398286813,2.5597575898840397,1126.007326007326,-1.0,76.79400046871338,0.30449579528468934,
2023-07-31 13:45:53.669000,-9.168674698795181,-3.036144578313253,0.13253012048192772,-3.0656039239730224,-8.939914163090128,0.46106683016554256,3.0,0.3034743034743035,3295.171909290417,-53.32136821863527,-25.969582192179942,2.5139560631664826,1132.6007326007325,-1.0,76.79400046871338,0.3044841091225261,
2023-07-31 13:45:53.676000,-8.963855421686748,-3.1566265060240966,0.10843373493975904,-3.0680564071122007,-8.893316983445738,0.5125689760882893,3.0,0.3034743034743035,3295.171909290417,-54.40533768428413,-16.061185245615057,-0.9211584406503114,1142.1245421245421,-1.0,76.79400046871338,0.3044724259404403,
2023-07-31 13:45:53.684000,-8.975903614457831,-3.0481927710843375,-0.024096385542168676,-3.0606989576946657,-9.038013488657265,0.29675045984058857,3.0,0.3034743034743035,3295.171909290417,-54.55800944000932,-13.465765398286814,0.788765223471826,1151.6483516483515,-1.0,76.79400046871338,0.3044607471427763,
2023-07-31 13:45:53.692000,-9.301204819277109,-3.144578313253012,-0.03614457831325302,-3.1661557326793375,-9.221949724095646,0.49294911097486205,3.0,0.3034743034743035,3295.171909290417,-56.05419264611619,-19.908513489889867,0.3307499562962535,1157.5091575091574,-1.0,76.79400046871338,0.3044490739971865,
2023-07-31 13:45:53.699000,-9.409638554216867,-3.253012048192771,0.08433734939759037,-3.251992642550582,-9.354383813611282,0.5836909871244634,3.0,0.3034743034743035,3295.171909290417,-56.32900180642153,-23.084086008973838,-2.8906240895052733,1161.904761904762,-1.0,76.79400046871338,0.30443740763983174,
2023-07-31 13:45:53.707000,-9.228915662650603,-3.168674698795181,-0.012048192771084338,-3.1195585530349477,-9.136112814224402,0.4414469650521152,3.0,0.30303030303030304,3300.0,-56.35953615756657,-22.53446768836315,-2.508944700192296,1166.3003663003662,-1.0,76.79400046871338,0.30442574908125886,
2023-07-31 13:45:53.715000,-9.120481927710843,-3.0843373493975905,-0.060240963855421686,-3.0386266094420598,-9.09196811771919,0.3629675045984059,3.0,0.3034743034743035,3295.171909290417,-56.603810966726876,-20.626070741798266,-1.3333721811083266,1173.6263736263736,-1.0,76.79400046871338,0.30441409920238116,
2023-07-31 13:45:53.722000,-9.084337349397591,-2.987951807228916,-0.1927710843373494,-2.920907418761496,-9.047823421213979,0.2207234825260576,3.0,0.30303030303030304,3300.0,-56.603810966726876,-19.633704329584525,-0.5852805780548915,1180.952380952381,-1.0,76.79400046871338,0.3044024587298987,
2023-07-31 13:45:53.730000,-9.120481927710843,-2.91566265060241,-0.24096385542168675,-2.874310239117106,-9.116492949110974,0.17412630288166767,3.0,0.3034743034743035,3295.171909290417,-57.290833867490235,-19.740574558592158,1.3994522463725894,1188.278388278388,-1.0,76.79400046871338,0.3043908282647831,
2023-07-31 13:45:53.738000,-9.240963855421688,-2.91566265060241,-0.22891566265060243,-2.89883507050889,-9.270999386879215,0.2035561005518087,3.0,0.3034743034743035,3295.171909290417,-57.932055241536034,-21.145154711263913,2.5750247654565586,1194.8717948717947,-1.0,76.79400046871338,0.30437920826896087,
2023-07-31 13:45:53.745000,-9.361445783132531,-2.927710843373494,-0.1566265060240964,-2.94543225015328,-9.398528510116492,0.3114653586756591,3.0,0.3034743034743035,3295.171909290417,-58.58854379115436,-22.900879902103608,3.781131635685566,1199.2673992673992,-1.0,76.79400046871338,0.3043675992437286,
2023-07-31 13:45:53.753000,-9.409638554216867,-2.9397590361445785,-0.13253012048192772,-2.886572654812998,-9.37155119558553,0.328632740649908,3.0,0.3034743034743035,3295.171909290417,-58.1457956995513,-25.16042188683643,5.38418507080007,1205.8608058608058,-1.0,76.79400046871338,0.3043560015895792,
2023-07-31 13:45:53.761000,-9.433734939759036,-2.879518072289157,-0.0963855421686747,-2.8424279583077863,-9.469650521152667,0.3507050889025138,3.0,0.3034743034743035,3295.171909290417,-58.1457956995513,-25.16042188683643,5.38418507080007,1210.2564102564102,-1.0,76.79400046871338,0.3043444154874125,
2023-07-31 13:45:53.768000,-9.46987951807229,-2.855421686746988,-0.04819277108433735,-2.79092581238504,-9.513795217657878,0.4512568976088289,3.0,0.3034743034743035,3295.171909290417,-57.794650661383365,-29.267292115844064,7.23151331507488,1216.8498168498168,-1.0,76.79400046871338,0.304332841056824,
2023-07-31 13:45:53.776000,-9.542168674698795,-2.855421686746988,0.0963855421686747,-2.8497854077253217,-9.52851011649295,0.5616186388718577,3.0,0.3034743034743035,3295.171909290417,-57.12289493619252,-33.0535516578288,8.620826292174115,1224.1758241758241,-1.0,76.79400046871338,0.3043212783654291,
2023-07-31 13:45:53.784000,-9.602409638554217,-2.855421686746988,0.2530120481927711,-2.8252605763335374,-9.594727161250766,0.6866952789699571,3.0,0.3034743034743035,3295.171909290417,-57.01602470718489,-37.7711089097372,9.842200337975642,1230.03663003663,-1.0,76.79400046871338,0.30430972743846574,
2023-07-31 13:45:53.791000,-9.590361445783133,-2.8313253012048194,0.3614457831325301,-2.7835683629675043,-9.6364193746168,0.8608215818516247,3.0,0.30303030303030304,3300.0,-56.619078142299394,-40.93141425324865,10.987238505914572,1233.6996336996335,-1.0,76.79400046871338,0.304298188268633,
2023-07-31 13:45:53.799000,-9.578313253012048,-2.746987951807229,0.45783132530120485,-2.692826486817903,-9.545677498467198,0.9221336603310851,3.0,0.3034743034743035,3295.171909290417,-56.17633005069634,-42.442864634928036,12.02540644484587,1238.095238095238,-1.0,76.79400046871338,0.3042866606768248,
2023-07-31 13:45:53.807000,-9.530120481927712,-2.6867469879518073,0.5662650602409639,-2.729613733905579,-9.540772532188841,1.0643776824034334,3.0,0.3034743034743035,3295.171909290417,-55.794650661383365,-43.14515471126391,12.54449041431152,1241.7582417582416,-1.0,76.79400046871338,0.3042751444497121,
2023-07-31 13:45:53.814000,-9.46987951807229,-2.674698795180723,0.6265060240963856,-2.6020846106683013,-9.580012262415696,1.150214592274678,3.0,0.3034743034743035,3295.171909290417,-55.733581959093286,-43.16042188683643,12.971971330342054,1243.956043956044,-1.0,76.79400046871338,0.3042636395089362,
2023-07-31 13:45:53.822000,-9.506024096385543,-2.63855421686747,0.7228915662650602,-2.65113427345187,-9.660944206008583,1.2385039852851012,3.0,0.3034743034743035,3295.171909290417,-55.428238447642904,-41.755841734164676,13.87273468912068,1244.6886446886447,-1.0,76.79400046871338,0.3042521457824699,
2023-07-31 13:45:53.830000,-9.530120481927712,-2.5903614457831328,0.8072289156626506,-2.540772532188841,-9.54322501532802,1.2728387492335989,3.0,0.30303030303030304,3300.0,-54.00839111939863,-41.252024940271546,16.55975758988404,1243.2234432234432,-1.0,76.79400046871338,0.3042406632147237,
2023-07-31 13:45:53.837000,-9.397590361445783,-2.4819277108433737,0.8433734939759037,-2.3789086450030656,-9.351931330472102,1.385652973635806,3.0,0.3034743034743035,3295.171909290417,-53.00075753161237,-39.02301730668376,17.21624613950236,1239.5604395604396,-1.0,76.79400046871338,0.3042291916273101,
2023-07-31 13:45:53.845000,-9.265060240963855,-2.4216867469879517,0.8915662650602411,-2.347026364193746,-9.20232985898222,1.385652973635806,3.0,0.3034743034743035,3295.171909290417,-51.87098653924596,-35.38942952042422,17.33838354408251,1234.4322344322343,-1.0,76.79400046871338,0.30421773085641945,
2023-07-31 13:45:53.853000,-9.144578313253012,-2.36144578313253,0.8674698795180723,-2.270999386879215,-9.038013488657265,1.3733905579399142,3.0,0.3034743034743035,3295.171909290417,-51.36716974535283,-30.19858982576773,17.87273468912068,1227.8388278388277,-1.0,76.79400046871338,0.3042062809215669,
2023-07-31 13:45:53.860000,-9.036144578313253,-2.3373493975903616,0.8433734939759037,-2.251379521765788,-8.99877375843041,1.3047210300429184,3.0,0.30303030303030304,3300.0,-50.741215546879545,-24.488666161645593,17.933803391410756,1218.3150183150183,-1.0,76.79400046871338,0.3041948418962761,
2023-07-31 13:45:53.868000,-9.072289156626507,-2.289156626506024,0.819277108433735,-2.2219497240956465,-8.979153893316983,1.2237890864500305,3.0,0.30303030303030304,3300.0,-49.733581959093286,-18.977215779966205,17.4910552998077,1209.5238095238094,-1.0,76.79400046871338,0.3041834139067322,
2023-07-31 13:45:53.876000,-9.060240963855422,-2.27710843373494,0.710843373493976,-2.1557326793378295,-9.008583690987123,1.226241569589209,3.0,0.3034743034743035,3295.171909290417,-49.2602995163452,-13.145154711263913,16.37655148301381,1201.4652014652013,-1.0,76.79400046871338,0.304171996959699,
2023-07-31 13:45:53.883000,-9.120481927710843,-2.2289156626506026,0.6867469879518072,-2.1851624770079705,-8.986511342734518,1.1330472103004292,3.0,0.3034743034743035,3295.171909290417,-48.603810966726876,-7.771108909737196,14.910902628051977,1195.6043956043954,-1.0,76.79400046871338,0.30416059110986593,
2023-07-31 13:45:53.891000,-9.204819277108435,-2.216867469879518,0.6385542168674699,-2.207234825260576,-9.123850398528509,1.0398528510116491,3.0,0.3034743034743035,3295.171909290417,-48.03892547054367,-3.4657653982868144,13.139910261639763,1194.1391941391942,-1.0,76.79400046871338,0.30414919677594,
2023-07-31 13:45:53.899000,-9.240963855421688,-2.216867469879518,0.5180722891566265,-2.1630901287553645,-9.18761496014715,0.9834457388105456,3.0,0.3034743034743035,3295.171909290417,-48.481673562146725,-0.03065089447002074,10.422353009731367,1200.7326007326008,-1.0,76.79400046871338,0.3041378144500549,
2023-07-31 13:45:53.906000,-9.301204819277109,-2.204819277108434,0.4819277108433735,-2.1753525444512567,-9.288166768853463,0.8706315144083384,3.0,0.3034743034743035,3295.171909290417,-47.24503234077268,2.7327078841559334,8.178078200571061,1225.6410256410256,-1.0,76.79400046871338,0.3041264445770298,
2023-07-31 13:45:53.914000,-9.361445783132531,-2.216867469879518,0.3493975903614458,-2.153280196198651,-9.221949724095646,0.8044144696505211,3.0,0.3034743034743035,3295.171909290417,-47.00075753161237,5.190723151331506,6.101742322708467,1271.7948717948716,-1.0,76.79400046871338,0.3041150877098953,
2023-07-31 13:45:53.922000,-9.361445783132531,-2.216867469879518,0.21686746987951808,-2.1851624770079705,-9.236664622930716,0.5935009196811771,3.0,0.3034743034743035,3295.171909290417,-46.924421653749775,6.7785094108734905,3.491055299807704,1339.194139194139,-1.0,76.79400046871338,0.30410374451565236,
2023-07-31 13:45:53.929000,-9.409638554216867,-2.253012048192771,0.10843373493975904,-2.21704475781729,-9.302881667688535,0.5125689760882893,3.0,0.3034743034743035,3295.171909290417,-47.12289493619252,8.244158265835322,1.4910552998077038,1423.4432234432234,-1.0,76.79400046871338,0.30409241578054264,
2023-07-31 13:45:53.937000,-9.44578313253012,-2.289156626506024,0.012048192771084338,-2.2440220723482525,-9.388718577559779,0.47087676272225626,3.0,0.3034743034743035,3295.171909290417,-46.39007050871161,9.343394907056696,-0.2341355398869526,1525.2747252747251,-1.0,76.79400046871338,0.30408110241479847,
2023-07-31 13:45:53.945000,-9.506024096385543,-2.3012048192771086,-0.08433734939759037,-2.3372164316370325,-9.50889025137952,0.34825260576333533,3.0,0.3034743034743035,3295.171909290417,-46.344268981994055,9.404463609346772,-1.9898607307266472,1638.8278388278386,-1.0,76.79400046871338,0.3040698054568657,
2023-07-31 13:45:53.952000,-9.566265060240964,-2.36144578313253,-0.16867469879518074,-2.347026364193746,-9.545677498467198,0.2722256284488044,3.0,0.3034743034743035,3295.171909290417,-46.099994172833746,8.732707884155934,-3.2875706543907692,1756.0439560439559,-1.0,76.79400046871338,0.30405852607707523,
2023-07-31 13:45:53.960000,-9.602409638554217,-2.4216867469879517,-0.21686746987951808,-2.3543838136112814,-9.61925199264255,0.19865113427345185,3.0,0.3034743034743035,3295.171909290417,-45.62671173008565,7.11438727346891,-4.554746226909853,1871.0622710622708,-1.0,76.79400046871338,0.3040472655807491,
2023-07-31 13:45:53.967000,-9.66265060240964,-2.4578313253012047,-0.24096385542168675,-2.5039852851011646,-9.55793991416309,0.18884120171673818,3.0,0.3034743034743035,3295.171909290417,-45.290833867490235,4.381562845987994,-5.486043936833517,1975.8241758241757,-1.0,76.79400046871338,0.30403602541073665,
2023-07-31 13:45:53.975000,-9.63855421686747,-2.5180722891566267,-0.24096385542168675,-2.5113427345187,-9.577559779276516,0.12998160637645614,3.0,0.3034743034743035,3295.171909290417,-44.481673562146725,1.3128605559116586,-5.684517219276265,2066.6666666666665,-1.0,76.79400046871338,0.3040248071493623,
2023-07-31 13:45:53.983000,-9.614457831325302,-2.566265060240964,-0.27710843373493976,-2.5113427345187,-9.597179644389945,0.18393623543838136,3.0,0.3034743034743035,3295.171909290417,-43.74884913466581,-2.3512615814929214,-6.295204242177029,2136.263736263736,-1.0,76.79400046871338,0.3040136125197858,
2023-07-31 13:45:53.990000,-9.590361445783133,-2.6144578313253013,-0.24096385542168675,-2.550582464745555,-9.629061925199263,0.29675045984058857,3.0,0.3034743034743035,3295.171909290417,-43.229765165200156,-5.54210127614941,-6.386807295612143,2181.6849816849817,-1.0,76.79400046871338,0.3040024433867642,
2023-07-31 13:45:53.998000,-9.566265060240964,-2.63855421686747,-0.22891566265060243,-2.629061925199264,-9.614347026364193,0.27713059472716123,3.0,0.3034743034743035,3295.171909290417,-42.55800944000932,-7.6795058563020815,-6.249402715459471,2201.4652014652015,-1.0,76.79400046871338,0.3039913017568191,
2023-07-31 13:45:54.006000,-9.578313253012048,-2.674698795180723,-0.1927710843373494,-2.580012262415696,-9.562844880441446,0.2452483139178418,3.0,0.3034743034743035,3295.171909290417,-41.672513256803214,-10.335994405920403,-6.692150807062525,2195.6043956043954,-1.0,76.79400046871338,0.3039801897778054,
2023-07-31 13:45:54.013000,-9.518072289156628,-2.674698795180723,-0.16867469879518074,-2.675659104843654,-9.530962599632128,0.2918454935622317,3.0,0.30303030303030304,3300.0,-41.36716974535283,-13.068818833401318,-6.127265310879319,2160.4395604395604,765.9912109375,78.32988047808765,0.30396910973788727,
2023-07-31 13:45:54.021000,-9.46987951807229,-2.698795180722892,-0.14457831325301207,-2.6364193746167994,-9.454935622317596,0.32127529123237275,3.0,0.30303030303030304,3300.0,-40.58854379115436,-14.916147077676127,-5.287570654390769,2104.7619047619046,-1.0,78.32988047808765,0.3039580640533795,
2023-07-31 13:45:54.029000,-9.409638554216867,-2.6867469879518073,-0.07228915662650603,-2.6192519926425506,-9.35683629675046,0.3678724708767627,3.0,0.3034743034743035,3295.171909290417,-39.794650661383365,-16.565002039508187,-5.516578287978556,2030.7692307692307,-1.0,78.32988047808765,0.30394705508554787,
2023-07-31 13:45:54.036000,-9.325301204819278,-2.63855421686747,-0.03614457831325302,-2.609442060085837,-9.295524218270998,0.3973022685469037,3.0,0.3034743034743035,3295.171909290417,-39.794650661383365,-16.565002039508187,-5.516578287978556,1945.054945054945,-1.0,78.32988047808765,0.3039360852965848,
2023-07-31 13:45:54.044000,-9.27710843373494,-2.6506024096385543,0.012048192771084338,-2.5652973635806253,-9.229307173513181,0.4782342121397915,3.0,0.3034743034743035,3295.171909290417,-39.901520890391,-17.57263562729445,-5.730318745993823,1852.0146520146518,-1.0,78.32988047808765,0.30392515741538356,
2023-07-31 13:45:54.052000,-9.265060240963855,-2.63855421686747,0.060240963855421686,-2.5652973635806253,-9.253832004904966,0.5003065603923973,3.0,0.3034743034743035,3295.171909290417,-39.5045743255055,-17.57263562729445,-5.195967600955655,1755.311355311355,-1.0,78.32988047808765,0.30391427429435913,
2023-07-31 13:45:54.059000,-9.253012048192772,-2.5542168674698797,0.12048192771084337,-2.459840588595953,-9.226854690374003,0.4904966278356836,3.0,0.3034743034743035,3295.171909290417,-37.99312394382611,-16.778742497523456,-4.661616455917486,1662.2710622710622,-1.0,78.32988047808765,0.3039034389045128,
2023-07-31 13:45:54.067000,-9.240963855421688,-2.4939759036144578,0.13253012048192772,-2.440220723482526,-9.280809319435928,0.6302881667688535,3.0,0.3034743034743035,3295.171909290417,-37.168696462910084,-14.900879902103608,-3.3028378299632886,1572.8937728937728,-1.0,78.32988047808765,0.3038926543300144,
2023-07-31 13:45:54.075000,-9.301204819277109,-2.4578313253012047,0.16867469879518074,-2.3200490496627832,-9.305334150827713,0.5910484365419988,3.0,0.3034743034743035,3295.171909290417,-35.94732241710856,-12.412330283782998,-2.157799662024357,1493.040293040293,-1.0,78.32988047808765,0.30388192376232837,
2023-07-31 13:45:54.082000,-9.361445783132531,-2.4096385542168677,0.1566265060240964,-2.3372164316370325,-9.361741263028817,0.5885959534028203,3.0,0.3034743034743035,3295.171909290417,-35.01602470718489,-9.954315016607424,-0.38680729561214344,1421.9780219780218,-1.0,78.32988047808765,0.30387125049391356,
2023-07-31 13:45:54.090000,-9.397590361445783,-2.3373493975903616,0.14457831325301207,-2.2636419374616796,-9.381361128142244,0.6229307173513182,3.0,0.3034743034743035,3295.171909290417,-33.855719363673444,-8.259658528057807,1.1704446127848032,1359.7069597069597,-1.0,78.32988047808765,0.3038606379115238,
2023-07-31 13:45:54.098000,-9.337349397590362,-2.2650602409638556,0.13253012048192772,-2.1704475781729,-9.229307173513181,0.5910484365419988,3.0,0.30303030303030304,3300.0,-32.9396888293223,-5.801643260882234,1.7505972845405282,1309.1575091575091,-1.0,78.32988047808765,0.3038500894891416,
2023-07-31 13:45:54.105000,-9.253012048192772,-2.289156626506024,0.10843373493975904,-2.2366646229307174,-9.192519926425506,0.5248313917841815,3.0,0.30303030303030304,3300.0,-32.420604859856645,-3.389429520424219,1.2620476662199176,1269.5970695970695,-1.0,78.32988047808765,0.303839608770031,
2023-07-31 13:45:54.113000,-9.265060240963855,-2.3734939759036147,0.060240963855421686,-2.322501532801962,-9.172900061312077,0.49540159411404044,3.0,0.3034743034743035,3295.171909290417,-32.35953615756657,-0.5344676883631505,0.025406444845871817,1239.5604395604396,-1.0,78.32988047808765,0.30382919917802725,
2023-07-31 13:45:54.121000,-9.301204819277109,-2.4578313253012047,0.03614457831325302,-2.440220723482526,-9.290619251992641,0.44880441446965047,3.0,0.3034743034743035,3295.171909290417,-31.870986539245962,1.725074296369674,-0.676883631490006,1216.117216117216,-1.0,78.32988047808765,0.3038188641683015,
2023-07-31 13:45:54.128000,-9.349397590361447,-2.4698795180722892,-0.03614457831325302,-2.339668914776211,-9.366646229307173,0.40465971796443895,3.0,0.3034743034743035,3295.171909290417,-31.596177378940617,2.885379639881124,-0.6921508070625251,1201.4652014652013,-1.0,78.32988047808765,0.3038086073882502,
2023-07-31 13:45:54.136000,-9.373493975903616,-2.3855421686746987,-0.0963855421686747,-2.3445738810545675,-9.364193746167995,0.26241569589209074,3.0,0.3034743034743035,3295.171909290417,-30.74121554687955,3.0991200978963915,-0.34100576889458617,1189.7435897435896,-1.0,78.32988047808765,0.30379843266852147,
2023-07-31 13:45:54.144000,-9.397590361445783,-2.397590361445783,-0.13253012048192772,-2.3274064990803187,-9.288166768853463,0.32127529123237275,3.0,0.3034743034743035,3295.171909290417,-31.5809102033681,3.205990326904025,-0.9822271429403877,1180.2197802197802,-1.0,78.32988047808765,0.3037883439935179,
2023-07-31 13:45:54.151000,-9.337349397590362,-2.4578313253012047,-0.16867469879518074,-2.4328632740649905,-9.26364193746168,0.23789086450030655,3.0,0.30303030303030304,3300.0,-31.901520890390998,3.2365246780490633,-4.035662257444204,1170.6959706959706,-1.0,78.32988047808765,0.30377834534418063,
2023-07-31 13:45:54.159000,-9.337349397590362,-2.5542168674698797,-0.26506024096385544,-2.599632127529123,-9.270999386879215,0.10300429184549356,3.0,0.3034743034743035,3295.171909290417,-32.55800944000932,4.060952158965094,-5.959326379581609,1161.904761904762,-1.0,78.32988047808765,0.3037684405405114,
2023-07-31 13:45:54.167000,-9.349397590361447,-2.5783132530120483,-0.3614457831325301,-2.560392397302268,-9.270999386879215,0.02207234825260576,3.0,0.30303030303030304,3300.0,-33.24503234077268,5.358662082629215,-7.119631723093059,1151.6483516483515,-1.0,78.32988047808765,0.3037586333605872,
2023-07-31 13:45:54.174000,-9.373493975903616,-2.6144578313253013,-0.43373493975903615,-2.553034947884733,-9.261189454322501,-0.03923973022685469,3.0,0.30303030303030304,3300.0,-33.5045743255055,6.244158265835322,-8.524211875764816,1143.5897435897434,-1.0,78.32988047808765,0.3037489275416163,
2023-07-31 13:45:54.182000,-9.349397590361447,-2.674698795180723,-0.45783132530120485,-2.6462293071735132,-9.315144083384427,0.029429797670141016,3.0,0.30303030303030304,3300.0,-33.99312394382611,5.801410174232269,-9.852456150573977,1139.9267399267399,-1.0,78.32988047808765,0.3037393267491578,
2023-07-31 13:45:54.190000,-9.397590361445783,-2.734939759036145,-0.44578313253012053,-2.7173513182096873,-9.37155119558553,-0.002452483139178418,3.0,0.30303030303030304,3300.0,-34.19159722626886,3.816677349804788,-10.310471417749548,1139.9267399267399,-1.0,78.32988047808765,0.3037298345460629,
2023-07-31 13:45:54.197000,-9.433734939759036,-2.7951807228915664,-0.39759036144578314,-2.815450643776824,-9.398528510116492,0.05885959534028203,3.0,0.30303030303030304,3300.0,-33.56564302779558,0.9922498688887579,-10.173066837596878,1145.7875457875457,-1.0,78.32988047808765,0.30372045425395994,
2023-07-31 13:45:54.205000,-9.481927710843374,-2.819277108433735,-0.3253012048192771,-2.8179031269160024,-9.523605150214593,0.10545677498467197,3.0,0.30303030303030304,3300.0,-33.107627760620005,-2.626070741798265,-9.684517219276266,1157.5091575091574,-1.0,78.32988047808765,0.3037111890912865,
2023-07-31 13:45:54.213000,-9.578313253012048,-2.855421686746988,-0.3253012048192771,-2.7835683629675043,-9.597179644389945,0.11771919068056406,3.0,0.30303030303030304,3300.0,-32.344268981994055,-6.916147077676127,-8.982227142940388,1172.161172161172,-1.0,78.32988047808765,0.30370204216191793,
2023-07-31 13:45:54.220000,-9.626506024096386,-2.843373493975904,-0.28915662650602414,-2.7590435315757205,-9.656039239730227,0.22317596566523604,3.0,0.30303030303030304,3300.0,-31.458772798787948,-11.648971505157043,-7.60818134141367,1194.1391941391942,-1.0,78.32988047808765,0.303693016443753,
2023-07-31 13:45:54.228000,-9.602409638554217,-2.843373493975904,-0.2530120481927711,-2.803188228080932,-9.52851011649295,0.2795830778663397,3.0,0.30303030303030304,3300.0,-31.306101043062753,-15.740574558592158,-6.356272944467105,1219.047619047619,-1.0,78.32988047808765,0.3036841147773225,
2023-07-31 13:45:54.236000,-9.530120481927712,-2.783132530120482,-0.18072289156626506,-2.7541385652973633,-9.474555487431024,0.2893930104230533,3.0,0.30303030303030304,3300.0,-29.901520890390998,-18.473398986073075,-4.661616455917486,1246.8864468864467,-1.0,78.32988047808765,0.30367533985448175,
2023-07-31 13:45:54.243000,-9.409638554216867,-2.746987951807229,-0.12048192771084337,-2.7173513182096873,-9.405885959534027,0.40465971796443895,3.0,0.30303030303030304,3300.0,-29.519841501078023,-19.832177612027273,-3.6845172192762656,1273.260073260073,-1.0,78.32988047808765,0.30366669420725784,
2023-07-31 13:45:54.251000,-9.313253012048193,-2.734939759036145,-0.03614457831325302,-2.641324340895156,-9.295524218270998,0.39239730226854685,3.0,0.30303030303030304,3300.0,-29.53510867665054,-20.091719596760097,-2.4631431734747387,1297.4358974358975,-1.0,78.32988047808765,0.30365818019692004,
2023-07-31 13:45:54.259000,-9.253012048192772,-2.734939759036145,0.0,-2.781115879828326,-9.280809319435928,0.40465971796443895,3.0,0.30303030303030304,3300.0,-29.367169745352832,-19.297826466989104,-1.6692500437037465,1320.8791208791208,-1.0,78.32988047808765,0.3036498000033344,
2023-07-31 13:45:54.266000,-9.180722891566266,-2.7590361445783134,0.024096385542168676,-2.6879215205395464,-9.16799509503372,0.43654199877375843,3.0,0.30303030303030304,3300.0,-29.41297127207039,-17.068818833401316,-0.4020744711846625,1342.1245421245421,-1.0,78.32988047808765,0.3036415556146765,
2023-07-31 13:45:54.274000,-9.144578313253012,-2.7590361445783134,0.024096385542168676,-2.7271612507664007,-9.099325567136725,0.5052115266707541,3.0,0.3034743034743035,3295.171909290417,-29.41297127207039,-14.809276848668494,0.5750247654565588,1360.4395604395604,-1.0,78.32988047808765,0.3036334488175639,
2023-07-31 13:45:54.282000,-9.132530120481928,-2.7228915662650603,0.0963855421686747,-2.74432863274065,-9.136112814224402,0.4757817290006131,3.0,0.30303030303030304,3300.0,-29.39770409649787,-12.106986772332617,0.6971621700367114,1375.8241758241757,-1.0,78.32988047808765,0.30362548133696865,
2023-07-31 13:45:54.289000,-9.120481927710843,-2.710843373493976,0.08433734939759037,-2.692826486817903,-9.087063151440834,0.5787860208461066,3.0,0.30303030303030304,3300.0,-29.748849134665807,-9.145154711263913,1.0025056814870932,1388.278388278388,-1.0,78.32988047808765,0.30361765469996893,
2023-07-31 13:45:54.297000,-9.120481927710843,-2.710843373493976,0.060240963855421686,-2.722256284488044,-9.07725321888412,0.510116492949111,3.0,0.30303030303030304,3300.0,-29.962589592681077,-6.274925703630326,0.9414369791970169,1394.8717948717947,-1.0,78.32988047808765,0.30360997006858975,
2023-07-31 13:45:54.305000,-9.156626506024097,-2.6867469879518073,0.012048192771084338,-2.6462293071735132,-9.116492949110974,0.5199264255058246,3.0,0.30303030303030304,3300.0,-30.344268981994052,-3.511566925004372,0.6971621700367114,1397.069597069597,-1.0,78.32988047808765,0.30360242837118584,
2023-07-31 13:45:54.312000,-9.156626506024097,-2.710843373493976,0.0,-2.6658491722869404,-9.062538320049049,0.42673206621704474,3.0,0.3034743034743035,3295.171909290417,-30.344268981994052,-3.511566925004372,0.6971621700367114,1395.6043956043954,-1.0,78.32988047808765,0.3035950302957936,
2023-07-31 13:45:54.320000,-9.19277108433735,-2.698795180722892,-0.04819277108433735,-2.6609442060085837,-9.15328019619865,0.3261802575107296,3.0,0.30303030303030304,3300.0,-30.283200279703976,-1.8016432608822344,0.8498339257619023,1387.5457875457876,-1.0,78.32988047808765,0.3035877764335423,
2023-07-31 13:45:54.328000,-9.265060240963855,-2.710843373493976,-0.0963855421686747,-2.7075413856529735,-9.221949724095646,0.3163703249540159,3.0,0.30303030303030304,3300.0,-30.787017073597106,-1.007750131111242,0.5902919410290779,1375.091575091575,-1.0,78.32988047808765,0.3035806672849202,
2023-07-31 13:45:54.335000,-9.301204819277109,-2.734939759036145,-0.10843373493975904,-2.663396689147762,-9.283261802575106,0.3261802575107296,3.0,0.30303030303030304,3300.0,-31.168696462910084,-0.1527882990501734,1.139910261639765,1356.7765567765566,-1.0,78.32988047808765,0.30357370293750124,
2023-07-31 13:45:54.343000,-9.361445783132531,-2.7228915662650603,-0.14457831325301207,-2.6952789699570814,-9.315144083384427,0.3629675045984059,3.0,0.30303030303030304,3300.0,-30.92442165374978,-0.7787424975234558,0.8651011013344214,1336.9963369963368,-1.0,78.32988047808765,0.30356688307395524,
2023-07-31 13:45:54.350000,-9.397590361445783,-2.734939759036145,-0.18072289156626506,-2.6535867565910483,-9.405885959534027,0.2550582464745555,3.0,0.3034743034743035,3295.171909290417,-30.985490356039854,-1.6031699784394864,0.8192995746168642,1315.018315018315,-1.0,78.32988047808765,0.30356020725769717,
2023-07-31 13:45:54.358000,-9.44578313253012,-2.734939759036145,-0.1927710843373494,-2.6609442060085837,-9.41814837522992,0.23543838136112813,3.0,0.30303030303030304,3300.0,-30.802284249169624,-2.839811199813532,0.6208262921741161,1292.3076923076922,-1.0,78.32988047808765,0.3035536749216068,
2023-07-31 13:45:54.366000,-9.481927710843374,-2.734939759036145,-0.21686746987951808,-2.6364193746167994,-9.393623543838135,0.22808093194359289,3.0,0.30303030303030304,3300.0,-30.832818600314663,-4.626070741798265,0.6360934677466351,1271.7948717948716,-1.0,78.32988047808765,0.3035472852512838,
2023-07-31 13:45:54.373000,-9.481927710843374,-2.734939759036145,-0.22891566265060243,-2.6732066217044754,-9.427958307786634,0.18638871857755976,3.0,0.30303030303030304,3300.0,-30.23739875298642,-6.198589825767731,0.5444904143115207,1250.5494505494505,-1.0,78.32988047808765,0.30354103715536424,
2023-07-31 13:45:54.381000,-9.421686746987952,-2.7228915662650603,-0.21686746987951808,-2.6364193746167994,-9.361741263028817,0.27713059472716123,3.0,0.30303030303030304,3300.0,-30.115261348406268,-7.496299749431852,0.6208262921741161,1231.5018315018315,-1.0,78.32988047808765,0.3035349291190666,
2023-07-31 13:45:54.389000,-9.397590361445783,-2.710843373493976,-0.18072289156626506,-2.6609442060085837,-9.329858982219497,0.22808093194359289,3.0,0.30303030303030304,3300.0,-29.977856768253595,-8.335994405920403,0.6971621700367114,1213.1868131868132,-1.0,78.32988047808765,0.3035289592282378,
2023-07-31 13:45:54.396000,-9.397590361445783,-2.698795180722892,-0.1927710843373494,-2.692826486817903,-9.391171060698957,0.24034334763948498,3.0,0.30303030303030304,3300.0,-29.76411631023833,-9.084086008973838,1.1246430860672458,1197.069597069597,-1.0,78.32988047808765,0.30352312546058635,
2023-07-31 13:45:54.404000,-9.409638554216867,-2.7228915662650603,-0.1927710843373494,-2.692826486817903,-9.393623543838135,0.22808093194359289,3.0,0.30303030303030304,3300.0,-29.183963638482602,-9.450498222714295,1.5979255288153373,1187.5457875457876,-1.0,78.32988047808765,0.3035174255307748,
2023-07-31 13:45:54.412000,-9.433734939759036,-2.734939759036145,-0.1566265060240964,-2.709993868792152,-9.35683629675046,0.2452483139178418,3.0,0.3034743034743035,3295.171909290417,-29.2602995163452,-9.572635627294448,1.5826583532428182,1180.2197802197802,-1.0,78.32988047808765,0.3035118569068027,
2023-07-31 13:45:54.419000,-9.433734939759036,-2.746987951807229,-0.1566265060240964,-2.6683016554261187,-9.423053341508277,0.31882280809319435,3.0,0.30303030303030304,3300.0,-28.970223180467336,-10.442864634928036,2.025406444845872,1177.2893772893772,-1.0,78.32988047808765,0.30350641709428333,
2023-07-31 13:45:54.427000,-9.409638554216867,-2.7228915662650603,-0.10843373493975904,-2.663396689147762,-9.349478847332923,0.3384426732066217,3.0,0.30303030303030304,3300.0,-28.634345317871915,-11.328360818134142,1.8422003379756426,1175.8241758241757,-1.0,78.32988047808765,0.3035011033681089,
2023-07-31 13:45:54.435000,-9.373493975903616,-2.710843373493976,-0.10843373493975904,-2.6879215205395464,-9.361741263028817,0.34825260576333533,3.0,0.30303030303030304,3300.0,-28.863352951459703,-11.67950585630208,1.6284598799603756,1177.2893772893772,-1.0,78.32988047808765,0.30349591262268344,
2023-07-31 13:45:54.442000,-9.349397590361447,-2.7228915662650603,-0.0963855421686747,-2.6560392397302266,-9.334763948497853,0.31882280809319435,3.0,0.30303030303030304,3300.0,-29.06182623390245,-12.381795932637958,1.5979255288153373,1178.7545787545787,-1.0,78.32988047808765,0.30349084138205007,
2023-07-31 13:45:54.450000,-9.313253012048193,-2.6867469879518073,-0.12048192771084337,-2.692826486817903,-9.285714285714285,0.29675045984058857,3.0,0.30303030303030304,3300.0,-28.92442165374978,-11.893246314317349,2.254414078433658,1180.952380952381,-1.0,78.32988047808765,0.30348588596988474,
2023-07-31 13:45:54.458000,-9.289156626506024,-2.6506024096385543,-0.1566265060240964,-2.575107296137339,-9.226854690374003,0.2918454935622317,3.0,0.30303030303030304,3300.0,-28.680146844589473,-11.3741623448517,2.1933453761435815,1184.6153846153845,-1.0,78.32988047808765,0.30348104264868325,
2023-07-31 13:45:54.465000,-9.253012048192772,-2.6506024096385543,-0.1566265060240964,-2.533415082771306,-9.155732679337829,0.24034334763948498,3.0,0.30303030303030304,3300.0,-28.970223180467336,-11.297826466989104,2.4834217120214443,1188.278388278388,-1.0,78.32988047808765,0.3034763074829112,
2023-07-31 13:45:54.473000,-9.204819277108435,-2.6506024096385543,-0.16867469879518074,-2.60453709380748,-9.131207847946046,0.25015328019619865,3.0,0.30303030303030304,3300.0,-28.90915447817726,-10.122253947905135,2.5597575898840397,1193.4065934065934,-1.0,78.32988047808765,0.30347167635208694,
2023-07-31 13:45:54.481000,-9.228915662650603,-2.662650602409639,-0.18072289156626506,-2.575107296137339,-9.21704475781729,0.29429797670141017,3.0,0.3025863025863026,3304.8422597212034,-29.474039974360466,-9.481032573859334,2.9109026280519785,1203.6630036630036,-1.0,78.32988047808765,0.30346714510320694,
2023-07-31 13:45:54.488000,-9.265060240963855,-2.626506024096386,-0.20481927710843376,-2.580012262415696,-9.297976701410178,0.1912936848559166,3.0,0.30303030303030304,3300.0,-29.809917836955886,-8.977215779966203,2.9567041547695356,1215.3846153846152,-1.0,78.32988047808765,0.3034627092565522,
2023-07-31 13:45:54.496000,-9.313253012048193,-2.602409638554217,-0.20481927710843376,-2.481912936848559,-9.26364193746168,0.19865113427345185,3.0,0.30303030303030304,3300.0,-29.474039974360466,-8.549734863935669,3.323116368509994,1225.6410256410256,-1.0,78.32988047808765,0.30345836402022436,
2023-07-31 13:45:54.504000,-9.349397590361447,-2.5783132530120483,-0.21686746987951808,-2.5137952176578784,-9.361741263028817,0.24034334763948498,3.0,0.30303030303030304,3300.0,-29.91678806596352,-9.358895169279181,3.6742614066779327,1235.164835164835,-1.0,78.32988047808765,0.3034541046133672,
2023-07-31 13:45:54.511000,-9.373493975903616,-2.5542168674698797,-0.21686746987951808,-2.533415082771306,-9.383813611281422,0.2207234825260576,3.0,0.30303030303030304,3300.0,-30.03892547054367,-9.435231047141777,3.5979255288153373,1245.4212454212454,-1.0,78.32988047808765,0.30344992614262417,
2023-07-31 13:45:54.519000,-9.421686746987952,-2.5783132530120483,-0.2530120481927711,-2.499080318822808,-9.388718577559779,0.12752912323727775,3.0,0.30303030303030304,3300.0,-29.73358195909329,-10.106986772332617,3.872734689120681,1257.142857142857,-1.0,78.32988047808765,0.30344582361770756,
2023-07-31 13:45:54.527000,-9.493975903614459,-2.5783132530120483,-0.27710843373493976,-2.5456774984671977,-9.445125689760882,0.14714898835070508,3.0,0.30303030303030304,3300.0,-30.008391119398635,-11.084086008973838,3.6437270555328944,1264.4688644688645,-1.0,78.32988047808765,0.30344179196727694,
2023-07-31 13:45:54.534000,-9.55421686746988,-2.5783132530120483,-0.28915662650602414,-2.540772532188841,-9.523605150214593,0.13979153893316984,3.0,0.30303030303030304,3300.0,-29.70304760794825,-11.969582192179944,3.750597284540528,1268.131868131868,-1.0,78.32988047808765,0.3034378260550745,
2023-07-31 13:45:54.542000,-9.590361445783133,-2.5903614457831328,-0.27710843373493976,-2.5088902513795217,-9.481912936848559,0.2035561005518087,3.0,0.30303030303030304,3300.0,-29.993123943826113,-13.313093642561624,3.4757881242351845,1272.5274725274724,-1.0,78.32988047808765,0.30343392069626496,
2023-07-31 13:45:54.550000,-9.578313253012048,-2.5783132530120483,-0.2530120481927711,-2.587369711833231,-9.5113427345187,0.21091354996934394,3.0,0.30303030303030304,3300.0,-29.85571936367344,-14.809276848668494,3.323116368509994,1276.923076923077,-1.0,78.32988047808765,0.3034300706739233,
2023-07-31 13:45:54.557000,-9.55421686746988,-2.602409638554217,-0.22891566265060243,-2.587369711833231,-9.506437768240342,0.21336603310852237,3.0,0.30303030303030304,3300.0,-29.70304760794825,-15.52683410057689,3.2467804906473985,1279.8534798534797,-1.0,78.32988047808765,0.30342627075561523,
2023-07-31 13:45:54.565000,-9.55421686746988,-2.6144578313253013,-0.18072289156626506,-2.60453709380748,-9.499080318822807,0.2207234825260576,3.0,0.30303030303030304,3300.0,-29.19923081405512,-17.068818833401316,3.2467804906473985,1282.7838827838827,-1.0,78.32988047808765,0.3034225157100125,
2023-07-31 13:45:54.573000,-9.614457831325302,-2.6867469879518073,-0.14457831325301207,-2.6364193746167994,-9.565297363580624,0.35806253832004903,3.0,0.30303030303030304,3300.0,-29.53510867665054,-19.72530738301964,2.4986888875939632,1286.4468864468863,-1.0,78.32988047808765,0.3034188003234875,
2023-07-31 13:45:54.580000,-9.626506024096386,-2.746987951807229,-0.12048192771084337,-2.6781115879828326,-9.575107296137338,0.4316370324954016,3.0,0.30303030303030304,3300.0,-29.275566691917717,-21.587902802866967,1.4910552998077038,1287.9120879120878,-1.0,78.32988047808765,0.30341511941662874,
2023-07-31 13:45:54.588000,-9.542168674698795,-2.7590361445783134,-0.04819277108433735,-2.675659104843654,-9.378908645003065,0.4537093807480073,3.0,0.30303030303030304,3300.0,-29.275566691917717,-21.587902802866967,1.4910552998077038,1288.6446886446886,-1.0,78.32988047808765,0.30341146786061773,
2023-07-31 13:45:54.596000,-9.421686746987952,-2.710843373493976,0.060240963855421686,-2.7247087676272224,-9.300429184549357,0.5763335377069282,3.0,0.3025863025863026,3304.8422597212034,-28.664879669016955,-23.496299749431852,0.010139269273352732,1290.8424908424909,-1.0,78.32988047808765,0.30340784059341375,
2023-07-31 13:45:54.603000,-9.325301204819278,-2.698795180722892,0.10843373493975904,-2.6437768240343344,-9.24892703862661,0.539546290619252,3.0,0.30303030303030304,3300.0,-28.37480333313909,-24.00011654332498,-0.5700134024823724,1291.5750915750914,-1.0,78.32988047808765,0.3034042324863934,
2023-07-31 13:45:54.611000,-9.27710843373494,-2.674698795180723,0.16867469879518074,-2.562844880441447,-9.20232985898222,0.6204782342121398,3.0,0.3025863025863026,3304.8422597212034,-27.870986539245962,-23.969582192179942,-1.6539828681312274,1290.10989010989,-1.0,78.32988047808765,0.3034006384873954,
2023-07-31 13:45:54.619000,-9.265060240963855,-2.6506024096385543,0.21686746987951808,-2.582464745554874,-9.295524218270998,0.6989576946658491,3.0,0.30303030303030304,3300.0,-27.168696462910084,-23.557368451721928,-1.2570363032457312,1287.9120879120878,-1.0,78.32988047808765,0.3033970536456281,
2023-07-31 13:45:54.626000,-9.289156626506024,-2.566265060240964,0.26506024096385544,-2.521152667075414,-9.26364193746168,0.7259350091968118,3.0,0.3025863025863026,3304.8422597212034,-26.2221315774139,-23.572635627294446,-0.9364256162228304,1282.7838827838827,-1.0,78.32988047808765,0.30339347325375327,
2023-07-31 13:45:54.634000,-9.265060240963855,-2.4939759036144578,0.3253012048192771,-2.4843654199877374,-9.221949724095646,0.7700797057020232,3.0,0.3025863025863026,3304.8422597212034,-25.275566691917717,-23.267292115844064,-0.44787599790221977,1277.6556776556777,-1.0,78.32988047808765,0.303389892851355,
2023-07-31 13:45:54.642000,-9.265060240963855,-2.4457831325301207,0.3493975903614458,-2.447578172900061,-9.209687308399754,0.8412017167381973,3.0,0.30303030303030304,3300.0,-24.283200279703976,-22.458131810500554,0.0406736204183909,1271.7948717948716,-1.0,78.32988047808765,0.30338630792983506,
2023-07-31 13:45:54.649000,-9.204819277108435,-2.4216867469879517,0.3734939759036145,-2.3274064990803187,-9.226854690374003,0.8534641324340895,3.0,0.30303030303030304,3300.0,-23.474039974360466,-20.641337917370784,-0.00512790629916635,1271.062271062271,-1.0,78.32988047808765,0.3033827140940911,
2023-07-31 13:45:54.657000,-9.19277108433735,-2.397590361445783,0.3493975903614458,-2.351931330472103,-9.177805027590434,0.7921520539546291,3.0,0.3025863025863026,3304.8422597212034,-23.10762776062001,-17.175689062408953,0.37655148301381075,1279.120879120879,-1.0,78.32988047808765,0.30337910711618543,
2023-07-31 13:45:54.665000,-9.168674698795181,-2.3734939759036147,0.3493975903614458,-2.3274064990803187,-9.16799509503372,0.7700797057020232,3.0,0.30303030303030304,3300.0,-22.283200279703976,-13.19095623798147,0.9567041547695359,1300.3663003663003,-1.0,78.32988047808765,0.3033754829461506,
2023-07-31 13:45:54.672000,-9.216867469879519,-2.3734939759036147,0.28915662650602414,-2.27835683629675,-9.258736971183323,0.7014101778050276,3.0,0.3025863025863026,3304.8422597212034,-21.71831478352077,-7.7863760853097155,1.5521240020977802,1335.5311355311355,-1.0,78.32988047808765,0.30337183769044324,
2023-07-31 13:45:54.680000,-9.289156626506024,-2.36144578313253,0.1927710843373494,-2.2857142857142856,-9.266094420600858,0.5738810545677498,3.0,0.3025863025863026,3304.8422597212034,-21.19923081405512,-3.0382844822562802,1.8269331624031238,1387.5457875457876,-1.0,78.32988047808765,0.3033681676422281,
2023-07-31 13:45:54.688000,-9.301204819277109,-2.36144578313253,0.12048192771084337,-2.347026364193746,-9.234212139791538,0.5493562231759657,3.0,0.30303030303030304,3300.0,-20.74121554687955,-0.12225394790513523,1.521589650952742,1458.6080586080584,-1.0,78.32988047808765,0.3033644692581067,
2023-07-31 13:45:54.695000,-9.313253012048193,-2.3734939759036147,0.04819277108433735,-2.322501532801962,-9.322501532801962,0.46106683016554256,3.0,0.3025863025863026,3304.8422597212034,-20.649612493444433,2.702173533010895,1.2620476662199176,1547.2527472527472,-1.0,78.32988047808765,0.30336073930422264,
2023-07-31 13:45:54.703000,-9.361445783132531,-2.3734939759036147,-0.03614457831325302,-2.329858982219497,-9.256284488044145,0.4193746167995095,3.0,0.30303030303030304,3300.0,-20.512207913291764,4.183089563545246,1.3841850708000702,1649.8168498168498,-1.0,78.32988047808765,0.30335697473511575,
2023-07-31 13:45:54.711000,-9.409638554216867,-2.433734939759036,-0.060240963855421686,-2.3494788473329247,-9.332311465358675,0.3654199877375843,3.0,0.30303030303030304,3300.0,-20.588543791154358,4.946448342171201,0.9872385059145741,1761.172161172161,-1.0,78.32988047808765,0.30335317255050587,
2023-07-31 13:45:54.718000,-9.433734939759036,-2.4578313253012047,-0.10843373493975904,-2.481912936848559,-9.349478847332923,0.2869405272838749,3.0,0.30303030303030304,3300.0,-20.787017073597106,5.511333838354407,0.5292232387390016,1872.5274725274724,-1.0,78.32988047808765,0.3033493299805805,
2023-07-31 13:45:54.726000,-9.44578313253012,-2.4939759036144578,-0.14457831325301207,-2.4500306560392398,-9.366646229307173,0.2844880441446965,3.0,0.30303030303030304,3300.0,-20.939688829322296,5.343394907056696,0.16281102499854358,1975.091575091575,-1.0,78.32988047808765,0.30334544463887475,
2023-07-31 13:45:54.733000,-9.44578313253012,-2.5421686746987953,-0.1566265060240964,-2.469650521152667,-9.37155119558553,0.2795830778663397,3.0,0.30303030303030304,3300.0,-21.367169745352832,4.686906357438376,-0.47841034904725793,2064.4688644688645,-1.0,78.32988047808765,0.3033415145047981,
2023-07-31 13:45:54.741000,-9.3855421686747,-2.566265060240964,-0.1927710843373494,-2.6020846106683013,-9.32495401594114,0.22317596566523604,3.0,0.30303030303030304,3300.0,-21.06182623390245,3.1601888001864675,-1.1043645475205404,2134.7985347985345,-1.0,78.32988047808765,0.3033375377778802,
2023-07-31 13:45:54.749000,-9.409638554216867,-2.5903614457831328,-0.27710843373493976,-2.5554874310239115,-9.383813611281422,0.20600858369098712,3.0,0.30303030303030304,3300.0,-21.275566691917717,0.35102849484295634,-0.8600897383602351,2182.4175824175823,-1.0,78.32988047808765,0.30333351288045907,
2023-07-31 13:45:54.756000,-9.433734939759036,-2.6144578313253013,-0.18072289156626506,-2.587369711833231,-9.420600858369099,0.3139178418148375,3.0,0.3025863025863026,3304.8422597212034,-21.367169745352832,-3.7100402074471197,-0.7074179826350442,2207.326007326007,-1.0,78.32988047808765,0.3033294383207913,
2023-07-31 13:45:54.764000,-9.433734939759036,-2.5903614457831328,-0.12048192771084337,-2.5849172286940525,-9.452483139178417,0.3261802575107296,3.0,0.30303030303030304,3300.0,-21.306101043062757,-7.4504982227142955,-0.5242118757648152,2207.326007326007,-1.0,78.32988047808765,0.3033253127039318,
2023-07-31 13:45:54.772000,-9.506024096385543,-2.602409638554217,-0.12048192771084337,-2.575107296137339,-9.535867565910484,0.38994481912936846,3.0,0.30303030303030304,3300.0,-20.649612493444433,-11.20622341355399,0.05594079599090998,2185.3479853479853,-1.0,78.32988047808765,0.30332113498702584,
2023-07-31 13:45:54.779000,-9.55421686746988,-2.566265060240964,-0.03614457831325302,-2.528510116492949,-9.457388105456774,0.40220723482526055,3.0,0.3025863025863026,3304.8422597212034,-20.771749898024588,-14.763475321950937,0.19334537614358174,2139.194139194139,758.331298828125,79.12109139200773,0.30331690434989966,
2023-07-31 13:45:54.787000,-9.530120481927712,-2.5421686746987953,0.0,-2.5432250153280194,-9.49417535254445,0.46842427958307786,3.0,0.3025863025863026,3304.8422597212034,-20.2221315774139,-16.992482955538723,0.0406736204183909,2077.6556776556777,-1.0,79.12109139200773,0.30331262006493,
2023-07-31 13:45:54.795000,-9.493975903614459,-2.5542168674698797,0.060240963855421686,-2.4868179031269158,-9.442673206621704,0.5616186388718577,3.0,0.30303030303030304,3300.0,-19.88625371481848,-18.274925703630327,0.37655148301381075,1999.9999999999998,-1.0,79.12109139200773,0.3033082816008728,
2023-07-31 13:45:54.802000,-9.481927710843374,-2.5421686746987953,0.10843373493975904,-2.481912936848559,-9.472103004291846,0.5787860208461066,3.0,0.3025863025863026,3304.8422597212034,-19.168696462910084,-17.71004020744712,1.2467804906473985,1914.2857142857142,-1.0,79.12109139200773,0.3033038887575619,
2023-07-31 13:45:54.810000,-9.493975903614459,-2.4939759036144578,0.13253012048192772,-2.4721030042918453,-9.506437768240342,0.6253832004904966,3.0,0.30303030303030304,3300.0,-17.703047607948253,-16.7329409708059,1.9338033914107573,1822.7106227106226,-1.0,79.12109139200773,0.3032994415336345,
2023-07-31 13:45:54.818000,-9.506024096385543,-2.4578313253012047,0.14457831325301207,-2.364193746167995,-9.538320049049663,0.6033108522378908,3.0,0.30303030303030304,3300.0,-17.016024707184894,-14.794009673095974,2.2238797272886197,1731.135531135531,-1.0,79.12109139200773,0.3032949401112763,
2023-07-31 13:45:54.825000,-9.506024096385543,-2.4457831325301207,0.12048192771084337,-2.3740036787247085,-9.44757817290006,0.5444512568976088,3.0,0.3025863025863026,3304.8422597212034,-16.55800944000932,-12.687139444088341,1.7658644601130473,1643.956043956044,-1.0,79.12109139200773,0.30329038501071154,
2023-07-31 13:45:54.833000,-9.457831325301205,-2.4096385542168677,0.10843373493975904,-2.4034334763948495,-9.425505824647455,0.5738810545677498,3.0,0.30303030303030304,3300.0,-16.176330050696343,-10.595536390653226,0.8345667501893832,1562.6373626373625,-1.0,79.12109139200773,0.3032857766582995,
2023-07-31 13:45:54.841000,-9.433734939759036,-2.3855421686746987,0.14457831325301207,-2.3077866339668915,-9.44757817290006,0.5885959534028203,3.0,0.3025863025863026,3304.8422597212034,-15.993123943826115,-8.35126158149292,0.6666278188916733,1488.6446886446886,-1.0,79.12109139200773,0.3032811156675456,
2023-07-31 13:45:54.848000,-9.421686746987952,-2.36144578313253,0.20481927710843376,-2.2636419374616796,-9.364193746167995,0.6817903126916002,3.0,0.3025863025863026,3304.8422597212034,-15.672513256803214,-6.53446768836315,0.3460171318687726,1421.9780219780218,-1.0,79.12109139200773,0.3032764029704445,
2023-07-31 13:45:54.856000,-9.397590361445783,-2.3012048192771086,0.24096385542168675,-2.2047823421213977,-9.344573881054567,0.745554874310239,3.0,0.3025863025863026,3304.8422597212034,-15.275566691917719,-4.992482955538723,0.010139269273352732,1364.8351648351647,-1.0,79.12109139200773,0.3032716395013308,
2023-07-31 13:45:54.864000,-9.361445783132531,-2.2650602409638556,0.26506024096385544,-2.1704475781729,-9.317596566523605,0.7504598405885959,3.0,0.3025863025863026,3304.8422597212034,-15.275566691917719,-4.992482955538723,0.010139269273352732,1316.4835164835165,-1.0,79.12109139200773,0.3032668263274352,
2023-07-31 13:45:54.871000,-9.337349397590362,-2.240963855421687,0.30120481927710846,-2.239117106069896,-9.33966891477621,0.7234825260576333,3.0,0.3025863025863026,3304.8422597212034,-14.878620127032223,-4.320727230347883,-0.34100576889458617,1276.923076923077,-1.0,79.12109139200773,0.30326196464028154,
2023-07-31 13:45:54.879000,-9.349397590361447,-2.240963855421687,0.28915662650602414,-2.1630901287553645,-9.337216431637032,0.8142244022072348,3.0,0.3025863025863026,3304.8422597212034,-14.527475088864284,-4.36652875706544,-0.5394790513373343,1245.4212454212454,-1.0,79.12109139200773,0.30325705574672696,
2023-07-31 13:45:54.887000,-9.3855421686747,-2.240963855421687,0.28915662650602414,-2.1630901287553645,-9.317596566523605,0.8093194359288779,3.0,0.3025863025863026,3304.8422597212034,-14.038925470543674,-4.916147077676127,-0.875356913932754,1220.5128205128203,-1.0,79.12109139200773,0.3032521010597021,
2023-07-31 13:45:54.894000,-9.373493975903616,-2.240963855421687,0.30120481927710846,-2.2023298589822193,-9.349478847332923,0.8068669527896996,3.0,0.3025863025863026,3304.8422597212034,-13.260299516345201,-5.023017306683761,-0.8906240895052732,1200.7326007326008,-1.0,79.12109139200773,0.3032471020887091,
2023-07-31 13:45:54.902000,-9.373493975903616,-2.253012048192771,0.3253012048192771,-2.1679950950337217,-9.391171060698957,0.7995095033721643,3.0,0.3025863025863026,3304.8422597212034,-12.954956004894818,-5.1146203601188756,-1.043295845230464,1183.150183150183,-1.0,79.12109139200773,0.3032420604301339,
2023-07-31 13:45:54.910000,-9.3855421686747,-2.253012048192771,0.28915662650602414,-2.288166768853464,-9.307786633966892,0.762722256284488,3.0,0.3025863025863026,3304.8422597212034,-12.069459821688712,-4.412330283782998,-1.6387156925587083,1166.3003663003662,-1.0,79.12109139200773,0.30323697775743313,
2023-07-31 13:45:54.917000,-9.397590361445783,-2.289156626506024,0.3132530120481928,-2.2636419374616796,-9.349478847332923,0.703862660944206,3.0,0.3025863025863026,3304.8422597212034,-11.733581959093291,-2.7482081463784174,-1.6387156925587083,1152.3809523809523,-1.0,79.12109139200773,0.3032318558112486,
2023-07-31 13:45:54.925000,-9.397590361445783,-2.289156626506024,0.2530120481927711,-2.246474555487431,-9.381361128142244,0.6989576946658491,3.0,0.3025863025863026,3304.8422597212034,-11.016024707184895,-0.38179593263795963,-1.928792028436571,1142.1245421245421,-1.0,79.12109139200773,0.3032266963895128,
2023-07-31 13:45:54.933000,-9.421686746987952,-2.3012048192771086,0.24096385542168675,-2.2660944206008584,-9.393623543838135,0.6376456161863887,3.0,0.30214230214230214,3309.6987509184423,-10.481673562146726,2.4273643727055516,-2.1730668375968762,1134.065934065934,-1.0,79.12109139200773,0.3032215013375954,
2023-07-31 13:45:54.940000,-9.481927710843374,-2.3373493975903616,0.12048192771084337,-2.3494788473329247,-9.437768240343347,0.551808706315144,3.0,0.30214230214230214,3309.6987509184423,-10.237398752986422,4.96171551774372,-2.9364256162228304,1130.4029304029302,-1.0,79.12109139200773,0.3032162725280051,
2023-07-31 13:45:54.948000,-9.530120481927712,-2.397590361445783,0.07228915662650603,-2.3666462293071735,-9.567749846719803,0.5640711220110362,3.0,0.3025863025863026,3304.8422597212034,-9.641978905658178,7.434997960491811,-3.8371889750014563,1131.135531135531,-1.0,79.12109139200773,0.303211011808535,
2023-07-31 13:45:54.956000,-9.55421686746988,-2.433734939759036,0.024096385542168676,-2.3911710606989574,-9.606989576946658,0.48559166155732675,3.0,0.3025863025863026,3304.8422597212034,-9.260299516345201,9.343394907056696,-4.76848668492512,1137.7289377289376,-1.0,79.12109139200773,0.3032057211312256,
2023-07-31 13:45:54.963000,-9.55421686746988,-2.4698795180722892,0.0,-2.4132434089515633,-9.565297363580624,0.49540159411404044,3.0,0.30214230214230214,3309.6987509184423,-8.741215546879552,10.900646815453642,-5.348639356680845,1147.2527472527472,-1.0,79.12109139200773,0.3032004025643314,
2023-07-31 13:45:54.971000,-9.542168674698795,-2.4578313253012047,-0.03614457831325302,-2.4132434089515633,-9.486817903126916,0.37522992029429797,3.0,0.3025863025863026,3304.8422597212034,-8.023658294971154,12.198356739117765,-6.386807295612143,1162.6373626373625,-1.0,79.12109139200773,0.3031950579959797,
2023-07-31 13:45:54.979000,-9.518072289156628,-2.5060240963855422,-0.07228915662650603,-2.459840588595953,-9.469650521152667,0.3261802575107296,3.0,0.30214230214230214,3309.6987509184423,-8.054192646116192,13.007517044461277,-6.93642561622283,1183.150183150183,-1.0,79.12109139200773,0.3031896892534643,
2023-07-31 13:45:54.986000,-9.457831325301205,-2.5421686746987953,-0.10843373493975904,-2.4721030042918453,-9.369098712446352,0.3507050889025138,3.0,0.3025863025863026,3304.8422597212034,-7.641978905658178,12.641104830720819,-7.547112639123593,1209.5238095238094,-1.0,79.12109139200773,0.3031842981049867,
2023-07-31 13:45:54.994000,-9.421686746987952,-2.5180722891566267,-0.14457831325301207,-2.4573881054567748,-9.398528510116492,0.2673206621704476,3.0,0.3025863025863026,3304.8422597212034,-7.275566691917719,11.75560864751471,-7.791387448283899,1239.5604395604396,-1.0,79.12109139200773,0.30317888624050887,
2023-07-31 13:45:55.002000,-9.3855421686747,-2.566265060240964,-0.1566265060240964,-2.491722869405273,-9.258736971183323,0.29429797670141017,3.0,0.3025863025863026,3304.8422597212034,-7.245032340772681,10.28995979255288,-7.821921799428938,1273.260073260073,-1.0,79.12109139200773,0.3031734554232058,
2023-07-31 13:45:55.009000,-9.361445783132531,-2.5542168674698797,-0.1566265060240964,-2.5554874310239115,-9.320049049662783,0.24034334763948498,3.0,0.3025863025863026,3304.8422597212034,-7.077093409474972,8.335761319270437,-7.745585921566342,1307.6923076923076,-1.0,79.12109139200773,0.30316800734342386,
2023-07-31 13:45:55.017000,-9.361445783132531,-2.5903614457831328,-0.16867469879518074,-2.562844880441447,-9.305334150827713,0.269773145309626,3.0,0.3025863025863026,3304.8422597212034,-7.138162111765048,7.083852922323872,-7.638715692558708,1341.3919413919414,-1.0,79.12109139200773,0.3031625434730748,
2023-07-31 13:45:55.025000,-9.373493975903616,-2.602409638554217,-0.12048192771084337,-2.5898221949724096,-9.383813611281422,0.3139178418148375,3.0,0.3025863025863026,3304.8422597212034,-7.046559058329933,4.839578113163567,-7.592914165841151,1371.4285714285713,-1.0,79.12109139200773,0.3031570652183902,
2023-07-31 13:45:55.032000,-9.397590361445783,-2.662650602409639,-0.13253012048192772,-2.5383200490496627,-9.396076026977314,0.3654199877375843,3.0,0.3025863025863026,3304.8422597212034,-6.863352951459705,3.0227842200337958,-7.165433249810617,1395.6043956043954,-1.0,79.12109139200773,0.30315157404168575,
2023-07-31 13:45:55.040000,-9.3855421686747,-2.662650602409639,-0.13253012048192772,-2.633966891477621,-9.354383813611282,0.35561005518087063,3.0,0.3025863025863026,3304.8422597212034,-7.092360585047491,1.6182040673620404,-7.073830196375502,1413.1868131868132,-1.0,79.12109139200773,0.3031460713069845,
2023-07-31 13:45:55.048000,-9.361445783132531,-2.698795180722892,-0.10843373493975904,-2.6609442060085837,-9.32495401594114,0.40220723482526055,3.0,0.3025863025863026,3304.8422597212034,-6.573276615581841,0.2136239146902846,-6.6463492803449675,1424.9084249084249,-1.0,79.12109139200773,0.3031405581367908,
2023-07-31 13:45:55.055000,-9.3855421686747,-2.710843373493976,-0.13253012048192772,-2.65113427345187,-9.327406499080318,0.3703249540159411,3.0,0.3025863025863026,3304.8422597212034,-6.527475088864285,-0.8856127265310894,-6.005127906299166,1432.9670329670328,-1.0,79.12109139200773,0.3031350355673791,
2023-07-31 13:45:55.063000,-9.397590361445783,-2.746987951807229,-0.08433734939759037,-2.6854690374003676,-9.405885959534027,0.3703249540159411,3.0,0.30214230214230214,3309.6987509184423,-6.43587203542917,-1.4352310471417764,-5.165433249810617,1433.6996336996335,-1.0,79.12109139200773,0.3031295046732371,
2023-07-31 13:45:55.071000,-9.373493975903616,-2.7590361445783134,-0.07228915662650603,-2.7075413856529735,-9.33966891477621,0.3948497854077253,3.0,0.3025863025863026,3304.8422597212034,-5.901520890391002,-1.5115669250043717,-4.7532195093526015,1428.5714285714284,-1.0,79.12109139200773,0.30312396626619637,
2023-07-31 13:45:55.078000,-9.361445783132531,-2.771084337349398,-0.0963855421686747,-2.670754138565297,-9.342121397915388,0.3801348865726548,3.0,0.30214230214230214,3309.6987509184423,-5.962589592681079,-1.389429520424219,-4.111998135306799,1419.047619047619,-1.0,79.12109139200773,0.30311842102128156,
2023-07-31 13:45:55.086000,-9.361445783132531,-2.746987951807229,-0.060240963855421686,-2.732066217044758,-9.342121397915388,0.48313917841814835,3.0,0.30214230214230214,3309.6987509184423,-5.6725132568032155,-1.0688188334013184,-3.592914165841151,1404.3956043956043,-1.0,79.12109139200773,0.3031128694855139,
2023-07-31 13:45:55.093000,-9.325301204819278,-2.771084337349398,-0.03614457831325302,-2.732066217044758,-9.290619251992641,0.38994481912936846,3.0,0.30214230214230214,3309.6987509184423,-4.970223180467338,-0.045918070042539824,-2.692150807062525,1386.080586080586,-1.0,79.12109139200773,0.30310731205574915,
2023-07-31 13:45:55.101000,-9.301204819277109,-2.783132530120482,-0.024096385542168676,-2.763948497854077,-9.24892703862661,0.42918454935622313,3.0,0.3025863025863026,3304.8422597212034,-4.60381096672688,0.7479750597284525,-2.570013402482372,1365.5677655677655,-1.0,79.12109139200773,0.303101748957075,
2023-07-31 13:45:55.109000,-9.253012048192772,-2.783132530120482,-0.060240963855421686,-2.7664009809932555,-9.158185162477007,0.48559166155732675,3.0,0.30214230214230214,3309.6987509184423,-4.130528523978788,2.1678223879727274,-1.959326379581609,1342.8571428571427,-1.0,79.12109139200773,0.3030961802638435,
2023-07-31 13:45:55.116000,-9.19277108433735,-2.783132530120482,-0.024096385542168676,-2.7173513182096873,-9.10668301655426,0.48559166155732675,3.0,0.30214230214230214,3309.6987509184423,-3.5961773789406206,3.2975933803391393,-1.5623798146961128,1322.3443223443223,-1.0,79.12109139200773,0.3030906059212802,
2023-07-31 13:45:55.124000,-9.144578313253012,-2.783132530120482,-0.07228915662650603,-2.732066217044758,-9.118945432250152,0.42673206621704474,3.0,0.3025863025863026,3304.8422597212034,-3.0618262339024525,4.900646815453643,-1.1654332498106166,1303.2967032967033,-1.0,79.12109139200773,0.3030850255868672,
2023-07-31 13:45:55.132000,-9.096385542168676,-2.819277108433735,-0.12048192771084337,-2.768853464132434,-9.074800735744942,0.38749233599019006,3.0,0.3025863025863026,3304.8422597212034,-2.481673562146727,6.839578113163567,-0.5700134024823724,1284.9816849816848,-1.0,79.12109139200773,0.3030794389194838,
2023-07-31 13:45:55.139000,-9.10843373493976,-2.807228915662651,-0.16867469879518074,-2.7786633966891476,-9.040465971796444,0.2893930104230533,3.0,0.30214230214230214,3309.6987509184423,-2.2068644018413837,8.183089563545247,-0.12726531087931903,1268.8644688644688,-1.0,79.12109139200773,0.303073845602968,
2023-07-31 13:45:55.147000,-9.132530120481928,-2.771084337349398,-0.1927710843373494,-2.739423666462293,-9.055180870631514,0.2869405272838749,3.0,0.3025863025863026,3304.8422597212034,-2.2068644018413837,8.183089563545247,-0.12726531087931903,1256.4102564102564,-1.0,79.12109139200773,0.30306824506203195,
2023-07-31 13:45:55.155000,-9.180722891566266,-2.7590361445783134,-0.24096385542168675,-2.700183936235438,-9.111587982832617,0.17412630288166767,3.0,0.30214230214230214,3309.6987509184423,-1.5809102033681015,9.77087582308723,0.3154827807237344,1243.956043956044,-1.0,79.12109139200773,0.30306263659440635,
2023-07-31 13:45:55.162000,-9.216867469879519,-2.746987951807229,-0.30120481927710846,-2.6781115879828326,-9.192519926425506,0.12752912323727775,3.0,0.30214230214230214,3309.6987509184423,-1.0923605850474907,10.183089563545247,0.4070858341588489,1231.5018315018315,-1.0,79.12109139200773,0.30305701938596136,
2023-07-31 13:45:55.170000,-9.27710843373494,-2.7228915662650603,-0.3132530120481928,-2.663396689147762,-9.266094420600858,0.134886572654813,3.0,0.30214230214230214,3309.6987509184423,-0.8938873026047427,10.854845288736085,0.25441407843365804,1219.7802197802198,-1.0,79.12109139200773,0.30305139235610823,
2023-07-31 13:45:55.178000,-9.337349397590362,-2.710843373493976,-0.4096385542168675,-2.6266094420600856,-9.342121397915388,0.029429797670141016,3.0,0.30214230214230214,3309.6987509184423,-0.9091544781772618,10.106753685682651,-0.0509294330167236,1210.989010989011,-1.0,79.12109139200773,0.3030457543016053,
2023-07-31 13:45:55.185000,-9.397590361445783,-2.698795180722892,-0.39759036144578314,-2.6486817903126916,-9.408338442673205,-0.05150214592274678,3.0,0.30214230214230214,3309.6987509184423,-1.4129712720703915,9.190723151331506,0.14754384942602447,1204.3956043956043,-1.0,79.12109139200773,0.3030401039021202,
2023-07-31 13:45:55.193000,-9.44578313253012,-2.6867469879518073,-0.44578313253012053,-2.7173513182096873,-9.454935622317596,-0.03923973022685469,3.0,0.30214230214230214,3309.6987509184423,-1.0312918827574145,8.213623914690285,-0.5700134024823724,1200.7326007326008,-1.0,79.12109139200773,0.3030344397262779,
2023-07-31 13:45:55.201000,-9.481927710843374,-2.674698795180723,-0.43373493975903615,-2.6020846106683013,-9.442673206621704,-0.09809932556713671,3.0,0.30214230214230214,3309.6987509184423,-1.2602995163452007,6.396830021560513,-0.47841034904725793,1198.5347985347985,-1.0,79.12109139200773,0.3030287602381695,
2023-07-31 13:45:55.208000,-9.493975903614459,-2.662650602409639,-0.46987951807228917,-2.6069895769466584,-9.477007970570202,-0.08338442673206621,3.0,0.30214230214230214,3309.6987509184423,-1.5503758522230633,4.320494143697918,-1.3028378299632883,1197.069597069597,-1.0,79.12109139200773,0.3030230638042962,
2023-07-31 13:45:55.216000,-9.46987951807229,-2.662650602409639,-0.4819277108433735,-2.5775597792765175,-9.427958307786634,-0.0956468424279583,3.0,0.30214230214230214,3309.6987509184423,-1.7183147835207733,2.2441582658353227,-1.3028378299632883,1197.8021978021977,-1.0,79.12109139200773,0.30301734870092356,
2023-07-31 13:45:55.224000,-9.46987951807229,-2.6506024096385543,-0.45783132530120485,-2.621704475781729,-9.459840588595952,-0.05150214592274678,3.0,0.30214230214230214,3309.6987509184423,-2.237398752986422,0.19835673911776552,-1.8066546238564183,1204.3956043956043,-1.0,79.12109139200773,0.3030116131218121,
2023-07-31 13:45:55.231000,-9.481927710843374,-2.6506024096385543,-0.46987951807228917,-2.6192519926425506,-9.452483139178417,-0.02207234825260576,3.0,0.30214230214230214,3309.6987509184423,-2.6648796690169565,-1.5879028028669673,-1.760853097138861,1215.3846153846152,-1.0,79.12109139200773,0.30300585518629997,
2023-07-31 13:45:55.239000,-9.44578313253012,-2.662650602409639,-0.46987951807228917,-2.6020846106683013,-9.366646229307173,-0.06376456161863887,3.0,0.30169830169830175,3314.569536423841,-3.1076277606200096,-3.4504982227142955,-1.760853097138861,1228.5714285714284,-1.0,79.12109139200773,0.3030000729477007,
2023-07-31 13:45:55.247000,-9.433734939759036,-2.662650602409639,-0.45783132530120485,-2.6069895769466584,-9.337216431637032,-0.017167381974248927,3.0,0.30214230214230214,3309.6987509184423,-3.1076277606200096,-4.961948604393685,-2.0356622574442045,1241.0256410256409,-1.0,79.12109139200773,0.3029942643914422,
2023-07-31 13:45:55.254000,-9.397590361445783,-2.698795180722892,-0.42168674698795183,-2.6658491722869404,-9.337216431637032,0.014714898835070508,3.0,0.30214230214230214,3309.6987509184423,-3.687780432375735,-5.984849367752464,-2.2952042421770287,1249.8168498168498,-1.0,79.12109139200773,0.30298842741228826,
2023-07-31 13:45:55.262000,-9.3855421686747,-2.6867469879518073,-0.3734939759036145,-2.6315144083384427,-9.32495401594114,0.04414469650521152,3.0,0.30214230214230214,3309.6987509184423,-3.6267117300856584,-7.053551657828799,-2.3715401200396244,1260.07326007326,-1.0,79.12109139200773,0.30298255999356144,
2023-07-31 13:45:55.270000,-9.361445783132531,-2.674698795180723,-0.3855421686746988,-2.6609442060085837,-9.337216431637032,0.05150214592274678,3.0,0.30214230214230214,3309.6987509184423,-3.93205524153604,-7.969582192179944,-2.4326088223297004,1272.5274725274724,-1.0,79.12109139200773,0.3029766600675058,
2023-07-31 13:45:55.277000,-9.325301204819278,-2.6867469879518073,-0.3614457831325301,-2.5947271612507663,-9.302881667688535,0.08338442673206621,3.0,0.30214230214230214,3309.6987509184423,-4.161062875123826,-8.809276848668494,-2.570013402482372,1284.9816849816848,-1.0,79.12109139200773,0.30297072539677117,
2023-07-31 13:45:55.285000,-9.301204819277109,-2.6867469879518073,-0.30120481927710846,-2.599632127529123,-9.32495401594114,0.14469650521152666,3.0,0.30214230214230214,3309.6987509184423,-4.298467455276498,-9.618437154012005,-2.0051279062991663,1295.970695970696,-1.0,79.12109139200773,0.3029647537327324,
2023-07-31 13:45:55.293000,-9.301204819277109,-2.674698795180723,-0.27710843373493976,-2.6462293071735132,-9.361741263028817,0.21827099938687922,3.0,0.30214230214230214,3309.6987509184423,-4.252665928558941,-10.04591807004254,-1.6845172192762656,1304.0293040293038,-1.0,79.12109139200773,0.30295874282459906,
2023-07-31 13:45:55.300000,-9.313253012048193,-2.674698795180723,-0.21686746987951808,-2.609442060085837,-9.266094420600858,0.1912936848559166,3.0,0.30214230214230214,3309.6987509184423,-4.252665928558941,-10.19858982576773,-1.028028669657945,1309.1575091575091,-1.0,79.12109139200773,0.3029526904285886,
2023-07-31 13:45:55.308000,-9.301204819277109,-2.6867469879518073,-0.1927710843373494,-2.6364193746167994,-9.273451870018393,0.23789086450030655,3.0,0.30214230214230214,3309.6987509184423,-4.481673562146727,-11.297826466989104,-0.875356913932754,1313.5531135531135,-1.0,79.12109139200773,0.30294659431712534,
2023-07-31 13:45:55.316000,-9.313253012048193,-2.6506024096385543,-0.1566265060240964,-2.60453709380748,-9.307786633966892,0.24279583077866337,3.0,0.30214230214230214,3309.6987509184423,-4.390070508711613,-11.801643260882233,-0.6158149291999296,1317.216117216117,-1.0,79.12109139200773,0.3029404522880382,
2023-07-31 13:45:55.323000,-9.337349397590362,-2.6506024096385543,-0.13253012048192772,-2.5652973635806253,-9.332311465358675,0.34825260576333533,3.0,0.30214230214230214,3309.6987509184423,-4.680146844589475,-12.137521123477654,-0.9516927917953495,1320.8791208791208,-1.0,79.12109139200773,0.30293426217372865,
2023-07-31 13:45:55.331000,-9.337349397590362,-2.6144578313253013,-0.07228915662650603,-2.587369711833231,-9.32495401594114,0.3727774371551195,3.0,0.30214230214230214,3309.6987509184423,-4.802284249169628,-12.335994405920403,-0.7837538604976396,1320.8791208791208,-1.0,79.12109139200773,0.30292802198902385,
2023-07-31 13:45:55.339000,-9.337349397590362,-2.626506024096386,-0.024096385542168676,-2.633966891477621,-9.29307173513182,0.4193746167995095,3.0,0.30214230214230214,3309.6987509184423,-4.344268981994055,-12.106986772332617,-0.9364256162228304,1316.4835164835165,-1.0,79.12109139200773,0.30292172978106285,
2023-07-31 13:45:55.346000,-9.349397590361447,-2.63855421686747,-0.012048192771084338,-2.6462293071735132,-9.297976701410178,0.40220723482526055,3.0,0.30214230214230214,3309.6987509184423,-4.848085775887185,-11.664238680729563,-0.9211584406503114,1309.89010989011,-1.0,79.12109139200773,0.3029153835105771,
2023-07-31 13:45:55.354000,-9.349397590361447,-2.662650602409639,0.012048192771084338,-2.582464745554874,-9.317596566523605,0.47087676272225626,3.0,0.30214230214230214,3309.6987509184423,-5.10762776062001,-11.267292115844066,-0.8142882116426777,1298.9010989010987,-1.0,79.12109139200773,0.3029089812097322,
2023-07-31 13:45:55.362000,-9.373493975903616,-2.6867469879518073,0.012048192771084338,-2.6560392397302266,-9.366646229307173,0.4316370324954016,3.0,0.30214230214230214,3309.6987509184423,-5.290833867490239,-10.71767379523338,-0.844822562787716,1287.9120879120878,-1.0,79.12109139200773,0.30290252099050063,
2023-07-31 13:45:55.369000,-9.3855421686747,-2.710843373493976,0.012048192771084338,-2.641324340895156,-9.35683629675046,0.4193746167995095,3.0,0.30214230214230214,3309.6987509184423,-5.474039974360467,-9.832177612027273,-0.9822271429403877,1277.6556776556777,-1.0,79.12109139200773,0.3028960011915823,
2023-07-31 13:45:55.377000,-9.373493975903616,-2.710843373493976,0.024096385542168676,-2.709993868792152,-9.329858982219497,0.49294911097486205,3.0,0.30214230214230214,3309.6987509184423,-5.93205524153604,-9.404696695996737,-0.7532195093526014,1271.062271062271,-1.0,79.12109139200773,0.3028894202272217,
2023-07-31 13:45:55.385000,-9.3855421686747,-2.746987951807229,0.03614457831325302,-2.7075413856529735,-9.33966891477621,0.4757817290006131,3.0,0.30214230214230214,3309.6987509184423,-6.0083911193986355,-8.961948604393685,-0.844822562787716,1268.131868131868,-1.0,79.12109139200773,0.30288277646729345,
2023-07-31 13:45:55.392000,-9.325301204819278,-2.771084337349398,0.08433734939759037,-2.781115879828326,-9.31023911710607,0.4880441446965052,3.0,0.30169830169830175,3314.569536423841,-6.344268981994055,-8.137521123477654,-0.5242118757648152,1265.9340659340658,-1.0,79.12109139200773,0.30287606839382514,
2023-07-31 13:45:55.400000,-9.301204819277109,-2.7951807228915664,0.0963855421686747,-2.741876149601471,-9.285714285714285,0.5076640098099325,3.0,0.30214230214230214,3309.6987509184423,-6.725948371307033,-7.557368451721929,-0.17306683759687627,1269.5970695970695,-1.0,79.12109139200773,0.3028692945973936,
2023-07-31 13:45:55.408000,-9.313253012048193,-2.783132530120482,0.07228915662650603,-2.761496014714899,-9.26364193746168,0.4659717964438994,3.0,0.30214230214230214,3309.6987509184423,-6.60381096672688,-6.992482955538723,-0.020395081871685435,1281.3186813186812,-1.0,79.12109139200773,0.30286245389079003,
2023-07-31 13:45:55.415000,-9.313253012048193,-2.819277108433735,0.060240963855421686,-2.7958307786633965,-9.280809319435928,0.5272838749233598,3.0,0.30214230214230214,3309.6987509184423,-6.649612493444437,-6.519200512790631,-0.1577996620243572,1306.9597069597069,-1.0,79.12109139200773,0.3028555451875211,
2023-07-31 13:45:55.423000,-9.313253012048193,-2.843373493975904,0.03614457831325302,-2.8007357449417536,-9.24892703862661,0.4904966278356836,3.0,0.30214230214230214,3309.6987509184423,-6.649612493444437,-6.519200512790631,-0.1577996620243572,1350.9157509157508,-1.0,79.12109139200773,0.30284856739031596,
2023-07-31 13:45:55.431000,-9.289156626506024,-2.8313253012048194,0.024096385542168676,-2.8301655426118946,-9.266094420600858,0.5076640098099325,3.0,0.30214230214230214,3309.6987509184423,-6.6648796690169565,-6.0153837188975015,-0.24940271545947168,1419.047619047619,-1.0,79.12109139200773,0.30284151954545274,
2023-07-31 13:45:55.438000,-9.265060240963855,-2.843373493975904,0.060240963855421686,-2.7786633966891476,-9.251379521765788,0.4904966278356836,3.0,0.30214230214230214,3309.6987509184423,-6.680146844589475,-5.648971505157044,-0.06619660858924269,1508.4249084249084,-1.0,79.12109139200773,0.3028344008474351,
2023-07-31 13:45:55.446000,-9.253012048192772,-2.843373493975904,0.04819277108433735,-2.793378295524218,-9.226854690374003,0.45861434702636417,3.0,0.30214230214230214,3309.6987509184423,-6.634345317871918,-5.801643260882234,0.19334537614358174,1613.9194139194137,-1.0,79.12109139200773,0.30282721064330204,
2023-07-31 13:45:55.454000,-9.253012048192772,-2.855421686746988,0.04819277108433735,-2.8424279583077863,-9.219497240956468,0.463519313304721,3.0,0.30214230214230214,3309.6987509184423,-6.405337684284132,-5.603169978439486,0.5444904143115207,1730.4029304029302,-1.0,79.12109139200773,0.3028199484365743,
2023-07-31 13:45:55.461000,-9.240963855421688,-2.8674698795180724,0.0,-2.8522378908645,-9.18761496014715,0.43899448191293683,3.0,0.30214230214230214,3309.6987509184423,-6.344268981994055,-5.862711963172311,0.8498339257619023,1847.6190476190475,-1.0,79.12109139200773,0.30281261389082437,
2023-07-31 13:45:55.469000,-9.240963855421688,-2.891566265060241,0.0,-2.89883507050889,-9.244022072348253,0.4537093807480073,3.0,0.30214230214230214,3309.6987509184423,-6.542742264436804,-5.633704329584524,1.506322475380223,1957.5091575091574,-1.0,79.12109139200773,0.3028052068328723,
2023-07-31 13:45:55.476000,-9.228915662650603,-2.879518072289157,0.012048192771084338,-2.793378295524218,-9.219497240956468,0.43408951563458,3.0,0.30214230214230214,3309.6987509184423,-6.054192646116193,-5.87797913874483,1.6742614066779329,2053.4798534798533,-1.0,79.12109139200773,0.3027977272556051,
2023-07-31 13:45:55.484000,-9.228915662650603,-2.879518072289157,0.0,-2.857142857142857,-9.199877375843041,0.4414469650521152,3.0,0.30214230214230214,3309.6987509184423,-6.481673562146727,-5.954315016607425,2.3154827807237344,2133.333333333333,-1.0,79.12109139200773,0.3027901753204132,
2023-07-31 13:45:55.492000,-9.253012048192772,-2.8674698795180724,-0.024096385542168676,-2.79092581238504,-9.221949724095646,0.39975475168608215,3.0,0.30214230214230214,3309.6987509184423,-6.359536157566574,-6.091719596760097,2.834566750189383,2191.941391941392,-1.0,79.12109139200773,0.3027825513592495,
2023-07-31 13:45:55.499000,-9.253012048192772,-2.855421686746988,-0.024096385542168676,-2.832618025751073,-9.236664622930716,0.4414469650521152,3.0,0.30169830169830175,3314.569536423841,-6.374803333139093,-5.816910436454753,2.849833925761902,2226.3736263736264,-1.0,79.12109139200773,0.30277485587630654,
2023-07-31 13:45:55.507000,-9.253012048192772,-2.855421686746988,-0.024096385542168676,-2.803188228080932,-9.20232985898222,0.4095646842427958,3.0,0.30214230214230214,3309.6987509184423,-6.466406386574208,-6.061185245615059,3.1093759104947267,2235.164835164835,-1.0,79.12109139200773,0.30276708940001884,
2023-07-31 13:45:55.515000,-9.265060240963855,-2.8313253012048194,-0.012048192771084338,-2.768853464132434,-9.251379521765788,0.41692213366033104,3.0,0.30214230214230214,3309.6987509184423,-6.496940737719246,-5.969582192179944,3.2467804906473985,2216.8498168498168,-1.0,79.12109139200773,0.3027592526113995,
2023-07-31 13:45:55.522000,-9.289156626506024,-2.843373493975904,0.03614457831325302,-2.8595953402820355,-9.337216431637032,0.5003065603923973,3.0,0.30169830169830175,3314.569536423841,-6.512207913291765,-5.526834100576891,3.6742614066779327,2172.8937728937726,-1.0,79.12109139200773,0.30275134650351826,
2023-07-31 13:45:55.530000,-9.325301204819278,-2.855421686746988,0.012048192771084338,-2.7762109135499693,-9.29307173513182,0.4071122011036174,3.0,0.30214230214230214,3309.6987509184423,-6.60381096672688,-5.053551657828799,4.239146902861139,2112.087912087912,-1.0,79.12109139200773,0.302743372093439,
2023-07-31 13:45:55.538000,-9.337349397590362,-2.819277108433735,-0.03614457831325302,-2.732066217044758,-9.31023911710607,0.3850398528510116,3.0,0.30214230214230214,3309.6987509184423,-6.390070508711613,-4.503933337218112,4.620826292174116,2032.9670329670328,765.9912109375,78.32988047808765,0.3027353305492557,
2023-07-31 13:45:55.545000,-9.349397590361447,-2.771084337349398,-0.03614457831325302,-2.6781115879828326,-9.297976701410178,0.37768240343347637,3.0,0.30214230214230214,3309.6987509184423,-6.695414020161994,-5.099353184546357,5.1399102616397645,1940.6593406593406,-1.0,78.32988047808765,0.30272722334828983,
2023-07-31 13:45:55.553000,-9.361445783132531,-2.771084337349398,-0.060240963855421686,-2.702636419374617,-9.347026364193745,0.3825873697118332,3.0,0.30214230214230214,3309.6987509184423,-6.970223180467338,-5.435231047141777,5.307849192937475,1839.5604395604394,-1.0,78.32988047808765,0.3027190522758127,
2023-07-31 13:45:55.561000,-9.337349397590362,-2.7590361445783134,-0.04819277108433735,-2.6952789699570814,-9.33966891477621,0.3825873697118332,3.0,0.30169830169830175,3314.569536423841,-7.168696462910086,-5.87797913874483,5.292582017364955,1737.7289377289376,-1.0,78.32988047808765,0.3027108194030523,
2023-07-31 13:45:55.568000,-9.349397590361447,-2.710843373493976,-0.04819277108433735,-2.629061925199264,-9.337216431637032,0.4071122011036174,3.0,0.30214230214230214,3309.6987509184423,-7.275566691917719,-6.137521123477654,5.72006293339549,1638.8278388278386,-1.0,78.32988047808765,0.3027025266492137,
2023-07-31 13:45:55.576000,-9.349397590361447,-2.6867469879518073,0.0,-2.6560392397302266,-9.33966891477621,0.4193746167995095,3.0,0.30169830169830175,3314.569536423841,-7.0007575316123765,-6.21385700134025,6.0254064448458715,1545.054945054945,-1.0,78.32988047808765,0.3026941759281166,
2023-07-31 13:45:55.584000,-9.313253012048193,-2.63855421686747,0.0,-2.621704475781729,-9.33966891477621,0.41201716738197425,3.0,0.30169830169830175,3314.569536423841,-7.306101043062758,-6.717673795233379,6.086475147135948,1458.6080586080584,-1.0,78.32988047808765,0.3026857693041662,
2023-07-31 13:45:55.591000,-9.361445783132531,-2.6506024096385543,0.012048192771084338,-2.592274678111588,-9.26364193746168,0.39975475168608215,3.0,0.30169830169830175,3314.569536423841,-7.183963638482605,-6.748208146378418,6.086475147135948,1381.6849816849815,-1.0,78.32988047808765,0.30267730882827576,
2023-07-31 13:45:55.599000,-9.361445783132531,-2.602409638554217,0.0,-2.5726548129981603,-9.364193746167995,0.43408951563458,3.0,0.30169830169830175,3314.569536423841,-7.275566691917719,-7.099353184546357,6.086475147135948,1315.7509157509157,-1.0,78.32988047808765,0.3026687966712009,
2023-07-31 13:45:55.607000,-9.373493975903616,-2.5783132530120483,-0.012048192771084338,-2.5260576333537705,-9.295524218270998,0.3973022685469037,3.0,0.30169830169830175,3314.569536423841,-7.2602995163452,-7.3436279937066615,5.994872093700834,1263.7362637362637,-1.0,78.32988047808765,0.3026602351176805,
2023-07-31 13:45:55.614000,-9.3855421686747,-2.5542168674698797,0.024096385542168676,-2.5260576333537705,-9.361741263028817,0.4193746167995095,3.0,0.30169830169830175,3314.569536423841,-7.2602995163452,-8.137521123477654,6.0254064448458715,1224.1758241758241,-1.0,78.32988047808765,0.30265162656015643,
2023-07-31 13:45:55.622000,-9.397590361445783,-2.5180722891566267,0.03614457831325302,-2.4255058246474555,-9.349478847332923,0.47087676272225626,3.0,0.30169830169830175,3314.569536423841,-7.2602995163452,-7.954315016607425,5.735330108968009,1194.1391941391942,-1.0,78.32988047808765,0.30264297349210156,
2023-07-31 13:45:55.630000,-9.409638554216867,-2.5180722891566267,0.024096385542168676,-2.533415082771306,-9.366646229307173,0.463519313304721,3.0,0.30169830169830175,3314.569536423841,-7.382436920925353,-8.229124176912768,5.964337742555795,1173.6263736263736,-1.0,78.32988047808765,0.3026342785009816,
2023-07-31 13:45:55.637000,-9.433734939759036,-2.5060240963855422,0.03614457831325302,-2.4377682403433476,-9.423053341508277,0.48313917841814835,3.0,0.30169830169830175,3314.569536423841,-7.016024707184895,-8.305460054775365,5.674261406677933,1158.2417582417581,-1.0,78.32988047808765,0.30262554439963263,
2023-07-31 13:45:55.645000,-9.46987951807229,-2.4819277108433737,0.08433734939759037,-2.430410790925812,-9.427958307786634,0.48068669527896996,3.0,0.30169830169830175,3314.569536423841,-7.489307149932987,-8.580269215080708,5.262047666219917,1146.5201465201465,-1.0,78.32988047808765,0.30261677419820854,
2023-07-31 13:45:55.653000,-9.481927710843374,-2.4457831325301207,0.08433734939759037,-2.410790925812385,-9.420600858369099,0.539546290619252,3.0,0.30169830169830175,3314.569536423841,-7.4435056232154295,-8.671872268515822,4.773498047899307,1137.7289377289376,-1.0,78.32988047808765,0.30260797080949287,
2023-07-31 13:45:55.660000,-9.493975903614459,-2.433734939759036,0.12048192771084337,-2.3838136112814223,-9.481912936848559,0.5272838749233598,3.0,0.30169830169830175,3314.569536423841,-7.412971272070391,-9.267292115844066,3.8269331624031238,1131.8681318681317,-1.0,78.32988047808765,0.30259913706220487,
2023-07-31 13:45:55.668000,-9.481927710843374,-2.4216867469879517,0.13253012048192772,-2.376456161863887,-9.46229307173513,0.6033108522378908,3.0,0.30169830169830175,3314.569536423841,-7.519841501078025,-9.358895169279181,3.3383835440825127,1127.4725274725274,-1.0,78.32988047808765,0.3025902758415211,
2023-07-31 13:45:55.676000,-9.506024096385543,-2.4096385542168677,0.0963855421686747,-2.3960760269773145,-9.46229307173513,0.6204782342121398,3.0,0.30169830169830175,3314.569536423841,-7.428238447642911,-9.328360818134142,3.323116368509994,1126.7399267399267,-1.0,78.32988047808765,0.3025813900801416,
2023-07-31 13:45:55.683000,-9.493975903614459,-2.4216867469879517,0.12048192771084337,-2.364193746167995,-9.435315757204169,0.5714285714285714,3.0,0.30169830169830175,3314.569536423841,-7.947322417108559,-9.6947730318746,2.422353009731368,1130.4029304029302,-1.0,78.32988047808765,0.30257248274924337,
2023-07-31 13:45:55.691000,-9.457831325301205,-2.4216867469879517,0.14457831325301207,-2.317596566523605,-9.459840588595952,0.615573267933783,3.0,0.30169830169830175,3314.569536423841,-7.565643027795582,-9.297826466989104,2.117009498280986,1141.3919413919414,-1.0,78.32988047808765,0.3025635569881019,
2023-07-31 13:45:55.699000,-9.397590361445783,-2.397590361445783,0.1927710843373494,-2.322501532801962,-9.398528510116492,0.6204782342121398,3.0,0.30125430125430125,3319.454679439941,-7.565643027795582,-9.297826466989104,2.117009498280986,1158.2417582417581,-1.0,78.32988047808765,0.30255461593580524,
2023-07-31 13:45:55.706000,-9.373493975903616,-2.397590361445783,0.21686746987951808,-2.322501532801962,-9.302881667688535,0.6719803801348866,3.0,0.30169830169830175,3314.569536423841,-7.519841501078025,-9.908513489889868,1.6742614066779329,1182.4175824175823,-1.0,78.32988047808765,0.3025456625839478,
2023-07-31 13:45:55.714000,-9.361445783132531,-2.397590361445783,0.24096385542168675,-2.3568362967504597,-9.37155119558553,0.6719803801348866,3.0,0.30169830169830175,3314.569536423841,-7.641978905658178,-10.000116543324982,1.521589650952742,1210.989010989011,-1.0,78.32988047808765,0.3025367000236691,
2023-07-31 13:45:55.722000,-9.337349397590362,-2.397590361445783,0.27710843373493976,-2.347026364193746,-9.317596566523605,0.7014101778050276,3.0,0.30169830169830175,3314.569536423841,-7.825185012528406,-10.687139444088341,1.139910261639765,1240.2930402930401,-1.0,78.32988047808765,0.3025277314473994,
2023-07-31 13:45:55.729000,-9.325301204819278,-2.4096385542168677,0.3253012048192771,-2.4206008583690988,-9.347026364193745,0.7578172900061312,3.0,0.30169830169830175,3314.569536423841,-7.641978905658178,-10.687139444088341,1.155177437212284,1270.3296703296703,-1.0,78.32988047808765,0.30251876000196865,
2023-07-31 13:45:55.737000,-9.337349397590362,-2.4578313253012047,0.3493975903614458,-2.427958307786634,-9.344573881054567,0.7970570202329859,3.0,0.30169830169830175,3314.569536423841,-7.504574325505506,-11.587902802866967,0.6208262921741161,1297.4358974358975,-1.0,78.32988047808765,0.30250978878045637,
2023-07-31 13:45:55.745000,-9.337349397590362,-2.4939759036144578,0.3734939759036145,-2.3543838136112814,-9.275904353157571,0.8828939301042305,3.0,0.30169830169830175,3314.569536423841,-6.695414020161994,-12.626070741798264,0.3918186585863298,1321.6117216117216,-1.0,78.32988047808765,0.3025008208140817,
2023-07-31 13:45:55.752000,-9.337349397590362,-2.4819277108433737,0.43373493975903615,-2.3911710606989574,-9.31023911710607,0.8534641324340895,3.0,0.30169830169830175,3314.569536423841,-7.046559058329933,-12.641337917370784,-0.08146378416176177,1345.7875457875457,-1.0,78.32988047808765,0.302491859064178,
2023-07-31 13:45:55.760000,-9.337349397590362,-2.5060240963855422,0.45783132530120485,-2.469650521152667,-9.295524218270998,0.927038626609442,3.0,0.30169830169830175,3314.569536423841,-6.390070508711613,-12.19858982576773,-0.44787599790221977,1369.230769230769,-1.0,78.32988047808765,0.302482906414303,
2023-07-31 13:45:55.768000,-9.3855421686747,-2.5180722891566267,0.42168674698795183,-2.5015328019619862,-9.408338442673205,0.9074187614960146,3.0,0.30169830169830175,3314.569536423841,-5.733581959093292,-11.145154711263913,-0.7074179826350442,1390.4761904761904,-1.0,78.32988047808765,0.30247396566252804,
2023-07-31 13:45:55.775000,-9.409638554216867,-2.5180722891566267,0.43373493975903615,-2.4573881054567748,-9.349478847332923,0.8657265481299815,3.0,0.30169830169830175,3314.569536423841,-6.1152613484062694,-9.068818833401318,-0.6463492803449679,1408.7912087912086,-1.0,78.32988047808765,0.30246503951395953,
2023-07-31 13:45:55.783000,-9.397590361445783,-2.5301204819277108,0.39759036144578314,-2.462293071735132,-9.347026364193745,0.8044144696505211,3.0,0.30169830169830175,3314.569536423841,-5.351902569780315,-5.7863760853097155,-1.1043645475205404,1421.245421245421,-1.0,78.32988047808765,0.30245613057353427,
2023-07-31 13:45:55.791000,-9.433734939759036,-2.5180722891566267,0.3734939759036145,-2.4549356223175964,-9.381361128142244,0.8436541998773758,3.0,0.30169830169830175,3314.569536423841,-5.077093409474972,-2.885612726531089,-1.2417691276732121,1426.3736263736262,-1.0,78.32988047808765,0.3024472413391391,
2023-07-31 13:45:55.798000,-9.457831325301205,-2.5060240963855422,0.3132530120481928,-2.427958307786634,-9.50889025137952,0.6793378295524218,3.0,0.30169830169830175,3314.569536423841,-4.878620127032224,0.24415826583532277,-1.226501952100693,1424.1758241758241,-1.0,78.32988047808765,0.3024383741951007,
2023-07-31 13:45:55.806000,-9.518072289156628,-2.5060240963855422,0.21686746987951808,-2.459840588595953,-9.55793991416309,0.6229307173513182,3.0,0.30169830169830175,3314.569536423841,-4.619078142299399,1.8319445253773075,-1.2875706543907695,1417.5824175824175,-1.0,78.32988047808765,0.3024295314060858,
2023-07-31 13:45:55.814000,-9.566265060240964,-2.4698795180722892,0.22891566265060243,-2.4328632740649905,-9.501532801961986,0.7185775597792765,3.0,0.30125430125430125,3319.454679439941,-4.542742264436804,1.9846162811024983,-1.4555095856884792,1407.3260073260071,-1.0,78.32988047808765,0.30242071497270995,
2023-07-31 13:45:55.821000,-9.530120481927712,-2.4698795180722892,0.24096385542168675,-2.3445738810545675,-9.52851011649295,0.703862660944206,3.0,0.30169830169830175,3314.569536423841,-4.038925470543674,2.2594254414078416,-1.8524561505739754,1391.9413919413919,-1.0,78.32988047808765,0.30241192663622674,
2023-07-31 13:45:55.829000,-9.481927710843374,-2.4457831325301207,0.21686746987951808,-2.440220723482526,-9.425505824647455,0.627835683629675,3.0,0.30169830169830175,3314.569536423841,-4.038925470543674,1.404463609346773,-1.760853097138861,1372.8937728937728,-1.0,78.32988047808765,0.3024031681289477,
2023-07-31 13:45:55.837000,-9.433734939759036,-2.4457831325301207,0.24096385542168675,-2.388718577559779,-9.41814837522992,0.7112201103617413,3.0,0.30125430125430125,3319.454679439941,-3.6267117300856584,-1.1654332498257214E-4,-1.6387156925587083,1349.4505494505493,-1.0,78.32988047808765,0.3023944411800446,
2023-07-31 13:45:55.844000,-9.397590361445783,-2.4216867469879517,0.2530120481927711,-2.3323114653586754,-9.329858982219497,0.7259350091968118,3.0,0.30169830169830175,3314.569536423841,-3.2297651652001624,-1.5879028028669673,-1.2570363032457312,1328.2051282051282,-1.0,78.32988047808765,0.30238574722408235,
2023-07-31 13:45:55.852000,-9.349397590361447,-2.4096385542168677,0.28915662650602414,-2.351931330472103,-9.398528510116492,0.7578172900061312,3.0,0.30125430125430125,3319.454679439941,-2.8786201270322236,-2.9161470776761274,-0.6921508070625251,1307.6923076923076,-1.0,78.32988047808765,0.30237708738690583,
2023-07-31 13:45:55.859000,-9.337349397590362,-2.397590361445783,0.3373493975903615,-2.3323114653586754,-9.327406499080318,0.7921520539546291,3.0,0.30125430125430125,3319.454679439941,-3.138162111765048,-3.1146203601188756,-0.2646698910319908,1289.3772893772893,-1.0,78.32988047808765,0.3023684626522996,
2023-07-31 13:45:55.867000,-9.313253012048193,-2.3855421686746987,0.3373493975903615,-2.351931330472103,-9.280809319435928,0.8338442673206621,3.0,0.30125430125430125,3319.454679439941,-2.8938873026047425,-3.2978264669891044,-0.24940271545947168,1271.7948717948716,-1.0,78.32988047808765,0.302359873827369,
2023-07-31 13:45:55.875000,-9.325301204819278,-2.397590361445783,0.3734939759036145,-2.3568362967504597,-9.342121397915388,0.8289393010423053,3.0,0.30169830169830175,3314.569536423841,-2.6954140201619947,-3.2367577646990284,0.3918186585863298,1254.9450549450548,-1.0,78.32988047808765,0.3023513215296201,
2023-07-31 13:45:55.882000,-9.3855421686747,-2.3855421686746987,0.3855421686746988,-2.3323114653586754,-9.347026364193745,0.851011649294911,3.0,0.30169830169830175,3314.569536423841,-2.4664063865742083,-2.4275974593555167,0.7429636967542688,1240.2930402930401,-1.0,78.32988047808765,0.30234280633443245,
2023-07-31 13:45:55.890000,-9.421686746987952,-2.4096385542168677,0.43373493975903615,-2.3445738810545675,-9.33966891477621,0.8313917841814837,3.0,0.30125430125430125,3319.454679439941,-2.2984674552764983,-1.5268341005768908,1.0025056814870932,1226.3736263736264,-1.0,78.32988047808765,0.3023343286569411,
2023-07-31 13:45:55.898000,-9.433734939759036,-2.4698795180722892,0.4096385542168675,-2.452483139178418,-9.427958307786634,0.8976088289393009,3.0,0.30169830169830175,3314.569536423841,-2.1915972262688648,-0.09171959676009707,1.1246430860672458,1216.117216117216,-1.0,78.32988047808765,0.302325888624157,
2023-07-31 13:45:55.905000,-9.433734939759036,-2.4698795180722892,0.43373493975903615,-2.388718577559779,-9.46229307173513,0.8657265481299815,3.0,0.30169830169830175,3314.569536423841,-2.1610628751238266,1.1143872734689104,0.4834217120214443,1207.3260073260074,-1.0,78.32988047808765,0.30231748633183536,
2023-07-31 13:45:55.913000,-9.433734939759036,-2.5060240963855422,0.3855421686746988,-2.398528510116493,-9.415695892090742,0.9074187614960146,3.0,0.30169830169830175,3314.569536423841,-1.7946506613833686,2.9617155177437198,0.36128430744129164,1200.7326007326008,-1.0,78.32988047808765,0.3023091218569513,
2023-07-31 13:45:55.921000,-9.433734939759036,-2.5301204819277108,0.3734939759036145,-2.4868179031269158,-9.374003678724709,0.8068669527896996,3.0,0.30169830169830175,3314.569536423841,-1.4587727987879489,4.6258376551483,-0.20360118874191444,1199.2673992673992,-1.0,78.32988047808765,0.3023007951224058,
2023-07-31 13:45:55.928000,-9.421686746987952,-2.5542168674698797,0.28915662650602414,-2.5554874310239115,-9.388718577559779,0.7063151440833844,3.0,0.30169830169830175,3314.569536423841,-1.0312918827574145,6.167822387972727,-0.8906240895052732,1198.5347985347985,-1.0,78.32988047808765,0.30229250590128764,
2023-07-31 13:45:55.936000,-9.3855421686747,-2.566265060240964,0.27710843373493976,-2.5481299816063765,-9.344573881054567,0.7234825260576333,3.0,0.30125430125430125,3319.454679439941,-0.8633529514597045,7.389196433774254,-1.592914165841151,1199.2673992673992,-1.0,78.32988047808765,0.3022842538219353,
2023-07-31 13:45:55.944000,-9.337349397590362,-2.626506024096386,0.20481927710843376,-2.587369711833231,-9.344573881054567,0.6106683016554261,3.0,0.30125430125430125,3319.454679439941,-1.0618262339024527,7.78614299865975,-1.6997843948487845,1201.4652014652013,-1.0,78.32988047808765,0.30227603822449317,
2023-07-31 13:45:55.951000,-9.337349397590362,-2.662650602409639,0.14457831325301207,-2.587369711833231,-9.256284488044145,0.5616186388718577,3.0,0.30125430125430125,3319.454679439941,-1.0312918827574145,8.213623914690285,-2.6310821047724486,1204.3956043956043,-1.0,78.32988047808765,0.30226785800690764,
2023-07-31 13:45:55.959000,-9.337349397590362,-2.6867469879518073,0.0963855421686747,-2.6560392397302266,-9.253832004904966,0.5174739423666462,3.0,0.30125430125430125,3319.454679439941,-1.1992308140551244,8.473165899423108,-2.9211584406503115,1209.5238095238094,-1.0,78.32988047808765,0.30225971192848855,
2023-07-31 13:45:55.967000,-9.361445783132531,-2.7228915662650603,0.060240963855421686,-2.7148988350705086,-9.322501532801962,0.5370938074800735,3.0,0.30125430125430125,3319.454679439941,-1.1076277606200098,8.12202086125517,-3.6845172192762656,1218.3150183150183,-1.0,78.32988047808765,0.30225159874374696,
2023-07-31 13:45:55.974000,-9.361445783132531,-2.7590361445783134,0.060240963855421686,-2.729613733905579,-9.40098099325567,0.45616186388718577,3.0,0.30125430125430125,3319.454679439941,-1.1076277606200098,8.12202086125517,-3.6845172192762656,1230.03663003663,-1.0,78.32988047808765,0.30224351706003616,
2023-07-31 13:45:55.982000,-9.409638554216867,-2.783132530120482,0.0,-2.7247087676272224,-9.46229307173513,0.43654199877375843,3.0,0.30125430125430125,3319.454679439941,-1.2144979896276433,7.984616281102498,-3.852456150573975,1243.2234432234432,-1.0,78.32988047808765,0.30223546534498713,
2023-07-31 13:45:55.990000,-9.433734939759036,-2.7951807228915664,-0.024096385542168676,-2.741876149601471,-9.435315757204169,0.39239730226854685,3.0,0.30169830169830175,3314.569536423841,-1.5656430277955824,6.96171551774372,-3.6997843948487845,1257.8754578754579,-1.0,78.32988047808765,0.30222744193440443,
2023-07-31 13:45:55.997000,-9.44578313253012,-2.819277108433735,-0.07228915662650603,-2.773758430410791,-9.40098099325567,0.30901287553648066,3.0,0.30125430125430125,3319.454679439941,-1.7946506613833686,5.770875823087231,-3.3944408833984028,1271.7948717948716,-1.0,78.32988047808765,0.30221944518989646,
2023-07-31 13:45:56.005000,-9.421686746987952,-2.819277108433735,-0.08433734939759037,-2.7762109135499693,-9.374003678724709,0.34580012262415694,3.0,0.3008103008103008,3324.354243542435,-2.0847269972612312,3.8319445253773075,-3.3028378299632886,1283.5164835164835,-1.0,78.32988047808765,0.3022114733801982,
2023-07-31 13:45:56.013000,-9.373493975903616,-2.8313253012048194,-0.024096385542168676,-2.7541385652973633,-9.393623543838135,0.39239730226854685,3.0,0.30125430125430125,3319.454679439941,-2.7564827224520707,2.137288036827689,-2.905891265077792,1291.5750915750914,-1.0,78.32988047808765,0.30220352438205533,
2023-07-31 13:45:56.020000,-9.349397590361447,-2.843373493975904,-0.024096385542168676,-2.8056407112201103,-9.297976701410178,0.3973022685469037,3.0,0.30125430125430125,3319.454679439941,-3.4435056232154295,0.9617155177437197,-2.7226851582075633,1301.8315018315018,-1.0,78.32988047808765,0.3021955960947766,
2023-07-31 13:45:56.028000,-9.313253012048193,-2.819277108433735,-0.04819277108433735,-2.734518700183936,-9.21704475781729,0.3825873697118332,3.0,0.30125430125430125,3319.454679439941,-3.840452188100926,-0.5497348639356696,-1.7150515704213036,1310.6227106227104,-1.0,78.32988047808765,0.3021876864499763,
2023-07-31 13:45:56.036000,-9.240963855421688,-2.843373493975904,-0.07228915662650603,-2.8179031269160024,-9.226854690374003,0.34334763948497854,3.0,0.30125430125430125,3319.454679439941,-4.512207913291766,-1.4810325738593337,-1.7455859215663418,1317.216117216117,-1.0,78.32988047808765,0.3021797931552167,
2023-07-31 13:45:56.043000,-9.228915662650603,-2.819277108433735,-0.03614457831325302,-2.71244635193133,-9.199877375843041,0.40465971796443895,3.0,0.30125430125430125,3319.454679439941,-5.092360585047491,-2.5955363906532267,-0.8295553872151968,1323.076923076923,-1.0,78.32988047808765,0.302171913853331,
2023-07-31 13:45:56.051000,-9.228915662650603,-2.807228915662651,-0.060240963855421686,-2.815450643776824,-9.16799509503372,0.44880441446965047,3.0,0.30125430125430125,3319.454679439941,-5.748849134665811,-3.6184371540120055,-0.5700134024823724,1328.937728937729,-1.0,78.32988047808765,0.30216404613264575,
2023-07-31 13:45:56.059000,-9.265060240963855,-2.783132530120482,-0.012048192771084338,-2.6977314530962597,-9.204782342121398,0.4512568976088289,3.0,0.30125430125430125,3319.454679439941,-6.206864401841384,-4.9008799021036085,-0.12726531087931903,1336.9963369963368,-1.0,78.32988047808765,0.30215618753735113,
2023-07-31 13:45:56.066000,-9.265060240963855,-2.7590361445783134,0.03614457831325302,-2.7198038013488657,-9.280809319435928,0.37768240343347637,3.0,0.30125430125430125,3319.454679439941,-6.1152613484062694,-5.053551657828799,0.16281102499854358,1341.3919413919414,-1.0,78.32988047808765,0.3021483355779874,
2023-07-31 13:45:56.074000,-9.301204819277109,-2.710843373493976,0.04819277108433735,-2.670754138565297,-9.239117106069894,0.5027590435315757,3.0,0.30125430125430125,3319.454679439941,-6.6648796690169565,-5.4504982227142955,0.3002156051512153,1345.7875457875457,-1.0,78.32988047808765,0.30214048774200997,
2023-07-31 13:45:56.082000,-9.325301204819278,-2.710843373493976,0.08433734939759037,-2.675659104843654,-9.342121397915388,0.5542611894543225,3.0,0.30125430125430125,3319.454679439941,-7.290833867490239,-5.496299749431852,0.14754384942602447,1349.4505494505493,-1.0,78.32988047808765,0.3021326415043961,
2023-07-31 13:45:56.089000,-9.361445783132531,-2.7228915662650603,0.07228915662650603,-2.692826486817903,-9.332311465358675,0.4659717964438994,3.0,0.30125430125430125,3319.454679439941,-7.6725132568032155,-4.580269215080707,0.10174232270846724,1350.18315018315,-1.0,78.32988047808765,0.30212479433825506,
2023-07-31 13:45:56.097000,-9.349397590361447,-2.710843373493976,0.060240963855421686,-2.6535867565910483,-9.349478847332923,0.46842427958307786,3.0,0.30125430125430125,3319.454679439941,-7.962589592681078,-5.297826466989105,0.4986888875939634,1352.3809523809523,-1.0,78.32988047808765,0.302116943725408,
2023-07-31 13:45:56.105000,-9.373493975903616,-2.6867469879518073,0.08433734939759037,-2.629061925199264,-9.374003678724709,0.5469037400367872,3.0,0.30125430125430125,3319.454679439941,-8.512207913291766,-5.939047841034906,0.08647514713594814,1354.5787545787546,-1.0,78.32988047808765,0.30210908716689744,
2023-07-31 13:45:56.112000,-9.397590361445783,-2.6506024096385543,0.13253012048192772,-2.6241569589209073,-9.383813611281422,0.5419987737584304,3.0,0.30125430125430125,3319.454679439941,-9.489307149932987,-6.503933337218112,0.605559116601597,1356.7765567765566,-1.0,78.32988047808765,0.30210122219339525,
2023-07-31 13:45:56.120000,-9.361445783132531,-2.662650602409639,0.1566265060240964,-2.530962599632127,-9.317596566523605,0.5640711220110362,3.0,0.30125430125430125,3319.454679439941,-9.870986539245964,-6.320727230347883,0.26968125400617715,1362.6373626373625,-1.0,78.32988047808765,0.3020933463754707,
2023-07-31 13:45:56.128000,-9.337349397590362,-2.626506024096386,0.1927710843373494,-2.570202329858982,-9.244022072348253,0.615573267933783,3.0,0.3008103008103008,3324.354243542435,-11.245032340772681,-6.671872268515822,0.6360934677466351,1377.2893772893772,-1.0,78.32988047808765,0.3020854573336851,
2023-07-31 13:45:56.135000,-9.301204819277109,-2.626506024096386,0.16867469879518074,-2.570202329858982,-9.305334150827713,0.5763335377069282,3.0,0.3008103008103008,3324.354243542435,-11.962589592681079,-5.984849367752464,0.5292232387390016,1408.058608058608,-1.0,78.32988047808765,0.3020775527379369,
2023-07-31 13:45:56.143000,-9.27710843373494,-2.6144578313253013,0.22891566265060243,-2.6020846106683013,-9.16799509503372,0.6646229307173512,3.0,0.30125430125430125,3319.454679439941,-12.619078142299399,-6.53446768836315,0.3918186585863298,1460.07326007326,-1.0,78.32988047808765,0.3020696301361073,
2023-07-31 13:45:56.151000,-9.349397590361447,-2.674698795180723,0.26506024096385544,-2.60453709380748,-9.32495401594114,0.6646229307173512,3.0,0.3008103008103008,3324.354243542435,-13.74884913466581,-5.54210127614941,-0.844822562787716,1532.6007326007325,-1.0,78.32988047808765,0.3020616872609335,
2023-07-31 13:45:56.158000,-9.349397590361447,-2.626506024096386,0.24096385542168675,-2.5554874310239115,-9.354383813611282,0.7087676272225628,3.0,0.3008103008103008,3324.354243542435,-14.496940737719246,-7.801643260882234,-0.5242118757648152,1621.9780219780218,-1.0,78.32988047808765,0.30205372189976853,
2023-07-31 13:45:56.166000,-9.301204819277109,-2.5903614457831328,0.2530120481927711,-2.580012262415696,-9.305334150827713,0.7185775597792765,3.0,0.3008103008103008,3324.354243542435,-14.802284249169627,-6.473398986073074,0.788765223471826,1726.007326007326,-1.0,78.32988047808765,0.3020457317532904,
2023-07-31 13:45:56.174000,-9.253012048192772,-2.5903614457831328,0.28915662650602414,-2.5383200490496627,-9.150827713059472,0.745554874310239,3.0,0.3008103008103008,3324.354243542435,-15.977856768253595,-4.946681428821166,-0.3257385933220671,1835.164835164835,-1.0,78.32988047808765,0.30203771470914803,
2023-07-31 13:45:56.181000,-9.289156626506024,-2.63855421686747,0.2530120481927711,-2.592274678111588,-9.285714285714285,0.6474555487431024,3.0,0.30125430125430125,3319.454679439941,-16.359536157566573,-5.6795058563020815,0.0406736204183909,1942.8571428571427,-1.0,78.32988047808765,0.3020296685606672,
2023-07-31 13:45:56.189000,-9.361445783132531,-2.662650602409639,0.3132530120481928,-2.6560392397302266,-9.398528510116492,0.733292458614347,3.0,0.30125430125430125,3319.454679439941,-18.130528523978786,-6.7940096730959745,0.4834217120214443,2043.2234432234432,-1.0,78.32988047808765,0.3020215911825365,
2023-07-31 13:45:56.197000,-9.506024096385543,-2.626506024096386,0.3614457831325301,-2.6486817903126916,-9.565297363580624,0.851011649294911,3.0,0.30125430125430125,3319.454679439941,-18.023658294971153,-7.954315016607425,1.2925820173649558,2128.937728937729,-1.0,78.32988047808765,0.3020134808447,
2023-07-31 13:45:56.204000,-9.55421686746988,-2.566265060240964,0.3734939759036145,-2.550582464745555,-9.548129981606376,0.8191293684855916,3.0,0.30125430125430125,3319.454679439941,-18.145795699551304,-8.183322650195212,1.5979255288153373,2194.871794871795,-1.0,78.32988047808765,0.3020053359196022,
2023-07-31 13:45:56.212000,-9.506024096385543,-2.5180722891566267,0.3855421686746988,-2.427958307786634,-9.506437768240342,0.8093194359288779,3.0,0.30125430125430125,3319.454679439941,-18.649612493444433,-9.175689062408951,1.9185362158382382,2237.362637362637,-1.0,78.32988047808765,0.30199715489810525,
2023-07-31 13:45:56.220000,-9.457831325301205,-2.4698795180722892,0.3855421686746988,-2.4058859595340283,-9.425505824647455,0.8461066830165542,3.0,0.30125430125430125,3319.454679439941,-18.89388730260474,-10.244391352485287,2.3154827807237344,2254.945054945055,-1.0,78.32988047808765,0.3019889365226466,
2023-07-31 13:45:56.227000,-9.46987951807229,-2.4698795180722892,0.42168674698795183,-2.3960760269773145,-9.437768240343347,0.9540159411404046,3.0,0.30125430125430125,3319.454679439941,-19.641978905658174,-12.152788299050172,3.170444612784803,2246.8864468864467,-1.0,78.32988047808765,0.3019806795044092,
2023-07-31 13:45:56.235000,-9.493975903614459,-2.4457831325301207,0.49397590361445787,-2.3494788473329247,-9.472103004291846,0.8951563458001226,3.0,0.30125430125430125,3319.454679439941,-19.53510867665054,-13.435231047141777,4.071207971563429,2213.9194139194137,-1.0,78.32988047808765,0.3019723826871381,
2023-07-31 13:45:56.242000,-9.530120481927712,-2.433734939759036,0.5783132530120483,-2.4353157572041693,-9.553034947884733,1.079092581238504,3.0,0.30125430125430125,3319.454679439941,-19.825185012528404,-14.427597459355516,5.765864460113047,2164.102564102564,-1.0,78.32988047808765,0.3019640450401786,
2023-07-31 13:45:56.250000,-9.530120481927712,-2.4096385542168677,0.6024096385542169,-2.3666462293071735,-9.46229307173513,1.0594727161250765,3.0,0.3008103008103008,3324.354243542435,-19.825185012528404,-14.427597459355516,5.765864460113047,2097.4358974358975,-1.0,78.32988047808765,0.30195566553343356,
2023-07-31 13:45:56.258000,-9.421686746987952,-2.4216867469879517,0.6506024096385542,-2.376456161863887,-9.334763948497853,1.1305947271612506,3.0,0.30125430125430125,3319.454679439941,-20.023658294971153,-15.603169978439485,4.880368276906941,2018.3150183150183,-1.0,78.32988047808765,0.3019472431394428,
2023-07-31 13:45:56.265000,-9.253012048192772,-2.4578313253012047,0.674698795180723,-2.3126916002452482,-9.214592274678111,1.1428571428571428,3.0,0.30125430125430125,3319.454679439941,-21.092360585047487,-15.252024940271546,3.8422003379756426,1931.135531135531,-1.0,78.32988047808765,0.30193877696260674,
2023-07-31 13:45:56.273000,-9.168674698795181,-2.4819277108433737,0.6506024096385542,-2.398528510116493,-9.082158185162477,1.1109748620478233,3.0,0.3008103008103008,3324.354243542435,-20.527475088864282,-13.664238680729563,3.689528582250452,1839.5604395604394,-1.0,78.32988047808765,0.3019302663996683,
2023-07-31 13:45:56.281000,-9.132530120481928,-2.5060240963855422,0.6144578313253012,-2.427958307786634,-9.082158185162477,1.049662783568363,3.0,0.30125430125430125,3319.454679439941,-21.000757531612372,-10.626070741798264,2.590291941029078,1745.7875457875457,758.331298828125,79.12109139200773,0.3019217108527903,
2023-07-31 13:45:56.288000,-9.096385542168676,-2.5301204819277108,0.5662650602409639,-2.533415082771306,-9.033108522378908,1.0251379521765787,3.0,0.30125430125430125,3319.454679439941,-20.970223180467336,-6.488666161645593,1.689528582250452,1652.0146520146518,-1.0,79.12109139200773,0.3019131098578696,
2023-07-31 13:45:56.296000,-9.096385542168676,-2.566265060240964,0.5421686746987953,-2.5113427345187,-9.033108522378908,0.9760882893930104,3.0,0.3008103008103008,3324.354243542435,-21.306101043062757,-1.8321776120272726,0.28494842957869626,1564.8351648351647,-1.0,79.12109139200773,0.3019044633829256,
2023-07-31 13:45:56.304000,-9.096385542168676,-2.5903614457831328,0.4819277108433735,-2.5898221949724096,-9.101778050275904,0.8804414469650521,3.0,0.30125430125430125,3319.454679439941,-21.779383485810847,2.4731658994231087,-0.9058912650777923,1486.4468864468863,-1.0,79.12109139200773,0.3018957713812573,
2023-07-31 13:45:56.311000,-9.132530120481928,-2.626506024096386,0.4096385542168675,-2.641324340895156,-9.101778050275904,0.8068669527896996,3.0,0.3008103008103008,3324.354243542435,-22.75648272245207,6.305226968125399,-1.8371889750014563,1415.3846153846152,-1.0,79.12109139200773,0.3018870337914196,
2023-07-31 13:45:56.319000,-9.204819277108435,-2.698795180722892,0.3132530120481928,-2.658491722869405,-9.229307173513181,0.6940527283874923,3.0,0.3008103008103008,3324.354243542435,-23.38243692092535,9.236524678049063,-2.4173416467571816,1356.0439560439559,-1.0,79.12109139200773,0.3018782508347404,
2023-07-31 13:45:56.327000,-9.313253012048193,-2.734939759036145,0.1927710843373494,-2.71244635193133,-9.270999386879215,0.5959534028203556,3.0,0.3008103008103008,3324.354243542435,-24.115261348406268,11.923547578812421,-3.1348988986655786,1307.6923076923076,-1.0,79.12109139200773,0.30186942283383755,
2023-07-31 13:45:56.334000,-9.361445783132531,-2.7951807228915664,0.0963855421686747,-2.741876149601471,-9.376456161863887,0.5370938074800735,3.0,0.3008103008103008,3324.354243542435,-24.649612493444433,12.885379639881124,-3.3028378299632886,1270.3296703296703,-1.0,79.12109139200773,0.3018605500623549,
2023-07-31 13:45:56.342000,-9.373493975903616,-2.843373493975904,-0.012048192771084338,-2.8080931943592886,-9.3862660944206,0.43408951563458,3.0,0.3008103008103008,3324.354243542435,-24.92442165374978,13.205990326904024,-3.1196317230930593,1238.8278388278388,-1.0,79.12109139200773,0.3018516329026577,
2023-07-31 13:45:56.350000,-9.433734939759036,-2.8313253012048194,-0.0963855421686747,-2.8007357449417536,-9.374003678724709,0.299202942979767,3.0,0.3008103008103008,3324.354243542435,-25.321368218635275,12.839578113163567,-2.478410349047258,1213.9194139194137,-1.0,79.12109139200773,0.301842671832819,
2023-07-31 13:45:56.357000,-9.506024096385543,-2.843373493975904,-0.1927710843373494,-2.8007357449417536,-9.484365419987737,0.14469650521152666,3.0,0.3008103008103008,3324.354243542435,-25.993123943826113,10.44263154827807,-2.737952333780082,1193.4065934065934,-1.0,79.12109139200773,0.3018336672956104,
2023-07-31 13:45:56.365000,-9.566265060240964,-2.8674698795180724,-0.24096385542168675,-2.773758430410791,-9.584917228694053,0.1618638871857756,3.0,0.3008103008103008,3324.354243542435,-27.168696462910084,7.160188800186468,-2.493677524619777,1178.021978021978,-1.0,79.12109139200773,0.3018246199827632,
2023-07-31 13:45:56.373000,-9.66265060240964,-2.9036144578313254,-0.3132530120481928,-2.815450643776824,-9.656039239730227,0.15695892090741875,3.0,0.3008103008103008,3324.354243542435,-27.5809102033681,2.6411048307208187,-2.356272944467105,1169.230769230769,-1.0,79.12109139200773,0.30181553067189754,
2023-07-31 13:45:56.380000,-9.650602409638555,-2.91566265060241,-0.20481927710843376,-2.8792152053954627,-9.553034947884733,0.299202942979767,3.0,0.3008103008103008,3324.354243542435,-28.87862012703222,-2.5497348639356696,-2.4173416467571816,1167.7655677655678,-1.0,79.12109139200773,0.30180640023358735,
2023-07-31 13:45:56.388000,-9.457831325301205,-2.891566265060241,-0.1566265060240964,-2.881667688534641,-9.332311465358675,0.2795830778663397,3.0,0.3008103008103008,3324.354243542435,-28.496940737719243,-5.03828448225628,-2.8448225627877157,1169.9633699633698,-1.0,79.12109139200773,0.3017972297559072,
2023-07-31 13:45:56.396000,-9.253012048192772,-2.91566265060241,-0.18072289156626506,-2.8375229920294296,-9.219497240956468,0.21336603310852237,3.0,0.3008103008103008,3324.354243542435,-29.07709340947497,-8.458131810500555,-2.6005477536274104,1179.4871794871794,-1.0,79.12109139200773,0.3017880203920039,
2023-07-31 13:45:56.403000,-9.156626506024097,-2.927710843373494,-0.18072289156626506,-2.9086450030656037,-9.087063151440834,0.2893930104230533,3.0,0.3008103008103008,3324.354243542435,-30.145795699551304,-12.076452421187577,-1.77612027271138,1195.6043956043954,-1.0,79.12109139200773,0.3017787733567236,
2023-07-31 13:45:56.411000,-9.144578313253012,-2.951807228915663,-0.0963855421686747,-2.9380748007357447,-9.18270999386879,0.33108522378908645,3.0,0.3008103008103008,3324.354243542435,-30.802284249169624,-15.02301730668376,-0.49367752461977704,1213.9194139194137,-1.0,79.12109139200773,0.3017694899230365,
2023-07-31 13:45:56.419000,-9.19277108433735,-2.927710843373494,0.0,-2.832618025751073,-9.266094420600858,0.42427958307786634,3.0,0.3008103008103008,3324.354243542435,-31.290833867490235,-17.35889516927918,1.0330400326321314,1233.6996336996335,-1.0,79.12109139200773,0.3017601714182829,
2023-07-31 13:45:56.426000,-9.27710843373494,-2.879518072289157,0.024096385542168676,-2.839975475168608,-9.26364193746168,0.5321888412017167,3.0,0.3003663003663004,3329.2682926829266,-31.290833867490235,-18.442864634928036,2.407085834158849,1254.9450549450548,-1.0,79.12109139200773,0.3017508192202784,
2023-07-31 13:45:56.434000,-9.313253012048193,-2.8313253012048194,0.0963855421686747,-2.7369711833231145,-9.315144083384427,0.5591661557326794,3.0,0.3008103008103008,3324.354243542435,-31.779383485810847,-19.0535516578288,3.170444612784803,1274.7252747252746,-1.0,79.12109139200773,0.3017414346040115,
2023-07-31 13:45:56.442000,-9.325301204819278,-2.783132530120482,0.10843373493975904,-2.7541385652973633,-9.297976701410178,0.6131207847946045,3.0,0.3008103008103008,3324.354243542435,-31.977856768253595,-20.061185245615057,3.6589942311054138,1295.970695970696,-1.0,79.12109139200773,0.3017320188649747,
2023-07-31 13:45:56.449000,-9.301204819277109,-2.7951807228915664,0.1566265060240964,-2.7271612507664007,-9.241569589209075,0.640098099325567,3.0,0.3008103008103008,3324.354243542435,-32.848085775887185,-20.809276848668492,3.6131927043878562,1315.7509157509157,-1.0,79.12109139200773,0.30172257347396875,
2023-07-31 13:45:56.457000,-9.265060240963855,-2.7590361445783134,0.21686746987951808,-2.692826486817903,-9.221949724095646,0.7136725935009196,3.0,0.3008103008103008,3324.354243542435,-32.77174989802459,-21.084086008973838,4.330749956296254,1336.9963369963368,-1.0,79.12109139200773,0.3017130999340199,
2023-07-31 13:45:56.465000,-9.265060240963855,-2.7228915662650603,0.30120481927710846,-2.633966891477621,-9.266094420600858,0.8166768853464133,3.0,0.3003663003663004,3329.2682926829266,-32.71068119573451,-21.404696695996737,5.033040032632131,1357.5091575091574,-1.0,79.12109139200773,0.30170359977607225,
2023-07-31 13:45:56.472000,-9.27710843373494,-2.662650602409639,0.3855421686746988,-2.553034947884733,-9.300429184549357,0.8068669527896996,3.0,0.3003663003663004,3329.2682926829266,-32.83281860031466,-20.412330283782996,6.117009498280986,1377.2893772893772,-1.0,79.12109139200773,0.301694074544196,
2023-07-31 13:45:56.480000,-9.301204819277109,-2.5903614457831328,0.3493975903614458,-2.4843654199877374,-9.261189454322501,0.7431023911710607,3.0,0.3008103008103008,3324.354243542435,-32.81755142474214,-19.023017306683762,5.918536215838238,1394.139194139194,-1.0,79.12109139200773,0.30168452574917615,
2023-07-31 13:45:56.488000,-9.337349397590362,-2.5542168674698797,0.39759036144578314,-2.489270386266094,-9.351931330472102,0.8362967504598405,3.0,0.3003663003663004,3329.2682926829266,-33.39770409649787,-18.50393333721811,6.086475147135948,1408.058608058608,-1.0,79.12109139200773,0.30167495486409374,
2023-07-31 13:45:56.495000,-9.373493975903616,-2.5180722891566267,0.3855421686746988,-2.3960760269773145,-9.327406499080318,0.7995095033721643,3.0,0.3003663003663004,3329.2682926829266,-33.535108676650545,-17.129887535691395,5.781131635685567,1419.7802197802198,-1.0,79.12109139200773,0.3016653632126408,
2023-07-31 13:45:56.503000,-9.3855421686747,-2.4939759036144578,0.4096385542168675,-2.423053341508277,-9.364193746167995,0.8632740649908032,3.0,0.3003663003663004,3329.2682926829266,-33.611444554513135,-16.22912417691277,5.491055299807703,1427.106227106227,-1.0,79.12109139200773,0.3016557520920877,
2023-07-31 13:45:56.511000,-9.373493975903616,-2.4578313253012047,0.39759036144578314,-2.388718577559779,-9.391171060698957,0.9172286940527283,3.0,0.3003663003663004,3329.2682926829266,-33.70304760794825,-15.236757764699028,5.613192704387856,1428.5714285714284,-1.0,79.12109139200773,0.30164612274699826,
2023-07-31 13:45:56.518000,-9.397590361445783,-2.433734939759036,0.43373493975903615,-2.3077866339668915,-9.41814837522992,0.9294911097486205,3.0,0.3003663003663004,3329.2682926829266,-33.535108676650545,-15.297826466989104,5.613192704387856,1422.7106227106226,-1.0,79.12109139200773,0.30163647637454255,
2023-07-31 13:45:56.526000,-9.409638554216867,-2.4096385542168677,0.4096385542168675,-2.3372164316370325,-9.413243408951564,0.8240343347639485,3.0,0.3003663003663004,3329.2682926829266,-33.535108676650545,-15.297826466989104,5.613192704387856,1410.989010989011,-1.0,79.12109139200773,0.3016268141087648,
2023-07-31 13:45:56.534000,-9.421686746987952,-2.3855421686746987,0.4096385542168675,-2.288166768853464,-9.364193746167995,0.8828939301042305,3.0,0.3003663003663004,3329.2682926829266,-33.59617737894062,-14.122253947905135,5.811665986830604,1393.4065934065934,-1.0,79.12109139200773,0.3016171368872352,
2023-07-31 13:45:56.541000,-9.44578313253012,-2.3734939759036147,0.42168674698795183,-2.3838136112814223,-9.349478847332923,0.8804414469650521,3.0,0.3003663003663004,3329.2682926829266,-33.96258959268108,-13.740574558592158,5.491055299807703,1375.091575091575,-1.0,79.12109139200773,0.30160744559462005,
2023-07-31 13:45:56.549000,-9.421686746987952,-2.3734939759036147,0.43373493975903615,-2.3911710606989574,-9.420600858369099,0.9000613120784794,3.0,0.3003663003663004,3329.2682926829266,-34.13052852397878,-13.664238680729563,4.956704154769536,1355.3113553113553,-1.0,79.12109139200773,0.301597741057206,
2023-07-31 13:45:56.557000,-9.44578313253012,-2.36144578313253,0.42168674698795183,-2.3372164316370325,-9.3862660944206,0.927038626609442,3.0,0.3003663003663004,3329.2682926829266,-33.74884913466581,-12.839811199813532,4.4681545364489255,1334.7985347985348,-1.0,79.12109139200773,0.3015880240377137,
2023-07-31 13:45:56.564000,-9.409638554216867,-2.3493975903614457,0.42168674698795183,-2.2906192519926423,-9.374003678724709,0.9245861434702636,3.0,0.3003663003663004,3329.2682926829266,-33.932055241536034,-12.290192879202845,3.8116659868306044,1311.3553113553112,-1.0,79.12109139200773,0.30157829523044694,
2023-07-31 13:45:56.572000,-9.409638554216867,-2.36144578313253,0.42168674698795183,-2.248927038626609,-9.383813611281422,0.86817903126916,3.0,0.3003663003663004,3329.2682926829266,-33.96258959268108,-11.939047841034906,3.200978963929841,1287.9120879120878,-1.0,79.12109139200773,0.3015685552568133,
2023-07-31 13:45:56.580000,-9.433734939759036,-2.3493975903614457,0.4096385542168675,-2.2955242182709994,-9.351931330472102,0.8485591661557327,3.0,0.3003663003663004,3329.2682926829266,-34.55800944000932,-11.664238680729563,2.666627818891673,1265.9340659340658,-1.0,79.12109139200773,0.30155880466125634,
2023-07-31 13:45:56.587000,-9.44578313253012,-2.3734939759036147,0.4096385542168675,-2.2734518700183934,-9.359288779889638,0.8313917841814837,3.0,0.3003663003663004,3329.2682926829266,-34.17633005069634,-11.221490589126509,1.5673911776702993,1243.956043956044,-1.0,79.12109139200773,0.30154904390763293,
2023-07-31 13:45:56.595000,-9.433734939759036,-2.3855421686746987,0.3734939759036145,-2.3372164316370325,-9.37155119558553,0.8412017167381973,3.0,0.3003663003663004,3329.2682926829266,-34.52747508886428,-10.931414253248647,0.788765223471826,1225.6410256410256,-1.0,79.12109139200773,0.30153927337607456,
2023-07-31 13:45:56.603000,-9.433734939759036,-2.397590361445783,0.3855421686746988,-2.347026364193746,-9.393623543838135,0.8534641324340895,3.0,0.3003663003663004,3329.2682926829266,-34.17633005069634,-10.671872268515822,-0.00512790629916635,1210.989010989011,-1.0,79.12109139200773,0.301529493499106,
2023-07-31 13:45:56.610000,-9.409638554216867,-2.4096385542168677,0.3734939759036145,-2.347026364193746,-9.354383813611282,0.8583690987124463,3.0,0.3003663003663004,3329.2682926829266,-34.83281860031466,-10.183322650195212,-0.7532195093526014,1198.5347985347985,-1.0,79.12109139200773,0.30151970460042776,
2023-07-31 13:45:56.618000,-9.409638554216867,-2.4457831325301207,0.3614457831325301,-2.3494788473329247,-9.3862660944206,0.7676272225628449,3.0,0.3003663003663004,3329.2682926829266,-34.619078142299394,-9.67950585630208,-1.3181050055358075,1184.6153846153845,-1.0,79.12109139200773,0.30150990690452667,
2023-07-31 13:45:56.625000,-9.409638554216867,-2.4578313253012047,0.3855421686746988,-2.37155119558553,-9.437768240343347,0.7921520539546291,3.0,0.3003663003663004,3329.2682926829266,-34.40533768428413,-9.053551657828798,-1.5013111124060365,1172.8937728937728,-1.0,79.12109139200773,0.3015001006644543,
2023-07-31 13:45:56.633000,-9.433734939759036,-2.4578313253012047,0.3493975903614458,-2.4451256897608826,-9.378908645003065,0.7749846719803801,3.0,0.3003663003663004,3329.2682926829266,-34.08472699726123,-8.36652875706544,-2.402074471184662,1165.5677655677655,-1.0,79.12109139200773,0.3014902860133049,
2023-07-31 13:45:56.641000,-9.433734939759036,-2.4698795180722892,0.3132530120481928,-2.3740036787247085,-9.43286327406499,0.7872470876762722,3.0,0.3003663003663004,3329.2682926829266,-34.2221315774139,-7.664238680729563,-2.310471417749548,1163.3699633699632,-1.0,79.12109139200773,0.3014804628266601,
2023-07-31 13:45:56.648000,-9.44578313253012,-2.4698795180722892,0.3253012048192771,-2.4451256897608826,-9.405885959534027,0.7578172900061312,3.0,0.3003663003663004,3329.2682926829266,-34.51220791329176,-7.5726356272944475,-2.5547462269098533,1162.6373626373625,-1.0,79.12109139200773,0.3014706308833536,
2023-07-31 13:45:56.656000,-9.44578313253012,-2.4939759036144578,0.30120481927710846,-2.4549356223175964,-9.354383813611282,0.7431023911710607,3.0,0.3003663003663004,3329.2682926829266,-34.64961249344444,-7.3436279937066615,-2.3410057688945862,1164.102564102564,-1.0,79.12109139200773,0.3014607899951721,
2023-07-31 13:45:56.664000,-9.397590361445783,-2.5060240963855422,0.30120481927710846,-2.4206008583690988,-9.3862660944206,0.8044144696505211,3.0,0.3003663003663004,3329.2682926829266,-34.14579569955131,-7.35889516927918,-1.77612027271138,1170.6959706959706,-1.0,79.12109139200773,0.301450939721556,
2023-07-31 13:45:56.671000,-9.3855421686747,-2.4939759036144578,0.28915662650602414,-2.462293071735132,-9.33966891477621,0.6793378295524218,3.0,0.2999222999222999,3334.1968911917097,-34.43587203542917,-7.03828448225628,-1.974593555154128,1181.6849816849815,-1.0,79.12109139200773,0.3014410793931988,
2023-07-31 13:45:56.679000,-9.361445783132531,-2.4698795180722892,0.27710843373493976,-2.388718577559779,-9.391171060698957,0.8240343347639485,3.0,0.3003663003663004,3329.2682926829266,-35.04655905832993,-7.710040207447119,-1.8066546238564183,1194.8717948717947,-1.0,79.12109139200773,0.3014312082531874,
2023-07-31 13:45:56.687000,-9.361445783132531,-2.4578313253012047,0.3132530120481928,-2.410790925812385,-9.427958307786634,0.7602697731453096,3.0,0.3003663003663004,3329.2682926829266,-35.00075753161237,-7.664238680729563,-1.3181050055358075,1208.7912087912086,-1.0,79.12109139200773,0.30142132542836086,
2023-07-31 13:45:56.694000,-9.373493975903616,-2.4457831325301207,0.28915662650602414,-2.447578172900061,-9.3862660944206,0.733292458614347,3.0,0.2999222999222999,3334.1968911917097,-35.19923081405512,-8.122253947905135,-0.9211584406503114,1220.5128205128203,-1.0,79.12109139200773,0.3014114301031295,
2023-07-31 13:45:56.702000,-9.3855421686747,-2.4578313253012047,0.30120481927710846,-2.4132434089515633,-9.35683629675046,0.7357449417535254,3.0,0.3003663003663004,3329.2682926829266,-35.412971272070386,-8.87034555095857,-0.4020744711846625,1232.2344322344322,-1.0,79.12109139200773,0.30140152136438286,
2023-07-31 13:45:56.710000,-9.349397590361447,-2.4578313253012047,0.3373493975903615,-2.3568362967504597,-9.342121397915388,0.8264868179031268,3.0,0.2999222999222999,3334.1968911917097,-35.64197890565818,-9.419963871569257,-0.29520424217702895,1242.4908424908424,-1.0,79.12109139200773,0.3013915981856252,
2023-07-31 13:45:56.717000,-9.349397590361447,-2.4578313253012047,0.3132530120481928,-2.376456161863887,-9.337216431637032,0.8068669527896996,3.0,0.3003663003663004,3329.2682926829266,-35.74884913466581,-9.54210127614941,0.1322766738535054,1254.212454212454,-1.0,79.12109139200773,0.30138165944309897,
2023-07-31 13:45:56.725000,-9.373493975903616,-2.4578313253012047,0.3132530120481928,-2.4132434089515633,-9.369098712446352,0.7823421213979154,3.0,0.2999222999222999,3334.1968911917097,-36.31373463084901,-9.725307383019638,0.4070858341588489,1269.5970695970695,-1.0,79.12109139200773,0.30137170391120277,
2023-07-31 13:45:56.733000,-9.397590361445783,-2.4698795180722892,0.3493975903614458,-2.4058859595340283,-9.396076026977314,0.8264868179031268,3.0,0.3003663003663004,3329.2682926829266,-36.63434531787191,-10.137521123477654,0.605559116601597,1285.7142857142856,-1.0,79.12109139200773,0.30136173027933544,
2023-07-31 13:45:56.740000,-9.421686746987952,-2.4578313253012047,0.3614457831325301,-2.4255058246474555,-9.33966891477621,0.838749233599019,3.0,0.2999222999222999,3334.1968911917097,-36.664879669016955,-9.67950585630208,0.6666278188916733,1299.6336996336995,-1.0,79.12109139200773,0.30135173714801433,
2023-07-31 13:45:56.748000,-9.421686746987952,-2.4578313253012047,0.39759036144578314,-2.440220723482526,-9.383813611281422,0.7921520539546291,3.0,0.2999222999222999,3334.1968911917097,-37.1839636384826,-9.755841734164678,0.8651011013344214,1311.3553113553112,-1.0,79.12109139200773,0.3013417230463933,
2023-07-31 13:45:56.756000,-9.421686746987952,-2.4578313253012047,0.3734939759036145,-2.359288779889638,-9.393623543838135,0.86817903126916,3.0,0.2999222999222999,3334.1968911917097,-36.89388730260474,-9.603169978439485,0.9261698036244977,1319.4139194139193,-1.0,79.12109139200773,0.30133168627973783,
2023-07-31 13:45:56.763000,-9.397590361445783,-2.4819277108433737,0.3734939759036145,-2.427958307786634,-9.305334150827713,0.8117719190680563,3.0,0.3003663003663004,3329.2682926829266,-36.72594837130703,-9.664238680729563,1.4452537730901465,1326.007326007326,-1.0,79.12109139200773,0.30132162507498583,
2023-07-31 13:45:56.771000,-9.373493975903616,-2.4578313253012047,0.3855421686746988,-2.4034334763948495,-9.332311465358675,0.8019619865113427,3.0,0.29947829947829946,3339.140103780578,-37.12289493619252,-9.19095623798147,0.9414369791970169,1331.135531135531,-1.0,79.12109139200773,0.30131153773704406,
2023-07-31 13:45:56.779000,-9.337349397590362,-2.4578313253012047,0.39759036144578314,-2.3740036787247085,-9.261189454322501,0.8828939301042305,3.0,0.2999222999222999,3334.1968911917097,-37.07709340947497,-9.221490589126509,1.0941087349222076,1335.5311355311355,-1.0,79.12109139200773,0.30130142251801195,
2023-07-31 13:45:56.786000,-9.349397590361447,-2.4819277108433737,0.42168674698795183,-2.4083384426732066,-9.359288779889638,0.9123237277743715,3.0,0.2999222999222999,3334.1968911917097,-37.48930714993298,-8.290192879202845,0.8498339257619023,1339.194139194139,-1.0,79.12109139200773,0.3012912774338868,
2023-07-31 13:45:56.794000,-9.3855421686747,-2.5060240963855422,0.3855421686746988,-2.4745554874310236,-9.366646229307173,0.8240343347639485,3.0,0.2999222999222999,3334.1968911917097,-37.412971272070386,-7.969582192179944,0.6666278188916733,1342.1245421245421,-1.0,79.12109139200773,0.30128110044232864,
2023-07-31 13:45:56.802000,-9.361445783132531,-2.5180722891566267,0.3855421686746988,-2.4500306560392398,-9.305334150827713,0.8240343347639485,3.0,0.2999222999222999,3334.1968911917097,-37.412971272070386,-7.969582192179944,0.6666278188916733,1342.1245421245421,-1.0,79.12109139200773,0.30127088946064984,
2023-07-31 13:45:56.809000,-9.421686746987952,-2.4939759036144578,0.3734939759036145,-2.4500306560392398,-9.378908645003065,0.7995095033721643,3.0,0.2999222999222999,3334.1968911917097,-36.63434531787191,-7.404696695996738,0.4070858341588489,1338.4615384615383,-1.0,79.12109139200773,0.3012606423733843,
2023-07-31 13:45:56.817000,-9.457831325301205,-2.4457831325301207,0.3132530120481928,-2.364193746167995,-9.442673206621704,0.8338442673206621,3.0,0.2999222999222999,3334.1968911917097,-36.298467455276494,-7.54210127614941,0.7429636967542688,1332.6007326007325,-1.0,79.12109139200773,0.30125035703997294,
2023-07-31 13:45:56.825000,-9.457831325301205,-2.4939759036144578,0.3614457831325301,-2.430410790925812,-9.410790925812385,0.7872470876762722,3.0,0.2999222999222999,3334.1968911917097,-36.71068119573451,-7.893246314317349,0.8803682769069405,1327.4725274725274,-1.0,79.12109139200773,0.3012400313025547,
2023-07-31 13:45:56.832000,-9.421686746987952,-2.5301204819277108,0.3253012048192771,-2.5113427345187,-9.351931330472102,0.8093194359288779,3.0,0.2999222999222999,3334.1968911917097,-36.924421653749775,-7.969582192179944,0.239146902861139,1323.076923076923,-1.0,79.12109139200773,0.3012296629938488,
2023-07-31 13:45:56.840000,-9.349397590361447,-2.5542168674698797,0.3373493975903615,-2.5137952176578784,-9.381361128142244,0.7283874923359902,3.0,0.2999222999222999,3334.1968911917097,-36.95495600489482,-7.511566925004372,-0.27993706660450984,1323.076923076923,-1.0,79.12109139200773,0.30121924994512056,
2023-07-31 13:45:56.848000,-9.349397590361447,-2.5180722891566267,0.3253012048192771,-2.5039852851011646,-9.344573881054567,0.7676272225628449,3.0,0.2999222999222999,3334.1968911917097,-36.49694073771924,-6.992482955538723,-0.18833401316939535,1331.8681318681317,-1.0,79.12109139200773,0.3012087899942162,
2023-07-31 13:45:56.855000,-9.361445783132531,-2.5542168674698797,0.3132530120481928,-2.5652973635806253,-9.320049049662783,0.7112201103617413,3.0,0.2999222999222999,3334.1968911917097,-36.970223180467336,-6.9008799021036085,0.42235300973136797,1351.6483516483515,-1.0,79.12109139200773,0.3011982809936561,
2023-07-31 13:45:56.863000,-9.397590361445783,-2.5421686746987953,0.3253012048192771,-2.4647455548743102,-9.376456161863887,0.7431023911710607,3.0,0.2999222999222999,3334.1968911917097,-37.45877279878795,-6.427597459355517,0.07120797156342906,1386.8131868131868,-1.0,79.12109139200773,0.30118772081877293,
2023-07-31 13:45:56.871000,-9.3855421686747,-2.566265060240964,0.30120481927710846,-2.4745554874310236,-9.33966891477621,0.7136725935009196,3.0,0.2999222999222999,3334.1968911917097,-37.59617737894062,-6.442864634928036,-0.09673095973428085,1439.5604395604394,-1.0,79.12109139200773,0.30117710737588443,
2023-07-31 13:45:56.878000,-9.409638554216867,-2.5542168674698797,0.30120481927710846,-2.5971796443899446,-9.3862660944206,0.7602697731453096,3.0,0.2999222999222999,3334.1968911917097,-37.56564302779558,-6.7940096730959745,-0.29520424217702895,1510.6227106227104,-1.0,79.12109139200773,0.3011664386104847,
2023-07-31 13:45:56.886000,-9.373493975903616,-2.5783132530120483,0.27710843373493976,-2.523605150214592,-9.322501532801962,0.6989576946658491,3.0,0.2999222999222999,3334.1968911917097,-37.45877279878795,-6.961948604393685,-0.43260882232970066,1600.7326007326005,-1.0,79.12109139200773,0.301155712515442,
2023-07-31 13:45:56.894000,-9.361445783132531,-2.566265060240964,0.27710843373493976,-2.481912936848559,-9.337216431637032,0.733292458614347,3.0,0.2999222999222999,3334.1968911917097,-37.21449798962764,-7.099353184546357,-0.21886836431443352,1706.9597069597069,-1.0,79.12109139200773,0.30114492713919144,
2023-07-31 13:45:56.901000,-9.373493975903616,-2.5301204819277108,0.27710843373493976,-2.4353157572041693,-9.320049049662783,0.6916002452483139,3.0,0.2999222999222999,3334.1968911917097,-37.412971272070386,-7.419963871569257,-0.34100576889458617,1820.5128205128203,-1.0,79.12109139200773,0.3011340805939042,
2023-07-31 13:45:56.909000,-9.3855421686747,-2.5421686746987953,0.30120481927710846,-2.447578172900061,-9.376456161863887,0.7431023911710607,3.0,0.2999222999222999,3334.1968911917097,-37.428238447642904,-7.87797913874483,-0.29520424217702895,1938.4615384615383,-1.0,79.12109139200773,0.30112317106361997,
2023-07-31 13:45:56.917000,-9.373493975903616,-2.5421686746987953,0.26506024096385544,-2.5481299816063765,-9.378908645003065,0.7185775597792765,3.0,0.29947829947829946,3339.140103780578,-37.74884913466581,-8.427597459355516,-0.09673095973428085,2052.747252747253,-1.0,79.12109139200773,0.30111219681233226,
2023-07-31 13:45:56.924000,-9.337349397590362,-2.5421686746987953,0.28915662650602414,-2.5039852851011646,-9.337216431637032,0.7406499080318822,3.0,0.29947829947829946,3339.140103780578,-37.55037585222306,-8.763475321950937,0.4070858341588489,2150.915750915751,-1.0,79.12109139200773,0.30110115604270715,
2023-07-31 13:45:56.932000,-9.361445783132531,-2.5542168674698797,0.28915662650602414,-2.4966278356836296,-9.31023911710607,0.7504598405885959,3.0,0.2999222999222999,3334.1968911917097,-37.24503234077268,-8.88561272653109,0.2238797272886199,2232.967032967033,-1.0,79.12109139200773,0.30109004702089115,
2023-07-31 13:45:56.940000,-9.361445783132531,-2.5542168674698797,0.28915662650602414,-2.55793991416309,-9.327406499080318,0.7749846719803801,3.0,0.2999222999222999,3334.1968911917097,-37.36716974535283,-8.916147077676127,0.46815453644892524,2290.842490842491,-1.0,79.12109139200773,0.30107886821157126,
2023-07-31 13:45:56.947000,-9.361445783132531,-2.5421686746987953,0.28915662650602414,-2.5456774984671977,-9.305334150827713,0.7210300429184548,3.0,0.2999222999222999,3334.1968911917097,-37.1839636384826,-8.626070741798264,0.9414369791970169,2320.879120879121,-1.0,79.12109139200773,0.3010676181780814,
2023-07-31 13:45:56.955000,-9.349397590361447,-2.5542168674698797,0.27710843373493976,-2.499080318822808,-9.320049049662783,0.7357449417535254,3.0,0.2999222999222999,3334.1968911917097,-37.24503234077268,-8.748208146378417,1.0330400326321314,2321.6117216117214,-1.0,79.12109139200773,0.3010562955999735,
2023-07-31 13:45:56.963000,-9.325301204819278,-2.5421686746987953,0.3132530120481928,-2.5260576333537705,-9.322501532801962,0.7872470876762722,3.0,0.2999222999222999,3334.1968911917097,-37.12289493619252,-7.862711963172311,1.4147194219451085,2298.168498168498,-1.0,79.12109139200773,0.30104489927990963,
2023-07-31 13:45:56.970000,-9.361445783132531,-2.5421686746987953,0.3132530120481928,-2.528510116492949,-9.35683629675046,0.7234825260576333,3.0,0.2999222999222999,3334.1968911917097,-36.89388730260474,-7.465765398286814,1.338383544082513,2252.014652014652,-1.0,79.12109139200773,0.3010334281504147,
2023-07-31 13:45:56.978000,-9.373493975903616,-2.5421686746987953,0.28915662650602414,-2.469650521152667,-9.40098099325567,0.7087676272225628,3.0,0.2999222999222999,3334.1968911917097,-37.229765165200156,-7.313093642561624,1.4910552998077038,2184.6153846153843,-1.0,79.12109139200773,0.30102188128047247,
2023-07-31 13:45:56.985000,-9.421686746987952,-2.5060240963855422,0.28915662650602414,-2.447578172900061,-9.472103004291846,0.7357449417535254,3.0,0.2999222999222999,3334.1968911917097,-36.75648272245207,-7.664238680729563,1.903269040265719,2102.5641025641025,-1.0,79.12109139200773,0.30101025788195307,
2023-07-31 13:45:56.993000,-9.44578313253012,-2.4819277108433737,0.30120481927710846,-2.4377682403433476,-9.442673206621704,0.6940527283874923,3.0,0.2999222999222999,3334.1968911917097,-36.89388730260474,-8.091719596760097,2.239146902861139,2011.7216117216117,-1.0,79.12109139200773,0.3009985573158623,
2023-07-31 13:45:57.001000,-9.421686746987952,-2.5060240963855422,0.26506024096385544,-2.4058859595340283,-9.467198038013489,0.7406499080318822,3.0,0.2999222999222999,3334.1968911917097,-37.19923081405512,-8.106986772332617,2.040673620418391,1915.7509157509155,743.011474609375,80.75245410112129,0.30098677909839433,
2023-07-31 13:45:57.008000,-9.421686746987952,-2.4819277108433737,0.26506024096385544,-2.4083384426732066,-9.413243408951564,0.7087676272225628,3.0,0.2999222999222999,3334.1968911917097,-36.985490356039854,-8.71767379523338,2.025406444845872,1818.3150183150183,-1.0,80.75245410112129,0.300974922906776,
2023-07-31 13:45:57.016000,-9.421686746987952,-2.5180722891566267,0.2530120481927711,-2.4647455548743102,-9.334763948497853,0.703862660944206,3.0,0.2999222999222999,3334.1968911917097,-37.19923081405512,-8.839811199813532,1.5521240020977802,1724.5421245421244,-1.0,80.75245410112129,0.30096298858488785,
2023-07-31 13:45:57.024000,-9.397590361445783,-2.5180722891566267,0.24096385542168675,-2.5113427345187,-9.349478847332923,0.6817903126916002,3.0,0.2999222999222999,3334.1968911917097,-37.27556669191772,-9.511566925004372,1.3689178952275511,1636.6300366300366,-1.0,80.75245410112129,0.3009509761486481,
2023-07-31 13:45:57.031000,-9.397590361445783,-2.4698795180722892,0.2530120481927711,-2.3789086450030656,-9.440220723482526,0.7283874923359902,3.0,0.29947829947829946,3339.140103780578,-37.07709340947497,-9.954315016607424,1.2925820173649558,1552.3809523809523,-1.0,80.75245410112129,0.30093888579113837,
2023-07-31 13:45:57.039000,-9.409638554216867,-2.4216867469879517,0.27710843373493976,-2.359288779889638,-9.378908645003065,0.7234825260576333,3.0,0.2999222999222999,3334.1968911917097,-37.32136821863527,-10.335994405920403,1.6589942311054138,1476.923076923077,-1.0,80.75245410112129,0.3009267178769179,
2023-07-31 13:45:57.047000,-9.46987951807229,-2.5903614457831328,0.28915662650602414,-2.5652973635806253,-9.33966891477621,0.7161250766400981,3.0,0.2999222999222999,3334.1968911917097,-38.40533768428413,-10.503933337218111,0.17807820057106266,1416.117216117216,-1.0,80.75245410112129,0.30091447291488355,
2023-07-31 13:45:57.054000,-9.421686746987952,-2.5903614457831328,0.24096385542168675,-2.5554874310239115,-9.415695892090742,0.8093194359288779,3.0,0.29947829947829946,3339.140103780578,-37.5045743255055,-10.53446768836315,-1.409708058970922,1369.9633699633698,-1.0,80.75245410112129,0.3009021515938603,
2023-07-31 13:45:57.062000,-9.409638554216867,-2.4819277108433737,0.3132530120481928,-2.4377682403433476,-9.383813611281422,0.7234825260576333,3.0,0.29947829947829946,3339.140103780578,-36.46640638657421,-10.946681428821165,-0.2341355398869526,1336.9963369963368,-1.0,80.75245410112129,0.30088975478616614,
2023-07-31 13:45:57.070000,-9.421686746987952,-2.3734939759036147,0.30120481927710846,-2.293071735131821,-9.354383813611282,0.7161250766400981,3.0,0.29947829947829946,3339.140103780578,-37.336635394207796,-12.442864634928036,-0.035662257444204516,1314.2857142857142,-1.0,80.75245410112129,0.30087728336984404,
2023-07-31 13:45:57.077000,-9.433734939759036,-2.4698795180722892,0.27710843373493976,-2.4451256897608826,-9.391171060698957,0.7014101778050276,3.0,0.29903429903429907,3344.097995545657,-37.336635394207796,-12.442864634928036,-0.035662257444204516,1298.168498168498,-1.0,80.75245410112129,0.300864738241004,
2023-07-31 13:45:57.085000,-9.44578313253012,-2.5060240963855422,0.3132530120481928,-2.5260576333537705,-9.43286327406499,0.7480073574494175,3.0,0.29947829947829946,3339.140103780578,-38.45113921100169,-13.007750131111242,-1.2570363032457312,1284.2490842490843,-1.0,80.75245410112129,0.3008521203142992,
2023-07-31 13:45:57.093000,-9.433734939759036,-2.5060240963855422,0.3253012048192771,-2.4647455548743102,-9.396076026977314,0.7553648068669527,3.0,0.29947829947829946,3339.140103780578,-37.55037585222306,-13.358895169279181,-1.3333721811083266,1271.7948717948716,-1.0,80.75245410112129,0.30083943065027163,
2023-07-31 13:45:57.100000,-9.409638554216867,-2.4216867469879517,0.3614457831325301,-2.3323114653586754,-9.3862660944206,0.8362967504598405,3.0,0.29947829947829946,3339.140103780578,-36.90915447817726,-13.358895169279181,-1.2723034788182503,1261.5384615384614,-1.0,80.75245410112129,0.30082667075243413,
2023-07-31 13:45:57.108000,-9.3855421686747,-2.3855421686746987,0.3855421686746988,-2.3445738810545675,-9.430410790925812,0.838749233599019,3.0,0.29947829947829946,3339.140103780578,-36.664879669016955,-13.847444787599791,-0.875356913932754,1251.2820512820513,-1.0,80.75245410112129,0.30081384226806135,
2023-07-31 13:45:57.116000,-9.3855421686747,-2.433734939759036,0.4096385542168675,-2.4500306560392398,-9.408338442673205,0.8412017167381973,3.0,0.29947829947829946,3339.140103780578,-37.27556669191772,-14.015383718897501,-0.6463492803449679,1239.5604395604396,-1.0,80.75245410112129,0.30080094699747256,
2023-07-31 13:45:57.123000,-9.3855421686747,-2.4457831325301207,0.42168674698795183,-2.4451256897608826,-9.37155119558553,0.8632740649908032,3.0,0.29947829947829946,3339.140103780578,-38.02365829497115,-13.771108909737196,-1.2570363032457312,1229.3040293040292,-1.0,80.75245410112129,0.30078798702038545,
2023-07-31 13:45:57.131000,-9.3855421686747,-2.397590361445783,0.44578313253012053,-2.381361128142244,-9.349478847332923,0.8902513795217657,3.0,0.29947829947829946,3339.140103780578,-37.03129188275741,-13.984849367752464,-0.8295553872151968,1218.3150183150183,-1.0,80.75245410112129,0.30077496454485947,
2023-07-31 13:45:57.139000,-9.409638554216867,-2.4578313253012047,0.4819277108433735,-2.462293071735132,-9.359288779889638,0.9221336603310851,3.0,0.29947829947829946,3339.140103780578,-37.1839636384826,-14.565002039508189,0.3918186585863298,1209.5238095238094,-1.0,80.75245410112129,0.3007618819048542,
2023-07-31 13:45:57.146000,-9.3855421686747,-2.4216867469879517,0.45783132530120485,-2.3151440833844266,-9.376456161863887,0.9417535254445125,3.0,0.29947829947829946,3339.140103780578,-37.5045743255055,-13.52683410057689,-0.27993706660450984,1207.3260073260074,-1.0,80.75245410112129,0.30074874155712306,
2023-07-31 13:45:57.154000,-9.3855421686747,-2.3493975903614457,0.5060240963855422,-2.251379521765788,-9.410790925812385,0.8951563458001226,3.0,0.29947829947829946,3339.140103780578,-36.038925470543674,-13.557368451721928,0.2238797272886199,1212.4542124542124,-1.0,80.75245410112129,0.3007355460774672,
2023-07-31 13:45:57.162000,-9.44578313253012,-2.3373493975903616,0.5180722891566265,-2.3053341508277128,-9.442673206621704,0.9417535254445125,3.0,0.29947829947829946,3339.140103780578,-36.344268981994055,-13.816910436454753,1.7811316356855664,1226.3736263736264,-1.0,80.75245410112129,0.30072229815637674,
2023-07-31 13:45:57.169000,-9.44578313253012,-2.4578313253012047,0.49397590361445787,-2.410790925812385,-9.398528510116492,0.973635806253832,3.0,0.29947829947829946,3339.140103780578,-36.81755142474214,-12.809276848668494,1.0330400326321314,1246.153846153846,-1.0,80.75245410112129,0.30070900059408673,
2023-07-31 13:45:57.177000,-9.397590361445783,-2.4216867469879517,0.46987951807228917,-2.359288779889638,-9.408338442673205,0.9417535254445125,3.0,0.29947829947829946,3339.140103780578,-35.74884913466581,-11.496299749431852,0.3307499562962535,1268.131868131868,-1.0,80.75245410112129,0.3006956562950844,
2023-07-31 13:45:57.185000,-9.3855421686747,-2.313253012048193,0.5060240963855422,-2.2317596566523603,-9.361741263028817,1.0177805027590434,3.0,0.29947829947829946,3339.140103780578,-35.00075753161237,-11.221490589126509,0.8192995746168642,1290.10989010989,-1.0,80.75245410112129,0.30068226826210437,
2023-07-31 13:45:57.192000,-9.409638554216867,-2.3734939759036147,0.5060240963855422,-2.3200490496627832,-9.388718577559779,0.8951563458001226,3.0,0.29947829947829946,3339.140103780578,-35.351902569780314,-11.358895169279181,1.8269331624031238,1309.89010989011,-1.0,80.75245410112129,0.300668839589651,
2023-07-31 13:45:57.200000,-9.373493975903616,-2.433734939759036,0.46987951807228917,-2.4353157572041693,-9.302881667688535,0.927038626609442,3.0,0.29903429903429907,3344.097995545657,-35.94732241710856,-10.168055474622692,0.5139560631664825,1328.2051282051282,-1.0,80.75245410112129,0.3006553734570909,
2023-07-31 13:45:57.208000,-9.373493975903616,-2.3734939759036147,0.44578313253012053,-2.293071735131821,-9.378908645003065,0.8461066830165542,3.0,0.29947829947829946,3339.140103780578,-34.49694073771924,-9.832177612027273,0.3918186585863298,1344.3223443223442,-1.0,80.75245410112129,0.3006418729720703,
2023-07-31 13:45:57.215000,-9.421686746987952,-2.3855421686746987,0.45783132530120485,-2.364193746167995,-9.366646229307173,0.9172286940527283,3.0,0.29903429903429907,3344.097995545657,-34.51220791329176,-10.36652875706544,1.353650719655032,1358.974358974359,-1.0,80.75245410112129,0.3006283412903072,
2023-07-31 13:45:57.223000,-9.409638554216867,-2.3855421686746987,0.4096385542168675,-2.3323114653586754,-9.459840588595952,0.9196811771919068,3.0,0.29903429903429907,3344.097995545657,-35.04655905832993,-8.794009673095974,0.6208262921741161,1373.6263736263736,-1.0,80.75245410112129,0.30061478161732275,
2023-07-31 13:45:57.231000,-9.397590361445783,-2.433734939759036,0.3614457831325301,-2.342121397915389,-9.347026364193745,0.8632740649908032,3.0,0.29903429903429907,3344.097995545657,-34.13052852397878,-7.190956237981471,0.6360934677466351,1385.3479853479853,-1.0,80.75245410112129,0.30060119703948684,
2023-07-31 13:45:57.238000,-9.409638554216867,-2.36144578313253,0.3132530120481928,-2.2317596566523603,-9.376456161863887,0.8142244022072348,3.0,0.29947829947829946,3339.140103780578,-33.39770409649787,-7.175689062408952,-0.20360118874191444,1394.8717948717947,-1.0,80.75245410112129,0.30058759079132596,
2023-07-31 13:45:57.246000,-9.409638554216867,-2.4096385542168677,0.3132530120481928,-2.3077866339668915,-9.435315757204169,0.8264868179031268,3.0,0.29947829947829946,3339.140103780578,-33.2602995163452,-5.755841734164677,-0.5547462269098533,1399.2673992673992,-1.0,80.75245410112129,0.3005739662351944,
2023-07-31 13:45:57.254000,-9.44578313253012,-2.4216867469879517,0.26506024096385544,-2.359288779889638,-9.469650521152667,0.6916002452483139,3.0,0.29947829947829946,3339.140103780578,-32.83281860031466,-5.328360818134143,-1.0738301963755021,1400.0,-1.0,80.75245410112129,0.30056032674480926,
2023-07-31 13:45:57.261000,-9.44578313253012,-2.3373493975903616,0.26506024096385544,-2.190067443286327,-9.472103004291846,0.7136725935009196,3.0,0.29947829947829946,3339.140103780578,-32.25266592855894,-5.068818833401318,-0.7379523337800824,1397.069597069597,-1.0,80.75245410112129,0.30054667570638366,
2023-07-31 13:45:57.269000,-9.457831325301205,-2.3493975903614457,0.27710843373493976,-2.2244022072348253,-9.486817903126916,0.7283874923359902,3.0,0.29903429903429907,3344.097995545657,-31.76411631023833,-5.740574558592158,-0.7532195093526014,1388.278388278388,-1.0,80.75245410112129,0.30053301650930464,
2023-07-31 13:45:57.277000,-9.530120481927712,-2.4096385542168677,0.30120481927710846,-2.3372164316370325,-9.499080318822807,0.7578172900061312,3.0,0.29903429903429907,3344.097995545657,-32.08472699726123,-6.732940970805898,-1.2723034788182503,1377.2893772893772,-1.0,80.75245410112129,0.3005193523876632,
2023-07-31 13:45:57.284000,-9.55421686746988,-2.4819277108433737,0.30120481927710846,-2.469650521152667,-9.469650521152667,0.7578172900061312,3.0,0.29947829947829946,3339.140103780578,-30.985490356039854,-7.54210127614941,-1.6692500437037465,1364.102564102564,-1.0,80.75245410112129,0.30050568638941455,
2023-07-31 13:45:57.292000,-9.481927710843374,-2.4578313253012047,0.3132530120481928,-2.339668914776211,-9.464745554874309,0.7749846719803801,3.0,0.29903429903429907,3344.097995545657,-30.344268981994052,-8.580269215080708,-2.737952333780082,1348.7179487179487,-1.0,80.75245410112129,0.30049202165404404,
2023-07-31 13:45:57.300000,-9.409638554216867,-2.4096385542168677,0.30120481927710846,-2.3617412630288164,-9.381361128142244,0.8191293684855916,3.0,0.29903429903429907,3344.097995545657,-29.626711730085656,-8.732940970805899,-2.6310821047724486,1334.065934065934,-1.0,80.75245410112129,0.3004783612749179,
2023-07-31 13:45:57.307000,-9.397590361445783,-2.5060240963855422,0.3373493975903615,-2.5358675659104843,-9.359288779889638,0.7749846719803801,3.0,0.29947829947829946,3339.140103780578,-29.825185012528404,-7.648971505157044,-3.60818134141367,1320.8791208791208,-1.0,80.75245410112129,0.30046470813032683,
2023-07-31 13:45:57.315000,-9.361445783132531,-2.5060240963855422,0.3253012048192771,-2.4843654199877374,-9.347026364193745,0.8019619865113427,3.0,0.29947829947829946,3339.140103780578,-28.084726997261228,-6.442864634928036,-3.791387448283899,1312.087912087912,-1.0,80.75245410112129,0.3004510651619736,
2023-07-31 13:45:57.323000,-9.409638554216867,-2.4457831325301207,0.3493975903614458,-2.4058859595340283,-9.396076026977314,0.82158185162477,3.0,0.29903429903429907,3344.097995545657,-26.985490356039854,-5.572635627294448,-3.3333721811083263,1304.7619047619046,-1.0,80.75245410112129,0.3004374353876262,
2023-07-31 13:45:57.330000,-9.433734939759036,-2.36144578313253,0.3493975903614458,-2.369098712446352,-9.41814837522992,0.8117719190680563,3.0,0.29903429903429907,3344.097995545657,-26.57327661558184,-5.755841734164677,-2.478410349047258,1297.4358974358975,-1.0,80.75245410112129,0.30042382160593056,
2023-07-31 13:45:57.338000,-9.481927710843374,-2.4457831325301207,0.39759036144578314,-2.4794604537093807,-9.489270386266094,0.838749233599019,3.0,0.29903429903429907,3344.097995545657,-26.710681195734512,-5.465765398286814,-3.760853097138861,1290.8424908424909,-1.0,80.75245410112129,0.30041022636802783,
2023-07-31 13:45:57.346000,-9.481927710843374,-2.4939759036144578,0.39759036144578314,-2.4353157572041693,-9.40098099325567,0.8706315144083384,3.0,0.29903429903429907,3344.097995545657,-25.443505623215426,-5.068818833401318,-4.722685158207563,1284.2490842490843,-1.0,80.75245410112129,0.3003966521087914,
2023-07-31 13:45:57.353000,-9.44578313253012,-2.4939759036144578,0.43373493975903615,-2.376456161863887,-9.450030656039239,0.8853464132434089,3.0,0.29903429903429907,3344.097995545657,-25.443505623215426,-5.068818833401318,-4.722685158207563,1276.1904761904761,-1.0,80.75245410112129,0.3003831012786051,
2023-07-31 13:45:57.361000,-9.409638554216867,-2.397590361445783,0.45783132530120485,-2.3053341508277128,-9.420600858369099,0.9687308399754752,3.0,0.29903429903429907,3344.097995545657,-24.832818600314663,-3.786376085309715,-5.165433249810617,1270.3296703296703,-1.0,80.75245410112129,0.3003695761778503,
2023-07-31 13:45:57.368000,-9.421686746987952,-2.4216867469879517,0.46987951807228917,-2.3568362967504597,-9.393623543838135,0.8828939301042305,3.0,0.29903429903429907,3344.097995545657,-23.73358195909329,-3.725307383019639,-4.27993706660451,1262.2710622710622,-1.0,80.75245410112129,0.3003560788235379,
2023-07-31 13:45:57.376000,-9.397590361445783,-2.433734939759036,0.39759036144578314,-2.329858982219497,-9.320049049662783,0.8706315144083384,3.0,0.29903429903429907,3344.097995545657,-23.88625371481848,-2.5192005127906314,-3.592914165841151,1257.142857142857,-1.0,80.75245410112129,0.3003426112320704,
2023-07-31 13:45:57.384000,-9.325301204819278,-2.4578313253012047,0.3253012048192771,-2.427958307786634,-9.315144083384427,0.8117719190680563,3.0,0.2985902985902986,3349.07063197026,-23.672513256803214,-1.923780665462387,-4.142532486451838,1254.212454212454,-1.0,80.75245410112129,0.3003291752555382,
2023-07-31 13:45:57.391000,-9.265060240963855,-2.4216867469879517,0.3253012048192771,-2.400980993255671,-9.197424892703863,0.7357449417535254,3.0,0.29903429903429907,3344.097995545657,-22.710681195734512,-0.1527882990501734,-3.6692500437037463,1252.7472527472526,-1.0,80.75245410112129,0.300315772439727,
2023-07-31 13:45:57.399000,-9.228915662650603,-2.4578313253012047,0.24096385542168675,-2.381361128142244,-9.175352544451256,0.6891477621091354,3.0,0.29903429903429907,3344.097995545657,-21.88625371481848,1.6029368917895213,-3.089097371948021,1252.7472527472526,-1.0,80.75245410112129,0.300302404277191,
2023-07-31 13:45:57.407000,-9.240963855421688,-2.4578313253012047,0.2530120481927711,-2.3789086450030656,-9.285714285714285,0.6989576946658491,3.0,0.29903429903429907,3344.097995545657,-21.932055241536037,3.2823262047666204,-2.7532195093526015,1254.9450549450548,-1.0,80.75245410112129,0.30028907221573325,
2023-07-31 13:45:57.414000,-9.289156626506024,-2.4939759036144578,0.1927710843373494,-2.4426732066217043,-9.327406499080318,0.6916002452483139,3.0,0.29903429903429907,3344.097995545657,-21.168696462910084,3.4807994872093686,-2.6158149291999298,1259.3406593406592,-1.0,80.75245410112129,0.30027577738018607,
2023-07-31 13:45:57.422000,-9.361445783132531,-2.5301204819277108,0.16867469879518074,-2.4721030042918453,-9.342121397915388,0.6204782342121398,3.0,0.29903429903429907,3344.097995545657,-20.832818600314663,4.198356739117766,-2.7532195093526015,1263.7362637362637,-1.0,80.75245410112129,0.300262520592719,
2023-07-31 13:45:57.430000,-9.325301204819278,-2.4457831325301207,0.14457831325301207,-2.4255058246474555,-9.275904353157571,0.6253832004904966,3.0,0.29903429903429907,3344.097995545657,-20.099994172833746,4.396830021560514,-3.8371889750014563,1267.3992673992673,-1.0,80.75245410112129,0.30024930266018124,
2023-07-31 13:45:57.437000,-9.361445783132531,-2.4819277108433737,0.16867469879518074,-2.4549356223175964,-9.317596566523605,0.6302881667688535,3.0,0.29903429903429907,3344.097995545657,-19.56564302779558,4.366295670415475,-3.2875706543907692,1271.7948717948716,-1.0,80.75245410112129,0.3002361242151565,
2023-07-31 13:45:57.445000,-9.397590361445783,-2.566265060240964,0.10843373493975904,-2.521152667075414,-9.337216431637032,0.5493562231759657,3.0,0.29903429903429907,3344.097995545657,-19.993123943826113,3.587669716217002,-3.6692500437037463,1277.6556776556777,-1.0,80.75245410112129,0.30022298558943006,
2023-07-31 13:45:57.453000,-9.397590361445783,-2.5421686746987953,0.07228915662650603,-2.427958307786634,-9.445125689760882,0.5321888412017167,3.0,0.29903429903429907,3344.097995545657,-19.38243692092535,2.9769826933162387,-4.585280578054891,1285.7142857142856,-1.0,80.75245410112129,0.3002098869650693,
2023-07-31 13:45:57.460000,-9.457831325301205,-2.566265060240964,0.07228915662650603,-2.5064377682403434,-9.41814837522992,0.5052115266707541,3.0,0.29903429903429907,3344.097995545657,-18.710681195734512,3.038051395606315,-3.8982576772915327,1293.040293040293,-1.0,80.75245410112129,0.3001968283771196,
2023-07-31 13:45:57.468000,-9.506024096385543,-2.5180722891566267,0.08433734939759037,-2.4573881054567748,-9.540772532188841,0.5444512568976088,3.0,0.29903429903429907,3344.097995545657,-18.5427422644368,2.8090437620185287,-4.524211875764815,1301.098901098901,-1.0,80.75245410112129,0.3001838097172018,
2023-07-31 13:45:57.476000,-9.530120481927712,-2.5180722891566267,0.08433734939759037,-2.459840588595953,-9.506437768240342,0.49294911097486205,3.0,0.29903429903429907,3344.097995545657,-17.351902569780314,2.12202086125517,-4.127265310879319,1306.227106227106,-1.0,80.75245410112129,0.30017083087676133,
2023-07-31 13:45:57.483000,-9.542168674698795,-2.4939759036144578,0.04819277108433735,-2.587369711833231,-9.503985285101164,0.45861434702636417,3.0,0.29903429903429907,3344.097995545657,-17.5809102033681,2.7327078841559334,-4.27993706660451,1308.4249084249084,-1.0,80.75245410112129,0.30015789173207047,
2023-07-31 13:45:57.491000,-9.493975903614459,-2.4578313253012047,0.060240963855421686,-2.398528510116493,-9.49417535254445,0.5150214592274678,3.0,0.29903429903429907,3344.097995545657,-17.489307149932984,2.305226968125399,-5.180700425383136,1309.89010989011,-1.0,80.75245410112129,0.30014499200248607,
2023-07-31 13:45:57.499000,-9.46987951807229,-2.4698795180722892,0.024096385542168676,-2.342121397915389,-9.467198038013489,0.5076640098099325,3.0,0.29903429903429907,3344.097995545657,-16.69541402016199,2.3510284948429563,-4.676883631490006,1309.1575091575091,-1.0,80.75245410112129,0.3001321312586485,
2023-07-31 13:45:57.506000,-9.44578313253012,-2.4939759036144578,0.03614457831325302,-2.459840588595953,-9.403433476394849,0.5297363580625383,3.0,0.29903429903429907,3344.097995545657,-16.985490356039854,1.6334712429345593,-4.905891265077792,1306.227106227106,-1.0,80.75245410112129,0.3001193089312947,
2023-07-31 13:45:57.514000,-9.3855421686747,-2.4819277108433737,0.012048192771084338,-2.4132434089515633,-9.33966891477621,0.4414469650521152,3.0,0.29903429903429907,3344.097995545657,-16.09999417283375,2.0151506322475363,-4.722685158207563,1301.098901098901,-1.0,80.75245410112129,0.3001065243206583,
2023-07-31 13:45:57.522000,-9.3855421686747,-2.5060240963855422,0.03614457831325302,-2.4745554874310236,-9.322501532801962,0.4438994481912937,3.0,0.29903429903429907,3344.097995545657,-15.870986539245962,1.5266010139269257,-3.989860730726647,1295.2380952380952,-1.0,80.75245410112129,0.3000937766064203,
2023-07-31 13:45:57.529000,-9.361445783132531,-2.5421686746987953,0.03614457831325302,-2.4426732066217043,-9.334763948497853,0.4757817290006131,3.0,0.29903429903429907,3344.097995545657,-15.44350562321543,1.038051395606315,-4.707417982635044,1287.9120879120878,-1.0,80.75245410112129,0.30008106471942075,
2023-07-31 13:45:57.537000,-9.3855421686747,-2.5301204819277108,0.07228915662650603,-2.462293071735132,-9.393623543838135,0.5419987737584304,3.0,0.2985902985902986,3349.07063197026,-15.183963638482604,-0.2443913524852879,-4.386807295612143,1278.3882783882782,-1.0,80.75245410112129,0.300068387511724,
2023-07-31 13:45:57.545000,-9.337349397590362,-2.4698795180722892,0.0963855421686747,-2.499080318822808,-9.288166768853463,0.5542611894543225,3.0,0.2985902985902986,3349.07063197026,-14.588543791154361,-1.1604218868364329,-3.7455859215663416,1269.5970695970695,-1.0,80.75245410112129,0.3000557438850515,
2023-07-31 13:45:57.552000,-9.349397590361447,-2.5542168674698797,0.12048192771084337,-2.494175352544451,-9.329858982219497,0.5910484365419988,3.0,0.2985902985902986,3349.07063197026,-14.90915447817726,-1.1298875356913947,-5.10436454752054,1264.4688644688645,-1.0,80.75245410112129,0.3000431324724301,
2023-07-31 13:45:57.560000,-9.301204819277109,-2.5301204819277108,0.0963855421686747,-2.4843654199877374,-9.32495401594114,0.568976088289393,3.0,0.2985902985902986,3349.07063197026,-13.794650661383368,-1.1146203601188756,-4.188334013169396,1263.003663003663,-1.0,80.75245410112129,0.3000305516599265,
2023-07-31 13:45:57.568000,-9.301204819277109,-2.5421686746987953,0.10843373493975904,-2.530962599632127,-9.33966891477621,0.5763335377069282,3.0,0.29903429903429907,3344.097995545657,-13.657246081230696,-1.9543150166074252,-3.9135248528640516,1268.8644688644688,-1.0,80.75245410112129,0.3000179997464421,
2023-07-31 13:45:57.575000,-9.361445783132531,-2.5542168674698797,0.13253012048192772,-2.4647455548743102,-9.354383813611282,0.645003065603924,3.0,0.29903429903429907,3344.097995545657,-13.168696462910086,-3.603169978439486,-3.211234776528174,1282.051282051282,-1.0,80.75245410112129,0.30000547510356856,
2023-07-31 13:45:57.583000,-9.373493975903616,-2.5421686746987953,0.1566265060240964,-2.4328632740649905,-9.334763948497853,0.6057633353770693,3.0,0.2985902985902986,3349.07063197026,-12.77174989802459,-3.9695821921799443,-2.7990210360701586,1307.6923076923076,-1.0,80.75245410112129,0.2999929762080451,
2023-07-31 13:45:57.591000,-9.373493975903616,-2.4939759036144578,0.1566265060240964,-2.447578172900061,-9.347026364193745,0.5935009196811771,3.0,0.2985902985902986,3349.07063197026,-12.390070508711613,-4.595536390653226,-2.661616455917487,1347.985347985348,-1.0,80.75245410112129,0.2999805013659608,
2023-07-31 13:45:57.598000,-9.373493975903616,-2.4698795180722892,0.1566265060240964,-2.410790925812385,-9.369098712446352,0.5935009196811771,3.0,0.2985902985902986,3349.07063197026,-12.038925470543674,-3.526834100576891,-2.127265310879319,1406.5934065934066,-1.0,80.75245410112129,0.2999680487032519,
2023-07-31 13:45:57.606000,-9.337349397590362,-2.4698795180722892,0.08433734939759037,-2.4647455548743102,-9.307786633966892,0.5640711220110362,3.0,0.29903429903429907,3344.097995545657,-11.245032340772681,-2.626070741798265,-2.188334013169395,1482.7838827838827,-1.0,80.75245410112129,0.2999556163152175,
2023-07-31 13:45:57.614000,-9.313253012048193,-2.433734939759036,0.10843373493975904,-2.3960760269773145,-9.329858982219497,0.5542611894543225,3.0,0.2985902985902986,3349.07063197026,-11.077093409474971,-0.9314142532486467,-1.7455859215663418,1575.8241758241757,-1.0,80.75245410112129,0.2999432024264276,
2023-07-31 13:45:57.621000,-9.325301204819278,-2.433734939759036,0.08433734939759037,-2.4083384426732066,-9.297976701410178,0.5076640098099325,3.0,0.2985902985902986,3349.07063197026,-10.75648272245207,1.1296544490414295,-1.1654332498106166,1684.9816849816848,-1.0,80.75245410112129,0.29993080527373367,
2023-07-31 13:45:57.629000,-9.361445783132531,-2.4216867469879517,0.04819277108433735,-2.364193746167995,-9.35683629675046,0.4757817290006131,3.0,0.2985902985902986,3349.07063197026,-10.75648272245207,1.1296544490414295,-1.1654332498106166,1801.4652014652013,-1.0,80.75245410112129,0.29991842295753196,
2023-07-31 13:45:57.637000,-9.337349397590362,-2.4096385542168677,0.024096385542168676,-2.347026364193746,-9.32495401594114,0.4782342121397915,3.0,0.2985902985902986,3349.07063197026,-10.25266592855894,2.2441582658353227,-1.77612027271138,1916.4835164835163,-1.0,80.75245410112129,0.2999060535906422,
2023-07-31 13:45:57.644000,-9.361445783132531,-2.433734939759036,0.0,-2.347026364193746,-9.32495401594114,0.4316370324954016,3.0,0.29903429903429907,3344.097995545657,-9.886253714818483,3.2365246780490633,-1.3333721811083266,2027.106227106227,-1.0,80.75245410112129,0.2998936953081388,
2023-07-31 13:45:57.652000,-9.361445783132531,-2.4698795180722892,0.0,-2.5064377682403434,-9.366646229307173,0.41446965052115264,3.0,0.29903429903429907,3344.097995545657,-9.901520890391001,3.8319445253773075,-1.1348988986655786,2122.3443223443223,-1.0,80.75245410112129,0.29988134642614467,
2023-07-31 13:45:57.660000,-9.349397590361447,-2.5060240963855422,-0.024096385542168676,-2.4721030042918453,-9.32495401594114,0.4463519313304721,3.0,0.29903429903429907,3344.097995545657,-9.489307149932987,3.587669716217002,-1.5776469902686319,2197.8021978021975,-1.0,80.75245410112129,0.29986900547284817,
2023-07-31 13:45:57.667000,-9.373493975903616,-2.5060240963855422,-0.012048192771084338,-2.4721030042918453,-9.410790925812385,0.4438994481912937,3.0,0.29903429903429907,3344.097995545657,-8.954956004894818,2.7785094108734905,-1.5165782879785557,2250.5494505494503,-1.0,80.75245410112129,0.2998566711989474,
2023-07-31 13:45:57.675000,-9.397590361445783,-2.5301204819277108,-0.04819277108433735,-2.5162477007970567,-9.430410790925812,0.3727774371551195,3.0,0.2985902985902986,3349.07063197026,-8.848085775887185,1.5266010139269257,-1.8219217994289372,2275.457875457875,-1.0,80.75245410112129,0.29984434256748616,
2023-07-31 13:45:57.683000,-9.421686746987952,-2.5783132530120483,-0.03614457831325302,-2.5947271612507663,-9.469650521152667,0.43899448191293683,3.0,0.2985902985902986,3349.07063197026,-8.374803333139093,-0.1527882990501734,-1.959326379581609,2274.7252747252746,-1.0,80.75245410112129,0.299832018327781,
2023-07-31 13:45:57.690000,-9.409638554216867,-2.6144578313253013,0.024096385542168676,-2.599632127529123,-9.393623543838135,0.5052115266707541,3.0,0.2985902985902986,3349.07063197026,-7.870986539245964,-1.7405745585921581,-2.4478759979022198,2249.0842490842488,-1.0,80.75245410112129,0.2998196971634551,
2023-07-31 13:45:57.698000,-9.397590361445783,-2.6144578313253013,0.012048192771084338,-2.5726548129981603,-9.342121397915388,0.4095646842427958,3.0,0.2985902985902986,3349.07063197026,-7.489307149932987,-2.3817959326379596,-2.9516927917953493,2199.267399267399,-1.0,80.75245410112129,0.29980737796738144,
2023-07-31 13:45:57.706000,-9.3855421686747,-2.6144578313253013,-0.03614457831325302,-2.540772532188841,-9.342121397915388,0.3825873697118332,3.0,0.2985902985902986,3349.07063197026,-6.909154478177261,-2.839811199813532,-2.692150807062525,2131.8681318681315,-1.0,80.75245410112129,0.2997950597004464,
2023-07-31 13:45:57.713000,-9.373493975903616,-2.5903614457831328,-0.03614457831325302,-2.562844880441447,-9.320049049662783,0.40220723482526055,3.0,0.2985902985902986,3349.07063197026,-6.695414020161994,-3.221490589126509,-2.997494318512907,2048.3516483516482,-1.0,80.75245410112129,0.29978274139886907,
2023-07-31 13:45:57.721000,-9.373493975903616,-2.5903614457831328,0.0,-2.530962599632127,-9.347026364193745,0.43408951563458,3.0,0.2985902985902986,3349.07063197026,-6.405337684284132,-2.839811199813532,-3.3181050055358075,1954.5787545787543,-1.0,80.75245410112129,0.299770422042025,
2023-07-31 13:45:57.729000,-9.397590361445783,-2.626506024096386,-0.012048192771084338,-2.570202329858982,-9.37155119558553,0.37768240343347637,3.0,0.2985902985902986,3349.07063197026,-6.09999417283375,-1.5115669250043717,-3.1807004253831357,1856.4102564102564,720.03173828125,83.32966008307197,0.29975810057864455,
2023-07-31 13:45:57.736000,-9.409638554216867,-2.6144578313253013,-0.060240963855421686,-2.5554874310239115,-9.320049049662783,0.328632740649908,3.0,0.2985902985902986,3349.07063197026,-5.519841501078025,0.44263154827807083,-2.692150807062525,1758.2417582417581,-1.0,83.32966008307197,0.2997457760798717,
2023-07-31 13:45:57.744000,-9.3855421686747,-2.5903614457831328,-0.060240963855421686,-2.60453709380748,-9.3862660944206,0.32127529123237275,3.0,0.2985902985902986,3349.07063197026,-5.290833867490239,1.740341471942193,-2.737952333780082,1664.4688644688645,-1.0,83.32966008307197,0.2997334477424766,
2023-07-31 13:45:57.751000,-9.361445783132531,-2.6506024096385543,-0.0963855421686747,-2.6388718577559778,-9.329858982219497,0.35806253832004903,3.0,0.2985902985902986,3349.07063197026,-5.046559058329933,3.2975933803391393,-3.0127614940854257,1579.4871794871794,-1.0,83.32966008307197,0.29972111489152675,
2023-07-31 13:45:57.759000,-9.337349397590362,-2.698795180722892,-0.10843373493975904,-2.6437768240343344,-9.246474555487431,0.34334763948497854,3.0,0.2985902985902986,3349.07063197026,-4.725948371307033,4.641104830720819,-2.9364256162228304,1504.0293040293038,-1.0,83.32966008307197,0.2997087769825239,
2023-07-31 13:45:57.767000,-9.313253012048193,-2.710843373493976,-0.13253012048192772,-2.609442060085837,-9.320049049662783,0.29675045984058857,3.0,0.2985902985902986,3349.07063197026,-4.191597226268865,4.686906357438376,-3.3028378299632886,1438.095238095238,-1.0,83.32966008307197,0.29969643360302944,
2023-07-31 13:45:57.774000,-9.313253012048193,-2.710843373493976,-0.12048192771084337,-2.6732066217044754,-9.261189454322501,0.33353770692826484,3.0,0.2985902985902986,3349.07063197026,-4.252665928558941,3.8624788765223457,-3.165433249810617,1382.4175824175823,-1.0,83.32966008307197,0.2996840844737831,
2023-07-31 13:45:57.782000,-9.325301204819278,-2.698795180722892,-0.08433734939759037,-2.6143470263641935,-9.253832004904966,0.3261802575107296,3.0,0.2985902985902986,3349.07063197026,-3.5656430277955824,2.3968300215605134,-3.1043645475205404,1340.6593406593406,-1.0,83.32966008307197,0.29967172944934306,
2023-07-31 13:45:57.790000,-9.301204819277109,-2.6867469879518073,-0.0963855421686747,-2.592274678111588,-9.329858982219497,0.3948497854077253,3.0,0.2985902985902986,3349.07063197026,-3.336635394207796,0.9006468154536433,-2.9211584406503115,1309.1575091575091,-1.0,83.32966008307197,0.2996593686570122,
2023-07-31 13:45:57.797000,-9.289156626506024,-2.6867469879518073,-0.060240963855421686,-2.658491722869405,-9.219497240956468,0.3727774371551195,3.0,0.2985902985902986,3349.07063197026,-2.7564827224520707,-1.1604218868364329,-2.8142882116426775,1283.5164835164835,-1.0,83.32966008307197,0.29964700233744324,
2023-07-31 13:45:57.805000,-9.253012048192772,-2.698795180722892,-0.060240963855421686,-2.6535867565910483,-9.241569589209075,0.3801348865726548,3.0,0.29814629814629817,3354.0580789277733,-2.3442689819940554,-2.5497348639356696,-2.4173416467571816,1263.003663003663,-1.0,83.32966008307197,0.29963463071634355,
2023-07-31 13:45:57.813000,-9.265060240963855,-2.698795180722892,-0.024096385542168676,-2.6830165542611892,-9.241569589209075,0.4757817290006131,3.0,0.2985902985902986,3349.07063197026,-1.7183147835207733,-3.740574558592158,-2.539479051337334,1246.8864468864467,-1.0,83.32966008307197,0.2996222541419511,
2023-07-31 13:45:57.820000,-9.265060240963855,-2.7228915662650603,0.0,-2.7173513182096873,-9.258736971183323,0.41446965052115264,3.0,0.29814629814629817,3354.0580789277733,-1.6572460812306968,-4.274925703630326,-1.6997843948487845,1230.7692307692307,-1.0,83.32966008307197,0.2996098730516807,
2023-07-31 13:45:57.828000,-9.289156626506024,-2.7228915662650603,-0.012048192771084338,-2.6952789699570814,-9.305334150827713,0.43408951563458,3.0,0.29814629814629817,3354.0580789277733,-0.8938873026047427,-4.305460054775364,-1.3791737078258839,1214.6520146520145,-1.0,83.32966008307197,0.29959748785217544,
2023-07-31 13:45:57.836000,-9.313253012048193,-2.698795180722892,-0.024096385542168676,-2.670754138565297,-9.285714285714285,0.4463519313304721,3.0,0.29814629814629817,3354.0580789277733,-0.5885437911543611,-4.198589825767731,-0.7837538604976396,1203.6630036630036,-1.0,83.32966008307197,0.29958509904405056,
2023-07-31 13:45:57.843000,-9.361445783132531,-2.698795180722892,0.0,-2.6903740036787247,-9.378908645003065,0.49540159411404044,3.0,0.29814629814629817,3354.0580789277733,-0.8786201270322236,-3.358895169279181,-0.2341355398869526,1194.1391941391942,-1.0,83.32966008307197,0.2995727071968826,
2023-07-31 13:45:57.851000,-9.3855421686747,-2.710843373493976,0.024096385542168676,-2.60453709380748,-9.374003678724709,0.4904966278356836,3.0,0.29814629814629817,3354.0580789277733,0.06794475846395957,-2.1985898257677308,-0.08146378416176177,1191.9413919413919,-1.0,83.32966008307197,0.2995603129552929,
2023-07-31 13:45:57.859000,-9.433734939759036,-2.698795180722892,-0.024096385542168676,-2.6781115879828326,-9.410790925812385,0.47087676272225626,3.0,0.29814629814629817,3354.0580789277733,0.4190897966318985,-1.389429520424219,0.45288736087640613,1196.3369963369962,-1.0,83.32966008307197,0.2995479171622311,
2023-07-31 13:45:57.866000,-9.44578313253012,-2.6867469879518073,-0.012048192771084338,-2.629061925199264,-9.366646229307173,0.41446965052115264,3.0,0.29814629814629817,3354.0580789277733,1.1977157508303717,-0.6871394440883414,0.20861255171610082,1204.3956043956043,-1.0,83.32966008307197,0.29953552070502165,
2023-07-31 13:45:57.874000,-9.433734939759036,-2.674698795180723,-0.012048192771084338,-2.641324340895156,-9.425505824647455,0.43654199877375843,3.0,0.29814629814629817,3354.0580789277733,1.6709981935784632,0.07621933453761284,0.1322766738535054,1216.8498168498168,-1.0,83.32966008307197,0.29952312451021756,
2023-07-31 13:45:57.882000,-9.3855421686747,-2.63855421686747,-0.04819277108433735,-2.6143470263641935,-9.381361128142244,0.3948497854077253,3.0,0.29814629814629817,3354.0580789277733,2.037410407318921,0.24415826583532277,-0.1577996620243572,1232.2344322344322,-1.0,83.32966008307197,0.29951072953802743,
2023-07-31 13:45:57.889000,-9.349397590361447,-2.626506024096386,-0.03614457831325302,-2.550582464745555,-9.300429184549357,0.4414469650521152,3.0,0.29814629814629817,3354.0580789277733,2.342753918769303,0.9922498688887579,0.025406444845871817,1251.2820512820513,-1.0,83.32966008307197,0.2994983367763583,
2023-07-31 13:45:57.897000,-9.325301204819278,-2.6144578313253013,-0.03614457831325302,-2.521152667075414,-9.270999386879215,0.42427958307786634,3.0,0.2985902985902986,3349.07063197026,2.9534409416700664,1.038051395606315,0.20861255171610082,1270.3296703296703,-1.0,83.32966008307197,0.2994859472345412,
2023-07-31 13:45:57.905000,-9.349397590361447,-2.6144578313253013,-0.060240963855421686,-2.5849172286940525,-9.305334150827713,0.41446965052115264,3.0,0.2985902985902986,3349.07063197026,2.9534409416700664,1.038051395606315,0.20861255171610082,1290.8424908424909,-1.0,83.32966008307197,0.2994735620860809,
2023-07-31 13:45:57.912000,-9.349397590361447,-2.602409638554217,-0.07228915662650603,-2.5456774984671977,-9.23175965665236,0.43899448191293683,3.0,0.29814629814629817,3354.0580789277733,3.625196666860906,0.7479750597284525,0.10174232270846724,1312.8205128205127,-1.0,83.32966008307197,0.299461182683789,
2023-07-31 13:45:57.920000,-9.361445783132531,-2.5903614457831328,-0.07228915662650603,-2.5432250153280194,-9.307786633966892,0.41201716738197425,3.0,0.29814629814629817,3354.0580789277733,3.6709981935784635,0.5037002505681472,-0.43260882232970066,1332.6007326007325,-1.0,83.32966008307197,0.29944881026653825,
2023-07-31 13:45:57.928000,-9.325301204819278,-2.602409638554217,-0.03614457831325302,-2.533415082771306,-9.349478847332923,0.34334763948497854,3.0,0.29814629814629817,3354.0580789277733,4.327486743196784,0.2288910902628037,-0.3562729444671053,1352.3809523809523,-1.0,83.32966008307197,0.29943644593229357,
2023-07-31 13:45:57.935000,-9.361445783132531,-2.6144578313253013,-0.024096385542168676,-2.5849172286940525,-9.37155119558553,0.3629675045984059,3.0,0.29814629814629817,3354.0580789277733,4.174814987471593,-0.5650020395081886,-0.5700134024823724,1370.6959706959706,-1.0,83.32966008307197,0.299424090770238,
2023-07-31 13:45:57.943000,-9.3855421686747,-2.6144578313253013,-0.012048192771084338,-2.6241569589209073,-9.354383813611282,0.4071122011036174,3.0,0.29814629814629817,3354.0580789277733,4.296952392051746,-0.809276848668494,-0.5852805780548915,1384.6153846153845,-1.0,83.32966008307197,0.29941174585418046,
2023-07-31 13:45:57.951000,-9.421686746987952,-2.626506024096386,-0.03614457831325302,-2.5481299816063765,-9.403433476394849,0.37522992029429797,3.0,0.29814629814629817,3354.0580789277733,4.464891323349455,-1.3283608181341429,-0.7226851582075633,1394.8717948717947,-1.0,83.32966008307197,0.2993994122360475,
2023-07-31 13:45:57.958000,-9.421686746987952,-2.626506024096386,-0.04819277108433735,-2.560392397302268,-9.349478847332923,0.40220723482526055,3.0,0.29814629814629817,3354.0580789277733,4.541227201212051,-1.3741623448517,-0.875356913932754,1399.2673992673992,-1.0,83.32966008307197,0.2993870909395247,
2023-07-31 13:45:57.966000,-9.457831325301205,-2.662650602409639,-0.03614457831325302,-2.540772532188841,-9.405885959534027,0.4659717964438994,3.0,0.2985902985902986,3349.07063197026,4.72443330808228,-1.9390478410349061,-0.7226851582075633,1400.7326007326005,-1.0,83.32966008307197,0.2993747830926496,
2023-07-31 13:45:57.974000,-9.457831325301205,-2.662650602409639,-0.03614457831325302,-2.6315144083384427,-9.423053341508277,0.3727774371551195,3.0,0.29814629814629817,3354.0580789277733,4.907639414952509,-1.6795058563020817,-1.1807004253831357,1397.8021978021977,-1.0,83.32966008307197,0.29936248991207975,
2023-07-31 13:45:57.981000,-9.421686746987952,-2.674698795180723,-0.012048192771084338,-2.611894543225015,-9.33966891477621,0.4218270999386879,3.0,0.29814629814629817,3354.0580789277733,5.167181399685333,-1.6642386807295626,-1.7150515704213036,1395.6043956043954,-1.0,83.32966008307197,0.29935021244248133,
2023-07-31 13:45:57.989000,-9.3855421686747,-2.698795180722892,-0.012048192771084338,-2.6486817903126916,-9.26364193746168,0.4193746167995095,3.0,0.29814629814629817,3354.0580789277733,5.350387506555562,-1.1146203601188756,-2.3715401200396244,1391.2087912087911,-1.0,83.32966008307197,0.29933795154147397,
2023-07-31 13:45:57.997000,-9.325301204819278,-2.710843373493976,0.0,-2.65113427345187,-9.258736971183323,0.4218270999386879,3.0,0.2977022977022977,3359.0604026845635,5.365654682128081,-1.1654332498257214E-4,-2.3715401200396244,1382.4175824175823,-1.0,83.32966008307197,0.29932570801357133,
2023-07-31 13:45:58.004000,-9.289156626506024,-2.698795180722892,0.012048192771084338,-2.6683016554261187,-9.224402207234824,0.4537093807480073,3.0,0.29814629814629817,3354.0580789277733,5.823669949303654,0.3968300215605136,-2.0814637841617616,1372.8937728937728,-1.0,83.32966008307197,0.29931348259528656,
2023-07-31 13:45:58.012000,-9.253012048192772,-2.710843373493976,0.0,-2.6683016554261187,-9.266094420600858,0.4880441446965052,3.0,0.29814629814629817,3354.0580789277733,6.327486743196784,1.2670590291941013,-1.60818134141367,1359.7069597069597,-1.0,83.32966008307197,0.299301276058321,
2023-07-31 13:45:58.020000,-9.228915662650603,-2.7228915662650603,-0.012048192771084338,-2.6683016554261187,-9.24892703862661,0.42673206621704474,3.0,0.29814629814629817,3354.0580789277733,6.419089796631898,1.8777460520948648,-1.6692500437037465,1342.8571428571427,-1.0,83.32966008307197,0.2992890890784548,
2023-07-31 13:45:58.027000,-9.289156626506024,-2.746987951807229,0.0,-2.6535867565910483,-9.285714285714285,0.4414469650521152,3.0,0.29814629814629817,3354.0580789277733,6.281685216479226,2.7174407085834145,-1.0890973719480213,1323.8095238095236,-1.0,83.32966008307197,0.2992769222541165,
2023-07-31 13:45:58.035000,-9.313253012048193,-2.710843373493976,-0.024096385542168676,-2.6683016554261187,-9.305334150827713,0.37522992029429797,3.0,0.29814629814629817,3354.0580789277733,6.7855020103723565,2.442631548278071,-1.043295845230464,1301.098901098901,-1.0,83.32966008307197,0.2992647762326101,
2023-07-31 13:45:58.043000,-9.349397590361447,-2.734939759036145,-0.03614457831325302,-2.65113427345187,-9.337216431637032,0.4316370324954016,3.0,0.29814629814629817,3354.0580789277733,7.212982926402891,2.1983567391177656,-1.058563020802983,1281.3186813186812,-1.0,83.32966008307197,0.2992526515600883,
2023-07-31 13:45:58.050000,-9.349397590361447,-2.734939759036145,-0.012048192771084338,-2.7075413856529735,-9.297976701410178,0.3850398528510116,3.0,0.29814629814629817,3354.0580789277733,7.594662315715867,1.557135365071964,-0.9669599673678686,1265.9340659340658,-1.0,83.32966008307197,0.29924054868130345,
2023-07-31 13:45:58.058000,-9.361445783132531,-2.7228915662650603,-0.024096385542168676,-2.700183936235438,-9.37155119558553,0.42427958307786634,3.0,0.29814629814629817,3354.0580789277733,7.503059262280753,1.022784220033796,-0.8295553872151968,1252.7472527472526,-1.0,83.32966008307197,0.29922846793987096,
2023-07-31 13:45:58.066000,-9.361445783132531,-2.698795180722892,0.0,-2.734518700183936,-9.366646229307173,0.4095646842427958,3.0,0.29814629814629817,3354.0580789277733,7.640463842433425,0.106753685682651,-1.1196317230930595,1241.7582417582416,-1.0,83.32966008307197,0.2992164095790631,
2023-07-31 13:45:58.073000,-9.397590361445783,-2.698795180722892,-0.012048192771084338,-2.6560392397302266,-9.391171060698957,0.47087676272225626,3.0,0.29814629814629817,3354.0580789277733,7.869471476021211,-0.5497348639356696,-0.2341355398869526,1232.2344322344322,-1.0,83.32966008307197,0.2992043737431575,
2023-07-31 13:45:58.081000,-9.3855421686747,-2.7228915662650603,0.024096385542168676,-2.6977314530962597,-9.351931330472102,0.4537093807480073,3.0,0.29814629814629817,3354.0580789277733,8.37328826991434,-1.0688188334013184,0.16281102499854358,1226.3736263736264,-1.0,83.32966008307197,0.2991923604793515,
2023-07-31 13:45:58.089000,-9.397590361445783,-2.710843373493976,0.012048192771084338,-2.692826486817903,-9.307786633966892,0.510116492949111,3.0,0.29814629814629817,3354.0580789277733,8.174814987471592,-1.8016432608822344,0.07120797156342906,1223.4432234432234,-1.0,83.32966008307197,0.29918036974025924,
2023-07-31 13:45:58.096000,-9.397590361445783,-2.6867469879518073,0.0,-2.709993868792152,-9.388718577559779,0.47087676272225626,3.0,0.29814629814629817,3354.0580789277733,8.342753918769303,-2.274925703630326,0.05594079599090998,1221.245421245421,-1.0,83.32966008307197,0.29916840138699585,
2023-07-31 13:45:58.104000,-9.337349397590362,-2.6867469879518073,0.03614457831325302,-2.609442060085837,-9.329858982219497,0.463519313304721,3.0,0.29814629814629817,3354.0580789277733,8.571761552357088,-2.6108035662257456,0.7429636967542688,1220.5128205128203,-1.0,83.32966008307197,0.29915645519285766,
2023-07-31 13:45:58.112000,-9.313253012048193,-2.710843373493976,0.060240963855421686,-2.700183936235438,-9.251379521765788,0.5714285714285714,3.0,0.29814629814629817,3354.0580789277733,8.602295903502128,-2.3665287570654403,0.8956354524794595,1221.9780219780218,-1.0,83.32966008307197,0.29914453084759746,
2023-07-31 13:45:58.119000,-9.253012048192772,-2.7228915662650603,0.08433734939759037,-2.6069895769466584,-9.234212139791538,0.5738810545677498,3.0,0.29814629814629817,3354.0580789277733,8.648097430219684,-1.8932463143173488,0.5750247654565588,1225.6410256410256,-1.0,83.32966008307197,0.2991326279622921,
2023-07-31 13:45:58.127000,-9.265060240963855,-2.7228915662650603,0.12048192771084337,-2.6560392397302266,-9.253832004904966,0.5959534028203556,3.0,0.29814629814629817,3354.0580789277733,9.258784453120448,-1.389429520424219,0.8040323990443451,1231.5018315018315,-1.0,83.32966008307197,0.2991207460747977,
2023-07-31 13:45:58.134000,-9.253012048192772,-2.6867469879518073,0.08433734939759037,-2.6658491722869404,-9.199877375843041,0.5321888412017167,3.0,0.29814629814629817,3354.0580789277733,9.396189033273119,-0.6260707417982649,0.9872385059145741,1239.5604395604396,-1.0,83.32966008307197,0.2991088846557781,
2023-07-31 13:45:58.142000,-9.265060240963855,-2.6867469879518073,0.08433734939759037,-2.6683016554261187,-9.226854690374003,0.5125689760882893,3.0,0.29814629814629817,3354.0580789277733,9.762601247013578,0.3968300215605136,1.0330400326321314,1247.6190476190475,-1.0,83.32966008307197,0.2990970431152962,
2023-07-31 13:45:58.150000,-9.289156626506024,-2.710843373493976,0.07228915662650603,-2.6486817903126916,-9.273451870018393,0.5616186388718577,3.0,0.2977022977022977,3359.0604026845635,10.113746285181517,1.190723151331506,0.9261698036244977,1255.6776556776556,-1.0,83.32966008307197,0.299085220809943,
2023-07-31 13:45:58.157000,-9.301204819277109,-2.6867469879518073,0.07228915662650603,-2.6977314530962597,-9.280809319435928,0.5003065603923973,3.0,0.29814629814629817,3354.0580789277733,10.72443330808228,2.0456849833925745,1.2009789639298412,1264.4688644688645,-1.0,83.32966008307197,0.29907341690119554,
2023-07-31 13:45:58.165000,-9.325301204819278,-2.6867469879518073,0.024096385542168676,-2.5652973635806253,-9.317596566523605,0.5052115266707541,3.0,0.29814629814629817,3354.0580789277733,10.754967659227319,2.7327078841559334,1.155177437212284,1273.260073260073,-1.0,83.32966008307197,0.2990616304909767,
2023-07-31 13:45:58.173000,-9.325301204819278,-2.6867469879518073,0.03614457831325302,-2.575107296137339,-9.290619251992641,0.43899448191293683,3.0,0.29814629814629817,3354.0580789277733,11.21298292640289,2.3357613192704374,1.1704446127848032,1280.5860805860805,-1.0,83.32966008307197,0.29904986078919493,
2023-07-31 13:45:58.180000,-9.409638554216867,-2.674698795180723,0.024096385542168676,-2.609442060085837,-9.378908645003065,0.42673206621704474,3.0,0.2985902985902986,3349.07063197026,11.21298292640289,2.3357613192704374,1.1704446127848032,1288.6446886446886,-1.0,83.32966008307197,0.2990381069838425,
2023-07-31 13:45:58.188000,-9.421686746987952,-2.674698795180723,0.0,-2.6560392397302266,-9.450030656039239,0.47332924586143466,3.0,0.29814629814629817,3354.0580789277733,11.0603111706777,2.4731658994231087,1.338383544082513,1297.4358974358975,-1.0,83.32966008307197,0.29902636839953134,
2023-07-31 13:45:58.196000,-9.421686746987952,-2.6506024096385543,0.03614457831325302,-2.60453709380748,-9.364193746167995,0.4537093807480073,3.0,0.29814629814629817,3354.0580789277733,11.503059262280752,1.4502651360643304,0.8040323990443451,1305.4945054945053,-1.0,83.32966008307197,0.29901464437968023,
2023-07-31 13:45:58.203000,-9.397590361445783,-2.63855421686747,0.03614457831325302,-2.6069895769466584,-9.35683629675046,0.48068669527896996,3.0,0.2985902985902986,3349.07063197026,11.808402773731135,1.2212575024765442,1.155177437212284,1310.6227106227104,-1.0,83.32966008307197,0.2990029341374967,
2023-07-31 13:45:58.211000,-9.397590361445783,-2.63855421686747,0.03614457831325302,-2.587369711833231,-9.337216431637032,0.4904966278356836,3.0,0.29814629814629817,3354.0580789277733,12.159547811899074,0.8243109375910479,0.7276965211817497,1314.2857142857142,-1.0,83.32966008307197,0.29899123719314685,
2023-07-31 13:45:58.219000,-9.409638554216867,-2.6144578313253013,0.024096385542168676,-2.580012262415696,-9.349478847332923,0.48559166155732675,3.0,0.29814629814629817,3354.0580789277733,12.342753918769303,-0.045918070042539824,0.46815453644892524,1315.7509157509157,-1.0,83.32966008307197,0.2989795530978025,
2023-07-31 13:45:58.226000,-9.397590361445783,-2.5903614457831328,0.060240963855421686,-2.550582464745555,-9.337216431637032,0.5003065603923973,3.0,0.29814629814629817,3354.0580789277733,13.090845521822738,-0.4275974593555169,0.7734980478993069,1314.2857142857142,-1.0,83.32966008307197,0.2989678811578434,
2023-07-31 13:45:58.234000,-9.409638554216867,-2.6144578313253013,0.07228915662650603,-2.540772532188841,-9.337216431637032,0.5419987737584304,3.0,0.29814629814629817,3354.0580789277733,13.0603111706777,-0.824544024241013,0.7124293456092305,1309.89010989011,-1.0,83.32966008307197,0.2989562208725011,
2023-07-31 13:45:58.242000,-9.397590361445783,-2.602409638554217,0.10843373493975904,-2.629061925199264,-9.408338442673205,0.5861434702636419,3.0,0.29814629814629817,3354.0580789277733,13.7015325447235,-1.0840860089738376,-0.020395081871685435,1303.2967032967033,-1.0,83.32966008307197,0.29894457178562367,
2023-07-31 13:45:58.249000,-9.397590361445783,-2.602409638554217,0.13253012048192772,-2.550582464745555,-9.405885959534027,0.5346413243408952,3.0,0.29814629814629817,3354.0580789277733,14.251150865334187,-0.7024066196608604,0.08647514713594814,1295.2380952380952,-1.0,83.32966008307197,0.2989329335076862,
2023-07-31 13:45:58.257000,-9.397590361445783,-2.6144578313253013,0.12048192771084337,-2.5775597792765175,-9.33966891477621,0.5910484365419988,3.0,0.29814629814629817,3354.0580789277733,14.953440941670065,-0.1527882990501734,0.0406736204183909,1286.4468864468863,-1.0,83.32966008307197,0.29892130571656156,
2023-07-31 13:45:58.265000,-9.3855421686747,-2.602409638554217,0.13253012048192772,-2.5162477007970567,-9.33966891477621,0.5935009196811771,3.0,0.29814629814629817,3354.0580789277733,15.625196666860905,0.09148651011013192,-0.1425324864518381,1277.6556776556777,-1.0,83.32966008307197,0.29890968817912555,
2023-07-31 13:45:58.272000,-9.3855421686747,-2.602409638554217,0.14457831325301207,-2.6069895769466584,-9.361741263028817,0.6033108522378908,3.0,0.29814629814629817,3354.0580789277733,15.701532544723502,0.9006468154536433,0.08647514713594814,1268.8644688644688,-1.0,83.32966008307197,0.29889808075149726,
2023-07-31 13:45:58.280000,-9.361445783132531,-2.5903614457831328,0.16867469879518074,-2.5137952176578784,-9.347026364193745,0.5959534028203556,3.0,0.29814629814629817,3354.0580789277733,15.640463842433427,1.8624788765223457,-0.035662257444204516,1261.5384615384614,-1.0,83.32966008307197,0.29888648340000135,
2023-07-31 13:45:58.288000,-9.337349397590362,-2.602409638554217,0.16867469879518074,-2.5383200490496627,-9.342121397915388,0.6229307173513182,3.0,0.29814629814629817,3354.0580789277733,16.510692850067013,2.442631548278071,0.025406444845871817,1257.8754578754579,-1.0,83.32966008307197,0.2988748963394012,
2023-07-31 13:45:58.295000,-9.349397590361447,-2.5903614457831328,0.18072289156626506,-2.5554874310239115,-9.349478847332923,0.5935009196811771,3.0,0.29814629814629817,3354.0580789277733,16.983975292815106,2.915913991026162,-0.0509294330167236,1259.3406593406592,-1.0,83.32966008307197,0.2988633198938583,
2023-07-31 13:45:58.303000,-9.349397590361447,-2.5903614457831328,0.16867469879518074,-2.5554874310239115,-9.33966891477621,0.5714285714285714,3.0,0.29814629814629817,3354.0580789277733,17.27405162869297,3.205990326904025,0.19334537614358174,1265.9340659340658,-1.0,83.32966008307197,0.2988517543678225,
2023-07-31 13:45:58.311000,-9.361445783132531,-2.5903614457831328,0.16867469879518074,-2.5481299816063765,-9.364193746167995,0.6425505824647455,3.0,0.29814629814629817,3354.0580789277733,17.07557834625022,3.6182040673620404,0.010139269273352732,1282.7838827838827,-1.0,83.32966008307197,0.29884020035288256,
2023-07-31 13:45:58.318000,-9.3855421686747,-2.602409638554217,0.14457831325301207,-2.562844880441447,-9.32495401594114,0.598405885959534,3.0,0.29814629814629817,3354.0580789277733,17.701532544723502,3.511333838354407,0.11700949828098632,1313.5531135531135,-1.0,83.32966008307197,0.2988286587045073,
2023-07-31 13:45:58.326000,-9.361445783132531,-2.602409638554217,0.16867469879518074,-2.562844880441447,-9.307786633966892,0.6131207847946045,3.0,0.29814629814629817,3354.0580789277733,18.113746285181517,3.816677349804788,-0.4020744711846625,1364.102564102564,-1.0,83.32966008307197,0.2988171302728323,
2023-07-31 13:45:58.334000,-9.361445783132531,-2.5903614457831328,0.14457831325301207,-2.5456774984671977,-9.361741263028817,0.5444512568976088,3.0,0.2985902985902986,3349.07063197026,18.43435697220442,4.015150632247536,-0.6005477536274106,1433.6996336996335,-1.0,83.32966008307197,0.29880561605865014,
2023-07-31 13:45:58.341000,-9.349397590361447,-2.5903614457831328,0.14457831325301207,-2.5775597792765175,-9.295524218270998,0.5738810545677498,3.0,0.29814629814629817,3354.0580789277733,18.58702872792961,4.015150632247536,-0.661616455917487,1519.4139194139193,-1.0,83.32966008307197,0.2987941173685628,
2023-07-31 13:45:58.349000,-9.313253012048193,-2.6144578313253013,0.14457831325301207,-2.611894543225015,-9.332311465358675,0.5469037400367872,3.0,0.29814629814629817,3354.0580789277733,18.877105063807473,4.076219334537613,-0.7837538604976396,1619.047619047619,-1.0,83.32966008307197,0.2987826356925517,
2023-07-31 13:45:58.357000,-9.325301204819278,-2.6144578313253013,0.13253012048192772,-2.609442060085837,-9.327406499080318,0.5787860208461066,3.0,0.29814629814629817,3354.0580789277733,19.41145620884564,3.740341471942193,-0.5242118757648152,1728.2051282051282,-1.0,83.32966008307197,0.29877117254913244,
2023-07-31 13:45:58.364000,-9.337349397590362,-2.63855421686747,0.12048192771084337,-2.582464745554874,-9.322501532801962,0.5567136725935009,3.0,0.2985902985902986,3349.07063197026,19.823669949303657,3.8777460520948646,-0.43260882232970066,1838.095238095238,-1.0,83.32966008307197,0.29875972962746195,
2023-07-31 13:45:58.372000,-9.325301204819278,-2.63855421686747,0.13253012048192772,-2.633966891477621,-9.354383813611282,0.5787860208461066,3.0,0.2985902985902986,3349.07063197026,20.43435697220442,3.9998834566750174,0.07120797156342906,1945.054945054945,-1.0,83.32966008307197,0.29874830893904597,
2023-07-31 13:45:58.380000,-9.337349397590362,-2.63855421686747,0.0963855421686747,-2.6241569589209073,-9.300429184549357,0.5910484365419988,3.0,0.2985902985902986,3349.07063197026,20.846570712662434,4.228891090262803,0.239146902861139,2040.2930402930401,-1.0,83.32966008307197,0.29873691284107,
2023-07-31 13:45:58.387000,-9.349397590361447,-2.626506024096386,0.10843373493975904,-2.575107296137339,-9.334763948497853,0.598405885959534,3.0,0.29814629814629817,3354.0580789277733,21.27405162869297,4.366295670415475,0.6971621700367114,2117.2161172161173,-1.0,83.32966008307197,0.29872554389982503,
2023-07-31 13:45:58.395000,-9.349397590361447,-2.6506024096385543,0.07228915662650603,-2.599632127529123,-9.275904353157571,0.6204782342121398,3.0,0.29814629814629817,3354.0580789277733,21.823669949303657,4.763242235300972,0.7429636967542688,2173.6263736263736,-1.0,83.32966008307197,0.29871420474279975,
2023-07-31 13:45:58.403000,-9.361445783132531,-2.63855421686747,0.0963855421686747,-2.553034947884733,-9.305334150827713,0.5469037400367872,3.0,0.2985902985902986,3349.07063197026,22.358021094341822,5.160188800186468,0.9109026280519786,2205.128205128205,-1.0,83.32966008307197,0.2987028980373972,
2023-07-31 13:45:58.410000,-9.361445783132531,-2.602409638554217,0.0963855421686747,-2.5652973635806253,-9.305334150827713,0.4904966278356836,3.0,0.2985902985902986,3349.07063197026,22.861837888234952,5.0991200978963915,0.6818949944641924,2210.25641025641,-1.0,83.32966008307197,0.2986916267770818,
2023-07-31 13:45:58.418000,-9.361445783132531,-2.602409638554217,0.08433734939759037,-2.560392397302268,-9.261189454322501,0.5493562231759657,3.0,0.2985902985902986,3349.07063197026,22.968708117242585,5.389196433774254,0.8192995746168642,2187.5457875457873,-1.0,83.32966008307197,0.2986803943003729,
2023-07-31 13:45:58.426000,-9.373493975903616,-2.5783132530120483,0.10843373493975904,-2.5162477007970567,-9.33966891477621,0.5640711220110362,3.0,0.2985902985902986,3349.07063197026,23.838937124876175,5.541868189499445,0.8651011013344214,2140.6593406593406,-1.0,83.32966008307197,0.2986692041499226,
2023-07-31 13:45:58.433000,-9.373493975903616,-2.566265060240964,0.0963855421686747,-2.4868179031269158,-9.405885959534027,0.5493562231759657,3.0,0.29814629814629817,3354.0580789277733,24.129013460754038,5.801410174232269,0.8498339257619023,2074.7252747252746,-1.0,83.32966008307197,0.29865806006956486,
2023-07-31 13:45:58.441000,-9.421686746987952,-2.566265060240964,0.12048192771084337,-2.553034947884733,-9.361741263028817,0.6229307173513182,3.0,0.2985902985902986,3349.07063197026,24.541227201212052,6.030417807820055,0.8345667501893832,1994.139194139194,-1.0,83.32966008307197,0.2986469658513048,
2023-07-31 13:45:58.449000,-9.421686746987952,-2.566265060240964,0.10843373493975904,-2.523605150214592,-9.342121397915388,0.5419987737584304,3.0,0.29814629814629817,3354.0580789277733,24.57176155235709,5.816677349804788,0.42235300973136797,1903.296703296703,-1.0,83.32966008307197,0.2986359254582646,
2023-07-31 13:45:58.456000,-9.44578313253012,-2.566265060240964,0.12048192771084337,-2.521152667075414,-9.43286327406499,0.5861434702636419,3.0,0.29814629814629817,3354.0580789277733,24.57176155235709,5.816677349804788,0.42235300973136797,1804.3956043956043,727.691650390625,82.45250576640805,0.2986249431678689,
2023-07-31 13:45:58.464000,-9.44578313253012,-2.5542168674698797,0.14457831325301207,-2.494175352544451,-9.359288779889638,0.5885959534028203,3.0,0.29814629814629817,3354.0580789277733,25.014509643960142,5.648738418507079,0.16281102499854358,1706.9597069597069,-1.0,82.45250576640805,0.2986140233847281,
2023-07-31 13:45:58.472000,-9.373493975903616,-2.566265060240964,0.1927710843373494,-2.530962599632127,-9.364193746167995,0.6940527283874923,3.0,0.29814629814629817,3354.0580789277733,25.56412796457083,5.648738418507079,0.1322766738535054,1612.4542124542124,-1.0,82.45250576640805,0.2986031704841548,
2023-07-31 13:45:58.479000,-9.3855421686747,-2.5903614457831328,0.18072289156626506,-2.5383200490496627,-9.305334150827713,0.7136725935009196,3.0,0.29814629814629817,3354.0580789277733,25.808402773731135,5.78614299865975,0.0406736204183909,1525.2747252747251,-1.0,82.45250576640805,0.298592388824311,
2023-07-31 13:45:58.487000,-9.361445783132531,-2.6144578313253013,0.21686746987951808,-2.5726548129981603,-9.273451870018393,0.6793378295524218,3.0,0.29814629814629817,3354.0580789277733,25.73206689586854,5.816677349804788,0.07120797156342906,1448.3516483516482,-1.0,82.45250576640805,0.2985816828849569,
2023-07-31 13:45:58.495000,-9.337349397590362,-2.6144578313253013,0.21686746987951808,-2.5260576333537705,-9.288166768853463,0.6866952789699571,3.0,0.2985902985902986,3349.07063197026,26.55649437678457,6.534234601713185,0.239146902861139,1382.4175824175823,-1.0,82.45250576640805,0.29857105725613886,
2023-07-31 13:45:58.502000,-9.289156626506024,-2.6144578313253013,0.1927710843373494,-2.5088902513795217,-9.266094420600858,0.6646229307173512,3.0,0.2985902985902986,3349.07063197026,27.07557834625022,7.2212575024765435,0.3307499562962535,1327.4725274725274,-1.0,82.45250576640805,0.2985605167754514,
2023-07-31 13:45:58.510000,-9.27710843373494,-2.5903614457831328,0.20481927710843376,-2.5481299816063765,-9.280809319435928,0.640098099325567,3.0,0.29814629814629817,3354.0580789277733,27.56412796457083,7.633471242934559,0.10174232270846724,1283.5164835164835,-1.0,82.45250576640805,0.2985500665372144,
2023-07-31 13:45:58.517000,-9.228915662650603,-2.5903614457831328,0.1566265060240964,-2.5432250153280194,-9.246474555487431,0.6204782342121398,3.0,0.29814629814629817,3354.0580789277733,27.91527300273877,8.42736437270555,0.07120797156342906,1247.6190476190475,-1.0,82.45250576640805,0.2985397115928083,
2023-07-31 13:45:58.525000,-9.240963855421688,-2.5903614457831328,0.1566265060240964,-2.5481299816063765,-9.234212139791538,0.5591661557326794,3.0,0.2985902985902986,3349.07063197026,28.43435697220442,9.343394907056696,0.19334537614358174,1217.5824175824175,-1.0,82.45250576640805,0.29852945691680915,
2023-07-31 13:45:58.533000,-9.228915662650603,-2.566265060240964,0.1566265060240964,-2.560392397302268,-9.226854690374003,0.6057633353770693,3.0,0.2985902985902986,3349.07063197026,28.968708117242585,9.831944525377308,0.3460171318687726,1192.6739926739926,-1.0,82.45250576640805,0.2985193076810422,
2023-07-31 13:45:58.540000,-9.253012048192772,-2.5542168674698797,0.0963855421686747,-2.499080318822808,-9.317596566523605,0.5567136725935009,3.0,0.29814629814629817,3354.0580789277733,29.106112697395258,10.412097197133033,0.42235300973136797,1173.6263736263736,-1.0,82.45250576640805,0.29850926926202237,
2023-07-31 13:45:58.548000,-9.337349397590362,-2.5421686746987953,0.0963855421686747,-2.491722869405273,-9.280809319435928,0.4880441446965052,3.0,0.29814629814629817,3354.0580789277733,29.793135598158617,11.007517044461277,0.5139560631664825,1157.5091575091574,-1.0,82.45250576640805,0.29849934693977975,
2023-07-31 13:45:58.556000,-9.361445783132531,-2.5421686746987953,0.060240963855421686,-2.4745554874310236,-9.351931330472102,0.5003065603923973,3.0,0.29814629814629817,3354.0580789277733,29.884738651593732,11.312860555911659,0.3154827807237344,1144.3223443223442,-1.0,82.45250576640805,0.2984895458627174,
2023-07-31 13:45:58.563000,-9.433734939759036,-2.5542168674698797,0.024096385542168676,-2.5162477007970567,-9.452483139178417,0.5199264255058246,3.0,0.29814629814629817,3354.0580789277733,30.05267758289144,11.78614299865975,-0.1425324864518381,1134.7985347985348,-1.0,82.45250576640805,0.29847987117132946,
2023-07-31 13:45:58.571000,-9.518072289156628,-2.566265060240964,-0.024096385542168676,-2.5554874310239115,-9.47946045370938,0.5052115266707541,3.0,0.29814629814629817,3354.0580789277733,30.144280636326556,11.679272769652115,-0.11199813530679993,1130.4029304029302,-1.0,82.45250576640805,0.298470328121711,
2023-07-31 13:45:58.579000,-9.506024096385543,-2.566265060240964,0.024096385542168676,-2.5039852851011646,-9.467198038013489,0.4071122011036174,3.0,0.29814629814629817,3354.0580789277733,30.296952392051747,11.389196433774254,-0.5089447001922961,1131.8681318681317,-1.0,82.45250576640805,0.29846092191104595,
2023-07-31 13:45:58.586000,-9.542168674698795,-2.5783132530120483,0.024096385542168676,-2.5456774984671977,-9.521152667075413,0.48313917841814835,3.0,0.29814629814629817,3354.0580789277733,30.05267758289144,10.641104830720819,-0.8295553872151968,1137.7289377289376,-1.0,82.45250576640805,0.2984516575345313,
2023-07-31 13:45:58.594000,-9.542168674698795,-2.626506024096386,-0.012048192771084338,-2.6143470263641935,-9.530962599632128,0.4880441446965052,3.0,0.29814629814629817,3354.0580789277733,30.174814987471592,10.167822387972727,-0.9669599673678686,1151.6483516483515,-1.0,82.45250576640805,0.29844254005774284,
2023-07-31 13:45:58.602000,-9.55421686746988,-2.6506024096385543,0.03614457831325302,-2.560392397302268,-9.533415082771306,0.48068669527896996,3.0,0.29814629814629817,3354.0580789277733,30.266418040906707,9.09912009789639,-0.875356913932754,1170.6959706959706,-1.0,82.45250576640805,0.2984335745806295,
2023-07-31 13:45:58.609000,-9.578313253012048,-2.602409638554217,0.024096385542168676,-2.5726548129981603,-9.570202329858981,0.49540159411404044,3.0,0.29814629814629817,3354.0580789277733,30.93817376609755,7.999883456675017,-0.6921508070625251,1190.4761904761904,-1.0,82.45250576640805,0.2984247660740078,
2023-07-31 13:45:58.617000,-9.530120481927712,-2.602409638554217,0.0963855421686747,-2.550582464745555,-9.538320049049663,0.5027590435315757,3.0,0.29814629814629817,3354.0580789277733,30.90763941495251,6.534234601713185,-0.43260882232970066,1210.2564102564102,-1.0,82.45250576640805,0.2984161195040834,
2023-07-31 13:45:58.625000,-9.493975903614459,-2.626506024096386,0.13253012048192772,-2.582464745554874,-9.491722869405272,0.5885959534028203,3.0,0.29814629814629817,3354.0580789277733,31.106112697395258,5.633471242934559,-0.37154012003962433,1231.5018315018315,-1.0,82.45250576640805,0.29840763965914185,
2023-07-31 13:45:58.632000,-9.433734939759036,-2.63855421686747,0.14457831325301207,-2.592274678111588,-9.398528510116492,0.645003065603924,3.0,0.29814629814629817,3354.0580789277733,31.41145620884564,5.129654449041429,0.19334537614358174,1257.8754578754579,-1.0,82.45250576640805,0.2983993310078716,
2023-07-31 13:45:58.640000,-9.373493975903616,-2.63855421686747,0.14457831325301207,-2.587369711833231,-9.369098712446352,0.6351931330472103,3.0,0.29814629814629817,3354.0580789277733,31.793135598158617,4.045684983392574,0.3460171318687726,1284.2490842490843,-1.0,82.45250576640805,0.2983911978345756,
2023-07-31 13:45:58.648000,-9.373493975903616,-2.662650602409639,0.22891566265060243,-2.6192519926425506,-9.32495401594114,0.6891477621091354,3.0,0.29814629814629817,3354.0580789277733,31.991608880601365,3.251791853621582,0.6971621700367114,1309.1575091575091,-1.0,82.45250576640805,0.29838324422533835,
2023-07-31 13:45:58.655000,-9.349397590361447,-2.6506024096385543,0.26506024096385544,-2.609442060085837,-9.302881667688535,0.6523605150214592,3.0,0.29814629814629817,3354.0580789277733,32.144280636326556,3.5266010139269257,0.9414369791970169,1332.6007326007325,-1.0,82.45250576640805,0.2983754740545108,
2023-07-31 13:45:58.663000,-9.337349397590362,-2.6506024096385543,0.21686746987951808,-2.5947271612507663,-9.334763948497853,0.733292458614347,3.0,0.29814629814629817,3354.0580789277733,33.014509643960146,3.1907231513315057,1.2925820173649558,1355.3113553113553,-1.0,82.45250576640805,0.2983678909715814,
2023-07-31 13:45:58.671000,-9.301204819277109,-2.626506024096386,0.28915662650602414,-2.570202329858982,-9.20232985898222,0.7234825260576333,3.0,0.2985902985902986,3349.07063197026,33.07557834625022,2.5953033040032616,1.155177437212284,1374.3589743589744,-1.0,82.45250576640805,0.29836049838850087,
2023-07-31 13:45:58.678000,-9.240963855421688,-2.602409638554217,0.28915662650602414,-2.609442060085837,-9.207234825260576,0.7259350091968118,3.0,0.2985902985902986,3349.07063197026,33.36565468212808,2.702173533010895,1.2315133150748794,1390.4761904761904,-1.0,82.45250576640805,0.29835329961682244,
2023-07-31 13:45:58.686000,-9.216867469879519,-2.626506024096386,0.30120481927710846,-2.587369711833231,-9.204782342121398,0.733292458614347,3.0,0.2985902985902986,3349.07063197026,33.60992949128839,3.389196433774254,0.9261698036244977,1400.7326007326005,-1.0,82.45250576640805,0.2983462978780088,
2023-07-31 13:45:58.694000,-9.240963855421688,-2.626506024096386,0.27710843373493976,-2.5554874310239115,-9.226854690374003,0.7700797057020232,3.0,0.2985902985902986,3349.07063197026,33.94580735388381,4.457898723850589,1.307849192937475,1405.8608058608058,-1.0,82.45250576640805,0.29833949615545047,
2023-07-31 13:45:58.701000,-9.204819277108435,-2.602409638554217,0.22891566265060243,-2.5481299816063765,-9.158185162477007,0.7210300429184548,3.0,0.2985902985902986,3349.07063197026,34.17481498747159,5.190723151331506,1.3994522463725894,1405.8608058608058,-1.0,82.45250576640805,0.2983328971861257,
2023-07-31 13:45:58.709000,-9.168674698795181,-2.6506024096385543,0.1566265060240964,-2.658491722869405,-9.01594114040466,0.5861434702636419,3.0,0.2985902985902986,3349.07063197026,33.80840277373114,9.725074296369673,0.6818949944641924,1400.0,-1.0,82.45250576640805,0.2983265034532046,
2023-07-31 13:45:58.717000,-9.313253012048193,-2.674698795180723,0.16867469879518074,-2.6364193746167994,-9.430410790925812,0.6474555487431024,3.0,0.2985902985902986,3349.07063197026,34.44962414777694,7.267059029194101,0.7734980478993069,1391.2087912087911,-1.0,82.45250576640805,0.2983203171796369,
2023-07-31 13:45:58.724000,-9.530120481927712,-2.4939759036144578,0.14457831325301207,-2.3666462293071735,-9.614347026364193,0.6523605150214592,3.0,0.2985902985902986,3349.07063197026,35.976341705028844,3.572402540644483,5.613192704387856,1376.5567765567764,-1.0,82.45250576640805,0.2983143403227627,
2023-07-31 13:45:58.732000,-9.72289156626506,-2.5180722891566267,0.3132530120481928,-2.4671980380134886,-9.626609442060085,0.8044144696505211,3.0,0.2985902985902986,3349.07063197026,35.976341705028844,3.572402540644483,5.613192704387856,1358.974358974359,-1.0,82.45250576640805,0.29830857456998017,
2023-07-31 13:45:58.740000,-9.602409638554217,-2.566265060240964,0.3614457831325301,-2.5456774984671977,-9.535867565910484,0.8019619865113427,3.0,0.2985902985902986,3349.07063197026,35.80840277373114,2.656372006293338,3.323116368509994,1341.3919413919414,-1.0,82.45250576640805,0.2983030214742408,
2023-07-31 13:45:58.747000,-9.433734939759036,-2.4939759036144578,0.2530120481927711,-2.342121397915389,-9.425505824647455,0.6499080318822807,3.0,0.2985902985902986,3349.07063197026,36.11374628518152,4.717440708583414,1.5368568265252611,1323.076923076923,-1.0,82.45250576640805,0.2982976822927678,
2023-07-31 13:45:58.755000,-9.337349397590362,-2.397590361445783,0.26506024096385544,-2.3617412630288164,-9.334763948497853,0.7480073574494175,3.0,0.29814629814629817,3354.0580789277733,37.16718139968533,5.053318571178834,2.8651011013344214,1303.2967032967033,-1.0,82.45250576640805,0.29829255799715193,
2023-07-31 13:45:58.763000,-9.3855421686747,-2.3855421686746987,0.3373493975903615,-2.300429184549356,-9.452483139178417,0.8117719190680563,3.0,0.29814629814629817,3354.0580789277733,37.518326437853275,5.877746052094865,3.9338033914107573,1280.5860805860805,-1.0,82.45250576640805,0.2982876492528536,
2023-07-31 13:45:58.770000,-9.493975903614459,-2.325301204819277,0.43373493975903615,-2.2832618025751072,-9.5113427345187,0.9589209074187615,3.0,0.29814629814629817,3354.0580789277733,38.37328826991434,4.610570479575781,4.727696521181749,1261.5384615384614,-1.0,82.45250576640805,0.2982829562503364,
2023-07-31 13:45:58.778000,-9.457831325301205,-2.3012048192771086,0.5301204819277109,-2.239117106069896,-9.44757817290006,1.0128755364806867,3.0,0.2985902985902986,3349.07063197026,38.48015849892197,3.3586620826292157,5.414719421945108,1243.2234432234432,-1.0,82.45250576640805,0.29827847870660024,
2023-07-31 13:45:58.786000,-9.337349397590362,-2.313253012048193,0.4819277108433735,-2.3028816676885344,-9.261189454322501,0.9319435928877988,3.0,0.2985902985902986,3349.07063197026,38.48015849892197,4.320494143697918,4.284948429578696,1227.8388278388277,-1.0,82.45250576640805,0.2982742160371117,
2023-07-31 13:45:58.793000,-9.204819277108435,-2.36144578313253,0.3734939759036145,-2.3200490496627832,-9.177805027590434,0.8044144696505211,3.0,0.2985902985902986,3349.07063197026,38.43435697220442,7.587669716217002,3.8880018646931997,1214.6520146520145,-1.0,82.45250576640805,0.2982701675286477,
2023-07-31 13:45:58.801000,-9.132530120481928,-2.4457831325301207,0.3132530120481928,-2.423053341508277,-9.042918454935622,0.6866952789699571,3.0,0.2985902985902986,3349.07063197026,38.11374628518152,10.976982693316238,2.8956354524794596,1202.9304029304028,-1.0,82.45250576640805,0.2982663322048136,
2023-07-31 13:45:58.809000,-9.084337349397591,-2.4698795180722892,0.20481927710843376,-2.4573881054567748,-9.011036174126302,0.5959534028203556,3.0,0.2985902985902986,3349.07063197026,38.20534933861663,13.709807120797155,2.040673620418391,1196.3369963369962,-1.0,82.45250576640805,0.29826270897014306,
2023-07-31 13:45:58.816000,-9.072289156626507,-2.5180722891566267,0.0963855421686747,-2.462293071735132,-9.003678724708767,0.5370938074800735,3.0,0.2985902985902986,3349.07063197026,37.67099819357846,16.93118116659868,1.338383544082513,1191.9413919413919,-1.0,82.45250576640805,0.29825929659612743,
2023-07-31 13:45:58.824000,-9.10843373493976,-2.5783132530120483,0.024096385542168676,-2.5554874310239115,-9.040465971796444,0.45616186388718577,3.0,0.2985902985902986,3349.07063197026,36.90763941495251,20.488433074995626,0.05594079599090998,1188.278388278388,-1.0,82.45250576640805,0.29825609344191073,
2023-07-31 13:45:58.832000,-9.204819277108435,-2.5783132530120483,-0.03614457831325302,-2.5432250153280194,-9.126302881667687,0.3801348865726548,3.0,0.2985902985902986,3349.07063197026,35.90000582716625,22.488433074995626,-1.211234776528174,1186.8131868131868,-1.0,82.45250576640805,0.29825309762295416,
2023-07-31 13:45:58.839000,-9.325301204819278,-2.6144578313253013,-0.10843373493975904,-2.5554874310239115,-9.27835683629675,0.34334763948497854,3.0,0.2985902985902986,3349.07063197026,35.274051628692966,22.671639181865856,-2.402074471184662,1185.3479853479853,-1.0,82.45250576640805,0.2982503071489386,
2023-07-31 13:45:58.847000,-9.397590361445783,-2.6506024096385543,-0.0963855421686747,-2.6241569589209073,-9.388718577559779,0.2795830778663397,3.0,0.2985902985902986,3349.07063197026,35.0603111706777,22.15255521240021,-3.1807004253831357,1187.5457875457876,-1.0,82.45250576640805,0.29824771964691726,
2023-07-31 13:45:58.855000,-9.44578313253012,-2.710843373493976,-0.14457831325301207,-2.71244635193133,-9.35683629675046,0.30656039239730226,3.0,0.2985902985902986,3349.07063197026,34.43435697220442,21.587669716217,-4.0967309597342805,1189.0109890109889,-1.0,82.45250576640805,0.2982453323935547,
2023-07-31 13:45:58.862000,-9.457831325301205,-2.734939759036145,-0.13253012048192772,-2.732066217044758,-9.344573881054567,0.26486817903126914,3.0,0.2985902985902986,3349.07063197026,34.61756307907465,20.167822387972727,-4.111998135306799,1191.9413919413919,-1.0,82.45250576640805,0.2982431426143311,
2023-07-31 13:45:58.870000,-9.421686746987952,-2.783132530120482,-0.22891566265060243,-2.773758430410791,-9.361741263028817,0.1765787860208461,3.0,0.2985902985902986,3349.07063197026,34.72443330808228,19.190723151331504,-5.043295845230464,1197.069597069597,-1.0,82.45250576640805,0.29824114747507746,
2023-07-31 13:45:58.877000,-9.433734939759036,-2.8313253012048194,-0.24096385542168675,-2.781115879828326,-9.410790925812385,0.20600858369098712,3.0,0.2985902985902986,3349.07063197026,34.602295903502124,17.251791853621583,-5.363906532253365,1205.128205128205,-1.0,82.45250576640805,0.2982393439465837,
2023-07-31 13:45:58.885000,-9.46987951807229,-3.024096385542169,-0.26506024096385544,-3.0705088902513795,-9.366646229307173,0.16922133660331085,3.0,0.29814629814629817,3354.0580789277733,34.26641804090671,14.686906357438376,-5.363906532253365,1216.117216117216,-1.0,82.45250576640805,0.29823772881892907,
2023-07-31 13:45:58.893000,-9.493975903614459,-3.024096385542169,-0.21686746987951808,-3.0239117106069893,-9.506437768240342,0.299202942979767,3.0,0.2985902985902986,3349.07063197026,34.602295903502124,12.27469261698036,-6.005127906299166,1227.106227106227,-1.0,82.45250576640805,0.29823629856688166,
2023-07-31 13:45:58.900000,-9.602409638554217,-2.9397590361445785,-0.18072289156626506,-2.8963825873697115,-9.631514408338441,0.269773145309626,3.0,0.2985902985902986,3349.07063197026,35.335120330983045,10.060952158965094,-4.737952333780083,1237.3626373626373,-1.0,82.45250576640805,0.29823504949229895,
2023-07-31 13:45:58.908000,-9.66265060240964,-2.8674698795180724,-0.1566265060240964,-2.8056407112201103,-9.732066217044757,0.23053341508277128,3.0,0.29814629814629817,3354.0580789277733,34.8160363615174,8.915913991026162,-5.073830196375502,1245.4212454212454,-1.0,82.45250576640805,0.29823397789827427,
2023-07-31 13:45:58.916000,-9.698795180722891,-2.8313253012048194,-0.10843373493975904,-2.781115879828326,-9.60453709380748,0.2869405272838749,3.0,0.29814629814629817,3354.0580789277733,33.777868422586096,7.11438727346891,-5.165433249810617,1250.5494505494505,-1.0,82.45250576640805,0.2982330798162671,
2023-07-31 13:45:58.923000,-9.590361445783133,-2.855421686746988,-0.10843373493975904,-2.798283261802575,-9.503985285101164,0.35806253832004903,3.0,0.29814629814629817,3354.0580789277733,33.56412796457083,5.480799487209368,-5.394440883398403,1256.4102564102564,-1.0,82.45250576640805,0.2982323511382417,
2023-07-31 13:45:58.931000,-9.457831325301205,-2.8674698795180724,-0.012048192771084338,-2.7860208461066827,-9.415695892090742,0.4438994481912937,3.0,0.29814629814629817,3354.0580789277733,32.968708117242585,4.030417807820055,-4.814288211642678,1260.07326007326,-1.0,82.45250576640805,0.29823178760988645,
2023-07-31 13:45:58.939000,-9.337349397590362,-2.8674698795180724,0.012048192771084338,-2.8375229920294296,-9.297976701410178,0.5003065603923973,3.0,0.2985902985902986,3349.07063197026,32.90763941495251,2.9617155177437198,-3.928792028436571,1264.4688644688645,-1.0,82.45250576640805,0.29823138471637,
2023-07-31 13:45:58.946000,-9.240963855421688,-2.8674698795180724,0.07228915662650603,-2.862047823421214,-9.207234825260576,0.5346413243408952,3.0,0.2985902985902986,3349.07063197026,32.831303537089916,1.740341471942193,-3.4402424101159603,1266.6666666666665,-1.0,82.45250576640805,0.2982311379938108,
2023-07-31 13:45:58.954000,-9.204819277108435,-2.8313253012048194,0.1927710843373494,-2.8375229920294296,-9.16799509503372,0.6106683016554261,3.0,0.29814629814629817,3354.0580789277733,32.57176155235709,0.839578113163567,-1.8677233261464945,1268.131868131868,-1.0,82.45250576640805,0.29823104306369264,
2023-07-31 13:45:58.962000,-9.228915662650603,-2.843373493975904,0.22891566265060243,-2.7541385652973633,-9.224402207234824,0.6891477621091354,3.0,0.29814629814629817,3354.0580789277733,31.884738651593732,-1.1654332498257214E-4,-0.875356913932754,1269.5970695970695,-1.0,82.45250576640805,0.29823109535865505,
2023-07-31 13:45:58.969000,-9.240963855421688,-2.8313253012048194,0.27710843373493976,-2.7590435315757205,-9.31023911710607,0.7798896382587369,3.0,0.2985902985902986,3349.07063197026,31.426723384418157,-0.18332265019521157,-0.09673095973428085,1273.9926739926739,-1.0,82.45250576640805,0.29823129011420046,
2023-07-31 13:45:58.977000,-9.240963855421688,-2.8313253012048194,0.3493975903614458,-2.771305947271612,-9.246474555487431,0.8044144696505211,3.0,0.2985902985902986,3349.07063197026,30.90763941495251,-0.6871394440883414,0.4834217120214443,1279.8534798534797,-1.0,82.45250576640805,0.29823162266832726,
2023-07-31 13:45:58.985000,-9.204819277108435,-2.807228915662651,0.3855421686746988,-2.7565910484365417,-9.229307173513181,0.82158185162477,3.0,0.29814629814629817,3354.0580789277733,30.55649437678457,-0.38179593263795963,0.6818949944641924,1288.6446886446886,-1.0,82.45250576640805,0.298232088494463,
2023-07-31 13:45:58.992000,-9.132530120481928,-2.7951807228915664,0.3734939759036145,-2.670754138565297,-9.111587982832617,0.8068669527896996,3.0,0.2985902985902986,3349.07063197026,29.609929491288387,0.4273643727055518,1.6742614066779329,1298.168498168498,-1.0,82.45250576640805,0.29823268292559313,
2023-07-31 13:45:59,-9.096385542168676,-2.771084337349398,0.3855421686746988,-2.692826486817903,-9.101778050275904,0.9172286940527283,3.0,0.2985902985902986,3349.07063197026,28.75496765922732,1.9235475788124219,2.605559116601597,1309.89010989011,-1.0,82.45250576640805,0.29823340129343145,
2023-07-31 13:45:59.008000,-9.096385542168676,-2.7590361445783134,0.42168674698795183,-2.6781115879828326,-9.111587982832617,0.8362967504598405,3.0,0.29814629814629817,3354.0580789277733,28.75496765922732,1.9235475788124219,2.605559116601597,1326.7399267399267,-1.0,82.45250576640805,0.2982342390986561,
2023-07-31 13:45:59.015000,-9.096385542168676,-2.7228915662650603,0.43373493975903615,-2.663396689147762,-9.079705702023299,0.8877988963825874,3.0,0.29814629814629817,3354.0580789277733,28.37328826991434,4.060952158965094,3.6742614066779327,1355.3113553113553,-1.0,82.45250576640805,0.29823519173348995,
2023-07-31 13:45:59.023000,-9.120481927710843,-2.710843373493976,0.3855421686746988,-2.7173513182096873,-9.165542611894542,0.7946045370938074,3.0,0.2985902985902986,3349.07063197026,27.274051628692966,7.511333838354407,4.162811024998543,1396.3369963369962,-1.0,82.45250576640805,0.2982362544699411,
2023-07-31 13:45:59.031000,-9.19277108433735,-2.6867469879518073,0.3373493975903615,-2.6069895769466584,-9.158185162477007,0.7357449417535254,3.0,0.29814629814629817,3354.0580789277733,26.72443330808228,9.831944525377308,4.788765223471826,1453.4798534798533,-1.0,82.45250576640805,0.2982374227557366,
2023-07-31 13:45:59.038000,-9.27710843373494,-2.6867469879518073,0.22891566265060243,-2.621704475781729,-9.24892703862661,0.5959534028203556,3.0,0.2985902985902986,3349.07063197026,25.86947147602121,12.183089563545247,5.04830720820465,1525.2747252747251,-1.0,82.45250576640805,0.2982386920940563,
2023-07-31 13:45:59.046000,-9.313253012048193,-2.674698795180723,0.1927710843373494,-2.621704475781729,-9.312691600245248,0.6351931330472103,3.0,0.29814629814629817,3354.0580789277733,24.57176155235709,13.63347124293456,4.834566750189383,1610.989010989011,-1.0,82.45250576640805,0.298240058040286,
2023-07-31 13:45:59.054000,-9.313253012048193,-2.674698795180723,0.12048192771084337,-2.641324340895156,-9.329858982219497,0.5542611894543225,3.0,0.29814629814629817,3354.0580789277733,23.93054017831129,14.228891090262803,4.3612843074412915,1708.4249084249084,-1.0,82.45250576640805,0.2982415162191754,
2023-07-31 13:45:59.061000,-9.361445783132531,-2.674698795180723,0.0,-2.680564071122011,-9.285714285714285,0.34334763948497854,3.0,0.29814629814629817,3354.0580789277733,22.57176155235709,14.992249868888758,4.05594079599091,1811.7216117216117,-1.0,82.45250576640805,0.2982430621709618,
2023-07-31 13:45:59.069000,-9.373493975903616,-2.674698795180723,-0.012048192771084338,-2.6879215205395464,-9.29307173513182,0.39239730226854685,3.0,0.29814629814629817,3354.0580789277733,21.472524911135718,14.244158265835322,3.5521240020977802,1912.8205128205127,-1.0,82.45250576640805,0.2982446914946014,
2023-07-31 13:45:59.077000,-9.349397590361447,-2.698795180722892,-0.060240963855421686,-2.6486817903126916,-9.295524218270998,0.34334763948497854,3.0,0.29814629814629817,3354.0580789277733,20.632830254647168,13.236524678049063,2.437620185303887,2008.058608058608,-1.0,82.45250576640805,0.2982463999902432,
2023-07-31 13:45:59.084000,-9.337349397590362,-2.7228915662650603,-0.12048192771084337,-2.6683016554261187,-9.351931330472102,0.2722256284488044,3.0,0.29814629814629817,3354.0580789277733,19.151914224112815,12.305226968125398,1.9948720937008335,2090.10989010989,-1.0,82.45250576640805,0.2982481836418183,
2023-07-31 13:45:59.092000,-9.325301204819278,-2.7590361445783134,-0.12048192771084337,-2.722256284488044,-9.21704475781729,0.3016554261189454,3.0,0.2985902985902986,3349.07063197026,18.06794475846396,10.030417807820054,0.8651011013344214,2150.915750915751,-1.0,82.45250576640805,0.2982500384712862,
2023-07-31 13:45:59.100000,-9.361445783132531,-2.7951807228915664,-0.14457831325301207,-2.7467811158798283,-9.354383813611282,0.328632740649908,3.0,0.2985902985902986,3349.07063197026,16.831303537089916,7.831944525377307,0.45288736087640613,2186.080586080586,-1.0,82.45250576640805,0.2982519606905552,
2023-07-31 13:45:59.107000,-9.433734939759036,-2.7951807228915664,-0.13253012048192772,-2.739423666462293,-9.349478847332923,0.29429797670141017,3.0,0.29814629814629817,3354.0580789277733,15.854204300448693,4.671639181865857,-0.29520424217702895,2197.069597069597,-1.0,82.45250576640805,0.29825394658635307,
2023-07-31 13:45:59.115000,-9.44578313253012,-2.807228915662651,-0.12048192771084337,-2.7492335990190067,-9.37155119558553,0.3016554261189454,3.0,0.29814629814629817,3354.0580789277733,15.487792086708234,0.9922498688887579,-0.875356913932754,2184.6153846153843,-1.0,82.45250576640805,0.2982559922551431,
2023-07-31 13:45:59.123000,-9.44578313253012,-2.7951807228915664,-0.04819277108433735,-2.803188228080932,-9.469650521152667,0.46842427958307786,3.0,0.2985902985902986,3349.07063197026,14.617563079074646,-2.290192879202845,-1.028028669657945,2150.1831501831502,-1.0,82.45250576640805,0.2982580938699425,
2023-07-31 13:45:59.130000,-9.46987951807229,-2.807228915662651,-0.012048192771084338,-2.761496014714899,-9.506437768240342,0.48313917841814835,3.0,0.29814629814629817,3354.0580789277733,13.88473865159373,-6.87034555095857,-0.875356913932754,2095.970695970696,-1.0,82.45250576640805,0.2982602479465543,
2023-07-31 13:45:59.138000,-9.46987951807229,-2.7951807228915664,0.04819277108433735,-2.6879215205395464,-9.452483139178417,0.551808706315144,3.0,0.29814629814629817,3354.0580789277733,13.670998193578463,-10.88561272653109,-0.7684866849251205,2026.3736263736262,-1.0,82.45250576640805,0.2982624510661871,
2023-07-31 13:45:59.146000,-9.457831325301205,-2.7590361445783134,0.14457831325301207,-2.6854690374003676,-9.337216431637032,0.6499080318822807,3.0,0.29814629814629817,3354.0580789277733,12.983975292815105,-13.481032573859332,-0.4020744711846625,1944.3223443223442,-1.0,82.45250576640805,0.29826469957640883,
2023-07-31 13:45:59.153000,-9.409638554216867,-2.746987951807229,0.1927710843373494,-2.6560392397302266,-9.427958307786634,0.7283874923359902,3.0,0.29814629814629817,3354.0580789277733,12.37328826991434,-15.328360818134142,0.6208262921741161,1855.6776556776556,-1.0,82.45250576640805,0.2982669898872149,
2023-07-31 13:45:59.161000,-9.3855421686747,-2.746987951807229,0.28915662650602414,-2.6952789699570814,-9.427958307786634,0.7087676272225628,3.0,0.29814629814629817,3354.0580789277733,11.900005827166249,-16.397063108210478,1.2467804906473985,1764.102564102564,-1.0,82.45250576640805,0.2982693185962432,
2023-07-31 13:45:59.169000,-9.373493975903616,-2.710843373493976,0.3614457831325301,-2.658491722869405,-9.342121397915388,0.7529123237277743,3.0,0.29814629814629817,3354.0580789277733,11.335120330983044,-16.946681428821165,1.8880018646932,1673.260073260073,-1.0,82.45250576640805,0.2982716823367476,
2023-07-31 13:45:59.176000,-9.337349397590362,-2.6867469879518073,0.39759036144578314,-2.621704475781729,-9.37155119558553,0.8828939301042305,3.0,0.29814629814629817,3354.0580789277733,10.861837888234952,-16.22912417691277,2.208612551716101,1585.3479853479853,-1.0,82.45250576640805,0.29827407777439524,
2023-07-31 13:45:59.184000,-9.301204819277109,-2.6867469879518073,0.4819277108433735,-2.611894543225015,-9.273451870018393,0.8877988963825874,3.0,0.29814629814629817,3354.0580789277733,10.296952392051745,-14.35126158149292,2.9567041547695356,1503.2967032967033,727.691650390625,82.45250576640805,0.2982765014649093,
2023-07-31 13:45:59.192000,-9.240963855421688,-2.674698795180723,0.5421686746987953,-2.6364193746167994,-9.226854690374003,1.003065603923973,3.0,0.29814629814629817,3354.0580789277733,9.441990559990677,-11.877979138744829,2.8956354524794596,1428.5714285714284,-1.0,82.45250576640805,0.2982789498704987,
2023-07-31 13:45:59.199000,-9.216867469879519,-2.6867469879518073,0.5060240963855422,-2.6486817903126916,-9.253832004904966,0.9098712446351931,3.0,0.29814629814629817,3354.0580789277733,8.754967659227319,-8.229124176912768,3.3841850708000702,1367.7655677655678,-1.0,82.45250576640805,0.2982814195036293,
2023-07-31 13:45:59.207000,-9.253012048192772,-2.674698795180723,0.39759036144578314,-2.580012262415696,-9.18761496014715,0.8117719190680563,3.0,0.29814629814629817,3354.0580789277733,8.098479109608997,-4.54973486393567,3.353650719655032,1322.3443223443223,-1.0,82.45250576640805,0.2982839069214938,
2023-07-31 13:45:59.215000,-9.216867469879519,-2.6144578313253013,0.3614457831325301,-2.575107296137339,-9.219497240956468,0.8166768853464133,3.0,0.29814629814629817,3354.0580789277733,7.701532544723501,-2.7482081463784174,3.4299865975176274,1287.179487179487,-1.0,82.45250576640805,0.298286408859297,
2023-07-31 13:45:59.222000,-9.156626506024097,-2.6144578313253013,0.3734939759036145,-2.550582464745555,-9.111587982832617,0.7921520539546291,3.0,0.2977022977022977,3359.0604026845635,7.075578346250219,-0.8703455509585704,3.0483072082046503,1258.6080586080586,-1.0,82.45250576640805,0.29828892220454334,
2023-07-31 13:45:59.230000,-9.19277108433735,-2.6144578313253013,0.3734939759036145,-2.5677498467198037,-9.192519926425506,0.745554874310239,3.0,0.2977022977022977,3359.0604026845635,6.251150865334188,1.1601888001864678,2.666627818891673,1235.8974358974358,-1.0,82.45250576640805,0.29829144369461913,
2023-07-31 13:45:59.238000,-9.240963855421688,-2.6506024096385543,0.30120481927710846,-2.629061925199264,-9.246474555487431,0.7651747394236664,3.0,0.2977022977022977,3359.0604026845635,5.197715750830372,2.060952158965094,2.819299574616864,1213.9194139194137,-1.0,82.45250576640805,0.29829396989115203,
2023-07-31 13:45:59.245000,-9.301204819277109,-2.662650602409639,0.24096385542168675,-2.633966891477621,-9.332311465358675,0.6916002452483139,3.0,0.2977022977022977,3359.0604026845635,4.434356972204418,2.2441582658353227,2.5597575898840397,1192.6739926739926,-1.0,82.45250576640805,0.29829649731343694,
2023-07-31 13:45:59.253000,-9.349397590361447,-2.6867469879518073,0.24096385542168675,-2.6192519926425506,-9.307786633966892,0.6621704475781729,3.0,0.2977022977022977,3359.0604026845635,3.823669949303654,1.755608647514712,1.7811316356855664,1175.0915750915751,-1.0,82.45250576640805,0.2982990224331159,
2023-07-31 13:45:59.260000,-9.3855421686747,-2.698795180722892,0.24096385542168675,-2.6315144083384427,-9.32495401594114,0.640098099325567,3.0,0.29814629814629817,3354.0580789277733,2.72443330808228,1.022784220033796,1.0025056814870932,1161.904761904762,-1.0,82.45250576640805,0.29830154166893086,
2023-07-31 13:45:59.268000,-9.373493975903616,-2.710843373493976,0.21686746987951808,-2.680564071122011,-9.312691600245248,0.615573267933783,3.0,0.29814629814629817,3354.0580789277733,2.1137462851815165,0.839578113163567,0.37655148301381075,1149.4505494505493,-1.0,82.45250576640805,0.2983040515309075,
2023-07-31 13:45:59.276000,-9.409638554216867,-2.7228915662650603,0.1927710843373494,-2.692826486817903,-9.415695892090742,0.6131207847946045,3.0,0.29814629814629817,3354.0580789277733,1.4725249111357153,0.24415826583532277,0.4070858341588489,1143.5897435897434,-1.0,82.45250576640805,0.2983065486373305,
2023-07-31 13:45:59.283000,-9.409638554216867,-2.734939759036145,0.21686746987951808,-2.771305947271612,-9.381361128142244,0.6621704475781729,3.0,0.2977022977022977,3359.0604026845635,1.4725249111357153,0.24415826583532277,0.4070858341588489,1141.3919413919414,-1.0,82.45250576640805,0.29830902957305133,
2023-07-31 13:45:59.291000,-9.421686746987952,-2.734939759036145,0.21686746987951808,-2.6879215205395464,-9.413243408951564,0.6425505824647455,3.0,0.2977022977022977,3359.0604026845635,0.8160363615173947,-1.0688188334013184,0.605559116601597,1145.054945054945,-1.0,82.45250576640805,0.298311490737777,
2023-07-31 13:45:59.299000,-9.457831325301205,-2.746987951807229,0.21686746987951808,-2.675659104843654,-9.435315757204169,0.6425505824647455,3.0,0.2977022977022977,3359.0604026845635,0.29695239205174584,-1.7558417341646773,0.5444904143115207,1156.0439560439559,-1.0,82.45250576640805,0.2983139283223552,
2023-07-31 13:45:59.306000,-9.457831325301205,-2.734939759036145,0.18072289156626506,-2.6241569589209073,-9.403433476394849,0.6670754138565297,3.0,0.2977022977022977,3359.0604026845635,-0.26793310413146026,-3.1451547112639138,1.353650719655032,1172.161172161172,-1.0,82.45250576640805,0.2983163384446245,
2023-07-31 13:45:59.314000,-9.409638554216867,-2.698795180722892,0.1927710843373494,-2.670754138565297,-9.354383813611282,0.6351931330472103,3.0,0.2977022977022977,3359.0604026845635,-0.1610628751238267,-4.259658528057807,1.4299865975176276,1194.1391941391942,-1.0,82.45250576640805,0.29831871714700653,
2023-07-31 13:45:59.322000,-9.397590361445783,-2.710843373493976,0.20481927710843376,-2.6266094420600856,-9.405885959534027,0.6229307173513182,3.0,0.2977022977022977,3359.0604026845635,-1.4282384476429106,-5.20622341355399,1.4147194219451085,1220.5128205128203,-1.0,82.45250576640805,0.2983210603946366,
2023-07-31 13:45:59.329000,-9.337349397590362,-2.674698795180723,0.20481927710843376,-2.629061925199264,-9.234212139791538,0.6719803801348866,3.0,0.2977022977022977,3359.0604026845635,-1.3366353942077962,-5.282559291416585,1.6742614066779329,1249.084249084249,-1.0,82.45250576640805,0.29832336407407933,
2023-07-31 13:45:59.337000,-9.313253012048193,-2.662650602409639,0.1927710843373494,-2.6560392397302266,-9.334763948497853,0.5665236051502146,3.0,0.2977022977022977,3359.0604026845635,-1.7793834858108495,-4.381795932637959,2.071207971563429,1276.1904761904761,-1.0,82.45250576640805,0.29832562399267554,
2023-07-31 13:45:59.345000,-9.337349397590362,-2.6506024096385543,0.1566265060240964,-2.6020846106683013,-9.388718577559779,0.6057633353770693,3.0,0.2977022977022977,3359.0604026845635,-2.2832002797039794,-3.908513489889868,2.666627818891673,1303.2967032967033,-1.0,82.45250576640805,0.2983278360173017,
2023-07-31 13:45:59.352000,-9.373493975903616,-2.6144578313253013,0.16867469879518074,-2.550582464745555,-9.327406499080318,0.5542611894543225,3.0,0.2977022977022977,3359.0604026845635,-2.4664063865742083,-3.5879028028669673,3.4757881242351845,1328.2051282051282,-1.0,82.45250576640805,0.2983299959159568,
2023-07-31 13:45:59.360000,-9.397590361445783,-2.566265060240964,0.1927710843373494,-2.5554874310239115,-9.415695892090742,0.6057633353770693,3.0,0.2977022977022977,3359.0604026845635,-3.0312918827574142,-4.198589825767731,4.1322766738535055,1349.4505494505493,-1.0,82.45250576640805,0.2983320993703436,
2023-07-31 13:45:59.368000,-9.457831325301205,-2.5421686746987953,0.1927710843373494,-2.4328632740649905,-9.445125689760882,0.6425505824647455,3.0,0.2977022977022977,3359.0604026845635,-3.367169745352834,-4.855078375386051,4.37655148301381,1371.4285714285713,-1.0,82.45250576640805,0.29833414210679027,
2023-07-31 13:45:59.375000,-9.46987951807229,-2.5180722891566267,0.21686746987951808,-2.459840588595953,-9.47946045370938,0.7063151440833844,3.0,0.2972582972582972,3364.0776699029125,-3.290833867490239,-5.984849367752464,5.0177728570596125,1389.7435897435896,-1.0,82.45250576640805,0.2983361197510424,
2023-07-31 13:45:59.383000,-9.518072289156628,-2.4698795180722892,0.30120481927710846,-2.381361128142244,-9.5113427345187,0.6621704475781729,3.0,0.2977022977022977,3359.0604026845635,-3.199230814055124,-7.35889516927918,5.491055299807703,1402.197802197802,-1.0,82.45250576640805,0.2983380276836539,
2023-07-31 13:45:59.391000,-9.55421686746988,-2.4578313253012047,0.3253012048192771,-2.4034334763948495,-9.592274678111588,0.851011649294911,3.0,0.2977022977022977,3359.0604026845635,-3.3977040964978724,-10.04591807004254,5.949070566983276,1408.7912087912086,-1.0,82.45250576640805,0.29833986117270195,
2023-07-31 13:45:59.398000,-9.578313253012048,-2.433734939759036,0.44578313253012053,-2.37155119558553,-9.624156958920906,0.9196811771919068,3.0,0.2977022977022977,3359.0604026845635,-3.6114445545131395,-12.53446768836315,6.162811024998543,1408.7912087912086,-1.0,82.45250576640805,0.2983416155386413,
2023-07-31 13:45:59.406000,-9.602409638554217,-2.433734939759036,0.5180722891566265,-2.3666462293071735,-9.582464745554875,0.9687308399754752,3.0,0.2977022977022977,3359.0604026845635,-3.5961773789406206,-14.549734863935669,5.55212400209778,1400.7326007326005,-1.0,82.45250576640805,0.29834328602191557,
2023-07-31 13:45:59.414000,-9.530120481927712,-2.397590361445783,0.5783132530120483,-2.2636419374616796,-9.516247700797056,1.049662783568363,3.0,0.2977022977022977,3359.0604026845635,-3.4435056232154295,-15.71004020744712,5.597925528815337,1386.8131868131868,-1.0,82.45250576640805,0.2983448677899559,
2023-07-31 13:45:59.421000,-9.44578313253012,-2.3493975903614457,0.6265060240963856,-2.2906192519926423,-9.381361128142244,1.032495401594114,3.0,0.2977022977022977,3359.0604026845635,-3.6572460812306966,-15.52683410057689,4.956704154769536,1367.7655677655678,-1.0,82.45250576640805,0.29834635594482056,
2023-07-31 13:45:59.429000,-9.349397590361447,-2.3012048192771086,0.6626506024096386,-2.1753525444512567,-9.315144083384427,1.1011649294911097,3.0,0.2977022977022977,3359.0604026845635,-3.3519025697803153,-13.725307383019638,5.078841559349688,1345.7875457875457,-1.0,82.45250576640805,0.29834774553147253,
2023-07-31 13:45:59.437000,-9.289156626506024,-2.3012048192771086,0.6506024096385542,-2.2366646229307174,-9.236664622930716,1.0643776824034334,3.0,0.2977022977022977,3359.0604026845635,-3.5656430277955824,-9.755841734164678,5.445253773090147,1323.076923076923,-1.0,82.45250576640805,0.2983490314079381,
2023-07-31 13:45:59.444000,-9.27710843373494,-2.2650602409638556,0.6144578313253012,-2.1974248927038627,-9.241569589209075,1.0472103004291844,3.0,0.2977022977022977,3359.0604026845635,-3.550375852223063,-4.763475321950937,4.987238505914574,1300.3663003663003,-1.0,82.45250576640805,0.29835020827522085,
2023-07-31 13:45:59.452000,-9.27710843373494,-2.2289156626506026,0.5421686746987953,-2.177805027590435,-9.23175965665236,0.9613733905579399,3.0,0.2977022977022977,3359.0604026845635,-3.489307149932987,-0.19858982576773065,4.788765223471826,1279.120879120879,-1.0,82.45250576640805,0.2983512709741823,
2023-07-31 13:45:59.460000,-9.325301204819278,-2.289156626506024,0.5060240963855422,-2.2660944206008584,-9.204782342121398,0.9294911097486205,3.0,0.2977022977022977,3359.0604026845635,-4.176330050696346,4.473165899423109,3.2162461395023603,1261.5384615384614,-1.0,82.45250576640805,0.29835221447479215,
2023-07-31 13:45:59.467000,-9.397590361445783,-2.397590361445783,0.45783132530120485,-2.342121397915389,-9.285714285714285,0.8902513795217657,3.0,0.2977022977022977,3359.0604026845635,-5.10762776062001,6.457898723850589,1.6742614066779329,1246.153846153846,-1.0,82.45250576640805,0.29835303373852917,
2023-07-31 13:45:59.475000,-9.433734939759036,-2.4939759036144578,0.42168674698795183,-2.4868179031269158,-9.388718577559779,0.9196811771919068,3.0,0.2977022977022977,3359.0604026845635,-5.641978905658178,6.7785094108734905,0.05594079599090998,1232.967032967033,-1.0,82.45250576640805,0.298353723730619,
2023-07-31 13:45:59.483000,-9.433734939759036,-2.5542168674698797,0.43373493975903615,-2.521152667075414,-9.366646229307173,0.8927038626609441,3.0,0.2977022977022977,3359.0604026845635,-5.687780432375735,7.862478876522346,-1.2723034788182503,1223.4432234432234,-1.0,82.45250576640805,0.2983542794327776,
2023-07-31 13:45:59.490000,-9.421686746987952,-2.5542168674698797,0.39759036144578314,-2.4573881054567748,-9.393623543838135,0.8976088289393009,3.0,0.2977022977022977,3359.0604026845635,-6.573276615581841,7.8930132276673834,-2.829555387215197,1213.9194139194137,-1.0,82.45250576640805,0.29835469585642593,
2023-07-31 13:45:59.498000,-9.409638554216867,-2.5421686746987953,0.3734939759036145,-2.37155119558553,-9.376456161863887,0.8436541998773758,3.0,0.2977022977022977,3359.0604026845635,-6.390070508711613,7.541868189499445,-3.974593555154128,1206.5934065934066,-1.0,82.45250576640805,0.2983549680563346,
2023-07-31 13:45:59.506000,-9.44578313253012,-2.5421686746987953,0.3493975903614458,-2.499080318822808,-9.35683629675046,0.7749846719803801,3.0,0.2977022977022977,3359.0604026845635,-7.2144979896276435,6.167822387972727,-4.600547753627411,1198.5347985347985,-1.0,82.45250576640805,0.2983550910059025,
2023-07-31 13:45:59.513000,-9.409638554216867,-2.5542168674698797,0.3132530120481928,-2.5064377682403434,-9.415695892090742,0.762722256284488,3.0,0.2977022977022977,3359.0604026845635,-7.870986539245964,5.5571353650719635,-5.028028669657945,1191.2087912087911,-1.0,82.45250576640805,0.2983550597706521,
2023-07-31 13:45:59.521000,-9.361445783132531,-2.566265060240964,0.28915662650602414,-2.528510116492949,-9.288166768853463,0.7259350091968118,3.0,0.2977022977022977,3359.0604026845635,-8.191597226268865,5.648738418507079,-4.188334013169396,1187.5457875457876,-1.0,82.45250576640805,0.29835486965049807,
2023-07-31 13:45:59.529000,-9.253012048192772,-2.5542168674698797,0.21686746987951808,-2.5162477007970567,-9.219497240956468,0.6695278969957081,3.0,0.2972582972582972,3364.0776699029125,-9.107627760620009,5.999883456675017,-4.508944700192296,1183.8827838827838,-1.0,82.45250576640805,0.29835451604553703,
2023-07-31 13:45:59.536000,-9.204819277108435,-2.566265060240964,0.16867469879518074,-2.55793991416309,-9.10668301655426,0.6082158185162476,3.0,0.2972582972582972,3364.0776699029125,-10.130528523978787,7.496066662781887,-4.4326088223297,1186.080586080586,-1.0,82.45250576640805,0.2983539944607688,
2023-07-31 13:45:59.544000,-9.156626506024097,-2.602409638554217,0.0963855421686747,-2.609442060085837,-9.131207847946046,0.5272838749233598,3.0,0.2972582972582972,3364.0776699029125,-10.710681195734514,9.60293689178952,-4.386807295612143,1193.4065934065934,-1.0,82.45250576640805,0.2983533003404712,
2023-07-31 13:45:59.552000,-9.216867469879519,-2.6506024096385543,0.024096385542168676,-2.6486817903126916,-9.172900061312077,0.44880441446965047,3.0,0.2977022977022977,3359.0604026845635,-11.275566691917719,11.923547578812421,-4.0967309597342805,1204.3956043956043,-1.0,82.45250576640805,0.2983524290930895,
2023-07-31 13:45:59.559000,-9.27710843373494,-2.6506024096385543,-0.060240963855421686,-2.633966891477621,-9.26364193746168,0.3727774371551195,3.0,0.2977022977022977,3359.0604026845635,-11.275566691917719,11.923547578812421,-4.0967309597342805,1217.5824175824175,-1.0,82.45250576640805,0.29835137640318293,
2023-07-31 13:45:59.567000,-9.325301204819278,-2.63855421686747,-0.12048192771084337,-2.562844880441447,-9.29307173513182,0.2575107296137339,3.0,0.2972582972582972,3364.0776699029125,-11.718314783520773,13.648738418507078,-3.94405920400909,1231.5018315018315,-1.0,82.45250576640805,0.29835013826641477,
2023-07-31 13:45:59.575000,-9.361445783132531,-2.662650602409639,-0.14457831325301207,-2.592274678111588,-9.283261802575106,0.19865113427345185,3.0,0.2972582972582972,3364.0776699029125,-12.542742264436804,13.404463609346772,-3.974593555154128,1246.8864468864467,-1.0,82.45250576640805,0.2983487107160097,
2023-07-31 13:45:59.582000,-9.361445783132531,-2.710843373493976,-0.18072289156626506,-2.6952789699570814,-9.224402207234824,0.24770079705702022,3.0,0.2972582972582972,3364.0776699029125,-13.5809102033681,12.79377658644601,-4.921158440650311,1263.003663003663,-1.0,82.45250576640805,0.29834708981521124,
2023-07-31 13:45:59.590000,-9.301204819277109,-2.807228915662651,-0.18072289156626506,-2.8179031269160024,-9.199877375843041,0.21091354996934394,3.0,0.2972582972582972,3364.0776699029125,-14.60381096672688,11.664005594079597,-5.287570654390769,1277.6556776556777,-1.0,82.45250576640805,0.29834527180845144,
2023-07-31 13:45:59.598000,-9.253012048192772,-2.879518072289157,-0.21686746987951808,-2.8497854077253217,-9.15328019619865,0.1520539546290619,3.0,0.2972582972582972,3364.0776699029125,-15.977856768253595,11.236524678049063,-6.860089738360235,1288.6446886446886,-1.0,82.45250576640805,0.2983432531333051,
2023-07-31 13:45:59.605000,-9.240963855421688,-2.927710843373494,-0.24096385542168675,-2.8841201716738194,-9.15328019619865,0.17167381974248927,3.0,0.2972582972582972,3364.0776699029125,-16.802284249169627,11.068585746751353,-7.241769127673212,1295.970695970696,-1.0,82.45250576640805,0.29834103043192534,
2023-07-31 13:45:59.613000,-9.325301204819278,-2.9397590361445785,-0.1927710843373494,-2.9307173513182097,-9.344573881054567,0.21827099938687922,3.0,0.2972582972582972,3364.0776699029125,-17.550375852223063,8.580036128430743,-7.150166074238097,1299.6336996336995,-1.0,82.45250576640805,0.2983386005619145,
2023-07-31 13:45:59.621000,-9.409638554216867,-2.9397590361445785,-0.10843373493975904,-2.886572654812998,-9.369098712446352,0.2550582464745555,3.0,0.2972582972582972,3364.0776699029125,-18.970223180467336,5.190723151331506,-7.348639356680845,1301.8315018315018,-1.0,82.45250576640805,0.2983359606065879,
2023-07-31 13:45:59.628000,-9.481927710843374,-2.927710843373494,-0.08433734939759037,-2.94543225015328,-9.413243408951564,0.35806253832004903,3.0,0.2972582972582972,3364.0776699029125,-19.504574325505505,1.190723151331506,-7.5318454635510745,1304.0293040293038,-1.0,82.45250576640805,0.29833310788458794,
2023-07-31 13:45:59.636000,-9.518072289156628,-2.963855421686747,0.0,-2.942979767014102,-9.454935622317596,0.41692213366033104,3.0,0.2972582972582972,3364.0776699029125,-21.290833867490235,-3.6489715051570437,-8.27993706660451,1309.89010989011,-1.0,82.45250576640805,0.2983300399588108,
2023-07-31 13:45:59.643000,-9.530120481927712,-3.0,0.04819277108433735,-2.94543225015328,-9.521152667075413,0.5665236051502146,3.0,0.2972582972582972,3364.0776699029125,-22.649612493444433,-8.87034555095857,-8.402074471184664,1319.4139194139193,-1.0,82.45250576640805,0.2983267546446132,
2023-07-31 13:45:59.651000,-9.530120481927712,-2.987951807228916,0.16867469879518074,-2.94543225015328,-9.57265481299816,0.640098099325567,3.0,0.2972582972582972,3364.0776699029125,-23.71831478352077,-14.03065089447002,-7.7608530971388605,1332.6007326007325,-1.0,82.45250576640805,0.298323250017266,
2023-07-31 13:45:59.659000,-9.518072289156628,-3.0,0.27710843373493976,-2.982219497240956,-9.516247700797056,0.745554874310239,3.0,0.2972582972582972,3364.0776699029125,-25.000757531612372,-17.282559291416586,-7.2112347765281735,1342.8571428571427,-1.0,82.45250576640805,0.2983195244186291,
2023-07-31 13:45:59.666000,-9.46987951807229,-2.9759036144578315,0.3373493975903615,-2.9380748007357447,-9.435315757204169,0.7749846719803801,3.0,0.2972582972582972,3364.0776699029125,-26.2221315774139,-19.084086008973838,-6.676883631490006,1352.3809523809523,-1.0,82.45250576640805,0.29831557646302514,
2023-07-31 13:45:59.674000,-9.373493975903616,-2.927710843373494,0.3614457831325301,-2.881667688534641,-9.376456161863887,0.7553648068669527,3.0,0.2972582972582972,3364.0776699029125,-27.672513256803214,-18.68713944408834,-5.470776761260998,1360.4395604395604,-1.0,82.45250576640805,0.2983114050422921,
2023-07-31 13:45:59.682000,-9.253012048192772,-2.91566265060241,0.3734939759036145,-2.8522378908645,-9.177805027590434,0.7774371551195585,3.0,0.29681429681429683,3369.109947643979,-28.619078142299397,-17.755841734164676,-4.905891265077792,1364.8351648351647,-1.0,82.45250576640805,0.2983070093299989,
2023-07-31 13:45:59.689000,-9.19277108433735,-2.91566265060241,0.3855421686746988,-2.8718577559779277,-9.219497240956468,0.8436541998773758,3.0,0.29681429681429683,3369.109947643979,-30.680146844589473,-16.54973486393567,-4.95169279179535,1369.230769230769,-1.0,82.45250576640805,0.2983023887742703,
2023-07-31 13:45:59.697000,-9.180722891566266,-2.951807228915663,0.4096385542168675,-2.8473329245861434,-9.143470263641937,0.8117719190680563,3.0,0.2972582972582972,3364.0776699029125,-32.298467455276494,-15.267292115844066,-4.447875997902219,1372.161172161172,-1.0,82.45250576640805,0.29829754291929667,
2023-07-31 13:45:59.705000,-9.180722891566266,-2.9759036144578315,0.4096385542168675,-2.874310239117106,-9.172900061312077,0.8019619865113427,3.0,0.2972582972582972,3364.0776699029125,-33.74884913466581,-13.6947730318746,-4.27993706660451,1372.8937728937728,-1.0,82.45250576640805,0.29829247156573546,
2023-07-31 13:45:59.712000,-9.19277108433735,-2.9397590361445785,0.43373493975903615,-2.940527283874923,-9.194972409564684,0.8412017167381973,3.0,0.2972582972582972,3364.0776699029125,-35.19923081405512,-12.565002039508189,-3.974593555154128,1373.6263736263736,-1.0,82.45250576640805,0.2982871749406145,
2023-07-31 13:45:59.720000,-9.216867469879519,-2.9397590361445785,0.43373493975903615,-2.857142857142857,-9.204782342121398,0.9074187614960146,3.0,0.2972582972582972,3364.0776699029125,-36.43587203542917,-10.916147077676127,-3.592914165841151,1379.4871794871794,-1.0,82.45250576640805,0.29828165341922985,
2023-07-31 13:45:59.728000,-9.253012048192772,-2.91566265060241,0.42168674698795183,-2.881667688534641,-9.21704475781729,0.8485591661557327,3.0,0.2972582972582972,3364.0776699029125,-37.351902569780314,-10.488666161645593,-3.5623798146961128,1391.2087912087911,-1.0,82.45250576640805,0.2982759076828527,
2023-07-31 13:45:59.735000,-9.301204819277109,-2.9036144578313254,0.43373493975903615,-2.839975475168608,-9.280809319435928,0.8362967504598405,3.0,0.2972582972582972,3364.0776699029125,-38.26793310413146,-10.106986772332617,-3.3333721811083263,1415.3846153846152,-1.0,82.45250576640805,0.2982699388441258,
2023-07-31 13:45:59.743000,-9.313253012048193,-2.879518072289157,0.43373493975903615,-2.8350705088902513,-9.342121397915388,0.8412017167381973,3.0,0.2972582972582972,3364.0776699029125,-39.48930714993298,-9.847444787599791,-2.8906240895052733,1454.9450549450548,-1.0,82.45250576640805,0.29826374815622486,
2023-07-31 13:45:59.751000,-9.337349397590362,-2.843373493975904,0.42168674698795183,-2.8595953402820355,-9.302881667688535,0.8804414469650521,3.0,0.2972582972582972,3364.0776699029125,-40.2221315774139,-11.114620360118876,-2.661616455917487,1510.6227106227104,-1.0,82.45250576640805,0.2982573371684468,
2023-07-31 13:45:59.758000,-9.325301204819278,-2.8313253012048194,0.44578313253012053,-2.7835683629675043,-9.256284488044145,0.8559166155732679,3.0,0.29681429681429683,3369.109947643979,-41.290833867490235,-12.122253947905135,-2.692150807062525,1583.150183150183,-1.0,82.45250576640805,0.29825070784956315,
2023-07-31 13:45:59.766000,-9.313253012048193,-2.7951807228915664,0.46987951807228917,-2.7565910484365417,-9.283261802575106,0.9147762109135499,3.0,0.2972582972582972,3364.0776699029125,-42.344268981994055,-12.794009673095974,-2.1119981353068,1668.131868131868,-1.0,82.45250576640805,0.2982438622844836,
2023-07-31 13:45:59.774000,-9.289156626506024,-2.7951807228915664,0.46987951807228917,-2.798283261802575,-9.290619251992641,0.8779889638258737,3.0,0.2972582972582972,3364.0776699029125,-43.48930714993298,-13.664238680729563,-1.7303187459938227,1762.6373626373625,-1.0,82.45250576640805,0.29823680279627074,
2023-07-31 13:45:59.781000,-9.27710843373494,-2.783132530120482,0.49397590361445787,-2.700183936235438,-9.241569589209075,0.9540159411404046,3.0,0.29681429681429683,3369.109947643979,-44.420604859856645,-14.015383718897501,-1.226501952100693,1860.8058608058607,-1.0,82.45250576640805,0.29822953209905423,
2023-07-31 13:45:59.789000,-9.27710843373494,-2.771084337349398,0.5060240963855422,-2.709993868792152,-9.256284488044145,0.927038626609442,3.0,0.2972582972582972,3364.0776699029125,-45.27556669191772,-14.580269215080707,-0.38680729561214344,1961.172161172161,-1.0,82.45250576640805,0.29822205300319987,
2023-07-31 13:45:59.797000,-9.301204819277109,-2.7590361445783134,0.5542168674698795,-2.7590435315757205,-9.273451870018393,1.015328019619865,3.0,0.2972582972582972,3364.0776699029125,-46.17633005069634,-14.610803566225746,0.37655148301381075,2055.6776556776554,-1.0,82.45250576640805,0.2982143685354024,
2023-07-31 13:45:59.804000,-9.265060240963855,-2.746987951807229,0.5662650602409639,-2.680564071122011,-9.295524218270998,0.9687308399754752,3.0,0.2972582972582972,3364.0776699029125,-47.09236058504749,-13.771108909737196,0.6971621700367114,2134.7985347985345,-1.0,82.45250576640805,0.2982064820898076,
2023-07-31 13:45:59.812000,-9.216867469879519,-2.7228915662650603,0.5783132530120483,-2.663396689147762,-9.190067443286328,1.0226854690374003,3.0,0.2972582972582972,3364.0776699029125,-48.40533768428413,-13.633704329584525,0.8956354524794595,2194.139194139194,-1.0,82.45250576640805,0.2981983972808154,
2023-07-31 13:45:59.820000,-9.204819277108435,-2.7228915662650603,0.5783132530120483,-2.6854690374003676,-9.18270999386879,0.9981606376456161,3.0,0.29681429681429683,3369.109947643979,-49.53510867665054,-12.900879902103608,1.3689178952275511,2231.5018315018315,-1.0,82.45250576640805,0.29819011793423955,
2023-07-31 13:45:59.827000,-9.216867469879519,-2.734939759036145,0.6144578313253012,-2.6952789699570814,-9.185162477007971,1.0104230533415082,3.0,0.29681429681429683,3369.109947643979,-50.603810966726876,-11.71004020744712,1.9796049181283144,2244.6886446886447,-1.0,82.45250576640805,0.2981816479288316,
2023-07-31 13:45:59.835000,-9.253012048192772,-2.734939759036145,0.5662650602409639,-2.700183936235438,-9.16799509503372,0.973635806253832,3.0,0.29681429681429683,3369.109947643979,-50.603810966726876,-11.71004020744712,1.9796049181283144,2230.7692307692305,-1.0,82.45250576640805,0.2981729911649268,
2023-07-31 13:45:59.843000,-9.240963855421688,-2.7228915662650603,0.5662650602409639,-2.6609442060085837,-9.266094420600858,0.9662783568362967,3.0,0.29681429681429683,3369.109947643979,-51.71831478352077,-10.610803566225746,2.3612843074412915,2196.336996336996,-1.0,82.45250576640805,0.29816415169178756,
2023-07-31 13:45:59.850000,-9.265060240963855,-2.710843373493976,0.5542168674698795,-2.6437768240343344,-9.280809319435928,0.9883507050889024,3.0,0.2972582972582972,3364.0776699029125,-52.344268981994055,-10.122253947905135,2.544490414311521,2145.0549450549447,-1.0,82.45250576640805,0.2981551336958173,
2023-07-31 13:45:59.858000,-9.301204819277109,-2.710843373493976,0.5180722891566265,-2.633966891477621,-9.273451870018393,0.9049662783568363,3.0,0.29681429681429683,3369.109947643979,-53.27556669191772,-9.129887535691394,2.4986888875939632,2076.190476190476,-1.0,82.45250576640805,0.29814594163774993,
2023-07-31 13:45:59.866000,-9.349397590361447,-2.6867469879518073,0.45783132530120485,-2.6486817903126916,-9.327406499080318,0.9221336603310851,3.0,0.2972582972582972,3364.0776699029125,-54.741215546879545,-8.88561272653109,2.6513606433191543,1994.8717948717947,-1.0,82.45250576640805,0.2981365801128697,
2023-07-31 13:45:59.873000,-9.349397590361447,-2.698795180722892,0.45783132530120485,-2.6781115879828326,-9.307786633966892,0.9049662783568363,3.0,0.29681429681429683,3369.109947643979,-55.412971272070386,-8.931414253248647,2.5292232387390015,1906.9597069597069,-1.0,82.45250576640805,0.29812705369005776,
2023-07-31 13:45:59.881000,-9.301204819277109,-2.6867469879518073,0.4096385542168675,-2.658491722869405,-9.26364193746168,0.8044144696505211,3.0,0.29681429681429683,3369.109947643979,-55.94732241710856,-9.19095623798147,2.3307499562962533,1819.7802197802196,-1.0,82.45250576640805,0.29811736706974307,
2023-07-31 13:45:59.889000,-9.265060240963855,-2.6506024096385543,0.39759036144578314,-2.5947271612507663,-9.23175965665236,0.8044144696505211,3.0,0.29681429681429683,3369.109947643979,-57.1839636384826,-9.129887535691394,2.452887360876406,1733.3333333333333,727.691650390625,82.45250576640805,0.29810752503998866,
2023-07-31 13:45:59.896000,-9.27710843373494,-2.602409638554217,0.3373493975903615,-2.5947271612507663,-9.244022072348253,0.7798896382587369,3.0,0.29681429681429683,3369.109947643979,-58.34426898199405,-8.565002039508189,3.139910261639765,1651.2820512820513,-1.0,82.45250576640805,0.2980975324537216,
2023-07-31 13:45:59.904000,-9.289156626506024,-2.5301204819277108,0.3253012048192771,-2.5113427345187,-9.273451870018393,0.7112201103617413,3.0,0.29681429681429683,3369.109947643979,-58.63434531787191,-8.961948604393685,3.2620476662199174,1575.091575091575,-1.0,82.45250576640805,0.29808739407779217,
2023-07-31 13:45:59.912000,-9.301204819277109,-2.4819277108433737,0.26506024096385544,-2.4255058246474555,-9.300429184549357,0.7014101778050276,3.0,0.29681429681429683,3369.109947643979,-59.59617737894062,-8.961948604393685,3.5979255288153373,1507.6923076923076,-1.0,82.45250576640805,0.2980771146012492,
2023-07-31 13:45:59.919000,-9.361445783132531,-2.5180722891566267,0.21686746987951808,-2.427958307786634,-9.347026364193745,0.6548129981606376,3.0,0.29681429681429683,3369.109947643979,-60.37480333313909,-8.21385700134025,3.491055299807704,1448.3516483516482,-1.0,82.45250576640805,0.2980666987713775,
2023-07-31 13:45:59.927000,-9.397590361445783,-2.5301204819277108,0.18072289156626506,-2.5260576333537705,-9.374003678724709,0.5935009196811771,3.0,0.29681429681429683,3369.109947643979,-61.13816211176504,-8.656605092943304,3.2162461395023603,1399.2673992673992,-1.0,82.45250576640805,0.29805615151958464,
2023-07-31 13:45:59.935000,-9.481927710843374,-2.566265060240964,0.14457831325301207,-2.560392397302268,-9.423053341508277,0.5738810545677498,3.0,0.29681429681429683,3369.109947643979,-61.84045218810092,-9.282559291416586,2.3154827807237344,1361.1721611721612,-1.0,82.45250576640805,0.29804547792861297,
2023-07-31 13:45:59.942000,-9.602409638554217,-2.6144578313253013,0.16867469879518074,-2.658491722869405,-9.521152667075413,0.6327406499080318,3.0,0.29681429681429683,3369.109947643979,-63.01602470718489,-10.900879902103608,1.7505972845405282,1329.6703296703297,-1.0,82.45250576640805,0.2980346829338847,
2023-07-31 13:45:59.950000,-9.626506024096386,-2.662650602409639,0.16867469879518074,-2.6683016554261187,-9.545677498467198,0.5861434702636419,3.0,0.29681429681429683,3369.109947643979,-63.71831478352077,-14.106986772332615,0.1322766738535054,1305.4945054945053,-1.0,82.45250576640805,0.29802377133362085,
2023-07-31 13:45:59.958000,-9.66265060240964,-2.710843373493976,0.21686746987951808,-2.6388718577559778,-9.587369711833231,0.6817903126916002,3.0,0.29681429681429683,3369.109947643979,-64.09999417283375,-18.061185245615057,-0.9364256162228304,1289.3772893772893,-1.0,82.45250576640805,0.29801274792695925,
2023-07-31 13:45:59.965000,-9.63855421686747,-2.710843373493976,0.2530120481927711,-2.6952789699570814,-9.611894543225015,0.6744328632740649,3.0,0.29681429681429683,3369.109947643979,-64.4664063865742,-21.923780665462385,-2.508944700192296,1277.6556776556777,-1.0,82.45250576640805,0.29800161750340604,
2023-07-31 13:45:59.973000,-9.566265060240964,-2.698795180722892,0.28915662650602414,-2.6683016554261187,-9.533415082771306,0.8044144696505211,3.0,0.2963702963702964,3374.1573033707864,-64.77174989802458,-25.84744478759979,-3.5165782879785557,1270.3296703296703,-1.0,82.45250576640805,0.2979903849716975,
2023-07-31 13:45:59.981000,-9.46987951807229,-2.7590361445783134,0.3855421686746988,-2.803188228080932,-9.477007970570202,0.8583690987124463,3.0,0.29681429681429683,3369.109947643979,-64.97022318046733,-29.20622341355399,-4.310471417749548,1263.7362637362637,-1.0,82.45250576640805,0.29797905504218236,
2023-07-31 13:45:59.988000,-9.433734939759036,-2.771084337349398,0.45783132530120485,-2.7492335990190067,-9.410790925812385,0.9343960760269773,3.0,0.2963702963702964,3374.1573033707864,-64.75648272245206,-30.67187226851582,-3.7303187459938227,1254.212454212454,-1.0,82.45250576640805,0.29796763235690155,
2023-07-31 13:45:59.996000,-9.361445783132531,-2.7590361445783134,0.5301204819277109,-2.734518700183936,-9.351931330472102,1.0275904353157572,3.0,0.2963702963702964,3374.1573033707864,-64.45113921100169,-31.43523104714178,-3.6845172192762656,1246.153846153846,-1.0,82.45250576640805,0.29795612162021556,
2023-07-31 13:46:00.004000,-9.289156626506024,-2.7590361445783134,0.5903614457831325,-2.7148988350705086,-9.258736971183323,1.1011649294911097,3.0,0.2963702963702964,3374.1573033707864,-64.45113921100169,-29.23675776469903,-2.142532486451838,1239.5604395604396,-1.0,82.45250576640805,0.2979445272828293,
2023-07-31 13:46:00.011000,-9.265060240963855,-2.7228915662650603,0.6024096385542169,-2.6732066217044754,-9.26364193746168,1.091354996934396,3.0,0.2963702963702964,3374.1573033707864,-63.77938348581085,-27.939047841034906,-0.2646698910319908,1236.6300366300366,-1.0,82.45250576640805,0.29793285367338057,
2023-07-31 13:46:00.019000,-9.240963855421688,-2.710843373493976,0.6144578313253012,-2.663396689147762,-9.32495401594114,1.074187614960147,3.0,0.2963702963702964,3374.1573033707864,-63.412971272070386,-25.939047841034906,0.9414369791970169,1238.8278388278388,-1.0,82.45250576640805,0.2979211049916914,
2023-07-31 13:46:00.026000,-9.240963855421688,-2.674698795180723,0.6024096385542169,-2.609442060085837,-9.315144083384427,1.0766400980993256,3.0,0.2963702963702964,3374.1573033707864,-63.21449798962764,-23.23675776469903,2.117009498280986,1246.153846153846,-1.0,82.45250576640805,0.2979092853024431,
2023-07-31 13:46:00.034000,-9.180722891566266,-2.63855421686747,0.6024096385542169,-2.560392397302268,-9.219497240956468,1.0472103004291844,3.0,0.29681429681429683,3369.109947643979,-62.39007050871161,-19.832177612027273,2.9567041547695356,1257.142857142857,-1.0,82.45250576640805,0.297897398390548,
2023-07-31 13:46:00.042000,-9.132530120481928,-2.6144578313253013,0.5542168674698795,-2.553034947884733,-9.155732679337829,1.0692826486817903,3.0,0.29681429681429683,3369.109947643979,-61.428238447642904,-16.458131810500554,4.101742322708467,1276.1904761904761,-1.0,82.45250576640805,0.29788544792540217,
2023-07-31 13:46:00.049000,-9.072289156626507,-2.602409638554217,0.5542168674698795,-2.523605150214592,-9.067443286327405,1.020232985898222,3.0,0.2963702963702964,3374.1573033707864,-61.39770409649787,-12.519200512790631,5.185711788357322,1301.8315018315018,-1.0,82.45250576640805,0.2978734377645579,
2023-07-31 13:46:00.057000,-9.072289156626507,-2.5180722891566267,0.45783132530120485,-2.494175352544451,-9.064990803188227,0.9368485591661557,3.0,0.2963702963702964,3374.1573033707864,-61.07709340947497,-8.503933337218111,6.758230872326788,1329.6703296703297,-1.0,82.45250576640805,0.2978613716414272,
2023-07-31 13:46:00.065000,-9.084337349397591,-2.4698795180722892,0.3855421686746988,-2.369098712446352,-9.084610668301655,0.7602697731453096,3.0,0.2963702963702964,3374.1573033707864,-60.161062875123825,-4.2291241769127685,7.460520948662666,1358.2417582417581,-1.0,82.45250576640805,0.29784925285367325,
2023-07-31 13:46:00.072000,-9.144578313253012,-2.397590361445783,0.27710843373493976,-2.3200490496627832,-9.096873083997547,0.7185775597792765,3.0,0.2963702963702964,3374.1573033707864,-59.88625371481848,-0.6260707417982649,7.613192704387856,1386.080586080586,-1.0,82.45250576640805,0.29783708441965107,
2023-07-31 13:46:00.080000,-9.204819277108435,-2.3734939759036147,0.16867469879518074,-2.37155119558553,-9.224402207234824,0.5885959534028203,3.0,0.2963702963702964,3374.1573033707864,-60.283200279703976,1.8319445253773075,7.399452246372589,1409.5238095238094,-1.0,82.45250576640805,0.2978248693629584,
2023-07-31 13:46:00.088000,-9.253012048192772,-2.36144578313253,0.012048192771084338,-2.322501532801962,-9.226854690374003,0.43654199877375843,3.0,0.2963702963702964,3374.1573033707864,-60.06945982168871,3.6945399452246357,6.37655148301381,1428.5714285714284,-1.0,82.45250576640805,0.29781261068926146,
2023-07-31 13:46:00.095000,-9.301204819277109,-2.325301204819277,-0.04819277108433735,-2.2244022072348253,-9.275904353157571,0.3654199877375843,3.0,0.29681429681429683,3369.109947643979,-60.02365829497115,4.7785094108734905,5.7963988112580855,1441.7582417582416,-1.0,82.45250576640805,0.29780031123620826,
2023-07-31 13:46:00.103000,-9.349397590361447,-2.289156626506024,-0.16867469879518074,-2.160637645616186,-9.221949724095646,0.24770079705702022,3.0,0.29681429681429683,3369.109947643979,-59.88625371481848,6.274692616980361,4.162811024998543,1449.084249084249,-1.0,82.45250576640805,0.29778797382242256,
2023-07-31 13:46:00.111000,-9.301204819277109,-2.2650602409638556,-0.2530120481927711,-2.1434702636419374,-9.256284488044145,0.13733905579399142,3.0,0.2963702963702964,3374.1573033707864,-59.88625371481848,6.274692616980361,4.162811024998543,1449.8168498168498,-1.0,82.45250576640805,0.29777560126957625,
2023-07-31 13:46:00.118000,-9.325301204819278,-2.313253012048193,-0.3734939759036145,-2.2857142857142856,-9.192519926425506,-0.009809932556713672,3.0,0.2963702963702964,3374.1573033707864,-60.924421653749775,7.083852922323872,2.9109026280519785,1446.8864468864467,-1.0,82.45250576640805,0.29776319611671626,
2023-07-31 13:46:00.126000,-9.3855421686747,-2.3373493975903616,-0.42168674698795183,-2.4034334763948495,-9.280809319435928,-0.01226241569589209,3.0,0.2963702963702964,3374.1573033707864,-60.8633529514597,7.725074296369674,1.521589650952742,1439.5604395604394,-1.0,82.45250576640805,0.2977507606014204,
2023-07-31 13:46:00.134000,-9.433734939759036,-2.3493975903614457,-0.49397590361445787,-2.2660944206008584,-9.408338442673205,-0.07847946045370938,3.0,0.2963702963702964,3374.1573033707864,-60.924421653749775,6.152555212400208,-0.2341355398869526,1428.5714285714284,-1.0,82.45250576640805,0.29773829680054287,
2023-07-31 13:46:00.141000,-9.530120481927712,-2.313253012048193,-0.5421686746987953,-2.300429184549356,-9.474555487431024,-0.10545677498467197,3.0,0.29592629592629593,3379.2198049512376,-60.89388730260474,3.984616281102498,-1.5318454635510748,1413.9194139194137,-1.0,82.45250576640805,0.2977258066326501,
2023-07-31 13:46:00.149000,-9.55421686746988,-2.3373493975903616,-0.5662650602409639,-2.288166768853464,-9.481912936848559,-0.13243408951563457,3.0,0.2963702963702964,3374.1573033707864,-61.046559058329926,2.1983567391177656,-3.058563020802983,1398.5347985347985,-1.0,82.45250576640805,0.29771329171159716,
2023-07-31 13:46:00.157000,-9.602409638554217,-2.4216867469879517,-0.5542168674698795,-2.3838136112814223,-9.616799509503371,-0.13733905579399142,3.0,0.2963702963702964,3374.1573033707864,-61.474039974360466,-0.9314142532486467,-4.570013402482372,1379.4871794871794,-1.0,82.45250576640805,0.29770075347723113,
2023-07-31 13:46:00.164000,-9.63855421686747,-2.4698795180722892,-0.5421686746987953,-2.4573881054567748,-9.545677498467198,-0.06131207847946045,3.0,0.2963702963702964,3374.1573033707864,-61.351902569780314,-4.6718722685158225,-6.218868364314433,1359.7069597069597,-1.0,82.45250576640805,0.297688193358019,
2023-07-31 13:46:00.172000,-9.674698795180724,-2.4939759036144578,-0.4819277108433735,-2.4745554874310236,-9.629061925199263,-0.03923973022685469,3.0,0.2963702963702964,3374.1573033707864,-61.107627760620005,-8.565002039508189,-6.737952333780082,1339.9267399267399,-1.0,82.45250576640805,0.2976756126361911,
2023-07-31 13:46:00.180000,-9.759036144578314,-2.5180722891566267,-0.46987951807228917,-2.5432250153280194,-9.739423666462292,-0.03923973022685469,3.0,0.2963702963702964,3374.1573033707864,-60.69541402016199,-12.015383718897501,-7.10436454752054,1320.8791208791208,-1.0,82.45250576640805,0.29766301245201876,
2023-07-31 13:46:00.187000,-9.771084337349398,-2.566265060240964,-0.44578313253012053,-2.553034947884733,-9.732066217044757,0.07847946045370938,3.0,0.2963702963702964,3374.1573033707864,-60.20686440184138,-15.435231047141777,-7.898257677291533,1303.2967032967033,-1.0,82.45250576640805,0.2976503938084605,
2023-07-31 13:46:00.195000,-9.795180722891567,-2.6506024096385543,-0.3373493975903615,-2.582464745554874,-9.736971183323114,0.12752912323727775,3.0,0.2963702963702964,3374.1573033707864,-59.45877279878795,-18.794009673095974,-9.318105005535807,1287.9120879120878,-1.0,82.45250576640805,0.2976377575761656,
2023-07-31 13:46:00.203000,-9.72289156626506,-2.662650602409639,-0.24096385542168675,-2.6241569589209073,-9.702636419374617,0.21336603310852237,3.0,0.2963702963702964,3374.1573033707864,-59.046559058329926,-21.35889516927918,-9.653982868131228,1271.062271062271,-1.0,82.45250576640805,0.2976251044988214,
2023-07-31 13:46:00.210000,-9.626506024096386,-2.7228915662650603,-0.14457831325301207,-2.74432863274065,-9.611894543225015,0.3237277743715512,3.0,0.2963702963702964,3374.1573033707864,-58.37480333313909,-23.923780665462385,-9.913524852864052,1255.6776556776556,-1.0,82.45250576640805,0.2976124350600804,
2023-07-31 13:46:00.218000,-9.530120481927712,-2.7951807228915664,-0.03614457831325302,-2.781115879828326,-9.452483139178417,0.41446965052115264,3.0,0.2963702963702964,3374.1573033707864,-57.901520890391,-24.977215779966205,-10.12726531087932,1239.5604395604396,-1.0,82.45250576640805,0.2975997495099311,
2023-07-31 13:46:00.226000,-9.44578313253012,-2.807228915662651,0.024096385542168676,-2.8252605763335374,-9.369098712446352,0.5076640098099325,3.0,0.2963702963702964,3374.1573033707864,-57.09236058504749,-25.17568906240895,-9.730318745993824,1228.5714285714284,-1.0,82.45250576640805,0.2975870480189824,
2023-07-31 13:46:00.233000,-9.325301204819278,-2.843373493975904,0.0963855421686747,-2.773758430410791,-9.280809319435928,0.5738810545677498,3.0,0.2963702963702964,3374.1573033707864,-56.40533768428413,-24.290192879202845,-9.821921799428937,1225.6410256410256,-1.0,82.45250576640805,0.29757433068393874,
2023-07-31 13:46:00.241000,-9.240963855421688,-2.8674698795180724,0.16867469879518074,-2.8718577559779277,-9.18270999386879,0.7014101778050276,3.0,0.29592629592629593,3379.2198049512376,-55.290833867490235,-22.626070741798266,-9.089097371948021,1227.8388278388277,-1.0,82.45250576640805,0.2975615975335425,
2023-07-31 13:46:00.249000,-9.168674698795181,-2.855421686746988,0.24096385542168675,-2.862047823421214,-9.123850398528509,0.7259350091968118,3.0,0.2963702963702964,3374.1573033707864,-54.95495600489482,-20.839811199813532,-8.95169279179535,1233.6996336996335,-1.0,82.45250576640805,0.2975488483856713,
2023-07-31 13:46:00.256000,-9.096385542168676,-2.843373493975904,0.27710843373493976,-2.7884733292458614,-9.128755364806867,0.7480073574494175,3.0,0.29592629592629593,3379.2198049512376,-54.32900180642153,-17.84744478759979,-8.524211875764816,1241.0256410256409,-1.0,82.45250576640805,0.297536082981578,
2023-07-31 13:46:00.264000,-9.036144578313253,-2.843373493975904,0.2530120481927711,-2.803188228080932,-8.993868792152053,0.7136725935009196,3.0,0.29592629592629593,3379.2198049512376,-53.51984150107802,-15.67950585630208,-7.8524561505739765,1252.014652014652,-1.0,82.45250576640805,0.2975233010027626,
2023-07-31 13:46:00.272000,-9.048192771084338,-2.855421686746988,0.2530120481927711,-2.773758430410791,-8.964438994481913,0.6817903126916002,3.0,0.2963702963702964,3374.1573033707864,-52.802284249169624,-14.091719596760097,-7.10436454752054,1264.4688644688645,-1.0,82.45250576640805,0.2975105019177718,
2023-07-31 13:46:00.279000,-9.048192771084338,-2.843373493975904,0.26506024096385544,-2.827713059472716,-9.104230533415082,0.7946045370938074,3.0,0.29592629592629593,3379.2198049512376,-52.17633005069634,-11.923780665462386,-6.707417982635044,1279.120879120879,-1.0,82.45250576640805,0.29749768527634124,
2023-07-31 13:46:00.287000,-9.084337349397591,-2.855421686746988,0.27710843373493976,-2.844880441446965,-9.09196811771919,0.7381974248927038,3.0,0.29592629592629593,3379.2198049512376,-52.17633005069634,-11.007750131111242,-5.699784394848784,1295.970695970696,-1.0,82.45250576640805,0.2974848505882281,
2023-07-31 13:46:00.295000,-9.072289156626507,-2.819277108433735,0.2530120481927711,-2.8473329245861434,-9.084610668301655,0.7185775597792765,3.0,0.29592629592629593,3379.2198049512376,-51.5045743255055,-9.313093642561624,-4.799021036070158,1312.8205128205127,-1.0,82.45250576640805,0.2974719973094009,
2023-07-31 13:46:00.302000,-9.144578313253012,-2.8313253012048194,0.22891566265060243,-2.768853464132434,-9.116492949110974,0.6842427958307786,3.0,0.29592629592629593,3379.2198049512376,-51.19923081405512,-8.229124176912768,-3.806654623856418,1328.937728937729,-1.0,82.45250576640805,0.29745912496708155,
2023-07-31 13:46:00.310000,-9.19277108433735,-2.7951807228915664,0.20481927710843376,-2.761496014714899,-9.099325567136725,0.6548129981606376,3.0,0.29592629592629593,3379.2198049512376,-50.741215546879545,-6.641337917370784,-3.3333721811083263,1341.3919413919414,-1.0,82.45250576640805,0.2974462330185034,
2023-07-31 13:46:00.318000,-9.204819277108435,-2.7951807228915664,0.13253012048192772,-2.7148988350705086,-9.194972409564684,0.5910484365419988,3.0,0.29592629592629593,3379.2198049512376,-51.00075753161237,-5.816910436454753,-2.737952333780082,1347.985347985348,-1.0,82.45250576640805,0.297433320720073,
2023-07-31 13:46:00.325000,-9.240963855421688,-2.783132530120482,0.04819277108433735,-2.7467811158798283,-9.23175965665236,0.5297363580625383,3.0,0.2963702963702964,3374.1573033707864,-50.90915447817726,-4.855078375386051,-1.94405920400909,1353.8461538461538,-1.0,82.45250576640805,0.2974203871554971,
2023-07-31 13:46:00.333000,-9.253012048192772,-2.7951807228915664,0.024096385542168676,-2.751686082158185,-9.221949724095646,0.4463519313304721,3.0,0.29592629592629593,3379.2198049512376,-51.13816211176504,-4.595536390653226,-1.5776469902686319,1359.7069597069597,-1.0,82.45250576640805,0.29740743154063687,
2023-07-31 13:46:00.341000,-9.325301204819278,-2.771084337349398,0.0,-2.79092581238504,-9.374003678724709,0.42427958307786634,3.0,0.29592629592629593,3379.2198049512376,-51.30610104306275,-4.595536390653226,-0.5700134024823724,1364.102564102564,-1.0,82.45250576640805,0.29739445310235585,
2023-07-31 13:46:00.348000,-9.3855421686747,-2.7951807228915664,-0.04819277108433735,-2.7541385652973633,-9.334763948497853,0.35806253832004903,3.0,0.29592629592629593,3379.2198049512376,-51.21449798962764,-4.6718722685158225,-0.37154012003962433,1367.032967032967,-1.0,82.45250576640805,0.2973814509258334,
2023-07-31 13:46:00.356000,-9.44578313253012,-2.7951807228915664,-0.10843373493975904,-2.7492335990190067,-9.430410790925812,0.33353770692826484,3.0,0.29592629592629593,3379.2198049512376,-51.38243692092535,-6.000116543324983,-0.3562729444671053,1368.4981684981683,-1.0,82.45250576640805,0.2973684240997243,
2023-07-31 13:46:00.364000,-9.481927710843374,-2.771084337349398,-0.1566265060240964,-2.7247087676272224,-9.44757817290006,0.2893930104230533,3.0,0.29592629592629593,3379.2198049512376,-51.32136821863527,-8.488666161645593,-0.5852805780548915,1368.4981684981683,-1.0,82.45250576640805,0.2973553717225216,
2023-07-31 13:46:00.371000,-9.518072289156628,-2.734939759036145,-0.1927710843373494,-2.6658491722869404,-9.486817903126916,0.26486817903126914,3.0,0.29592629592629593,3379.2198049512376,-52.00839111939863,-11.099353184546356,-0.310471417749548,1363.3699633699632,-1.0,82.45250576640805,0.2973422929088563,
2023-07-31 13:46:00.379000,-9.542168674698795,-2.734939759036145,-0.16867469879518074,-2.6903740036787247,-9.491722869405272,0.25015328019619865,3.0,0.29592629592629593,3379.2198049512376,-52.099994172833746,-14.35126158149292,-0.47841034904725793,1353.8461538461538,-1.0,82.45250576640805,0.2973291867957217,
2023-07-31 13:46:00.386000,-9.518072289156628,-2.710843373493976,-0.1566265060240964,-2.611894543225015,-9.540772532188841,0.2869405272838749,3.0,0.29592629592629593,3379.2198049512376,-52.099994172833746,-14.35126158149292,-0.47841034904725793,1342.8571428571427,-1.0,82.45250576640805,0.2973160525486113,
2023-07-31 13:46:00.394000,-9.44578313253012,-2.7228915662650603,-0.12048192771084337,-2.6462293071735132,-9.472103004291846,0.3359901900674433,3.0,0.29592629592629593,3379.2198049512376,-52.619078142299394,-16.839811199813532,-0.6310821047724487,1331.8681318681317,-1.0,82.45250576640805,0.29730288936755545,
2023-07-31 13:46:00.402000,-9.44578313253012,-2.698795180722892,-0.07228915662650603,-2.6535867565910483,-9.423053341508277,0.38749233599019006,3.0,0.29592629592629593,3379.2198049512376,-52.72594837130703,-20.305460054775363,-1.1807004253831357,1320.8791208791208,-1.0,82.45250576640805,0.297289696493045,
2023-07-31 13:46:00.409000,-9.44578313253012,-2.698795180722892,-0.024096385542168676,-2.675659104843654,-9.3862660944206,0.4218270999386879,3.0,0.29592629592629593,3379.2198049512376,-52.664879669016955,-23.328360818134144,-0.6463492803449679,1310.6227106227104,-1.0,82.45250576640805,0.29727647321183553,
2023-07-31 13:46:00.417000,-9.457831325301205,-2.674698795180723,0.03614457831325302,-2.60453709380748,-9.410790925812385,0.5370938074800735,3.0,0.29592629592629593,3379.2198049512376,-53.12289493619252,-26.305460054775363,-0.6005477536274106,1301.8315018315018,-1.0,82.45250576640805,0.2972632188626159,
2023-07-31 13:46:00.425000,-9.421686746987952,-2.5783132530120483,0.0963855421686747,-2.530962599632127,-9.33966891477621,0.6131207847946045,3.0,0.2954822954822955,3384.297520661157,-52.90915447817726,-29.20622341355399,-0.37154012003962433,1295.2380952380952,-1.0,82.45250576640805,0.29724993298028607,
2023-07-31 13:46:00.432000,-9.409638554216867,-2.566265060240964,0.22891566265060243,-2.5554874310239115,-9.405885959534027,0.640098099325567,3.0,0.29592629592629593,3379.2198049512376,-52.72594837130703,-31.58790280286697,0.010139269273352732,1289.3772893772893,-1.0,82.45250576640805,0.2972366149929096,
2023-07-31 13:46:00.440000,-9.373493975903616,-2.566265060240964,0.28915662650602414,-2.5456774984671977,-9.290619251992641,0.7161250766400981,3.0,0.29592629592629593,3379.2198049512376,-53.48930714993298,-32.90087990210361,0.28494842957869626,1287.9120879120878,-1.0,82.45250576640805,0.2972232642267359,
2023-07-31 13:46:00.448000,-9.337349397590362,-2.6506024096385543,0.3493975903614458,-2.700183936235438,-9.251379521765788,0.7847946045370937,3.0,0.2954822954822955,3384.297520661157,-53.68778043237573,-33.96958219217995,1.506322475380223,1287.9120879120878,-1.0,82.45250576640805,0.2972098803580312,
2023-07-31 13:46:00.455000,-9.253012048192772,-2.662650602409639,0.3734939759036145,-2.5775597792765175,-9.251379521765788,0.8877988963825874,3.0,0.2954822954822955,3384.297520661157,-54.43587203542916,-33.32836081813414,1.155177437212284,1292.3076923076922,-1.0,82.45250576640805,0.2971964631091482,
2023-07-31 13:46:00.463000,-9.240963855421688,-2.566265060240964,0.4819277108433735,-2.462293071735132,-9.239117106069894,0.9393010423053341,3.0,0.2954822954822955,3384.297520661157,-53.59617737894062,-32.85507837538605,2.1628110249985433,1304.7619047619046,-1.0,82.45250576640805,0.2971830120829799,
2023-07-31 13:46:00.471000,-9.253012048192772,-2.5301204819277108,0.5180722891566265,-2.5064377682403434,-9.253832004904966,1.0128755364806867,3.0,0.2954822954822955,3384.297520661157,-53.855719363673444,-31.52683410057689,3.2467804906473985,1330.4029304029302,-1.0,82.45250576640805,0.2971695269052738,
2023-07-31 13:46:00.478000,-9.301204819277109,-2.5542168674698797,0.5421686746987953,-2.499080318822808,-9.256284488044145,1.0177805027590434,3.0,0.2954822954822955,3384.297520661157,-54.39007050871161,-28.870345550958568,3.155177437212284,1375.8241758241757,-1.0,82.45250576640805,0.29715600708889267,
2023-07-31 13:46:00.486000,-9.253012048192772,-2.5421686746987953,0.5180722891566265,-2.5481299816063765,-9.283261802575106,0.9687308399754752,3.0,0.29592629592629593,3379.2198049512376,-54.37480333313909,-26.213857001340248,3.2620476662199174,1441.0256410256409,-1.0,82.45250576640805,0.29714245205665935,
2023-07-31 13:46:00.494000,-9.240963855421688,-2.5301204819277108,0.49397590361445787,-2.530962599632127,-9.16799509503372,0.9883507050889024,3.0,0.29592629592629593,3379.2198049512376,-53.916788065963516,-22.38179593263796,3.5521240020977802,1523.8095238095236,-1.0,82.45250576640805,0.29712886157932905,
2023-07-31 13:46:00.501000,-9.240963855421688,-2.5301204819277108,0.45783132530120485,-2.523605150214592,-9.229307173513181,0.9172286940527283,3.0,0.2954822954822955,3384.297520661157,-54.20686440184138,-18.778742497523456,3.2467804906473985,1619.7802197802196,-1.0,82.45250576640805,0.2971152357774056,
2023-07-31 13:46:00.509000,-9.240963855421688,-2.5421686746987953,0.4096385542168675,-2.550582464745555,-9.194972409564684,0.838749233599019,3.0,0.2954822954822955,3384.297520661157,-53.88625371481848,-15.389429520424219,2.1017423227084673,1726.7399267399267,-1.0,82.45250576640805,0.29710157454807495,
2023-07-31 13:46:00.517000,-9.301204819277109,-2.5301204819277108,0.3614457831325301,-2.533415082771306,-9.219497240956468,0.7970570202329859,3.0,0.29592629592629593,3379.2198049512376,-53.74884913466581,-12.794009673095974,1.2925820173649558,1838.8278388278386,-1.0,82.45250576640805,0.29708787756645116,
2023-07-31 13:46:00.524000,-9.27710843373494,-2.5542168674698797,0.30120481927710846,-2.5137952176578784,-9.273451870018393,0.7480073574494175,3.0,0.2954822954822955,3384.297520661157,-53.87098653924596,-10.335994405920403,0.8040323990443451,1946.5201465201465,-1.0,82.45250576640805,0.29707414486115785,
2023-07-31 13:46:00.532000,-9.289156626506024,-2.566265060240964,0.2530120481927711,-2.5358675659104843,-9.305334150827713,0.7063151440833844,3.0,0.2954822954822955,3384.297520661157,-53.932055241536034,-8.595536390653226,0.0406736204183909,2040.2930402930401,-1.0,82.45250576640805,0.2970603765270494,
2023-07-31 13:46:00.540000,-9.301204819277109,-2.63855421686747,0.18072289156626506,-2.5849172286940525,-9.285714285714285,0.6327406499080318,3.0,0.29592629592629593,3379.2198049512376,-53.68778043237573,-7.5726356272944475,-0.21886836431443352,2117.2161172161173,-1.0,82.45250576640805,0.2970465724377295,
2023-07-31 13:46:00.547000,-9.313253012048193,-2.626506024096386,0.10843373493975904,-2.5677498467198037,-9.27835683629675,0.5174739423666462,3.0,0.2954822954822955,3384.297520661157,-53.855719363673444,-7.190956237981471,-0.7074179826350442,2175.091575091575,-1.0,82.45250576640805,0.2970327328205289,
2023-07-31 13:46:00.555000,-9.361445783132531,-2.63855421686747,0.024096385542168676,-2.6020846106683013,-9.344573881054567,0.4438994481912937,3.0,0.29592629592629593,3379.2198049512376,-53.96258959268108,-7.328360818134143,-0.6921508070625251,2206.5934065934066,-1.0,82.45250576640805,0.2970188581074521,
2023-07-31 13:46:00.563000,-9.409638554216867,-2.6506024096385543,-0.03614457831325302,-2.658491722869405,-9.283261802575106,0.3973022685469037,3.0,0.29592629592629593,3379.2198049512376,-53.5045743255055,-8.168055474622692,-0.7684866849251205,2211.7216117216117,-1.0,82.45250576640805,0.2970049486374223,
2023-07-31 13:46:00.570000,-9.409638554216867,-2.662650602409639,-0.08433734939759037,-2.621704475781729,-9.334763948497853,0.3507050889025138,3.0,0.2954822954822955,3384.297520661157,-53.76411631023833,-8.839811199813532,-1.3333721811083266,2191.208791208791,-1.0,82.45250576640805,0.29699100497586994,
2023-07-31 13:46:00.578000,-9.44578313253012,-2.698795180722892,-0.13253012048192772,-2.6462293071735132,-9.413243408951564,0.30901287553648066,3.0,0.2954822954822955,3384.297520661157,-53.62671173008565,-9.969582192179944,-0.875356913932754,2151.6483516483513,-1.0,82.45250576640805,0.2969770276168194,
2023-07-31 13:46:00.586000,-9.46987951807229,-2.674698795180723,-0.16867469879518074,-2.6364193746167994,-9.452483139178417,0.24279583077866337,3.0,0.2954822954822955,3384.297520661157,-53.56564302779558,-11.6947730318746,-0.661616455917487,2093.040293040293,-1.0,82.45250576640805,0.29696301697226646,
2023-07-31 13:46:00.593000,-9.493975903614459,-2.674698795180723,-0.14457831325301207,-2.6879215205395464,-9.491722869405272,0.3016554261189454,3.0,0.2954822954822955,3384.297520661157,-53.44350562321542,-14.503933337218111,-0.5852805780548915,2019.0476190476188,-1.0,82.45250576640805,0.2969489736382541,
2023-07-31 13:46:00.601000,-9.518072289156628,-2.698795180722892,-0.1927710843373494,-2.675659104843654,-9.472103004291846,0.21827099938687922,3.0,0.2954822954822955,3384.297520661157,-53.51984150107802,-16.778742497523456,-0.44787599790221977,1932.6007326007325,-1.0,82.45250576640805,0.29693489824530445,
2023-07-31 13:46:00.609000,-9.493975903614459,-2.6867469879518073,-0.13253012048192772,-2.5947271612507663,-9.474555487431024,0.30901287553648066,3.0,0.2954822954822955,3384.297520661157,-53.39770409649787,-19.618437154012003,-0.49367752461977704,1841.7582417582416,704.7119140625,85.14117443270396,0.29692079145798855,
2023-07-31 13:46:00.616000,-9.493975903614459,-2.698795180722892,-0.14457831325301207,-2.6658491722869404,-9.491722869405272,0.32127529123237275,3.0,0.2954822954822955,3384.297520661157,-53.24503234077268,-22.00011654332498,-0.21886836431443352,1748.7179487179485,-1.0,85.14117443270396,0.2969066539743684,
2023-07-31 13:46:00.624000,-9.46987951807229,-2.6867469879518073,-0.12048192771084337,-2.65113427345187,-9.459840588595952,0.3850398528510116,3.0,0.2954822954822955,3384.297520661157,-53.153429287337566,-24.244391352485287,0.08647514713594814,1656.4102564102564,-1.0,85.14117443270396,0.29689248652533573,
2023-07-31 13:46:00.632000,-9.44578313253012,-2.698795180722892,-0.024096385542168676,-2.702636419374617,-9.40098099325567,0.4218270999386879,3.0,0.2954822954822955,3384.297520661157,-53.153429287337566,-25.725307383019636,0.20861255171610082,1570.6959706959706,-1.0,85.14117443270396,0.29687828973512936,
2023-07-31 13:46:00.639000,-9.397590361445783,-2.6867469879518073,-0.012048192771084338,-2.6560392397302266,-9.361741263028817,0.45861434702636417,3.0,0.2954822954822955,3384.297520661157,-52.68014684458947,-26.50393333721811,0.3154827807237344,1495.970695970696,-1.0,85.14117443270396,0.29686406414093613,
2023-07-31 13:46:00.647000,-9.3855421686747,-2.662650602409639,0.04819277108433735,-2.658491722869405,-9.327406499080318,0.5052115266707541,3.0,0.2954822954822955,3384.297520661157,-52.68014684458947,-26.839811199813532,0.3918186585863298,1433.6996336996335,-1.0,85.14117443270396,0.2968498104788379,
2023-07-31 13:46:00.655000,-9.325301204819278,-2.662650602409639,0.12048192771084337,-2.599632127529123,-9.290619251992641,0.568976088289393,3.0,0.2954822954822955,3384.297520661157,-52.603810966726876,-26.595536390653226,0.025406444845871817,1383.150183150183,-1.0,85.14117443270396,0.29683552966154475,
2023-07-31 13:46:00.662000,-9.325301204819278,-2.6867469879518073,0.16867469879518074,-2.641324340895156,-9.305334150827713,0.6499080318822807,3.0,0.2954822954822955,3384.297520661157,-52.603810966726876,-26.595536390653226,0.025406444845871817,1342.8571428571427,-1.0,85.14117443270396,0.2968212224900013,
2023-07-31 13:46:00.670000,-9.313253012048193,-2.6867469879518073,0.24096385542168675,-2.562844880441447,-9.273451870018393,0.6768853464132434,3.0,0.2954822954822955,3384.297520661157,-51.916788065963516,-25.939047841034906,0.10174232270846724,1309.89010989011,-1.0,85.14117443270396,0.29680688981222775,
2023-07-31 13:46:00.678000,-9.289156626506024,-2.674698795180723,0.2530120481927711,-2.609442060085837,-9.258736971183323,0.7553648068669527,3.0,0.2954822954822955,3384.297520661157,-51.44350562321543,-24.58026921508071,-0.035662257444204516,1282.051282051282,-1.0,85.14117443270396,0.29679253265072914,
2023-07-31 13:46:00.685000,-9.27710843373494,-2.662650602409639,0.3253012048192771,-2.621704475781729,-9.226854690374003,0.7431023911710607,3.0,0.2954822954822955,3384.297520661157,-51.00075753161237,-22.778742497523456,-0.29520424217702895,1260.07326007326,-1.0,85.14117443270396,0.2967781520533003,
2023-07-31 13:46:00.693000,-9.27710843373494,-2.6506024096385543,0.3132530120481928,-2.570202329858982,-9.241569589209075,0.7553648068669527,3.0,0.2950382950382951,3389.3905191873587,-50.69541402016199,-20.839811199813532,-1.058563020802983,1238.8278388278388,-1.0,85.14117443270396,0.2967637490932453,
2023-07-31 13:46:00.701000,-9.27710843373494,-2.63855421686747,0.3253012048192771,-2.629061925199264,-9.244022072348253,0.7676272225628449,3.0,0.2954822954822955,3384.297520661157,-49.94732241710856,-18.748208146378417,-1.1196317230930595,1221.9780219780218,-1.0,85.14117443270396,0.29674932472044235,
2023-07-31 13:46:00.708000,-9.27710843373494,-2.626506024096386,0.3373493975903615,-2.6069895769466584,-9.24892703862661,0.7553648068669527,3.0,0.2954822954822955,3384.297520661157,-49.38243692092535,-16.641337917370784,-1.4860439368335174,1205.8608058608058,-1.0,85.14117443270396,0.29673487988927066,
2023-07-31 13:46:00.716000,-9.253012048192772,-2.63855421686747,0.30120481927710846,-2.6266094420600856,-9.209687308399754,0.7651747394236664,3.0,0.2954822954822955,3384.297520661157,-49.38243692092535,-14.53446768836315,-1.6234485169861892,1192.6739926739926,-1.0,85.14117443270396,0.2967204157182223,
2023-07-31 13:46:00.724000,-9.265060240963855,-2.626506024096386,0.3132530120481928,-2.570202329858982,-9.236664622930716,0.7553648068669527,3.0,0.2950382950382951,3389.3905191873587,-49.09236058504749,-12.595536390653226,-1.928792028436571,1181.6849816849815,-1.0,85.14117443270396,0.2967059333518127,
2023-07-31 13:46:00.731000,-9.313253012048193,-2.63855421686747,0.28915662650602414,-2.5775597792765175,-9.239117106069894,0.6866952789699571,3.0,0.2950382950382951,3389.3905191873587,-49.12289493619252,-10.626070741798264,-2.5547462269098533,1172.8937728937728,-1.0,85.14117443270396,0.29669143381214014,
2023-07-31 13:46:00.739000,-9.349397590361447,-2.674698795180723,0.21686746987951808,-2.6903740036787247,-9.378908645003065,0.6744328632740649,3.0,0.2954822954822955,3384.297520661157,-48.57327661558184,-9.71004020744712,-2.402074471184662,1169.230769230769,-1.0,85.14117443270396,0.29667691797805806,
2023-07-31 13:46:00.747000,-9.397590361445783,-2.6867469879518073,0.20481927710843376,-2.6143470263641935,-9.381361128142244,0.627835683629675,3.0,0.2950382950382951,3389.3905191873587,-48.06945982168871,-9.20622341355399,-2.646349280344968,1170.6959706959706,-1.0,85.14117443270396,0.29666238687278784,
2023-07-31 13:46:00.754000,-9.409638554216867,-2.662650602409639,0.20481927710843376,-2.6462293071735132,-9.383813611281422,0.6548129981606376,3.0,0.2945942945942946,3394.4988696307455,-47.74884913466581,-9.450498222714295,-2.4326088223297004,1173.6263736263736,-1.0,85.14117443270396,0.29664784153609247,
2023-07-31 13:46:00.762000,-9.421686746987952,-2.662650602409639,0.1927710843373494,-2.6020846106683013,-9.351931330472102,0.627835683629675,3.0,0.2950382950382951,3389.3905191873587,-47.21449798962764,-9.618437154012005,-2.6158149291999298,1184.6153846153845,-1.0,85.14117443270396,0.29663328285442125,
2023-07-31 13:46:00.769000,-9.409638554216867,-2.674698795180723,0.16867469879518074,-2.587369711833231,-9.378908645003065,0.6327406499080318,3.0,0.2950382950382951,3389.3905191873587,-46.77174989802459,-10.229124176912768,-2.661616455917487,1200.0,-1.0,85.14117443270396,0.2966187118065558,
2023-07-31 13:46:00.777000,-9.397590361445783,-2.674698795180723,0.13253012048192772,-2.616799509503372,-9.3862660944206,0.6033108522378908,3.0,0.2954822954822955,3384.297520661157,-46.970223180467336,-11.175689062408951,-2.310471417749548,1217.5824175824175,-1.0,85.14117443270396,0.2966041294744596,
2023-07-31 13:46:00.785000,-9.3855421686747,-2.6867469879518073,0.1566265060240964,-2.6732066217044754,-9.364193746167995,0.5665236051502146,3.0,0.2950382950382951,3389.3905191873587,-46.64961249344444,-11.572635627294448,-2.4326088223297004,1238.095238095238,-1.0,85.14117443270396,0.2965895370546993,
2023-07-31 13:46:00.792000,-9.397590361445783,-2.710843373493976,0.16867469879518074,-2.692826486817903,-9.391171060698957,0.6180257510729613,3.0,0.2950382950382951,3389.3905191873587,-46.58854379115436,-11.984849367752464,-2.4326088223297004,1259.3406593406592,-1.0,85.14117443270396,0.29657493573178134,
2023-07-31 13:46:00.800000,-9.397590361445783,-2.698795180722892,0.16867469879518074,-2.705088902513795,-9.35683629675046,0.6597179644389944,3.0,0.2950382950382951,3389.3905191873587,-46.08472699726123,-13.129887535691394,-2.2341355398869527,1281.3186813186812,-1.0,85.14117443270396,0.29656032638110086,
2023-07-31 13:46:00.808000,-9.349397590361447,-2.698795180722892,0.1927710843373494,-2.6854690374003676,-9.349478847332923,0.6253832004904966,3.0,0.2950382950382951,3389.3905191873587,-46.25266592855894,-13.6947730318746,-2.0509294330167234,1304.7619047619046,-1.0,85.14117443270396,0.2965457097287958,
2023-07-31 13:46:00.815000,-9.373493975903616,-2.698795180722892,0.1566265060240964,-2.621704475781729,-9.396076026977314,0.6523605150214592,3.0,0.2950382950382951,3389.3905191873587,-45.77938348581085,-13.908513489889868,-2.0356622574442045,1329.6703296703297,-1.0,85.14117443270396,0.29653108650036797,
2023-07-31 13:46:00.823000,-9.349397590361447,-2.710843373493976,0.16867469879518074,-2.658491722869405,-9.342121397915388,0.6229307173513182,3.0,0.2950382950382951,3389.3905191873587,-45.794650661383365,-14.259658528057807,-2.096730959734281,1352.3809523809523,-1.0,85.14117443270396,0.2965164575588806,
2023-07-31 13:46:00.831000,-9.301204819277109,-2.710843373493976,0.21686746987951808,-2.65113427345187,-9.261189454322501,0.6940527283874923,3.0,0.2950382950382951,3389.3905191873587,-45.19923081405512,-14.610803566225746,-1.928792028436571,1369.9633699633698,-1.0,85.14117443270396,0.29650182388416,
2023-07-31 13:46:00.838000,-9.325301204819278,-2.6867469879518073,0.24096385542168675,-2.6535867565910483,-9.376456161863887,0.6989576946658491,3.0,0.2950382950382951,3389.3905191873587,-45.36716974535283,-14.88561272653109,-1.6234485169861892,1383.150183150183,-1.0,85.14117443270396,0.2964871864245313,
2023-07-31 13:46:00.846000,-9.301204819277109,-2.6867469879518073,0.24096385542168675,-2.6683016554261187,-9.246474555487431,0.7308399754751685,3.0,0.2950382950382951,3389.3905191873587,-44.90915447817726,-14.229124176912768,-1.9135248528640518,1392.6739926739926,-1.0,85.14117443270396,0.2964725460978155,
2023-07-31 13:46:00.854000,-9.337349397590362,-2.674698795180723,0.27710843373493976,-2.6364193746167994,-9.297976701410178,0.7087676272225628,3.0,0.2950382950382951,3389.3905191873587,-44.69541402016199,-13.481032573859332,-1.4707767612609983,1398.5347985347985,-1.0,85.14117443270396,0.29645790379230147,
2023-07-31 13:46:00.861000,-9.361445783132531,-2.674698795180723,0.27710843373493976,-2.658491722869405,-9.312691600245248,0.7210300429184548,3.0,0.2950382950382951,3389.3905191873587,-44.72594837130703,-13.114620360118876,-1.0890973719480213,1402.9304029304028,-1.0,85.14117443270396,0.2964432603677085,
2023-07-31 13:46:00.869000,-9.337349397590362,-2.6867469879518073,0.2530120481927711,-2.6020846106683013,-9.266094420600858,0.8191293684855916,3.0,0.2950382950382951,3389.3905191873587,-44.46640638657421,-12.442864634928036,-1.4707767612609983,1402.9304029304028,-1.0,85.14117443270396,0.2964286166561542,
2023-07-31 13:46:00.877000,-9.337349397590362,-2.674698795180723,0.28915662650602414,-2.6069895769466584,-9.312691600245248,0.7234825260576333,3.0,0.2950382950382951,3389.3905191873587,-44.420604859856645,-12.000116543324982,-1.5471126391235939,1394.139194139194,-1.0,85.14117443270396,0.29641397346313947,
2023-07-31 13:46:00.884000,-9.337349397590362,-2.674698795180723,0.26506024096385544,-2.6732066217044754,-9.317596566523605,0.7112201103617413,3.0,0.2950382950382951,3389.3905191873587,-44.58854379115436,-11.481032573859332,-1.8371889750014563,1380.952380952381,-1.0,85.14117443270396,0.2963993315685686,
2023-07-31 13:46:00.892000,-9.325301204819278,-2.674698795180723,0.26506024096385544,-2.680564071122011,-9.32495401594114,0.7136725935009196,3.0,0.2950382950382951,3389.3905191873587,-44.420604859856645,-11.786376085309715,-1.8982576772915327,1362.6373626373625,-1.0,85.14117443270396,0.29638469172781706,
2023-07-31 13:46:00.900000,-9.313253012048193,-2.710843373493976,0.26506024096385544,-2.7173513182096873,-9.26364193746168,0.7234825260576333,3.0,0.2950382950382951,3389.3905191873587,-44.420604859856645,-11.877979138744829,-2.0051279062991663,1342.1245421245421,-1.0,85.14117443270396,0.2963700546728615,
2023-07-31 13:46:00.907000,-9.289156626506024,-2.698795180722892,0.22891566265060243,-2.6364193746167994,-9.31023911710607,0.7112201103617413,3.0,0.2945942945942946,3394.4988696307455,-44.39007050871161,-11.954315016607424,-1.60818134141367,1317.9487179487178,-1.0,85.14117443270396,0.2963554211134926,
2023-07-31 13:46:00.915000,-9.313253012048193,-2.710843373493976,0.20481927710843376,-2.670754138565297,-9.261189454322501,0.7185775597792765,3.0,0.2950382950382951,3389.3905191873587,-44.40533768428413,-11.847444787599791,-1.5623798146961128,1295.2380952380952,-1.0,85.14117443270396,0.2963407917280727,
2023-07-31 13:46:00.923000,-9.349397590361447,-2.710843373493976,0.22891566265060243,-2.6683016554261187,-9.366646229307173,0.6302881667688535,3.0,0.2950382950382951,3389.3905191873587,-44.481673562146725,-12.061185245615059,-1.1654332498106166,1274.7252747252746,-1.0,85.14117443270396,0.29632616713323806,
2023-07-31 13:46:00.930000,-9.349397590361447,-2.710843373493976,0.18072289156626506,-2.700183936235438,-9.285714285714285,0.6253832004904966,3.0,0.2950382950382951,3389.3905191873587,-44.39007050871161,-12.091719596760097,-1.0738301963755021,1257.8754578754579,-1.0,85.14117443270396,0.29631154791675696,
2023-07-31 13:46:00.938000,-9.337349397590362,-2.7228915662650603,0.18072289156626506,-2.7369711833231145,-9.261189454322501,0.6940527283874923,3.0,0.2950382950382951,3389.3905191873587,-44.542742264436804,-12.519200512790631,-1.043295845230464,1240.2930402930401,-1.0,85.14117443270396,0.2962969346493603,
2023-07-31 13:46:00.946000,-9.313253012048193,-2.7228915662650603,0.18072289156626506,-2.6732066217044754,-9.361741263028817,0.6204782342121398,3.0,0.2950382950382951,3389.3905191873587,-44.542742264436804,-12.519200512790631,-1.043295845230464,1225.6410256410256,-1.0,85.14117443270396,0.29628232788618525,
2023-07-31 13:46:00.953000,-9.337349397590362,-2.734939759036145,0.18072289156626506,-2.6781115879828326,-9.351931330472102,0.6842427958307786,3.0,0.2950382950382951,3389.3905191873587,-44.14579569955131,-12.305460054775363,-0.7837538604976396,1213.9194139194137,-1.0,85.14117443270396,0.2962677281683904,
2023-07-31 13:46:00.961000,-9.349397590361447,-2.710843373493976,0.1927710843373494,-2.7148988350705086,-9.344573881054567,0.6082158185162476,3.0,0.2950382950382951,3389.3905191873587,-44.45113921100169,-12.412330283782998,-0.2341355398869526,1206.5934065934066,-1.0,85.14117443270396,0.29625313602495607,
2023-07-31 13:46:00.969000,-9.337349397590362,-2.710843373493976,0.1927710843373494,-2.734518700183936,-9.312691600245248,0.6916002452483139,3.0,0.2950382950382951,3389.3905191873587,-43.96258959268108,-12.763475321950937,-0.06619660858924269,1202.197802197802,-1.0,85.14117443270396,0.2962385519746855,
2023-07-31 13:46:00.976000,-9.361445783132531,-2.710843373493976,0.14457831325301207,-2.6069895769466584,-9.378908645003065,0.5910484365419988,3.0,0.2945942945942946,3394.4988696307455,-43.87098653924596,-13.3741623448517,0.11700949828098632,1202.9304029304028,-1.0,85.14117443270396,0.2962239765284143,
2023-07-31 13:46:00.984000,-9.349397590361447,-2.674698795180723,0.1566265060240964,-2.599632127529123,-9.374003678724709,0.6302881667688535,3.0,0.2950382950382951,3389.3905191873587,-43.44350562321543,-13.52683410057689,0.42235300973136797,1205.128205128205,-1.0,85.14117443270396,0.2962094100421477,
2023-07-31 13:46:00.992000,-9.373493975903616,-2.674698795180723,0.16867469879518074,-2.633966891477621,-9.361741263028817,0.5910484365419988,3.0,0.2945942945942946,3394.4988696307455,-43.45877279878795,-14.381795932637958,0.46815453644892524,1207.3260073260074,-1.0,85.14117443270396,0.29619485284713537,
2023-07-31 13:46:00.999000,-9.337349397590362,-2.674698795180723,0.18072289156626506,-2.6486817903126916,-9.31023911710607,0.640098099325567,3.0,0.2945942945942946,3394.4988696307455,-43.30610104306275,-14.656605092943302,0.1322766738535054,1210.2564102564102,-1.0,85.14117443270396,0.29618030526240646,
2023-07-31 13:46:01.007000,-9.373493975903616,-2.662650602409639,0.16867469879518074,-2.582464745554874,-9.374003678724709,0.6670754138565297,3.0,0.2945942945942946,3394.4988696307455,-42.83281860031466,-15.03828448225628,0.8956354524794595,1215.3846153846152,-1.0,85.14117443270396,0.2961657674370867,
2023-07-31 13:46:01.015000,-9.397590361445783,-2.6506024096385543,0.21686746987951808,-2.629061925199264,-9.327406499080318,0.6474555487431024,3.0,0.2945942945942946,3394.4988696307455,-42.39007050871161,-15.557368451721928,0.8040323990443451,1221.245421245421,-1.0,85.14117443270396,0.29615123949065136,
2023-07-31 13:46:01.022000,-9.409638554216867,-2.6506024096385543,0.24096385542168675,-2.6266094420600856,-9.3862660944206,0.6891477621091354,3.0,0.2945942945942946,3394.4988696307455,-42.43587203542916,-14.809276848668494,0.42235300973136797,1227.8388278388277,-1.0,85.14117443270396,0.2961367215144887,
2023-07-31 13:46:01.030000,-9.493975903614459,-2.710843373493976,0.2530120481927711,-2.7198038013488657,-9.540772532188841,0.745554874310239,3.0,0.2945942945942946,3394.4988696307455,-42.02365829497115,-14.748208146378417,0.4834217120214443,1234.4322344322343,-1.0,85.14117443270396,0.29612221357354057,
2023-07-31 13:46:01.038000,-9.481927710843374,-2.63855421686747,0.28915662650602414,-2.5260576333537705,-9.415695892090742,0.6891477621091354,3.0,0.2945942945942946,3394.4988696307455,-42.05419264611619,-17.587902802866967,0.11700949828098632,1241.0256410256409,-1.0,85.14117443270396,0.2961077157080177,
2023-07-31 13:46:01.045000,-9.337349397590362,-2.734939759036145,0.3253012048192771,-2.781115879828326,-9.150827713059472,0.7234825260576333,3.0,0.2945942945942946,3394.4988696307455,-42.099994172833746,-15.175689062408951,-0.310471417749548,1246.8864468864467,-1.0,85.14117443270396,0.29609322793520493,
2023-07-31 13:46:01.053000,-9.265060240963855,-2.843373493975904,0.26506024096385544,-2.7835683629675043,-9.185162477007971,0.7357449417535254,3.0,0.2945942945942946,3394.4988696307455,-43.62671173008565,-12.70240661966086,-3.409708058970922,1254.212454212454,-1.0,85.14117443270396,0.2960787502513608,
2023-07-31 13:46:01.061000,-9.301204819277109,-2.879518072289157,0.22891566265060243,-2.810545677498467,-9.251379521765788,0.733292458614347,3.0,0.2941502941502942,3399.6226415094334,-44.14579569955131,-14.473398986073073,-4.27993706660451,1260.8058608058607,-1.0,85.14117443270396,0.29606428263371565,
2023-07-31 13:46:01.068000,-9.144578313253012,-2.7951807228915664,0.30120481927710846,-2.6658491722869404,-9.074800735744942,0.8142244022072348,3.0,0.2945942945942946,3394.4988696307455,-43.03129188275741,-16.717673795233377,-4.61581492919993,1271.062271062271,-1.0,85.14117443270396,0.2960498250320365,
2023-07-31 13:46:01.076000,-8.987951807228916,-2.63855421686747,0.2530120481927711,-2.5088902513795217,-9.006131207847945,0.7234825260576333,3.0,0.2945942945942946,3394.4988696307455,-42.19159722626886,-13.893246314317349,-3.8982576772915327,1279.8534798534797,-1.0,85.14117443270396,0.2960353774778831,
2023-07-31 13:46:01.084000,-9.012048192771084,-2.5903614457831328,0.14457831325301207,-2.4573881054567748,-9.057633353770692,0.6376456161863887,3.0,0.2945942945942946,3394.4988696307455,-41.33663539420779,-10.748208146378417,-1.211234776528174,1287.179487179487,-1.0,85.14117443270396,0.29602094009789015,
2023-07-31 13:46:01.091000,-9.204819277108435,-2.626506024096386,0.060240963855421686,-2.621704475781729,-9.285714285714285,0.5027590435315757,3.0,0.2945942945942946,3394.4988696307455,-41.09236058504749,-7.801643260882234,1.2467804906473985,1292.3076923076922,-1.0,85.14117443270396,0.29600651283964635,
2023-07-31 13:46:01.099000,-9.397590361445783,-2.6506024096385543,0.0,-2.550582464745555,-9.469650521152667,0.4414469650521152,3.0,0.2945942945942946,3394.4988696307455,-40.20686440184138,-7.603169978439486,1.8574675135481618,1294.5054945054944,-1.0,85.14117443270396,0.29599209549538585,
2023-07-31 13:46:01.107000,-9.518072289156628,-2.5783132530120483,0.060240963855421686,-2.5162477007970567,-9.587369711833231,0.5199264255058246,3.0,0.2945942945942946,3394.4988696307455,-39.290833867490235,-9.282559291416586,2.2238797272886197,1295.970695970696,-1.0,85.14117443270396,0.29597768799198876,
2023-07-31 13:46:01.114000,-9.602409638554217,-2.5180722891566267,0.13253012048192772,-2.4868179031269158,-9.719803801348865,0.6131207847946045,3.0,0.2945942945942946,3394.4988696307455,-38.40533768428413,-12.320727230347883,2.1475438494260244,1298.9010989010987,-1.0,85.14117443270396,0.29596329037270386,
2023-07-31 13:46:01.122000,-9.650602409638555,-2.5180722891566267,0.22891566265060243,-2.447578172900061,-9.6364193746168,0.7308399754751685,3.0,0.2945942945942946,3394.4988696307455,-37.840452188100926,-14.641337917370784,2.025406444845872,1301.098901098901,-1.0,85.14117443270396,0.2959489026514183,
2023-07-31 13:46:01.130000,-9.626506024096386,-2.566265060240964,0.3132530120481928,-2.5260576333537705,-9.594727161250766,0.7946045370938074,3.0,0.2945942945942946,3394.4988696307455,-37.38243692092535,-17.129887535691395,1.9948720937008335,1301.8315018315018,-1.0,85.14117443270396,0.29593452481618826,
2023-07-31 13:46:01.137000,-9.602409638554217,-2.626506024096386,0.3614457831325301,-2.553034947884733,-9.575107296137338,0.8632740649908032,3.0,0.2945942945942946,3394.4988696307455,-36.40533768428413,-18.763475321950935,1.7963988112580855,1302.5641025641025,-1.0,85.14117443270396,0.2959201568327413,
2023-07-31 13:46:01.145000,-9.566265060240964,-2.5783132530120483,0.3855421686746988,-2.5162477007970567,-9.530962599632128,0.8559166155732679,3.0,0.2945942945942946,3394.4988696307455,-35.71831478352077,-19.572635627294446,1.4147194219451085,1301.098901098901,-1.0,85.14117443270396,0.29590579864796196,
2023-07-31 13:46:01.152000,-9.481927710843374,-2.5542168674698797,0.4096385542168675,-2.4671980380134886,-9.445125689760882,0.8755364806866952,3.0,0.2945942945942946,3394.4988696307455,-35.24503234077268,-18.931414253248647,0.5139560631664825,1298.168498168498,-1.0,85.14117443270396,0.2958914501933644,
2023-07-31 13:46:01.160000,-9.433734939759036,-2.5301204819277108,0.42168674698795183,-2.4377682403433476,-9.364193746167995,0.8485591661557327,3.0,0.2945942945942946,3394.4988696307455,-35.07709340947497,-17.313093642561622,0.7734980478993069,1294.5054945054944,-1.0,85.14117443270396,0.29587711138856154,
2023-07-31 13:46:01.168000,-9.349397590361447,-2.4819277108433737,0.42168674698795183,-2.430410790925812,-9.214592274678111,0.8657265481299815,3.0,0.2945942945942946,3394.4988696307455,-35.13816211176505,-14.748208146378417,0.9872385059145741,1290.10989010989,-1.0,85.14117443270396,0.2958627821447383,
2023-07-31 13:46:01.175000,-9.253012048192772,-2.5542168674698797,0.3493975903614458,-2.5260576333537705,-9.177805027590434,0.8166768853464133,3.0,0.2945942945942946,3394.4988696307455,-35.13816211176505,-11.572635627294448,0.3154827807237344,1282.7838827838827,-1.0,85.14117443270396,0.29584846236813755,
2023-07-31 13:46:01.183000,-9.19277108433735,-2.602409638554217,0.3132530120481928,-2.5775597792765175,-9.145922746781116,0.8117719190680563,3.0,0.2945942945942946,3394.4988696307455,-34.619078142299394,-7.984849367752463,0.6208262921741161,1274.7252747252746,-1.0,85.14117443270396,0.29583415196356866,
2023-07-31 13:46:01.191000,-9.132530120481928,-2.602409638554217,0.3132530120481928,-2.560392397302268,-9.084610668301655,0.7749846719803801,3.0,0.2945942945942946,3394.4988696307455,-33.8251850125284,-4.88561272653109,0.6666278188916733,1270.3296703296703,-1.0,85.14117443270396,0.2958198508379431,
2023-07-31 13:46:01.198000,-9.168674698795181,-2.602409638554217,0.26506024096385544,-2.5358675659104843,-9.111587982832617,0.7087676272225628,3.0,0.2945942945942946,3394.4988696307455,-33.32136821863527,-1.9695821921799443,0.5750247654565588,1271.7948717948716,-1.0,85.14117443270396,0.2958055589038482,
2023-07-31 13:46:01.206000,-9.216867469879519,-2.5421686746987953,0.22891566265060243,-2.550582464745555,-9.175352544451256,0.7259350091968118,3.0,0.2941502941502942,3399.6226415094334,-32.20686440184138,-0.045918070042539824,0.05594079599090998,1284.2490842490843,-1.0,85.14117443270396,0.2957912760831671,
2023-07-31 13:46:01.214000,-9.228915662650603,-2.5542168674698797,0.1566265060240964,-2.5039852851011646,-9.15328019619865,0.6131207847946045,3.0,0.2941502941502942,3399.6226415094334,-32.17633005069634,1.4502651360643304,-1.1654332498106166,1310.6227106227104,-1.0,85.14117443270396,0.2957770021614542,
2023-07-31 13:46:01.221000,-9.240963855421688,-2.5903614457831328,0.10843373493975904,-2.5015328019619862,-9.229307173513181,0.5419987737584304,3.0,0.2941502941502942,3399.6226415094334,-32.17633005069634,1.4502651360643304,-1.1654332498106166,1356.7765567765566,-1.0,85.14117443270396,0.2957627369085366,
2023-07-31 13:46:01.229000,-9.265060240963855,-2.602409638554217,0.03614457831325302,-2.5358675659104843,-9.273451870018393,0.463519313304721,3.0,0.2941502941502942,3399.6226415094334,-31.779383485810847,2.1678223879727274,-1.8982576772915327,1422.7106227106226,-1.0,85.14117443270396,0.2957484801989878,
2023-07-31 13:46:01.237000,-9.337349397590362,-2.602409638554217,-0.012048192771084338,-2.587369711833231,-9.344573881054567,0.4757817290006131,3.0,0.2945942945942946,3394.4988696307455,-31.168696462910084,1.770875823087231,-2.1730668375968762,1509.1575091575091,-1.0,85.14117443270396,0.2957342317273718,
2023-07-31 13:46:01.244000,-9.433734939759036,-2.6144578313253013,-0.03614457831325302,-2.5849172286940525,-9.423053341508277,0.42918454935622313,3.0,0.2941502941502942,3399.6226415094334,-30.756482722452066,0.6411048307208189,-2.508944700192296,1610.2564102564102,-1.0,85.14117443270396,0.29571999118089987,
2023-07-31 13:46:01.252000,-9.506024096385543,-2.6506024096385543,-0.04819277108433735,-2.621704475781729,-9.486817903126916,0.3041079092581238,3.0,0.2941502941502942,3399.6226415094334,-30.512207913291764,-1.358895169279181,-2.646349280344968,1719.4139194139193,-1.0,85.14117443270396,0.2957057582627022,
2023-07-31 13:46:01.260000,-9.530120481927712,-2.6506024096385543,-0.08433734939759037,-2.592274678111588,-9.52851011649295,0.33353770692826484,3.0,0.2941502941502942,3399.6226415094334,-29.88625371481848,-4.091719596760097,-2.570013402482372,1829.3040293040292,-1.0,85.14117443270396,0.29569153253420966,
2023-07-31 13:46:01.267000,-9.55421686746988,-2.63855421686747,-0.060240963855421686,-2.6732066217044754,-9.523605150214593,0.3948497854077253,3.0,0.2941502941502942,3399.6226415094334,-29.519841501078023,-6.626070741798265,-2.3715401200396244,1934.065934065934,-1.0,85.14117443270396,0.2956773135553517,
2023-07-31 13:46:01.275000,-9.518072289156628,-2.662650602409639,-0.012048192771084338,-2.540772532188841,-9.467198038013489,0.4512568976088289,3.0,0.2945942945942946,3394.4988696307455,-29.07709340947497,-9.908513489889868,-2.27993706660451,2024.9084249084249,-1.0,85.14117443270396,0.2956631008859616,
2023-07-31 13:46:01.283000,-9.493975903614459,-2.6506024096385543,-0.012048192771084338,-2.5775597792765175,-9.481912936848559,0.4904966278356836,3.0,0.2941502941502942,3399.6226415094334,-28.26793310413146,-12.106986772332617,-2.4173416467571816,2098.168498168498,-1.0,85.14117443270396,0.29564889423644763,
2023-07-31 13:46:01.290000,-9.44578313253012,-2.6144578313253013,0.024096385542168676,-2.575107296137339,-9.396076026977314,0.551808706315144,3.0,0.2945942945942946,3394.4988696307455,-27.672513256803214,-13.954315016607424,-1.8982576772915327,2147.9853479853477,-1.0,85.14117443270396,0.29563469334174425,
2023-07-31 13:46:01.298000,-9.3855421686747,-2.63855421686747,0.10843373493975904,-2.5383200490496627,-9.351931330472102,0.568976088289393,3.0,0.2941502941502942,3399.6226415094334,-27.489307149932984,-14.809276848668494,-1.592914165841151,2174.358974358974,-1.0,85.14117443270396,0.29562049809179686,
2023-07-31 13:46:01.306000,-9.337349397590362,-2.662650602409639,0.1927710843373494,-2.611894543225015,-9.253832004904966,0.6768853464132434,3.0,0.2941502941502942,3399.6226415094334,-26.664879669016955,-14.961948604393685,-1.043295845230464,2173.6263736263736,-1.0,85.14117443270396,0.29560630838535307,
2023-07-31 13:46:01.313000,-9.301204819277109,-2.6506024096385543,0.21686746987951808,-2.5358675659104843,-9.234212139791538,0.6965052115266707,3.0,0.2945942945942946,3394.4988696307455,-26.26793310413146,-14.565002039508189,-1.2723034788182503,2150.1831501831502,-1.0,85.14117443270396,0.2955921238450376,
2023-07-31 13:46:01.321000,-9.27710843373494,-2.626506024096386,0.24096385542168675,-2.533415082771306,-9.224402207234824,0.745554874310239,3.0,0.2941502941502942,3399.6226415094334,-24.954956004894818,-13.358895169279181,-1.5318454635510748,2104.7619047619046,-1.0,85.14117443270396,0.29557794439510027,
2023-07-31 13:46:01.329000,-9.301204819277109,-2.626506024096386,0.28915662650602414,-2.570202329858982,-9.23175965665236,0.7602697731453096,3.0,0.2941502941502942,3399.6226415094334,-24.42060485985665,-11.664238680729563,-1.3639065322533648,2041.7582417582416,-1.0,85.14117443270396,0.295563769976586,
2023-07-31 13:46:01.336000,-9.265060240963855,-2.602409638554217,0.28915662650602414,-2.5432250153280194,-9.226854690374003,0.7357449417535254,3.0,0.2945942945942946,3394.4988696307455,-23.71831478352077,-10.519200512790631,-1.5318454635510748,1965.5677655677655,720.03173828125,83.32966008307197,0.2955496002625682,
2023-07-31 13:46:01.344000,-9.301204819277109,-2.566265060240964,0.3253012048192771,-2.5039852851011646,-9.300429184549357,0.7725321888412017,3.0,0.2941502941502942,3399.6226415094334,-22.313734630849016,-8.610803566225746,-1.44024241011596,1879.120879120879,-1.0,83.32966008307197,0.29553543509733565,
2023-07-31 13:46:01.352000,-9.349397590361447,-2.5542168674698797,0.3253012048192771,-2.530962599632127,-9.31023911710607,0.8044144696505211,3.0,0.2941502941502942,3399.6226415094334,-21.947322417108555,-7.175689062408952,-1.44024241011596,1786.8131868131868,-1.0,83.32966008307197,0.29552127437090864,
2023-07-31 13:46:01.359000,-9.337349397590362,-2.566265060240964,0.3373493975903615,-2.5039852851011646,-9.266094420600858,0.7896995708154506,3.0,0.2941502941502942,3399.6226415094334,-21.2602995163452,-5.71004020744712,-1.44024241011596,1695.2380952380952,-1.0,83.32966008307197,0.2955071180008743,
2023-07-31 13:46:01.367000,-9.337349397590362,-2.5903614457831328,0.27710843373493976,-2.5088902513795217,-9.305334150827713,0.7234825260576333,3.0,0.29370629370629375,3404.7619047619046,-20.57327661558184,-3.9848493677524632,-1.6387156925587083,1605.8608058608058,-1.0,83.32966008307197,0.29549296605306385,
2023-07-31 13:46:01.375000,-9.349397590361447,-2.5542168674698797,0.24096385542168675,-2.5088902513795217,-9.317596566523605,0.6768853464132434,3.0,0.29370629370629375,3404.7619047619046,-19.504574325505505,-2.5344676883631503,-1.4707767612609983,1524.5421245421244,-1.0,83.32966008307197,0.2954788184466736,
2023-07-31 13:46:01.382000,-9.3855421686747,-2.63855421686747,0.24096385542168675,-2.6266094420600856,-9.320049049662783,0.640098099325567,3.0,0.2941502941502942,3399.6226415094334,-19.21449798962764,-1.1146203601188756,-1.8524561505739754,1449.084249084249,-1.0,83.32966008307197,0.29546467493599843,
2023-07-31 13:46:01.390000,-9.3855421686747,-2.602409638554217,0.16867469879518074,-2.5358675659104843,-9.351931330472102,0.6744328632740649,3.0,0.2941502941502942,3399.6226415094334,-18.680146844589473,-0.2443913524852879,-2.402074471184662,1378.7545787545787,-1.0,83.32966008307197,0.2954505352615538,
2023-07-31 13:46:01.398000,-9.397590361445783,-2.5783132530120483,0.1927710843373494,-2.5898221949724096,-9.33966891477621,0.5714285714285714,3.0,0.2941502941502942,3399.6226415094334,-17.153429287337566,1.022784220033796,-2.2036011887419145,1317.216117216117,-1.0,83.32966008307197,0.29543639933263244,
2023-07-31 13:46:01.405000,-9.397590361445783,-2.602409638554217,0.10843373493975904,-2.4843654199877374,-9.410790925812385,0.5714285714285714,3.0,0.2941502941502942,3399.6226415094334,-17.000757531612376,1.4197307849192922,-2.5547462269098533,1268.131868131868,-1.0,83.32966008307197,0.29542226708039415,
2023-07-31 13:46:01.413000,-9.3855421686747,-2.5903614457831328,0.10843373493975904,-2.499080318822808,-9.35683629675046,0.5321888412017167,3.0,0.2941502941502942,3399.6226415094334,-15.672513256803214,1.770875823087231,-2.127265310879319,1226.3736263736264,-1.0,83.32966008307197,0.29540813847080705,
2023-07-31 13:46:01.421000,-9.409638554216867,-2.6144578313253013,0.04819277108433735,-2.570202329858982,-9.349478847332923,0.5174739423666462,3.0,0.2941502941502942,3399.6226415094334,-15.672513256803214,0.9617155177437197,-2.508944700192296,1190.4761904761904,-1.0,83.32966008307197,0.29539401363531004,
2023-07-31 13:46:01.428000,-9.409638554216867,-2.6144578313253013,0.024096385542168676,-2.499080318822808,-9.359288779889638,0.510116492949111,3.0,0.2941502941502942,3399.6226415094334,-14.222131577413903,0.16782238797272733,-2.3410057688945862,1161.1721611721612,-1.0,83.32966008307197,0.29537989272471704,
2023-07-31 13:46:01.436000,-9.3855421686747,-2.63855421686747,0.03614457831325302,-2.6266094420600856,-9.381361128142244,0.5027590435315757,3.0,0.29370629370629375,3404.7619047619046,-13.977856768253597,-0.7482081463784177,-2.142532486451838,1139.194139194139,-1.0,83.32966008307197,0.2953657759123674,
2023-07-31 13:46:01.444000,-9.397590361445783,-2.63855421686747,0.060240963855421686,-2.521152667075414,-9.374003678724709,0.568976088289393,3.0,0.2941502941502942,3399.6226415094334,-13.046559058329933,-1.4504982227142955,-2.4326088223297004,1121.6117216117216,-1.0,83.32966008307197,0.2953516632479441,
2023-07-31 13:46:01.451000,-9.361445783132531,-2.6144578313253013,0.07228915662650603,-2.6486817903126916,-9.268546903740036,0.48068669527896996,3.0,0.29370629370629375,3404.7619047619046,-12.43587203542917,-2.0917195967600968,-2.508944700192296,1109.1575091575091,-1.0,83.32966008307197,0.29533755478796625,
2023-07-31 13:46:01.459000,-9.3855421686747,-2.5903614457831328,0.060240963855421686,-2.4549356223175964,-9.369098712446352,0.5297363580625383,3.0,0.29370629370629375,3404.7619047619046,-11.733581959093291,-2.5650020395081885,-2.737952333780082,1101.8315018315018,-1.0,83.32966008307197,0.2953234506084757,
2023-07-31 13:46:01.467000,-9.361445783132531,-2.5903614457831328,0.08433734939759037,-2.528510116492949,-9.366646229307173,0.5076640098099325,3.0,0.29370629370629375,3404.7619047619046,-11.09236058504749,-2.580269215080708,-1.974593555154128,1101.098901098901,-1.0,83.32966008307197,0.29530935064724195,
2023-07-31 13:46:01.474000,-9.3855421686747,-2.5903614457831328,0.0963855421686747,-2.560392397302268,-9.388718577559779,0.5370938074800735,3.0,0.29370629370629375,3404.7619047619046,-10.26793310413146,-2.7024066196608603,-2.2494027154594716,1106.9597069597069,-1.0,83.32966008307197,0.2952952548436351,
2023-07-31 13:46:01.482000,-9.409638554216867,-2.626506024096386,0.14457831325301207,-2.65113427345187,-9.383813611281422,0.5493562231759657,3.0,0.29370629370629375,3404.7619047619046,-9.397704096497872,-2.7329409708058985,-1.6539828681312274,1117.2161172161173,-1.0,83.32966008307197,0.2952811631395575,
2023-07-31 13:46:01.490000,-9.421686746987952,-2.63855421686747,0.12048192771084337,-2.6658491722869404,-9.344573881054567,0.5885959534028203,3.0,0.29370629370629375,3404.7619047619046,-9.214497989627644,-2.3359944059204025,-2.4326088223297004,1134.065934065934,-1.0,83.32966008307197,0.2952670754801903,
2023-07-31 13:46:01.497000,-9.361445783132531,-2.6144578313253013,0.14457831325301207,-2.5162477007970567,-9.359288779889638,0.6131207847946045,3.0,0.29370629370629375,3404.7619047619046,-9.214497989627644,-2.3359944059204025,-2.4326088223297004,1156.0439560439559,-1.0,83.32966008307197,0.2952529918145752,
2023-07-31 13:46:01.505000,-9.337349397590362,-2.5542168674698797,0.14457831325301207,-2.4966278356836296,-9.347026364193745,0.6131207847946045,3.0,0.29370629370629375,3404.7619047619046,-7.458772798787948,-2.0459180700425397,-2.997494318512907,1181.6849816849815,-1.0,83.32966008307197,0.29523891209604597,
2023-07-31 13:46:01.513000,-9.361445783132531,-2.5783132530120483,0.14457831325301207,-2.629061925199264,-9.359288779889638,0.6180257510729613,3.0,0.29370629370629375,3404.7619047619046,-6.848085775887185,-1.4504982227142955,-1.8982576772915327,1210.2564102564102,-1.0,83.32966008307197,0.29522483642127656,
2023-07-31 13:46:01.520000,-9.337349397590362,-2.626506024096386,0.1566265060240964,-2.5775597792765175,-9.270999386879215,0.6082158185162476,3.0,0.2932622932622932,3409.9167297501895,-7.183963638482605,-0.5955363906532268,-1.5623798146961128,1239.5604395604396,-1.0,83.32966008307197,0.2952107648713402,
2023-07-31 13:46:01.528000,-9.301204819277109,-2.5903614457831328,0.14457831325301207,-2.528510116492949,-9.273451870018393,0.5591661557326794,3.0,0.2932622932622932,3409.9167297501895,-5.733581959093292,0.7479750597284525,-2.0814637841617616,1269.5970695970695,-1.0,83.32966008307197,0.29519669737364507,
2023-07-31 13:46:01.535000,-9.289156626506024,-2.5783132530120483,0.12048192771084337,-2.5015328019619862,-9.251379521765788,0.645003065603924,3.0,0.29370629370629375,3404.7619047619046,-4.756482722452071,1.8777460520948648,-2.0509294330167234,1299.6336996336995,-1.0,83.32966008307197,0.2951826338087996,
2023-07-31 13:46:01.543000,-9.301204819277109,-2.5903614457831328,0.13253012048192772,-2.6192519926425506,-9.268546903740036,0.5885959534028203,3.0,0.29370629370629375,3404.7619047619046,-3.855719363673445,2.7785094108734905,-2.0356622574442045,1327.4725274725274,-1.0,83.32966008307197,0.29516857414875003,
2023-07-31 13:46:01.551000,-9.313253012048193,-2.6144578313253013,0.07228915662650603,-2.560392397302268,-9.241569589209075,0.5714285714285714,3.0,0.29370629370629375,3404.7619047619046,-3.4282384476429106,3.8014101742322692,-2.096730959734281,1353.113553113553,-1.0,83.32966008307197,0.29515451847763774,
2023-07-31 13:46:01.558000,-9.289156626506024,-2.5903614457831328,0.04819277108433735,-2.5137952176578784,-9.270999386879215,0.5199264255058246,3.0,0.29370629370629375,3404.7619047619046,-2.2984674552764983,4.702173533010895,-2.7226851582075633,1376.5567765567764,-1.0,83.32966008307197,0.2951404668533469,
2023-07-31 13:46:01.566000,-9.325301204819278,-2.602409638554217,0.08433734939759037,-2.5039852851011646,-9.285714285714285,0.539546290619252,3.0,0.29370629370629375,3404.7619047619046,-1.4129712720703915,5.587669716217002,-2.0509294330167234,1394.8717948717947,-1.0,83.32966008307197,0.2951264193076455,
2023-07-31 13:46:01.574000,-9.349397590361447,-2.6506024096385543,0.07228915662650603,-2.5947271612507663,-9.315144083384427,0.4512568976088289,3.0,0.29370629370629375,3404.7619047619046,-0.9854903560398571,6.045684983392574,-2.310471417749548,1405.128205128205,-1.0,83.32966008307197,0.2951123757074638,
2023-07-31 13:46:01.581000,-9.337349397590362,-2.674698795180723,-0.012048192771084338,-2.587369711833231,-9.347026364193745,0.47087676272225626,3.0,0.29370629370629375,3404.7619047619046,-0.5122079132917656,6.5495017772857045,-2.6005477536274104,1408.058608058608,-1.0,83.32966008307197,0.2950983357752154,
2023-07-31 13:46:01.589000,-9.3855421686747,-2.710843373493976,-0.024096385542168676,-2.6609442060085837,-9.322501532801962,0.3948497854077253,3.0,0.29370629370629375,3404.7619047619046,0.4801584989219748,6.870112464308605,-3.0127614940854257,1405.8608058608058,-1.0,83.32966008307197,0.29508429937543357,
2023-07-31 13:46:01.597000,-9.433734939759036,-2.710843373493976,-0.04819277108433735,-2.7271612507664007,-9.3862660944206,0.3825873697118332,3.0,0.29370629370629375,3404.7619047619046,1.1824485752578526,7.129654449041429,-3.1348988986655786,1396.3369963369962,-1.0,83.32966008307197,0.29507026649317664,
2023-07-31 13:46:01.604000,-9.44578313253012,-2.734939759036145,-0.04819277108433735,-2.663396689147762,-9.35683629675046,0.4071122011036174,3.0,0.29370629370629375,3404.7619047619046,1.793135598158616,6.488433074995628,-3.3028378299632886,1382.4175824175823,-1.0,83.32966008307197,0.29505623708503836,
2023-07-31 13:46:01.612000,-9.397590361445783,-2.734939759036145,-0.060240963855421686,-2.670754138565297,-9.361741263028817,0.3703249540159411,3.0,0.29370629370629375,3404.7619047619046,2.693898956937242,5.343394907056696,-3.592914165841151,1364.8351648351647,-1.0,83.32966008307197,0.29504221107951906,
2023-07-31 13:46:01.620000,-9.349397590361447,-2.746987951807229,-0.060240963855421686,-2.7247087676272224,-9.290619251992641,0.42673206621704474,3.0,0.29370629370629375,3404.7619047619046,3.1977157508303717,4.809043762018529,-3.6997843948487845,1344.3223443223442,-1.0,83.32966008307197,0.2950281883774919,
2023-07-31 13:46:01.627000,-9.301204819277109,-2.746987951807229,-0.08433734939759037,-2.6388718577559778,-9.239117106069894,0.3825873697118332,3.0,0.29370629370629375,3404.7619047619046,3.838937124876173,4.366295670415475,-3.5318454635510745,1321.6117216117216,-1.0,83.32966008307197,0.2950141688527963,
2023-07-31 13:46:01.635000,-9.301204819277109,-2.7228915662650603,-0.08433734939759037,-2.6903740036787247,-9.236664622930716,0.3948497854077253,3.0,0.29370629370629375,3404.7619047619046,4.587028727929608,3.938814754384941,-3.211234776528174,1298.168498168498,-1.0,83.32966008307197,0.2950001522142451,
2023-07-31 13:46:01.643000,-9.301204819277109,-2.7228915662650603,-0.03614457831325302,-2.680564071122011,-9.359288779889638,0.42427958307786634,3.0,0.29370629370629375,3404.7619047619046,5.365654682128081,2.5495017772857045,-2.7226851582075633,1276.1904761904761,-1.0,83.32966008307197,0.2949861380269514,
2023-07-31 13:46:01.650000,-9.337349397590362,-2.734939759036145,-0.04819277108433735,-2.7075413856529735,-9.317596566523605,0.44880441446965047,3.0,0.29370629370629375,3404.7619047619046,6.495425674494494,2.0762193345376128,-2.020395081871685,1257.8754578754579,-1.0,83.32966008307197,0.29497212600024353,
2023-07-31 13:46:01.658000,-9.349397590361447,-2.734939759036145,-0.024096385542168676,-2.6781115879828326,-9.342121397915388,0.41692213366033104,3.0,0.29370629370629375,3404.7619047619046,7.167181399685333,1.9082804032399028,-1.77612027271138,1243.2234432234432,-1.0,83.32966008307197,0.29495811596760413,
2023-07-31 13:46:01.666000,-9.361445783132531,-2.746987951807229,-0.060240963855421686,-2.71244635193133,-9.31023911710607,0.3973022685469037,3.0,0.29370629370629375,3404.7619047619046,7.701532544723501,0.9311811665986816,-1.8219217994289372,1232.967032967033,-1.0,83.32966008307197,0.2949441077394694,
2023-07-31 13:46:01.673000,-9.361445783132531,-2.7951807228915664,-0.012048192771084338,-2.7541385652973633,-9.327406499080318,0.4316370324954016,3.0,0.2932622932622932,3409.9167297501895,8.800769185944874,1.1296544490414295,-1.6234485169861892,1223.4432234432234,-1.0,83.32966008307197,0.29493010110562584,
2023-07-31 13:46:01.681000,-9.349397590361447,-2.7590361445783134,0.0,-2.705088902513795,-9.364193746167995,0.4659717964438994,3.0,0.2932622932622932,3409.9167297501895,9.930540178311288,1.4349979604918113,-2.707417982635044,1216.8498168498168,-1.0,83.32966008307197,0.2949160958273781,
2023-07-31 13:46:01.689000,-9.349397590361447,-2.698795180722892,0.024096385542168676,-2.6462293071735132,-9.354383813611282,0.4880441446965052,3.0,0.29370629370629375,3404.7619047619046,10.739700483654799,1.2517918536215822,-1.7303187459938227,1210.989010989011,-1.0,83.32966008307197,0.29490209145958685,
2023-07-31 13:46:01.696000,-9.373493975903616,-2.698795180722892,0.024096385542168676,-2.6069895769466584,-9.327406499080318,0.5150214592274678,3.0,0.29370629370629375,3404.7619047619046,10.87710506380747,1.8472117009498266,-1.5318454635510748,1206.5934065934066,-1.0,83.32966008307197,0.2948880875128024,
2023-07-31 13:46:01.704000,-9.361445783132531,-2.674698795180723,0.04819277108433735,-2.621704475781729,-9.288166768853463,0.48313917841814835,3.0,0.29370629370629375,3404.7619047619046,12.006876056173883,2.106753685682651,-0.9211584406503114,1202.197802197802,-1.0,83.32966008307197,0.294874083626109,
2023-07-31 13:46:01.712000,-9.349397590361447,-2.674698795180723,0.03614457831325302,-2.6560392397302266,-9.307786633966892,0.47087676272225626,3.0,0.29370629370629375,3404.7619047619046,12.403822621059378,3.2823262047666204,-1.1348988986655786,1200.7326007326008,-1.0,83.32966008307197,0.2948600794319233,
2023-07-31 13:46:01.719000,-9.313253012048193,-2.662650602409639,0.024096385542168676,-2.5554874310239115,-9.300429184549357,0.4880441446965052,3.0,0.29370629370629375,3404.7619047619046,13.457257735563196,4.076219334537613,-0.8295553872151968,1204.3956043956043,-1.0,83.32966008307197,0.29484607455992917,
2023-07-31 13:46:01.727000,-9.301204819277109,-2.6867469879518073,0.03614457831325302,-2.6732066217044754,-9.285714285714285,0.4659717964438994,3.0,0.2932622932622932,3409.9167297501895,13.747334071441058,5.022784220033796,-1.1196317230930595,1212.4542124542124,-1.0,83.32966008307197,0.29483206864140665,
2023-07-31 13:46:01.735000,-9.301204819277109,-2.674698795180723,0.04819277108433735,-2.575107296137339,-9.239117106069894,0.5076640098099325,3.0,0.2932622932622932,3409.9167297501895,14.89237223937999,5.633471242934559,-1.226501952100693,1219.7802197802198,-1.0,83.32966008307197,0.2948180611646642,
2023-07-31 13:46:01.742000,-9.265060240963855,-2.662650602409639,0.024096385542168676,-2.575107296137339,-9.261189454322501,0.5150214592274678,3.0,0.2932622932622932,3409.9167297501895,15.396189033273119,6.717440708583414,-0.875356913932754,1227.106227106227,-1.0,83.32966008307197,0.2948040514582834,
2023-07-31 13:46:01.750000,-9.265060240963855,-2.662650602409639,0.0,-2.575107296137339,-9.258736971183323,0.463519313304721,3.0,0.2932622932622932,3409.9167297501895,15.823669949303655,6.396830021560513,-0.6463492803449679,1234.4322344322343,-1.0,83.32966008307197,0.2947900388336964,
2023-07-31 13:46:01.758000,-9.289156626506024,-2.63855421686747,0.0,-2.6241569589209073,-9.229307173513181,0.4659717964438994,3.0,0.2932622932622932,3409.9167297501895,16.693898956937243,6.839578113163567,-0.2646698910319908,1242.4908424908424,-1.0,83.32966008307197,0.29477602258921237,
2023-07-31 13:46:01.765000,-9.349397590361447,-2.6867469879518073,0.012048192771084338,-2.6437768240343344,-9.342121397915388,0.463519313304721,3.0,0.2932622932622932,3409.9167297501895,17.304585979838006,6.717440708583414,-0.310471417749548,1250.5494505494505,-1.0,83.32966008307197,0.29476200201424063,
2023-07-31 13:46:01.773000,-9.3855421686747,-2.698795180722892,-0.024096385542168676,-2.6879215205395464,-9.32495401594114,0.48313917841814835,3.0,0.29370629370629375,3404.7619047619046,17.304585979838006,6.717440708583414,-0.310471417749548,1256.4102564102564,-1.0,83.32966008307197,0.2947479763937065,
2023-07-31 13:46:01.781000,-9.373493975903616,-2.698795180722892,-0.024096385542168676,-2.71244635193133,-9.344573881054567,0.39239730226854685,3.0,0.2932622932622932,3409.9167297501895,18.571761552357092,7.038051395606315,-0.29520424217702895,1262.2710622710622,-1.0,83.32966008307197,0.2947339453006977,
2023-07-31 13:46:01.788000,-9.397590361445783,-2.710843373493976,-0.060240963855421686,-2.6683016554261187,-9.391171060698957,0.3850398528510116,3.0,0.2932622932622932,3409.9167297501895,19.258784453120448,7.45026513606433,-0.37154012003962433,1268.8644688644688,-1.0,83.32966008307197,0.29471990831469724,
2023-07-31 13:46:01.796000,-9.397590361445783,-2.746987951807229,-0.024096385542168676,-2.734518700183936,-9.364193746167995,0.3703249540159411,3.0,0.2932622932622932,3409.9167297501895,20.037410407318923,6.854845288736086,-0.1577996620243572,1274.7252747252746,-1.0,83.32966008307197,0.29470586487873335,
2023-07-31 13:46:01.804000,-9.409638554216867,-2.710843373493976,-0.03614457831325302,-2.6560392397302266,-9.3862660944206,0.4463519313304721,3.0,0.2932622932622932,3409.9167297501895,20.92290659052503,7.007517044461276,-0.3257385933220671,1279.120879120879,-1.0,83.32966008307197,0.294691814572139,
2023-07-31 13:46:01.811000,-9.3855421686747,-2.6867469879518073,-0.024096385542168676,-2.6437768240343344,-9.376456161863887,0.35561005518087063,3.0,0.2932622932622932,3409.9167297501895,21.472524911135718,7.648738418507079,-0.24940271545947168,1282.051282051282,-1.0,83.32966008307197,0.29467775682904224,
2023-07-31 13:46:01.819000,-9.409638554216867,-2.698795180722892,-0.060240963855421686,-2.6658491722869404,-9.27835683629675,0.43654199877375843,3.0,0.2932622932622932,3409.9167297501895,22.78550201037236,8.076219334537612,-0.21886836431443352,1281.3186813186812,-1.0,83.32966008307197,0.29466369110395446,
2023-07-31 13:46:01.827000,-9.3855421686747,-2.698795180722892,-0.08433734939759037,-2.702636419374617,-9.329858982219497,0.34580012262415694,3.0,0.2932622932622932,3409.9167297501895,23.335120330983045,8.610570479575781,-0.2341355398869526,1279.120879120879,-1.0,83.32966008307197,0.29464961700575504,
2023-07-31 13:46:01.834000,-9.373493975903616,-2.698795180722892,-0.10843373493975904,-2.700183936235438,-9.285714285714285,0.33108522378908645,3.0,0.2932622932622932,3409.9167297501895,24.57176155235709,9.28232620476662,-0.3562729444671053,1277.6556776556777,-1.0,83.32966008307197,0.2946355341548592,
2023-07-31 13:46:01.842000,-9.373493975903616,-2.698795180722892,-0.10843373493975904,-2.7762109135499693,-9.288166768853463,0.37522992029429797,3.0,0.2932622932622932,3409.9167297501895,25.380921857700603,9.46553231163685,-0.2646698910319908,1274.7252747252746,-1.0,83.32966008307197,0.2946214421895615,
2023-07-31 13:46:01.850000,-9.349397590361447,-2.710843373493976,-0.12048192771084337,-2.6609442060085837,-9.253832004904966,0.3359901900674433,3.0,0.2932622932622932,3409.9167297501895,26.312219567624265,9.877746052094864,-0.8142882116426777,1273.260073260073,-1.0,83.32966008307197,0.2946073407722467,
2023-07-31 13:46:01.857000,-9.325301204819278,-2.674698795180723,-0.12048192771084337,-2.629061925199264,-9.266094420600858,0.3237277743715512,3.0,0.2932622932622932,3409.9167297501895,27.472524911135714,10.366295670415475,-1.1348988986655786,1268.8644688644688,-1.0,83.32966008307197,0.2945932295954519,
2023-07-31 13:46:01.865000,-9.361445783132531,-2.674698795180723,-0.08433734939759037,-2.6560392397302266,-9.32495401594114,0.37768240343347637,3.0,0.2932622932622932,3409.9167297501895,28.648097430219686,11.11438727346891,-0.7532195093526014,1262.2710622710622,-1.0,83.32966008307197,0.29457910824901656,
2023-07-31 13:46:01.873000,-9.349397590361447,-2.710843373493976,-0.08433734939759037,-2.65113427345187,-9.374003678724709,0.39239730226854685,3.0,0.2932622932622932,3409.9167297501895,29.44199055999068,11.190723151331506,-0.9364256162228304,1255.6776556776556,-1.0,83.32966008307197,0.29456497638493806,
2023-07-31 13:46:01.880000,-9.337349397590362,-2.6867469879518073,-0.07228915662650603,-2.582464745554874,-9.300429184549357,0.3948497854077253,3.0,0.2932622932622932,3409.9167297501895,30.58702872792961,11.984616281102499,-1.2875706543907695,1251.2820512820513,-1.0,83.32966008307197,0.2945508338505262,
2023-07-31 13:46:01.888000,-9.373493975903616,-2.662650602409639,-0.07228915662650603,-2.5947271612507663,-9.347026364193745,0.34825260576333533,3.0,0.2932622932622932,3409.9167297501895,31.24351727754793,11.984616281102499,-1.1959676009556548,1251.2820512820513,-1.0,83.32966008307197,0.2945366805446516,
2023-07-31 13:46:01.896000,-9.373493975903616,-2.662650602409639,-0.10843373493975904,-2.599632127529123,-9.312691600245248,0.3237277743715512,3.0,0.2932622932622932,3409.9167297501895,32.022143231746405,11.740341471942193,-1.211234776528174,1255.6776556776556,-1.0,83.32966008307197,0.29452251642308036,
2023-07-31 13:46:01.903000,-9.409638554216867,-2.6506024096385543,-0.0963855421686747,-2.616799509503372,-9.29307173513182,0.40465971796443895,3.0,0.2932622932622932,3409.9167297501895,32.4190897966319,11.862478876522346,-1.028028669657945,1264.4688644688645,-1.0,83.32966008307197,0.2945083415035938,
2023-07-31 13:46:01.911000,-9.3855421686747,-2.6506024096385543,-0.08433734939759037,-2.633966891477621,-9.342121397915388,0.3507050889025138,3.0,0.2932622932622932,3409.9167297501895,33.0603111706777,12.076219334537612,-1.043295845230464,1276.1904761904761,-1.0,83.32966008307197,0.2944941558708803,
2023-07-31 13:46:01.918000,-9.409638554216867,-2.662650602409639,-0.08433734939759037,-2.641324340895156,-9.3862660944206,0.4193746167995095,3.0,0.2932622932622932,3409.9167297501895,33.518326437853275,12.213623914690285,-1.0738301963755021,1294.5054945054944,-1.0,83.32966008307197,0.2944799596811894,
2023-07-31 13:46:01.926000,-9.409638554216867,-2.63855421686747,-0.07228915662650603,-2.592274678111588,-9.349478847332923,0.3801348865726548,3.0,0.2928182928182928,3415.0871872630782,34.61756307907465,11.78614299865975,-0.661616455917487,1321.6117216117216,-1.0,83.32966008307197,0.2944657531667441,
2023-07-31 13:46:01.934000,-9.409638554216867,-2.6867469879518073,-0.024096385542168676,-2.6486817903126916,-9.40098099325567,0.4537093807480073,3.0,0.2932622932622932,3409.9167297501895,35.24351727754793,11.664005594079597,-0.8600897383602351,1361.1721611721612,-1.0,83.32966008307197,0.29445153649060635,
2023-07-31 13:46:01.941000,-9.397590361445783,-2.698795180722892,-0.024096385542168676,-2.611894543225015,-9.337216431637032,0.43654199877375843,3.0,0.2932622932622932,3409.9167297501895,35.86947147602121,12.366295670415475,-1.211234776528174,1416.8498168498168,-1.0,83.32966008307197,0.2944373098779959,
2023-07-31 13:46:01.949000,-9.397590361445783,-2.7228915662650603,-0.04819277108433735,-2.6732066217044754,-9.403433476394849,0.42427958307786634,3.0,0.2932622932622932,3409.9167297501895,36.43435697220442,12.244158265835322,-0.7990210360701587,1485.7142857142856,-1.0,83.32966008307197,0.294423073778868,
2023-07-31 13:46:01.957000,-9.397590361445783,-2.7228915662650603,-0.04819277108433735,-2.6830165542611892,-9.403433476394849,0.44880441446965047,3.0,0.2932622932622932,3409.9167297501895,37.54886078899831,12.44263154827807,-0.6921508070625251,1567.7655677655678,-1.0,83.32966008307197,0.29440882873235125,
2023-07-31 13:46:01.964000,-9.3855421686747,-2.7228915662650603,-0.060240963855421686,-2.700183936235438,-9.354383813611282,0.43408951563458,3.0,0.2932622932622932,3409.9167297501895,38.525960025639534,12.747975059728452,-0.6921508070625251,1661.5384615384614,-1.0,83.32966008307197,0.2943945755084204,
2023-07-31 13:46:01.972000,-9.361445783132531,-2.746987951807229,-0.03614457831325302,-2.7762109135499693,-9.307786633966892,0.4193746167995095,3.0,0.2932622932622932,3409.9167297501895,39.60992949128839,12.96171551774372,-0.7837538604976396,1758.974358974359,-1.0,83.32966008307197,0.29438031495143,
2023-07-31 13:46:01.980000,-9.349397590361447,-2.7228915662650603,-0.04819277108433735,-2.6781115879828326,-9.256284488044145,0.3948497854077253,3.0,0.2932622932622932,3409.9167297501895,40.72443330808228,13.541868189499445,-0.5700134024823724,1857.8754578754576,-1.0,83.32966008307197,0.2943660478549008,
2023-07-31 13:46:01.987000,-9.289156626506024,-2.746987951807229,-0.024096385542168676,-2.705088902513795,-9.192519926425506,0.3825873697118332,3.0,0.2932622932622932,3409.9167297501895,41.42672338441816,13.862478876522346,-0.4020744711846625,1952.3809523809523,-1.0,83.32966008307197,0.2943517752515019,
2023-07-31 13:46:01.995000,-9.265060240963855,-2.7228915662650603,-0.04819277108433735,-2.6683016554261187,-9.226854690374003,0.4316370324954016,3.0,0.2932622932622932,3409.9167297501895,42.05267758289144,14.93118116659868,-0.2341355398869526,2035.164835164835,-1.0,83.32966008307197,0.29433749839435214,
2023-07-31 13:46:02.003000,-9.27710843373494,-2.7228915662650603,-0.07228915662650603,-2.675659104843654,-9.199877375843041,0.3237277743715512,3.0,0.2932622932622932,3409.9167297501895,42.709166132509765,16.27469261698036,-0.06619660858924269,2099.6336996336995,-1.0,83.32966008307197,0.2943232186104497,
2023-07-31 13:46:02.010000,-9.265060240963855,-2.734939759036145,-0.08433734939759037,-2.6609442060085837,-9.180257510729612,0.30656039239730226,3.0,0.2932622932622932,3409.9167297501895,43.42672338441816,18.060952158965094,-0.37154012003962433,2143.5897435897436,-1.0,83.32966008307197,0.2943089373029469,
2023-07-31 13:46:02.018000,-9.240963855421688,-2.746987951807229,-0.08433734939759037,-2.729613733905579,-9.177805027590434,0.3605150214592274,3.0,0.2932622932622932,3409.9167297501895,43.594662315715865,19.160188800186468,-1.3028378299632883,2164.8351648351645,-1.0,83.32966008307197,0.2942946559529809,
2023-07-31 13:46:02.026000,-9.216867469879519,-2.783132530120482,-0.12048192771084337,-2.751686082158185,-9.18761496014715,0.35561005518087063,3.0,0.2932622932622932,3409.9167297501895,43.80840277373113,20.24415826583532,-1.8066546238564183,2161.904761904762,-1.0,83.32966008307197,0.29428037598231804,
2023-07-31 13:46:02.033000,-9.265060240963855,-2.7951807228915664,-0.12048192771084337,-2.773758430410791,-9.148375229920294,0.3507050889025138,3.0,0.2932622932622932,3409.9167297501895,44.23588368976167,20.15255521240021,-1.760853097138861,2138.461538461538,-1.0,83.32966008307197,0.29426609877470095,
2023-07-31 13:46:02.041000,-9.265060240963855,-2.819277108433735,-0.14457831325301207,-2.7762109135499693,-9.285714285714285,0.32127529123237275,3.0,0.2932622932622932,3409.9167297501895,45.57939514014335,19.2670590291941,-1.1501660742380977,2093.040293040293,-1.0,83.32966008307197,0.2942518259631434,
2023-07-31 13:46:02.049000,-9.361445783132531,-2.819277108433735,-0.12048192771084337,-2.844880441446965,-9.376456161863887,0.35806253832004903,3.0,0.2932622932622932,3409.9167297501895,45.57939514014335,19.2670590291941,-1.1501660742380977,2028.5714285714284,-1.0,83.32966008307197,0.2942375594086015,
2023-07-31 13:46:02.056000,-9.44578313253012,-2.8313253012048194,-0.12048192771084337,-2.7467811158798283,-9.454935622317596,0.39239730226854685,3.0,0.2932622932622932,3409.9167297501895,45.73206689586854,18.335761319270436,-0.7074179826350442,1947.9853479853477,-1.0,83.32966008307197,0.2942233009120932,
2023-07-31 13:46:02.064000,-9.481927710843374,-2.8313253012048194,-0.13253012048192772,-2.732066217044758,-9.459840588595952,0.27467811158798283,3.0,0.29370629370629375,3404.7619047619046,46.00687605617388,16.900646815453644,-0.4631431734747389,1856.4102564102564,-1.0,83.32966008307197,0.2942090523736247,
2023-07-31 13:46:02.072000,-9.46987951807229,-2.783132530120482,-0.10843373493975904,-2.722256284488044,-9.408338442673205,0.3408951563458001,3.0,0.2932622932622932,3409.9167297501895,46.99924246838762,15.404463609346772,-0.5547462269098533,1758.974358974359,-1.0,83.32966008307197,0.2941948160685408,
2023-07-31 13:46:02.079000,-9.397590361445783,-2.771084337349398,-0.08433734939759037,-2.7148988350705086,-9.369098712446352,0.3727774371551195,3.0,0.2932622932622932,3409.9167297501895,47.304585979838,13.373929258201734,-0.7226851582075633,1663.003663003663,727.691650390625,82.45250576640805,0.29418059423136717,
2023-07-31 13:46:02.087000,-9.397590361445783,-2.771084337349398,-0.060240963855421686,-2.7762109135499693,-9.361741263028817,0.3654199877375843,3.0,0.2932622932622932,3409.9167297501895,47.457257735563196,13.297593380339139,-0.875356913932754,1572.8937728937728,-1.0,82.45250576640805,0.29416638905498965,
2023-07-31 13:46:02.095000,-9.361445783132531,-2.783132530120482,-0.024096385542168676,-2.6952789699570814,-9.342121397915388,0.4071122011036174,3.0,0.2932622932622932,3409.9167297501895,48.29695239205174,13.480799487209367,-0.11199813530679993,1490.8424908424906,-1.0,82.45250576640805,0.2941522028171362,
2023-07-31 13:46:02.102000,-9.337349397590362,-2.783132530120482,-0.03614457831325302,-2.7786633966891476,-9.317596566523605,0.5052115266707541,3.0,0.2932622932622932,3409.9167297501895,48.281685216479225,14.198356739117765,0.3460171318687726,1416.8498168498168,-1.0,82.45250576640805,0.29413803775023895,
2023-07-31 13:46:02.110000,-9.361445783132531,-2.7951807228915664,-0.024096385542168676,-2.79092581238504,-9.253832004904966,0.43408951563458,3.0,0.2932622932622932,3409.9167297501895,48.75496765922732,15.328127731484177,0.5444904143115207,1351.6483516483515,-1.0,82.45250576640805,0.29412389632667674,
2023-07-31 13:46:02.118000,-9.349397590361447,-2.8313253012048194,-0.024096385542168676,-2.827713059472716,-9.261189454322501,0.37522992029429797,3.0,0.2932622932622932,3409.9167297501895,49.289318804265484,16.320494143697918,0.46815453644892524,1296.7032967032967,-1.0,82.45250576640805,0.29410978123553233,
2023-07-31 13:46:02.125000,-9.289156626506024,-2.819277108433735,-0.07228915662650603,-2.7762109135499693,-9.226854690374003,0.37768240343347637,3.0,0.2932622932622932,3409.9167297501895,49.24351727754793,17.572402540644482,0.36128430744129164,1248.3516483516482,-1.0,82.45250576640805,0.2940956952316886,
2023-07-31 13:46:02.133000,-9.216867469879519,-2.8313253012048194,-0.10843373493975904,-2.8179031269160024,-9.109135499693439,0.3384426732066217,3.0,0.2932622932622932,3409.9167297501895,49.54886078899831,18.732707884155932,-0.43260882232970066,1206.5934065934066,-1.0,82.45250576640805,0.29408164113399016,
2023-07-31 13:46:02.141000,-9.156626506024097,-2.855421686746988,-0.12048192771084337,-2.886572654812998,-9.067443286327405,0.2452483139178418,3.0,0.2932622932622932,3409.9167297501895,49.457257735563196,20.015150632247536,-0.7532195093526014,1173.6263736263736,-1.0,82.45250576640805,0.29406762182318513,
2023-07-31 13:46:02.148000,-9.10843373493976,-2.9036144578313254,-0.1566265060240964,-2.810545677498467,-8.99877375843041,0.2035561005518087,3.0,0.2932622932622932,3409.9167297501895,49.274051628692966,21.43499796049181,-0.661616455917487,1147.2527472527472,-1.0,82.45250576640805,0.29405364023966285,
2023-07-31 13:46:02.156000,-9.120481927710843,-2.891566265060241,-0.27710843373493976,-2.8301655426118946,-9.035561005518087,0.14714898835070508,3.0,0.2932622932622932,3409.9167297501895,49.0603111706777,22.12202086125517,-0.37154012003962433,1126.7399267399267,-1.0,82.45250576640805,0.2940396993809987,
2023-07-31 13:46:02.164000,-9.168674698795181,-2.879518072289157,-0.30120481927710846,-2.844880441446965,-9.18270999386879,0.0956468424279583,3.0,0.2932622932622932,3409.9167297501895,49.04504399510518,22.09148651011013,0.010139269273352732,1111.3553113553112,-1.0,82.45250576640805,0.2940258022993212,
2023-07-31 13:46:02.171000,-9.204819277108435,-2.91566265060241,-0.3253012048192771,-2.9086450030656037,-9.194972409564684,0.09074187614960147,3.0,0.2932622932622932,3409.9167297501895,48.99924246838762,21.78614299865975,0.5902919410290779,1101.098901098901,-1.0,82.45250576640805,0.29401195209851294,
2023-07-31 13:46:02.179000,-9.265060240963855,-2.951807228915663,-0.3493975903614458,-2.881667688534641,-9.31023911710607,0.06131207847946045,3.0,0.2932622932622932,3409.9167297501895,48.48015849892197,21.12965444904143,1.2009789639298412,1095.970695970696,-1.0,82.45250576640805,0.29399815193125906,
2023-07-31 13:46:02.187000,-9.373493975903616,-2.9759036144578315,-0.3253012048192771,-2.9724095646842428,-9.383813611281422,0.0539546290619252,3.0,0.2932622932622932,3409.9167297501895,48.602295903502124,19.43499796049181,1.9185362158382382,1096.7032967032967,-1.0,82.45250576640805,0.29398440499595846,
2023-07-31 13:46:02.194000,-9.457831325301205,-3.0120481927710845,-0.3493975903614458,-2.9478847332924585,-9.40098099325567,0.07847946045370938,3.0,0.2932622932622932,3409.9167297501895,47.961074529456326,17.343394907056695,2.3918186585863297,1104.029304029304,-1.0,82.45250576640805,0.2939707145335073,
2023-07-31 13:46:02.202000,-9.457831325301205,-3.024096385542169,-0.3373493975903615,-2.984671980380135,-9.454935622317596,0.1079092581238504,3.0,0.2932622932622932,3409.9167297501895,48.08321193403648,15.053318571178833,2.636093467746635,1117.9487179487178,-1.0,82.45250576640805,0.29395708382397023,
2023-07-31 13:46:02.210000,-9.433734939759036,-3.024096385542169,-0.3132530120481928,-2.950337216431637,-9.342121397915388,0.1912936848559166,3.0,0.2932622932622932,3409.9167297501895,47.91527300273877,12.580036128430741,2.9414369791970167,1139.194139194139,-1.0,82.45250576640805,0.2939435161831526,
2023-07-31 13:46:02.217000,-9.409638554216867,-3.024096385542169,-0.26506024096385544,-2.9871244635193133,-9.405885959534027,0.22562844880441446,3.0,0.2928182928182928,3415.0871872630782,48.23588368976167,10.152555212400207,3.5826583532428184,1164.8351648351647,-1.0,82.45250576640805,0.2939300149590823,
2023-07-31 13:46:02.225000,-9.361445783132531,-3.0,-0.22891566265060243,-2.933169834457388,-9.300429184549357,0.23789086450030655,3.0,0.2932622932622932,3409.9167297501895,48.35802109434182,8.549501777285704,4.086475147135948,1194.1391941391942,-1.0,82.45250576640805,0.2939165833791231,
2023-07-31 13:46:02.233000,-9.313253012048193,-2.9759036144578315,-0.18072289156626506,-2.923359901900674,-9.21704475781729,0.2722256284488044,3.0,0.2932622932622932,3409.9167297501895,48.7397004836548,7.511333838354407,4.697162170036711,1227.8388278388277,-1.0,82.45250576640805,0.2939032248124829,
2023-07-31 13:46:02.240000,-9.253012048192772,-2.951807228915663,-0.1927710843373494,-2.8767627222562844,-9.21704475781729,0.2722256284488044,3.0,0.2928182928182928,3415.0871872630782,48.69389895693724,7.175455975758987,5.109375910494727,1262.2710622710622,-1.0,82.45250576640805,0.29388994276630936,
2023-07-31 13:46:02.248000,-9.253012048192772,-2.927710843373494,-0.14457831325301207,-2.8522378908645,-9.241569589209075,0.3261802575107296,3.0,0.2932622932622932,3409.9167297501895,48.95344094167007,6.732707884155933,5.4757881242351845,1293.7728937728937,-1.0,82.45250576640805,0.29387674046609047,
2023-07-31 13:46:02.256000,-9.301204819277109,-2.891566265060241,-0.13253012048192772,-2.822808093194359,-9.26364193746168,0.2820355610055181,3.0,0.2932622932622932,3409.9167297501895,49.35038750655556,6.580036128430742,6.086475147135948,1322.3443223443223,-1.0,82.45250576640805,0.2938636211281999,
2023-07-31 13:46:02.263000,-9.349397590361447,-2.855421686746988,-0.08433734939759037,-2.8890251379521765,-9.315144083384427,0.3973022685469037,3.0,0.2932622932622932,3409.9167297501895,49.335120330983045,6.595303304003261,6.5902919410290774,1348.7179487179487,-1.0,82.45250576640805,0.29385058825340404,
2023-07-31 13:46:02.271000,-9.409638554216867,-2.843373493975904,-0.03614457831325302,-2.839975475168608,-9.388718577559779,0.38749233599019006,3.0,0.2932622932622932,3409.9167297501895,49.53359361342579,6.595303304003261,6.391818658586329,1370.6959706959706,-1.0,82.45250576640805,0.2938376454633631,
2023-07-31 13:46:02.278000,-9.421686746987952,-2.807228915662651,-0.012048192771084338,-2.7173513182096873,-9.415695892090742,0.40220723482526055,3.0,0.2928182928182928,3415.0871872630782,49.472524911135714,6.28995979255288,6.315482780723734,1389.0109890109889,-1.0,82.45250576640805,0.2938247962095397,
2023-07-31 13:46:02.286000,-9.409638554216867,-2.771084337349398,0.012048192771084338,-2.6879215205395464,-9.369098712446352,0.39975475168608215,3.0,0.2928182928182928,3415.0871872630782,49.12137987296778,6.427364372705552,6.284948429578696,1399.2673992673992,-1.0,82.45250576640805,0.2938120437798172,
2023-07-31 13:46:02.294000,-9.3855421686747,-2.746987951807229,-0.012048192771084338,-2.700183936235438,-9.315144083384427,0.41692213366033104,3.0,0.2932622932622932,3409.9167297501895,49.04504399510518,6.351028494842956,5.949070566983276,1403.6630036630036,-1.0,82.45250576640805,0.2937993915396157,
2023-07-31 13:46:02.301000,-9.337349397590362,-2.734939759036145,0.03614457831325302,-2.6781115879828326,-9.270999386879215,0.41692213366033104,3.0,0.2932622932622932,3409.9167297501895,48.77023483479984,6.976982693316239,5.460520948662666,1402.9304029304028,-1.0,82.45250576640805,0.2937868429065119,
2023-07-31 13:46:02.309000,-9.265060240963855,-2.710843373493976,0.03614457831325302,-2.6781115879828326,-9.258736971183323,0.47087676272225626,3.0,0.2932622932622932,3409.9167297501895,48.77023483479984,7.877746052094865,5.521589650952742,1394.8717948717947,-1.0,82.45250576640805,0.29377440123918847,
2023-07-31 13:46:02.317000,-9.180722891566266,-2.710843373493976,0.024096385542168676,-2.641324340895156,-9.172900061312077,0.43899448191293683,3.0,0.2932622932622932,3409.9167297501895,48.89237223937999,9.312860555911659,5.643727055532895,1382.4175824175823,-1.0,82.45250576640805,0.2937620697051173,
2023-07-31 13:46:02.324000,-9.180722891566266,-2.698795180722892,0.0,-2.734518700183936,-9.158185162477007,0.4414469650521152,3.0,0.2932622932622932,3409.9167297501895,48.89237223937999,9.312860555911659,5.643727055532895,1367.032967032967,-1.0,82.45250576640805,0.29374985143549825,
2023-07-31 13:46:02.332000,-9.19277108433735,-2.6867469879518073,0.0,-2.629061925199264,-9.126302881667687,0.47332924586143466,3.0,0.2932622932622932,3409.9167297501895,48.70916613250976,10.702173533010894,5.933803391410757,1346.5201465201465,-1.0,82.45250576640805,0.29373774964862726,
2023-07-31 13:46:02.340000,-9.204819277108435,-2.674698795180723,-0.04819277108433735,-2.641324340895156,-9.18761496014715,0.42673206621704474,3.0,0.2932622932622932,3409.9167297501895,48.87710506380747,11.908280403239903,5.872734689120681,1323.076923076923,-1.0,82.45250576640805,0.2937257674965198,
2023-07-31 13:46:02.347000,-9.265060240963855,-2.674698795180723,-0.04819277108433735,-2.7148988350705086,-9.1704475781729,0.38994481912936846,3.0,0.2932622932622932,3409.9167297501895,49.029776819532664,12.763242235300972,5.5826583532428184,1297.4358974358975,-1.0,82.45250576640805,0.2937139080608173,
2023-07-31 13:46:02.355000,-9.253012048192772,-2.662650602409639,-0.060240963855421686,-2.633966891477621,-9.204782342121398,0.37768240343347637,3.0,0.2932622932622932,3409.9167297501895,49.090845521822736,13.709807120797155,5.1399102616397645,1271.062271062271,-1.0,82.45250576640805,0.2937021743487061,
2023-07-31 13:46:02.363000,-9.289156626506024,-2.662650602409639,-0.060240963855421686,-2.6437768240343344,-9.199877375843041,0.3727774371551195,3.0,0.2932622932622932,3409.9167297501895,49.212982926402894,14.305226968125398,5.7963988112580855,1248.3516483516482,-1.0,82.45250576640805,0.29369056928886683,
2023-07-31 13:46:02.370000,-9.361445783132531,-2.6867469879518073,-0.060240963855421686,-2.6020846106683013,-9.315144083384427,0.3973022685469037,3.0,0.2932622932622932,3409.9167297501895,49.472524911135714,14.854845288736085,6.315482780723734,1227.106227106227,-1.0,82.45250576640805,0.2936790957274788,
2023-07-31 13:46:02.378000,-9.457831325301205,-2.626506024096386,-0.04819277108433735,-2.621704475781729,-9.474555487431024,0.38994481912936846,3.0,0.2932622932622932,3409.9167297501895,49.50305926228075,14.641104830720819,6.300215605151215,1210.2564102564102,-1.0,82.45250576640805,0.2936677564243019,
2023-07-31 13:46:02.386000,-9.518072289156628,-2.626506024096386,-0.060240963855421686,-2.540772532188841,-9.486817903126916,0.34580012262415694,3.0,0.2932622932622932,3409.9167297501895,49.90000582716625,12.702173533010894,6.468154536448925,1194.8717948717947,-1.0,82.45250576640805,0.2936565540488511,
2023-07-31 13:46:02.393000,-9.530120481927712,-2.63855421686747,-0.03614457831325302,-2.553034947884733,-9.516247700797056,0.39975475168608215,3.0,0.2932622932622932,3409.9167297501895,49.16718139968533,12.228891090262803,6.22387972728862,1183.8827838827838,-1.0,82.45250576640805,0.2936454911766968,
2023-07-31 13:46:02.401000,-9.530120481927712,-2.626506024096386,-0.04819277108433735,-2.580012262415696,-9.55793991416309,0.41446965052115264,3.0,0.2932622932622932,3409.9167297501895,49.22825010197541,10.27469261698036,5.933803391410757,1174.3589743589744,-1.0,82.45250576640805,0.29363457028589757,
2023-07-31 13:46:02.409000,-9.530120481927712,-2.6144578313253013,-0.03614457831325302,-2.609442060085837,-9.484365419987737,0.3727774371551195,3.0,0.2928182928182928,3415.0871872630782,49.289318804265484,9.297593380339139,5.750597284540528,1165.5677655677655,-1.0,82.45250576640805,0.2936237937535976,
2023-07-31 13:46:02.416000,-9.457831325301205,-2.626506024096386,-0.012048192771084338,-2.6192519926425506,-9.359288779889638,0.41692213366033104,3.0,0.2932622932622932,3409.9167297501895,49.22825010197541,8.80904376201853,5.994872093700834,1158.2417582417581,-1.0,82.45250576640805,0.2936131637035083,
2023-07-31 13:46:02.424000,-9.44578313253012,-2.6144578313253013,0.012048192771084338,-2.55793991416309,-9.40098099325567,0.49785407725321884,3.0,0.2932622932622932,3409.9167297501895,49.53359361342579,7.694539945224635,5.643727055532895,1154.5787545787546,-1.0,82.45250576640805,0.29360268213029883,
2023-07-31 13:46:02.432000,-9.433734939759036,-2.674698795180723,0.0,-2.658491722869405,-9.332311465358675,0.46106683016554256,3.0,0.2932622932622932,3409.9167297501895,49.64046384243343,6.6716391818658565,4.162811024998543,1153.8461538461538,-1.0,82.45250576640805,0.2935923510557254,
2023-07-31 13:46:02.439000,-9.397590361445783,-2.710843373493976,0.024096385542168676,-2.6192519926425506,-9.342121397915388,0.4757817290006131,3.0,0.2928182928182928,3415.0871872630782,49.64046384243343,6.6716391818658565,4.162811024998543,1154.5787545787546,-1.0,82.45250576640805,0.2935821723871167,
2023-07-31 13:46:02.447000,-9.349397590361447,-2.7228915662650603,0.03614457831325302,-2.6952789699570814,-9.317596566523605,0.4659717964438994,3.0,0.2928182928182928,3415.0871872630782,49.67099819357846,7.083852922323872,3.72006293339549,1158.2417582417581,-1.0,82.45250576640805,0.2935721479043273,
2023-07-31 13:46:02.455000,-9.361445783132531,-2.734939759036145,0.024096385542168676,-2.763948497854077,-9.307786633966892,0.49785407725321884,3.0,0.2928182928182928,3415.0871872630782,50.19008216304411,7.61820406736204,2.6513606433191543,1161.1721611721612,-1.0,82.45250576640805,0.2935622790765001,
2023-07-31 13:46:02.462000,-9.337349397590362,-2.746987951807229,0.060240963855421686,-2.709993868792152,-9.297976701410178,0.5419987737584304,3.0,0.2928182928182928,3415.0871872630782,50.08321193403648,8.335761319270437,1.4299865975176276,1163.3699633699632,-1.0,82.45250576640805,0.2935525670695725,
2023-07-31 13:46:02.470000,-9.337349397590362,-2.771084337349398,0.03614457831325302,-2.7565910484365417,-9.224402207234824,0.46106683016554256,3.0,0.2928182928182928,3415.0871872630782,50.23588368976167,10.351028494842955,0.3307499562962535,1167.7655677655678,-1.0,82.45250576640805,0.2935430128918615,
2023-07-31 13:46:02.478000,-9.289156626506024,-2.7951807228915664,0.012048192771084338,-2.739423666462293,-9.20232985898222,0.3948497854077253,3.0,0.2932622932622932,3409.9167297501895,50.19008216304411,12.060952158965094,-0.676883631490006,1172.8937728937728,-1.0,82.45250576640805,0.2935336173904943,
2023-07-31 13:46:02.485000,-9.240963855421688,-2.7951807228915664,-0.024096385542168676,-2.7664009809932555,-9.128755364806867,0.3507050889025138,3.0,0.2932622932622932,3409.9167297501895,49.76260124701358,13.022784220033795,-1.6845172192762656,1178.7545787545787,-1.0,82.45250576640805,0.2935243813972932,
2023-07-31 13:46:02.493000,-9.204819277108435,-2.807228915662651,-0.08433734939759037,-2.815450643776824,-9.197424892703863,0.3727774371551195,3.0,0.2932622932622932,3409.9167297501895,49.12137987296778,13.557135365071963,-1.9898607307266472,1185.3479853479853,-1.0,82.45250576640805,0.2935153057474344,
2023-07-31 13:46:02.501000,-9.180722891566266,-2.843373493975904,-0.12048192771084337,-2.803188228080932,-9.069895769466584,0.3261802575107296,3.0,0.2932622932622932,3409.9167297501895,48.37328826991434,14.717440708583414,-2.9211584406503115,1194.1391941391942,-1.0,82.45250576640805,0.2935063911393758,
2023-07-31 13:46:02.508000,-9.120481927710843,-2.8674698795180724,-0.1566265060240964,-2.793378295524218,-9.094420600858369,0.2869405272838749,3.0,0.2932622932622932,3409.9167297501895,47.961074529456326,16.030417807820054,-3.60818134141367,1203.6630036630036,-1.0,82.45250576640805,0.2934976381339585,
2023-07-31 13:46:02.516000,-9.10843373493976,-2.855421686746988,-0.1566265060240964,-2.8546903740036784,-9.079705702023299,0.26486817903126914,3.0,0.2932622932622932,3409.9167297501895,47.151914224112815,15.694539945224635,-3.791387448283899,1216.117216117216,-1.0,82.45250576640805,0.29348904729268904,
2023-07-31 13:46:02.524000,-9.156626506024097,-2.927710843373494,-0.1566265060240964,-2.8792152053954627,-9.09196811771919,0.2599632127529123,3.0,0.2928182928182928,3415.0871872630782,45.76260124701358,15.11438727346891,-4.020395081871685,1232.2344322344322,-1.0,82.45250576640805,0.2934806190185963,
2023-07-31 13:46:02.531000,-9.19277108433735,-3.0120481927710845,-0.21686746987951808,-2.9282648681790313,-9.16799509503372,0.2452483139178418,3.0,0.2932622932622932,3409.9167297501895,44.846570712662434,14.503700250568146,-4.554746226909853,1248.3516483516482,-1.0,82.45250576640805,0.2934723534185157,
2023-07-31 13:46:02.539000,-9.216867469879519,-3.0481927710843375,-0.16867469879518074,-3.080318822808093,-9.136112814224402,0.20600858369098712,3.0,0.2932622932622932,3409.9167297501895,44.03741040731892,12.13728803682769,-3.959326379581609,1265.9340659340658,-1.0,82.45250576640805,0.29346425056013176,
2023-07-31 13:46:02.547000,-9.19277108433735,-3.253012048192771,-0.20481927710843376,-3.254445125689761,-9.133660331085224,0.29429797670141017,3.0,0.2932622932622932,3409.9167297501895,42.144280636326556,10.503700250568146,-7.241769127673212,1280.5860805860805,-1.0,82.45250576640805,0.29345631048410464,
2023-07-31 13:46:02.554000,-9.168674698795181,-3.144578313253012,-0.1566265060240964,-3.104843654199877,-9.207234825260576,0.3359901900674433,3.0,0.2932622932622932,3409.9167297501895,43.99160888060136,9.007517044461277,-5.058563020802983,1293.040293040293,-1.0,82.45250576640805,0.29344853306789687,
2023-07-31 13:46:02.562000,-9.27710843373494,-3.036144578313253,-0.10843373493975904,-2.952789699570815,-9.26364193746168,0.2893930104230533,3.0,0.2928182928182928,3415.0871872630782,43.0603111706777,6.809043762018528,-4.020395081871685,1303.2967032967033,-1.0,82.45250576640805,0.29344091802863476,
2023-07-31 13:46:02.570000,-9.373493975903616,-2.963855421686747,-0.08433734939759037,-2.9356223175965663,-9.344573881054567,0.3703249540159411,3.0,0.2928182928182928,3415.0871872630782,41.94580735388381,3.969349105529979,-3.043295845230464,1309.89010989011,-1.0,82.45250576640805,0.2934334647769685,
2023-07-31 13:46:02.577000,-9.397590361445783,-2.9759036144578315,-0.012048192771084338,-2.9699570815450644,-9.398528510116492,0.39239730226854685,3.0,0.2932622932622932,3409.9167297501895,40.4190897966319,0.9922498688887579,-3.211234776528174,1312.087912087912,-1.0,82.45250576640805,0.2934261723986423,
2023-07-31 13:46:02.585000,-9.3855421686747,-3.0,0.060240963855421686,-2.911097486204782,-9.40098099325567,0.48068669527896996,3.0,0.2928182928182928,3415.0871872630782,39.88473865159373,-1.0840860089738376,-1.9135248528640518,1312.8205128205127,-1.0,82.45250576640805,0.2934190399445896,
2023-07-31 13:46:02.593000,-9.349397590361447,-3.024096385542169,0.08433734939759037,-3.0288166768853464,-9.312691600245248,0.5297363580625383,3.0,0.2928182928182928,3415.0871872630782,39.274051628692966,-2.7024066196608603,-0.9974943185129068,1311.3553113553112,-1.0,82.45250576640805,0.2934120663056765,
2023-07-31 13:46:02.600000,-9.313253012048193,-3.024096385542169,0.1566265060240964,-2.950337216431637,-9.297976701410178,0.6351931330472103,3.0,0.2928182928182928,3415.0871872630782,39.274051628692966,-2.7024066196608603,-0.9974943185129068,1309.89010989011,-1.0,82.45250576640805,0.2934052501947929,
2023-07-31 13:46:02.608000,-9.27710843373494,-3.0481927710843375,0.26506024096385544,-2.9675045984058857,-9.344573881054567,0.745554874310239,3.0,0.2928182928182928,3415.0871872630782,39.014509643960146,-4.70240661966086,0.7276965211817497,1307.6923076923076,-1.0,82.45250576640805,0.29339859012906216,
2023-07-31 13:46:02.616000,-9.313253012048193,-3.0,0.3373493975903615,-2.9601471489883506,-9.35683629675046,0.8068669527896996,3.0,0.2928182928182928,3415.0871872630782,39.594662315715865,-6.580269215080707,2.8956354524794596,1302.5641025641025,-1.0,82.45250576640805,0.2933920843049465,
2023-07-31 13:46:02.623000,-9.337349397590362,-2.987951807228916,0.43373493975903615,-2.950337216431637,-9.37155119558553,0.9098712446351931,3.0,0.2928182928182928,3415.0871872630782,39.62519666686091,-7.3436279937066615,5.200978963929841,1297.4358974358975,-1.0,82.45250576640805,0.2933857307501985,
2023-07-31 13:46:02.631000,-9.3855421686747,-2.987951807228916,0.45783132530120485,-2.962599632127529,-9.445125689760882,0.8877988963825874,3.0,0.2928182928182928,3415.0871872630782,39.73206689586854,-7.664238680729563,6.758230872326788,1289.3772893772893,-1.0,82.45250576640805,0.29337952732666567,
2023-07-31 13:46:02.639000,-9.397590361445783,-2.951807228915663,0.45783132530120485,-2.952789699570815,-9.430410790925812,0.8853464132434089,3.0,0.2928182928182928,3415.0871872630782,39.99160888060136,-8.061185245615059,8.437620185303885,1282.051282051282,-1.0,82.45250576640805,0.293373471733254,
2023-07-31 13:46:02.646000,-9.373493975903616,-2.9036144578313254,0.49397590361445787,-2.869405272838749,-9.37155119558553,1.0079705702023298,3.0,0.2928182928182928,3415.0871872630782,40.08321193403648,-7.496299749431852,9.735330108968007,1278.3882783882782,-1.0,82.45250576640805,0.29336756150906473,
2023-07-31 13:46:02.654000,-9.349397590361447,-2.8674698795180724,0.5060240963855422,-2.8056407112201103,-9.251379521765788,1.003065603923973,3.0,0.2928182928182928,3415.0871872630782,40.31221956762427,-7.160421886836433,10.605559116601595,1282.7838827838827,-1.0,82.45250576640805,0.2933617940367162,
2023-07-31 13:46:02.661000,-9.313253012048193,-2.807228915662651,0.5301204819277109,-2.7541385652973633,-9.268546903740036,0.973635806253832,3.0,0.2928182928182928,3415.0871872630782,40.37328826991434,-6.045918070042539,11.03304003263213,1295.2380952380952,-1.0,82.45250576640805,0.29335616654586666,
2023-07-31 13:46:02.669000,-9.253012048192772,-2.734939759036145,0.5060240963855422,-2.7148988350705086,-9.207234825260576,0.9957081545064377,3.0,0.2928182928182928,3415.0871872630782,41.22825010197541,-4.03065089447002,11.750597284540527,1323.076923076923,-1.0,82.45250576640805,0.29335067611694876,
2023-07-31 13:46:02.677000,-9.240963855421688,-2.6867469879518073,0.5783132530120483,-2.6020846106683013,-9.212139791538933,1.0962599632127528,3.0,0.2928182928182928,3415.0871872630782,41.029776819532664,-1.0382844822562802,12.223879727288619,1368.4981684981683,-1.0,82.45250576640805,0.29334531968513133,
2023-07-31 13:46:02.684000,-9.27710843373494,-2.626506024096386,0.6506024096385542,-2.530962599632127,-9.366646229307173,1.1428571428571428,3.0,0.2928182928182928,3415.0871872630782,42.159547811899074,2.0762193345376128,13.063574383777167,1433.6996336996335,-1.0,82.45250576640805,0.29334009404452105,
2023-07-31 13:46:02.692000,-9.397590361445783,-2.5301204819277108,0.6385542168674699,-2.4573881054567748,-9.405885959534027,1.0766400980993256,3.0,0.2928182928182928,3415.0871872630782,43.50305926228075,2.824310937591048,14.620826292174115,1517.9487179487178,-1.0,82.45250576640805,0.29333499585261574,
2023-07-31 13:46:02.700000,-9.518072289156628,-2.313253012048193,0.6506024096385542,-2.187614960147149,-9.670754138565297,1.155119558553035,3.0,0.2932622932622932,3409.9167297501895,44.23588368976167,5.373929258201735,15.063574383777167,1619.047619047619,-1.0,82.45250576640805,0.29333002163502253,
2023-07-31 13:46:02.707000,-9.626506024096386,-2.1927710843373496,0.6024096385542169,-2.212139791538933,-9.626609442060085,1.061925199264255,3.0,0.2928182928182928,3415.0871872630782,45.090845521822736,4.9922498688887575,16.773498047899306,1731.135531135531,-1.0,82.45250576640805,0.29332516793974384,
2023-07-31 13:46:02.715000,-9.602409638554217,-2.168674698795181,0.5903614457831325,-2.1385652973635807,-9.55793991416309,1.0006131207847946,3.0,0.2928182928182928,3415.0871872630782,44.38855544548686,4.96171551774372,16.330749956296252,1844.6886446886447,-1.0,82.45250576640805,0.29332043121503937,
2023-07-31 13:46:02.723000,-9.530120481927712,-2.180722891566265,0.6024096385542169,-2.064990803188228,-9.540772532188841,1.091354996934396,3.0,0.2932622932622932,3409.9167297501895,44.44962414777694,4.824310937591048,14.51395606316648,1953.113553113553,-1.0,82.45250576640805,0.29331580765605947,
2023-07-31 13:46:02.730000,-9.421686746987952,-2.096385542168675,0.5903614457831325,-2.03065603923973,-9.464745554874309,1.044757817290006,3.0,0.2932622932622932,3409.9167297501895,45.80840277373113,5.175455975758987,14.54449041431152,2047.6190476190475,-1.0,82.45250576640805,0.29331129349894824,
2023-07-31 13:46:02.738000,-9.409638554216867,-2.060240963855422,0.6626506024096386,-1.9717964438994482,-9.391171060698957,1.120784794604537,3.0,0.2928182928182928,3415.0871872630782,46.327486743196786,5.61820406736204,14.605559116601595,2120.879120879121,-1.0,82.45250576640805,0.2933068850490775,
2023-07-31 13:46:02.746000,-9.397590361445783,-2.024096385542169,0.6385542168674699,-1.9350091968117717,-9.347026364193745,1.061925199264255,3.0,0.2928182928182928,3415.0871872630782,47.3809218577006,7.053318571178834,14.468154536448925,2166.300366300366,-1.0,82.45250576640805,0.2933025785400996,
2023-07-31 13:46:02.753000,-9.361445783132531,-1.963855421686747,0.674698795180723,-1.9055793991416308,-9.408338442673205,1.0839975475168608,3.0,0.2928182928182928,3415.0871872630782,47.73206689586854,9.78614299865975,12.407085834158847,2186.080586080586,-1.0,82.45250576640805,0.29329837010052556,
2023-07-31 13:46:02.761000,-9.349397590361447,-1.9879518072289157,0.5783132530120483,-1.917841814837523,-9.317596566523605,1.0717351318209687,3.0,0.2928182928182928,3415.0871872630782,47.73206689586854,12.167822387972727,11.72006293339549,2183.150183150183,-1.0,82.45250576640805,0.2932942557521036,
2023-07-31 13:46:02.769000,-9.349397590361447,-2.024096385542169,0.5542168674698795,-2.0134886572654813,-9.177805027590434,1.0472103004291844,3.0,0.2932622932622932,3409.9167297501895,47.80840277373113,15.282326204766619,9.139910261639764,2156.043956043956,-1.0,82.45250576640805,0.29329023141882254,
2023-07-31 13:46:02.776000,-9.337349397590362,-2.072289156626506,0.5421686746987953,-1.9497240956468422,-9.253832004904966,0.9343960760269773,3.0,0.2932622932622932,3409.9167297501895,48.23588368976167,18.76324223530097,7.124643086067246,2105.4945054945056,-1.0,82.45250576640805,0.2932862929465296,
2023-07-31 13:46:02.784000,-9.325301204819278,-2.0843373493975905,0.43373493975903615,-2.001226241569589,-9.24892703862661,0.9074187614960146,3.0,0.2932622932622932,3409.9167297501895,48.37328826991434,22.503700250568148,4.971971330342055,2035.8974358974358,-1.0,82.45250576640805,0.2932824362930723,
2023-07-31 13:46:02.792000,-9.3855421686747,-2.1204819277108435,0.4096385542168675,-2.0551808706315144,-9.320049049662783,0.82158185162477,3.0,0.2932622932622932,3409.9167297501895,48.19008216304411,25.358662082629216,3.017772857059612,1953.113553113553,-1.0,82.45250576640805,0.2932786575280394,
2023-07-31 13:46:02.799000,-9.481927710843374,-2.168674698795181,0.30120481927710846,-2.0870631514408338,-9.403433476394849,0.7308399754751685,3.0,0.2932622932622932,3409.9167297501895,48.327486743196786,27.725074296369673,1.4452537730901465,1861.5384615384614,743.011474609375,80.75245410112129,0.2932749526947708,
2023-07-31 13:46:02.807000,-9.530120481927712,-2.180722891566265,0.21686746987951808,-2.111587982832618,-9.503985285101164,0.6695278969957081,3.0,0.2932622932622932,3409.9167297501895,48.648097430219686,29.74034147194219,-0.06619660858924269,1764.8351648351647,-1.0,80.75245410112129,0.29327131782187443,
2023-07-31 13:46:02.815000,-9.542168674698795,-2.204819277108434,0.18072289156626506,-2.1679950950337217,-9.489270386266094,0.6204782342121398,3.0,0.2932622932622932,3409.9167297501895,49.39618903327312,30.030417807820054,-1.409708058970922,1668.131868131868,-1.0,80.75245410112129,0.2932677487961848,
2023-07-31 13:46:02.822000,-9.542168674698795,-2.27710843373494,0.12048192771084337,-2.270999386879215,-9.562844880441446,0.5738810545677498,3.0,0.2932622932622932,3409.9167297501895,48.93817376609755,29.175455975758986,-2.661616455917487,1574.3589743589744,-1.0,80.75245410112129,0.29326424153376573,
2023-07-31 13:46:02.830000,-9.542168674698795,-2.3373493975903616,0.12048192771084337,-2.3249540159411404,-9.5113427345187,0.6057633353770693,3.0,0.2932622932622932,3409.9167297501895,49.57939514014335,28.549501777285702,-3.592914165841151,1487.9120879120878,-1.0,80.75245410112129,0.2932607919807915,
2023-07-31 13:46:02.838000,-9.481927710843374,-2.4096385542168677,0.07228915662650603,-2.347026364193746,-9.442673206621704,0.5444512568976088,3.0,0.2928182928182928,3415.0871872630782,49.99160888060136,27.74034147194219,-4.249402715459471,1409.5238095238094,-1.0,80.75245410112129,0.29325739613570867,
2023-07-31 13:46:02.845000,-9.44578313253012,-2.4457831325301207,0.04819277108433735,-2.393623543838136,-9.388718577559779,0.5199264255058246,3.0,0.2928182928182928,3415.0871872630782,50.4190897966319,26.824310937591047,-4.676883631490006,1344.3223443223442,-1.0,80.75245410112129,0.29325405003996613,
2023-07-31 13:46:02.853000,-9.433734939759036,-2.4939759036144578,0.0,-2.469650521152667,-9.369098712446352,0.4537093807480073,3.0,0.2932622932622932,3409.9167297501895,51.304585979838,26.24415826583532,-5.150166074238097,1293.040293040293,-1.0,80.75245410112129,0.29325074948075397,
2023-07-31 13:46:02.861000,-9.409638554216867,-2.5180722891566267,-0.012048192771084338,-2.5137952176578784,-9.37155119558553,0.4095646842427958,3.0,0.2928182928182928,3415.0871872630782,51.54886078899831,24.992249868888756,-5.791387448283899,1255.6776556776556,-1.0,80.75245410112129,0.29324749044915877,
2023-07-31 13:46:02.868000,-9.349397590361447,-2.566265060240964,-0.060240963855421686,-2.530962599632127,-9.241569589209075,0.3727774371551195,3.0,0.2928182928182928,3415.0871872630782,52.05267758289144,24.90064681545364,-5.898257677291532,1230.03663003663,-1.0,80.75245410112129,0.2932442691511312,
2023-07-31 13:46:02.876000,-9.253012048192772,-2.6144578313253013,-0.0963855421686747,-2.5971796443899446,-9.226854690374003,0.3408951563458001,3.0,0.2928182928182928,3415.0871872630782,52.05267758289144,24.90064681545364,-5.898257677291532,1211.7216117216117,-1.0,80.75245410112129,0.29324108157123197,
2023-07-31 13:46:02.884000,-9.265060240963855,-2.6144578313253013,-0.12048192771084337,-2.55793991416309,-9.239117106069894,0.2550582464745555,3.0,0.2928182928182928,3415.0871872630782,53.029776819532664,25.053318571178835,-6.264669891031991,1201.4652014652013,-1.0,80.75245410112129,0.2932379237811444,
2023-07-31 13:46:02.891000,-9.253012048192772,-2.602409638554217,-0.16867469879518074,-2.5358675659104843,-9.20232985898222,0.25015328019619865,3.0,0.2928182928182928,3415.0871872630782,53.472524911135714,24.549501777285702,-6.249402715459471,1194.8717948717947,-1.0,80.75245410112129,0.29323479207760716,
2023-07-31 13:46:02.899000,-9.240963855421688,-2.5301204819277108,-0.1566265060240964,-2.5039852851011646,-9.163090128755364,0.3237277743715512,3.0,0.29237429237429235,3420.2733485193626,54.29695239205174,24.015150632247536,-6.157799662024357,1186.8131868131868,-1.0,80.75245410112129,0.2932316828432854,
2023-07-31 13:46:02.907000,-9.204819277108435,-2.4819277108433737,-0.12048192771084337,-2.4573881054567748,-9.194972409564684,0.2893930104230533,3.0,0.2928182928182928,3415.0871872630782,54.99924246838762,23.41973078491929,-5.974593555154128,1183.150183150183,-1.0,80.75245410112129,0.29322859254600575,
2023-07-31 13:46:02.914000,-9.301204819277109,-2.5301204819277108,-0.0963855421686747,-2.4770079705702024,-9.261189454322501,0.3531575720416922,3.0,0.2928182928182928,3415.0871872630782,55.36565468212808,22.24415826583532,-5.470776761260998,1177.2893772893772,-1.0,80.75245410112129,0.2932255178551577,
2023-07-31 13:46:02.922000,-9.325301204819278,-2.566265060240964,-0.0963855421686747,-2.6069895769466584,-9.320049049662783,0.33108522378908645,3.0,0.2928182928182928,3415.0871872630782,55.274051628692966,20.93118116659868,-5.8677233261464945,1169.9633699633698,-1.0,80.75245410112129,0.29322245552280385,
2023-07-31 13:46:02.930000,-9.337349397590362,-2.5903614457831328,-0.08433734939759037,-2.5383200490496627,-9.268546903740036,0.3654199877375843,3.0,0.2928182928182928,3415.0871872630782,55.716799720296024,19.725074296369673,-6.386807295612143,1162.6373626373625,-1.0,80.75245410112129,0.29321940227466,
2023-07-31 13:46:02.937000,-9.349397590361447,-2.5903614457831328,-0.0963855421686747,-2.5554874310239115,-9.285714285714285,0.3261802575107296,3.0,0.2928182928182928,3415.0871872630782,55.54886078899831,19.358662082629216,-6.402074471184663,1159.7069597069597,-1.0,80.75245410112129,0.2932163549667466,
2023-07-31 13:46:02.945000,-9.337349397590362,-2.626506024096386,-0.10843373493975904,-2.582464745554874,-9.288166768853463,0.3041079092581238,3.0,0.2928182928182928,3415.0871872630782,54.99924246838762,19.23652467804906,-6.61581492919993,1158.974358974359,-1.0,80.75245410112129,0.2932133105922232,
2023-07-31 13:46:02.953000,-9.325301204819278,-2.626506024096386,-0.13253012048192772,-2.60453709380748,-9.283261802575106,0.2722256284488044,3.0,0.2928182928182928,3415.0871872630782,55.0603111706777,20.015150632247536,-6.905891265077792,1164.102564102564,-1.0,80.75245410112129,0.29321026628768815,
2023-07-31 13:46:02.960000,-9.373493975903616,-2.5903614457831328,-0.13253012048192772,-2.5260576333537705,-9.427958307786634,0.33108522378908645,3.0,0.2928182928182928,3415.0871872630782,54.89237223937999,21.41973078491929,-7.150166074238097,1175.0915750915751,-1.0,80.75245410112129,0.293207219338924,
2023-07-31 13:46:02.968000,-9.361445783132531,-2.5903614457831328,-0.21686746987951808,-2.575107296137339,-9.275904353157571,0.19865113427345185,3.0,0.2928182928182928,3415.0871872630782,54.159547811899074,20.96171551774372,-6.249402715459471,1186.8131868131868,-1.0,80.75245410112129,0.29320416718608067,
2023-07-31 13:46:02.976000,-9.542168674698795,-2.963855421686747,-0.16867469879518074,-3.092581238503985,-9.445125689760882,0.2158185162477008,3.0,0.2928182928182928,3415.0871872630782,53.74733407144106,25.862478876522346,-6.890624089505273,1199.2673992673992,-1.0,80.75245410112129,0.29320110756702994,
2023-07-31 13:46:02.983000,-9.698795180722891,-3.2289156626506026,-0.2530120481927711,-3.3280196198651133,-9.68056407112201,0.18884120171673818,3.0,0.2928182928182928,3415.0871872630782,50.77023483479984,24.24415826583532,-11.28757065439077,1213.1868131868132,-1.0,80.75245410112129,0.2931980383622595,
2023-07-31 13:46:02.991000,-9.542168674698795,-3.0843373493975905,-0.30120481927710846,-2.99202942979767,-9.501532801961986,0.10300429184549356,3.0,0.2928182928182928,3415.0871872630782,51.24351727754793,20.59530330400326,-11.928792028436572,1228.5714285714284,-1.0,80.75245410112129,0.2931949576094412,
2023-07-31 13:46:02.999000,-9.144578313253012,-2.7228915662650603,-0.28915662650602414,-2.616799509503372,-9.096873083997547,0.20600858369098712,3.0,0.2928182928182928,3415.0871872630782,52.11374628518151,20.702173533010896,-10.692150807062525,1246.8864468864467,-1.0,80.75245410112129,0.2931918636349861,
2023-07-31 13:46:03.006000,-9.10843373493976,-2.602409638554217,-0.2530120481927711,-2.641324340895156,-9.064990803188227,0.1103617412630288,3.0,0.2928182928182928,3415.0871872630782,51.53359361342579,23.709807120797155,-6.9822271429403875,1263.003663003663,-1.0,80.75245410112129,0.29318875490809804,
2023-07-31 13:46:03.014000,-9.3855421686747,-2.9036144578313254,-0.26506024096385544,-2.974862047823421,-9.440220723482526,0.15941140404659718,3.0,0.2928182928182928,3415.0871872630782,50.19008216304411,22.381562845987993,-8.585280578054892,1279.120879120879,-1.0,80.75245410112129,0.2931856300433297,
2023-07-31 13:46:03.022000,-9.506024096385543,-3.0481927710843375,-0.26506024096385544,-3.0582464745554874,-9.5113427345187,0.20110361741263028,3.0,0.2928182928182928,3415.0871872630782,49.57939514014335,17.61820406736204,-9.394440883398403,1294.5054945054944,-1.0,80.75245410112129,0.2931824878023562,
2023-07-31 13:46:03.029000,-9.289156626506024,-2.7951807228915664,-0.22891566265060243,-2.621704475781729,-9.273451870018393,0.22317596566523604,3.0,0.2928182928182928,3415.0871872630782,51.56412796457083,14.671639181865856,-7.547112639123593,1309.1575091575091,-1.0,80.75245410112129,0.2931793270949726,
2023-07-31 13:46:03.037000,-9.144578313253012,-2.4096385542168677,-0.1566265060240964,-2.3347639484978537,-9.143470263641937,0.3237277743715512,3.0,0.2928182928182928,3415.0871872630782,53.014509643960146,13.068585746751353,-3.8829905017190134,1321.6117216117216,-1.0,80.75245410112129,0.29317614697933125,
2023-07-31 13:46:03.044000,-9.265060240963855,-2.36144578313253,-0.0963855421686747,-2.342121397915389,-9.270999386879215,0.30656039239730226,3.0,0.2928182928182928,3415.0871872630782,52.43435697220442,8.976982693316238,-1.44024241011596,1331.8681318681317,-1.0,80.75245410112129,0.293172946661438,
2023-07-31 13:46:03.052000,-9.361445783132531,-2.5301204819277108,-0.04819277108433735,-2.5260576333537705,-9.376456161863887,0.47087676272225626,3.0,0.29237429237429235,3420.2733485193626,51.57939514014335,5.923547578812422,-0.3562729444671053,1337.7289377289376,-1.0,80.75245410112129,0.29316972549392695,
2023-07-31 13:46:03.060000,-9.373493975903616,-2.626506024096386,0.0,-2.6952789699570814,-9.437768240343347,0.5444512568976088,3.0,0.29237429237429235,3420.2733485193626,52.87710506380747,3.9998834566750174,0.8498339257619023,1342.1245421245421,-1.0,80.75245410112129,0.29316648296359726,
2023-07-31 13:46:03.067000,-9.373493975903616,-2.5783132530120483,0.08433734939759037,-2.5358675659104843,-9.366646229307173,0.6204782342121398,3.0,0.2928182928182928,3415.0871872630782,54.022143231746405,2.366295670415475,2.5139560631664826,1342.1245421245421,-1.0,80.75245410112129,0.2931632186465753,
2023-07-31 13:46:03.075000,-9.3855421686747,-2.4819277108433737,0.14457831325301207,-2.41814837522992,-9.430410790925812,0.6008583690987124,3.0,0.2928182928182928,3415.0871872630782,54.281685216479225,1.190723151331506,3.231513315074879,1337.7289377289376,-1.0,80.75245410112129,0.29315993220471404,
2023-07-31 13:46:03.083000,-9.421686746987952,-2.4698795180722892,0.21686746987951808,-2.469650521152667,-9.329858982219497,0.6082158185162476,3.0,0.2928182928182928,3415.0871872630782,54.281685216479225,1.236524678049063,2.071207971563429,1331.135531135531,-1.0,80.75245410112129,0.29315662342326976,
2023-07-31 13:46:03.090000,-9.421686746987952,-2.3493975903614457,0.21686746987951808,-2.239117106069896,-9.457388105456774,0.7700797057020232,3.0,0.2928182928182928,3415.0871872630782,54.44962414777694,1.3739292582017348,1.2315133150748794,1320.14652014652,-1.0,80.75245410112129,0.2931532922163282,
2023-07-31 13:46:03.098000,-9.518072289156628,-2.289156626506024,0.30120481927710846,-2.1949724095646843,-9.499080318822807,0.6989576946658491,3.0,0.2928182928182928,3415.0871872630782,54.7397004836548,1.1754559757589869,3.0788415593496885,1304.7619047619046,-1.0,80.75245410112129,0.2931499386211921,
2023-07-31 13:46:03.106000,-9.542168674698795,-2.3855421686746987,0.39759036144578314,-2.41814837522992,-9.49417535254445,0.7995095033721643,3.0,0.2928182928182928,3415.0871872630782,52.602295903502124,2.79377658644601,1.6131927043878564,1283.5164835164835,-1.0,80.75245410112129,0.2931465627923328,
2023-07-31 13:46:03.113000,-9.530120481927712,-2.433734939759036,0.42168674698795183,-2.3568362967504597,-9.523605150214593,0.8828939301042305,3.0,0.2928182928182928,3415.0871872630782,51.57939514014335,6.747975059728453,0.11700949828098632,1256.4102564102564,-1.0,80.75245410112129,0.293143164994956,
2023-07-31 13:46:03.121000,-9.44578313253012,-2.4819277108433737,0.43373493975903615,-2.491722869405273,-9.3862660944206,0.8093194359288779,3.0,0.2928182928182928,3415.0871872630782,51.335120330983045,10.564768952858223,0.9109026280519786,1227.8388278388277,-1.0,80.75245410112129,0.29313974559824135,
2023-07-31 13:46:03.129000,-9.373493975903616,-2.566265060240964,0.4096385542168675,-2.5187001839362355,-9.364193746167995,0.7749846719803801,3.0,0.2928182928182928,3415.0871872630782,49.67099819357846,14.244158265835322,0.5292232387390016,1201.4652014652013,-1.0,80.75245410112129,0.2931363050683111,
2023-07-31 13:46:03.136000,-9.337349397590362,-2.6506024096385543,0.3373493975903615,-2.6266094420600856,-9.268546903740036,0.7308399754751685,3.0,0.2928182928182928,3415.0871872630782,48.968708117242585,18.96171551774372,0.5292232387390016,1178.7545787545787,-1.0,80.75245410112129,0.2931328439609841,
2023-07-31 13:46:03.144000,-9.301204819277109,-2.662650602409639,0.22891566265060243,-2.599632127529123,-9.204782342121398,0.6425505824647455,3.0,0.2928182928182928,3415.0871872630782,47.74733407144106,24.717440708583414,-0.5547462269098533,1158.2417582417581,-1.0,80.75245410112129,0.29312936291437647,
2023-07-31 13:46:03.152000,-9.253012048192772,-2.63855421686747,0.07228915662650603,-2.6903740036787247,-9.175352544451256,0.48313917841814835,3.0,0.2928182928182928,3415.0871872630782,47.74733407144106,24.717440708583414,-0.5547462269098533,1138.4615384615383,-1.0,80.75245410112129,0.29312586264140306,
2023-07-31 13:46:03.159000,-9.180722891566266,-2.626506024096386,-0.060240963855421686,-2.570202329858982,-9.101778050275904,0.3359901900674433,3.0,0.2928182928182928,3415.0871872630782,47.716799720296024,30.152555212400205,-1.8829905017190136,1120.14652014652,-1.0,80.75245410112129,0.29312234392223985,
2023-07-31 13:46:03.167000,-9.144578313253012,-2.6144578313253013,-0.18072289156626506,-2.5162477007970567,-9.148375229920294,0.29429797670141017,3.0,0.2928182928182928,3415.0871872630782,47.090845521822736,34.36629567041547,-2.508944700192296,1106.227106227106,-1.0,80.75245410112129,0.2931188075967991,
2023-07-31 13:46:03.175000,-9.180722891566266,-2.602409638554217,-0.2530120481927711,-2.5456774984671977,-9.214592274678111,0.23543838136112813,3.0,0.2928182928182928,3415.0871872630782,47.289318804265484,35.8319445253773,-1.8677233261464945,1097.4358974358975,-1.0,80.75245410112129,0.2931152545572777,
2023-07-31 13:46:03.182000,-9.349397590361447,-2.5783132530120483,-0.27710843373493976,-2.5162477007970567,-9.37155119558553,0.21336603310852237,3.0,0.2928182928182928,3415.0871872630782,47.73206689586854,34.06095215896509,-1.3791737078258839,1091.5750915750914,-1.0,80.75245410112129,0.2931116857408275,
2023-07-31 13:46:03.190000,-9.46987951807229,-2.5180722891566267,-0.22891566265060243,-2.4770079705702024,-9.50889025137952,0.269773145309626,3.0,0.2928182928182928,3415.0871872630782,48.70916613250976,29.96934910552998,0.3460171318687726,1087.9120879120878,-1.0,80.75245410112129,0.29310810212240007,
2023-07-31 13:46:03.198000,-9.590361445783133,-2.4216867469879517,-0.24096385542168675,-2.423053341508277,-9.621704475781728,0.23053341508277128,3.0,0.29237429237429235,3420.2733485193626,49.19771575083037,24.96171551774372,1.8422003379756426,1087.179487179487,-1.0,80.75245410112129,0.29310450470781524,
2023-07-31 13:46:03.205000,-9.66265060240964,-2.4457831325301207,-0.22891566265060243,-2.4034334763948495,-9.653586756591048,0.22808093194359289,3.0,0.29237429237429235,3420.2733485193626,50.022143231746405,19.602936891789522,2.2238797272886197,1090.8424908424909,-1.0,80.75245410112129,0.2931008943778045,
2023-07-31 13:46:03.213000,-9.66265060240964,-2.5060240963855422,-0.20481927710843376,-2.388718577559779,-9.663396689147762,0.24279583077866337,3.0,0.29237429237429235,3420.2733485193626,49.716799720296024,15.221257502476544,1.9185362158382382,1098.9010989010987,-1.0,80.75245410112129,0.2930972719985366,
2023-07-31 13:46:03.221000,-9.650602409638555,-2.4578313253012047,-0.1927710843373494,-2.3445738810545675,-9.624156958920906,0.23543838136112813,3.0,0.2928182928182928,3415.0871872630782,50.022143231746405,12.747975059728452,0.8192995746168642,1110.6227106227107,-1.0,80.75245410112129,0.2930936385323019,
2023-07-31 13:46:03.228000,-9.602409638554217,-2.4578313253012047,-0.14457831325301207,-2.3862660944206007,-9.584917228694053,0.26486817903126914,3.0,0.29237429237429235,3420.2733485193626,49.961074529456326,11.78614299865975,0.6971621700367114,1126.007326007326,-1.0,80.75245410112129,0.2930899948925851,
2023-07-31 13:46:03.236000,-9.566265060240964,-2.4457831325301207,-0.08433734939759037,-2.400980993255671,-9.57265481299816,0.33353770692826484,3.0,0.29237429237429235,3420.2733485193626,48.95344094167007,11.496066662781887,0.7276965211817497,1144.3223443223442,-1.0,80.75245410112129,0.2930863418308983,
2023-07-31 13:46:03.244000,-9.530120481927712,-2.4578313253012047,-0.012048192771084338,-2.4206008583690988,-9.49662783568363,0.463519313304721,3.0,0.2928182928182928,3415.0871872630782,48.43435697220442,11.251791853621581,0.239146902861139,1161.1721611721612,-1.0,80.75245410112129,0.29308267991979675,
2023-07-31 13:46:03.251000,-9.433734939759036,-2.4578313253012047,0.03614457831325302,-2.3249540159411404,-9.474555487431024,0.47332924586143466,3.0,0.2928182928182928,3415.0871872630782,48.29695239205174,12.320494143697918,0.5292232387390016,1177.2893772893772,-1.0,80.75245410112129,0.29307900983409546,
2023-07-31 13:46:03.259000,-9.349397590361447,-2.4578313253012047,0.024096385542168676,-2.4083384426732066,-9.219497240956468,0.4316370324954016,3.0,0.2928182928182928,3415.0871872630782,48.37328826991434,13.511333838354407,0.4376201853038871,1190.4761904761904,-1.0,80.75245410112129,0.2930753323662786,
2023-07-31 13:46:03.267000,-9.216867469879519,-2.36144578313253,0.012048192771084338,-2.2857142857142856,-9.118945432250152,0.3727774371551195,3.0,0.2928182928182928,3415.0871872630782,48.4190897966319,15.78614299865975,0.26968125400617715,1202.9304029304028,-1.0,80.75245410112129,0.2930716484221171,
2023-07-31 13:46:03.274000,-9.240963855421688,-2.5301204819277108,0.03614457831325302,-2.560392397302268,-9.192519926425506,0.4463519313304721,3.0,0.29237429237429235,3420.2733485193626,48.648097430219686,17.80141017423227,1.7963988112580855,1215.3846153846152,-1.0,80.75245410112129,0.29306795899652355,
2023-07-31 13:46:03.282000,-9.168674698795181,-2.5301204819277108,0.0,-2.5260576333537705,-9.067443286327405,0.40465971796443895,3.0,0.2928182928182928,3415.0871872630782,47.90000582716625,17.89301322766738,-0.49367752461977704,1224.9084249084249,-1.0,80.75245410112129,0.293064264873134,
2023-07-31 13:46:03.290000,-9.10843373493976,-2.566265060240964,0.012048192771084338,-2.599632127529123,-8.974248927038627,0.45616186388718577,3.0,0.2928182928182928,3415.0871872630782,48.80076918594487,20.900646815453644,0.05594079599090998,1232.2344322344322,-1.0,80.75245410112129,0.2930605667503535,
2023-07-31 13:46:03.297000,-9.10843373493976,-2.63855421686747,-0.024096385542168676,-2.5849172286940525,-9.055180870631514,0.3948497854077253,3.0,0.2928182928182928,3415.0871872630782,48.20534933861663,22.885379639881123,-0.5547462269098533,1238.095238095238,-1.0,80.75245410112129,0.29305686539939185,
2023-07-31 13:46:03.305000,-9.180722891566266,-2.734939759036145,-0.08433734939759037,-2.6977314530962597,-9.096873083997547,0.3384426732066217,3.0,0.29237429237429235,3420.2733485193626,48.61756307907465,25.007517044461277,-1.2723034788182503,1239.5604395604396,-1.0,80.75245410112129,0.29305316152490085,
2023-07-31 13:46:03.313000,-9.19277108433735,-2.771084337349398,-0.16867469879518074,-2.763948497854077,-9.143470263641937,0.2869405272838749,3.0,0.2928182928182928,3415.0871872630782,49.24351727754793,25.877746052094864,-2.1730668375968762,1238.8278388278388,-1.0,80.75245410112129,0.2930494554768151,
2023-07-31 13:46:03.320000,-9.240963855421688,-2.819277108433735,-0.21686746987951808,-2.822808093194359,-9.128755364806867,0.16922133660331085,3.0,0.2928182928182928,3415.0871872630782,49.19771575083037,26.59530330400326,-3.165433249810617,1235.164835164835,-1.0,80.75245410112129,0.29304574753727736,
2023-07-31 13:46:03.328000,-9.27710843373494,-2.8313253012048194,-0.26506024096385544,-2.7664009809932555,-9.297976701410178,0.14469650521152666,3.0,0.2928182928182928,3415.0871872630782,49.3809218577006,26.946448342171198,-4.005127906299166,1229.3040293040292,-1.0,80.75245410112129,0.2930420382080685,
2023-07-31 13:46:03.336000,-9.265060240963855,-2.819277108433735,-0.3253012048192771,-2.810545677498467,-9.163090128755364,0.08338442673206621,3.0,0.29237429237429235,3420.2733485193626,49.335120330983045,26.732707884155932,-4.76848668492512,1222.7106227106226,-1.0,80.75245410112129,0.2930383279239551,
2023-07-31 13:46:03.343000,-9.253012048192772,-2.8313253012048194,-0.43373493975903615,-2.798283261802575,-9.239117106069894,-0.07112201103617412,3.0,0.29237429237429235,3420.2733485193626,49.74733407144106,24.702173533010896,-4.631082104772449,1218.3150183150183,-1.0,80.75245410112129,0.2930346169052872,
2023-07-31 13:46:03.351000,-9.240963855421688,-2.8313253012048194,-0.5421686746987953,-2.8252605763335374,-9.199877375843041,-0.10055180870631514,3.0,0.2928182928182928,3415.0871872630782,49.74733407144106,26.74797505972845,-4.234135539886952,1213.9194139194137,-1.0,80.75245410112129,0.29303090513850916,
2023-07-31 13:46:03.359000,-9.265060240963855,-2.8313253012048194,-0.5542168674698795,-2.8375229920294296,-9.295524218270998,-0.14714898835070508,3.0,0.29237429237429235,3420.2733485193626,49.53359361342579,26.42736437270555,-3.60818134141367,1211.7216117216117,-1.0,80.75245410112129,0.2930271926653864,
2023-07-31 13:46:03.366000,-9.397590361445783,-2.819277108433735,-0.6265060240963856,-2.8080931943592886,-9.378908645003065,-0.21827099938687922,3.0,0.29237429237429235,3420.2733485193626,49.85420430044869,24.137288036827687,-2.0051279062991663,1211.7216117216117,-1.0,80.75245410112129,0.29302347945705504,
2023-07-31 13:46:03.374000,-9.481927710843374,-2.7951807228915664,-0.6265060240963856,-2.7590435315757205,-9.553034947884733,-0.19619865113427343,3.0,0.29237429237429235,3420.2733485193626,49.716799720296024,21.80141017423227,-0.6005477536274106,1213.9194139194137,-1.0,80.75245410112129,0.29301976525682866,
2023-07-31 13:46:03.382000,-9.518072289156628,-2.771084337349398,-0.6385542168674699,-2.763948497854077,-9.521152667075413,-0.2329858982219497,3.0,0.2928182928182928,3415.0871872630782,49.57939514014335,19.74034147194219,0.3154827807237344,1221.245421245421,-1.0,80.75245410112129,0.29301604972114437,
2023-07-31 13:46:03.389000,-9.46987951807229,-2.734939759036145,-0.6506024096385542,-2.781115879828326,-9.49662783568363,-0.19619865113427343,3.0,0.29237429237429235,3420.2733485193626,49.64046384243343,18.030417807820054,1.2009789639298412,1237.3626373626373,-1.0,80.75245410112129,0.29301233257130244,
2023-07-31 13:46:03.397000,-9.457831325301205,-2.7951807228915664,-0.6144578313253012,-2.7835683629675043,-9.398528510116492,-0.18393623543838136,3.0,0.29237429237429235,3420.2733485193626,48.75496765922732,15.984616281102499,1.0788415593496885,1263.7362637362637,-1.0,80.75245410112129,0.29300861346873075,
2023-07-31 13:46:03.405000,-9.44578313253012,-2.843373493975904,-0.6024096385542169,-2.8767627222562844,-9.332311465358675,-0.164316370324954,3.0,0.29237429237429235,3420.2733485193626,48.31221956762427,14.885379639881124,1.5826583532428182,1302.5641025641025,-1.0,80.75245410112129,0.29300489185895273,
2023-07-31 13:46:03.412000,-9.409638554216867,-2.8674698795180724,-0.6144578313253012,-2.857142857142857,-9.332311465358675,-0.18638871857755976,3.0,0.2928182928182928,3415.0871872630782,48.281685216479225,13.480799487209367,1.4910552998077038,1356.7765567765566,-1.0,80.75245410112129,0.29300116711363666,
2023-07-31 13:46:03.420000,-9.349397590361447,-2.8313253012048194,-0.6144578313253012,-2.7884733292458614,-9.285714285714285,-0.1103617412630288,3.0,0.29237429237429235,3420.2733485193626,47.74733407144106,11.908280403239903,1.903269040265719,1426.3736263736262,-1.0,80.75245410112129,0.2929974386833773,
2023-07-31 13:46:03.427000,-9.301204819277109,-2.807228915662651,-0.5783132530120483,-2.7590435315757205,-9.185162477007971,-0.19374616799509503,3.0,0.29237429237429235,3420.2733485193626,47.74733407144106,11.908280403239903,1.903269040265719,1513.5531135531135,-1.0,80.75245410112129,0.29299370597393526,
2023-07-31 13:46:03.435000,-9.204819277108435,-2.783132530120482,-0.6024096385542169,-2.7762109135499693,-9.072348252605764,-0.15450643776824033,3.0,0.2928182928182928,3415.0871872630782,47.7015325447235,10.824310937591047,1.9338033914107573,1616.117216117216,-1.0,80.75245410112129,0.29298996819111167,
2023-07-31 13:46:03.443000,-9.144578313253012,-2.771084337349398,-0.5903614457831325,-2.700183936235438,-9.13856529736358,-0.14224402207234824,3.0,0.29237429237429235,3420.2733485193626,47.62519666686091,10.9464483421712,1.735330108968009,1726.7399267399267,-1.0,80.75245410112129,0.2929862246329247,
2023-07-31 13:46:03.450000,-9.144578313253012,-2.7590361445783134,-0.5783132530120483,-2.74432863274065,-9.069895769466584,-0.20600858369098712,3.0,0.29237429237429235,3420.2733485193626,47.3809218577006,11.221257502476544,1.9185362158382382,1838.8278388278386,-1.0,80.75245410112129,0.29298247456643783,
2023-07-31 13:46:03.458000,-9.19277108433735,-2.771084337349398,-0.6265060240963856,-2.8424279583077863,-9.10668301655426,-0.21827099938687922,3.0,0.29237429237429235,3420.2733485193626,47.274051628692966,12.412097197133033,1.9643377425557953,1945.054945054945,-1.0,80.75245410112129,0.2929787170731594,
2023-07-31 13:46:03.466000,-9.265060240963855,-2.771084337349398,-0.6144578313253012,-2.739423666462293,-9.253832004904966,-0.1520539546290619,3.0,0.2928182928182928,3415.0871872630782,46.7397004836548,12.595303304003261,2.1628110249985433,2037.3626373626373,-1.0,80.75245410112129,0.29297495133113954,
2023-07-31 13:46:03.473000,-9.289156626506024,-2.734939759036145,-0.5783132530120483,-2.7492335990190067,-9.234212139791538,-0.12998160637645614,3.0,0.29237429237429235,3420.2733485193626,46.63283025464717,12.747975059728452,2.1933453761435815,2109.157509157509,-1.0,80.75245410112129,0.29297117660977867,
2023-07-31 13:46:03.481000,-9.313253012048193,-2.710843373493976,-0.5903614457831325,-2.629061925199264,-9.273451870018393,-0.20110361741263028,3.0,0.2928182928182928,3415.0871872630782,46.80076918594487,12.93118116659868,1.6437270555328947,2158.974358974359,-1.0,80.75245410112129,0.29296739201946725,
2023-07-31 13:46:03.489000,-9.3855421686747,-2.7228915662650603,-0.5542168674698795,-2.6830165542611892,-9.35683629675046,-0.12507664009809932,3.0,0.2928182928182928,3415.0871872630782,46.31221956762427,12.976982693316238,1.5521240020977802,2186.080586080586,-1.0,80.75245410112129,0.2929635966557164,
2023-07-31 13:46:03.496000,-9.397590361445783,-2.734939759036145,-0.5542168674698795,-2.692826486817903,-9.378908645003065,-0.06866952789699571,3.0,0.29237429237429235,3420.2733485193626,46.12901346075404,12.885379639881124,1.3994522463725894,2184.6153846153843,-1.0,80.75245410112129,0.2929597897644378,
2023-07-31 13:46:03.504000,-9.397590361445783,-2.6867469879518073,-0.5301204819277109,-2.633966891477621,-9.410790925812385,-0.10300429184549356,3.0,0.29237429237429235,3420.2733485193626,45.976341705028844,12.900646815453642,1.8116659868306046,2158.974358974359,-1.0,80.75245410112129,0.2929559704602047,
2023-07-31 13:46:03.512000,-9.44578313253012,-2.6506024096385543,-0.5301204819277109,-2.5775597792765175,-9.40098099325567,-0.12017167381974249,3.0,0.29237429237429235,3420.2733485193626,46.44962414777694,12.44263154827807,1.7811316356855664,2107.6923076923076,-1.0,80.75245410112129,0.2929521377108132,
2023-07-31 13:46:03.519000,-9.493975903614459,-2.626506024096386,-0.4819277108433735,-2.533415082771306,-9.501532801961986,-0.009809932556713672,3.0,0.29237429237429235,3420.2733485193626,46.19008216304411,11.236524678049063,1.7658644601130473,2039.5604395604394,-1.0,80.75245410112129,0.2929482904808863,
2023-07-31 13:46:03.527000,-9.530120481927712,-2.63855421686747,-0.42168674698795183,-2.616799509503372,-9.503985285101164,-0.041692213366033105,3.0,0.2928182928182928,3415.0871872630782,45.94580735388381,9.190723151331506,2.025406444845872,1961.172161172161,-1.0,80.75245410112129,0.2929444277366228,
2023-07-31 13:46:03.535000,-9.506024096385543,-2.602409638554217,-0.3855421686746988,-2.5898221949724096,-9.50889025137952,0.07847946045370938,3.0,0.29237429237429235,3420.2733485193626,46.37328826991434,7.5571353650719635,1.8269331624031238,1876.923076923077,720.03173828125,83.32966008307197,0.2929405485997171,
2023-07-31 13:46:03.542000,-9.44578313253012,-2.5903614457831328,-0.30120481927710846,-2.55793991416309,-9.388718577559779,0.11526670754138564,3.0,0.29237429237429235,3420.2733485193626,46.327486743196786,6.183089563545246,2.300215605151215,1788.278388278388,-1.0,83.32966008307197,0.292936652224424,
2023-07-31 13:46:03.550000,-9.373493975903616,-2.566265060240964,-0.28915662650602414,-2.4671980380134886,-9.329858982219497,0.1103617412630288,3.0,0.2928182928182928,3415.0871872630782,46.464891323349455,4.870112464308605,2.4986888875939632,1696.7032967032967,-1.0,83.32966008307197,0.292932737642947,
2023-07-31 13:46:03.558000,-9.301204819277109,-2.5180722891566267,-0.24096385542168675,-2.4770079705702024,-9.209687308399754,0.18884120171673818,3.0,0.29237429237429235,3420.2733485193626,46.23588368976167,5.419730784919292,3.231513315074879,1608.7912087912086,-1.0,83.32966008307197,0.2929288040578184,
2023-07-31 13:46:03.565000,-9.253012048192772,-2.4819277108433737,-0.26506024096385544,-2.4500306560392398,-9.177805027590434,0.23789086450030655,3.0,0.29237429237429235,3420.2733485193626,46.23588368976167,6.870112464308605,2.9414369791970167,1524.5421245421244,-1.0,83.32966008307197,0.2929248507186243,
2023-07-31 13:46:03.573000,-9.27710843373494,-2.5542168674698797,-0.1927710843373494,-2.553034947884733,-9.297976701410178,0.26486817903126914,3.0,0.2928182928182928,3415.0871872630782,45.472524911135714,8.42736437270555,3.0941087349222074,1448.3516483516482,-1.0,83.32966008307197,0.29292087676699813,
2023-07-31 13:46:03.581000,-9.409638554216867,-2.5783132530120483,-0.18072289156626506,-2.5064377682403434,-9.420600858369099,0.2893930104230533,3.0,0.29237429237429235,3420.2733485193626,45.274051628692966,8.976982693316238,3.6131927043878562,1380.952380952381,-1.0,83.32966008307197,0.29291688152856044,
2023-07-31 13:46:03.588000,-9.457831325301205,-2.5903614457831328,-0.13253012048192772,-2.5358675659104843,-9.472103004291846,0.328632740649908,3.0,0.29237429237429235,3420.2733485193626,45.64046384243343,9.328127731484177,4.101742322708467,1326.7399267399267,-1.0,83.32966008307197,0.29291286438915354,
2023-07-31 13:46:03.596000,-9.481927710843374,-2.5542168674698797,-0.0963855421686747,-2.4794604537093807,-9.442673206621704,0.34825260576333533,3.0,0.29237429237429235,3420.2733485193626,45.85420430044869,10.106753685682651,4.452887360876406,1282.051282051282,-1.0,83.32966008307197,0.2929088246393041,
2023-07-31 13:46:03.604000,-9.457831325301205,-2.5421686746987953,-0.060240963855421686,-2.4721030042918453,-9.477007970570202,0.3703249540159411,3.0,0.29237429237429235,3420.2733485193626,46.08321193403648,10.747975059728452,3.781131635685566,1244.6886446886447,-1.0,83.32966008307197,0.2929047614775433,
2023-07-31 13:46:03.611000,-9.433734939759036,-2.5301204819277108,-0.060240963855421686,-2.4671980380134886,-9.351931330472102,0.37768240343347637,3.0,0.29237429237429235,3420.2733485193626,45.94580735388381,11.007517044461277,3.2620476662199174,1213.9194139194137,-1.0,83.32966008307197,0.29290067417257676,
2023-07-31 13:46:03.619000,-9.349397590361447,-2.5301204819277108,-0.07228915662650603,-2.5113427345187,-9.275904353157571,0.3384426732066217,3.0,0.29237429237429235,3420.2733485193626,46.44962414777694,12.106753685682651,3.170444612784803,1192.6739926739926,-1.0,83.32966008307197,0.29289656219365073,
2023-07-31 13:46:03.627000,-9.27710843373494,-2.4698795180722892,-0.03614457831325302,-2.393623543838136,-9.155732679337829,0.3801348865726548,3.0,0.29237429237429235,3420.2733485193626,46.80076918594487,13.831944525377306,2.971971330342055,1178.021978021978,-1.0,83.32966008307197,0.29289242506391255,
2023-07-31 13:46:03.634000,-9.289156626506024,-2.4698795180722892,-0.13253012048192772,-2.469650521152667,-9.221949724095646,0.2550582464745555,3.0,0.29237429237429235,3420.2733485193626,46.31221956762427,12.060952158965094,1.8574675135481618,1164.8351648351647,-1.0,83.32966008307197,0.29288826236276394,
2023-07-31 13:46:03.642000,-9.204819277108435,-2.4096385542168677,-0.22891566265060243,-2.4132434089515633,-9.10668301655426,0.13979153893316984,3.0,0.29237429237429235,3420.2733485193626,45.62519666686091,12.976982693316238,0.4376201853038871,1155.3113553113553,-1.0,83.32966008307197,0.292884073727912,
2023-07-31 13:46:03.650000,-9.168674698795181,-2.5060240963855422,-0.26506024096385544,-2.5039852851011646,-9.109135499693439,0.15941140404659718,3.0,0.2919302919302919,3425.4752851711028,44.525960025639534,16.824310937591047,0.4376201853038871,1145.7875457875457,-1.0,83.32966008307197,0.2928798588571076,
2023-07-31 13:46:03.657000,-9.27710843373494,-2.566265060240964,-0.30120481927710846,-2.5137952176578784,-9.27835683629675,0.0956468424279583,3.0,0.2928182928182928,3415.0871872630782,44.03741040731892,16.335761319270436,0.05594079599090998,1139.194139194139,-1.0,83.32966008307197,0.29287561736028467,
2023-07-31 13:46:03.665000,-9.337349397590362,-2.5542168674698797,-0.3493975903614458,-2.530962599632127,-9.322501532801962,0.02452483139178418,3.0,0.29237429237429235,3420.2733485193626,43.67099819357846,19.74034147194219,0.5597575898840398,1131.135531135531,-1.0,83.32966008307197,0.29287134903739354,
2023-07-31 13:46:03.673000,-9.493975903614459,-2.6144578313253013,-0.3493975903614458,-2.575107296137339,-9.469650521152667,-0.017167381974248927,3.0,0.2919302919302919,3425.4752851711028,42.58702872792961,17.74034147194219,-0.7990210360701587,1126.007326007326,-1.0,83.32966008307197,0.29286705391073636,
2023-07-31 13:46:03.680000,-9.614457831325302,-2.602409638554217,-0.44578313253012053,-2.5064377682403434,-9.658491722869405,-0.01226241569589209,3.0,0.29237429237429235,3420.2733485193626,42.99924246838762,15.557135365071963,-1.3486393566808457,1125.2747252747251,-1.0,83.32966008307197,0.29286273177831496,
2023-07-31 13:46:03.688000,-9.590361445783133,-2.5542168674698797,-0.46987951807228917,-2.4647455548743102,-9.575107296137338,-0.10300429184549356,3.0,0.29237429237429235,3420.2733485193626,42.19008216304411,15.679272769652115,-0.7684866849251205,1130.4029304029302,-1.0,83.32966008307197,0.2928583824802255,
2023-07-31 13:46:03.696000,-9.614457831325302,-2.626506024096386,-0.44578313253012053,-2.700183936235438,-9.567749846719803,-0.04659717964438994,3.0,0.29237429237429235,3420.2733485193626,42.12901346075404,13.526601013926925,-0.21886836431443352,1139.194139194139,-1.0,83.32966008307197,0.2928540060575361,
2023-07-31 13:46:03.703000,-9.626506024096386,-2.710843373493976,-0.46987951807228917,-2.6977314530962597,-9.638871857755978,-0.07847946045370938,3.0,0.29237429237429235,3420.2733485193626,42.12901346075404,13.526601013926925,-0.21886836431443352,1152.3809523809523,-1.0,83.32966008307197,0.29284960261301635,
2023-07-31 13:46:03.711000,-9.614457831325302,-2.734939759036145,-0.45783132530120485,-2.7198038013488657,-9.592274678111588,-0.014714898835070508,3.0,0.29237429237429235,3420.2733485193626,42.12901346075404,12.030417807820054,0.10174232270846724,1171.4285714285713,-1.0,83.32966008307197,0.29284517231036095,
2023-07-31 13:46:03.719000,-9.72289156626506,-3.024096385542169,-0.3734939759036145,-3.1195585530349477,-9.626609442060085,0.056407112201103615,3.0,0.29237429237429235,3420.2733485193626,42.12901346075404,11.160188800186468,1.1704446127848032,1194.8717948717947,-1.0,83.32966008307197,0.2928407153731696,
2023-07-31 13:46:03.726000,-9.710843373493976,-3.144578313253012,-0.27710843373493976,-3.1465358675659103,-9.687921520539545,0.21336603310852237,3.0,0.29237429237429235,3420.2733485193626,40.968708117242585,7.358662082629215,-1.0890973719480213,1224.9084249084249,-1.0,83.32966008307197,0.2928362320836993,
2023-07-31 13:46:03.734000,-9.578313253012048,-3.024096385542169,-0.20481927710843376,-3.011649294911097,-9.582464745554875,0.19374616799509503,3.0,0.29237429237429235,3420.2733485193626,42.57176155235709,1.6487384185070784,-3.1196317230930593,1255.6776556776556,-1.0,83.32966008307197,0.2928317227814116,
2023-07-31 13:46:03.742000,-9.421686746987952,-3.0,-0.08433734939759037,-3.0582464745554874,-9.273451870018393,0.3825873697118332,3.0,0.29237429237429235,3420.2733485193626,41.68626536915098,-3.0840860089738373,-3.8219217994289374,1285.7142857142856,-1.0,83.32966008307197,0.29282718786132333,
2023-07-31 13:46:03.749000,-9.168674698795181,-3.060240963855422,-0.060240963855421686,-3.0386266094420598,-9.062538320049049,0.3605150214592274,3.0,0.29237429237429235,3420.2733485193626,40.281685216479225,-5.6795058563020815,-4.447875997902219,1312.8205128205127,-1.0,83.32966008307197,0.2928226277721878,
2023-07-31 13:46:03.757000,-8.831325301204819,-3.096385542168675,-0.18072289156626506,-3.114653586756591,-8.687308399754752,0.328632740649908,3.0,0.29237429237429235,3420.2733485193626,39.85420430044869,-4.824544024241013,-4.570013402482372,1334.7985347985348,-1.0,83.32966008307197,0.2928180431532726,
2023-07-31 13:46:03.765000,-8.530120481927712,-3.1566265060240966,-0.2530120481927711,-3.1171060698957693,-8.353770692826487,0.20600858369098712,3.0,0.29237429237429235,3420.2733485193626,40.25115086533419,-1.1146203601188756,-5.577646990268632,1351.6483516483515,-1.0,83.32966008307197,0.29281343467312415,
2023-07-31 13:46:03.772000,-8.397590361445783,-2.9036144578313254,-0.30120481927710846,-2.761496014714899,-8.454322501532802,0.13979153893316984,3.0,0.29237429237429235,3420.2733485193626,41.594662315715865,3.8319445253773075,-7.379173707825884,1365.5677655677655,-1.0,83.32966008307197,0.2928088028997375,
2023-07-31 13:46:03.780000,-8.578313253012048,-2.6144578313253013,-0.3493975903614458,-2.553034947884733,-8.623543838136113,0.09809932556713671,3.0,0.29237429237429235,3420.2733485193626,43.80840277373113,11.11438727346891,-3.592914165841151,1376.5567765567764,-1.0,83.32966008307197,0.2928041485860926,
2023-07-31 13:46:03.787000,-8.867469879518072,-2.5180722891566267,-0.42168674698795183,-2.481912936848559,-8.900674432863273,-0.05885959534028203,3.0,0.29237429237429235,3420.2733485193626,43.106112697395254,17.847211700949824,0.14754384942602447,1383.150183150183,-1.0,83.32966008307197,0.29279947250844796,
2023-07-31 13:46:03.795000,-9.060240963855422,-2.566265060240964,-0.5301204819277109,-2.5652973635806253,-9.033108522378908,-0.1618638871857756,3.0,0.29237429237429235,3420.2733485193626,42.00687605617388,22.518967426140666,0.7734980478993069,1383.8827838827838,-1.0,83.32966008307197,0.2927947753361043,
2023-07-31 13:46:03.803000,-9.168674698795181,-2.662650602409639,-0.5662650602409639,-2.658491722869405,-9.104230533415082,-0.18393623543838136,3.0,0.2919302919302919,3425.4752851711028,41.777868422586096,25.09912009789639,0.7276965211817497,1381.6849816849815,-1.0,83.32966008307197,0.2927900577778511,
2023-07-31 13:46:03.810000,-9.27710843373494,-2.7590361445783134,-0.6265060240963856,-2.810545677498467,-9.207234825260576,-0.17167381974248927,3.0,0.29237429237429235,3420.2733485193626,41.54886078899831,25.694539945224633,1.2467804906473985,1374.3589743589744,-1.0,83.32966008307197,0.292785320429826,
2023-07-31 13:46:03.818000,-9.409638554216867,-2.771084337349398,-0.674698795180723,-2.7541385652973633,-9.388718577559779,-0.2869405272838749,3.0,0.2919302919302919,3425.4752851711028,41.64046384243343,24.671639181865856,1.4910552998077038,1361.904761904762,-1.0,83.32966008307197,0.29278056403885844,
2023-07-31 13:46:03.826000,-9.590361445783133,-2.746987951807229,-0.6867469879518072,-2.700183936235438,-9.597179644389945,-0.3163703249540159,3.0,0.2919302919302919,3425.4752851711028,41.274051628692966,22.74797505972845,1.5826583532428182,1347.985347985348,-1.0,83.32966008307197,0.2927757894889536,
2023-07-31 13:46:03.833000,-9.74698795180723,-2.710843373493976,-0.710843373493976,-2.7075413856529735,-9.736971183323114,-0.2820355610055181,3.0,0.29237429237429235,3420.2733485193626,40.22061651418915,19.526601013926925,1.5979255288153373,1331.8681318681317,-1.0,83.32966008307197,0.2927709973510326,
2023-07-31 13:46:03.841000,-9.843373493975903,-2.7228915662650603,-0.710843373493976,-2.7198038013488657,-9.844880441446964,-0.31882280809319435,3.0,0.2919302919302919,3425.4752851711028,38.8160363615174,15.938814754384941,1.139910261639765,1315.7509157509157,-1.0,83.32966008307197,0.29276618818797495,
2023-07-31 13:46:03.849000,-9.831325301204819,-2.771084337349398,-0.6987951807228916,-2.7173513182096873,-9.75904353157572,-0.2869405272838749,3.0,0.29237429237429235,3420.2733485193626,37.80840277373114,11.908280403239903,0.4834217120214443,1297.4358974358975,-1.0,83.32966008307197,0.29276136257155405,
2023-07-31 13:46:03.856000,-9.783132530120483,-2.771084337349398,-0.674698795180723,-2.729613733905579,-9.690374003678723,-0.2207234825260576,3.0,0.29237429237429235,3420.2733485193626,37.3809218577006,7.007517044461276,0.8498339257619023,1280.5860805860805,-1.0,83.32966008307197,0.29275652106782296,
2023-07-31 13:46:03.864000,-9.650602409638555,-2.783132530120482,-0.6144578313253012,-2.705088902513795,-9.611894543225015,-0.15941140404659718,3.0,0.29237429237429235,3420.2733485193626,36.8160363615174,3.1907231513315057,0.971971330342055,1263.7362637362637,-1.0,83.32966008307197,0.29275166439295874,
2023-07-31 13:46:03.872000,-9.530120481927712,-2.7590361445783134,-0.49397590361445787,-2.7664009809932555,-9.501532801961986,-0.07357449417535254,3.0,0.29237429237429235,3420.2733485193626,37.151914224112815,0.5495017772857045,1.6131927043878564,1245.4212454212454,-1.0,83.32966008307197,0.29274679327145,
2023-07-31 13:46:03.879000,-9.433734939759036,-2.710843373493976,-0.39759036144578314,-2.6830165542611892,-9.44757817290006,-0.004904966278356836,3.0,0.2919302919302919,3425.4752851711028,36.7397004836548,-1.2214905891265093,2.3460171318687726,1227.8388278388277,-1.0,83.32966008307197,0.2927419084332844,
2023-07-31 13:46:03.887000,-9.325301204819278,-2.698795180722892,-0.3373493975903615,-2.6781115879828326,-9.285714285714285,0.1103617412630288,3.0,0.2919302919302919,3425.4752851711028,36.86183788823495,-1.7558417341646773,3.0635743837771696,1211.7216117216117,-1.0,83.32966008307197,0.29273701046211426,
2023-07-31 13:46:03.895000,-9.228915662650603,-2.6867469879518073,-0.2530120481927711,-2.633966891477621,-9.165542611894542,0.19374616799509503,3.0,0.2919302919302919,3425.4752851711028,36.89237223937999,-0.8550783753860512,3.3383835440825127,1200.0,-1.0,83.32966008307197,0.29273209977113707,
2023-07-31 13:46:03.902000,-9.180722891566266,-2.6867469879518073,-0.21686746987951808,-2.6609442060085837,-9.126302881667687,0.29429797670141017,3.0,0.2919302919302919,3425.4752851711028,36.4190897966319,0.6869063574383761,3.3383835440825127,1192.6739926739926,-1.0,83.32966008307197,0.2927271767382271,
2023-07-31 13:46:03.910000,-9.168674698795181,-2.6867469879518073,-0.16867469879518074,-2.6437768240343344,-9.096873083997547,0.2575107296137339,3.0,0.29237429237429235,3420.2733485193626,36.61756307907465,3.434997960491811,3.9796049181283144,1190.4761904761904,-1.0,83.32966008307197,0.29272224170246647,
2023-07-31 13:46:03.918000,-9.204819277108435,-2.698795180722892,-0.20481927710843376,-2.670754138565297,-9.16799509503372,0.19374616799509503,3.0,0.29237429237429235,3420.2733485193626,36.99924246838762,5.6640055940795975,2.7276965211817497,1190.4761904761904,-1.0,83.32966008307197,0.29271729511013644,
2023-07-31 13:46:03.925000,-9.19277108433735,-2.63855421686747,-0.1927710843373494,-2.5947271612507663,-9.141017780502759,0.22808093194359289,3.0,0.29237429237429235,3420.2733485193626,37.67099819357846,7.709807120797154,2.254414078433658,1191.2087912087911,-1.0,83.32966008307197,0.29271233753348525,
2023-07-31 13:46:03.933000,-9.228915662650603,-2.5903614457831328,-0.14457831325301207,-2.5652973635806253,-9.209687308399754,0.2550582464745555,3.0,0.2919302919302919,3425.4752851711028,37.0603111706777,9.251791853621581,1.7505972845405282,1193.4065934065934,-1.0,83.32966008307197,0.2927073695307666,
2023-07-31 13:46:03.941000,-9.27710843373494,-2.6144578313253013,-0.18072289156626506,-2.560392397302268,-9.199877375843041,0.17903126916002451,3.0,0.2919302919302919,3425.4752851711028,36.51069285006702,11.434997960491811,1.338383544082513,1194.8717948717947,-1.0,83.32966008307197,0.2927023914961542,
2023-07-31 13:46:03.948000,-9.313253012048193,-2.63855421686747,-0.22891566265060243,-2.562844880441447,-9.312691600245248,0.2452483139178418,3.0,0.29237429237429235,3420.2733485193626,36.968708117242585,12.80904376201853,0.8956354524794595,1196.3369963369962,-1.0,83.32966008307197,0.29269740377624837,
2023-07-31 13:46:03.956000,-9.337349397590362,-2.5903614457831328,-0.24096385542168675,-2.592274678111588,-9.320049049662783,0.15695892090741875,3.0,0.2919302919302919,3425.4752851711028,36.63283025464717,14.10675368568265,1.139910261639765,1198.5347985347985,-1.0,83.32966008307197,0.292692406797368,
2023-07-31 13:46:03.964000,-9.373493975903616,-2.5903614457831328,-0.2530120481927711,-2.5971796443899446,-9.40098099325567,0.09074187614960147,3.0,0.2919302919302919,3425.4752851711028,35.976341705028844,15.007517044461276,0.8345667501893832,1204.3956043956043,-1.0,83.32966008307197,0.2926874008091525,
2023-07-31 13:46:03.971000,-9.433734939759036,-2.602409638554217,-0.28915662650602414,-2.599632127529123,-9.374003678724709,0.12998160637645614,3.0,0.2919302919302919,3425.4752851711028,35.50305926228075,15.572402540644482,0.0406736204183909,1210.989010989011,-1.0,83.32966008307197,0.2926823858736104,
2023-07-31 13:46:03.979000,-9.457831325301205,-2.5903614457831328,-0.3734939759036145,-2.5088902513795217,-9.5113427345187,0.08338442673206621,3.0,0.2919302919302919,3425.4752851711028,35.50305926228075,15.572402540644482,0.0406736204183909,1219.047619047619,-1.0,83.32966008307197,0.2926773621417639,
2023-07-31 13:46:03.987000,-9.481927710843374,-2.6144578313253013,-0.39759036144578314,-2.55793991416309,-9.469650521152667,0.002452483139178418,3.0,0.2919302919302919,3425.4752851711028,35.25878445312045,16.137288036827687,0.26968125400617715,1229.3040293040292,-1.0,83.32966008307197,0.29267232983268304,
2023-07-31 13:46:03.994000,-9.481927710843374,-2.63855421686747,-0.46987951807228917,-2.60453709380748,-9.440220723482526,-0.02452483139178418,3.0,0.2919302919302919,3425.4752851711028,35.0603111706777,15.679272769652115,0.025406444845871817,1241.7582417582416,-1.0,83.32966008307197,0.29266728908517703,
2023-07-31 13:46:04.002000,-9.481927710843374,-2.6506024096385543,-0.44578313253012053,-2.680564071122011,-9.454935622317596,-0.002452483139178418,3.0,0.2919302919302919,3425.4752851711028,35.090845521822736,14.885379639881124,0.0406736204183909,1253.4798534798533,-1.0,83.32966008307197,0.2926622399588547,
2023-07-31 13:46:04.010000,-9.481927710843374,-2.662650602409639,-0.46987951807228917,-2.6020846106683013,-9.452483139178417,-0.01226241569589209,3.0,0.2919302919302919,3425.4752851711028,34.80076918594487,13.389196433774254,-0.1425324864518381,1262.2710622710622,-1.0,83.32966008307197,0.29265718243526645,
2023-07-31 13:46:04.017000,-9.457831325301205,-2.662650602409639,-0.4096385542168675,-2.609442060085837,-9.359288779889638,0.0269773145309626,3.0,0.29237429237429235,3420.2733485193626,35.274051628692966,11.77087582308723,-0.2341355398869526,1268.8644688644688,-1.0,83.32966008307197,0.292652116280377,
2023-07-31 13:46:04.025000,-9.3855421686747,-2.674698795180723,-0.43373493975903615,-2.6069895769466584,-9.329858982219497,-0.014714898835070508,3.0,0.2919302919302919,3425.4752851711028,34.648097430219686,10.763242235300972,-0.4631431734747389,1272.5274725274724,-1.0,83.32966008307197,0.2926470412155459,
2023-07-31 13:46:04.033000,-9.397590361445783,-2.674698795180723,-0.43373493975903615,-2.6609442060085837,-9.283261802575106,-0.019619865113427344,3.0,0.2919302919302919,3425.4752851711028,34.61756307907465,9.480799487209369,-0.2341355398869526,1274.7252747252746,-1.0,83.32966008307197,0.2926419569394997,
2023-07-31 13:46:04.040000,-9.3855421686747,-2.674698795180723,-0.39759036144578314,-2.5898221949724096,-9.275904353157571,0.004904966278356836,3.0,0.2919302919302919,3425.4752851711028,34.72443330808228,7.480799487209368,-0.20360118874191444,1273.260073260073,-1.0,83.32966008307197,0.292636862969785,
2023-07-31 13:46:04.048000,-9.361445783132531,-2.662650602409639,-0.3734939759036145,-2.5726548129981603,-9.307786633966892,0.06131207847946045,3.0,0.2919302919302919,3425.4752851711028,34.77023483479984,6.518967426140666,-0.1425324864518381,1268.8644688644688,-1.0,83.32966008307197,0.29263175878238756,
2023-07-31 13:46:04.056000,-9.349397590361447,-2.674698795180723,-0.3493975903614458,-2.6486817903126916,-9.214592274678111,0.14714898835070508,3.0,0.2919302919302919,3425.4752851711028,34.87710506380747,5.602936891789521,-0.661616455917487,1264.4688644688645,-1.0,83.32966008307197,0.29262664381289943,
2023-07-31 13:46:04.063000,-9.289156626506024,-2.674698795180723,-0.30120481927710846,-2.6388718577559778,-9.236664622930716,0.06866952789699571,3.0,0.2919302919302919,3425.4752851711028,34.67863178136472,5.404463609346773,-1.0738301963755021,1260.07326007326,-1.0,83.32966008307197,0.29262151759672655,
2023-07-31 13:46:04.071000,-9.289156626506024,-2.674698795180723,-0.28915662650602414,-2.60453709380748,-9.253832004904966,0.12017167381974249,3.0,0.2919302919302919,3425.4752851711028,34.58702872792961,5.709807120797155,-1.211234776528174,1257.142857142857,-1.0,83.32966008307197,0.2926163796117099,
2023-07-31 13:46:04.079000,-9.301204819277109,-2.662650602409639,-0.27710843373493976,-2.6241569589209073,-9.280809319435928,0.14224402207234824,3.0,0.2919302919302919,3425.4752851711028,34.785502010372355,6.320494143697918,-1.211234776528174,1257.142857142857,-1.0,83.32966008307197,0.29261122915255156,
2023-07-31 13:46:04.086000,-9.301204819277109,-2.6867469879518073,-0.27710843373493976,-2.663396689147762,-9.285714285714285,0.1912936848559166,3.0,0.2919302919302919,3425.4752851711028,34.8160363615174,7.160188800186468,-1.043295845230464,1258.6080586080586,-1.0,83.32966008307197,0.29260606548223317,
2023-07-31 13:46:04.094000,-9.349397590361447,-2.710843373493976,-0.2530120481927711,-2.6315144083384427,-9.300429184549357,0.13243408951563457,3.0,0.2919302919302919,3425.4752851711028,34.098479109608995,8.213623914690285,-0.875356913932754,1261.5384615384614,-1.0,83.32966008307197,0.2926008878344189,
2023-07-31 13:46:04.102000,-9.337349397590362,-2.710843373493976,-0.2530120481927711,-2.6560392397302266,-9.261189454322501,0.10300429184549356,3.0,0.2919302919302919,3425.4752851711028,34.281685216479225,9.45026513606433,-0.6921508070625251,1263.003663003663,-1.0,83.32966008307197,0.2925956955548787,
2023-07-31 13:46:04.109000,-9.361445783132531,-2.698795180722892,-0.26506024096385544,-2.7198038013488657,-9.297976701410178,0.08583690987124463,3.0,0.2919302919302919,3425.4752851711028,33.777868422586096,10.656372006293338,-0.6158149291999296,1263.003663003663,-1.0,83.32966008307197,0.29259048808404503,
2023-07-31 13:46:04.117000,-9.361445783132531,-2.746987951807229,-0.30120481927710846,-2.734518700183936,-9.268546903740036,0.12752912323727775,3.0,0.2919302919302919,3425.4752851711028,33.31985315541053,11.816677349804788,-0.676883631490006,1266.6666666666665,-1.0,83.32966008307197,0.2925852646734641,
2023-07-31 13:46:04.125000,-9.349397590361447,-2.734939759036145,-0.30120481927710846,-2.680564071122011,-9.344573881054567,0.11526670754138564,3.0,0.29148629148629146,3430.693069306931,32.9839752928151,13.038051395606315,-0.4173416467571816,1277.6556776556777,-1.0,83.32966008307197,0.29258002454946197,
2023-07-31 13:46:04.132000,-9.325301204819278,-2.746987951807229,-0.3493975903614458,-2.732066217044758,-9.268546903740036,0.05150214592274678,3.0,0.2919302919302919,3425.4752851711028,32.95344094167007,13.572402540644482,-0.43260882232970066,1300.3663003663003,-1.0,83.32966008307197,0.2925747668960368,
2023-07-31 13:46:04.140000,-9.325301204819278,-2.746987951807229,-0.3614457831325301,-2.7492335990190067,-9.251379521765788,0.03678724708767627,3.0,0.2919302919302919,3425.4752851711028,32.95344094167007,14.198356739117765,-0.6005477536274106,1339.194139194139,-1.0,83.32966008307197,0.2925694908377771,
2023-07-31 13:46:04.148000,-9.325301204819278,-2.746987951807229,-0.39759036144578314,-2.6903740036787247,-9.266094420600858,0.05885959534028203,3.0,0.2919302919302919,3425.4752851711028,32.67863178136472,14.488433074995628,-0.5547462269098533,1397.8021978021977,-1.0,83.32966008307197,0.2925641956036033,
2023-07-31 13:46:04.155000,-9.337349397590362,-2.771084337349398,-0.3855421686746988,-2.7247087676272224,-9.26364193746168,-0.041692213366033105,3.0,0.2919302919302919,3425.4752851711028,32.464891323349455,14.457898723850588,-0.7684866849251205,1474.7252747252746,-1.0,83.32966008307197,0.29255888039263767,
2023-07-31 13:46:04.163000,-9.313253012048193,-2.771084337349398,-0.43373493975903615,-2.7173513182096873,-9.24892703862661,-0.034334763948497854,3.0,0.2919302919302919,3425.4752851711028,32.37328826991434,13.984616281102499,-1.226501952100693,1567.7655677655678,-1.0,83.32966008307197,0.2925535443788228,
2023-07-31 13:46:04.170000,-9.313253012048193,-2.783132530120482,-0.45783132530120485,-2.722256284488044,-9.23175965665236,-0.002452483139178418,3.0,0.2919302919302919,3425.4752851711028,32.37328826991434,13.938814754384941,-0.9669599673678686,1669.5970695970695,-1.0,83.32966008307197,0.2925481867155278,
2023-07-31 13:46:04.178000,-9.301204819277109,-2.783132530120482,-0.5060240963855422,-2.8129981606376453,-9.21704475781729,-0.0539546290619252,3.0,0.2919302919302919,3425.4752851711028,32.31221956762427,13.419730784919292,-0.5852805780548915,1773.6263736263736,-1.0,83.32966008307197,0.29254280654013615,
2023-07-31 13:46:04.186000,-9.325301204819278,-2.807228915662651,-0.5180722891566265,-2.8056407112201103,-9.317596566523605,-0.08583690987124463,3.0,0.2919302919302919,3425.4752851711028,32.31221956762427,12.992249868888758,-1.028028669657945,1873.9926739926739,-1.0,83.32966008307197,0.29253740297861214,
2023-07-31 13:46:04.193000,-9.349397590361447,-2.8313253012048194,-0.4819277108433735,-2.7541385652973633,-9.29307173513182,-0.03188228080931944,3.0,0.2919302919302919,3425.4752851711028,32.25115086533419,12.381562845987993,-0.661616455917487,1967.032967032967,-1.0,83.32966008307197,0.29253197515003376,
2023-07-31 13:46:04.201000,-9.349397590361447,-2.819277108433735,-0.5180722891566265,-2.7786633966891476,-9.295524218270998,-0.1103617412630288,3.0,0.2919302919302919,3425.4752851711028,32.03741040731892,11.144921624613948,-0.7532195093526014,2046.153846153846,-1.0,83.32966008307197,0.29252652217109143,
2023-07-31 13:46:04.209000,-9.325301204819278,-2.819277108433735,-0.5180722891566265,-2.7271612507664007,-9.297976701410178,-0.041692213366033105,3.0,0.2919302919302919,3425.4752851711028,31.823669949303653,10.96171551774372,-0.7074179826350442,2108.424908424908,-1.0,83.32966008307197,0.2925210431605471,
2023-07-31 13:46:04.216000,-9.325301204819278,-2.8313253012048194,-0.5180722891566265,-2.74432863274065,-9.268546903740036,-0.0539546290619252,3.0,0.2919302919302919,3425.4752851711028,31.838937124876175,10.900646815453642,-0.2341355398869526,2151.6483516483513,-1.0,83.32966008307197,0.29251553724364976,
2023-07-31 13:46:04.224000,-9.337349397590362,-2.819277108433735,-0.5180722891566265,-2.7958307786633965,-9.35683629675046,-0.07357449417535254,3.0,0.2919302919302919,3425.4752851711028,31.533593613425793,10.503700250568146,-0.4631431734747389,2169.96336996337,-1.0,83.32966008307197,0.29251000355650253,
2023-07-31 13:46:04.232000,-9.361445783132531,-2.843373493975904,-0.5060240963855422,-2.768853464132434,-9.26364193746168,-0.11771919068056406,3.0,0.2919302919302919,3425.4752851711028,31.24351727754793,10.244158265835322,-0.5394790513373343,2163.3699633699634,-1.0,83.32966008307197,0.2925044412503815,
2023-07-31 13:46:04.239000,-9.313253012048193,-2.819277108433735,-0.46987951807228917,-2.763948497854077,-9.209687308399754,-0.08828939301042305,3.0,0.2919302919302919,3425.4752851711028,30.70916613250976,10.335761319270437,-0.29520424217702895,2130.4029304029305,-1.0,83.32966008307197,0.2924988493572512,
2023-07-31 13:46:04.247000,-9.313253012048193,-2.8313253012048194,-0.45783132530120485,-2.8375229920294296,-9.261189454322501,-0.05885959534028203,3.0,0.2919302919302919,3425.4752851711028,30.419089796631898,9.969349105529979,-0.5852805780548915,2073.9926739926736,-1.0,83.32966008307197,0.2924932269531042,
2023-07-31 13:46:04.255000,-9.301204819277109,-2.843373493975904,-0.49397590361445787,-2.7664009809932555,-9.209687308399754,-0.07847946045370938,3.0,0.2919302919302919,3425.4752851711028,30.419089796631898,9.969349105529979,-0.5852805780548915,1999.9999999999998,-1.0,83.32966008307197,0.2924875732897299,
2023-07-31 13:46:04.262000,-9.27710843373494,-2.843373493975904,-0.49397590361445787,-2.7958307786633965,-9.234212139791538,-0.041692213366033105,3.0,0.2919302919302919,3425.4752851711028,30.006876056173883,10.076219334537612,-0.5547462269098533,1914.2857142857142,-1.0,83.32966008307197,0.2924818875109645,
2023-07-31 13:46:04.270000,-9.27710843373494,-2.855421686746988,-0.5180722891566265,-2.862047823421214,-9.253832004904966,-0.04904966278356836,3.0,0.2919302919302919,3425.4752851711028,29.991608880601365,9.969349105529979,-0.5852805780548915,1823.4432234432234,735.3515625,81.59362549800797,0.2924761686773051,
2023-07-31 13:46:04.278000,-9.253012048192772,-2.855421686746988,-0.5060240963855422,-2.832618025751073,-9.266094420600858,-0.07847946045370938,3.0,0.29148629148629146,3430.693069306931,30.098479109609,9.725074296369673,-0.5242118757648152,1728.2051282051282,-1.0,81.59362549800797,0.2924704160568229,
2023-07-31 13:46:04.285000,-9.27710843373494,-2.8674698795180724,-0.5060240963855422,-2.822808093194359,-9.209687308399754,-0.07602697731453095,3.0,0.29148629148629146,3430.693069306931,29.884738651593732,10.259425441407842,-0.2341355398869526,1632.9670329670328,-1.0,81.59362549800797,0.2924646289584914,
2023-07-31 13:46:04.293000,-9.27710843373494,-2.855421686746988,-0.49397590361445787,-2.793378295524218,-9.21704475781729,-0.0539546290619252,3.0,0.29148629148629146,3430.693069306931,29.56412796457083,10.12202086125517,-0.5547462269098533,1540.6593406593406,-1.0,81.59362549800797,0.29245880656544393,
2023-07-31 13:46:04.301000,-9.265060240963855,-2.855421686746988,-0.5180722891566265,-2.7762109135499693,-9.175352544451256,-0.02452483139178418,3.0,0.29148629148629146,3430.693069306931,29.319853155410524,9.831944525377308,-0.5394790513373343,1460.8058608058607,-1.0,81.59362549800797,0.29245294807638755,
2023-07-31 13:46:04.308000,-9.265060240963855,-2.879518072289157,-0.5180722891566265,-2.8375229920294296,-9.295524218270998,-0.03188228080931944,3.0,0.2919302919302919,3425.4752851711028,29.029776819532664,9.938814754384941,-0.47841034904725793,1391.9413919413919,-1.0,81.59362549800797,0.29244705256924725,
2023-07-31 13:46:04.316000,-9.313253012048193,-2.855421686746988,-0.5060240963855422,-2.7835683629675043,-9.300429184549357,-0.11771919068056406,3.0,0.2919302919302919,3425.4752851711028,28.648097430219686,9.587669716217002,-0.676883631490006,1336.263736263736,-1.0,81.59362549800797,0.292441119172967,
2023-07-31 13:46:04.324000,-9.337349397590362,-2.855421686746988,-0.5060240963855422,-2.803188228080932,-9.258736971183323,-0.0809319435928878,3.0,0.29148629148629146,3430.693069306931,28.632830254647168,9.419730784919292,-0.7532195093526014,1294.5054945054944,-1.0,81.59362549800797,0.2924351472392368,
2023-07-31 13:46:04.331000,-9.301204819277109,-2.819277108433735,-0.5421686746987953,-2.8007357449417536,-9.226854690374003,-0.09809932556713671,3.0,0.29148629148629146,3430.693069306931,28.327486743196786,9.083852922323873,-0.9669599673678686,1265.2014652014652,-1.0,81.59362549800797,0.29242913605663395,
2023-07-31 13:46:04.339000,-9.325301204819278,-2.8313253012048194,-0.5542168674698795,-2.8375229920294296,-9.270999386879215,-0.13733905579399142,3.0,0.29148629148629146,3430.693069306931,28.174814987471592,9.267059029194101,-1.1043645475205404,1243.2234432234432,-1.0,81.59362549800797,0.29242308483106116,
2023-07-31 13:46:04.347000,-9.325301204819278,-2.819277108433735,-0.5301204819277109,-2.803188228080932,-9.27835683629675,-0.11281422440220723,3.0,0.29148629148629146,3430.693069306931,28.174814987471592,8.259425441407842,-1.2875706543907695,1226.3736263736264,-1.0,81.59362549800797,0.2924169928252462,
2023-07-31 13:46:04.354000,-9.301204819277109,-2.807228915662651,-0.5662650602409639,-2.7664009809932555,-9.285714285714285,-0.16676885346413242,3.0,0.29148629148629146,3430.693069306931,27.686265369150984,7.908280403239902,-1.1959676009556548,1212.4542124542124,-1.0,81.59362549800797,0.2924108593594339,
2023-07-31 13:46:04.362000,-9.289156626506024,-2.807228915662651,-0.5662650602409639,-2.692826486817903,-9.268546903740036,-0.18393623543838136,3.0,0.29148629148629146,3430.693069306931,27.39618903327312,7.6640055940795975,-0.8906240895052732,1200.7326007326008,-1.0,81.59362549800797,0.29240468381201584,
2023-07-31 13:46:04.370000,-9.301204819277109,-2.819277108433735,-0.5662650602409639,-2.844880441446965,-9.18270999386879,-0.09809932556713671,3.0,0.29148629148629146,3430.693069306931,27.106112697395258,8.076219334537612,-0.844822562787716,1188.278388278388,-1.0,81.59362549800797,0.29239846562010247,
2023-07-31 13:46:04.377000,-9.301204819277109,-2.843373493975904,-0.5783132530120483,-2.7369711833231145,-9.226854690374003,-0.0809319435928878,3.0,0.29148629148629146,3430.693069306931,26.55649437678457,7.755608647514712,-0.6463492803449679,1178.021978021978,-1.0,81.59362549800797,0.2923922044187867,
2023-07-31 13:46:04.385000,-9.301204819277109,-2.819277108433735,-0.5301204819277109,-2.8203556100551808,-9.285714285714285,-0.12752912323727775,3.0,0.29148629148629146,3430.693069306931,26.312219567624265,8.228891090262803,-0.5700134024823724,1171.4285714285713,-1.0,81.59362549800797,0.2923859000212253,
2023-07-31 13:46:04.393000,-9.289156626506024,-2.8313253012048194,-0.5060240963855422,-2.8129981606376453,-9.258736971183323,-0.11526670754138564,3.0,0.29148629148629146,3430.693069306931,25.793135598158617,7.725074296369674,-0.12726531087931903,1164.8351648351647,-1.0,81.59362549800797,0.2923795521323002,
2023-07-31 13:46:04.400000,-9.289156626506024,-2.843373493975904,-0.5542168674698795,-2.822808093194359,-9.273451870018393,-0.13243408951563457,3.0,0.29148629148629146,3430.693069306931,25.335120330983045,7.541868189499445,-0.6463492803449679,1161.1721611721612,-1.0,81.59362549800797,0.29237316050920215,
2023-07-31 13:46:04.408000,-9.301204819277109,-2.855421686746988,-0.5542168674698795,-2.810545677498467,-9.239117106069894,-0.06866952789699571,3.0,0.29148629148629146,3430.693069306931,24.93817376609755,7.480799487209368,-0.4173416467571816,1164.8351648351647,-1.0,81.59362549800797,0.2923667250902483,
2023-07-31 13:46:04.416000,-9.313253012048193,-2.8674698795180724,-0.5542168674698795,-2.8473329245861434,-9.229307173513181,-0.16676885346413242,3.0,0.29148629148629146,3430.693069306931,24.617563079074646,7.541868189499445,-0.44787599790221977,1174.3589743589744,-1.0,81.59362549800797,0.2923602458467406,
2023-07-31 13:46:04.423000,-9.313253012048193,-2.879518072289157,-0.5421686746987953,-2.881667688534641,-9.297976701410178,-0.14224402207234824,3.0,0.29148629148629146,3430.693069306931,24.25115086533419,6.976982693316239,-0.47841034904725793,1191.2087912087911,-1.0,81.59362549800797,0.29235372278387733,
2023-07-31 13:46:04.431000,-9.313253012048193,-2.855421686746988,-0.5421686746987953,-2.8767627222562844,-9.273451870018393,-0.07602697731453095,3.0,0.291042291042291,3435.9267734553778,23.976341705028847,6.870112464308605,-0.3257385933220671,1210.2564102564102,-1.0,81.59362549800797,0.2923471559414235,
2023-07-31 13:46:04.439000,-9.301204819277109,-2.855421686746988,-0.5301204819277109,-2.810545677498467,-9.273451870018393,-0.1079092581238504,3.0,0.291042291042291,3435.9267734553778,23.457257735563196,6.396830021560513,-0.18833401316939535,1232.2344322344322,-1.0,81.59362549800797,0.29234054538360454,
2023-07-31 13:46:04.446000,-9.313253012048193,-2.879518072289157,-0.5301204819277109,-2.8375229920294296,-9.268546903740036,-0.06131207847946045,3.0,0.29148629148629146,3430.693069306931,23.197715750830373,6.152555212400208,-0.38680729561214344,1256.4102564102564,-1.0,81.59362549800797,0.2923338910183162,
2023-07-31 13:46:04.454000,-9.289156626506024,-2.891566265060241,-0.5421686746987953,-2.8252605763335374,-9.307786633966892,-0.14224402207234824,3.0,0.29148629148629146,3430.693069306931,22.78550201037236,5.938814754384941,-0.11199813530679993,1282.7838827838827,-1.0,81.59362549800797,0.29232719275586755,
2023-07-31 13:46:04.462000,-9.313253012048193,-2.91566265060241,-0.5301204819277109,-2.874310239117106,-9.290619251992641,-0.07847946045370938,3.0,0.29148629148629146,3430.693069306931,22.174814987471596,5.358662082629215,-0.4020744711846625,1309.1575091575091,-1.0,81.59362549800797,0.2923204506778787,
2023-07-31 13:46:04.469000,-9.313253012048193,-2.891566265060241,-0.5301204819277109,-2.9086450030656037,-9.246474555487431,-0.009809932556713672,3.0,0.29148629148629146,3430.693069306931,21.701532544723502,5.129654449041429,-0.44787599790221977,1331.8681318681317,-1.0,81.59362549800797,0.29231366489758304,
2023-07-31 13:46:04.477000,-9.27710843373494,-2.9036144578313254,-0.5421686746987953,-2.891477621091355,-9.256284488044145,-0.164316370324954,3.0,0.29148629148629146,3430.693069306931,21.62519666686091,5.0991200978963915,-0.676883631490006,1353.8461538461538,-1.0,81.59362549800797,0.29230683555872833,
2023-07-31 13:46:04.485000,-9.253012048192772,-2.927710843373494,-0.5421686746987953,-2.920907418761496,-9.256284488044145,-0.09809932556713671,3.0,0.29148629148629146,3430.693069306931,20.693898956937243,5.343394907056696,-0.47841034904725793,1373.6263736263736,-1.0,81.59362549800797,0.2922999628343475,
2023-07-31 13:46:04.492000,-9.228915662650603,-2.9397590361445785,-0.5421686746987953,-2.933169834457388,-9.145922746781116,-0.09074187614960147,3.0,0.29148629148629146,3430.693069306931,20.525960025639534,4.976982693316239,-0.6005477536274106,1389.7435897435896,-1.0,81.59362549800797,0.29229304692542785,
2023-07-31 13:46:04.500000,-9.240963855421688,-2.963855421686747,-0.5662650602409639,-2.886572654812998,-9.24892703862661,-0.12998160637645614,3.0,0.29148629148629146,3430.693069306931,20.358021094341822,4.976982693316239,-0.4020744711846625,1402.197802197802,-1.0,81.59362549800797,0.29228608805949813,
2023-07-31 13:46:04.508000,-9.253012048192772,-2.963855421686747,-0.5301204819277109,-2.940527283874923,-9.145922746781116,-0.07357449417535254,3.0,0.29148629148629146,3430.693069306931,19.57939514014335,4.503700250568147,-0.2646698910319908,1409.5238095238094,-1.0,81.59362549800797,0.29227908648916323,
2023-07-31 13:46:04.515000,-9.265060240963855,-2.9759036144578315,-0.5180722891566265,-3.0018393623543838,-9.21704475781729,-0.09809932556713671,3.0,0.29148629148629146,3430.693069306931,18.983975292815106,4.228891090262803,-0.5089447001922961,1410.989010989011,-1.0,81.59362549800797,0.29227204249060945,
2023-07-31 13:46:04.523000,-9.240963855421688,-3.0,-0.5421686746987953,-2.9380748007357447,-9.207234825260576,-0.09319435928877988,3.0,0.29148629148629146,3430.693069306931,18.846570712662434,3.770875823087231,-0.676883631490006,1405.8608058608058,-1.0,81.59362549800797,0.2922649563621085,
2023-07-31 13:46:04.531000,-9.253012048192772,-2.987951807228916,-0.5421686746987953,-2.982219497240956,-9.256284488044145,-0.09074187614960147,3.0,0.29148629148629146,3430.693069306931,18.846570712662434,3.770875823087231,-0.676883631490006,1395.6043956043954,-1.0,81.59362549800797,0.29225782842254494,
2023-07-31 13:46:04.538000,-9.265060240963855,-2.987951807228916,-0.5180722891566265,-2.9258123850398525,-9.18761496014715,-0.12998160637645614,3.0,0.29148629148629146,3430.693069306931,18.23588368976167,3.2975933803391393,-0.875356913932754,1380.952380952381,-1.0,81.59362549800797,0.2922506590099934,
2023-07-31 13:46:04.546000,-9.265060240963855,-2.987951807228916,-0.5180722891566265,-3.009196811771919,-9.175352544451256,-0.12017167381974249,3.0,0.29148629148629146,3430.693069306931,17.71679972029602,2.992249868888758,-0.9516927917953495,1364.102564102564,-1.0,81.59362549800797,0.2922434484803719,
2023-07-31 13:46:04.553000,-9.253012048192772,-2.9759036144578315,-0.5662650602409639,-2.911097486204782,-9.209687308399754,-0.11771919068056406,3.0,0.291042291042291,3435.9267734553778,17.151914224112815,2.3357613192704374,-0.7990210360701587,1344.3223443223442,-1.0,81.59362549800797,0.29223619720619365,
2023-07-31 13:46:04.561000,-9.253012048192772,-2.9397590361445785,-0.5662650602409639,-2.9356223175965663,-9.214592274678111,-0.0956468424279583,3.0,0.291042291042291,3435.9267734553778,16.78550201037236,2.320494143697918,-0.3562729444671053,1324.5421245421244,-1.0,81.59362549800797,0.2922289054261514,
2023-07-31 13:46:04.569000,-9.265060240963855,-2.891566265060241,-0.5180722891566265,-2.827713059472716,-9.280809319435928,-0.134886572654813,3.0,0.291042291042291,3435.9267734553778,16.541227201212052,1.6640055940795975,0.16281102499854358,1305.4945054945053,-1.0,81.59362549800797,0.2922215732222659,
2023-07-31 13:46:04.576000,-9.27710843373494,-2.891566265060241,-0.5301204819277109,-2.8522378908645,-9.256284488044145,-0.07847946045370938,3.0,0.291042291042291,3435.9267734553778,16.28168521647923,1.0075170444612769,0.7582308723267878,1286.4468864468863,-1.0,81.59362549800797,0.29221420065614084,
2023-07-31 13:46:04.584000,-9.313253012048193,-2.879518072289157,-0.49397590361445787,-2.8179031269160024,-9.307786633966892,-0.07357449417535254,3.0,0.291042291042291,3435.9267734553778,15.90000582716625,0.16782238797272733,1.2620476662199176,1267.3992673992673,-1.0,81.59362549800797,0.2922067877664759,
2023-07-31 13:46:04.592000,-9.349397590361447,-2.855421686746988,-0.49397590361445787,-2.822808093194359,-9.244022072348253,-0.04659717964438994,3.0,0.291042291042291,3435.9267734553778,15.701532544723502,0.3052269681253991,1.7811316356855664,1252.014652014652,-1.0,81.59362549800797,0.292199334705359,
2023-07-31 13:46:04.599000,-9.373493975903616,-2.819277108433735,-0.43373493975903615,-2.763948497854077,-9.344573881054567,-0.0539546290619252,3.0,0.291042291042291,3435.9267734553778,15.411456208845639,-1.1654332498257214E-4,2.025406444845872,1238.8278388278388,-1.0,81.59362549800797,0.2921918417154925,
2023-07-31 13:46:04.607000,-9.325301204819278,-2.7951807228915664,-0.45783132530120485,-2.751686082158185,-9.29307173513182,-0.06376456161863887,3.0,0.29148629148629146,3430.693069306931,14.953440941670065,0.030417807820055594,2.071207971563429,1226.3736263736264,-1.0,81.59362549800797,0.29218430884114643,
2023-07-31 13:46:04.615000,-9.313253012048193,-2.783132530120482,-0.42168674698795183,-2.6977314530962597,-9.305334150827713,0.02207234825260576,3.0,0.29148629148629146,3430.693069306931,14.342753918769303,0.6411048307208189,1.521589650952742,1215.3846153846152,-1.0,81.59362549800797,0.29217673609674627,
2023-07-31 13:46:04.622000,-9.253012048192772,-2.783132530120482,-0.46987951807228917,-2.71244635193133,-9.175352544451256,-0.01226241569589209,3.0,0.291042291042291,3435.9267734553778,13.670998193578463,1.0533185711788342,1.8880018646932,1206.5934065934066,-1.0,81.59362549800797,0.29216912363560954,
2023-07-31 13:46:04.630000,-9.265060240963855,-2.843373493975904,-0.46987951807228917,-2.8350705088902513,-9.148375229920294,-0.02452483139178418,3.0,0.291042291042291,3435.9267734553778,13.365654682128081,2.0762193345376128,1.7047957578229709,1201.4652014652013,-1.0,81.59362549800797,0.2921614714613308,
2023-07-31 13:46:04.638000,-9.289156626506024,-2.819277108433735,-0.45783132530120485,-2.8718577559779277,-9.212139791538933,-0.009809932556713672,3.0,0.291042291042291,3435.9267734553778,12.587028727929608,3.1143872734689104,1.5521240020977802,1198.5347985347985,-1.0,81.59362549800797,0.2921537794057281,
2023-07-31 13:46:04.645000,-9.289156626506024,-2.8313253012048194,-0.43373493975903615,-2.8718577559779277,-9.18761496014715,-0.014714898835070508,3.0,0.291042291042291,3435.9267734553778,12.480158498921975,3.7098071207971546,1.0177728570596123,1199.2673992673992,-1.0,81.59362549800797,0.2921460472661444,
2023-07-31 13:46:04.653000,-9.289156626506024,-2.9397590361445785,-0.43373493975903615,-2.8767627222562844,-9.221949724095646,0.009809932556713672,3.0,0.29148629148629146,3430.693069306931,11.854204300448693,3.4807994872093686,0.14754384942602447,1201.4652014652013,-1.0,81.59362549800797,0.29213827480424837,
2023-07-31 13:46:04.661000,-9.240963855421688,-2.9397590361445785,-0.45783132530120485,-2.984671980380135,-9.148375229920294,-0.03188228080931944,3.0,0.291042291042291,3435.9267734553778,11.411456208845639,4.152555212400208,-0.5089447001922961,1202.9304029304028,-1.0,81.59362549800797,0.2921304618944012,
2023-07-31 13:46:04.668000,-9.204819277108435,-2.987951807228916,-0.43373493975903615,-2.979767014101778,-9.128755364806867,-0.04414469650521152,3.0,0.291042291042291,3435.9267734553778,11.21298292640289,4.457898723850589,-1.0890973719480213,1207.3260073260074,-1.0,81.59362549800797,0.2921226083956114,
2023-07-31 13:46:04.676000,-9.228915662650603,-3.0120481927710845,-0.45783132530120485,-3.0361741263028814,-9.204782342121398,-0.0956468424279583,3.0,0.291042291042291,3435.9267734553778,10.464891323349455,4.809043762018529,-1.5776469902686319,1214.6520146520145,-1.0,81.59362549800797,0.2921147139922835,
2023-07-31 13:46:04.684000,-9.228915662650603,-3.0,-0.4819277108433735,-2.9675045984058857,-9.190067443286328,-0.08583690987124463,3.0,0.291042291042291,3435.9267734553778,10.40382262105938,5.007517044461276,-1.8219217994289372,1222.7106227106226,-1.0,81.59362549800797,0.2921067783331766,
2023-07-31 13:46:04.691000,-9.240963855421688,-3.0,-0.5060240963855422,-2.893930104230533,-9.24892703862661,-0.08338442673206621,3.0,0.291042291042291,3435.9267734553778,10.052677582891441,4.747975059728453,-1.5471126391235939,1230.7692307692307,-1.0,81.59362549800797,0.29209880103195773,
2023-07-31 13:46:04.699000,-9.313253012048193,-2.9759036144578315,-0.5421686746987953,-2.9307173513182097,-9.283261802575106,-0.14469650521152666,3.0,0.291042291042291,3435.9267734553778,9.640463842433425,4.030417807820055,-0.7532195093526014,1238.095238095238,-1.0,81.59362549800797,0.29209078166811253,
2023-07-31 13:46:04.707000,-9.361445783132531,-2.927710843373494,-0.5542168674698795,-2.916002452483139,-9.361741263028817,-0.12017167381974249,3.0,0.291042291042291,3435.9267734553778,9.258784453120448,2.4731658994231087,-0.11199813530679993,1247.6190476190475,-1.0,81.59362549800797,0.2920827197882226,
2023-07-31 13:46:04.714000,-9.409638554216867,-2.891566265060241,-0.5542168674698795,-2.8645003065603922,-9.41814837522992,-0.09074187614960147,3.0,0.291042291042291,3435.9267734553778,9.258784453120448,0.9006468154536433,0.8803682769069405,1257.142857142857,-1.0,81.59362549800797,0.2920746149076211,
2023-07-31 13:46:04.722000,-9.481927710843374,-2.9759036144578315,-0.5421686746987953,-2.9184549356223175,-9.41814837522992,-0.12752912323727775,3.0,0.291042291042291,3435.9267734553778,8.709166132509761,-1.5268341005768908,1.4605209486626656,1268.131868131868,-1.0,81.59362549800797,0.29206646651242824,
2023-07-31 13:46:04.730000,-9.409638554216867,-2.951807228915663,-0.4819277108433735,-2.8252605763335374,-9.383813611281422,0.0,3.0,0.291042291042291,3435.9267734553778,8.602295903502128,-4.610803566225746,1.8116659868306046,1278.3882783882782,-1.0,81.59362549800797,0.29205827406197155,
2023-07-31 13:46:04.737000,-9.433734939759036,-2.9397590361445785,-0.4096385542168675,-2.857142857142857,-9.398528510116492,0.034334763948497854,3.0,0.29059829059829057,3441.1764705882356,8.678631781364723,-6.397063108210478,2.3154827807237344,1285.7142857142856,-1.0,81.59362549800797,0.2920500371303443,
2023-07-31 13:46:04.745000,-9.3855421686747,-2.8674698795180724,-0.4096385542168675,-2.8252605763335374,-9.332311465358675,0.041692213366033105,3.0,0.291042291042291,3435.9267734553778,8.754967659227319,-7.633704329584524,2.300215605151215,1292.3076923076922,-1.0,81.59362549800797,0.2920417552399202,
2023-07-31 13:46:04.753000,-9.253012048192772,-2.7951807228915664,-0.3493975903614458,-2.6781115879828326,-9.234212139791538,0.08583690987124463,3.0,0.291042291042291,3435.9267734553778,8.693898956937241,-9.02301730668376,2.1780782005710626,1296.7032967032967,-1.0,81.59362549800797,0.2920334278443496,
2023-07-31 13:46:04.760000,-9.120481927710843,-2.6867469879518073,-0.3855421686746988,-2.616799509503372,-9.055180870631514,0.06131207847946045,3.0,0.291042291042291,3435.9267734553778,8.770234834799837,-8.106986772332617,2.437620185303887,1298.9010989010987,-1.0,81.59362549800797,0.29202505435379356,
2023-07-31 13:46:04.768000,-9.0,-2.602409638554217,-0.3855421686746988,-2.5358675659104843,-8.927651747394236,-0.03188228080931944,3.0,0.291042291042291,3435.9267734553778,8.159547811899074,-5.313093642561624,3.0788415593496885,1299.6336996336995,-1.0,81.59362549800797,0.2920166341603269,
2023-07-31 13:46:04.776000,-8.93975903614458,-2.6144578313253013,-0.42168674698795183,-2.599632127529123,-8.927651747394236,-0.014714898835070508,3.0,0.291042291042291,3435.9267734553778,7.518326437853272,-1.2978264669891046,3.918536215838238,1298.9010989010987,-1.0,81.59362549800797,0.29200816677074204,
2023-07-31 13:46:04.783000,-9.048192771084338,-2.6867469879518073,-0.4819277108433735,-2.6462293071735132,-8.991416309012875,0.03188228080931944,3.0,0.291042291042291,3435.9267734553778,7.640463842433425,2.702173533010895,3.8574675135481615,1295.2380952380952,-1.0,81.59362549800797,0.2919996515240466,
2023-07-31 13:46:04.791000,-9.216867469879519,-2.662650602409639,-0.5180722891566265,-2.621704475781729,-9.23175965665236,-0.06131207847946045,3.0,0.291042291042291,3435.9267734553778,7.869471476021211,4.809043762018529,4.437620185303887,1293.040293040293,-1.0,81.59362549800797,0.2919910876175317,
2023-07-31 13:46:04.799000,-9.373493975903616,-2.5783132530120483,-0.5301204819277109,-2.530962599632127,-9.33966891477621,-0.07602697731453095,3.0,0.291042291042291,3435.9267734553778,7.39618903327312,5.648738418507079,3.949070566983276,1287.9120879120878,-1.0,81.59362549800797,0.2919824742605883,
2023-07-31 13:46:04.806000,-9.506024096385543,-2.6506024096385543,-0.46987951807228917,-2.592274678111588,-9.435315757204169,-0.06621704475781728,3.0,0.291042291042291,3435.9267734553778,7.39618903327312,5.648738418507079,3.949070566983276,1284.2490842490843,-1.0,81.59362549800797,0.29197381067955175,
2023-07-31 13:46:04.814000,-9.506024096385543,-2.674698795180723,-0.46987951807228917,-2.6192519926425506,-9.420600858369099,-0.06866952789699571,3.0,0.291042291042291,3435.9267734553778,5.869471476021212,5.160188800186468,2.4834217120214443,1280.5860805860805,-1.0,81.59362549800797,0.2919650962616038,
2023-07-31 13:46:04.822000,-9.44578313253012,-2.734939759036145,-0.49397590361445787,-2.705088902513795,-9.344573881054567,-0.0539546290619252,3.0,0.291042291042291,3435.9267734553778,5.503059262280753,4.96171551774372,1.2009789639298412,1280.5860805860805,-1.0,81.59362549800797,0.2919563304010881,
2023-07-31 13:46:04.829000,-9.433734939759036,-2.746987951807229,-0.4819277108433735,-2.732066217044758,-9.410790925812385,-0.12752912323727775,3.0,0.291042291042291,3435.9267734553778,4.419089796631899,5.28232620476662,0.19334537614358174,1285.7142857142856,-1.0,81.59362549800797,0.29194751237762184,
2023-07-31 13:46:04.837000,-9.409638554216867,-2.771084337349398,-0.5421686746987953,-2.761496014714899,-9.398528510116492,-0.06131207847946045,3.0,0.291042291042291,3435.9267734553778,4.403822621059379,5.28232620476662,-1.2723034788182503,1300.3663003663003,-1.0,81.59362549800797,0.29193864151116783,
2023-07-31 13:46:04.845000,-9.493975903614459,-2.819277108433735,-0.5662650602409639,-2.705088902513795,-9.408338442673205,-0.1765787860208461,3.0,0.291042291042291,3435.9267734553778,4.251150865334188,4.96171551774372,-1.409708058970922,1328.937728937729,-1.0,81.59362549800797,0.29192971730679695,
2023-07-31 13:46:04.852000,-9.566265060240964,-2.9036144578313254,-0.5783132530120483,-2.9307173513182097,-9.516247700797056,-0.134886572654813,3.0,0.291042291042291,3435.9267734553778,3.7167997202960206,4.198356739117766,-1.5776469902686319,1373.6263736263736,-1.0,81.59362549800797,0.29192073930178375,
2023-07-31 13:46:04.860000,-9.590361445783133,-2.9759036144578315,-0.5421686746987953,-2.9184549356223175,-9.577559779276516,-0.04904966278356836,3.0,0.291042291042291,3435.9267734553778,3.991608880601364,2.0762193345376128,-2.2952042421770287,1438.095238095238,-1.0,81.59362549800797,0.2919117069444006,
2023-07-31 13:46:04.868000,-9.602409638554217,-3.024096385542169,-0.45783132530120485,-2.9993868792152054,-9.538320049049663,-0.029429797670141016,3.0,0.291042291042291,3435.9267734553778,4.190082163044112,-0.6108035662257459,-2.6768836314900057,1522.3443223443223,-1.0,81.59362549800797,0.29190261974957943,
2023-07-31 13:46:04.875000,-9.493975903614459,-2.963855421686747,-0.43373493975903615,-2.9184549356223175,-9.437768240343347,-0.002452483139178418,3.0,0.291042291042291,3435.9267734553778,4.296952392051746,-3.6642386807295626,-2.6158149291999298,1619.047619047619,-1.0,81.59362549800797,0.291893477444157,
2023-07-31 13:46:04.883000,-9.361445783132531,-2.963855421686747,-0.43373493975903615,-2.9576946658491723,-9.297976701410178,-0.0269773145309626,3.0,0.291042291042291,3435.9267734553778,4.098479109608998,-5.221490589126509,-2.7226851582075633,1722.3443223443223,-1.0,81.59362549800797,0.29188427995308963,
2023-07-31 13:46:04.891000,-9.204819277108435,-3.0,-0.43373493975903615,-3.009196811771919,-9.145922746781116,-0.03923973022685469,3.0,0.29059829059829057,3441.1764705882356,3.6862653691509824,-5.481032573859333,-2.9364256162228304,1821.245421245421,-1.0,81.59362549800797,0.29187502711937374,
2023-07-31 13:46:04.898000,-9.036144578313253,-2.9759036144578315,-0.46987951807228917,-2.9773145309625995,-8.954629061925198,-0.05150214592274678,3.0,0.291042291042291,3435.9267734553778,3.9000058271662494,-3.954315016607425,-2.6158149291999298,1913.5531135531135,-1.0,81.59362549800797,0.29186571872168,
2023-07-31 13:46:04.906000,-8.975903614457831,-2.951807228915663,-0.4819277108433735,-2.9650521152667073,-8.954629061925198,-0.034334763948497854,3.0,0.291042291042291,3435.9267734553778,3.8542043004486923,-1.8474447875997917,-1.6387156925587083,1993.4065934065932,-1.0,81.59362549800797,0.2918563547369885,
2023-07-31 13:46:04.914000,-8.963855421686748,-2.879518072289157,-0.49397590361445787,-2.8056407112201103,-8.944819129368485,-0.08828939301042305,3.0,0.291042291042291,3435.9267734553778,4.022143231746402,0.656372006293338,-0.9364256162228304,2054.945054945055,-1.0,81.59362549800797,0.29184693535780387,
2023-07-31 13:46:04.921000,-9.024096385542169,-2.819277108433735,-0.5421686746987953,-2.709993868792152,-9.042918454935622,-0.06866952789699571,3.0,0.291042291042291,3435.9267734553778,3.747334071441059,2.3815628459879945,0.4986888875939634,2095.238095238095,-1.0,81.59362549800797,0.29183746072177974,
2023-07-31 13:46:04.929000,-9.084337349397591,-2.746987951807229,-0.49397590361445787,-2.739423666462293,-9.057633353770692,-0.017167381974248927,3.0,0.291042291042291,3435.9267734553778,3.5183264378532724,2.9617155177437198,1.0941087349222076,2115.7509157509157,-1.0,81.59362549800797,0.2918279310776877,
2023-07-31 13:46:04.936000,-9.144578313253012,-2.771084337349398,-0.49397590361445787,-2.722256284488044,-9.07725321888412,-0.017167381974248927,3.0,0.291042291042291,3435.9267734553778,2.4343569722044176,2.503700250568147,1.3841850708000702,2114.285714285714,-1.0,81.59362549800797,0.2918183469195504,
2023-07-31 13:46:04.944000,-9.228915662650603,-2.819277108433735,-0.43373493975903615,-2.763948497854077,-9.15328019619865,0.002452483139178418,3.0,0.291042291042291,3435.9267734553778,1.8694714760212114,1.95408192995746,2.2238797272886197,2089.3772893772893,-1.0,81.59362549800797,0.2918087088437267,
2023-07-31 13:46:04.952000,-9.253012048192772,-2.7951807228915664,-0.39759036144578314,-2.8080931943592886,-9.209687308399754,-0.056407112201103615,3.0,0.291042291042291,3435.9267734553778,1.793135598158616,2.28995979255288,2.1475438494260244,2045.4212454212452,-1.0,81.59362549800797,0.291799017416168,
2023-07-31 13:46:04.959000,-9.313253012048193,-2.783132530120482,-0.43373493975903615,-2.7664009809932555,-9.334763948497853,-0.06621704475781728,3.0,0.291042291042291,3435.9267734553778,1.426723384418158,2.0762193345376128,2.1322766738535055,1986.8131868131866,-1.0,81.59362549800797,0.2917892733371574,
2023-07-31 13:46:04.967000,-9.409638554216867,-2.819277108433735,-0.45783132530120485,-2.768853464132434,-9.44757817290006,-0.09319435928877988,3.0,0.291042291042291,3435.9267734553778,0.1290134607540359,0.6411048307208189,1.9796049181283144,1917.216117216117,-1.0,81.59362549800797,0.2917794775741118,
2023-07-31 13:46:04.975000,-9.493975903614459,-2.8313253012048194,-0.46987951807228917,-2.793378295524218,-9.450030656039239,-0.08583690987124463,3.0,0.291042291042291,3435.9267734553778,-0.6496124934444374,-1.4657653982868146,1.7811316356855664,1839.5604395604394,-1.0,81.59362549800797,0.2917696310784815,
2023-07-31 13:46:04.982000,-9.481927710843374,-2.8674698795180724,-0.46987951807228917,-2.8252605763335374,-9.43286327406499,-0.06376456161863887,3.0,0.291042291042291,3435.9267734553778,-1.321368218635277,-2.977215779966204,1.8727346891206809,1756.0439560439559,-1.0,81.59362549800797,0.29175973494935653,
2023-07-31 13:46:04.990000,-9.457831325301205,-2.8674698795180724,-0.3855421686746988,-2.822808093194359,-9.41814837522992,-0.002452483139178418,3.0,0.291042291042291,3435.9267734553778,-1.9931239438261168,-3.8321776120272726,1.2162461395023603,1670.3296703296703,-1.0,81.59362549800797,0.29174979056506933,
2023-07-31 13:46:04.998000,-9.421686746987952,-2.891566265060241,-0.39759036144578314,-2.839975475168608,-9.351931330472102,0.04659717964438994,3.0,0.291042291042291,3435.9267734553778,-2.420604859856651,-3.8016432608822344,0.9567041547695359,1584.6153846153845,-1.0,81.59362549800797,0.29173979943758765,
2023-07-31 13:46:05.005000,-9.361445783132531,-2.891566265060241,-0.39759036144578314,-2.8522378908645,-9.300429184549357,0.05150214592274678,3.0,0.291042291042291,3435.9267734553778,-2.741215546879552,-3.190956237981471,0.8345667501893832,1502.5641025641025,735.3515625,81.59362549800797,0.2917297630769272,
2023-07-31 13:46:05.013000,-9.301204819277109,-2.879518072289157,-0.4096385542168675,-2.913549969343961,-9.251379521765788,-0.009809932556713672,3.0,0.291042291042291,3435.9267734553778,-3.2144979896276435,-2.152788299050173,0.7429636967542688,1428.5714285714284,-1.0,81.59362549800797,0.29171968315290725,
2023-07-31 13:46:05.021000,-9.228915662650603,-2.9036144578313254,-0.3734939759036145,-2.881667688534641,-9.185162477007971,0.03678724708767627,3.0,0.291042291042291,3435.9267734553778,-3.321368218635277,-0.5039333372181123,0.7276965211817497,1364.8351648351647,-1.0,81.59362549800797,0.29170956148609206,
2023-07-31 13:46:05.028000,-9.19277108433735,-2.879518072289157,-0.43373493975903615,-2.832618025751073,-9.163090128755364,-0.002452483139178418,3.0,0.291042291042291,3435.9267734553778,-3.199230814055124,0.5037002505681472,0.4070858341588489,1311.3553113553112,-1.0,81.59362549800797,0.29169939992058896,
2023-07-31 13:46:05.036000,-9.204819277108435,-2.843373493975904,-0.45783132530120485,-2.793378295524218,-9.096873083997547,0.03923973022685469,3.0,0.291042291042291,3435.9267734553778,-2.3595361575665748,1.3128605559116586,0.605559116601597,1266.6666666666665,-1.0,81.59362549800797,0.2916892006119368,
2023-07-31 13:46:05.044000,-9.216867469879519,-2.783132530120482,-0.42168674698795183,-2.773758430410791,-9.246474555487431,-0.002452483139178418,3.0,0.291042291042291,3435.9267734553778,-2.573276615581842,0.25942544140784185,1.4299865975176276,1228.5714285714284,-1.0,81.59362549800797,0.2916789660061892,
2023-07-31 13:46:05.051000,-9.240963855421688,-2.7590361445783134,-0.4096385542168675,-2.709993868792152,-9.241569589209075,0.02207234825260576,3.0,0.29059829059829057,3441.1764705882356,-2.5885437911543607,-0.7787424975234558,1.521589650952742,1199.2673992673992,-1.0,81.59362549800797,0.291668698691,
2023-07-31 13:46:05.059000,-9.313253012048193,-2.734939759036145,-0.43373493975903615,-2.658491722869405,-9.297976701410178,0.03188228080931944,3.0,0.291042291042291,3435.9267734553778,-2.6801468445894754,-1.4504982227142955,1.7811316356855664,1175.8241758241757,-1.0,81.59362549800797,0.2916584012461246,
2023-07-31 13:46:05.067000,-9.325301204819278,-2.710843373493976,-0.43373493975903615,-2.6560392397302266,-9.307786633966892,-0.019619865113427344,3.0,0.291042291042291,3435.9267734553778,-3.0160247071848953,-2.1680554746226925,1.7505972845405282,1158.2417582417581,-1.0,81.59362549800797,0.2916480762312885,
2023-07-31 13:46:05.074000,-9.361445783132531,-2.710843373493976,-0.3855421686746988,-2.6315144083384427,-9.376456161863887,-0.019619865113427344,3.0,0.291042291042291,3435.9267734553778,-3.290833867490239,-3.4657653982868144,1.7047957578229709,1145.054945054945,-1.0,81.59362549800797,0.2916377265028654,
2023-07-31 13:46:05.082000,-9.3855421686747,-2.674698795180723,-0.42168674698795183,-2.5849172286940525,-9.329858982219497,0.009809932556713672,3.0,0.291042291042291,3435.9267734553778,-3.290833867490239,-3.4657653982868144,1.7047957578229709,1138.4615384615383,-1.0,81.59362549800797,0.2916273552005757,
2023-07-31 13:46:05.090000,-9.409638554216867,-2.6867469879518073,-0.3855421686746988,-2.6315144083384427,-9.423053341508277,0.017167381974248927,3.0,0.291042291042291,3435.9267734553778,-3.8251850125284066,-4.183322650195211,1.8116659868306046,1138.4615384615383,-1.0,81.59362549800797,0.2916169654568975,
2023-07-31 13:46:05.097000,-9.433734939759036,-2.710843373493976,-0.4096385542168675,-2.6658491722869404,-9.425505824647455,0.017167381974248927,3.0,0.291042291042291,3435.9267734553778,-3.7488491346658113,-4.412330283782998,1.307849192937475,1145.054945054945,-1.0,81.59362549800797,0.29160656055308387,
2023-07-31 13:46:05.105000,-9.433734939759036,-2.698795180722892,-0.3855421686746988,-2.6364193746167994,-9.354383813611282,0.0269773145309626,3.0,0.291042291042291,3435.9267734553778,-4.527475088864285,-4.320727230347883,0.9109026280519786,1156.0439560439559,-1.0,81.59362549800797,0.29159614404310424,
2023-07-31 13:46:05.113000,-9.44578313253012,-2.698795180722892,-0.39759036144578314,-2.670754138565297,-9.393623543838135,0.06866952789699571,3.0,0.291042291042291,3435.9267734553778,-4.863352951459705,-4.137521123477654,0.46815453644892524,1167.7655677655678,-1.0,81.59362549800797,0.2915857194615833,
2023-07-31 13:46:05.120000,-9.3855421686747,-2.734939759036145,-0.4096385542168675,-2.7271612507664007,-9.369098712446352,0.007357449417535254,3.0,0.291042291042291,3435.9267734553778,-5.138162111765048,-3.939047841034906,0.3002156051512153,1182.4175824175823,-1.0,81.59362549800797,0.29157529047838027,
2023-07-31 13:46:05.128000,-9.361445783132531,-2.698795180722892,-0.3734939759036145,-2.7173513182096873,-9.307786633966892,0.03188228080931944,3.0,0.291042291042291,3435.9267734553778,-5.474039974360467,-3.771108909737196,-0.3562729444671053,1199.2673992673992,-1.0,81.59362549800797,0.29156486102113754,
2023-07-31 13:46:05.136000,-9.301204819277109,-2.734939759036145,-0.3493975903614458,-2.6952789699570814,-9.268546903740036,0.10545677498467197,3.0,0.291042291042291,3435.9267734553778,-5.565643027795582,-3.2978264669891044,-0.7837538604976396,1219.047619047619,-1.0,81.59362549800797,0.29155443512062434,
2023-07-31 13:46:05.143000,-9.240963855421688,-2.7590361445783134,-0.3614457831325301,-2.7467811158798283,-9.16799509503372,0.1103617412630288,3.0,0.291042291042291,3435.9267734553778,-5.535108676650544,-2.5955363906532267,-0.6158149291999296,1241.7582417582416,-1.0,81.59362549800797,0.2915440169048935,
2023-07-31 13:46:05.151000,-9.228915662650603,-2.734939759036145,-0.3373493975903615,-2.6854690374003676,-9.246474555487431,0.10055180870631514,3.0,0.291042291042291,3435.9267734553778,-5.855719363673445,-1.5726356272944482,-0.6005477536274106,1268.131868131868,-1.0,81.59362549800797,0.2915336105929855,
2023-07-31 13:46:05.159000,-9.228915662650603,-2.734939759036145,-0.3734939759036145,-2.7198038013488657,-9.229307173513181,0.08828939301042305,3.0,0.291042291042291,3435.9267734553778,-5.641978905658178,-0.7940096730959749,-0.44787599790221977,1295.2380952380952,-1.0,81.59362549800797,0.2915232204881936,
2023-07-31 13:46:05.166000,-9.27710843373494,-2.734939759036145,-0.3855421686746988,-2.7369711833231145,-9.212139791538933,0.12507664009809932,3.0,0.291042291042291,3435.9267734553778,-6.0083911193986355,-0.5802692150807077,-0.20360118874191444,1320.14652014652,-1.0,81.59362549800797,0.29151285097092305,
2023-07-31 13:46:05.174000,-9.289156626506024,-2.746987951807229,-0.3734939759036145,-2.7173513182096873,-9.290619251992641,0.03678724708767627,3.0,0.291042291042291,3435.9267734553778,-5.870986539245964,-0.259658528057807,-0.08146378416176177,1340.6593406593406,-1.0,81.59362549800797,0.29150250649116355,
2023-07-31 13:46:05.182000,-9.325301204819278,-2.734939759036145,-0.3614457831325301,-2.741876149601471,-9.288166768853463,-0.014714898835070508,3.0,0.291042291042291,3435.9267734553778,-5.504574325505506,-0.5344676883631505,0.11700949828098632,1356.7765567765566,-1.0,81.59362549800797,0.2914921915606072,
2023-07-31 13:46:05.189000,-9.349397590361447,-2.734939759036145,-0.4096385542168675,-2.6732066217044754,-9.32495401594114,0.056407112201103615,3.0,0.291042291042291,3435.9267734553778,-5.886253714818483,-0.6871394440883414,0.2238797272886199,1371.4285714285713,-1.0,81.59362549800797,0.29148191088319125,
2023-07-31 13:46:05.197000,-9.349397590361447,-2.7228915662650603,-0.43373493975903615,-2.768853464132434,-9.322501532801962,-0.0269773145309626,3.0,0.29059829059829057,3441.1764705882356,-6.176330050696346,-0.9466814288211658,0.45288736087640613,1383.150183150183,-1.0,81.59362549800797,0.2914716690487158,
2023-07-31 13:46:05.205000,-9.337349397590362,-2.734939759036145,-0.44578313253012053,-2.6388718577559778,-9.349478847332923,0.004904966278356836,3.0,0.291042291042291,3435.9267734553778,-5.977856768253598,-1.2672921158440664,0.788765223471826,1391.9413919413919,-1.0,81.59362549800797,0.29146147040630477,
2023-07-31 13:46:05.212000,-9.3855421686747,-2.710843373493976,-0.45783132530120485,-2.680564071122011,-9.322501532801962,-0.05150214592274678,3.0,0.291042291042291,3435.9267734553778,-6.5580094400093225,-1.343627993706662,0.971971330342055,1394.139194139194,-1.0,81.59362549800797,0.29145131959828985,
2023-07-31 13:46:05.220000,-9.3855421686747,-2.7228915662650603,-0.45783132530120485,-2.675659104843654,-9.351931330472102,0.0539546290619252,3.0,0.291042291042291,3435.9267734553778,-6.496940737719246,-1.5115669250043717,1.2620476662199176,1390.4761904761904,-1.0,81.59362549800797,0.2914412214015423,
2023-07-31 13:46:05.228000,-9.421686746987952,-2.710843373493976,-0.46987951807228917,-2.6192519926425506,-9.364193746167995,0.0269773145309626,3.0,0.291042291042291,3435.9267734553778,-6.7870170735971085,-1.7863760853097153,1.9185362158382382,1380.2197802197802,-1.0,81.59362549800797,0.29143118045158817,
2023-07-31 13:46:05.235000,-9.433734939759036,-2.7228915662650603,-0.43373493975903615,-2.663396689147762,-9.3862660944206,-0.03188228080931944,3.0,0.291042291042291,3435.9267734553778,-7.061826233902452,-2.3970631082104785,1.689528582250452,1367.032967032967,-1.0,81.59362549800797,0.29142120138207,
2023-07-31 13:46:05.243000,-9.433734939759036,-2.6867469879518073,-0.44578313253012053,-2.6560392397302266,-9.398528510116492,-0.009809932556713672,3.0,0.291042291042291,3435.9267734553778,-7.275566691917719,-2.7024066196608603,1.4299865975176276,1352.3809523809523,-1.0,81.59362549800797,0.2914112888148483,
2023-07-31 13:46:05.251000,-9.373493975903616,-2.6867469879518073,-0.45783132530120485,-2.6388718577559778,-9.364193746167995,0.017167381974248927,3.0,0.291042291042291,3435.9267734553778,-7.153429287337567,-2.3512615814929214,1.1093759104947267,1336.263736263736,-1.0,81.59362549800797,0.2914014473500702,
2023-07-31 13:46:05.258000,-9.361445783132531,-2.674698795180723,-0.43373493975903615,-2.6658491722869404,-9.347026364193745,-0.056407112201103615,3.0,0.291042291042291,3435.9267734553778,-7.229765165200162,-2.5192005127906314,1.3841850708000702,1317.216117216117,-1.0,81.59362549800797,0.29139168155625295,
2023-07-31 13:46:05.266000,-9.361445783132531,-2.662650602409639,-0.45783132530120485,-2.6143470263641935,-9.288166768853463,-0.01226241569589209,3.0,0.291042291042291,3435.9267734553778,-6.909154478177261,-2.1985898257677308,0.9414369791970169,1298.168498168498,-1.0,81.59362549800797,0.2913819959604203,
2023-07-31 13:46:05.274000,-9.325301204819278,-2.6867469879518073,-0.46987951807228917,-2.6535867565910483,-9.275904353157571,-0.10300429184549356,3.0,0.29148629148629146,3430.693069306931,-7.2144979896276435,-1.7863760853097153,1.2162461395023603,1279.120879120879,-1.0,81.59362549800797,0.29137239503833184,
2023-07-31 13:46:05.281000,-9.337349397590362,-2.662650602409639,-0.46987951807228917,-2.6315144083384427,-9.329858982219497,-0.041692213366033105,3.0,0.291042291042291,3435.9267734553778,-7.458772798787948,-1.5268341005768908,0.8956354524794595,1263.003663003663,-1.0,81.59362549800797,0.29136288335414096,
2023-07-31 13:46:05.289000,-9.325301204819278,-2.6867469879518073,-0.5180722891566265,-2.5775597792765175,-9.300429184549357,-0.1079092581238504,3.0,0.291042291042291,3435.9267734553778,-7.611444554513139,-1.9390478410349061,0.7582308723267878,1248.3516483516482,-1.0,81.59362549800797,0.29135346542351254,
2023-07-31 13:46:05.297000,-9.349397590361447,-2.662650602409639,-0.5060240963855422,-2.6609442060085837,-9.312691600245248,-0.041692213366033105,3.0,0.291042291042291,3435.9267734553778,-8.023658294971154,-2.152788299050173,0.6208262921741161,1233.6996336996335,-1.0,81.59362549800797,0.291344145545433,
2023-07-31 13:46:05.304000,-9.325301204819278,-2.6867469879518073,-0.5060240963855422,-2.5849172286940525,-9.27835683629675,-0.03923973022685469,3.0,0.291042291042291,3435.9267734553778,-7.840452188100926,-1.8016432608822344,0.8498339257619023,1221.245421245421,-1.0,81.59362549800797,0.2913349279321371,
2023-07-31 13:46:05.312000,-9.325301204819278,-2.698795180722892,-0.49397590361445787,-2.6266094420600856,-9.305334150827713,-0.041692213366033105,3.0,0.291042291042291,3435.9267734553778,-8.26793310413146,-1.908513489889868,0.239146902861139,1212.4542124542124,-1.0,81.59362549800797,0.29132581670055957,
2023-07-31 13:46:05.319000,-9.301204819277109,-2.710843373493976,-0.49397590361445787,-2.6462293071735132,-9.302881667688535,-0.12017167381974249,3.0,0.291042291042291,3435.9267734553778,-8.130528523978787,-1.8016432608822344,0.1322766738535054,1205.128205128205,-1.0,81.59362549800797,0.29131681586409136,
2023-07-31 13:46:05.327000,-9.313253012048193,-2.710843373493976,-0.4819277108433735,-2.6732066217044754,-9.283261802575106,-0.0809319435928878,3.0,0.291042291042291,3435.9267734553778,-7.916788065963521,-2.274925703630326,-0.035662257444204516,1197.8021978021977,-1.0,81.59362549800797,0.2913079293246681,
2023-07-31 13:46:05.335000,-9.325301204819278,-2.710843373493976,-0.49397590361445787,-2.6486817903126916,-9.297976701410178,-0.019619865113427344,3.0,0.291042291042291,3435.9267734553778,-8.145795699551307,-2.8703455509585702,-0.12726531087931903,1190.4761904761904,-1.0,81.59362549800797,0.2912991608652207,
2023-07-31 13:46:05.342000,-9.337349397590362,-2.710843373493976,-0.45783132530120485,-2.6854690374003676,-9.297976701410178,-0.02452483139178418,3.0,0.291042291042291,3435.9267734553778,-8.069459821688712,-3.5421012761494097,-0.21886836431443352,1186.080586080586,-1.0,81.59362549800797,0.2912905142812623,
2023-07-31 13:46:05.350000,-9.361445783132531,-2.7228915662650603,-0.4819277108433735,-2.751686082158185,-9.270999386879215,-0.09319435928877988,3.0,0.291042291042291,3435.9267734553778,-8.496940737719246,-4.3359944059204025,-0.4173416467571816,1183.8827838827838,-1.0,81.59362549800797,0.2912819932150054,
2023-07-31 13:46:05.358000,-9.349397590361447,-2.734939759036145,-0.45783132530120485,-2.734518700183936,-9.332311465358675,-0.05885959534028203,3.0,0.291042291042291,3435.9267734553778,-8.496940737719246,-4.3359944059204025,-0.4173416467571816,1185.3479853479853,-1.0,81.59362549800797,0.29127360116017575,
2023-07-31 13:46:05.365000,-9.289156626506024,-2.746987951807229,-0.43373493975903615,-2.734518700183936,-9.239117106069894,-0.017167381974248927,3.0,0.291042291042291,3435.9267734553778,-8.344268981994055,-5.816910436454753,-0.5700134024823724,1188.278388278388,-1.0,81.59362549800797,0.2912653415848565,
2023-07-31 13:46:05.373000,-9.253012048192772,-2.746987951807229,-0.44578313253012053,-2.702636419374617,-9.229307173513181,0.0,3.0,0.291042291042291,3435.9267734553778,-8.573276615581841,-4.824544024241013,-1.043295845230464,1192.6739926739926,-1.0,81.59362549800797,0.29125721763914136,
2023-07-31 13:46:05.381000,-9.289156626506024,-2.734939759036145,-0.45783132530120485,-2.6437768240343344,-9.297976701410178,-0.03923973022685469,3.0,0.291042291042291,3435.9267734553778,-8.054192646116192,-4.290192879202845,-0.9516927917953495,1200.0,-1.0,81.59362549800797,0.2912492323102439,
2023-07-31 13:46:05.388000,-9.325301204819278,-2.710843373493976,-0.44578313253012053,-2.6658491722869404,-9.32495401594114,-0.02207234825260576,3.0,0.29148629148629146,3430.693069306931,-8.26793310413146,-4.534467688363151,-0.9822271429403877,1208.7912087912086,-1.0,81.59362549800797,0.2912413884076426,
2023-07-31 13:46:05.396000,-9.337349397590362,-2.710843373493976,-0.43373493975903615,-2.6388718577559778,-9.31023911710607,-0.004904966278356836,3.0,0.291042291042291,3435.9267734553778,-8.054192646116192,-5.1146203601188756,-0.676883631490006,1218.3150183150183,-1.0,81.59362549800797,0.29123368858024823,
2023-07-31 13:46:05.404000,-9.349397590361447,-2.698795180722892,-0.43373493975903615,-2.6535867565910483,-9.334763948497853,-0.02452483139178418,3.0,0.291042291042291,3435.9267734553778,-7.901520890391002,-5.9085134898898675,-0.6921508070625251,1227.106227106227,-1.0,81.59362549800797,0.29122613533409325,
2023-07-31 13:46:05.411000,-9.337349397590362,-2.662650602409639,-0.3734939759036145,-2.5947271612507663,-9.300429184549357,0.0539546290619252,3.0,0.291042291042291,3435.9267734553778,-8.25266592855894,-6.045918070042539,-0.9211584406503114,1235.164835164835,-1.0,81.59362549800797,0.29121873086973965,
2023-07-31 13:46:05.419000,-9.349397590361447,-2.6506024096385543,-0.3493975903614458,-2.6535867565910483,-9.27835683629675,0.08338442673206621,3.0,0.291042291042291,3435.9267734553778,-8.023658294971154,-6.274925703630326,-0.6310821047724487,1243.2234432234432,-1.0,81.59362549800797,0.2912114773568501,
2023-07-31 13:46:05.427000,-9.373493975903616,-2.662650602409639,-0.39759036144578314,-2.616799509503372,-9.361741263028817,0.034334763948497854,3.0,0.291042291042291,3435.9267734553778,-8.222131577413903,-6.106986772332616,-0.5394790513373343,1250.5494505494505,-1.0,81.59362549800797,0.29120437691142126,
2023-07-31 13:46:05.434000,-9.409638554216867,-2.6144578313253013,-0.3614457831325301,-2.5898221949724096,-9.408338442673205,0.07357449417535254,3.0,0.29148629148629146,3430.693069306931,-8.222131577413903,-6.610803566225746,-0.5547462269098533,1257.8754578754579,-1.0,81.59362549800797,0.29119743144594534,
2023-07-31 13:46:05.442000,-9.421686746987952,-2.6144578313253013,-0.3614457831325301,-2.5113427345187,-9.388718577559779,0.11771919068056406,3.0,0.291042291042291,3435.9267734553778,-8.329001806421536,-7.099353184546357,-0.6005477536274106,1262.2710622710622,-1.0,81.59362549800797,0.2911906428185019,
2023-07-31 13:46:05.450000,-9.421686746987952,-2.5783132530120483,-0.3253012048192771,-2.5358675659104843,-9.376456161863887,0.08828939301042305,3.0,0.29148629148629146,3430.693069306931,-8.649612493444437,-7.710040207447119,-0.7379523337800824,1267.3992673992673,-1.0,81.59362549800797,0.2911840125667292,
2023-07-31 13:46:05.457000,-9.433734939759036,-2.5903614457831328,-0.3132530120481928,-2.553034947884733,-9.423053341508277,0.10055180870631514,3.0,0.291042291042291,3435.9267734553778,-8.664879669016956,-8.183322650195212,-0.9364256162228304,1269.5970695970695,-1.0,81.59362549800797,0.2911775419190323,
2023-07-31 13:46:05.465000,-9.421686746987952,-2.5783132530120483,-0.30120481927710846,-2.4843654199877374,-9.398528510116492,0.1618638871857756,3.0,0.29148629148629146,3430.693069306931,-8.725948371307032,-8.244391352485287,-0.7532195093526014,1270.3296703296703,-1.0,81.59362549800797,0.291171231954898,
2023-07-31 13:46:05.473000,-9.421686746987952,-2.602409638554217,-0.27710843373493976,-2.521152667075414,-9.359288779889638,0.18884120171673818,3.0,0.29148629148629146,3430.693069306931,-8.710681195734514,-8.04591807004254,-0.20360118874191444,1270.3296703296703,-1.0,81.59362549800797,0.2911650837342031,
2023-07-31 13:46:05.480000,-9.421686746987952,-2.602409638554217,-0.27710843373493976,-2.5652973635806253,-9.366646229307173,0.164316370324954,3.0,0.29148629148629146,3430.693069306931,-9.138162111765048,-7.740574558592158,-0.5394790513373343,1268.8644688644688,-1.0,81.59362549800797,0.2911590984383537,
2023-07-31 13:46:05.488000,-9.409638554216867,-2.5903614457831328,-0.27710843373493976,-2.55793991416309,-9.369098712446352,0.16922133660331085,3.0,0.29148629148629146,3430.693069306931,-8.817551424742147,-7.465765398286814,-0.38680729561214344,1268.131868131868,-1.0,81.59362549800797,0.2911532769478649,
2023-07-31 13:46:05.496000,-9.373493975903616,-2.6144578313253013,-0.27710843373493976,-2.5726548129981603,-9.300429184549357,0.17903126916002451,3.0,0.291042291042291,3435.9267734553778,-9.306101043062757,-7.221490589126509,-0.0509294330167236,1267.3992673992673,-1.0,81.59362549800797,0.2911476200063175,
2023-07-31 13:46:05.503000,-9.349397590361447,-2.6144578313253013,-0.24096385542168675,-2.5260576333537705,-9.275904353157571,0.2207234825260576,3.0,0.291042291042291,3435.9267734553778,-9.45877279878795,-6.473398986073074,-0.035662257444204516,1268.8644688644688,-1.0,81.59362549800797,0.29114212820394286,
2023-07-31 13:46:05.511000,-9.301204819277109,-2.626506024096386,-0.24096385542168675,-2.6143470263641935,-9.29307173513182,0.20846106683016552,3.0,0.291042291042291,3435.9267734553778,-9.260299516345201,-5.496299749431852,0.20861255171610082,1276.923076923077,-1.0,81.59362549800797,0.2911368018123173,
2023-07-31 13:46:05.519000,-9.289156626506024,-2.6144578313253013,-0.22891566265060243,-2.5383200490496627,-9.251379521765788,0.17903126916002451,3.0,0.29148629148629146,3430.693069306931,-9.5809102033681,-4.687139444088341,0.6208262921741161,1292.3076923076922,-1.0,81.59362549800797,0.29113164092766497,
2023-07-31 13:46:05.526000,-9.313253012048193,-2.6144578313253013,-0.21686746987951808,-2.611894543225015,-9.307786633966892,0.1912936848559166,3.0,0.29148629148629146,3430.693069306931,-9.336635394207796,-3.526834100576891,0.9109026280519786,1316.4835164835165,-1.0,81.59362549800797,0.2911266456248583,
2023-07-31 13:46:05.534000,-9.289156626506024,-2.5903614457831328,-0.24096385542168675,-2.521152667075414,-9.312691600245248,0.2035561005518087,3.0,0.29148629148629146,3430.693069306931,-9.077093409474971,-2.7787424975234556,0.8803682769069405,1356.7765567765566,-1.0,81.59362549800797,0.2911218159841284,
2023-07-31 13:46:05.542000,-9.313253012048193,-2.602409638554217,-0.24096385542168675,-2.5849172286940525,-9.253832004904966,0.15450643776824033,3.0,0.29148629148629146,3430.693069306931,-9.306101043062757,-1.6337043295845244,0.8192995746168642,1413.9194139194137,-1.0,81.59362549800797,0.2911171519589381,
2023-07-31 13:46:05.549000,-9.325301204819278,-2.602409638554217,-0.27710843373493976,-2.550582464745555,-9.266094420600858,0.15695892090741875,3.0,0.29148629148629146,3430.693069306931,-9.046559058329933,-0.5039333372181123,0.9261698036244977,1487.9120879120878,-1.0,81.59362549800797,0.29111265338286396,
2023-07-31 13:46:05.557000,-9.349397590361447,-2.5903614457831328,-0.30120481927710846,-2.540772532188841,-9.334763948497853,0.18638871857755976,3.0,0.29148629148629146,3430.693069306931,-8.909154478177262,0.06095215896509376,0.7276965211817497,1575.091575091575,-1.0,81.59362549800797,0.2911083198379531,
2023-07-31 13:46:05.565000,-9.3855421686747,-2.566265060240964,-0.28915662650602414,-2.533415082771306,-9.408338442673205,0.134886572654813,3.0,0.29148629148629146,3430.693069306931,-8.970223180467338,0.24415826583532277,0.7734980478993069,1673.260073260073,-1.0,81.59362549800797,0.2911041508211498,
2023-07-31 13:46:05.572000,-9.433734939759036,-2.566265060240964,-0.3614457831325301,-2.5088902513795217,-9.40098099325567,0.06621704475781728,3.0,0.29148629148629146,3430.693069306931,-8.390070508711613,0.3052269681253991,1.139910261639765,1778.7545787545787,-1.0,81.59362549800797,0.29110014587936084,
2023-07-31 13:46:05.580000,-9.457831325301205,-2.5783132530120483,-0.3614457831325301,-2.533415082771306,-9.376456161863887,0.0539546290619252,3.0,0.29148629148629146,3430.693069306931,-8.60381096672688,0.19835673911776552,0.8803682769069405,1882.7838827838827,-1.0,81.59362549800797,0.29109630446792734,
2023-07-31 13:46:05.588000,-9.46987951807229,-2.5542168674698797,-0.3734939759036145,-2.4966278356836296,-9.430410790925812,0.07112201103617412,3.0,0.29148629148629146,3430.693069306931,-8.28320027970398,-0.38179593263795963,0.8956354524794595,1979.4871794871794,-1.0,81.59362549800797,0.2910926259584721,
2023-07-31 13:46:05.595000,-9.433734939759036,-2.566265060240964,-0.3734939759036145,-2.4966278356836296,-9.408338442673205,0.04659717964438994,3.0,0.29148629148629146,3430.693069306931,-8.619078142299399,-0.4123302837829978,0.6360934677466351,2060.8058608058604,-1.0,81.59362549800797,0.29108910964678525,
2023-07-31 13:46:05.603000,-9.46987951807229,-2.5542168674698797,-0.4096385542168675,-2.5481299816063765,-9.403433476394849,0.07112201103617412,3.0,0.29148629148629146,3430.693069306931,-8.329001806421536,-0.9619486043936848,0.5292232387390016,2124.5421245421244,-1.0,81.59362549800797,0.2910857547607112,
2023-07-31 13:46:05.611000,-9.433734939759036,-2.5301204819277108,-0.39759036144578314,-2.462293071735132,-9.378908645003065,0.0269773145309626,3.0,0.29148629148629146,3430.693069306931,-8.206864401841383,-1.1298875356913947,0.2238797272886199,2167.032967032967,-1.0,81.59362549800797,0.2910825604679931,
2023-07-31 13:46:05.618000,-9.433734939759036,-2.5421686746987953,-0.3253012048192771,-2.530962599632127,-9.440220723482526,-0.004904966278356836,3.0,0.29148629148629146,3430.693069306931,-8.451139211001689,-1.5268341005768908,-0.20360118874191444,2184.6153846153843,-1.0,81.59362549800797,0.29107952588403946,
2023-07-31 13:46:05.626000,-9.3855421686747,-2.5421686746987953,-0.39759036144578314,-2.4868179031269158,-9.334763948497853,0.08583690987124463,3.0,0.29148629148629146,3430.693069306931,-8.191597226268865,-1.8321776120272726,-0.8142882116426777,2178.7545787545787,-1.0,81.59362549800797,0.2910766500795698,
2023-07-31 13:46:05.634000,-9.3855421686747,-2.602409638554217,-0.4096385542168675,-2.528510116492949,-9.329858982219497,0.06131207847946045,3.0,0.29148629148629146,3430.693069306931,-8.191597226268865,-1.8321776120272726,-0.8142882116426777,2149.4505494505493,-1.0,81.59362549800797,0.29107393208810173,
2023-07-31 13:46:05.641000,-9.337349397590362,-2.602409638554217,-0.3855421686746988,-2.491722869405273,-9.234212139791538,0.034334763948497854,3.0,0.2919302919302919,3425.4752851711028,-8.329001806421536,-1.8627119631723108,-0.7532195093526014,2101.8315018315016,-1.0,81.59362549800797,0.29107137091324314,
2023-07-31 13:46:05.649000,-9.337349397590362,-2.5903614457831328,-0.39759036144578314,-2.5554874310239115,-9.273451870018393,0.02207234825260576,3.0,0.29148629148629146,3430.693069306931,-8.161062875123827,-1.6947730318746008,-1.3028378299632883,2037.3626373626373,-1.0,81.59362549800797,0.2910689656850439,
2023-07-31 13:46:05.657000,-9.325301204819278,-2.602409638554217,-0.3855421686746988,-2.5726548129981603,-9.285714285714285,0.02452483139178418,3.0,0.29148629148629146,3430.693069306931,-7.519841501078025,-1.5268341005768908,-1.0738301963755021,1958.974358974359,-1.0,81.59362549800797,0.2910667155393677,
2023-07-31 13:46:05.664000,-9.313253012048193,-2.6144578313253013,-0.3734939759036145,-2.5677498467198037,-9.290619251992641,0.03188228080931944,3.0,0.29148629148629146,3430.693069306931,-7.611444554513139,-1.3130936425616238,-1.592914165841151,1873.9926739926739,-1.0,81.59362549800797,0.2910646196041913,
2023-07-31 13:46:05.672000,-9.313253012048193,-2.6144578313253013,-0.3855421686746988,-2.6020846106683013,-9.295524218270998,0.06621704475781728,3.0,0.29148629148629146,3430.693069306931,-7.59617737894062,-0.8856127265310894,-1.8066546238564183,1785.3479853479853,-1.0,81.59362549800797,0.29106267698556176,
2023-07-31 13:46:05.679000,-9.325301204819278,-2.626506024096386,-0.39759036144578314,-2.609442060085837,-9.320049049662783,0.03188228080931944,3.0,0.29148629148629146,3430.693069306931,-7.428238447642911,-0.22912417691276882,-1.60818134141367,1696.7032967032967,-1.0,81.59362549800797,0.29106088664594537,
2023-07-31 13:46:05.687000,-9.349397590361447,-2.63855421686747,-0.3855421686746988,-2.6732066217044754,-9.332311465358675,0.07357449417535254,3.0,0.29148629148629146,3430.693069306931,-7.061826233902452,-0.21385700134024974,-1.974593555154128,1614.6520146520145,-1.0,81.59362549800797,0.2910592475588808,
2023-07-31 13:46:05.695000,-9.3855421686747,-2.63855421686747,-0.3855421686746988,-2.6437768240343344,-9.369098712446352,0.01226241569589209,3.0,0.29148629148629146,3430.693069306931,-7.245032340772681,-0.35126158149292147,-1.7150515704213036,1540.6593406593406,-1.0,81.59362549800797,0.29105775871390555,
2023-07-31 13:46:05.702000,-9.3855421686747,-2.63855421686747,-0.39759036144578314,-2.528510116492949,-9.37155119558553,0.05885959534028203,3.0,0.2919302919302919,3425.4752851711028,-6.985490356039857,-0.4733989860730742,-1.6845172192762656,1476.923076923077,-1.0,81.59362549800797,0.2910564191210234,
2023-07-31 13:46:05.710000,-9.3855421686747,-2.626506024096386,-0.3614457831325301,-2.5971796443899446,-9.351931330472102,-0.0269773145309626,3.0,0.2919302919302919,3425.4752851711028,-6.60381096672688,-0.3665287570654406,-1.8371889750014563,1420.5128205128203,735.3515625,81.59362549800797,0.29105522796398775,
2023-07-31 13:46:05.718000,-9.397590361445783,-2.626506024096386,-0.43373493975903615,-2.5432250153280194,-9.354383813611282,0.019619865113427344,3.0,0.2919302919302919,3425.4752851711028,-6.588543791154361,-0.7787424975234558,-1.6692500437037465,1373.6263736263736,-1.0,81.59362549800797,0.29105418462566895,
2023-07-31 13:46:05.725000,-9.373493975903616,-2.602409638554217,-0.4096385542168675,-2.580012262415696,-9.342121397915388,0.07602697731453095,3.0,0.29148629148629146,3430.693069306931,-6.60381096672688,-0.3207272303478833,-2.1730668375968762,1338.4615384615383,-1.0,81.59362549800797,0.2910532885539675,
2023-07-31 13:46:05.733000,-9.361445783132531,-2.63855421686747,-0.42168674698795183,-2.580012262415696,-9.361741263028817,0.014714898835070508,3.0,0.2919302919302919,3425.4752851711028,-6.374803333139093,-0.2749257036303261,-1.6234485169861892,1312.8205128205127,-1.0,81.59362549800797,0.29105253911684137,
2023-07-31 13:46:05.741000,-9.373493975903616,-2.6144578313253013,-0.43373493975903615,-2.560392397302268,-9.337216431637032,-0.04904966278356836,3.0,0.29148629148629146,3430.693069306931,-6.542742264436804,-0.3359944059204024,-2.1119981353068,1292.3076923076922,-1.0,81.59362549800797,0.29105193573368154,
2023-07-31 13:46:05.748000,-9.373493975903616,-2.602409638554217,-0.43373493975903615,-2.6658491722869404,-9.327406499080318,-0.034334763948497854,3.0,0.29148629148629146,3430.693069306931,-6.26793310413146,-0.4275974593555169,-2.1730668375968762,1271.7948717948716,-1.0,81.59362549800797,0.2910514778885309,
2023-07-31 13:46:05.756000,-9.349397590361447,-2.63855421686747,-0.43373493975903615,-2.5383200490496627,-9.33966891477621,0.014714898835070508,3.0,0.29148629148629146,3430.693069306931,-6.420604859856651,-0.4733989860730742,-1.8524561505739754,1254.212454212454,-1.0,81.59362549800797,0.2910511649724501,
2023-07-31 13:46:05.764000,-9.337349397590362,-2.626506024096386,-0.43373493975903615,-2.562844880441447,-9.334763948497853,0.04414469650521152,3.0,0.29148629148629146,3430.693069306931,-6.0083911193986355,-0.4733989860730742,-2.096730959734281,1238.095238095238,-1.0,81.59362549800797,0.291050996423163,
2023-07-31 13:46:05.771000,-9.325301204819278,-2.626506024096386,-0.42168674698795183,-2.6020846106683013,-9.329858982219497,0.007357449417535254,3.0,0.29148629148629146,3430.693069306931,-6.390070508711613,-0.5955363906532268,-1.8677233261464945,1221.9780219780218,-1.0,81.59362549800797,0.29105097172534444,
2023-07-31 13:46:05.779000,-9.349397590361447,-2.63855421686747,-0.42168674698795183,-2.6020846106683013,-9.297976701410178,0.041692213366033105,3.0,0.29148629148629146,3430.693069306931,-6.3290018064215365,-0.5497348639356696,-1.8219217994289372,1205.128205128205,-1.0,81.59362549800797,0.29105109041029886,
2023-07-31 13:46:05.787000,-9.373493975903616,-2.626506024096386,-0.42168674698795183,-2.60453709380748,-9.43286327406499,0.0269773145309626,3.0,0.29148629148629146,3430.693069306931,-6.26793310413146,-0.8856127265310894,-1.8066546238564183,1191.2087912087911,-1.0,81.59362549800797,0.2910513520550273,
2023-07-31 13:46:05.794000,-9.3855421686747,-2.6144578313253013,-0.4096385542168675,-2.5971796443899446,-9.347026364193745,0.007357449417535254,3.0,0.29148629148629146,3430.693069306931,-6.283200279703979,-0.641337917370784,-1.5165782879785557,1180.952380952381,-1.0,81.59362549800797,0.2910517562806872,
2023-07-31 13:46:05.802000,-9.397590361445783,-2.626506024096386,-0.39759036144578314,-2.6486817903126916,-9.288166768853463,0.04414469650521152,3.0,0.29148629148629146,3430.693069306931,-6.466406386574208,-0.7329409708058986,-2.0509294330167234,1175.0915750915751,-1.0,81.59362549800797,0.2910523027504485,
2023-07-31 13:46:05.810000,-9.373493975903616,-2.626506024096386,-0.4096385542168675,-2.6020846106683013,-9.359288779889638,0.017167381974248927,3.0,0.29148629148629146,3430.693069306931,-6.512207913291765,-1.0688188334013184,-1.4707767612609983,1175.0915750915751,-1.0,81.59362549800797,0.29105299116676114,
2023-07-31 13:46:05.817000,-9.3855421686747,-2.626506024096386,-0.3855421686746988,-2.550582464745555,-9.398528510116492,0.03678724708767627,3.0,0.29148629148629146,3430.693069306931,-6.496940737719246,-1.54210127614941,-1.5471126391235939,1183.8827838827838,-1.0,81.59362549800797,0.29105382140678954,
2023-07-31 13:46:05.825000,-9.409638554216867,-2.626506024096386,-0.39759036144578314,-2.5971796443899446,-9.413243408951564,-0.014714898835070508,3.0,0.2919302919302919,3425.4752851711028,-6.023658294971154,-1.725307383019639,-1.5776469902686319,1197.069597069597,-1.0,81.59362549800797,0.291054793498158,
2023-07-31 13:46:05.833000,-9.409638554216867,-2.63855421686747,-0.4096385542168675,-2.55793991416309,-9.40098099325567,0.03188228080931944,3.0,0.2919302919302919,3425.4752851711028,-6.237398752986421,-1.8627119631723108,-1.2875706543907695,1215.3846153846152,-1.0,81.59362549800797,0.291055907615833,
2023-07-31 13:46:05.840000,-9.397590361445783,-2.63855421686747,-0.4096385542168675,-2.587369711833231,-9.376456161863887,0.03678724708767627,3.0,0.29148629148629146,3430.693069306931,-6.2221315774139025,-2.0917195967600968,-1.6692500437037465,1235.8974358974358,-1.0,81.59362549800797,0.2910571641001628,
2023-07-31 13:46:05.848000,-9.397590361445783,-2.63855421686747,-0.39759036144578314,-2.553034947884733,-9.364193746167995,0.056407112201103615,3.0,0.2919302919302919,3425.4752851711028,-6.084726997261231,-2.244391352485288,-1.3791737078258839,1258.6080586080586,-1.0,81.59362549800797,0.29105856302724453,
2023-07-31 13:46:05.856000,-9.3855421686747,-2.6144578313253013,-0.3493975903614458,-2.55793991416309,-9.349478847332923,0.007357449417535254,3.0,0.29148629148629146,3430.693069306931,-5.886253714818483,-2.3970631082104785,-1.5471126391235939,1279.8534798534797,-1.0,81.59362549800797,0.2910601043534054,
2023-07-31 13:46:05.863000,-9.361445783132531,-2.626506024096386,-0.3493975903614458,-2.5849172286940525,-9.320049049662783,0.11771919068056406,3.0,0.29148629148629146,3430.693069306931,-5.748849134665811,-2.152788299050173,-1.5471126391235939,1298.168498168498,-1.0,81.59362549800797,0.2910617882078226,
2023-07-31 13:46:05.871000,-9.373493975903616,-2.6144578313253013,-0.3734939759036145,-2.587369711833231,-9.32495401594114,0.05150214592274678,3.0,0.2919302919302919,3425.4752851711028,-5.657246081230697,-2.0459180700425397,-1.4555095856884792,1315.018315018315,-1.0,81.59362549800797,0.29106361470604625,
2023-07-31 13:46:05.879000,-9.325301204819278,-2.6144578313253013,-0.3734939759036145,-2.55793991416309,-9.266094420600858,0.09319435928877988,3.0,0.29148629148629146,3430.693069306931,-5.733581959093292,-1.7405745585921581,-1.424975234543441,1330.4029304029302,-1.0,81.59362549800797,0.29106558408270794,
2023-07-31 13:46:05.886000,-9.337349397590362,-2.626506024096386,-0.3493975903614458,-2.5652973635806253,-9.280809319435928,0.12752912323727775,3.0,0.29148629148629146,3430.693069306931,-5.641978905658178,-1.5879028028669673,-1.6692500437037465,1342.8571428571427,-1.0,81.59362549800797,0.29106769655753206,
2023-07-31 13:46:05.894000,-9.301204819277109,-2.6144578313253013,-0.3493975903614458,-2.5481299816063765,-9.29307173513182,0.06376456161863887,3.0,0.2919302919302919,3425.4752851711028,-5.718314783520773,-1.6947730318746008,-1.60818134141367,1353.8461538461538,-1.0,81.59362549800797,0.2910699521693413,
2023-07-31 13:46:05.902000,-9.301204819277109,-2.63855421686747,-0.3614457831325301,-2.575107296137339,-9.258736971183323,0.06621704475781728,3.0,0.29148629148629146,3430.693069306931,-5.733581959093292,-0.992482955538723,-1.3791737078258839,1361.904761904762,-1.0,81.59362549800797,0.29107235105678686,
2023-07-31 13:46:05.909000,-9.337349397590362,-2.626506024096386,-0.3493975903614458,-2.60453709380748,-9.27835683629675,0.0956468424279583,3.0,0.29148629148629146,3430.693069306931,-5.733581959093292,-0.992482955538723,-1.3791737078258839,1367.032967032967,-1.0,81.59362549800797,0.2910748933232197,
2023-07-31 13:46:05.917000,-9.325301204819278,-2.63855421686747,-0.3493975903614458,-2.570202329858982,-9.258736971183323,0.08583690987124463,3.0,0.29148629148629146,3430.693069306931,-5.412971272070392,-1.1604218868364329,-1.6692500437037465,1367.032967032967,-1.0,81.59362549800797,0.2910775788696927,
2023-07-31 13:46:05.925000,-9.349397590361447,-2.626506024096386,-0.3614457831325301,-2.528510116492949,-9.329858982219497,0.04659717964438994,3.0,0.2919302919302919,3425.4752851711028,-5.504574325505506,-0.6718722685158223,-1.409708058970922,1361.1721611721612,-1.0,81.59362549800797,0.2910804075255441,
2023-07-31 13:46:05.932000,-9.349397590361447,-2.626506024096386,-0.3614457831325301,-2.616799509503372,-9.285714285714285,0.0539546290619252,3.0,0.29148629148629146,3430.693069306931,-5.565643027795582,-0.7634753219509367,-1.5165782879785557,1348.7179487179487,-1.0,81.59362549800797,0.29108337918927807,
2023-07-31 13:46:05.940000,-9.349397590361447,-2.6506024096385543,-0.3734939759036145,-2.580012262415696,-9.317596566523605,0.09319435928877988,3.0,0.29148629148629146,3430.693069306931,-5.59617737894062,-0.6566050929433032,-1.1196317230930595,1332.6007326007325,-1.0,81.59362549800797,0.2910864936925469,
2023-07-31 13:46:05.948000,-9.361445783132531,-2.626506024096386,-0.3855421686746988,-2.582464745554874,-9.320049049662783,0.06376456161863887,3.0,0.29148629148629146,3430.693069306931,-5.367169745352834,-0.5802692150807077,-1.058563020802983,1316.4835164835165,-1.0,81.59362549800797,0.29108975063248516,
2023-07-31 13:46:05.955000,-9.361445783132531,-2.662650602409639,-0.4096385542168675,-2.5775597792765175,-9.300429184549357,0.06376456161863887,3.0,0.29148629148629146,3430.693069306931,-5.703047607948254,-0.22912417691276882,-1.1501660742380977,1302.5641025641025,-1.0,81.59362549800797,0.29109314950184856,
2023-07-31 13:46:05.963000,-9.349397590361447,-2.626506024096386,-0.39759036144578314,-2.599632127529123,-9.288166768853463,-0.004904966278356836,3.0,0.29148629148629146,3430.693069306931,-5.504574325505506,-0.07645242118757799,-0.8600897383602351,1289.3772893772893,-1.0,81.59362549800797,0.2910966896803884,
2023-07-31 13:46:05.971000,-9.349397590361447,-2.63855421686747,-0.44578313253012053,-2.587369711833231,-9.342121397915388,-0.0269773145309626,3.0,0.29148629148629146,3430.693069306931,-5.428238447642911,-0.015383718897501656,-0.7226851582075633,1279.120879120879,-1.0,81.59362549800797,0.291100370565024,
2023-07-31 13:46:05.978000,-9.349397590361447,-2.63855421686747,-0.42168674698795183,-2.5849172286940525,-9.300429184549357,-0.007357449417535254,3.0,0.29148629148629146,3430.693069306931,-5.59617737894062,-0.3207272303478833,-0.9822271429403877,1268.131868131868,-1.0,81.59362549800797,0.2911041915409936,
2023-07-31 13:46:05.986000,-9.349397590361447,-2.6506024096385543,-0.42168674698795183,-2.5898221949724096,-9.393623543838135,0.014714898835070508,3.0,0.29148629148629146,3430.693069306931,-5.2144979896276435,-0.21385700134024974,-0.8600897383602351,1256.4102564102564,-1.0,81.59362549800797,0.29110815168681176,
2023-07-31 13:46:05.994000,-9.349397590361447,-2.63855421686747,-0.43373493975903615,-2.663396689147762,-9.334763948497853,0.029429797670141016,3.0,0.29148629148629146,3430.693069306931,-5.229765165200162,-0.21385700134024974,-0.844822562787716,1246.153846153846,-1.0,81.59362549800797,0.2911122497876857,
2023-07-31 13:46:06.001000,-9.373493975903616,-2.6506024096385543,-0.42168674698795183,-2.6143470263641935,-9.334763948497853,-0.002452483139178418,3.0,0.29148629148629146,3430.693069306931,-5.1228949361925284,-0.38179593263795963,-0.7226851582075633,1235.164835164835,-1.0,81.59362549800797,0.2911164844766393,
2023-07-31 13:46:06.009000,-9.373493975903616,-2.63855421686747,-0.4819277108433735,-2.616799509503372,-9.359288779889638,-0.02207234825260576,3.0,0.29148629148629146,3430.693069306931,-5.061826233902452,-0.5802692150807077,-0.7532195093526014,1226.3736263736264,-1.0,81.59362549800797,0.2911208542266974,
2023-07-31 13:46:06.017000,-9.3855421686747,-2.63855421686747,-0.45783132530120485,-2.609442060085837,-9.378908645003065,-0.04659717964438994,3.0,0.29148629148629146,3430.693069306931,-5.183963638482605,-0.6871394440883414,-0.676883631490006,1219.047619047619,-1.0,81.59362549800797,0.2911253573434906,
2023-07-31 13:46:06.024000,-9.373493975903616,-2.626506024096386,-0.45783132530120485,-2.560392397302268,-9.369098712446352,-0.02207234825260576,3.0,0.29148629148629146,3430.693069306931,-5.183963638482605,-0.992482955538723,-0.5700134024823724,1211.7216117216117,-1.0,81.59362549800797,0.29112999195833744,
2023-07-31 13:46:06.032000,-9.373493975903616,-2.63855421686747,-0.44578313253012053,-2.587369711833231,-9.32495401594114,-0.029429797670141016,3.0,0.29148629148629146,3430.693069306931,-5.183963638482605,-1.2978264669891046,-0.6921508070625251,1206.5934065934066,-1.0,81.59362549800797,0.2911347560218664,
2023-07-31 13:46:06.040000,-9.373493975903616,-2.626506024096386,-0.42168674698795183,-2.5947271612507663,-9.37155119558553,-0.029429797670141016,3.0,0.29148629148629146,3430.693069306931,-5.061826233902452,-1.389429520424219,-0.43260882232970066,1201.4652014652013,-1.0,81.59362549800797,0.2911396472982324,
2023-07-31 13:46:06.047000,-9.3855421686747,-2.626506024096386,-0.44578313253012053,-2.550582464745555,-9.334763948497853,0.0,3.0,0.29148629148629146,3430.693069306931,-5.031291882757414,-1.5879028028669673,-0.4631431734747389,1196.3369963369962,-1.0,81.59362549800797,0.2911446633599819,
2023-07-31 13:46:06.055000,-9.361445783132531,-2.6144578313253013,-0.4819277108433735,-2.5187001839362355,-9.295524218270998,-0.01226241569589209,3.0,0.29148629148629146,3430.693069306931,-5.0007575316123765,-1.908513489889868,-0.2646698910319908,1195.6043956043954,-1.0,81.59362549800797,0.2911498015836158,
2023-07-31 13:46:06.062000,-9.337349397590362,-2.602409638554217,-0.43373493975903615,-2.560392397302268,-9.288166768853463,0.034334763948497854,3.0,0.2919302919302919,3425.4752851711028,-5.016024707184895,-2.152788299050173,-0.5852805780548915,1200.0,-1.0,81.59362549800797,0.29115505914589795,
2023-07-31 13:46:06.070000,-9.313253012048193,-2.602409638554217,-0.43373493975903615,-2.5015328019619862,-9.334763948497853,0.056407112201103615,3.0,0.29148629148629146,3430.693069306931,-5.3366353942077955,-1.7711089097371961,-0.6005477536274106,1208.7912087912086,-1.0,81.59362549800797,0.29116043317024576,
2023-07-31 13:46:06.078000,-9.337349397590362,-2.6144578313253013,-0.42168674698795183,-2.611894543225015,-9.364193746167995,0.04904966278356836,3.0,0.29148629148629146,3430.693069306931,-4.954956004894819,-1.8321776120272726,-0.5242118757648152,1219.7802197802198,-1.0,81.59362549800797,0.29116592059723223,
2023-07-31 13:46:06.085000,-9.325301204819278,-2.602409638554217,-0.42168674698795183,-2.6143470263641935,-9.29307173513182,-0.03678724708767627,3.0,0.29148629148629146,3430.693069306931,-4.680146844589475,-1.6795058563020817,-0.4020744711846625,1230.03663003663,-1.0,81.59362549800797,0.29117151802443036,
2023-07-31 13:46:06.093000,-9.361445783132531,-2.626506024096386,-0.44578313253012053,-2.611894543225015,-9.33966891477621,-0.007357449417535254,3.0,0.29148629148629146,3430.693069306931,-4.741215546879552,-1.4046966959967382,-0.1577996620243572,1241.0256410256409,-1.0,81.59362549800797,0.29117722198376517,
2023-07-31 13:46:06.101000,-9.373493975903616,-2.63855421686747,-0.46987951807228917,-2.616799509503372,-9.275904353157571,-0.0269773145309626,3.0,0.29148629148629146,3430.693069306931,-4.710681195734513,-1.5268341005768908,-0.20360118874191444,1252.7472527472526,-1.0,81.59362549800797,0.29118302892189163,
2023-07-31 13:46:06.108000,-9.361445783132531,-2.63855421686747,-0.46987951807228917,-2.55793991416309,-9.388718577559779,0.002452483139178418,3.0,0.29148629148629146,3430.693069306931,-4.527475088864285,-1.5879028028669673,-0.27993706660450984,1263.7362637362637,-1.0,81.59362549800797,0.2911889350538776,
2023-07-31 13:46:06.116000,-9.349397590361447,-2.626506024096386,-0.42168674698795183,-2.611894543225015,-9.280809319435928,-0.029429797670141016,3.0,0.291042291042291,3435.9267734553778,-4.481673562146727,-1.2978264669891046,-0.6921508070625251,1272.5274725274724,-1.0,81.59362549800797,0.29119493636691635,
2023-07-31 13:46:06.124000,-9.325301204819278,-2.626506024096386,-0.44578313253012053,-2.611894543225015,-9.320049049662783,0.05150214592274678,3.0,0.29148629148629146,3430.693069306931,-4.191597226268865,-0.809276848668494,-0.7226851582075633,1279.120879120879,-1.0,81.59362549800797,0.2912010284754829,
2023-07-31 13:46:06.131000,-9.373493975903616,-2.6144578313253013,-0.45783132530120485,-2.609442060085837,-9.300429184549357,0.002452483139178418,3.0,0.29148629148629146,3430.693069306931,-4.038925470543674,-0.38179593263795963,-0.29520424217702895,1283.5164835164835,-1.0,81.59362549800797,0.291207206753947,
2023-07-31 13:46:06.139000,-9.373493975903616,-2.6144578313253013,-0.45783132530120485,-2.641324340895156,-9.315144083384427,-0.06621704475781728,3.0,0.29148629148629146,3430.693069306931,-3.9167880659635212,-0.8856127265310894,-0.38680729561214344,1286.4468864468863,-1.0,81.59362549800797,0.29121346650144664,
2023-07-31 13:46:06.147000,-9.3855421686747,-2.6144578313253013,-0.49397590361445787,-2.5456774984671977,-9.374003678724709,-0.08828939301042305,3.0,0.29148629148629146,3430.693069306931,-3.8099178369558877,-1.2978264669891046,-0.49367752461977704,1287.179487179487,-1.0,81.59362549800797,0.2912198026708819,
2023-07-31 13:46:06.154000,-9.397590361445783,-2.6144578313253013,-0.46987951807228917,-2.5652973635806253,-9.320049049662783,-0.014714898835070508,3.0,0.29148629148629146,3430.693069306931,-3.535108676650544,-1.2825592914165855,-0.9364256162228304,1287.179487179487,-1.0,81.59362549800797,0.29122620989652837,
2023-07-31 13:46:06.162000,-9.373493975903616,-2.626506024096386,-0.46987951807228917,-2.629061925199264,-9.307786633966892,-0.04414469650521152,3.0,0.29148629148629146,3430.693069306931,-3.3977040964978724,-1.6031699784394864,-0.9211584406503114,1284.2490842490843,-1.0,81.59362549800797,0.2912326827887474,
2023-07-31 13:46:06.170000,-9.361445783132531,-2.626506024096386,-0.45783132530120485,-2.5383200490496627,-9.280809319435928,-0.03923973022685469,3.0,0.29148629148629146,3430.693069306931,-3.4129712720703913,-1.4352310471417764,-0.8906240895052732,1279.8534798534797,-1.0,81.59362549800797,0.2912392159211943,
2023-07-31 13:46:06.177000,-9.361445783132531,-2.626506024096386,-0.44578313253012053,-2.6266094420600856,-9.312691600245248,-0.017167381974248927,3.0,0.29148629148629146,3430.693069306931,-3.458772798787949,-1.2520249402715473,-1.0738301963755021,1276.1904761904761,-1.0,81.59362549800797,0.2912458036913179,
2023-07-31 13:46:06.185000,-9.421686746987952,-2.6144578313253013,-0.4819277108433735,-2.553034947884733,-9.378908645003065,-0.05885959534028203,3.0,0.29148629148629146,3430.693069306931,-3.458772798787949,-1.2520249402715473,-1.0738301963755021,1273.260073260073,-1.0,81.59362549800797,0.2912524403308429,
2023-07-31 13:46:06.193000,-9.433734939759036,-2.602409638554217,-0.49397590361445787,-2.5726548129981603,-9.391171060698957,-0.0956468424279583,3.0,0.29148629148629146,3430.693069306931,-3.535108676650544,-1.6184371540120055,-0.7379523337800824,1266.6666666666665,-1.0,81.59362549800797,0.2912591197781636,
2023-07-31 13:46:06.200000,-9.3855421686747,-2.626506024096386,-0.46987951807228917,-2.5898221949724096,-9.327406499080318,-0.06866952789699571,3.0,0.29148629148629146,3430.693069306931,-3.0923605850474907,-2.030650894470021,-0.5700134024823724,1260.07326007326,-1.0,81.59362549800797,0.2912658358492487,
2023-07-31 13:46:06.208000,-9.361445783132531,-2.6506024096385543,-0.46987951807228917,-2.6462293071735132,-9.31023911710607,-0.06131207847946045,3.0,0.29148629148629146,3430.693069306931,-2.9702231804673382,-2.274925703630326,-0.661616455917487,1255.6776556776556,-1.0,81.59362549800797,0.2912725823776321,
2023-07-31 13:46:06.216000,-9.337349397590362,-2.63855421686747,-0.42168674698795183,-2.5971796443899446,-9.361741263028817,0.0269773145309626,3.0,0.29148629148629146,3430.693069306931,-3.2450323407726813,-2.030650894470021,-0.43260882232970066,1257.142857142857,-1.0,81.59362549800797,0.29127935307825775,
2023-07-31 13:46:06.223000,-9.349397590361447,-2.662650602409639,-0.46987951807228917,-2.5947271612507663,-9.29307173513182,-0.014714898835070508,3.0,0.29148629148629146,3430.693069306931,-3.1076277606200096,-2.274925703630326,-0.08146378416176177,1268.8644688644688,-1.0,81.59362549800797,0.29128614156114563,
2023-07-31 13:46:06.231000,-9.337349397590362,-2.63855421686747,-0.45783132530120485,-2.5849172286940525,-9.344573881054567,-0.004904966278356836,3.0,0.29148629148629146,3430.693069306931,-3.122894936192529,-1.9848493677524635,0.3460171318687726,1291.5750915750914,-1.0,81.59362549800797,0.2912929413455419,
2023-07-31 13:46:06.239000,-9.349397590361447,-2.63855421686747,-0.43373493975903615,-2.530962599632127,-9.342121397915388,0.02207234825260576,3.0,0.29148629148629146,3430.693069306931,-3.519841501078025,-1.908513489889868,0.19334537614358174,1330.4029304029302,-1.0,81.59362549800797,0.2912997458745049,
2023-07-31 13:46:06.246000,-9.361445783132531,-2.626506024096386,-0.44578313253012053,-2.55793991416309,-9.305334150827713,0.05885959534028203,3.0,0.29148629148629146,3430.693069306931,-3.1839636384826053,-2.2138570013402497,0.1322766738535054,1387.5457875457876,-1.0,81.59362549800797,0.29130654852988314,
2023-07-31 13:46:06.254000,-9.361445783132531,-2.602409638554217,-0.39759036144578314,-2.5726548129981603,-9.32495401594114,0.06131207847946045,3.0,0.29148629148629146,3430.693069306931,-3.2450323407726813,-2.0001165433249826,-0.08146378416176177,1462.2710622710622,-1.0,81.59362549800797,0.29131334264763203,
2023-07-31 13:46:06.262000,-9.349397590361447,-2.602409638554217,-0.42168674698795183,-2.540772532188841,-9.342121397915388,-0.007357449417535254,3.0,0.29148629148629146,3430.693069306931,-3.2755666919177195,-1.6947730318746008,0.08647514713594814,1553.8461538461538,-1.0,81.59362549800797,0.29132012153341663,
2023-07-31 13:46:06.269000,-9.349397590361447,-2.5903614457831328,-0.42168674698795183,-2.499080318822808,-9.285714285714285,0.004904966278356836,3.0,0.291042291042291,3435.9267734553778,-2.6801468445894754,-1.9695821921799443,-0.29520424217702895,1655.6776556776556,-1.0,81.59362549800797,0.2913268784784502,
2023-07-31 13:46:06.277000,-9.373493975903616,-2.602409638554217,-0.39759036144578314,-2.5775597792765175,-9.300429184549357,0.0,3.0,0.291042291042291,3435.9267734553778,-2.9244216537497807,-1.9543150166074252,-0.2646698910319908,1765.5677655677655,-1.0,81.59362549800797,0.29133360676496417,
2023-07-31 13:46:06.285000,-9.373493975903616,-2.5783132530120483,-0.42168674698795183,-2.523605150214592,-9.391171060698957,-0.007357449417535254,3.0,0.29148629148629146,3430.693069306931,-2.26793310413146,-1.71004020744712,-0.44787599790221977,1873.260073260073,-1.0,81.59362549800797,0.2913402995013417,
2023-07-31 13:46:06.292000,-9.3855421686747,-2.602409638554217,-0.4096385542168675,-2.560392397302268,-9.378908645003065,0.0,3.0,0.29148629148629146,3430.693069306931,-1.9931239438261168,-1.6947730318746008,-0.09673095973428085,1972.8937728937728,-1.0,81.59362549800797,0.29134694979706055,
2023-07-31 13:46:06.300000,-9.409638554216867,-2.5783132530120483,-0.4096385542168675,-2.4843654199877374,-9.364193746167995,0.05150214592274678,3.0,0.29148629148629146,3430.693069306931,-2.1305285239787883,-1.8169104364547535,-0.310471417749548,2060.8058608058604,-1.0,81.59362549800797,0.29135355094800225,
2023-07-31 13:46:06.308000,-9.3855421686747,-2.602409638554217,-0.42168674698795183,-2.5162477007970567,-9.32495401594114,0.0956468424279583,3.0,0.29148629148629146,3430.693069306931,-2.222131577413903,-1.8016432608822344,-0.24940271545947168,2130.4029304029305,-1.0,81.59362549800797,0.29136009631330034,
2023-07-31 13:46:06.315000,-9.361445783132531,-2.602409638554217,-0.3855421686746988,-2.540772532188841,-9.349478847332923,0.0809319435928878,3.0,0.29148629148629146,3430.693069306931,-1.7183147835207733,-1.8016432608822344,-0.8600897383602351,2175.091575091575,-1.0,81.59362549800797,0.29136657933085025,
2023-07-31 13:46:06.323000,-9.361445783132531,-2.5903614457831328,-0.3614457831325301,-2.592274678111588,-9.332311465358675,0.06131207847946045,3.0,0.29148629148629146,3430.693069306931,-1.7641163102383304,-1.3130936425616238,-0.5089447001922961,2195.6043956043954,-1.0,81.59362549800797,0.2913729935326797,
2023-07-31 13:46:06.331000,-9.349397590361447,-2.5903614457831328,-0.3493975903614458,-2.553034947884733,-9.270999386879215,0.009809932556713672,3.0,0.29148629148629146,3430.693069306931,-1.6114445545131395,-1.343627993706662,-0.44787599790221977,2190.4761904761904,-1.0,81.59362549800797,0.29137933256012605,
2023-07-31 13:46:06.338000,-9.337349397590362,-2.5903614457831328,-0.3734939759036145,-2.5554874310239115,-9.349478847332923,0.02207234825260576,3.0,0.29148629148629146,3430.693069306931,-1.5503758522230633,-0.7329409708058986,-0.44787599790221977,2161.904761904762,-1.0,81.59362549800797,0.2913855901787716,
2023-07-31 13:46:06.346000,-9.349397590361447,-2.602409638554217,-0.3855421686746988,-2.5260576333537705,-9.329858982219497,0.07112201103617412,3.0,0.29148629148629146,3430.693069306931,-1.5961773789406206,-0.7482081463784177,-0.37154012003962433,2112.087912087912,-1.0,81.59362549800797,0.2913917602930844,
2023-07-31 13:46:06.354000,-9.313253012048193,-2.5783132530120483,-0.3614457831325301,-2.562844880441447,-9.280809319435928,0.03188228080931944,3.0,0.29148629148629146,3430.693069306931,-1.5656430277955824,-0.259658528057807,-0.5242118757648152,2043.956043956044,-1.0,81.59362549800797,0.2913978369607169,
2023-07-31 13:46:06.361000,-9.337349397590362,-2.602409638554217,-0.3855421686746988,-2.5456774984671977,-9.332311465358675,0.056407112201103615,3.0,0.29148629148629146,3430.693069306931,-1.5503758522230633,-0.09171959676009707,-0.9058912650777923,1964.102564102564,-1.0,81.59362549800797,0.2914038144064102,
2023-07-31 13:46:06.369000,-9.337349397590362,-2.6144578313253013,-0.3734939759036145,-2.609442060085837,-9.27835683629675,0.03923973022685469,3.0,0.29148629148629146,3430.693069306931,-1.5809102033681015,-0.09171959676009707,-0.5394790513373343,1879.120879120879,-1.0,81.59362549800797,0.2914096870354619,
2023-07-31 13:46:06.377000,-9.361445783132531,-2.5903614457831328,-0.3855421686746988,-2.5726548129981603,-9.344573881054567,0.02207234825260576,3.0,0.29148629148629146,3430.693069306931,-1.321368218635277,-0.2443913524852879,-0.20360118874191444,1793.4065934065932,-1.0,81.59362549800797,0.29141544944670583,
2023-07-31 13:46:06.384000,-9.373493975903616,-2.626506024096386,-0.42168674698795183,-2.4966278356836296,-9.369098712446352,0.02207234825260576,3.0,0.29148629148629146,3430.693069306931,-1.5961773789406206,-1.1654332498257214E-4,-0.38680729561214344,1707.6923076923076,-1.0,81.59362549800797,0.29142109644496517,
2023-07-31 13:46:06.392000,-9.397590361445783,-2.6144578313253013,-0.42168674698795183,-2.616799509503372,-9.388718577559779,-0.014714898835070508,3.0,0.29148629148629146,3430.693069306931,-1.153429287337567,-0.3207272303478833,-0.43260882232970066,1626.3736263736262,-1.0,81.59362549800797,0.2914266230529311,
2023-07-31 13:46:06.400000,-9.397590361445783,-2.5903614457831328,-0.43373493975903615,-2.580012262415696,-9.3862660944206,-0.002452483139178418,3.0,0.29148629148629146,3430.693069306931,-0.9702231804673381,-0.3359944059204024,-0.5700134024823724,1550.18315018315,704.7119140625,85.14117443270396,0.29143202452243305,
2023-07-31 13:46:06.407000,-9.3855421686747,-2.5903614457831328,-0.42168674698795183,-2.580012262415696,-9.369098712446352,0.01226241569589209,3.0,0.29148629148629146,3430.693069306931,-1.1076277606200098,-0.38179593263795963,-0.5394790513373343,1482.7838827838827,-1.0,85.14117443270396,0.29143729634505716,
2023-07-31 13:46:06.415000,-9.3855421686747,-2.6144578313253013,-0.42168674698795183,-2.528510116492949,-9.320049049662783,-0.009809932556713672,3.0,0.291042291042291,3435.9267734553778,-1.0770934094749718,-0.5802692150807077,-0.6005477536274106,1428.5714285714284,-1.0,85.14117443270396,0.29144243426208105,
2023-07-31 13:46:06.423000,-9.361445783132531,-2.6144578313253013,-0.43373493975903615,-2.570202329858982,-9.349478847332923,-0.014714898835070508,3.0,0.291042291042291,3435.9267734553778,-0.8480857758871855,-0.5497348639356696,-0.4020744711846625,1384.6153846153845,-1.0,85.14117443270396,0.29144743412439694,
2023-07-31 13:46:06.430000,-9.361445783132531,-2.626506024096386,-0.39759036144578314,-2.575107296137339,-9.337216431637032,-0.004904966278356836,3.0,0.291042291042291,3435.9267734553778,-0.7564827224520709,-0.38179593263795963,-0.49367752461977704,1350.18315018315,-1.0,85.14117443270396,0.29145229201785483,
2023-07-31 13:46:06.438000,-9.361445783132531,-2.5903614457831328,-0.4096385542168675,-2.580012262415696,-9.361741263028817,-0.05150214592274678,3.0,0.291042291042291,3435.9267734553778,-0.405337684284132,-0.442864634928036,-0.5394790513373343,1324.5421245421244,-1.0,85.14117443270396,0.29145700424888965,
2023-07-31 13:46:06.445000,-9.361445783132531,-2.5903614457831328,-0.43373493975903615,-2.5652973635806253,-9.359288779889638,-0.07357449417535254,3.0,0.29148629148629146,3430.693069306931,-0.5122079132917656,-0.5650020395081886,-0.7532195093526014,1304.0293040293038,-1.0,85.14117443270396,0.2914615672219325,
2023-07-31 13:46:06.453000,-9.361445783132531,-2.5783132530120483,-0.43373493975903615,-2.530962599632127,-9.354383813611282,0.03923973022685469,3.0,0.29148629148629146,3430.693069306931,-0.35953615756657475,-0.7024066196608604,-0.6463492803449679,1286.4468864468863,-1.0,85.14117443270396,0.291465977741828,
2023-07-31 13:46:06.461000,-9.361445783132531,-2.5783132530120483,-0.43373493975903615,-2.587369711833231,-9.317596566523605,0.007357449417535254,3.0,0.29148629148629146,3430.693069306931,-0.35953615756657475,-0.7024066196608604,-0.6463492803449679,1267.3992673992673,-1.0,85.14117443270396,0.29147023303853936,
2023-07-31 13:46:06.468000,-9.361445783132531,-2.6144578313253013,-0.44578313253012053,-2.5113427345187,-9.329858982219497,-0.007357449417535254,3.0,0.291042291042291,3435.9267734553778,-0.5122079132917656,-0.6718722685158223,-0.47841034904725793,1249.084249084249,-1.0,85.14117443270396,0.2914743306319139,
2023-07-31 13:46:06.476000,-9.373493975903616,-2.6144578313253013,-0.44578313253012053,-2.5849172286940525,-9.327406499080318,-0.01226241569589209,3.0,0.291042291042291,3435.9267734553778,-0.26793310413146026,-0.7482081463784177,-0.661616455917487,1234.4322344322343,-1.0,85.14117443270396,0.29147826818509287,
2023-07-31 13:46:06.484000,-9.349397590361447,-2.6144578313253013,-0.43373493975903615,-2.6560392397302266,-9.354383813611282,0.019619865113427344,3.0,0.291042291042291,3435.9267734553778,-0.4969407377192465,-0.7176737952333795,-0.661616455917487,1222.7106227106226,-1.0,85.14117443270396,0.2914820434845325,
2023-07-31 13:46:06.491000,-9.361445783132531,-2.626506024096386,-0.43373493975903615,-2.553034947884733,-9.297976701410178,-0.03678724708767627,3.0,0.291042291042291,3435.9267734553778,-0.35953615756657475,-0.7176737952333795,-0.6310821047724487,1213.9194139194137,-1.0,85.14117443270396,0.29148565457816134,
2023-07-31 13:46:06.499000,-9.361445783132531,-2.63855421686747,-0.43373493975903615,-2.580012262415696,-9.320049049662783,-0.002452483139178418,3.0,0.29148629148629146,3430.693069306931,-0.573276615581842,-0.7634753219509367,-0.49367752461977704,1206.5934065934066,-1.0,85.14117443270396,0.2914890997738085,
2023-07-31 13:46:06.507000,-9.361445783132531,-2.626506024096386,-0.4096385542168675,-2.5898221949724096,-9.32495401594114,0.009809932556713672,3.0,0.29148629148629146,3430.693069306931,-0.4358720354291702,-0.5344676883631505,-0.310471417749548,1199.2673992673992,-1.0,85.14117443270396,0.2914923777859688,
2023-07-31 13:46:06.514000,-9.349397590361447,-2.63855421686747,-0.44578313253012053,-2.5947271612507663,-9.332311465358675,0.0539546290619252,3.0,0.291042291042291,3435.9267734553778,-0.405337684284132,-0.35126158149292147,-0.44787599790221977,1195.6043956043954,-1.0,85.14117443270396,0.29149548775421835,
2023-07-31 13:46:06.522000,-9.337349397590362,-2.6144578313253013,-0.43373493975903615,-2.6143470263641935,-9.315144083384427,0.007357449417535254,3.0,0.291042291042291,3435.9267734553778,0.0374104073189214,-0.641337917370784,-0.11199813530679993,1194.1391941391942,-1.0,85.14117443270396,0.29149842895249334,
2023-07-31 13:46:06.530000,-9.349397590361447,-2.626506024096386,-0.45783132530120485,-2.611894543225015,-9.334763948497853,-0.009809932556713672,3.0,0.29148629148629146,3430.693069306931,-0.008391119398635847,-0.48866616164559323,-0.1577996620243572,1197.069597069597,-1.0,85.14117443270396,0.2915012007638555,
2023-07-31 13:46:06.537000,-9.361445783132531,-2.6144578313253013,-0.42168674698795183,-2.550582464745555,-9.383813611281422,-0.03188228080931944,3.0,0.291042291042291,3435.9267734553778,-0.008391119398635847,-0.015383718897501656,-0.34100576889458617,1205.8608058608058,-1.0,85.14117443270396,0.2915038029628336,
2023-07-31 13:46:06.545000,-9.361445783132531,-2.63855421686747,-0.44578313253012053,-2.599632127529123,-9.3862660944206,-0.002452483139178418,3.0,0.291042291042291,3435.9267734553778,-0.08472699726123126,-0.4123302837829978,-0.21886836431443352,1217.5824175824175,-1.0,85.14117443270396,0.29150623558150124,
2023-07-31 13:46:06.553000,-9.373493975903616,-2.63855421686747,-0.44578313253012053,-2.6069895769466584,-9.359288779889638,-0.041692213366033105,3.0,0.291042291042291,3435.9267734553778,0.15954781189907408,0.030417807820055594,-0.11199813530679993,1232.967032967033,-1.0,85.14117443270396,0.2915084987432668,
2023-07-31 13:46:06.560000,-9.373493975903616,-2.6144578313253013,-0.4819277108433735,-2.575107296137339,-9.33966891477621,0.004904966278356836,3.0,0.291042291042291,3435.9267734553778,0.052677582891440485,-0.4733989860730742,-0.7684866849251205,1251.2820512820513,-1.0,85.14117443270396,0.2915105927938246,
2023-07-31 13:46:06.568000,-9.3855421686747,-2.6506024096385543,-0.4819277108433735,-2.5554874310239115,-9.322501532801962,0.03678724708767627,3.0,0.291042291042291,3435.9267734553778,0.006876056173883237,-0.7176737952333795,-0.6005477536274106,1272.5274725274724,-1.0,85.14117443270396,0.2915125182926756,
2023-07-31 13:46:06.576000,-9.361445783132531,-2.63855421686747,-0.43373493975903615,-2.6020846106683013,-9.361741263028817,-0.004904966278356836,3.0,0.29059829059829057,3441.1764705882356,0.29695239205174584,-0.7176737952333795,-0.8600897383602351,1295.2380952380952,-1.0,85.14117443270396,0.29151427600402724,
2023-07-31 13:46:06.583000,-9.337349397590362,-2.626506024096386,-0.46987951807228917,-2.6462293071735132,-9.275904353157571,-0.004904966278356836,3.0,0.291042291042291,3435.9267734553778,0.5717615523570894,-1.007750131111242,-0.8295553872151968,1316.4835164835165,-1.0,85.14117443270396,0.2915158667378265,
2023-07-31 13:46:06.591000,-9.337349397590362,-2.626506024096386,-0.44578313253012053,-2.60453709380748,-9.261189454322501,0.019619865113427344,3.0,0.291042291042291,3435.9267734553778,0.6175630790746466,-0.8703455509585704,-0.7532195093526014,1335.5311355311355,-1.0,85.14117443270396,0.2915172916057407,
2023-07-31 13:46:06.599000,-9.325301204819278,-2.626506024096386,-0.46987951807228917,-2.580012262415696,-9.297976701410178,-0.0269773145309626,3.0,0.291042291042291,3435.9267734553778,0.46489132334945577,-1.2978264669891046,-0.5394790513373343,1352.3809523809523,-1.0,85.14117443270396,0.29151855201032334,
2023-07-31 13:46:06.606000,-9.349397590361447,-2.63855421686747,-0.44578313253012053,-2.5971796443899446,-9.344573881054567,-0.056407112201103615,3.0,0.291042291042291,3435.9267734553778,0.5717615523570894,-1.5726356272944482,-0.7837538604976396,1364.102564102564,-1.0,85.14117443270396,0.29151964936742913,
2023-07-31 13:46:06.614000,-9.337349397590362,-2.626506024096386,-0.44578313253012053,-2.5775597792765175,-9.317596566523605,0.06376456161863887,3.0,0.291042291042291,3435.9267734553778,0.5564943767845703,-1.6184371540120055,-0.5852805780548915,1369.230769230769,-1.0,85.14117443270396,0.29152058524376406,
2023-07-31 13:46:06.622000,-9.349397590361447,-2.6144578313253013,-0.45783132530120485,-2.6437768240343344,-9.344573881054567,0.034334763948497854,3.0,0.291042291042291,3435.9267734553778,0.46489132334945577,-1.6489715051570435,-0.7684866849251205,1367.7655677655678,-1.0,85.14117443270396,0.29152136134488316,
2023-07-31 13:46:06.629000,-9.361445783132531,-2.626506024096386,-0.42168674698795183,-2.5677498467198037,-9.32495401594114,0.014714898835070508,3.0,0.291042291042291,3435.9267734553778,0.6786317813647229,-1.725307383019639,-0.875356913932754,1362.6373626373625,-1.0,85.14117443270396,0.29152197950299974,
2023-07-31 13:46:06.637000,-9.361445783132531,-2.626506024096386,-0.39759036144578314,-2.5726548129981603,-9.359288779889638,0.02452483139178418,3.0,0.291042291042291,3435.9267734553778,0.510692850067013,-1.6031699784394864,-0.37154012003962433,1352.3809523809523,-1.0,85.14117443270396,0.29152244166467445,
2023-07-31 13:46:06.645000,-9.3855421686747,-2.63855421686747,-0.4096385542168675,-2.6192519926425506,-9.369098712446352,0.02452483139178418,3.0,0.291042291042291,3435.9267734553778,0.23588368976166948,-2.030650894470021,-0.3562729444671053,1338.4615384615383,-1.0,85.14117443270396,0.2915227498784522,
2023-07-31 13:46:06.652000,-9.361445783132531,-2.6506024096385543,-0.4096385542168675,-2.582464745554874,-9.391171060698957,0.014714898835070508,3.0,0.291042291042291,3435.9267734553778,0.08321193403647865,-1.923780665462387,-0.20360118874191444,1322.3443223443223,-1.0,85.14117443270396,0.29152290628251837,
2023-07-31 13:46:06.660000,-9.361445783132531,-2.626506024096386,-0.3855421686746988,-2.5775597792765175,-9.332311465358675,0.04659717964438994,3.0,0.291042291042291,3435.9267734553778,0.17481498747159316,-2.061185245615059,-0.11199813530679993,1304.0293040293038,-1.0,85.14117443270396,0.29152291309243994,
2023-07-31 13:46:06.668000,-9.361445783132531,-2.63855421686747,-0.3614457831325301,-2.587369711833231,-9.273451870018393,0.0809319435928878,3.0,0.291042291042291,3435.9267734553778,0.23588368976166948,-1.8321776120272726,-0.20360118874191444,1285.7142857142856,-1.0,85.14117443270396,0.29152277258905795,
2023-07-31 13:46:06.675000,-9.337349397590362,-2.626506024096386,-0.3855421686746988,-2.5456774984671977,-9.290619251992641,0.06131207847946045,3.0,0.291042291042291,3435.9267734553778,0.052677582891440485,-1.923780665462387,-0.1425324864518381,1266.6666666666665,-1.0,85.14117443270396,0.2915224871065996,
2023-07-31 13:46:06.683000,-9.301204819277109,-2.6144578313253013,-0.42168674698795183,-2.6143470263641935,-9.21704475781729,0.02452483139178418,3.0,0.291042291042291,3435.9267734553778,0.20534933861663132,-1.8169104364547535,-0.11199813530679993,1247.6190476190475,-1.0,85.14117443270396,0.29152205902106854,
2023-07-31 13:46:06.691000,-9.313253012048193,-2.6144578313253013,-0.3734939759036145,-2.5432250153280194,-9.241569589209075,0.02452483139178418,3.0,0.291042291042291,3435.9267734553778,0.08321193403647865,-1.5268341005768908,0.025406444845871817,1228.5714285714284,-1.0,85.14117443270396,0.29152149073897765,
2023-07-31 13:46:06.698000,-9.289156626506024,-2.602409638554217,-0.3855421686746988,-2.580012262415696,-9.18270999386879,0.12017167381974249,3.0,0.291042291042291,3435.9267734553778,0.19008216304411224,-1.4962997494318528,-0.1425324864518381,1212.4542124542124,-1.0,85.14117443270396,0.29152078468648074,
2023-07-31 13:46:06.706000,-9.289156626506024,-2.6144578313253013,-0.3855421686746988,-2.582464745554874,-9.295524218270998,-0.009809932556713672,3.0,0.291042291042291,3435.9267734553778,0.3732882699143412,-1.7711089097371961,-0.1577996620243572,1198.5347985347985,-1.0,85.14117443270396,0.29151994329896025,
2023-07-31 13:46:06.714000,-9.349397590361447,-2.602409638554217,-0.3734939759036145,-2.553034947884733,-9.31023911710607,0.03923973022685469,3.0,0.291042291042291,3435.9267734553778,0.8618378882349519,-1.71004020744712,-0.18833401316939535,1188.278388278388,-1.0,85.14117443270396,0.29151896901111973,
2023-07-31 13:46:06.721000,-9.373493975903616,-2.602409638554217,-0.3855421686746988,-2.599632127529123,-9.398528510116492,0.06621704475781728,3.0,0.29059829059829057,3441.1764705882356,0.6175630790746466,-1.7558417341646773,-0.5852805780548915,1183.150183150183,-1.0,85.14117443270396,0.29151786424763065,
2023-07-31 13:46:06.729000,-9.421686746987952,-2.626506024096386,-0.39759036144578314,-2.6266094420600856,-9.391171060698957,0.12507664009809932,3.0,0.29059829059829057,3441.1764705882356,0.7855020103723565,-1.4962997494318528,-0.44787599790221977,1179.4871794871794,-1.0,85.14117443270396,0.2915166312650869,
2023-07-31 13:46:06.737000,-9.457831325301205,-2.5903614457831328,-0.3734939759036145,-2.6143470263641935,-9.464745554874309,0.002452483139178418,3.0,0.291042291042291,3435.9267734553778,0.7244333080822801,-1.0535516578287993,-0.7074179826350442,1180.952380952381,-1.0,85.14117443270396,0.2915152722607638,
2023-07-31 13:46:06.744000,-9.481927710843374,-2.6144578313253013,-0.4096385542168675,-2.494175352544451,-9.467198038013489,0.06621704475781728,3.0,0.29059829059829057,3441.1764705882356,0.7244333080822801,-1.0535516578287993,-0.7074179826350442,1183.8827838827838,-1.0,85.14117443270396,0.2915137894924058,
2023-07-31 13:46:06.752000,-9.506024096385543,-2.602409638554217,-0.3734939759036145,-2.5358675659104843,-9.484365419987737,0.02207234825260576,3.0,0.291042291042291,3435.9267734553778,0.8923722393799901,-1.4352310471417764,-0.7684866849251205,1188.278388278388,-1.0,85.14117443270396,0.291512185014593,
2023-07-31 13:46:06.760000,-9.530120481927712,-2.626506024096386,-0.3855421686746988,-2.550582464745555,-9.481912936848559,-0.009809932556713672,3.0,0.291042291042291,3435.9267734553778,0.7702348347998375,-0.8703455509585704,-1.0890973719480213,1194.1391941391942,-1.0,85.14117443270396,0.29151046081014614,
2023-07-31 13:46:06.767000,-9.542168674698795,-2.63855421686747,-0.3734939759036145,-2.5677498467198037,-9.437768240343347,0.09809932556713671,3.0,0.291042291042291,3435.9267734553778,0.9839752928151045,-1.4199638715692573,-1.2723034788182503,1200.0,-1.0,85.14117443270396,0.291508618943286,
2023-07-31 13:46:06.775000,-9.457831325301205,-2.662650602409639,-0.3855421686746988,-2.5652973635806253,-9.41814837522992,0.03923973022685469,3.0,0.291042291042291,3435.9267734553778,0.8923722393799901,-1.190956237981471,-1.5471126391235939,1205.8608058608058,-1.0,85.14117443270396,0.29150666141571974,
2023-07-31 13:46:06.783000,-9.397590361445783,-2.63855421686747,-0.3614457831325301,-2.6020846106683013,-9.405885959534027,0.10055180870631514,3.0,0.291042291042291,3435.9267734553778,0.7244333080822801,-1.2672921158440664,-1.1501660742380977,1209.5238095238094,-1.0,85.14117443270396,0.29150459016230357,
2023-07-31 13:46:06.790000,-9.349397590361447,-2.6506024096385543,-0.3493975903614458,-2.550582464745555,-9.369098712446352,0.13979153893316984,3.0,0.291042291042291,3435.9267734553778,0.8618378882349519,-1.4962997494318528,-1.012761494085426,1214.6520146520145,-1.0,85.14117443270396,0.2915024070475488,
2023-07-31 13:46:06.798000,-9.301204819277109,-2.6506024096385543,-0.3253012048192771,-2.6830165542611892,-9.261189454322501,0.07357449417535254,3.0,0.29059829059829057,3441.1764705882356,0.7091661325097611,-1.1146203601188756,-0.9211584406503114,1222.7106227106226,-1.0,85.14117443270396,0.29150011386298214,
2023-07-31 13:46:06.806000,-9.253012048192772,-2.674698795180723,-0.3132530120481928,-2.6143470263641935,-9.302881667688535,0.08338442673206621,3.0,0.291042291042291,3435.9267734553778,0.6633646057922038,-1.1298875356913947,-1.1807004253831357,1233.6996336996335,-1.0,85.14117443270396,0.29149771217606846,
2023-07-31 13:46:06.813000,-9.253012048192772,-2.6506024096385543,-0.3493975903614458,-2.611894543225015,-9.26364193746168,0.10055180870631514,3.0,0.29059829059829057,3441.1764705882356,0.29695239205174584,-0.9314142532486467,-0.4631431734747389,1246.153846153846,-1.0,85.14117443270396,0.29149520331795514,
2023-07-31 13:46:06.821000,-9.240963855421688,-2.6506024096385543,-0.3373493975903615,-2.6315144083384427,-9.246474555487431,0.08828939301042305,3.0,0.291042291042291,3435.9267734553778,0.38855544548686033,-1.0535516578287993,-0.29520424217702895,1257.8754578754579,-1.0,85.14117443270396,0.2914925885521738,
2023-07-31 13:46:06.828000,-9.216867469879519,-2.662650602409639,-0.3493975903614458,-2.6437768240343344,-9.148375229920294,0.09074187614960147,3.0,0.29059829059829057,3441.1764705882356,0.525960025639532,-1.0993531845463567,-0.44787599790221977,1266.6666666666665,-1.0,85.14117443270396,0.29148986919150416,
2023-07-31 13:46:06.836000,-9.240963855421688,-2.6506024096385543,-0.3132530120481928,-2.65113427345187,-9.185162477007971,0.18393623543838136,3.0,0.291042291042291,3435.9267734553778,0.49542567449449393,-0.6108035662257459,-0.00512790629916635,1270.3296703296703,-1.0,85.14117443270396,0.29148704645994017,
2023-07-31 13:46:06.844000,-9.265060240963855,-2.662650602409639,-0.3132530120481928,-2.5947271612507663,-9.283261802575106,0.08583690987124463,3.0,0.29059829059829057,3441.1764705882356,0.7855020103723565,0.030417807820055594,-0.035662257444204516,1273.9926739926739,-1.0,85.14117443270396,0.29148412148360264,
2023-07-31 13:46:06.851000,-9.325301204819278,-2.6506024096385543,-0.3614457831325301,-2.6364193746167994,-9.315144083384427,0.04904966278356836,3.0,0.29059829059829057,3441.1764705882356,0.7397004836547992,0.7174407085834144,0.05594079599090998,1276.1904761904761,-1.0,85.14117443270396,0.29148109530342453,
2023-07-31 13:46:06.859000,-9.373493975903616,-2.6506024096385543,-0.39759036144578314,-2.609442060085837,-9.40098099325567,0.06131207847946045,3.0,0.29059829059829057,3441.1764705882356,0.4038226210593794,0.6105704795757808,0.3307499562962535,1277.6556776556777,-1.0,85.14117443270396,0.29147796871814907,
2023-07-31 13:46:06.867000,-9.44578313253012,-2.6506024096385543,-0.42168674698795183,-2.6192519926425506,-9.396076026977314,0.04414469650521152,3.0,0.29059829059829057,3441.1764705882356,0.7244333080822801,0.8548452887360861,0.0406736204183909,1279.8534798534797,-1.0,85.14117443270396,0.2914747424257599,
2023-07-31 13:46:06.874000,-9.46987951807229,-2.662650602409639,-0.39759036144578314,-2.633966891477621,-9.442673206621704,0.014714898835070508,3.0,0.291042291042291,3435.9267734553778,0.693898956937242,0.4884330749956281,-0.47841034904725793,1282.7838827838827,-1.0,85.14117443270396,0.2914714170266832,
2023-07-31 13:46:06.882000,-9.46987951807229,-2.6144578313253013,-0.3855421686746988,-2.550582464745555,-9.452483139178417,0.07112201103617412,3.0,0.2901542901542901,3446.4422341239483,0.9534409416700664,0.45789872385058994,-0.8600897383602351,1282.7838827838827,-1.0,85.14117443270396,0.29146799317677596,
2023-07-31 13:46:06.890000,-9.457831325301205,-2.6506024096385543,-0.3734939759036145,-2.5849172286940525,-9.437768240343347,0.034334763948497854,3.0,0.29059829059829057,3441.1764705882356,0.8618378882349519,0.4884330749956281,-1.1807004253831357,1283.5164835164835,-1.0,85.14117443270396,0.2914644713147679,
2023-07-31 13:46:06.897000,-9.433734939759036,-2.63855421686747,-0.3614457831325301,-2.5652973635806253,-9.398528510116492,0.01226241569589209,3.0,0.29059829059829057,3441.1764705882356,0.6786317813647229,0.7785094108734907,-1.4860439368335174,1282.7838827838827,-1.0,85.14117443270396,0.29146085163531976,
2023-07-31 13:46:06.905000,-9.433734939759036,-2.662650602409639,-0.3734939759036145,-2.621704475781729,-9.361741263028817,0.0269773145309626,3.0,0.291042291042291,3435.9267734553778,0.8160363615173947,0.9464483421712006,-1.3333721811083266,1281.3186813186812,-1.0,85.14117443270396,0.291457134391864,
2023-07-31 13:46:06.913000,-9.3855421686747,-2.6506024096385543,-0.3855421686746988,-2.616799509503372,-9.415695892090742,0.002452483139178418,3.0,0.29059829059829057,3441.1764705882356,0.9687081172425855,1.4349979604918113,-1.409708058970922,1279.120879120879,-1.0,85.14117443270396,0.2914533199124603,
2023-07-31 13:46:06.920000,-9.361445783132531,-2.6506024096385543,-0.3373493975903615,-2.599632127529123,-9.275904353157571,0.13979153893316984,3.0,0.29059829059829057,3441.1764705882356,0.9381737660975473,1.6792727696521166,-1.8371889750014563,1276.923076923077,-1.0,85.14117443270396,0.29144940847800477,
2023-07-31 13:46:06.928000,-9.301204819277109,-2.698795180722892,-0.42168674698795183,-2.6192519926425506,-9.273451870018393,-0.0809319435928878,3.0,0.29059829059829057,3441.1764705882356,1.0603111706777,2.9006468154536433,-2.0356622574442045,1274.7252747252746,-1.0,85.14117443270396,0.29144540003044267,
2023-07-31 13:46:06.936000,-9.337349397590362,-2.698795180722892,-0.44578313253012053,-2.6683016554261187,-9.349478847332923,0.04904966278356836,3.0,0.29059829059829057,3441.1764705882356,0.510692850067013,1.9235475788124219,-1.409708058970922,1273.260073260073,-1.0,85.14117443270396,0.2914412944769725,
2023-07-31 13:46:06.943000,-9.301204819277109,-2.674698795180723,-0.4096385542168675,-2.6437768240343344,-9.253832004904966,0.0,3.0,0.29059829059829057,3441.1764705882356,1.1671813996853335,1.7098071207971548,-1.012761494085426,1276.923076923077,-1.0,85.14117443270396,0.29143709182417366,
2023-07-31 13:46:06.951000,-9.313253012048193,-2.674698795180723,-0.3734939759036145,-2.65113427345187,-9.297976701410178,0.08583690987124463,3.0,0.29059829059829057,3441.1764705882356,0.7244333080822801,1.5113338383544066,-1.058563020802983,1293.040293040293,-1.0,85.14117443270396,0.2914327920355765,
2023-07-31 13:46:06.959000,-9.289156626506024,-2.6506024096385543,-0.3493975903614458,-2.6364193746167994,-9.251379521765788,0.07602697731453095,3.0,0.29059829059829057,3441.1764705882356,0.6175630790746466,1.404463609346773,-0.9211584406503114,1326.007326007326,-1.0,85.14117443270396,0.2914283950386359,
2023-07-31 13:46:06.966000,-9.289156626506024,-2.662650602409639,-0.3734939759036145,-2.592274678111588,-9.315144083384427,-0.03678724708767627,3.0,0.29059829059829057,3441.1764705882356,0.3122195676242649,1.358662082629216,-0.9516927917953495,1378.021978021978,-1.0,85.14117443270396,0.2914239007317752,
2023-07-31 13:46:06.974000,-9.313253012048193,-2.6506024096385543,-0.4096385542168675,-2.5947271612507663,-9.290619251992641,-0.004904966278356836,3.0,0.29059829059829057,3441.1764705882356,0.2206165141891504,0.6411048307208189,-0.7226851582075633,1449.8168498168498,-1.0,85.14117443270396,0.2914193088527085,
2023-07-31 13:46:06.982000,-9.337349397590362,-2.63855421686747,-0.3614457831325301,-2.580012262415696,-9.327406499080318,0.034334763948497854,3.0,0.29059829059829057,3441.1764705882356,0.20534933861663132,0.35102849484295634,-0.5394790513373343,1539.9267399267399,-1.0,85.14117443270396,0.29141461914463385,
2023-07-31 13:46:06.989000,-9.301204819277109,-2.6144578313253013,-0.4096385542168675,-2.6020846106683013,-9.275904353157571,-0.009809932556713672,3.0,0.29059829059829057,3441.1764705882356,-0.03892547054367401,0.35102849484295634,-0.8600897383602351,1643.2234432234432,-1.0,85.14117443270396,0.2914098313521111,
2023-07-31 13:46:06.997000,-9.325301204819278,-2.566265060240964,-0.42168674698795183,-2.5432250153280194,-9.337216431637032,0.03188228080931944,3.0,0.29059829059829057,3441.1764705882356,-0.4206048598566511,0.16782238797272733,-0.5852805780548915,1753.113553113553,-1.0,85.14117443270396,0.29140494523802646,
2023-07-31 13:46:07.005000,-9.373493975903616,-2.5903614457831328,-0.43373493975903615,-2.5039852851011646,-9.351931330472102,-0.014714898835070508,3.0,0.29059829059829057,3441.1764705882356,-0.2832002797039794,-0.29019287920284514,-0.43260882232970066,1861.5384615384614,-1.0,85.14117443270396,0.2913999605794664,
2023-07-31 13:46:07.012000,-9.373493975903616,-2.5903614457831328,-0.42168674698795183,-2.5554874310239115,-9.334763948497853,0.0,3.0,0.291042291042291,3435.9267734553778,-0.6496124934444374,-0.5344676883631505,-0.7379523337800824,1960.4395604395604,-1.0,85.14117443270396,0.2913948770458584,
2023-07-31 13:46:07.020000,-9.397590361445783,-2.602409638554217,-0.43373493975903615,-2.528510116492949,-9.327406499080318,-0.02207234825260576,3.0,0.29059829059829057,3441.1764705882356,-0.6496124934444374,-0.5344676883631505,-0.7379523337800824,2044.6886446886444,-1.0,85.14117443270396,0.291389694503127,
2023-07-31 13:46:07.028000,-9.3855421686747,-2.5783132530120483,-0.4096385542168675,-2.530962599632127,-9.383813611281422,-0.06866952789699571,3.0,0.29059829059829057,3441.1764705882356,-0.6038109667268801,-0.9008799021036085,-0.7837538604976396,2113.5531135531132,-1.0,85.14117443270396,0.29138441289182354,
2023-07-31 13:46:07.035000,-9.3855421686747,-2.602409638554217,-0.44578313253012053,-2.5652973635806253,-9.381361128142244,0.017167381974248927,3.0,0.2901542901542901,3446.4422341239483,-0.954956004894819,-0.30546005477536425,-0.7990210360701587,2157.5091575091574,-1.0,85.14117443270396,0.2913790322124358,
2023-07-31 13:46:07.043000,-9.397590361445783,-2.5903614457831328,-0.4096385542168675,-2.5432250153280194,-9.366646229307173,0.017167381974248927,3.0,0.29059829059829057,3441.1764705882356,-0.5580094400093228,-0.9161470776761276,-0.6005477536274106,2178.7545787545787,-1.0,85.14117443270396,0.2913735525000643,
2023-07-31 13:46:07.051000,-9.373493975903616,-2.602409638554217,-0.42168674698795183,-2.560392397302268,-9.342121397915388,-0.0269773145309626,3.0,0.29059829059829057,3441.1764705882356,-0.6343453178719183,-0.5039333372181123,-1.028028669657945,2172.161172161172,-1.0,85.14117443270396,0.2913679738093314,
2023-07-31 13:46:07.058000,-9.3855421686747,-2.6144578313253013,-0.42168674698795183,-2.5726548129981603,-9.317596566523605,-0.05150214592274678,3.0,0.29059829059829057,3441.1764705882356,-0.5427422644368037,-0.7634753219509367,-0.9822271429403877,2143.5897435897436,-1.0,85.14117443270396,0.2913622962410047,
2023-07-31 13:46:07.066000,-9.361445783132531,-2.6144578313253013,-0.43373493975903615,-2.5432250153280194,-9.32495401594114,0.02207234825260576,3.0,0.29059829059829057,3441.1764705882356,-0.573276615581842,-0.9008799021036085,-0.9211584406503114,2093.040293040293,-1.0,85.14117443270396,0.29135651982950556,
2023-07-31 13:46:07.074000,-9.373493975903616,-2.602409638554217,-0.39759036144578314,-2.580012262415696,-9.290619251992641,0.014714898835070508,3.0,0.29059829059829057,3441.1764705882356,-0.3442689819940557,-0.7940096730959749,-1.028028669657945,2027.8388278388277,-1.0,85.14117443270396,0.2913506446963823,
2023-07-31 13:46:07.081000,-9.361445783132531,-2.63855421686747,-0.3855421686746988,-2.560392397302268,-9.302881667688535,0.03923973022685469,3.0,0.29059829059829057,3441.1764705882356,-0.31373463084901754,-0.992482955538723,-1.1959676009556548,1953.8461538461538,-1.0,85.14117443270396,0.29134467105427686,
2023-07-31 13:46:07.089000,-9.337349397590362,-2.6506024096385543,-0.39759036144578314,-2.580012262415696,-9.244022072348253,0.06621704475781728,3.0,0.29059829059829057,3441.1764705882356,-0.573276615581842,-1.3741623448517,-1.1959676009556548,1875.4578754578754,-1.0,85.14117443270396,0.2913385992106547,
2023-07-31 13:46:07.097000,-9.313253012048193,-2.63855421686747,-0.3734939759036145,-2.609442060085837,-9.334763948497853,0.07602697731453095,3.0,0.29059829059829057,3441.1764705882356,-0.19159722626886486,-0.9314142532486467,-1.0890973719480213,1794.139194139194,-1.0,85.14117443270396,0.29133242957128624,
2023-07-31 13:46:07.104000,-9.313253012048193,-2.626506024096386,-0.42168674698795183,-2.570202329858982,-9.334763948497853,0.017167381974248927,3.0,0.29059829059829057,3441.1764705882356,-0.2373987529864221,-0.8398111998135321,-1.0738301963755021,1710.6227106227104,689.39208984375,87.0332005312085,0.29132616264346417,
2023-07-31 13:46:07.112000,-9.325301204819278,-2.63855421686747,-0.4096385542168675,-2.6069895769466584,-9.332311465358675,-0.009809932556713672,3.0,0.29059829059829057,3441.1764705882356,-0.09999417283375035,-1.0382844822562802,-1.3028378299632883,1630.03663003663,-1.0,87.0332005312085,0.29131979903894156,
2023-07-31 13:46:07.120000,-9.337349397590362,-2.662650602409639,-0.39759036144578314,-2.6143470263641935,-9.322501532801962,0.05150214592274678,3.0,0.29059829059829057,3441.1764705882356,-0.02365829497115493,-1.343627993706662,-1.1501660742380977,1554.5787545787546,-1.0,87.0332005312085,0.2913133394765804,
2023-07-31 13:46:07.127000,-9.301204819277109,-2.674698795180723,-0.39759036144578314,-2.60453709380748,-9.295524218270998,-0.03678724708767627,3.0,0.29059829059829057,3441.1764705882356,-0.054192646116193094,-1.1146203601188756,-1.0890973719480213,1488.6446886446886,-1.0,87.0332005312085,0.2913067847847012,
2023-07-31 13:46:07.135000,-9.325301204819278,-2.662650602409639,-0.4096385542168675,-2.6437768240343344,-9.290619251992641,0.0269773145309626,3.0,0.2901542901542901,3446.4422341239483,0.34275391876930306,-1.0840860089738376,-0.8142882116426777,1431.5018315018315,-1.0,87.0332005312085,0.29130013590312265,
2023-07-31 13:46:07.143000,-9.349397590361447,-2.6506024096385543,-0.42168674698795183,-2.6241569589209073,-9.376456161863887,0.02207234825260576,3.0,0.29059829059829057,3441.1764705882356,0.09847910960899774,-1.2214905891265093,-0.7837538604976396,1385.3479853479853,-1.0,87.0332005312085,0.29129339373559066,
2023-07-31 13:46:07.150000,-9.373493975903616,-2.6506024096385543,-0.4096385542168675,-2.5726548129981603,-9.37155119558553,-0.004904966278356836,3.0,0.29059829059829057,3441.1764705882356,0.144280636326555,-1.2214905891265093,-1.1654332498106166,1349.4505494505493,-1.0,87.0332005312085,0.2912865592785973,
2023-07-31 13:46:07.158000,-9.373493975903616,-2.63855421686747,-0.45783132530120485,-2.6241569589209073,-9.305334150827713,0.007357449417535254,3.0,0.2901542901542901,3446.4422341239483,0.34275391876930306,-0.9466814288211658,-1.0738301963755021,1321.6117216117216,-1.0,87.0332005312085,0.29127963378139365,
2023-07-31 13:46:07.166000,-9.373493975903616,-2.63855421686747,-0.45783132530120485,-2.6315144083384427,-9.285714285714285,-0.02452483139178418,3.0,0.2901542901542901,3446.4422341239483,0.4801584989219748,-1.4352310471417764,-1.058563020802983,1299.6336996336995,-1.0,87.0332005312085,0.29127261845850677,
2023-07-31 13:46:07.173000,-9.397590361445783,-2.6506024096385543,-0.45783132530120485,-2.553034947884733,-9.32495401594114,-0.007357449417535254,3.0,0.2901542901542901,3446.4422341239483,0.5870287279296084,-1.6031699784394864,-0.9822271429403877,1280.5860805860805,-1.0,87.0332005312085,0.29126551446810195,
2023-07-31 13:46:07.181000,-9.3855421686747,-2.63855421686747,-0.44578313253012053,-2.6609442060085837,-9.315144083384427,-0.02207234825260576,3.0,0.2901542901542901,3446.4422341239483,0.4038226210593794,-1.5879028028669673,-1.2723034788182503,1262.2710622710622,-1.0,87.0332005312085,0.29125832291021725,
2023-07-31 13:46:07.189000,-9.373493975903616,-2.662650602409639,-0.42168674698795183,-2.6069895769466584,-9.342121397915388,0.0,3.0,0.28971028971028967,3451.724137931035,0.43435697220441755,-2.0001165433249826,-1.226501952100693,1244.6886446886447,-1.0,87.0332005312085,0.2912510449836249,
2023-07-31 13:46:07.196000,-9.373493975903616,-2.6506024096385543,-0.4096385542168675,-2.6069895769466584,-9.317596566523605,-0.03188228080931944,3.0,0.2901542901542901,3446.4422341239483,0.831769710389837,-1.5627294446710562,-0.41990559990676607,1229.3040293040292,-1.0,87.0332005312085,0.29124368196139966,
2023-07-31 13:46:07.204000,-9.349397590361447,-2.662650602409639,-0.42168674698795183,-2.629061925199264,-9.315144083384427,0.0,3.0,0.2901542901542901,3446.4422341239483,0.755317289202259,-1.5266010139269275,-0.21898490763941478,1215.3846153846152,-1.0,87.0332005312085,0.2912362351660244,
2023-07-31 13:46:07.211000,-9.361445783132531,-2.662650602409639,-0.42168674698795183,-2.5947271612507663,-9.359288779889638,-0.02207234825260576,3.0,0.2901542901542901,3446.4422341239483,0.9726705902919426,-1.9518676067828225,-0.24730493560981315,1202.197802197802,-1.0,87.0332005312085,0.2912287061248605,
2023-07-31 13:46:07.219000,-9.373493975903616,-2.6867469879518073,-0.39759036144578314,-2.6143470263641935,-9.315144083384427,0.05150214592274678,3.0,0.2901542901542901,3446.4422341239483,0.7463434531787173,-2.2383310995862704,-0.15395373229998308,1189.7435897435896,-1.0,87.0332005312085,0.29122109642732535,
2023-07-31 13:46:07.227000,-9.337349397590362,-2.6867469879518073,-0.3855421686746988,-2.663396689147762,-9.302881667688535,0.03678724708767627,3.0,0.2901542901542901,3446.4422341239483,0.824777110890973,-1.9405629042596588,-0.24275974593555186,1180.952380952381,-1.0,87.0332005312085,0.2912134077204325,
2023-07-31 13:46:07.234000,-9.361445783132531,-2.6867469879518073,-0.3855421686746988,-2.6903740036787247,-9.354383813611282,0.04659717964438994,3.0,0.2901542901542901,3446.4422341239483,0.9187110308257077,-1.784278305460055,-0.03810966726880642,1178.021978021978,-1.0,87.0332005312085,0.29120564170397245,
2023-07-31 13:46:07.242000,-9.361445783132531,-2.662650602409639,-0.3614457831325301,-2.6535867565910483,-9.297976701410178,0.03923973022685469,3.0,0.2901542901542901,3446.4422341239483,1.026863236408134,-1.7796165724608128,-0.13705495017772923,1178.7545787545787,-1.0,87.0332005312085,0.2911977999866212,
2023-07-31 13:46:07.250000,-9.373493975903616,-2.698795180722892,-0.3614457831325301,-2.658491722869405,-9.327406499080318,0.06376456161863887,3.0,0.2901542901542901,3446.4422341239483,1.2378066546238558,-0.9652118174931534,-0.0226094050463261,1183.8827838827838,-1.0,87.0332005312085,0.29118988410089136,
2023-07-31 13:46:07.257000,-9.349397590361447,-2.6867469879518073,-0.3493975903614458,-2.562844880441447,-9.327406499080318,0.07112201103617412,3.0,0.2901542901542901,3446.4422341239483,1.296777577064272,-0.8005360992949122,-0.1842549967950587,1193.4065934065934,-1.0,87.0332005312085,0.2911818956454493,
2023-07-31 13:46:07.265000,-9.3855421686747,-2.6867469879518073,-0.3734939759036145,-2.6732066217044754,-9.31023911710607,0.08583690987124463,3.0,0.2901542901542901,3446.4422341239483,1.1103082570945744,-0.5439076976866156,-0.2699143406561393,1207.3260073260074,-1.0,87.0332005312085,0.29117383641687555,
2023-07-31 13:46:07.273000,-9.397590361445783,-2.674698795180723,-0.3614457831325301,-2.6437768240343344,-9.297976701410178,0.04414469650521152,3.0,0.2901542901542901,3446.4422341239483,1.3980537264728168,0.0031466697744877915,-0.7352718373055179,1225.6410256410256,-1.0,87.0332005312085,0.2911657082435822,
2023-07-31 13:46:07.280000,-9.3855421686747,-2.674698795180723,-0.3614457831325301,-2.663396689147762,-9.378908645003065,0.08828939301042305,3.0,0.2901542901542901,3446.4422341239483,1.2146145329526243,-0.08204650078666682,-0.7266476312569196,1248.3516483516482,-1.0,87.0332005312085,0.291157512990068,
2023-07-31 13:46:07.288000,-9.373493975903616,-2.674698795180723,-0.3132530120481928,-2.609442060085837,-9.302881667688535,0.13243408951563457,3.0,0.2901542901542901,3446.4422341239483,1.7785676825359837,0.5662840160829796,-0.47351552939805414,1272.5274725274724,-1.0,87.0332005312085,0.29114925267886743,
2023-07-31 13:46:07.296000,-9.373493975903616,-2.674698795180723,-0.3373493975903615,-2.5971796443899446,-9.315144083384427,0.04904966278356836,3.0,0.2901542901542901,3446.4422341239483,1.7475671580910204,0.5549793135598159,-0.4679214497989627,1294.5054945054944,-1.0,87.0332005312085,0.2911409293357507,
2023-07-31 13:46:07.303000,-9.397590361445783,-2.698795180722892,-0.3373493975903615,-2.6683016554261187,-9.32495401594114,0.1103617412630288,3.0,0.2901542901542901,3446.4422341239483,1.5507254821980074,0.6659285589417875,-0.8718606141833225,1315.7509157509157,-1.0,87.0332005312085,0.291132544984211,
2023-07-31 13:46:07.311000,-9.361445783132531,-2.698795180722892,-0.3373493975903615,-2.6437768240343344,-9.337216431637032,0.11771919068056406,3.0,0.2901542901542901,3446.4422341239483,1.4762542975351072,1.0345550958568848,-1.503292348930715,1335.5311355311355,-1.0,87.0332005312085,0.2911241016399874,
2023-07-31 13:46:07.319000,-9.337349397590362,-2.662650602409639,-0.3373493975903615,-2.582464745554874,-9.288166768853463,0.07357449417535254,3.0,0.2901542901542901,3446.4422341239483,1.7220441699201687,1.2477128372472461,-1.366004312103024,1350.18315018315,-1.0,87.0332005312085,0.2911156013056648,
2023-07-31 13:46:07.326000,-9.325301204819278,-2.662650602409639,-0.3132530120481928,-2.6535867565910483,-9.244022072348253,0.10300429184549356,3.0,0.2901542901542901,3446.4422341239483,1.6337043295845244,1.4896567799079312,-1.280111881591981,1359.7069597069597,-1.0,87.0332005312085,0.29110704596538306,
2023-07-31 13:46:07.334000,-9.289156626506024,-2.662650602409639,-0.3373493975903615,-2.575107296137339,-9.26364193746168,0.11526670754138564,3.0,0.2901542901542901,3446.4422341239483,1.7439543150166075,0.8478526892372238,-1.802808694132044,1364.102564102564,-1.0,87.0332005312085,0.29109843757970005,
2023-07-31 13:46:07.342000,-9.337349397590362,-2.674698795180723,-0.28915662650602414,-2.658491722869405,-9.317596566523605,0.09319435928877988,3.0,0.28971028971028967,3451.724137931035,1.304702523162986,0.9434182157216954,-1.8629450498222706,1364.102564102564,-1.0,87.0332005312085,0.2910897780806441,
2023-07-31 13:46:07.349000,-9.349397590361447,-2.674698795180723,-0.3373493975903615,-2.629061925199264,-9.347026364193745,0.09074187614960147,3.0,0.28971028971028967,3451.724137931035,1.143872734689121,1.455043412388555,-1.357613192704388,1360.4395604395604,-1.0,87.0332005312085,0.2910810692176984,
2023-07-31 13:46:07.357000,-9.289156626506024,-2.6506024096385543,-0.3253012048192771,-2.6266094420600856,-9.302881667688535,0.12998160637645614,3.0,0.2901542901542901,3446.4422341239483,0.8005360992949122,1.580910203368103,-1.9088631198648105,1353.8461538461538,-1.0,87.0332005312085,0.2910723125314663,
2023-07-31 13:46:07.365000,-9.373493975903616,-2.7228915662650603,-0.3132530120481928,-2.6830165542611892,-9.334763948497853,0.08828939301042305,3.0,0.2901542901542901,3446.4422341239483,1.131635685566109,1.3277781015092351,-2.044752636792727,1344.3223443223442,-1.0,87.0332005312085,0.29106350949711907,
2023-07-31 13:46:07.372000,-9.397590361445783,-2.734939759036145,-0.3493975903614458,-2.6903740036787247,-9.388718577559779,0.11526670754138564,3.0,0.2901542901542901,3446.4422341239483,0.7731484179243618,1.2762659518676065,-1.2816269448167354,1332.6007326007325,-1.0,87.0332005312085,0.29105466156094967,
2023-07-31 13:46:07.380000,-9.373493975903616,-2.710843373493976,-0.3132530120481928,-2.6854690374003676,-9.31023911710607,0.0809319435928878,3.0,0.28971028971028967,3451.724137931035,0.7681370549501771,1.2403706077734395,-2.048132393217179,1317.216117216117,-1.0,87.0332005312085,0.2910457702845405,
2023-07-31 13:46:07.388000,-9.3855421686747,-2.7228915662650603,-0.3132530120481928,-2.722256284488044,-9.327406499080318,0.08828939301042305,3.0,0.2901542901542901,3446.4422341239483,0.7802575607482084,1.402016199522172,-1.5236874308024013,1296.7032967032967,-1.0,87.0332005312085,0.291036837031825,
2023-07-31 13:46:07.395000,-9.397590361445783,-2.746987951807229,-0.30120481927710846,-2.709993868792152,-9.425505824647455,0.134886572654813,3.0,0.28971028971028967,3451.724137931035,0.3625662840160817,1.7627177903385587,-1.7067769943476478,1275.4578754578754,-1.0,87.0332005312085,0.29102786310376844,
2023-07-31 13:46:07.403000,-9.421686746987952,-2.7590361445783134,-0.28915662650602414,-2.761496014714899,-9.388718577559779,0.12998160637645614,3.0,0.28971028971028967,3451.724137931035,0.31769710389837463,2.301381038401026,-1.5528232620476674,1254.9450549450548,-1.0,87.0332005312085,0.29101884987352356,
2023-07-31 13:46:07.411000,-9.409638554216867,-2.7590361445783134,-0.30120481927710846,-2.7565910484365417,-9.349478847332923,0.05885959534028203,3.0,0.28971028971028967,3451.724137931035,0.4423984616281109,3.003671114736904,-1.568906240895054,1238.095238095238,-1.0,87.0332005312085,0.291009798336168,
2023-07-31 13:46:07.418000,-9.3855421686747,-2.783132530120482,-0.3253012048192771,-2.7492335990190067,-9.354383813611282,0.10545677498467197,3.0,0.28971028971028967,3451.724137931035,0.04591807004253809,3.2421187576481554,-2.1646757181982403,1225.6410256410256,-1.0,87.0332005312085,0.29100070940382294,
2023-07-31 13:46:07.426000,-9.289156626506024,-2.7590361445783134,-0.3614457831325301,-2.8056407112201103,-9.244022072348253,0.1103617412630288,3.0,0.2901542901542901,3446.4422341239483,0.7482081463784159,3.1505157042130407,-1.8898665578928968,1216.8498168498168,-1.0,87.0332005312085,0.29099158403085856,
2023-07-31 13:46:07.434000,-9.301204819277109,-2.843373493975904,-0.3373493975903615,-2.7958307786633965,-9.226854690374003,0.0809319435928878,3.0,0.28971028971028967,3451.724137931035,0.5955363906532251,3.135248528640522,-2.3326146494959503,1211.7216117216117,-1.0,87.0332005312085,0.29098242307331135,
2023-07-31 13:46:07.441000,-9.253012048192772,-2.7951807228915664,-0.3855421686746988,-2.702636419374617,-9.212139791538933,0.08338442673206621,3.0,0.28971028971028967,3451.724137931035,1.0535516578287976,3.532195093526018,-1.905133733465416,1207.3260073260074,-1.0,87.0332005312085,0.29097322731915576,
2023-07-31 13:46:07.449000,-9.253012048192772,-2.7590361445783134,-0.3373493975903615,-2.7075413856529735,-9.224402207234824,0.11526670754138564,3.0,0.28971028971028967,3451.724137931035,1.5421012761494082,4.585630208029834,-1.0654390769768662,1204.3956043956043,-1.0,87.0332005312085,0.2909639974559556,
2023-07-31 13:46:07.457000,-9.325301204819278,-2.8313253012048194,-0.3493975903614458,-2.8203556100551808,-9.31023911710607,0.09809932556713671,3.0,0.28971028971028967,3451.724137931035,0.8398111998135305,4.3413553988695295,-1.4929199930074006,1203.6630036630036,-1.0,87.0332005312085,0.2909547340601048,
2023-07-31 13:46:07.464000,-9.349397590361447,-2.7951807228915664,-0.3734939759036145,-2.781115879828326,-9.315144083384427,0.05885959534028203,3.0,0.28971028971028967,3451.724137931035,1.4046966959967364,4.326088223297011,-1.538721519724958,1205.128205128205,-1.0,87.0332005312085,0.2909454374583,
2023-07-31 13:46:07.472000,-9.373493975903616,-2.771084337349398,-0.39759036144578314,-2.7492335990190067,-9.361741263028817,0.017167381974248927,3.0,0.28971028971028967,3451.724137931035,1.526834100576889,4.7841034904725825,-1.7219276265951868,1206.5934065934066,-1.0,87.0332005312085,0.2909361078873347,
2023-07-31 13:46:07.480000,-9.373493975903616,-2.819277108433735,-0.39759036144578314,-2.815450643776824,-9.320049049662783,0.04659717964438994,3.0,0.28971028971028967,3451.724137931035,1.4504982227142937,4.860439368335178,-2.3631490006409885,1208.058608058608,-1.0,87.0332005312085,0.2909267456228272,
2023-07-31 13:46:07.487000,-9.3855421686747,-2.771084337349398,-0.42168674698795183,-2.6658491722869404,-9.391171060698957,0.009809932556713672,3.0,0.28971028971028967,3451.724137931035,1.3894295204242175,4.036011887419148,-2.302080298350912,1210.2564102564102,-1.0,87.0332005312085,0.2909173508316977,
2023-07-31 13:46:07.495000,-9.361445783132531,-2.771084337349398,-0.42168674698795183,-2.768853464132434,-9.29307173513182,0.02452483139178418,3.0,0.2892662892662892,3457.022256331543,1.4352310471417746,4.6619660858924306,-1.6761260998776297,1213.1868131868132,-1.0,87.0332005312085,0.2909079235743961,
2023-07-31 13:46:07.503000,-9.337349397590362,-2.807228915662651,-0.44578313253012053,-2.793378295524218,-9.283261802575106,0.0269773145309626,3.0,0.28971028971028967,3451.724137931035,1.0077501311112402,5.577996620243575,-2.485286405221141,1218.3150183150183,-1.0,87.0332005312085,0.29089846365829686,
2023-07-31 13:46:07.510000,-9.313253012048193,-2.734939759036145,-0.44578313253012053,-2.763948497854077,-9.270999386879215,-0.05885959534028203,3.0,0.28971028971028967,3451.724137931035,1.7863760853097137,5.303187459938232,-2.1494085426257215,1221.9780219780218,-1.0,87.0332005312085,0.290888970768264,
2023-07-31 13:46:07.518000,-9.325301204819278,-2.7228915662650603,-0.46987951807228917,-2.6315144083384427,-9.290619251992641,-0.0269773145309626,3.0,0.28971028971028967,3451.724137931035,1.0688188334013167,4.616164559174873,-1.9662024357554924,1226.3736263736264,-1.0,87.0332005312085,0.2908794446291873,
2023-07-31 13:46:07.526000,-9.301204819277109,-2.710843373493976,-0.44578313253012053,-2.6192519926425506,-9.315144083384427,-0.04904966278356836,3.0,0.28971028971028967,3451.724137931035,1.6642386807295608,4.127614940854262,-1.6913932754501488,1232.2344322344322,-1.0,87.0332005312085,0.2908698848710968,
2023-07-31 13:46:07.533000,-9.325301204819278,-2.7228915662650603,-0.4819277108433735,-2.6977314530962597,-9.344573881054567,-0.05150214592274678,3.0,0.28971028971028967,3451.724137931035,1.1756890624089502,3.639065322533652,-1.4471184662898435,1239.5604395604396,-1.0,87.0332005312085,0.2908602910334746,
2023-07-31 13:46:07.541000,-9.325301204819278,-2.710843373493976,-0.4819277108433735,-2.6879215205395464,-9.290619251992641,-0.029429797670141016,3.0,0.28971028971028967,3451.724137931035,1.4352310471417746,3.913874482838995,-2.0730726647631257,1247.6190476190475,-1.0,87.0332005312085,0.2908506625700103,
2023-07-31 13:46:07.549000,-9.265060240963855,-2.6867469879518073,-0.49397590361445787,-2.562844880441447,-9.251379521765788,-0.05885959534028203,3.0,0.28971028971028967,3451.724137931035,1.0382844822562785,3.944408833984033,-1.8287978556028206,1255.6776556776556,-1.0,87.0332005312085,0.2908409988537871,
2023-07-31 13:46:07.556000,-9.253012048192772,-2.662650602409639,-0.5060240963855422,-2.570202329858982,-9.207234825260576,-0.03923973022685469,3.0,0.28971028971028967,3451.724137931035,1.145154711263912,3.7764699026863235,-1.2791795349921335,1260.8058608058607,-1.0,87.0332005312085,0.290831299182894,
2023-07-31 13:46:07.564000,-9.240963855421688,-2.6867469879518073,-0.4819277108433735,-2.6977314530962597,-9.199877375843041,-0.07602697731453095,3.0,0.28971028971028967,3451.724137931035,0.8092768486684923,3.7764699026863235,-1.3249810617096907,1267.3992673992673,-1.0,87.0332005312085,0.2908215627864433,
2023-07-31 13:46:07.571000,-9.301204819277109,-2.734939759036145,-0.5060240963855422,-2.6732066217044754,-9.295524218270998,-0.0956468424279583,3.0,0.28971028971028967,3451.724137931035,0.8092768486684923,3.7764699026863235,-1.3249810617096907,1272.5274725274724,-1.0,87.0332005312085,0.2908117888309856,
2023-07-31 13:46:07.579000,-9.337349397590362,-2.734939759036145,-0.5301204819277109,-2.658491722869405,-9.239117106069894,-0.0539546290619252,3.0,0.28971028971028967,3451.724137931035,0.36652875706543886,2.784103490472583,-0.8058970922440419,1276.1904761904761,-1.0,87.0332005312085,0.2908019764273005,
2023-07-31 13:46:07.587000,-9.301204819277109,-2.6506024096385543,-0.5180722891566265,-2.6143470263641935,-9.322501532801962,-0.11771919068056406,3.0,0.28971028971028967,3451.724137931035,0.06118524561505717,2.4787599790222012,-0.9738360235417518,1279.8534798534797,-1.0,87.0332005312085,0.2907921246375491,
2023-07-31 13:46:07.594000,-9.313253012048193,-2.710843373493976,-0.5180722891566265,-2.6952789699570814,-9.258736971183323,-0.10055180870631514,3.0,0.28971028971028967,3451.724137931035,0.6413379173707824,2.7688363149000637,-0.6684925120913702,1281.3186813186812,-1.0,87.0332005312085,0.29078223248276297,
2023-07-31 13:46:07.602000,-9.349397590361447,-2.7590361445783134,-0.5542168674698795,-2.709993868792152,-9.285714285714285,-0.1496014714898835,3.0,0.28971028971028967,3451.724137931035,-0.35102849484295806,2.631431734747392,-0.42421770293106487,1283.5164835164835,-1.0,87.0332005312085,0.29077229881190225,
2023-07-31 13:46:07.610000,-9.325301204819278,-2.734939759036145,-0.5662650602409639,-2.71244635193133,-9.302881667688535,-0.12752912323727775,3.0,0.28971028971028967,3451.724137931035,-0.45789872385059166,2.2039508187168577,-0.7448283899539656,1284.9816849816848,-1.0,87.0332005312085,0.29076232246908745,
2023-07-31 13:46:07.617000,-9.349397590361447,-2.698795180722892,-0.5421686746987953,-2.670754138565297,-9.322501532801962,-0.11281422440220723,3.0,0.28971028971028967,3451.724137931035,-0.4273643727055535,1.2573859332206745,-0.31734747392343127,1284.2490842490843,-1.0,87.0332005312085,0.2907523024295791,
2023-07-31 13:46:07.625000,-9.373493975903616,-2.746987951807229,-0.5301204819277109,-2.7492335990190067,-9.359288779889638,-0.1103617412630288,3.0,0.28971028971028967,3451.724137931035,-0.534234601713187,0.7383019637550258,-0.13414136705320226,1280.5860805860805,-1.0,87.0332005312085,0.290742237659294,
2023-07-31 13:46:07.633000,-9.349397590361447,-2.734939759036145,-0.5542168674698795,-2.7369711833231145,-9.300429184549357,-0.13979153893316984,3.0,0.28971028971028967,3451.724137931035,-0.8548452887360878,-0.2235300973136765,-0.5005535807936603,1275.4578754578754,-1.0,87.0332005312085,0.2907321271238248,
2023-07-31 13:46:07.640000,-9.325301204819278,-2.734939759036145,-0.5180722891566265,-2.71244635193133,-9.337216431637032,-0.041692213366033105,3.0,0.2892662892662892,3457.022256331543,-0.9006468154536451,-0.28459879960375284,-0.02727113804556867,1269.5970695970695,-1.0,87.0332005312085,0.29072196979764126,
2023-07-31 13:46:07.648000,-9.337349397590362,-2.783132530120482,-0.5421686746987953,-2.7958307786633965,-9.320049049662783,-0.1226241569589209,3.0,0.2892662892662892,3457.022256331543,-1.0380513956063169,-0.37620185303886733,0.29333954897733205,1261.5384615384614,-1.0,87.0332005312085,0.2907117645241454,
2023-07-31 13:46:07.656000,-9.313253012048193,-2.783132530120482,-0.5421686746987953,-2.7541385652973633,-9.290619251992641,-0.13733905579399142,3.0,0.2892662892662892,3457.022256331543,-1.2059903269040269,-0.7273468912068063,-0.13414136705320226,1253.4798534798533,-1.0,87.0332005312085,0.2907015101420066,
2023-07-31 13:46:07.663000,-9.313253012048193,-2.771084337349398,-0.5301204819277109,-2.722256284488044,-9.192519926425506,-0.0809319435928878,3.0,0.2892662892662892,3457.022256331543,-0.7479750597284542,-0.49833925761902004,0.35440825126740844,1246.8864468864467,-1.0,87.0332005312085,0.2906912054726351,
2023-07-31 13:46:07.671000,-9.313253012048193,-2.771084337349398,-0.5542168674698795,-2.8007357449417536,-9.283261802575106,-0.15695892090741875,3.0,0.2892662892662892,3457.022256331543,-1.0075170444612787,-1.1090262805197832,0.23227084668725576,1246.8864468864467,-1.0,87.0332005312085,0.2906808492002779,
2023-07-31 13:46:07.679000,-9.313253012048193,-2.807228915662651,-0.5180722891566265,-2.7762109135499693,-9.300429184549357,-0.08338442673206621,3.0,0.28971028971028967,3451.724137931035,-0.7479750597284542,-1.5212400209777985,0.8124235184429809,1257.142857142857,-1.0,87.0332005312085,0.29067044002865605,
2023-07-31 13:46:07.686000,-9.325301204819278,-2.783132530120482,-0.5180722891566265,-2.7492335990190067,-9.29307173513182,-0.11771919068056406,3.0,0.28971028971028967,3451.724137931035,-1.0075170444612787,-1.3991026163976459,0.7360876405803854,1278.3882783882782,-1.0,87.0332005312085,0.2906599768374045,
2023-07-31 13:46:07.694000,-9.337349397590362,-2.771084337349398,-0.5421686746987953,-2.74432863274065,-9.347026364193745,-0.11526670754138564,3.0,0.2892662892662892,3457.022256331543,-0.885379639881126,-1.4907056698327605,0.6902861138628282,1316.4835164835165,-1.0,87.0332005312085,0.29064945871087644,
2023-07-31 13:46:07.702000,-9.361445783132531,-2.783132530120482,-0.4819277108433735,-2.781115879828326,-9.268546903740036,-0.0956468424279583,3.0,0.28971028971028967,3451.724137931035,-0.4120971971330344,-1.0937591049472644,0.7360876405803854,1372.8937728937728,-1.0,87.0332005312085,0.2906388846584793,
2023-07-31 13:46:07.709000,-9.337349397590362,-2.771084337349398,-0.46987951807228917,-2.732066217044758,-9.349478847332923,-0.04659717964438994,3.0,0.2892662892662892,3457.022256331543,-0.9006468154536451,-0.9868888759396307,0.6597517627177901,1446.153846153846,-1.0,87.0332005312085,0.29062825375039786,
2023-07-31 13:46:07.717000,-9.337349397590362,-2.746987951807229,-0.46987951807228917,-2.7884733292458614,-9.327406499080318,-0.09809932556713671,3.0,0.2892662892662892,3457.022256331543,-0.3815628459879962,-0.7731484179243635,-0.07307266476312592,1536.263736263736,-1.0,87.0332005312085,0.2906175651354501,
2023-07-31 13:46:07.725000,-9.325301204819278,-2.771084337349398,-0.46987951807228917,-2.7075413856529735,-9.283261802575106,-0.06376456161863887,3.0,0.2892662892662892,3457.022256331543,-0.28995979255288173,-0.5288736087640582,0.12540061767962216,1637.3626373626373,-1.0,87.0332005312085,0.29060681788836545,
2023-07-31 13:46:07.732000,-9.301204819277109,-2.746987951807229,-0.5060240963855422,-2.6535867565910483,-9.251379521765788,-0.08583690987124463,3.0,0.2892662892662892,3457.022256331543,0.16805547462269074,-0.6968125400617681,-0.22574442048831675,1742.8571428571427,-1.0,87.0332005312085,0.29059601115461225,
2023-07-31 13:46:07.740000,-9.313253012048193,-2.771084337349398,-0.5060240963855422,-2.658491722869405,-9.207234825260576,0.019619865113427344,3.0,0.2892662892662892,3457.022256331543,1.1654332498083647E-4,0.09708058970922423,-0.42421770293106487,1848.3516483516482,-1.0,87.0332005312085,0.29058514415612957,
2023-07-31 13:46:07.748000,-9.301204819277109,-2.771084337349398,-0.49397590361445787,-2.6658491722869404,-9.280809319435928,-0.04659717964438994,3.0,0.28971028971028967,3451.724137931035,0.5497348639356678,0.09708058970922423,0.11013344210710307,1946.5201465201465,-1.0,87.0332005312085,0.29057421619669926,
2023-07-31 13:46:07.755000,-9.313253012048193,-2.734939759036145,-0.46987951807228917,-2.729613733905579,-9.268546903740036,-0.05150214592274678,3.0,0.2892662892662892,3457.022256331543,0.13752112347765258,0.34135539886952954,0.278072373404813,2030.03663003663,-1.0,87.0332005312085,0.2905632268162388,
2023-07-31 13:46:07.763000,-9.325301204819278,-2.7228915662650603,-0.4819277108433735,-2.6560392397302266,-9.241569589209075,-0.009809932556713672,3.0,0.2892662892662892,3457.022256331543,0.7024066196608587,0.17341646757181964,0.41547695355748476,2095.970695970696,-1.0,87.0332005312085,0.29055217566799846,
2023-07-31 13:46:07.771000,-9.325301204819278,-2.7590361445783134,-0.45783132530120485,-2.7492335990190067,-9.283261802575106,-0.056407112201103615,3.0,0.28971028971028967,3451.724137931035,0.6718722685158205,-0.315133150748791,0.1712021443971794,2140.6593406593406,-1.0,87.0332005312085,0.29054106236385097,
2023-07-31 13:46:07.778000,-9.325301204819278,-2.7590361445783134,-0.43373493975903615,-2.702636419374617,-9.288166768853463,0.02207234825260576,3.0,0.2892662892662892,3457.022256331543,0.3359944059204007,0.3260882232970105,-0.02727113804556867,2161.904761904762,-1.0,87.0332005312085,0.29052988676634905,
2023-07-31 13:46:07.786000,-9.301204819277109,-2.7228915662650603,-0.44578313253012053,-2.761496014714899,-9.317596566523605,-0.05885959534028203,3.0,0.2892662892662892,3457.022256331543,0.4733989860730724,0.3871569255870868,0.2628051978322939,2158.974358974359,-1.0,87.0332005312085,0.2905186488649153,
2023-07-31 13:46:07.794000,-9.313253012048193,-2.746987951807229,-0.44578313253012053,-2.7198038013488657,-9.221949724095646,-0.007357449417535254,3.0,0.2892662892662892,3457.022256331543,0.6413379173707824,0.1276149408542624,0.35440825126740844,2137.7289377289376,-1.0,87.0332005312085,0.290507348620102,
2023-07-31 13:46:07.801000,-9.313253012048193,-2.746987951807229,-0.43373493975903615,-2.74432863274065,-9.26364193746168,-0.02207234825260576,3.0,0.2892662892662892,3457.022256331543,0.6871394440883396,0.41769127673212497,0.5070800069925993,2092.3076923076924,-1.0,87.0332005312085,0.2904959861053096,
2023-07-31 13:46:07.809000,-9.349397590361447,-2.746987951807229,-0.46987951807228917,-2.702636419374617,-9.280809319435928,-0.034334763948497854,3.0,0.2892662892662892,3457.022256331543,0.946681428821164,-0.2387972728861956,0.24753802225977484,2030.7692307692307,-1.0,87.0332005312085,0.29048456164808717,
2023-07-31 13:46:07.817000,-9.349397590361447,-2.7228915662650603,-0.42168674698795183,-2.7173513182096873,-9.315144083384427,-0.01226241569589209,3.0,0.2892662892662892,3457.022256331543,0.5955363906532251,-0.34566750189382917,0.07959909096206491,1956.7765567765566,-1.0,87.0332005312085,0.29047307581188336,
2023-07-31 13:46:07.824000,-9.337349397590362,-2.771084337349398,-0.3855421686746988,-2.732066217044758,-9.266094420600858,-0.019619865113427344,3.0,0.28971028971028967,3451.724137931035,0.3054600547753625,-0.04032399044344752,0.278072373404813,1873.9926739926739,704.7119140625,85.14117443270396,0.29046152911102124,
2023-07-31 13:46:07.832000,-9.349397590361447,-2.7228915662650603,-0.45783132530120485,-2.6658491722869404,-9.283261802575106,-0.029429797670141016,3.0,0.2892662892662892,3457.022256331543,0.8398111998135305,0.4329584523046441,0.5376143581376374,1786.080586080586,-1.0,85.14117443270396,0.2904499221827791,
2023-07-31 13:46:07.840000,-9.361445783132531,-2.7228915662650603,-0.44578313253012053,-2.663396689147762,-9.33966891477621,-0.009809932556713672,3.0,0.2892662892662892,3457.022256331543,0.5802692150807061,0.15814929199930056,0.41547695355748476,1700.3663003663003,-1.0,85.14117443270396,0.2904382558097729,
2023-07-31 13:46:07.847000,-9.349397590361447,-2.734939759036145,-0.43373493975903615,-2.729613733905579,-9.359288779889638,-0.07602697731453095,3.0,0.2892662892662892,3457.022256331543,0.5802692150807061,0.15814929199930056,0.41547695355748476,1617.5824175824175,-1.0,85.14117443270396,0.29042653076113323,
2023-07-31 13:46:07.855000,-9.337349397590362,-2.746987951807229,-0.44578313253012053,-2.734518700183936,-9.312691600245248,0.05885959534028203,3.0,0.2892662892662892,3457.022256331543,0.36652875706543886,0.02074471184662881,0.461278480275042,1540.6593406593406,-1.0,85.14117443270396,0.2904147479311748,
2023-07-31 13:46:07.863000,-9.325301204819278,-2.746987951807229,-0.43373493975903615,-2.700183936235438,-9.268546903740036,-0.0539546290619252,3.0,0.2892662892662892,3457.022256331543,0.35126158149291975,0.02074471184662881,0.5986830604277138,1472.5274725274724,-1.0,85.14117443270396,0.2904029083389475,
2023-07-31 13:46:07.870000,-9.337349397590362,-2.7590361445783134,-0.4096385542168675,-2.751686082158185,-9.322501532801962,0.05150214592274678,3.0,0.2892662892662892,3457.022256331543,0.3054600547753625,0.02074471184662881,0.018530388671988578,1414.6520146520145,-1.0,85.14117443270396,0.29039101312743315,
2023-07-31 13:46:07.878000,-9.313253012048193,-2.7228915662650603,-0.42168674698795183,-2.71244635193133,-9.332311465358675,-0.019619865113427344,3.0,0.2892662892662892,3457.022256331543,0.7329409708058968,0.05127906299166698,0.09486626653458399,1366.3003663003662,-1.0,85.14117443270396,0.29037906356240367,
2023-07-31 13:46:07.886000,-9.313253012048193,-2.746987951807229,-0.42168674698795183,-2.6732066217044754,-9.251379521765788,0.007357449417535254,3.0,0.2892662892662892,3457.022256331543,0.5955363906532251,0.6161645591748731,0.278072373404813,1327.4725274725274,-1.0,85.14117443270396,0.29036706103095933,
2023-07-31 13:46:07.893000,-9.325301204819278,-2.7590361445783134,-0.44578313253012053,-2.702636419374617,-9.285714285714285,-0.019619865113427344,3.0,0.2892662892662892,3457.022256331543,0.7940096730959731,0.5703630324573158,0.40020977798496565,1298.168498168498,-1.0,85.14117443270396,0.29035500703976735,
2023-07-31 13:46:07.901000,-9.313253012048193,-2.734939759036145,-0.43373493975903615,-2.722256284488044,-9.246474555487431,-0.03188228080931944,3.0,0.2892662892662892,3457.022256331543,0.8092768486684923,0.35662257444204865,0.5070800069925993,1276.1904761904761,-1.0,85.14117443270396,0.29034290321301653,
2023-07-31 13:46:07.909000,-9.313253012048193,-2.7228915662650603,-0.44578313253012053,-2.6952789699570814,-9.24892703862661,0.019619865113427344,3.0,0.2892662892662892,3457.022256331543,0.778742497523454,0.3108210477244914,0.5834158848551947,1255.6776556776556,-1.0,85.14117443270396,0.2903307512901136,
2023-07-31 13:46:07.916000,-9.289156626506024,-2.746987951807229,-0.45783132530120485,-2.705088902513795,-9.288166768853463,-0.03923973022685469,3.0,0.28882228882228883,3462.336664104535,0.8398111998135305,0.26501952100693416,0.12540061767962216,1237.3626373626373,-1.0,85.14117443270396,0.2903185531231376,
2023-07-31 13:46:07.924000,-9.301204819277109,-2.7590361445783134,-0.44578313253012053,-2.7467811158798283,-9.270999386879215,0.002452483139178418,3.0,0.2892662892662892,3457.022256331543,0.6718722685158205,0.6925004370374684,0.5376143581376374,1221.9780219780218,-1.0,85.14117443270396,0.2903063105247834,
2023-07-31 13:46:07.932000,-9.325301204819278,-2.746987951807229,-0.44578313253012053,-2.7148988350705086,-9.283261802575106,-0.009809932556713672,3.0,0.2892662892662892,3457.022256331543,1.0230173066837593,0.4787599790222013,0.3696754268399275,1206.5934065934066,-1.0,85.14117443270396,0.2902940253928163,
2023-07-31 13:46:07.939000,-9.349397590361447,-2.746987951807229,-0.45783132530120485,-2.6903740036787247,-9.33966891477621,-0.03923973022685469,3.0,0.2892662892662892,3457.022256331543,0.35126158149291975,0.6925004370374684,0.644484587145271,1193.4065934065934,-1.0,85.14117443270396,0.29028169986587543,
2023-07-31 13:46:07.947000,-9.337349397590362,-2.7590361445783134,-0.45783132530120485,-2.803188228080932,-9.31023911710607,-0.04904966278356836,3.0,0.2892662892662892,3457.022256331543,0.3817959326379579,0.5703630324573158,0.6139502360002328,1185.3479853479853,-1.0,85.14117443270396,0.2902693361812467,
2023-07-31 13:46:07.954000,-9.349397590361447,-2.734939759036145,-0.46987951807228917,-2.741876149601471,-9.253832004904966,-0.07847946045370938,3.0,0.28882228882228883,3462.336664104535,0.5039333372181106,0.21921799428937688,0.278072373404813,1177.2893772893772,-1.0,85.14117443270396,0.2902569368100115,
2023-07-31 13:46:07.962000,-9.349397590361447,-2.7590361445783134,-0.46987951807228917,-2.705088902513795,-9.302881667688535,-0.03188228080931944,3.0,0.2892662892662892,3457.022256331543,0.35126158149291975,0.5092943301672395,0.5834158848551947,1172.8937728937728,-1.0,85.14117443270396,0.2902445042836732,
2023-07-31 13:46:07.970000,-9.3855421686747,-2.746987951807229,-0.46987951807228917,-2.705088902513795,-9.327406499080318,-0.04659717964438994,3.0,0.28882228882228883,3462.336664104535,0.18332265019520982,0.4787599790222013,0.40020977798496565,1173.6263736263736,-1.0,85.14117443270396,0.2902320411697996,
2023-07-31 13:46:07.977000,-9.349397590361447,-2.783132530120482,-0.45783132530120485,-2.7492335990190067,-9.344573881054567,0.002452483139178418,3.0,0.2892662892662892,3457.022256331543,0.3359944059204007,0.18868364314433872,0.3849426024124466,1180.2197802197802,-1.0,85.14117443270396,0.2902195500789318,
2023-07-31 13:46:07.985000,-9.349397590361447,-2.771084337349398,-0.4819277108433735,-2.6732066217044754,-9.302881667688535,-0.07847946045370938,3.0,0.28882228882228883,3462.336664104535,0.16805547462269074,0.34135539886952954,0.24753802225977484,1193.4065934065934,-1.0,85.14117443270396,0.29020703351135035,
2023-07-31 13:46:07.993000,-9.325301204819278,-2.771084337349398,-0.49397590361445787,-2.8007357449417536,-9.297976701410178,-0.06131207847946045,3.0,0.2892662892662892,3457.022256331543,0.15278829905017166,0.2039508187168578,-0.042538313618087756,1214.6520146520145,-1.0,85.14117443270396,0.2901944938837428,
2023-07-31 13:46:08,-9.313253012048193,-2.771084337349398,-0.46987951807228917,-2.79092581238504,-9.244022072348253,-0.08338442673206621,3.0,0.28882228882228883,3462.336664104535,-0.060952158965095496,0.06654623856418607,0.1712021443971794,1239.5604395604396,-1.0,85.14117443270396,0.29018193366214723,
2023-07-31 13:46:08.008000,-9.313253012048193,-2.746987951807229,-0.46987951807228917,-2.680564071122011,-9.266094420600858,-0.04904966278356836,3.0,0.2892662892662892,3457.022256331543,-0.07621933453761458,0.09708058970922423,0.2017364955422176,1266.6666666666665,-1.0,85.14117443270396,0.2901693555053855,
2023-07-31 13:46:08.016000,-9.313253012048193,-2.771084337349398,-0.46987951807228917,-2.7075413856529735,-9.256284488044145,-0.07112201103617412,3.0,0.28882228882228883,3462.336664104535,-0.015150632247538248,0.18868364314433872,0.3391410756948893,1294.5054945054944,-1.0,85.14117443270396,0.2901567622282899,
2023-07-31 13:46:08.023000,-9.301204819277109,-2.771084337349398,-0.5180722891566265,-2.732066217044758,-9.302881667688535,-0.06621704475781728,3.0,0.28882228882228883,3462.336664104535,-0.19835673911776724,-0.08612551716100478,0.04906473981702675,1321.6117216117216,-1.0,85.14117443270396,0.29014415665841614,
2023-07-31 13:46:08.031000,-9.301204819277109,-2.771084337349398,-0.49397590361445787,-2.761496014714899,-9.297976701410178,-0.05150214592274678,3.0,0.2892662892662892,3457.022256331543,0.09171959676009533,0.15814929199930056,0.24753802225977484,1349.4505494505493,-1.0,85.14117443270396,0.29013154147154785,
2023-07-31 13:46:08.039000,-9.289156626506024,-2.771084337349398,-0.4819277108433735,-2.798283261802575,-9.329858982219497,-0.056407112201103615,3.0,0.28882228882228883,3462.336664104535,-0.2441582658353245,0.1276149408542624,0.29333954897733205,1374.3589743589744,-1.0,85.14117443270396,0.2901189193354192,
2023-07-31 13:46:08.046000,-9.301204819277109,-2.783132530120482,-0.44578313253012053,-2.7467811158798283,-9.27835683629675,-0.03188228080931944,3.0,0.2892662892662892,3457.022256331543,0.07645242118757625,0.26501952100693416,0.5681487092826756,1393.4065934065934,-1.0,85.14117443270396,0.2901062927969376,
2023-07-31 13:46:08.054000,-9.337349397590362,-2.7590361445783134,-0.45783132530120485,-2.6854690374003676,-9.275904353157571,-0.04904966278356836,3.0,0.28882228882228883,3462.336664104535,0.07645242118757625,0.06654623856418607,0.3696754268399275,1407.3260073260071,-1.0,85.14117443270396,0.29009366455340735,
2023-07-31 13:46:08.062000,-9.301204819277109,-2.7590361445783134,-0.46987951807228917,-2.71244635193133,-9.266094420600858,0.017167381974248927,3.0,0.28882228882228883,3462.336664104535,-0.2288910902628054,0.02074471184662881,-0.10360701590816408,1415.3846153846152,-1.0,85.14117443270396,0.29008103743659575,
2023-07-31 13:46:08.069000,-9.313253012048193,-2.771084337349398,-0.44578313253012053,-2.739423666462293,-9.204782342121398,-0.06621704475781728,3.0,0.28882228882228883,3462.336664104535,-0.28995979255288173,-0.1471942194510811,0.3849426024124466,1414.6520146520145,-1.0,85.14117443270396,0.2900684139602983,
2023-07-31 13:46:08.077000,-9.337349397590362,-2.7590361445783134,-0.44578313253012053,-2.734518700183936,-9.266094420600858,-0.04659717964438994,3.0,0.28882228882228883,3462.336664104535,-0.3204941436979199,-0.45253773090146276,0.5528815337101565,1410.2564102564102,-1.0,85.14117443270396,0.2900557966129214,
2023-07-31 13:46:08.085000,-9.265060240963855,-2.783132530120482,-0.45783132530120485,-2.741876149601471,-9.29307173513182,-0.029429797670141016,3.0,0.28882228882228883,3462.336664104535,-0.47316589942311077,-0.48307208204650093,0.06433191538954583,1402.197802197802,-1.0,85.14117443270396,0.29004318797979584,
2023-07-31 13:46:08.092000,-9.27710843373494,-2.7590361445783134,-0.45783132530120485,-2.729613733905579,-9.302881667688535,-0.01226241569589209,3.0,0.2892662892662892,3457.022256331543,-0.6411048307208207,-0.39146902861138644,0.04906473981702675,1389.7435897435896,-1.0,85.14117443270396,0.29003059058881564,
2023-07-31 13:46:08.100000,-9.313253012048193,-2.7590361445783134,-0.45783132530120485,-2.810545677498467,-9.285714285714285,-0.02452483139178418,3.0,0.28882228882228883,3462.336664104535,-0.534234601713187,0.18868364314433872,0.2628051978322939,1372.8937728937728,-1.0,85.14117443270396,0.290018007054727,
2023-07-31 13:46:08.108000,-9.301204819277109,-2.771084337349398,-0.4819277108433735,-2.7247087676272224,-9.239117106069894,-0.05885959534028203,3.0,0.2883782883782884,3467.6674364896076,-0.5037002505681489,0.11234776528174331,0.04906473981702675,1351.6483516483515,-1.0,85.14117443270396,0.2900054399468062,
2023-07-31 13:46:08.115000,-9.361445783132531,-2.771084337349398,-0.46987951807228917,-2.781115879828326,-9.300429184549357,-0.06131207847946045,3.0,0.28882228882228883,3462.336664104535,-0.7785094108734925,-0.009789639298409356,0.41547695355748476,1327.4725274725274,-1.0,85.14117443270396,0.2899928916146023,
2023-07-31 13:46:08.123000,-9.349397590361447,-2.771084337349398,-0.46987951807228917,-2.7198038013488657,-9.347026364193745,-0.0269773145309626,3.0,0.28882228882228883,3462.336664104535,-0.7785094108734925,-0.009789639298409356,0.41547695355748476,1301.8315018315018,-1.0,85.14117443270396,0.28998036429054963,
2023-07-31 13:46:08.131000,-9.313253012048193,-2.7590361445783134,-0.44578313253012053,-2.7590435315757205,-9.266094420600858,-0.04414469650521152,3.0,0.28882228882228883,3462.336664104535,-0.5953033040032634,-0.3609346774663483,0.23227084668725576,1275.4578754578754,-1.0,85.14117443270396,0.2899678601170549,
2023-07-31 13:46:08.138000,-9.27710843373494,-2.783132530120482,-0.43373493975903615,-2.702636419374617,-9.258736971183323,0.002452483139178418,3.0,0.28882228882228883,3462.336664104535,-0.36629567041547717,-0.7273468912068063,-0.271545947205874,1249.084249084249,-1.0,85.14117443270396,0.28995538115263614,
2023-07-31 13:46:08.146000,-9.289156626506024,-2.771084337349398,-0.4096385542168675,-2.74432863274065,-9.246474555487431,0.06131207847946045,3.0,0.28882228882228883,3462.336664104535,-0.885379639881126,-0.8952858225045162,0.09486626653458399,1225.6410256410256,-1.0,85.14117443270396,0.289942929367775,
2023-07-31 13:46:08.154000,-9.289156626506024,-2.7590361445783134,-0.42168674698795183,-2.7565910484365417,-9.285714285714285,0.041692213366033105,3.0,0.28882228882228883,3462.336664104535,-0.6869063574383779,-0.4372705553289437,0.18646931996969848,1206.5934065934066,-1.0,85.14117443270396,0.2899305066410566,
2023-07-31 13:46:08.161000,-9.313253012048193,-2.771084337349398,-0.43373493975903615,-2.739423666462293,-9.251379521765788,-0.03923973022685469,3.0,0.28882228882228883,3462.336664104535,-0.534234601713187,-0.16246139502360019,0.278072373404813,1191.2087912087911,-1.0,85.14117443270396,0.28991811475563,
2023-07-31 13:46:08.169000,-9.301204819277109,-2.771084337349398,-0.43373493975903615,-2.7786633966891476,-9.288166768853463,0.009809932556713672,3.0,0.28882228882228883,3462.336664104535,-0.702173533010897,-0.08612551716100478,0.5834158848551947,1179.4871794871794,-1.0,85.14117443270396,0.2899057553960176,
2023-07-31 13:46:08.177000,-9.301204819277109,-2.783132530120482,-0.42168674698795183,-2.763948497854077,-9.300429184549357,-0.009809932556713672,3.0,0.28882228882228883,3462.336664104535,-0.30522696812540084,0.08181341413670515,0.7208204650078665,1170.6959706959706,-1.0,85.14117443270396,0.28989343014530694,
2023-07-31 13:46:08.184000,-9.337349397590362,-2.771084337349398,-0.39759036144578314,-2.705088902513795,-9.297976701410178,0.0269773145309626,3.0,0.28882228882228883,3462.336664104535,-0.534234601713187,0.11234776528174331,0.9498280985956526,1167.7655677655678,-1.0,85.14117443270396,0.28988114048274605,
2023-07-31 13:46:08.192000,-9.325301204819278,-2.783132530120482,-0.44578313253012053,-2.732066217044758,-9.273451870018393,-0.05150214592274678,3.0,0.28882228882228883,3462.336664104535,-0.4884330749956298,0.2955538721519723,0.7971563428704618,1169.9633699633698,-1.0,85.14117443270396,0.28986888778177233,
2023-07-31 13:46:08.200000,-9.361445783132531,-2.771084337349398,-0.44578313253012053,-2.7148988350705086,-9.300429184549357,-0.02207234825260576,3.0,0.2883782883782884,3467.6674364896076,-0.6105704795757825,0.34135539886952954,0.5834158848551947,1176.5567765567764,-1.0,85.14117443270396,0.28985667330849707,
2023-07-31 13:46:08.207000,-9.361445783132531,-2.783132530120482,-0.42168674698795183,-2.74432863274065,-9.32495401594114,-0.03923973022685469,3.0,0.28882228882228883,3462.336664104535,-0.4120971971330344,0.6772332614649494,0.644484587145271,1185.3479853479853,-1.0,85.14117443270396,0.2898444980713698,
2023-07-31 13:46:08.215000,-9.349397590361447,-2.771084337349398,-0.44578313253012053,-2.6535867565910483,-9.322501532801962,-0.041692213366033105,3.0,0.28882228882228883,3462.336664104535,-0.534234601713187,0.6466989103199112,0.5528815337101565,1194.8717948717947,-1.0,85.14117443270396,0.28983236294804976,
2023-07-31 13:46:08.223000,-9.361445783132531,-2.783132530120482,-0.4096385542168675,-2.7884733292458614,-9.290619251992641,0.017167381974248927,3.0,0.28882228882228883,3462.336664104535,-0.5037002505681489,0.600897383602354,0.49181283142008014,1206.5934065934066,-1.0,85.14117443270396,0.289820268844306,
2023-07-31 13:46:08.230000,-9.349397590361447,-2.771084337349398,-0.46987951807228917,-2.74432863274065,-9.288166768853463,-0.056407112201103615,3.0,0.2883782883782884,3467.6674364896076,-0.3204941436979199,0.41769127673212497,0.14066779325214124,1219.047619047619,-1.0,85.14117443270396,0.28980821655556865,
2023-07-31 13:46:08.238000,-9.337349397590362,-2.783132530120482,-0.45783132530120485,-2.768853464132434,-9.258736971183323,0.02207234825260576,3.0,0.28882228882228883,3462.336664104535,-0.3815628459879962,0.7535691393275448,0.49181283142008014,1231.5018315018315,-1.0,85.14117443270396,0.2897962066184757,
2023-07-31 13:46:08.246000,-9.361445783132531,-2.783132530120482,-0.44578313253012053,-2.761496014714899,-9.241569589209075,-0.014714898835070508,3.0,0.28882228882228883,3462.336664104535,-0.21362391469028633,0.9367752461977739,0.15593496882466032,1243.2234432234432,-1.0,85.14117443270396,0.28978423943968307,
2023-07-31 13:46:08.253000,-9.325301204819278,-2.7951807228915664,-0.45783132530120485,-2.8056407112201103,-9.297976701410178,0.002452483139178418,3.0,0.2883782883782884,3467.6674364896076,-0.6105704795757825,0.9825767729153311,0.35440825126740844,1257.8754578754579,-1.0,85.14117443270396,0.2897723154567491,
2023-07-31 13:46:08.261000,-9.337349397590362,-2.807228915662651,-0.45783132530120485,-2.79092581238504,-9.33966891477621,-0.0269773145309626,3.0,0.2883782883782884,3467.6674364896076,-0.5495017772857061,1.4100576889458654,0.29333954897733205,1271.7948717948716,-1.0,85.14117443270396,0.28976043499116405,
2023-07-31 13:46:08.269000,-9.337349397590362,-2.7951807228915664,-0.45783132530120485,-2.763948497854077,-9.344573881054567,-0.05885959534028203,3.0,0.2883782883782884,3467.6674364896076,-0.4884330749956298,0.8757065439076975,0.003263213099469496,1287.179487179487,-1.0,85.14117443270396,0.2897485982089821,
2023-07-31 13:46:08.276000,-9.325301204819278,-2.771084337349398,-0.44578313253012053,-2.827713059472716,-9.26364193746168,-0.03188228080931944,3.0,0.2883782883782884,3467.6674364896076,-0.7174407085834161,1.1810500553580792,0.18646931996969848,1301.098901098901,-1.0,85.14117443270396,0.28973680497459653,
2023-07-31 13:46:08.284000,-9.301204819277109,-2.807228915662651,-0.42168674698795183,-2.680564071122011,-9.27835683629675,-0.014714898835070508,3.0,0.28882228882228883,3462.336664104535,-0.6258376551483016,1.2115844065031174,-0.042538313618087756,1312.087912087912,-1.0,85.14117443270396,0.2897250550131143,
2023-07-31 13:46:08.292000,-9.301204819277109,-2.783132530120482,-0.44578313253012053,-2.773758430410791,-9.261189454322501,-0.07847946045370938,3.0,0.2883782883782884,3467.6674364896076,-0.3204941436979199,1.150515704213041,0.14066779325214124,1320.14652014652,-1.0,85.14117443270396,0.2897133480519383,
2023-07-31 13:46:08.299000,-9.27710843373494,-2.807228915662651,-0.44578313253012053,-2.761496014714899,-9.273451870018393,0.009809932556713672,3.0,0.28882228882228883,3462.336664104535,-0.5495017772857061,1.16578287978556,0.23227084668725576,1323.8095238095236,-1.0,85.14117443270396,0.2897016835682404,
2023-07-31 13:46:08.307000,-9.289156626506024,-2.807228915662651,-0.42168674698795183,-2.6952789699570814,-9.236664622930716,0.009809932556713672,3.0,0.2883782883782884,3467.6674364896076,-0.5037002505681489,1.1810500553580792,0.018530388671988578,1324.5421245421244,-1.0,85.14117443270396,0.2896900609312943,
2023-07-31 13:46:08.315000,-9.301204819277109,-2.7951807228915664,-0.45783132530120485,-2.7664009809932555,-9.20232985898222,-0.02452483139178418,3.0,0.2883782883782884,3467.6674364896076,-0.30522696812540084,1.1810500553580792,0.2628051978322939,1324.5421245421244,-1.0,85.14117443270396,0.28967847941706165,
2023-07-31 13:46:08.322000,-9.301204819277109,-2.807228915662651,-0.42168674698795183,-2.8007357449417536,-9.212139791538933,0.02207234825260576,3.0,0.2883782883782884,3467.6674364896076,-0.2288910902628054,1.6390653225336516,-0.14940854262572134,1326.007326007326,-1.0,85.14117443270396,0.2896669380528801,
2023-07-31 13:46:08.330000,-9.27710843373494,-2.807228915662651,-0.43373493975903615,-2.771305947271612,-9.280809319435928,-0.017167381974248927,3.0,0.2883782883782884,3467.6674364896076,-0.19835673911776724,1.4100576889458654,0.03379756424450766,1326.7399267399267,-1.0,85.14117443270396,0.28965543576040004,
2023-07-31 13:46:08.337000,-9.289156626506024,-2.807228915662651,-0.42168674698795183,-2.763948497854077,-9.31023911710607,0.03188228080931944,3.0,0.2883782883782884,3467.6674364896076,1.1654332498083647E-4,1.883340131693957,0.15593496882466032,1324.5421245421244,-1.0,85.14117443270396,0.28964397149888055,
2023-07-31 13:46:08.345000,-9.325301204819278,-2.807228915662651,-0.43373493975903615,-2.7762109135499693,-9.258736971183323,0.014714898835070508,3.0,0.2883782883782884,3467.6674364896076,-0.4884330749956298,2.188683643144339,0.5070800069925993,1316.4835164835165,-1.0,85.14117443270396,0.28963254411096306,
2023-07-31 13:46:08.353000,-9.325301204819278,-2.7951807228915664,-0.46987951807228917,-2.7762109135499693,-9.366646229307173,-0.01226241569589209,3.0,0.2883782883782884,3467.6674364896076,-0.5037002505681489,2.49402715459472,0.18646931996969848,1304.7619047619046,-1.0,85.14117443270396,0.28962115233905533,
2023-07-31 13:46:08.360000,-9.349397590361447,-2.771084337349398,-0.46987951807228917,-2.793378295524218,-9.312691600245248,-0.05885959534028203,3.0,0.2883782883782884,3467.6674364896076,-0.5647689528582253,2.4634928034496824,0.5070800069925993,1292.3076923076922,-1.0,85.14117443270396,0.2896097948208849,
2023-07-31 13:46:08.368000,-9.325301204819278,-2.7951807228915664,-0.44578313253012053,-2.761496014714899,-9.285714285714285,-0.034334763948497854,3.0,0.2883782883782884,3467.6674364896076,-0.6105704795757825,2.249752345434415,0.3238739001223703,1280.5860805860805,-1.0,85.14117443270396,0.2895984701063464,
2023-07-31 13:46:08.376000,-9.361445783132531,-2.771084337349398,-0.45783132530120485,-2.7786633966891476,-9.300429184549357,-0.056407112201103615,3.0,0.2883782883782884,3467.6674364896076,-0.8090437620185306,2.4787599790222012,0.6750189382903091,1271.7948717948716,-1.0,85.14117443270396,0.28958717665349715,
2023-07-31 13:46:08.383000,-9.337349397590362,-2.783132530120482,-0.43373493975903615,-2.7664009809932555,-9.302881667688535,-0.007357449417535254,3.0,0.2883782883782884,3467.6674364896076,-1.1296544490414313,2.1734164675718195,0.644484587145271,1268.8644688644688,-1.0,85.14117443270396,0.2895759128458269,
2023-07-31 13:46:08.391000,-9.313253012048193,-2.783132530120482,-0.49397590361445787,-2.79092581238504,-9.268546903740036,-0.06866952789699571,3.0,0.2883782883782884,3467.6674364896076,-0.9769826933162405,2.3566225744420484,1.0566983276032862,1274.7252747252746,-1.0,85.14117443270396,0.28956467712739825,
2023-07-31 13:46:08.399000,-9.325301204819278,-2.771084337349398,-0.4819277108433735,-2.732066217044758,-9.295524218270998,-0.004904966278356836,3.0,0.2883782883782884,3467.6674364896076,-0.9769826933162405,2.3566225744420484,1.0566983276032862,1290.10989010989,-1.0,85.14117443270396,0.28955346786136,
2023-07-31 13:46:08.406000,-9.313253012048193,-2.771084337349398,-0.45783132530120485,-2.692826486817903,-9.24892703862661,-0.03678724708767627,3.0,0.2883782883782884,3467.6674364896076,-1.3281277314841795,2.1276149408542624,1.010896800885729,1320.14652014652,-1.0,85.14117443270396,0.2895422833378232,
2023-07-31 13:46:08.414000,-9.337349397590362,-2.7590361445783134,-0.44578313253012053,-2.705088902513795,-9.327406499080318,-0.004904966278356836,3.0,0.2879342879342879,3473.0146491904397,-1.1143872734689122,1.7612027271138042,0.49181283142008014,1367.032967032967,-1.0,85.14117443270396,0.289531121643045,
2023-07-31 13:46:08.422000,-9.325301204819278,-2.746987951807229,-0.46987951807228917,-2.7198038013488657,-9.275904353157571,-0.029429797670141016,3.0,0.2883782883782884,3467.6674364896076,-1.2975933803391413,1.4253248645183845,0.7360876405803854,1433.6996336996335,-1.0,85.14117443270396,0.2895199808159874,
2023-07-31 13:46:08.429000,-9.325301204819278,-2.734939759036145,-0.46987951807228917,-2.71244635193133,-9.266094420600858,-0.07847946045370938,3.0,0.2883782883782884,3467.6674364896076,-1.2823262047666222,1.4558592156634227,1.010896800885729,1513.5531135531135,-1.0,85.14117443270396,0.28950885895222755,
2023-07-31 13:46:08.437000,-9.301204819277109,-2.734939759036145,-0.44578313253012053,-2.709993868792152,-9.256284488044145,-0.07112201103617412,3.0,0.2883782883782884,3467.6674364896076,-1.267059029194103,1.0283782996328883,0.41547695355748476,1604.3956043956043,-1.0,85.14117443270396,0.2894977540942126,
2023-07-31 13:46:08.445000,-9.301204819277109,-2.771084337349398,-0.49397590361445787,-2.7198038013488657,-9.26364193746168,-0.0539546290619252,3.0,0.2883782883782884,3467.6674364896076,-1.3433949070566984,0.6314317347473921,0.7055532894353473,1704.0293040293038,-1.0,85.14117443270396,0.28948666411090596,
2023-07-31 13:46:08.452000,-9.301204819277109,-2.734939759036145,-0.46987951807228917,-2.761496014714899,-9.261189454322501,-0.05150214592274678,3.0,0.2883782883782884,3467.6674364896076,-1.3739292582017366,0.967309597342812,0.9192937474506145,1805.8608058608058,-1.0,85.14117443270396,0.2894755868647749,
2023-07-31 13:46:08.460000,-9.301204819277109,-2.771084337349398,-0.5301204819277109,-2.761496014714899,-9.290619251992641,-0.07357449417535254,3.0,0.2883782883782884,3467.6674364896076,-1.099120097896393,0.6619660858924303,1.209370083328477,1904.7619047619046,-1.0,85.14117443270396,0.2894645203472602,
2023-07-31 13:46:08.468000,-9.301204819277109,-2.734939759036145,-0.49397590361445787,-2.729613733905579,-9.29307173513182,-0.08583690987124463,3.0,0.2883782883782884,3467.6674364896076,-0.9922498688887595,0.6161645591748731,1.4383777169162633,1991.2087912087911,-1.0,85.14117443270396,0.2894534625375294,
2023-07-31 13:46:08.475000,-9.337349397590362,-2.746987951807229,-0.5060240963855422,-2.702636419374617,-9.270999386879215,-0.12752912323727775,3.0,0.2883782883782884,3467.6674364896076,-1.1907231513315077,0.3260882232970105,1.1788357321834388,2060.8058608058604,-1.0,85.14117443270396,0.2894424114105073,
2023-07-31 13:46:08.483000,-9.373493975903616,-2.734939759036145,-0.5180722891566265,-2.658491722869405,-9.297976701410178,-0.09809932556713671,3.0,0.2883782883782884,3467.6674364896076,-0.9922498688887595,0.15814929199930056,1.2551716100460344,2106.9597069597066,-1.0,85.14117443270396,0.28943136494488636,
2023-07-31 13:46:08.491000,-9.349397590361447,-2.7228915662650603,-0.5421686746987953,-2.6462293071735132,-9.307786633966892,-0.09074187614960147,3.0,0.2883782883782884,3467.6674364896076,-0.9769826933162405,0.11234776528174331,1.2704387856185535,2128.937728937729,-1.0,85.14117443270396,0.2894203211311028,
2023-07-31 13:46:08.498000,-9.349397590361447,-2.7228915662650603,-0.5180722891566265,-2.670754138565297,-9.224402207234824,-0.09074187614960147,3.0,0.2883782883782884,3467.6674364896076,-0.9006468154536451,-0.5594079599090963,0.9192937474506145,2125.274725274725,-1.0,85.14117443270396,0.2894092779792745,
2023-07-31 13:46:08.506000,-9.313253012048193,-2.7228915662650603,-0.5421686746987953,-2.6462293071735132,-9.280809319435928,-0.1079092581238504,3.0,0.2883782883782884,3467.6674364896076,-1.251791853621584,0.06654623856418607,0.7971563428704618,2098.168498168498,-1.0,85.14117443270396,0.28939823352709254,
2023-07-31 13:46:08.514000,-9.313253012048193,-2.734939759036145,-0.5180722891566265,-2.6977314530962597,-9.288166768853463,-0.11281422440220723,3.0,0.2883782883782884,3467.6674364896076,-1.083852922323874,0.11234776528174331,1.1024998543208435,2051.2820512820513,-1.0,85.14117443270396,0.28938718584765405,
2023-07-31 13:46:08.521000,-9.337349397590362,-2.7228915662650603,-0.5301204819277109,-2.6683016554261187,-9.332311465358675,-0.12752912323727775,3.0,0.2883782883782884,3467.6674364896076,-1.1143872734689122,0.2802866965794532,0.9803624497406909,1989.0109890109889,-1.0,85.14117443270396,0.289376133057235,
2023-07-31 13:46:08.529000,-9.337349397590362,-2.7228915662650603,-0.5783132530120483,-2.6732066217044754,-9.334763948497853,-0.14714898835070508,3.0,0.2883782883782884,3467.6674364896076,-1.085134898898665,-0.5716450090321085,0.4597634170502894,1913.5531135531135,-1.0,85.14117443270396,0.2893650733229878,
2023-07-31 13:46:08.537000,-9.361445783132531,-2.734939759036145,-0.6024096385542169,-2.692826486817903,-9.391171060698957,-0.18638871857755976,3.0,0.2883782883782884,3467.6674364896076,-0.7571819824019577,-0.7545014859273932,0.4261989394557421,1830.03663003663,-1.0,85.14117443270396,0.28935400487056084,
2023-07-31 13:46:08.544000,-9.361445783132531,-2.734939759036145,-0.5662650602409639,-2.7198038013488657,-9.351931330472102,-0.15941140404659718,3.0,0.2883782883782884,3467.6674364896076,-0.6642969523920522,-1.4738068877105062,0.2724782938057216,1742.124542124542,-1.0,85.14117443270396,0.2893429259916275,
2023-07-31 13:46:08.552000,-9.373493975903616,-2.746987951807229,-0.5301204819277109,-2.702636419374617,-9.307786633966892,-0.11526670754138564,3.0,0.2883782883782884,3467.6674364896076,-0.6768836314900069,-1.2540061767962234,0.40510459763417034,1652.7472527472526,-1.0,85.14117443270396,0.28933183491256725,
2023-07-31 13:46:08.560000,-9.349397590361447,-2.7228915662650603,-0.5662650602409639,-2.6683016554261187,-9.258736971183323,-0.13243408951563457,3.0,0.2883782883782884,3467.6674364896076,-0.6159314725249097,-1.2185770060019814,0.3094225278247179,1565.5677655677655,720.03173828125,83.32966008307197,0.28932072996091884,
2023-07-31 13:46:08.567000,-9.373493975903616,-2.734939759036145,-0.5783132530120483,-2.734518700183936,-9.26364193746168,-0.12017167381974249,3.0,0.2883782883782884,3467.6674364896076,-0.4629100868247763,-1.1996969873550494,-0.10209195268340975,1486.4468864468863,-1.0,83.32966008307197,0.2893096097001997,
2023-07-31 13:46:08.575000,-9.361445783132531,-2.746987951807229,-0.5542168674698795,-2.734518700183936,-9.337216431637032,-0.0956468424279583,3.0,0.2883782883782884,3467.6674364896076,-0.22189849076394133,-1.4249752345434419,-0.1139793718314785,1414.6520146520145,-1.0,83.32966008307197,0.2892984729266365,
2023-07-31 13:46:08.583000,-9.349397590361447,-2.746987951807229,-0.5542168674698795,-2.71244635193133,-9.31023911710607,-0.14714898835070508,3.0,0.2883782883782884,3467.6674364896076,-0.19637550259308956,-1.266592855894178,-0.27853854670473766,1352.3809523809523,-1.0,83.32966008307197,0.2892873185171725,
2023-07-31 13:46:08.590000,-9.361445783132531,-2.734939759036145,-0.5301204819277109,-2.6683016554261187,-9.337216431637032,-0.1079092581238504,3.0,0.2883782883782884,3467.6674364896076,0.17679622399627085,-0.8113746285181526,-0.2547637084086006,1299.6336996336995,-1.0,83.32966008307197,0.2892761453088372,
2023-07-31 13:46:08.598000,-9.337349397590362,-2.734939759036145,-0.5421686746987953,-2.700183936235438,-9.275904353157571,-0.15695892090741875,3.0,0.2883782883782884,3467.6674364896076,0.33109958627119684,-1.12510925936717,-0.4920459180700427,1255.6776556776556,-1.0,83.32966008307197,0.2892649522546587,
2023-07-31 13:46:08.606000,-9.337349397590362,-2.746987951807229,-0.5301204819277109,-2.7271612507664007,-9.361741263028817,-0.11281422440220723,3.0,0.2883782883782884,3467.6674364896076,0.18332265019521157,-0.8844472932812776,-0.8931880426548572,1221.9780219780218,-1.0,83.32966008307197,0.2892537384301014,
2023-07-31 13:46:08.613000,-9.349397590361447,-2.7590361445783134,-0.5421686746987953,-2.680564071122011,-9.253832004904966,-0.041692213366033105,3.0,0.2879342879342879,3473.0146491904397,0.33447934269564633,-0.9365421595478104,-0.89248878270497,1197.8021978021977,-1.0,83.32966008307197,0.289242503039306,
2023-07-31 13:46:08.621000,-9.313253012048193,-2.771084337349398,-0.5060240963855422,-2.74432863274065,-9.285714285714285,-0.12507664009809932,3.0,0.2879342879342879,3473.0146491904397,0.20884563836606335,-0.9302488199988348,-0.8026338791445715,1179.4871794871794,-1.0,83.32966008307197,0.28923124527183036,
2023-07-31 13:46:08.629000,-9.313253012048193,-2.771084337349398,-0.5060240963855422,-2.7590435315757205,-9.290619251992641,-0.0956468424279583,3.0,0.2883782883782884,3467.6674364896076,0.17598042072140324,-0.8852630965561452,-0.4201386865567273,1164.102564102564,-1.0,83.32966008307197,0.28921996428658453,
2023-07-31 13:46:08.636000,-9.325301204819278,-2.771084337349398,-0.5180722891566265,-2.7541385652973633,-9.26364193746168,-0.06621704475781728,3.0,0.2883782883782884,3467.6674364896076,-0.05594079599090911,-0.37119049006468097,-0.6345784045218809,1153.113553113553,-1.0,83.32966008307197,0.28920865950376057,
2023-07-31 13:46:08.644000,-9.325301204819278,-2.771084337349398,-0.5180722891566265,-2.705088902513795,-9.273451870018393,-0.04414469650521152,3.0,0.2879342879342879,3473.0146491904397,0.016782238797271695,-0.845405279412621,-0.529572868713944,1146.5201465201465,-1.0,83.32966008307197,0.2891973306301584,
2023-07-31 13:46:08.652000,-9.325301204819278,-2.7951807228915664,-0.4819277108433735,-2.7467811158798283,-9.27835683629675,-0.04904966278356836,3.0,0.2879342879342879,3473.0146491904397,0.31758056057339207,-1.4233436279937068,-0.7576481557018819,1142.857142857143,-1.0,83.32966008307197,0.2891859773758376,
2023-07-31 13:46:08.659000,-9.289156626506024,-2.7951807228915664,-0.49397590361445787,-2.781115879828326,-9.256284488044145,-0.041692213366033105,3.0,0.2879342879342879,3473.0146491904397,-0.19416117941844846,-1.234193811549443,-0.660917195967601,1139.9267399267399,-1.0,83.32966008307197,0.28917459943667284,
2023-07-31 13:46:08.667000,-9.301204819277109,-2.7951807228915664,-0.4819277108433735,-2.7492335990190067,-9.266094420600858,-0.017167381974248927,3.0,0.2879342879342879,3473.0146491904397,-0.23005652351261552,-0.9422527824718835,-0.4307441291300038,1139.9267399267399,-1.0,83.32966008307197,0.28916319663557427,
2023-07-31 13:46:08.675000,-9.27710843373494,-2.7951807228915664,-0.4819277108433735,-2.734518700183936,-9.256284488044145,-0.02452483139178418,3.0,0.2879342879342879,3473.0146491904397,-0.2316881300623507,-0.9408542625721118,-0.42759745935551563,1146.5201465201465,-1.0,83.32966008307197,0.28915176906323486,
2023-07-31 13:46:08.682000,-9.289156626506024,-2.819277108433735,-0.45783132530120485,-2.7884733292458614,-9.251379521765788,-0.04659717964438994,3.0,0.2879342879342879,3473.0146491904397,0.23798146961132627,-1.3715983917021148,-0.12003962473049327,1161.904761904762,-1.0,83.32966008307197,0.28914031692052716,
2023-07-31 13:46:08.690000,-9.301204819277109,-2.807228915662651,-0.46987951807228917,-2.7786633966891476,-9.234212139791538,0.01226241569589209,3.0,0.2879342879342879,3473.0146491904397,-0.1642095448983162,-1.5426839927743141,-0.11572752170619408,1183.150183150183,-1.0,83.32966008307197,0.2891288403919385,
2023-07-31 13:46:08.698000,-9.27710843373494,-2.7951807228915664,-0.43373493975903615,-2.8179031269160024,-9.27835683629675,-0.03188228080931944,3.0,0.2879342879342879,3473.0146491904397,-0.0768020511625205,-1.5588835149466818,0.17807820057106222,1206.5934065934066,-1.0,83.32966008307197,0.2891173399339908,
2023-07-31 13:46:08.705000,-9.289156626506024,-2.7951807228915664,-0.42168674698795183,-2.692826486817903,-9.251379521765788,-0.03678724708767627,3.0,0.2879342879342879,3473.0146491904397,-0.08076452421187415,-1.4687955247363198,0.4235184429811781,1232.2344322344322,-1.0,83.32966008307197,0.2891058162547647,
2023-07-31 13:46:08.713000,-9.313253012048193,-2.819277108433735,-0.44578313253012053,-2.7565910484365417,-9.256284488044145,-0.03678724708767627,3.0,0.2879342879342879,3473.0146491904397,-0.41699201678223824,-1.223704912301147,0.20942835499096799,1261.5384615384614,-1.0,83.32966008307197,0.28909427016534495,
2023-07-31 13:46:08.720000,-9.325301204819278,-2.807228915662651,-0.46987951807228917,-2.7762109135499693,-9.236664622930716,-0.07602697731453095,3.0,0.2879342879342879,3473.0146491904397,-0.2200337975642462,-1.178136472233553,0.33226501952100695,1290.8424908424909,-1.0,83.32966008307197,0.2890827025799047,
2023-07-31 13:46:08.728000,-9.337349397590362,-2.771084337349398,-0.44578313253012053,-2.781115879828326,-9.275904353157571,-0.014714898835070508,3.0,0.2879342879342879,3473.0146491904397,-0.4023075578346251,-1.192354757881241,0.5249111357147019,1320.8791208791208,-1.0,83.32966008307197,0.2890711146538937,
2023-07-31 13:46:08.736000,-9.337349397590362,-2.783132530120482,-0.45783132530120485,-2.7860208461066827,-9.270999386879215,-0.029429797670141016,3.0,0.2879342879342879,3473.0146491904397,-0.41454460695763545,-1.5099353184546367,0.8244274809160305,1349.4505494505493,-1.0,83.32966008307197,0.28905950762371935,
2023-07-31 13:46:08.743000,-9.313253012048193,-2.7951807228915664,-0.4096385542168675,-2.763948497854077,-9.31023911710607,0.04904966278356836,3.0,0.2879342879342879,3473.0146491904397,-0.056756599265776704,-1.185129071732417,0.8135889516927919,1370.6959706959706,-1.0,83.32966008307197,0.2890478826773294,
2023-07-31 13:46:08.751000,-9.313253012048193,-2.819277108433735,-0.42168674698795183,-2.751686082158185,-9.268546903740036,0.0,3.0,0.2879342879342879,3473.0146491904397,-0.374686789814113,-1.070450439951052,0.5722277256570131,1386.8131868131868,-1.0,83.32966008307197,0.2890362411009175,
2023-07-31 13:46:08.759000,-9.325301204819278,-2.783132530120482,-0.42168674698795183,-2.7271612507664007,-9.280809319435928,0.04904966278356836,3.0,0.2883782883782884,3467.6674364896076,-0.3042946215255524,-0.727579977856768,0.6878387040382263,1398.5347985347985,-1.0,83.32966008307197,0.28902458427576805,
2023-07-31 13:46:08.766000,-9.313253012048193,-2.783132530120482,-0.4096385542168675,-2.7664009809932555,-9.21704475781729,0.0269773145309626,3.0,0.2883782883782884,3467.6674364896076,-0.5581259833343036,-1.0724316764757296,0.9870054192646115,1405.128205128205,-1.0,83.32966008307197,0.2890129138238625,
2023-07-31 13:46:08.774000,-9.301204819277109,-2.7951807228915664,-0.42168674698795183,-2.7786633966891476,-9.342121397915388,-0.02452483139178418,3.0,0.2879342879342879,3473.0146491904397,-0.37818308956354507,-1.0036711147369042,1.0253481731833805,1407.3260073260071,-1.0,83.32966008307197,0.2890012316255711,
2023-07-31 13:46:08.782000,-9.337349397590362,-2.771084337349398,-0.4096385542168675,-2.7664009809932555,-9.300429184549357,0.019619865113427344,3.0,0.2879342879342879,3473.0146491904397,-0.16922090787250085,-0.8627702348348003,1.1530796573626245,1405.128205128205,-1.0,83.32966008307197,0.28898953952864764,
2023-07-31 13:46:08.789000,-9.313253012048193,-2.771084337349398,-0.42168674698795183,-2.741876149601471,-9.302881667688535,0.002452483139178418,3.0,0.2879342879342879,3473.0146491904397,-0.48342171202144346,-0.8401608297884746,0.9729036769419034,1397.069597069597,-1.0,83.32966008307197,0.28897783932315807,
2023-07-31 13:46:08.797000,-9.313253012048193,-2.7590361445783134,-0.42168674698795183,-2.729613733905579,-9.280809319435928,-0.002452483139178418,3.0,0.2879342879342879,3473.0146491904397,-0.47351552939805325,-0.7103315657595711,1.1626362100110719,1388.278388278388,-1.0,83.32966008307197,0.2889661328751403,
2023-07-31 13:46:08.805000,-9.313253012048193,-2.7590361445783134,-0.43373493975903615,-2.722256284488044,-9.261189454322501,-0.02452483139178418,3.0,0.2879342879342879,3473.0146491904397,-0.3096556144746813,-0.44601130470252376,1.1530796573626245,1374.3589743589744,-1.0,83.32966008307197,0.28895442212115996,
2023-07-31 13:46:08.812000,-9.325301204819278,-2.7590361445783134,-0.4096385542168675,-2.7075413856529735,-9.305334150827713,-0.007357449417535254,3.0,0.2879342879342879,3473.0146491904397,-0.42142066313152043,-0.3493968882932229,1.1446885379639884,1356.0439560439559,-1.0,83.32966008307197,0.28894270906255237,
2023-07-31 13:46:08.820000,-9.325301204819278,-2.734939759036145,-0.43373493975903615,-2.702636419374617,-9.270999386879215,-0.041692213366033105,3.0,0.2879342879342879,3473.0146491904397,0.08041489423693338,-0.41116485053318597,1.1190490064681544,1333.3333333333333,-1.0,83.32966008307197,0.2889309957593927,
2023-07-31 13:46:08.828000,-9.313253012048193,-2.746987951807229,-0.44578313253012053,-2.6683016554261187,-9.297976701410178,-0.01226241569589209,3.0,0.2879342879342879,3473.0146491904397,-0.050113629741856874,-0.6106870229007634,1.000640988287396,1311.3553113553112,-1.0,83.32966008307197,0.28891928432423897,
2023-07-31 13:46:08.835000,-9.325301204819278,-2.746987951807229,-0.46987951807228917,-2.71244635193133,-9.32495401594114,-0.029429797670141016,3.0,0.2879342879342879,3473.0146491904397,-0.39554804498572266,-0.33308082279587453,0.8845638366062584,1290.8424908424909,-1.0,83.32966008307197,0.2889075769156957,
2023-07-31 13:46:08.843000,-9.325301204819278,-2.7228915662650603,-0.44578313253012053,-2.6952789699570814,-9.300429184549357,0.002452483139178418,3.0,0.2879342879342879,3473.0146491904397,-0.3830779092127506,-0.2524328419089795,0.725482198007109,1271.7948717948716,-1.0,83.32966008307197,0.28889587573183817,
2023-07-31 13:46:08.851000,-9.337349397590362,-2.734939759036145,-0.46987951807228917,-2.670754138565297,-9.266094420600858,-0.08583690987124463,3.0,0.2879342879342879,3473.0146491904397,-0.2657187809568209,0.13087815395373276,1.085717615523571,1254.9450549450548,-1.0,83.32966008307197,0.28888418300355206,
2023-07-31 13:46:08.858000,-9.313253012048193,-2.734939759036145,-0.45783132530120485,-2.6781115879828326,-9.297976701410178,0.019619865113427344,3.0,0.2879342879342879,3473.0146491904397,-0.2407785094108733,0.41967251325680266,1.259949886370258,1240.2930402930401,-1.0,83.32966008307197,0.28887250098782496,
2023-07-31 13:46:08.866000,-9.313253012048193,-2.698795180722892,-0.44578313253012053,-2.6462293071735132,-9.273451870018393,-0.004904966278356836,3.0,0.2879342879342879,3473.0146491904397,-0.15651768544956712,0.521997552590175,0.8529805955363903,1225.6410256410256,-1.0,83.32966008307197,0.2888608319610462,
2023-07-31 13:46:08.874000,-9.337349397590362,-2.698795180722892,-0.46987951807228917,-2.6658491722869404,-9.315144083384427,0.014714898835070508,3.0,0.2874902874902875,3478.3783783783783,-0.011887419148067882,0.9135831245265422,0.6943651302371657,1209.5238095238094,-1.0,83.32966008307197,0.2888491782123515,
2023-07-31 13:46:08.881000,-9.325301204819278,-2.710843373493976,-0.45783132530120485,-2.663396689147762,-9.332311465358675,-0.017167381974248927,3.0,0.2874902874902875,3478.3783783783783,-0.2961365887768765,0.660917195967601,1.0210360701590815,1196.3369963369962,-1.0,83.32966008307197,0.2888375420265176,
2023-07-31 13:46:08.889000,-9.337349397590362,-2.710843373493976,-0.46987951807228917,-2.6781115879828326,-9.295524218270998,-0.08828939301042305,3.0,0.2874902874902875,3478.3783783783783,-0.07109142823844909,0.4256162228308375,0.643435697220441,1186.080586080586,-1.0,83.32966008307197,0.2888259256352833,
2023-07-31 13:46:08.897000,-9.3855421686747,-2.698795180722892,-0.46987951807228917,-2.6977314530962597,-9.369098712446352,-0.04904966278356836,3.0,0.2879342879342879,3473.0146491904397,0.1665404113979364,0.7001922964862193,0.6669774488666158,1178.7545787545787,-1.0,83.32966008307197,0.2888143310614236,
2023-07-31 13:46:08.904000,-9.361445783132531,-2.698795180722892,-0.46987951807228917,-2.629061925199264,-9.347026364193745,-0.06621704475781728,3.0,0.2879342879342879,3473.0146491904397,-0.14567915622632677,0.49903851756890505,0.27900472000466164,1175.8241758241757,-1.0,83.32966008307197,0.28880276028162816,
2023-07-31 13:46:08.912000,-9.361445783132531,-2.698795180722892,-0.43373493975903615,-2.6437768240343344,-9.332311465358675,-0.04904966278356836,3.0,0.2879342879342879,3473.0146491904397,-0.2415943126857409,0.4809743021968407,0.047433133267291996,1178.7545787545787,-1.0,83.32966008307197,0.28879121538946106,
2023-07-31 13:46:08.920000,-9.373493975903616,-2.698795180722892,-0.4819277108433735,-2.6560392397302266,-9.288166768853463,-0.05150214592274678,3.0,0.2879342879342879,3473.0146491904397,-0.03158324106986743,0.4626770001748146,-0.0749373579628232,1185.3479853479853,-1.0,83.32966008307197,0.28877969858896974,
2023-07-31 13:46:08.927000,-9.361445783132531,-2.698795180722892,-0.45783132530120485,-2.6658491722869404,-9.347026364193745,-0.0269773145309626,3.0,0.2879342879342879,3473.0146491904397,0.055241536041024095,0.27620768020511527,-0.0930015733348867,1194.8717948717947,-1.0,83.32966008307197,0.28876821202953346,
2023-07-31 13:46:08.935000,-9.361445783132531,-2.6867469879518073,-0.5060240963855422,-2.6364193746167994,-9.369098712446352,-0.0269773145309626,3.0,0.2879342879342879,3473.0146491904397,0.23180467338733154,0.09440009323465978,0.09067070683526586,1204.3956043956043,-1.0,83.32966008307197,0.2887567578113875,
2023-07-31 13:46:08.943000,-9.337349397590362,-2.698795180722892,-0.4819277108433735,-2.65113427345187,-9.315144083384427,-0.03188228080931944,3.0,0.2879342879342879,3473.0146491904397,-0.1551191655497936,-0.1029077559582782,-0.06421537206456564,1213.9194139194137,-1.0,83.32966008307197,0.2887453381091775,
2023-07-31 13:46:08.950000,-9.325301204819278,-2.698795180722892,-0.5060240963855422,-2.6781115879828326,-9.344573881054567,-0.03678724708767627,3.0,0.2874902874902875,3478.3783783783783,-0.1471942194510811,-0.09859565293397857,-0.06316648213973573,1222.7106227106226,-1.0,83.32966008307197,0.28873395501908933,
2023-07-31 13:46:08.958000,-9.349397590361447,-2.710843373493976,-0.45783132530120485,-2.6952789699570814,-9.275904353157571,-0.004904966278356836,3.0,0.2879342879342879,3473.0146491904397,-0.4291125225802695,-0.4616281102499854,0.28879435930307057,1230.03663003663,-1.0,83.32966008307197,0.28872261040630315,
2023-07-31 13:46:08.966000,-9.349397590361447,-2.734939759036145,-0.4819277108433735,-2.6781115879828326,-9.305334150827713,-0.07357449417535254,3.0,0.2879342879342879,3473.0146491904397,0.14707767612610026,-0.15278829905017166,-0.09731367635918677,1236.6300366300366,-1.0,83.32966008307197,0.2887113058907573,
2023-07-31 13:46:08.973000,-9.349397590361447,-2.734939759036145,-0.46987951807228917,-2.680564071122011,-9.288166768853463,-0.06621704475781728,3.0,0.2874902874902875,3478.3783783783783,-0.01503408892255741,-0.10360701590816322,-0.17283375094691394,1243.956043956044,-1.0,83.32966008307197,0.28870004316269277,
2023-07-31 13:46:08.981000,-9.313253012048193,-2.746987951807229,-0.49397590361445787,-2.6879215205395464,-9.273451870018393,-0.03923973022685469,3.0,0.2879342879342879,3473.0146491904397,-0.19241302954373243,-0.11607715168113876,-0.3560398578171429,1250.5494505494505,-1.0,83.32966008307197,0.28868882381991934,
2023-07-31 13:46:08.989000,-9.313253012048193,-2.746987951807229,-0.49397590361445787,-2.7467811158798283,-9.20232985898222,-0.04659717964438994,3.0,0.2879342879342879,3473.0146491904397,0.06025289901520874,0.31210302429928405,-0.7517044461278477,1256.4102564102564,-1.0,83.32966008307197,0.2886776493442732,
2023-07-31 13:46:08.996000,-9.337349397590362,-2.7590361445783134,-0.4819277108433735,-2.7148988350705086,-9.32495401594114,-0.08583690987124463,3.0,0.2874902874902875,3478.3783783783783,-0.2856476895285821,-0.16257793834858103,-0.3667618437154014,1262.2710622710622,-1.0,83.32966008307197,0.28866652125934883,
2023-07-31 13:46:09.004000,-9.301204819277109,-2.734939759036145,-0.46987951807228917,-2.6781115879828326,-9.322501532801962,-0.02452483139178418,3.0,0.2874902874902875,3478.3783783783783,-0.2778392867548505,-0.31408426082396174,-0.21595478118990696,1268.8644688644688,-1.0,83.32966008307197,0.28865544084154376,
2023-07-31 13:46:09.012000,-9.325301204819278,-2.771084337349398,-0.45783132530120485,-2.670754138565297,-9.334763948497853,-0.0269773145309626,3.0,0.2874902874902875,3478.3783783783783,0.24742147893479485,0.03834275391876983,-0.018880018646931958,1273.9926739926739,-1.0,83.32966008307197,0.2886444090977783,
2023-07-31 13:46:09.019000,-9.313253012048193,-2.746987951807229,-0.45783132530120485,-2.7541385652973633,-9.207234825260576,-0.034334763948497854,3.0,0.2874902874902875,3478.3783783783783,-0.6817784511392107,0.2051162519666679,0.008973836023541765,1279.8534798534797,-1.0,83.32966008307197,0.28863342690266924,
2023-07-31 13:46:09.027000,-9.337349397590362,-2.746987951807229,-0.46987951807228917,-2.6854690374003676,-9.307786633966892,-0.03923973022685469,3.0,0.2874902874902875,3478.3783783783783,-0.35149466814288144,0.2644368043820282,0.052910669541401945,1284.2490842490843,-1.0,83.32966008307197,0.2886224949973029,
2023-07-31 13:46:09.035000,-9.337349397590362,-2.734939759036145,-0.5180722891566265,-2.6732066217044754,-9.256284488044145,-0.014714898835070508,3.0,0.2874902874902875,3478.3783783783783,-0.5288736087640582,-0.2894936192529567,0.10955072548219803,1290.10989010989,-1.0,83.32966008307197,0.28861161412711994,
2023-07-31 13:46:09.042000,-9.325301204819278,-2.734939759036145,-0.4819277108433735,-2.7148988350705086,-9.275904353157571,-0.09319435928877988,3.0,0.2874902874902875,3478.3783783783783,-0.6110366528757059,-0.9747683701416011,0.3657129537905719,1292.3076923076922,-1.0,83.32966008307197,0.2886007848823033,
2023-07-31 13:46:09.050000,-9.349397590361447,-2.7228915662650603,-0.4819277108433735,-2.6609442060085837,-9.273451870018393,-0.06866952789699571,3.0,0.2874902874902875,3478.3783783783783,-1.0004079016374336,-1.1664821397354468,0.009556552648447032,1291.5750915750914,-1.0,83.32966008307197,0.28859000757007375,
2023-07-31 13:46:09.058000,-9.289156626506024,-2.746987951807229,-0.4819277108433735,-2.709993868792152,-9.302881667688535,-0.06131207847946045,3.0,0.2874902874902875,3478.3783783783783,-0.6514771866441342,-1.3861663073247488,0.16199522172367598,1289.3772893772893,-1.0,83.32966008307197,0.2885792823641077,
2023-07-31 13:46:09.065000,-9.325301204819278,-2.734939759036145,-0.45783132530120485,-2.702636419374617,-9.27835683629675,0.014714898835070508,3.0,0.2874902874902875,3478.3783783783783,-1.0074005011362979,-1.361342579103782,-0.008857292698560493,1286.4468864468863,-1.0,83.32966008307197,0.28856860930507594,
2023-07-31 13:46:09.073000,-9.325301204819278,-2.746987951807229,-0.4819277108433735,-2.6952789699570814,-9.24892703862661,-0.009809932556713672,3.0,0.2874902874902875,3478.3783783783783,-0.553697336985025,-1.5659926577705265,0.5202494027154596,1280.5860805860805,-1.0,83.32966008307197,0.28855798830162116,
2023-07-31 13:46:09.080000,-9.337349397590362,-2.734939759036145,-0.44578313253012053,-2.6683016554261187,-9.315144083384427,-0.06376456161863887,3.0,0.2879342879342879,3473.0146491904397,-0.9893362857642335,-1.3428121904317942,0.25511333838354416,1276.1904761904761,-1.0,83.32966008307197,0.28854741913177384,
2023-07-31 13:46:09.088000,-9.325301204819278,-2.734939759036145,-0.49397590361445787,-2.633966891477621,-9.305334150827713,-0.08828939301042305,3.0,0.2874902874902875,3478.3783783783783,-0.7195384884330747,-1.71901404347066,0.5428588077617856,1272.5274725274724,-1.0,83.32966008307197,0.288536901594117,
2023-07-31 13:46:09.096000,-9.325301204819278,-2.746987951807229,-0.4819277108433735,-2.734518700183936,-9.268546903740036,-0.009809932556713672,3.0,0.2874902874902875,3478.3783783783783,-1.0483072082046496,-1.0849018122487033,0.48878270497057297,1272.5274725274724,-1.0,83.32966008307197,0.28852643538269634,
2023-07-31 13:46:09.103000,-9.313253012048193,-2.734939759036145,-0.44578313253012053,-2.6903740036787247,-9.297976701410178,-0.034334763948497854,3.0,0.2874902874902875,3478.3783783783783,-1.0551832643785328,-1.6609754676300923,1.0914282384476433,1276.1904761904761,-1.0,83.32966008307197,0.2885160199308756,
2023-07-31 13:46:09.111000,-9.313253012048193,-2.710843373493976,-0.45783132530120485,-2.6830165542611892,-9.229307173513181,-0.03188228080931944,3.0,0.2874902874902875,3478.3783783783783,-1.0916613250976057,-1.7396422119923078,1.3551657828797856,1284.9816849816848,-1.0,83.32966008307197,0.2885056545535275,
2023-07-31 13:46:09.119000,-9.301204819277109,-2.7228915662650603,-0.42168674698795183,-2.641324340895156,-9.344573881054567,-0.007357449417535254,3.0,0.2874902874902875,3478.3783783783783,-1.3870986539245973,-1.9861313443272526,1.4472350096148239,1304.7619047619046,-1.0,83.32966008307197,0.28849533845093317,
2023-07-31 13:46:09.126000,-9.349397590361447,-2.7228915662650603,-0.4096385542168675,-2.705088902513795,-9.253832004904966,-0.004904966278356836,3.0,0.2874902874902875,3478.3783783783783,-1.3158906823611674,-2.078899831012179,1.7550259308898082,1336.263736263736,-1.0,83.32966008307197,0.2884850707131355,
2023-07-31 13:46:09.134000,-9.325301204819278,-2.7228915662650603,-0.43373493975903615,-2.6462293071735132,-9.27835683629675,0.03188228080931944,3.0,0.2874902874902875,3478.3783783783783,-1.2756832352427006,-1.6670357205291062,1.1290717324165258,1385.3479853479853,-1.0,83.32966008307197,0.2884748503247343,
2023-07-31 13:46:09.142000,-9.337349397590362,-2.710843373493976,-0.43373493975903615,-2.621704475781729,-9.317596566523605,0.02207234825260576,3.0,0.2874902874902875,3478.3783783783783,-0.8678981411339658,-1.3372181108327004,1.422411281393858,1452.014652014652,-1.0,83.32966008307197,0.28846467617012483,
2023-07-31 13:46:09.149000,-9.337349397590362,-2.710843373493976,-0.42168674698795183,-2.663396689147762,-9.261189454322501,0.03678724708767627,3.0,0.2874902874902875,3478.3783783783783,-1.1178835732183443,-0.5698968591573925,0.8393450265136064,1536.263736263736,-1.0,83.32966008307197,0.28845454703915463,
2023-07-31 13:46:09.157000,-9.373493975903616,-2.7228915662650603,-0.39759036144578314,-2.629061925199264,-9.329858982219497,-0.04414469650521152,3.0,0.2874902874902875,3478.3783783783783,-0.6675601654915209,-1.0768603228250082,0.8740749373579629,1637.3626373626373,-1.0,83.32966008307197,0.2884444616332002,
2023-07-31 13:46:09.165000,-9.373493975903616,-2.710843373493976,-0.39759036144578314,-2.702636419374617,-9.302881667688535,-0.017167381974248927,3.0,0.2874902874902875,3478.3783783783783,-0.5091777868422587,0.30138103840102626,0.8022842491696288,1747.2527472527472,-1.0,83.32966008307197,0.28843441857163477,
2023-07-31 13:46:09.172000,-9.337349397590362,-2.7228915662650603,-0.46987951807228917,-2.5971796443899446,-9.285714285714285,-0.02207234825260576,3.0,0.2874902874902875,3478.3783783783783,-0.09125342346017198,0.6941320435872054,0.9453994522463725,1862.2710622710622,-1.0,83.32966008307197,0.28842441639867805,
2023-07-31 13:46:09.180000,-9.313253012048193,-2.698795180722892,-0.46987951807228917,-2.633966891477621,-9.226854690374003,-0.03678724708767627,3.0,0.28704628704628704,3483.7587006960557,-0.2884447293281274,0.4432142649029785,0.9675426839927743,1970.6959706959706,-1.0,83.32966008307197,0.2884144537293531,
2023-07-31 13:46:09.188000,-9.337349397590362,-2.734939759036145,-0.4819277108433735,-2.6683016554261187,-9.347026364193745,-0.05150214592274678,3.0,0.2874902874902875,3478.3783783783783,0.007458772798787419,0.4702523162985829,1.2195093526018297,2068.131868131868,-1.0,83.32966008307197,0.2884045290873567,
2023-07-31 13:46:09.195000,-9.337349397590362,-2.734939759036145,-0.44578313253012053,-2.6388718577559778,-9.300429184549357,-0.007357449417535254,3.0,0.2874902874902875,3478.3783783783783,0.3757356797389423,0.7415651768544961,1.0590291941029082,2148.7179487179487,-1.0,83.32966008307197,0.28839464089234146,
2023-07-31 13:46:09.203000,-9.349397590361447,-2.7228915662650603,-0.45783132530120485,-2.658491722869405,-9.31023911710607,0.017167381974248927,3.0,0.2874902874902875,3478.3783783783783,0.6194277722743434,0.85950702173533,1.0359536157566582,2208.058608058608,-1.0,83.32966008307197,0.28838478762810016,
2023-07-31 13:46:09.211000,-9.337349397590362,-2.698795180722892,-0.45783132530120485,-2.663396689147762,-9.24892703862661,0.0269773145309626,3.0,0.2879342879342879,3473.0146491904397,0.6160480158498922,1.373812714876754,0.6144164093001575,2243.9560439560437,-1.0,83.32966008307197,0.2883749677129386,
2023-07-31 13:46:09.218000,-9.325301204819278,-2.698795180722892,-0.45783132530120485,-2.6732066217044754,-9.251379521765788,-0.014714898835070508,3.0,0.2874902874902875,3478.3783783783783,0.7821222539479052,0.9859565293397805,0.47130120622341365,2255.6776556776554,-1.0,83.32966008307197,0.2883651795193862,
2023-07-31 13:46:09.226000,-9.313253012048193,-2.698795180722892,-0.4819277108433735,-2.670754138565297,-9.258736971183323,-0.09074187614960147,3.0,0.2874902874902875,3478.3783783783783,0.7780432375735673,0.9824602295903502,0.465940213274285,2243.223443223443,-1.0,83.32966008307197,0.28835542127634306,
2023-07-31 13:46:09.234000,-9.313253012048193,-2.698795180722892,-0.45783132530120485,-2.7075413856529735,-9.27835683629675,-0.0269773145309626,3.0,0.2874902874902875,3478.3783783783783,0.9421362391469027,1.0091486510110121,0.6127848027504229,2207.326007326007,-1.0,83.32966008307197,0.28834569120606235,
2023-07-31 13:46:09.241000,-9.337349397590362,-2.710843373493976,-0.49397590361445787,-2.629061925199264,-9.329858982219497,-0.02207234825260576,3.0,0.2874902874902875,3478.3783783783783,0.6025289901520892,0.7593963055765988,0.49624147776936084,2147.9853479853477,-1.0,83.32966008307197,0.2883359875120066,
2023-07-31 13:46:09.249000,-9.349397590361447,-2.6867469879518073,-0.46987951807228917,-2.6683016554261187,-9.315144083384427,-0.04414469650521152,3.0,0.2874902874902875,3478.3783783783783,1.16578287978556,0.6056756599265769,0.5358662082629219,2071.062271062271,-1.0,83.32966008307197,0.288326308398354,
2023-07-31 13:46:09.257000,-9.349397590361447,-2.698795180722892,-0.43373493975903615,-2.6781115879828326,-9.295524218270998,-0.017167381974248927,3.0,0.2874902874902875,3478.3783783783783,0.7947089330458599,0.19497698269331604,0.22143231746401734,1981.6849816849815,-1.0,83.32966008307197,0.2883166522071999,
2023-07-31 13:46:09.264000,-9.361445783132531,-2.698795180722892,-0.45783132530120485,-2.6609442060085837,-9.329858982219497,-0.056407112201103615,3.0,0.2874902874902875,3478.3783783783783,0.8814171668317689,-0.36489715051570537,0.5062642037177316,1886.4468864468863,-1.0,83.32966008307197,0.2883070172789363,
2023-07-31 13:46:09.272000,-9.361445783132531,-2.674698795180723,-0.45783132530120485,-2.641324340895156,-9.320049049662783,0.02452483139178418,3.0,0.2874902874902875,3478.3783783783783,0.8457549093875653,-0.5660509294330162,0.19299574616863857,1793.4065934065932,735.3515625,81.59362549800797,0.2882974019617856,
2023-07-31 13:46:09.280000,-9.373493975903616,-2.698795180722892,-0.45783132530120485,-2.663396689147762,-9.381361128142244,0.014714898835070508,3.0,0.2874902874902875,3478.3783783783783,0.8565934386108038,-0.311636850999359,0.33785909912009776,1705.4945054945053,-1.0,81.59362549800797,0.2882878046211688,
2023-07-31 13:46:09.287000,-9.3855421686747,-2.710843373493976,-0.4819277108433735,-2.6658491722869404,-9.344573881054567,-0.034334763948497854,3.0,0.2874902874902875,3478.3783783783783,0.6670939921915975,-0.33156575957112194,0.253947905133733,1622.7106227106226,-1.0,81.59362549800797,0.2882782235101309,
2023-07-31 13:46:09.295000,-9.3855421686747,-2.6867469879518073,-0.42168674698795183,-2.621704475781729,-9.315144083384427,-0.03923973022685469,3.0,0.2874902874902875,3478.3783783783783,0.8003030126449505,-0.47316589942311077,0.352077384767788,1549.4505494505493,-1.0,81.59362549800797,0.2882686569374288,
2023-07-31 13:46:09.303000,-9.361445783132531,-2.710843373493976,-0.46987951807228917,-2.6266094420600856,-9.329858982219497,-0.004904966278356836,3.0,0.2874902874902875,3478.3783783783783,0.736320727230348,-0.5071965503175809,0.5881941611794185,1485.7142857142856,-1.0,81.59362549800797,0.288259103403862,
2023-07-31 13:46:09.310000,-9.349397590361447,-2.710843373493976,-0.44578313253012053,-2.6732066217044754,-9.268546903740036,-0.02207234825260576,3.0,0.2874902874902875,3478.3783783783783,0.6405221140959148,-0.4796923256220497,0.22772565701299424,1431.5018315018315,-1.0,81.59362549800797,0.28824956132288,
2023-07-31 13:46:09.318000,-9.337349397590362,-2.698795180722892,-0.4819277108433735,-2.65113427345187,-9.297976701410178,-0.01226241569589209,3.0,0.2874902874902875,3478.3783783783783,0.637375444321427,-0.604859856651711,0.26525260765689623,1389.7435897435896,-1.0,81.59362549800797,0.28824002918807806,
2023-07-31 13:46:09.326000,-9.313253012048193,-2.6867469879518073,-0.4819277108433735,-2.6315144083384427,-9.317596566523605,-0.03188228080931944,3.0,0.2874902874902875,3478.3783783783783,0.7273468912068063,-0.17936017714585273,0.1821572169453993,1357.5091575091574,-1.0,81.59362549800797,0.28823050570887027,
2023-07-31 13:46:09.333000,-9.325301204819278,-2.674698795180723,-0.45783132530120485,-2.633966891477621,-9.305334150827713,-0.03188228080931944,3.0,0.28704628704628704,3483.7587006960557,0.7255987413320902,-0.07412155468795431,0.37130703338966203,1329.6703296703297,-1.0,81.59362549800797,0.28822098966912707,
2023-07-31 13:46:09.341000,-9.337349397590362,-2.674698795180723,-0.46987951807228917,-2.587369711833231,-9.347026364193745,-0.017167381974248927,3.0,0.2874902874902875,3478.3783783783783,0.6477478002447405,0.08973836023541765,0.30079832177612037,1308.4249084249084,-1.0,81.59362549800797,0.28821147978546463,
2023-07-31 13:46:09.349000,-9.373493975903616,-2.662650602409639,-0.44578313253012053,-2.611894543225015,-9.283261802575106,-0.02452483139178418,3.0,0.2874902874902875,3478.3783783783783,0.4651244099994174,0.07283957811316338,0.4148942369325797,1290.8424908424909,-1.0,81.59362549800797,0.2882019748418835,
2023-07-31 13:46:09.356000,-9.3855421686747,-2.63855421686747,-0.46987951807228917,-2.6069895769466584,-9.295524218270998,-0.05150214592274678,3.0,0.2874902874902875,3478.3783783783783,0.4633762601247014,0.027970397995454557,0.3322650195210074,1274.7252747252746,-1.0,81.59362549800797,0.2881924738555405,
2023-07-31 13:46:09.364000,-9.3855421686747,-2.63855421686747,-0.4819277108433735,-2.599632127529123,-9.290619251992641,-0.06866952789699571,3.0,0.2874902874902875,3478.3783783783783,0.7668550783753862,-0.014101742322708983,0.06456500203950793,1259.3406593406592,-1.0,81.59362549800797,0.28818297580550306,
2023-07-31 13:46:09.372000,-9.3855421686747,-2.662650602409639,-0.49397590361445787,-2.6388718577559778,-9.32495401594114,-0.04414469650521152,3.0,0.28704628704628704,3483.7587006960557,0.44158265835324334,-0.0712079715634282,0.18297302022026668,1244.6886446886447,-1.0,81.59362549800797,0.28817347979772284,
2023-07-31 13:46:09.379000,-9.397590361445783,-2.662650602409639,-0.46987951807228917,-2.592274678111588,-9.381361128142244,-0.07602697731453095,3.0,0.2874902874902875,3478.3783783783783,-0.0037293863993937094,-0.3889050754618028,-0.03682769069401592,1230.7692307692307,-1.0,81.59362549800797,0.2881639850487858,
2023-07-31 13:46:09.387000,-9.373493975903616,-2.662650602409639,-0.42168674698795183,-2.629061925199264,-9.398528510116492,-0.017167381974248927,3.0,0.2874902874902875,3478.3783783783783,0.1177087582308722,-0.7480916030534351,0.02249286172134483,1216.8498168498168,-1.0,81.59362549800797,0.28815449086923933,
